o 
v 60.896 0 -75.687
v 31.61 0 -75.63
v 60.86 0 -75.74
v 62.173 0 -74.706
v 61.601 0 -75.125
v 61.87 0 -74.93
v 62.889 0 -74.135
v 62.52 0 -74.436
v 63.614 0 -73.511
v 63.26 0 -73.821
v 66.16 0 -72.65
v 65.561 0 -72.44
v 65.69 0 -72.49
v 66.25 0 -74.289
v 66.22 0 -73.82
v 66.335 0 -74.986
v 66.285 0 -74.663
v 66.514 0 -75.647
v 66.408 0 -75.3
v 66.771 0 -76.384
v 66.66 0 -76.07
v 67.455 0 -78.34
v 67.239 0 -77.726
v 67.33 0 -77.99
v 67.705 0 -78.838
v 67.57 0 -78.608
v 68.155 0 -79.355
v 67.89 0 -79.072
v 69.43 0 -80.62
v 68.53 0 -79.73
v 67.42 0 -81.67
v 68.48 0 -82.091
v 68.26 0 -82
v 67.29 0 -80.57
v 67.36 0 -81.12
v 64.912 0 -78.503
v 65.89 0 -79.35
v 65.313 0 -78.843
v 64.468 0 -78.203
v 64.645 0 -78.3
v 64.21 0 -78.21
v 64.337 0 -78.183
v 60.906 0 -75.805
v 32.53 0 -75.961
v 32.057 0 -75.792
v 33.454 0 -76.289
v 33.004 0 -76.13
v 34.18 0 -76.54
v 33.854 0 -76.428
v 35.392 0 -76.97
v 34.739 0 -76.74
v 38.322 0 -78.006
v 37.521 0 -77.721
v 38.16 0 -77.95
v 39.096 0 -79.466
v 39.014 0 -78.952
v 39.05 0 -79.19
v 39.221 0 -80.009
v 39.154 0 -79.741
v 39.376 0 -80.494
v 39.296 0 -80.262
v 39.536 0 -80.874
v 39.46 0 -80.7
v 39.059 0 -82.842
v 39.18 0 -82.683
v 39.09 0 -82.8
v 38.941 0 -83.066
v 39.008 0 -82.933
v 38.774 0 -83.427
v 38.862 0 -83.233
v 38.055 0 -84.95
v 38.24 0 -84.558
v 38.19 0 -84.64
v 37.746 0 -86.077
v 37.902 0 -85.454
v 37.494 0 -87.398
v 37.605 0 -86.75
v 37.407 0 -88.293
v 37.43 0 -87.95
v 35.547 0 -88.374
v 37.23 0 -88.84
v 36.26 0 -88.565
v 34.706 0 -88.209
v 35.045 0 -88.259
v 34.33 0 -88.27
v 34.484 0 -88.216
v 34.151 0 -88.387
v 34.228 0 -88.325
v 34.049 0 -88.56
v 34.092 0 -88.463
v 33.99 0 -88.85
v 34.017 0 -88.686
v 33.882 0 -89.635
v 33.906 0 -89.461
v 33.89 0 -89.54
v 33.946 0 -89.85
v 33.9 0 -89.736
v 34.134 0 -90.145
v 34.023 0 -89.984
v 34.795 0 -91.007
v 34.28 0 -90.34
v 38.341 0 -95.662
v 37.436 0 -94.476
v 38.03 0 -95.26
v 38.901 0 -96.348
v 38.636 0 -96.03
v 39.291 0 -96.772
v 39.124 0 -96.6
v 39.468 0 -96.88
v 39.39 0 -96.85
v 39.708 0 -96.96
v 39.576 0 -96.917
v 40.007 0 -97.054
v 39.854 0 -97.006
v 40.346 0 -97.156
v 40.16 0 -97.1
v 43.26 0 -98.067
v 43.05 0 -98.004
v 43.13 0 -98.04
v 43.949 0 -98.107
v 43.539 0 -98.09
v 45.087 0 -98.128
v 44.471 0 -98.12
v 46.67 0 -98.127
v 45.78 0 -98.13
v 47.827 0 -98.101
v 47.341 0 -98.118
v 48.379 0 -98.039
v 48.162 0 -98.075
v 48.613 0 -97.939
v 48.51 0 -97.99
v 51.64 0 -95.72
v 49.76 0 -97.4
v 50.76 0 -96.95
v 52.47 0 -93.16
v 52.52 0 -94.49
v 52.758 0 -90.693
v 52.54 0 -91.45
v 52.625 0 -91.161
v 53.102 0 -89.457
v 52.923 0 -90.105
v 53.44 0 -88.22
v 53.28 0 -88.809
v 53.66 0 -87.411
v 53.578 0 -87.733
v 53.644 0 -87.079
v 53.682 0 -87.209
v 53.37 0 -86.85
v 53.54 0 -86.974
v 52.366 0 -86.091
v 52.659 0 -86.321
v 52.52 0 -86.21
v 51.978 0 -85.794
v 52.181 0 -85.949
v 51.556 0 -85.48
v 51.765 0 -85.634
v 54.792 0 -81.72
v 51.03 0 -81.8
v 54 0 -81.74
v 56.119 0 -81.683
v 55.508 0 -81.701
v 56.909 0 -81.652
v 56.596 0 -81.666
v 57.053 0 -81.586
v 57.03 0 -81.64
v 57.136 0 -81.253
v 57.089 0 -81.453
v 57.25 0 -80.699
v 57.191 0 -80.997
v 58.079 0 -79.035
v 57.859 0 -79.083
v 57.961 0 -79.061
v 58.335 0 -78.974
v 58.206 0 -79.006
v 61.88 0 -83.26
v 61.05 0 -81.82
v 61.17 0 -82.79
v 63.376 0 -84.266
v 62.481 0 -83.664
v 62.904 0 -83.949
v 64.37 0 -84.93
v 63.872 0 -84.599
v 66.284 0 -87.802
v 66.241 0 -87.266
v 66.262 0 -87.535
v 66.323 0 -88.279
v 66.304 0 -88.055
v 67.99 0 -90.1
v 66.34 0 -88.46
v 66.39 0 -89.02
v 70.42 0 -90.87
v 69.6 0 -91.19
v 72.694 0 -91.522
v 71.23 0 -90.55
v 72.38 0 -91.32
v 73.247 0 -91.857
v 72.987 0 -91.704
v 73.621 0 -92.053
v 73.463 0 -91.976
v 73.782 0 -92.077
v 73.71 0 -92.08
v 74.031 0 -92.056
v 73.892 0 -92.069
v 74.783 0 -91.982
v 74.364 0 -92.026
v 74.54 0 -92.01
v 75.434 0 -92.188
v 75.268 0 -92.042
v 75.34 0 -92.11
v 75.84 0 -92.507
v 75.605 0 -92.324
v 76.446 0 -92.967
v 76.125 0 -92.726
v 77.127 0 -93.468
v 76.79 0 -93.22
v 77.533 0 -95.062
v 77.772 0 -94.694
v 77.67 0 -94.85
v 77.384 0 -95.341
v 77.439 0 -95.223
v 77.378 0 -95.477
v 77.365 0 -95.423
v 77.485 0 -95.556
v 77.42 0 -95.51
v 78.654 0 -96.427
v 78.184 0 -96.07
v 78.42 0 -96.25
v 79.059 0 -96.72
v 78.87 0 -96.586
v 79.313 0 -96.893
v 79.21 0 -96.824
v 79.387 0 -96.897
v 79.36 0 -96.92
v 79.501 0 -96.76
v 79.435 0 -96.843
v 79.672 0 -96.529
v 79.581 0 -96.654
v 80.875 0 -96.491
v 80.28 0 -96.01
v 80.508 0 -96.196
v 81.872 0 -97.283
v 81.342 0 -96.864
v 82.96 0 -98.13
v 82.424 0 -97.715
v 84.986 0 -99.733
v 84.64 0 -99.46
v 84.818 0 -99.604
v 85.261 0 -99.927
v 85.136 0 -99.842
v 85.4 0 -100
v 85.351 0 -99.981
v 85.82 0 -99.615
v 85.542 0 -99.891
v 86.493 0 -98.881
v 86.161 0 -99.253
v 86.84 0 -98.43
v 86.744 0 -98.581
v 86.563 0 -98.161
v 86.767 0 -98.342
v 85.864 0 -97.592
v 86.254 0 -97.905
v 84.94 0 -96.87
v 85.418 0 -97.241
v 81.83 0 -93.217
v 81.31 0 -93.97
v 81.7 0 -93.41
v 81.98 0 -92.949
v 81.923 0 -93.066
v 81.996 0 -92.797
v 82.004 0 -92.861
v 81.718 0 -92.549
v 81.96 0 -92.75
v 80.951 0 -91.966
v 81.359 0 -92.271
v 80.268 0 -91.48
v 80.564 0 -91.686
v 80.094 0 -91.42
v 80.13 0 -91.4
v 79.966 0 -91.564
v 80.038 0 -91.476
v 79.789 0 -91.811
v 79.882 0 -91.677
v 78.029 0 -91.555
v 78.519 0 -91.959
v 78.28 0 -91.76
v 77.56 0 -91.173
v 77.786 0 -91.356
v 77.211 0 -90.89
v 77.364 0 -91.014
v 76.54 0 -88.45
v 76.85 0 -89.66
v 76.85 0 -88.71
v 76.227 0 -88.191
v 76.415 0 -88.346
v 75.719 0 -87.775
v 75.991 0 -87.997
v 75.12 0 -87.29
v 75.424 0 -87.536
v 74.446 0 -82.111
v 73.67 0 -82.56
v 74.28 0 -82.21
v 74.73 0 -81.933
v 74.598 0 -82.018
v 74.908 0 -81.8
v 74.836 0 -81.859
v 74.955 0 -81.428
v 74.94 0 -81.76
v 74.908 0 -79.405
v 74.943 0 -80.599
v 74.787 0 -76.449
v 74.854 0 -77.978
v 74.65 0 -73.79
v 74.71 0 -74.95
v 71.971 0 -70.826
v 72.09 0 -71.54
v 72.035 0 -71.203
v 71.835 0 -70.038
v 71.904 0 -70.43
v 71.71 0 -69.35
v 71.769 0 -69.671
v 71.227 0 -66.627
v 71.355 0 -67.359
v 71.29 0 -66.97
v 71.119 0 -66.053
v 71.169 0 -66.317
v 71.047 0 -65.711
v 71.077 0 -65.846
v 70.921 0 -65.596
v 71.03 0 -65.66
v 70.324 0 -65.269
v 70.671 0 -65.457
v 69.51 0 -64.832
v 69.923 0 -65.053
v 68.32 0 -64.157
v 68.39 0 -64.2
v 68.36 0 -64.177
v 68.226 0 -64.127
v 68.275 0 -64.14
v 68.13 0 -64.11
v 68.177 0 -64.117
v 67.715 0 -64.197
v 67.971 0 -64.133
v 67.022 0 -64.409
v 67.389 0 -64.292
v 66.28 0 -64.67
v 66.643 0 -64.538
v 64.348 0 -65.272
v 65.261 0 -65.001
v 65.02 0 -65.07
v 61.921 0 -66.034
v 63.237 0 -65.618
v 59.604 0 -66.779
v 60.633 0 -66.446
v 59.017 0 -64.288
v 58.936 0 -65.717
v 58.99 0 -64.79
v 59.083 0 -62.969
v 59.049 0 -63.668
v 59.3 0 -58.33
v 59.154 0 -61.486
v 59.19 0 -60.78
v 58.771 0 -57.686
v 58.89 0 -57.83
v 58.502 0 -57.366
v 58.64 0 -57.528
v 58.24 0 -57.064
v 58.367 0 -57.209
v 58.031 0 -55.372
v 57.863 0 -55.923
v 57.97 0 -55.58
v 59.07 0 -51.97
v 58.479 0 -53.911
v 58.61 0 -53.49
v 61.164 0 -51.267
v 60.25 0 -50.96
v 60.674 0 -51.11
v 62.096 0 -51.533
v 61.659 0 -51.414
v 62.55 0 -51.62
v 62.414 0 -51.608
v 63.693 0 -49.419
v 62.914 0 -50.952
v 65.631 0 -45.501
v 64.67 0 -47.456
v 66.64 0 -43.36
v 66.359 0 -43.991
v 66.508 0 -43.263
v 66.601 0 -43.322
v 66.196 0 -43.094
v 66.37 0 -43.185
v 65.77 0 -42.89
v 65.993 0 -42.994
v 64.926 0 -40.756
v 64.661 0 -41.185
v 64.82 0 -40.93
v 65.13 0 -40.415
v 65.031 0 -40.582
v 65.531 0 -39.74
v 65.294 0 -40.14
v 65.35 0 -40.05
v 66.543 0 -38.081
v 66.251 0 -38.552
v 66.42 0 -38.28
v 66.897 0 -37.447
v 66.706 0 -37.797
v 67.325 0 -36.634
v 67.107 0 -37.053
v 67.744 0 -35.794
v 67.54 0 -36.21
v 68.27 0 -34.733
v 67.94 0 -35.397
v 68.119 0 -35.037
v 68.45 0 -34.36
v 68.383 0 -34.501
v 68.824 0 -33.566
v 68.618 0 -34.02
v 69.36 0 -32.297
v 69.07 0 -32.994
v 70.08 0 -30.51
v 69.695 0 -31.471
v 70.493 0 -29.47
v 70.297 0 -29.964
v 72.69 0 -29.9
v 72.373 0 -29.598
v 72.58 0 -29.8
v 72.965 0 -29.978
v 72.812 0 -29.959
v 73.44 0 -29.888
v 73.168 0 -29.954
v 74.099 0 -29.684
v 73.8 0 -29.78
v 74.446 0 -29.482
v 74.305 0 -29.595
v 74.65 0 -29.061
v 74.552 0 -29.315
v 75.193 0 -27.356
v 74.77 0 -28.69
v 77.919 0 -18.928
v 77.55 0 -20.05
v 77.688 0 -19.633
v 78.591 0 -16.879
v 78.226 0 -17.991
v 79.833 0 -13.075
v 78.995 0 -15.647
v 79.42 0 -14.35
v 82.46 0 -8.615
v 82.01 0 -8.79
v 82.242 0 -8.701
v 82.814 0 -8.469
v 82.654 0 -8.536
v 82.99 0 -8.38
v 82.929 0 -8.415
v 83.061 0 -8.22
v 83.033 0 -8.325
v 83.079 0 -7.813
v 83.076 0 -8.054
v 83.05 0 -7.06
v 83.07 0 -7.486
v 83.354 0 -5.747
v 82.99 0 -5.82
v 83.26 0 -5.77
v 83.976 0 -5.61
v 83.634 0 -5.685
v 83.801 0 -5.649
v 84.362 0 -5.509
v 84.15 0 -5.57
v 84.981 0 -5.285
v 84.645 0 -5.412
v 85.737 0 -4.967
v 85.351 0 -5.134
v 86.519 0 -4.599
v 86.12 0 -4.79
v 89.65 0 -1.56
v 88.55 0 -3.64
v 89.64 0 -3.13
v 81.43 0 0
v 89.65 0 0
v 77.284 0 -0.009
v 79.25 0 -0.002
v 74.316 0 -0.034
v 75.613 0 -0.02
v 73.17 0 -0.07
v 73.475 0 -0.051
v 73.135 0 -0.293
v 73.156 0 -0.14
v 73.078 0 -0.791
v 73.109 0 -0.514
v 73.01 0 -1.46
v 73.045 0 -1.111
v 72.947 0 -2.349
v 72.972 0 -1.922
v 72.937 0 -3.151
v 72.935 0 -2.754
v 72.98 0 -3.98
v 72.952 0 -3.555
v 71.53 0 -5.528
v 72.172 0 -5.396
v 71.85 0 -5.46
v 70.99 0 -5.645
v 71.24 0 -5.59
v 70.663 0 -5.722
v 70.794 0 -5.69
v 70.596 0 -5.786
v 70.61 0 -5.74
v 70.548 0 -6.095
v 70.575 0 -5.909
v 70.479 0 -6.617
v 70.515 0 -6.335
v 70.301 0 -8.077
v 70.44 0 -6.93
v 67.3 0 -13.999
v 69.205 0 -10.944
v 68.42 0 -12.2
v 64.534 0 -18.394
v 64.821 0 -17.95
v 64.61 0 -18.27
v 64.33 0 -18.725
v 64.438 0 -18.548
v 64.1 0 -19.11
v 64.215 0 -18.915
v 63.84 0 -20.16
v 63.99 0 -19.3
v 63.59 0 -19.95
v 64.047 0 -20.328
v 63.928 0 -20.233
v 64.347 0 -20.559
v 64.189 0 -20.439
v 64.68 0 -20.8
v 64.513 0 -20.681
v 64.427 0 -22.891
v 64.777 0 -22.272
v 64.6 0 -22.58
v 64.14 0 -23.423
v 64.271 0 -23.176
v 63.973 0 -23.747
v 64.039 0 -23.617
v 63.933 0 -23.841
v 63.95 0 -23.8
v 63.034 0 -25.464
v 63.594 0 -24.477
v 63.46 0 -24.71
v 62.38 0 -26.686
v 62.672 0 -26.127
v 62.032 0 -27.445
v 62.164 0 -27.13
v 61.999 0 -27.677
v 61.99 0 -27.62
v 62.037 0 -27.819
v 62.015 0 -27.744
v 62.096 0 -27.971
v 62.065 0 -27.896
v 62.164 0 -28.107
v 62.13 0 -28.04
v 61 0 -29.867
v 61.5 0 -29.34
v 61.265 0 -29.585
v 60.437 0 -30.476
v 60.719 0 -30.17
v 59.93 0 -31.03
v 60.169 0 -30.769
v 59.457 0 -31.55
v 59.7 0 -31.283
v 58.986 0 -32.073
v 59.215 0 -31.819
v 58.241 0 -32.891
v 58.62 0 -32.48
v 58.451 0 -32.663
v 57.756 0 -33.426
v 58.005 0 -33.15
v 57.27 0 -33.97
v 57.506 0 -33.704
v 54.84 0 -36.563
v 55.624 0 -35.743
v 55.29 0 -36.09
v 54.232 0 -37.275
v 54.499 0 -36.943
v 53.791 0 -37.973
v 54.008 0 -37.603
v 49.632 0 -39.732
v 51.675 0 -39.851
v 51 0 -39.81
v 47.166 0 -39.592
v 48.346 0 -39.659
v 45.223 0 -39.486
v 46.117 0 -39.534
v 43.195 0 -38.947
v 43.33 0 -39.3
v 43.297 0 -39.188
v 42.711 0 -37.916
v 43.006 0 -38.536
v 41.73 0 -35.89
v 42.292 0 -37.047
v 40.992 0 -34.411
v 41.308 0 -35.03
v 40.505 0 -33.615
v 40.739 0 -33.964
v 39.92 0 -32.93
v 40.246 0 -33.294
v 39.334 0 -32.293
v 39.663 0 -32.65
v 38.549 0 -31.443
v 38.956 0 -31.884
v 37.73 0 -30.56
v 38.133 0 -30.995
v 36.48 0 -29.195
v 37.327 0 -30.12
v 36.903 0 -29.657
v 35.726 0 -28.377
v 36.08 0 -28.76
v 34.941 0 -27.57
v 35.44 0 -28.07
v 33.354 0 -26.136
v 34.205 0 -26.89
v 31.79 0 -24.826
v 32.508 0 -25.413
v 29.52 0 -19.32
v 31.17 0 -22.7
v 31.12 0 -20.98
v 26.846 0 -15.481
v 27.92 0 -17.65
v 27.08 0 -15.95
v 26.389 0 -14.588
v 26.612 0 -15.02
v 26.021 0 -13.9
v 26.188 0 -14.207
v 25.293 0 -12.677
v 25.9 0 -13.69
v 23.258 0 -8.2
v 23.63 0 -9.18
v 23.438 0 -8.672
v 22.966 0 -7.444
v 23.097 0 -7.784
v 22.767 0 -6.981
v 22.87 0 -7.199
v 22.82 0 -7.07
v 22.554 0 -6.848
v 22.686 0 -6.91
v 22.057 0 -6.72
v 22.351 0 -6.787
v 20.82 0 -3.423
v 20.67 0 -4.75
v 20.746 0 -4.12
v 20.933 0 -2.144
v 20.885 0 -2.738
v 20.95 0 -1.55
v 20.957 0 -1.722
v 18.194 0 -1.45
v 20.146 0 -1.503
v 13.146 0 -1.363
v 15.67 0 -1.4
v 10.39 0 -1.37
v 11.194 0 -1.35
v 10.355 0 -1.549
v 10.363 0 -1.427
v 10.411 0 -2.098
v 10.37 0 -1.762
v 10.59 0 -3.25
v 10.484 0 -2.584
v 10.729 0 -3.771
v 10.641 0 -3.49
v 11.038 0 -4.522
v 10.859 0 -4.11
v 11.57 0 -5.63
v 11.273 0 -5.023
v 12.178 0 -7.587
v 12.34 0 -7.49
v 12.281 0 -7.525
v 11.876 0 -7.773
v 12.04 0 -7.671
v 11.5 0 -8.01
v 11.693 0 -7.887
v 11.002 0 -8.338
v 11.204 0 -8.199
v 10.811 0 -8.555
v 10.877 0 -8.45
v 10.78 0 -8.83
v 10.785 0 -8.675
v 10.842 0 -9.483
v 10.794 0 -9.167
v 11.061 0 -10.124
v 10.929 0 -9.795
v 11.49 0 -10.91
v 11.246 0 -10.489
v 12.155 0 -12.004
v 11.828 0 -11.466
v 15.707 0 -17.856
v 13.44 0 -14.117
v 14.09 0 -15.19
v 18.169 0 -21.904
v 17.066 0 -20.094
v 19.601 0 -24.242
v 19.014 0 -23.286
v 20.063 0 -24.983
v 19.93 0 -24.77
v 20.992 0 -26.534
v 20.714 0 -26.059
v 20.86 0 -26.31
v 21.22 0 -26.915
v 21.113 0 -26.738
v 21.368 0 -27.15
v 21.307 0 -27.055
v 21.456 0 -27.206
v 21.4 0 -27.19
v 21.785 0 -27.264
v 21.589 0 -27.231
v 22.327 0 -27.345
v 22.035 0 -27.303
v 23.86 0 -27.55
v 22.65 0 -27.39
v 24.504 0 -28.149
v 24.35 0 -28.01
v 25.309 0 -28.894
v 24.891 0 -28.506
v 25.102 0 -28.702
v 26.338 0 -31.083
v 26.28 0 -30.62
v 26.31 0 -30.862
v 26.385 0 -31.417
v 26.364 0 -31.271
v 26.41 0 -31.54
v 26.401 0 -31.51
v 26.566 0 -31.601
v 26.453 0 -31.558
v 26.957 0 -31.742
v 26.737 0 -31.664
v 27.5 0 -31.93
v 27.215 0 -31.832
v 31.577 0 -42.29
v 32.07 0 -41.64
v 31.761 0 -42.024
v 31.59 0 -42.724
v 31.519 0 -42.501
v 32.13 0 -43.46
v 31.793 0 -43.022
v 34.904 0 -47.234
v 34.027 0 -46.038
v 34.6 0 -46.82
v 36.492 0 -49.407
v 36.102 0 -48.871
v 36.31 0 -49.16
v 36.84 0 -49.879
v 36.671 0 -49.651
v 37.108 0 -50.24
v 36.989 0 -50.079
v 37.317 0 -50.501
v 37.19 0 -50.35
v 37.645 0 -50.644
v 37.459 0 -50.598
v 38.266 0 -50.596
v 37.904 0 -50.642
v 39.62 0 -54.93
v 39.824 0 -52.104
v 39.72 0 -53.51
v 35.141 0 -54.328
v 36.142 0 -55.283
v 35.67 0 -54.83
v 31.86 0 -51.204
v 32.799 0 -52.096
v 32.32 0 -51.64
v 28.45 0 -47.9
v 29.96 0 -49.372
v 29.6 0 -49.02
v 28.551 0 -46.803
v 28.53 0 -47.06
v 28.599 0 -46.202
v 28.575 0 -46.511
v 28.643 0 -45.596
v 28.622 0 -45.892
v 28.71 0 -44.43
v 28.66 0 -45.33
v 27.087 0 -43.633
v 27.63 0 -43.9
v 27.345 0 -43.76
v 26.69 0 -43.44
v 26.865 0 -43.525
v 26.52 0 -43.36
v 26.572 0 -43.383
v 25.812 0 -44.74
v 26.309 0 -43.754
v 24.538 0 -47.317
v 25.174 0 -46.025
v 23.85 0 -48.75
v 24.048 0 -48.323
v 23.089 0 -50.34
v 23.409 0 -49.685
v 23.25 0 -50.01
v 22.837 0 -50.904
v 22.95 0 -50.643
v 22.712 0 -51.251
v 22.757 0 -51.111
v 22.75 0 -51.34
v 22.71 0 -51.31
v 22.927 0 -51.45
v 22.824 0 -51.388
v 23.192 0 -51.6
v 23.052 0 -51.522
v 23.493 0 -51.763
v 23.34 0 -51.68
v 24.199 0 -52.169
v 24.032 0 -52.071
v 24.11 0 -52.12
v 24.417 0 -52.205
v 24.296 0 -52.197
v 24.803 0 -52.161
v 24.581 0 -52.193
v 25.613 0 -52.016
v 25.1 0 -52.11
v 28.36 0 -53.88
v 26.888 0 -52.478
v 27.36 0 -52.93
v 23.35 0 -56.67
v 24.31 0 -55.87
v 23.41 0 -56.11
v 22.988 0 -59.965
v 23.066 0 -59.291
v 23.02 0 -59.66
v 22.993 0 -60.384
v 22.977 0 -60.194
v 23.123 0 -60.786
v 23.039 0 -60.569
v 23.374 0 -61.326
v 23.25 0 -61.07
v 25.056 0 -64.995
v 24.324 0 -63.389
v 24.61 0 -64.02
v 28.523 0 -72.583
v 27.048 0 -69.356
v 27.89 0 -71.21
v 29.331 0 -74.264
v 28.994 0 -73.581
v 29.729 0 -74.914
v 29.566 0 -74.689
v 29.963 0 -75.039
v 29.85 0 -75
v 31.193 0 -75.478
v 63.93 0 -73.22
v 65.437 0 -72.393
v 67.132 0 -77.414
v 68.685 0 -82.173
v 63.939 0 -78.289
v 61.037 0 -75.951
v 36.099 0 -77.219
v 38.68 0 -83.64
v 38.308 0 -84.43
v 37.385 0 -88.541
v 33.923 0 -89.359
v 36.773 0 -93.602
v 42.9 0 -97.949
v 49.486 0 -97.526
v 52.46 0 -92.744
v 51.36 0 -85.34
v 60.93 0 -80.86
v 62.132 0 -83.429
v 74.191 0 -92.041
v 84.429 0 -99.291
v 79.69 0 -91.96
v 77.11 0 -90.81
v 76.852 0 -90.058
v 74.82 0 -87.048
v 73.51 0 -73.27
v 71.649 0 -69.02
v 71.428 0 -67.78
v 69.13 0 -64.63
v 68.437 0 -64.236
v 66.139 0 -64.722
v 59.07 0 -66.96
v 59.118 0 -62.229
v 58.13 0 -56.94
v 58.118 0 -55.08
v 58.349 0 -54.33
v 65.342 0 -42.697
v 65.219 0 -40.265
v 77.231 0 -21.018
v 83.482 0 -5.718
v 88.214 0 -3.797
v 72.462 0 -5.337
v 66.399 0 -15.445
v 58.784 0 -32.298
v 53.55 0 -38.43
v 44.51 0 -39.45
v 31.32 0 -24.48
v 31.192 0 -23.163
v 20.646 0 -4.951
v 11.869 0 -6.236
v 24.688 0 -28.318
v 25.5 0 -29.07
v 32.305 0 -41.344
v 33.533 0 -45.362
v 35.84 0 -48.511
v 38.76 0 -50.51
v 34.557 0 -53.772
v 33.353 0 -52.625
v 23.924 0 -52.006
v 25.318 0 -55.599
v 23.114 0 -58.874
v 23.556 0 -61.715
v 24.044 0 -62.775
v 26.402 0 -67.937
v 30.171 0 -75.112
v 30.803 0 -75.338
v 61.359 0 -75.304
v 64.217 0 -72.957
v 65.324 0 -72.35
v 67.014 0 -77.075
v 61.239 0 -76.165
v 36.821 0 -77.473
v 38.976 0 -78.732
v 39.604 0 -81.04
v 38.39 0 -84.264
v 33.974 0 -88.979
v 36.084 0 -92.695
v 40.594 0 -97.23
v 42.693 0 -97.878
v 48.774 0 -97.861
v 49.223 0 -97.649
v 52.459 0 -92.379
v 53.252 0 -86.769
v 52.809 0 -86.438
v 57.31 0 -80.37
v 57.78 0 -79.1
v 66.22 0 -87.01
v 77.864 0 -94.549
v 77.604 0 -95.642
v 77.963 0 -95.905
v 84.169 0 -99.084
v 79.588 0 -92.109
v 76.862 0 -90.334
v 72.14 0 -71.84
v 65.504 0 -64.929
v 58.226 0 -54.726
v 65.714 0 -39.433
v 66.076 0 -38.837
v 70.661 0 -29.049
v 72.047 0 -29.309
v 80.212 0 -11.914
v 81.708 0 -8.909
v 87.82 0 -3.983
v 73.007 0 -4.299
v 65.178 0 -17.392
v 64.936 0 -21.987
v 63.885 0 -23.938
v 63.711 0 -24.265
v 55.983 0 -35.365
v 53.382 0 -38.743
v 31.216 0 -23.581
v 23.937 0 -9.985
v 12.509 0 -12.585
v 12.925 0 -13.269
v 20.218 0 -25.234
v 26.16 0 -29.69
v 35.223 0 -47.669
v 33.95 0 -53.194
v 23.552 0 -49.39
v 26.212 0 -55.351
v 25.465 0 -65.886
v 25.894 0 -66.824
v 30.456 0 -75.214
v 65.226 0 -72.314
v 66.891 0 -76.726
v 61.5 0 -76.432
v 39.312 0 -82.456
v 33.94 0 -89.24
v 40.885 0 -97.317
v 48.981 0 -97.762
v 52.467 0 -92.065
v 58.46 0 -78.94
v 77.43 0 -93.697
v 77.944 0 -94.421
v 77.766 0 -95.76
v 83.254 0 -98.361
v 84.451 0 -96.493
v 78.741 0 -92.139
v 76.886 0 -90.516
v 74.537 0 -86.82
v 71.504 0 -68.213
v 68.954 0 -64.536
v 68.524 0 -64.291
v 65.956 0 -64.785
v 60.206 0 -50.973
v 65.896 0 -39.131
v 71.671 0 -28.99
v 87.391 0 -4.185
v 73.03 0 -4.587
v 72.707 0 -5.285
v 70.183 0 -8.859
v 57.011 0 -34.259
v 56.347 0 -34.978
v 53.223 0 -39.034
v 44.194 0 -39.433
v 31.241 0 -23.939
v 24.84 0 -11.894
v 20.624 0 -5.165
v 20.552 0 -25.786
v 32.476 0 -41.118
v 35.541 0 -48.103
v 38.966 0 -50.476
v 23.828 0 -48.804
v 23.674 0 -49.136
v 23.792 0 -51.93
v 26.965 0 -55.136
v 23.166 0 -58.405
v 61.155 0 -75.463
v 63.705 0 -78.297
v 61.808 0 -76.738
v 38.938 0 -78.541
v 38.58 0 -83.859
v 38.482 0 -84.07
v 37.286 0 -88.843
v 33.957 0 -89.111
v 35.41 0 -91.811
v 41.203 0 -97.413
v 42.44 0 -97.795
v 52.484 0 -91.804
v 52.508 0 -91.599
v 52.964 0 -86.556
v 57.402 0 -79.88
v 66.14 0 -86.12
v 74.963 0 -91.969
v 83.564 0 -98.606
v 83.875 0 -98.851
v 83.83 0 -96.007
v 77.004 0 -90.724
v 73.67 0 -84.32
v 71.579 0 -68.633
v 68.789 0 -64.445
v 68.644 0 -64.363
v 65.74 0 -64.855
v 58.906 0 -66.344
v 71.313 0 -28.698
v 75.706 0 -25.748
v 81.477 0 -9.009
v 86.95 0 -4.394
v 65.698 0 -16.566
v 63.81 0 -24.082
v 56.697 0 -34.602
v 53.079 0 -39.292
v 31.268 0 -24.219
v 24.21 0 -10.643
v 20.384 0 -25.506
v 28.57 0 -32.29
v 32.589 0 -40.947
v 39.167 0 -50.445
v 23.646 0 -51.847
v 27.548 0 -54.962
v 23.222 0 -57.883
v 60.997 0 -75.592
v 64.482 0 -72.723
v 63.458 0 -78.206
v 62.15 0 -77.07
v 38.901 0 -78.388
v 37.36 0 -88.706
v 41.53 0 -97.512
v 42.155 0 -97.704
v 53.114 0 -86.669
v 57.474 0 -79.541
v 75.094 0 -91.974
v 78.006 0 -94.318
v 79.77 0 -96.39
v 79.494 0 -92.243
v 76.931 0 -90.636
v 73.672 0 -84.997
v 58.903 0 -66.726
v 60.129 0 -51.02
v 70.793 0 -28.72
v 81.306 0 -9.096
v 73.048 0 -4.834
v 72.898 0 -5.243
v 31.294 0 -24.404
v 24.495 0 -11.247
v 20.606 0 -5.381
v 12.361 0 -7.426
v 32.651 0 -40.819
v 33.106 0 -44.78
v 39.354 0 -50.417
v 23.768 0 -48.937
v 27.932 0 -54.837
v 23.283 0 -57.305
v 23.784 0 -62.208
v 64.714 0 -72.527
v 63.149 0 -77.99
v 62.729 0 -77.62
v 39.66 0 -81.192
v 39.46 0 -82.171
v 41.85 0 -97.61
v 57.537 0 -79.323
v 59.92 0 -79.85
v 75.19 0 -91.997
v 78.046 0 -94.246
v 79.913 0 -96.19
v 79.411 0 -92.356
v 74.285 0 -86.614
v 73.205 0 -73.129
v 60.024 0 -51.096
v 71.039 0 -28.489
v 81.186 0 -9.178
v 73.023 0 -5.214
v 65.069 0 -21.738
v 61.703 0 -29.118
v 20.592 0 -5.589
v 32.415 0 -43.842
v 30.392 0 -49.793
v 39.703 0 -81.323
v 57.603 0 -79.196
v 58.91 0 -78.84
v 78.06 0 -94.21
v 80.02 0 -96.056
v 80.22 0 -95.964
v 79.343 0 -92.444
v 74.076 0 -86.44
v 73.681 0 -85.482
v 72.19 0 -72.112
v 57.958 0 -56.734
v 59.898 0 -51.196
v 64.557 0 -41.369
v 70.92 0 -28.42
v 81.107 0 -9.261
v 73.07 0 -5.2
v 69.71 0 -10.098
v 65.171 0 -21.536
v 20.583 0 -5.775
v 12.331 0 -7.283
v 32.669 0 -40.717
v 32.737 0 -44.278
v 30.87 0 -50.255
v 28.09 0 -54.77
v 64.901 0 -72.381
v 39.598 0 -81.881
v 37.329 0 -88.803
v 57.68 0 -79.132
v 80.163 0 -95.951
v 81.68 0 -94.28
v 73.924 0 -86.309
v 72.928 0 -73
v 72.235 0 -72.345
v 57.849 0 -56.559
v 59.758 0 -51.316
v 70.882 0 -28.503
v 76.254 0 -24.04
v 70.011 0 -9.467
v 61.886 0 -28.909
v 20.58 0 -5.93
v 12.244 0 -7.048
v 39.516 0 -50.395
v 31.368 0 -50.734
v 25.979 0 -51.98
v 65.033 0 -72.292
v 39.7 0 -81.636
v 78.015 0 -94.162
v 83.16 0 -95.478
v 82.002 0 -94.548
v 73.84 0 -86.23
v 73.699 0 -85.811
v 72.274 0 -72.528
v 57.799 0 -56.384
v 59.61 0 -51.45
v 76.78 0 -22.406
v 81.06 0 -9.35
v 64.834 0 -20.919
v 65.237 0 -21.396
v 52.957 0 -39.506
v 21.65 0 -6.64
v 20.58 0 -6.42
v 26.267 0 -52.029
v 28.117 0 -54.736
v 65.1 0 -72.27
v 50.69 0 -84.82
v 80.1 0 -95.979
v 82.523 0 -94.969
v 73.775 0 -86.149
v 72.69 0 -72.887
v 72.303 0 -72.65
v 80.98 0 -9.583
v 62.195 0 -28.175
v 52.866 0 -39.662
v 12.092 0 -6.703
v 32.65 0 -40.63
v 26.547 0 -52.186
v 28.146 0 -54.677
v 38.474 0 -78.063
v 39.74 0 -81.49
v 50.54 0 -84
v 77.688 0 -93.895
v 72.502 0 -72.797
v 72.32 0 -72.7
v 65.048 0 -42.55
v 80.801 0 -10.12
v 64.973 0 -21.033
v 62.222 0 -28.241
v 52.81 0 -39.75
v 32.393 0 -40.088
v 36.574 0 -55.691
v 28.176 0 -54.597
v 38.609 0 -78.116
v 77.886 0 -94.053
v 79.291 0 -92.5
v 72.375 0 -72.732
v 64.855 0 -42.425
v 80.54 0 -10.912
v 65.09 0 -21.136
v 62.245 0 -28.301
v 31.813 0 -38.89
v 36.949 0 -56.037
v 28.208 0 -54.503
v 38.719 0 -78.164
v 39.73 0 -81.425
v 58.982 0 -66.979
v 64.732 0 -42.297
v 73.06 0 -5.026
v 65.181 0 -21.224
v 62.261 0 -28.352
v 31.049 0 -37.318
v 37.246 0 -56.306
v 28.239 0 -54.399
v 38.799 0 -78.203
v 79.26 0 -92.52
v 64.648 0 -42.14
v 73.067 0 -5.152
v 65.239 0 -21.29
v 62.27 0 -28.39
v 43.375 0 -39.33
v 30.237 0 -35.654
v 37.446 0 -56.479
v 28.27 0 -54.29
v 38.84 0 -78.23
v 79.204 0 -92.492
v 64.57 0 -41.93
v 65.26 0 -21.33
v 29.515 0 -34.18
v 37.53 0 -56.54
v 38.868 0 -78.281
v 64.517 0 -41.762
v 29.02 0 -33.18
v 50.39 0 -83.18
v 79.093 0 -92.414
v 64.493 0 -41.631
v 39.645 0 -50.379
v 50.71 0 -82.49
v 78.935 0 -92.294
v 64.504 0 -41.509
v 62.242 0 -28.453
v 37.586 0 -56.511
v 43.494 0 -39.359
v 37.706 0 -56.43
v 43.676 0 -39.386
v 37.88 0 -56.305
v 43.913 0 -39.411
v 38.097 0 -56.143
v 38.348 0 -55.952
v 73.729 0 -86.021
v 38.62 0 -55.74
v 57.805 0 -56.181
v 52.147 0 -39.872
v 62.164 0 -28.567
v 52.456 0 -39.874
v 62.042 0 -28.723
v 52.643 0 -39.854
v 39.887 0 -51.194
v 68.866 0 -82.241
v 52.747 0 -39.813
v 39.909 0 -50.673
v 69.015 0 -82.294
v 39.73 0 -50.37
v 65.15 0 -72.286
v 39.83 0 -50.368
v 69.122 0 -82.328
v 39.89 0 -50.433
v 69.18 0 -82.34
v 58.927 0 -66.92
v 69.227 0 -82.31
v 69.268 0 -82.219
v 69.305 0 -82.064
v 69.339 0 -81.841
v 69.37 0 -81.547
v 69.4 0 -81.18
v 31.61 10 -75.63
v 60.896 10 -75.687
v 60.86 10 -75.74
v 61.601 10 -75.125
v 62.173 10 -74.706
v 61.87 10 -74.93
v 62.889 10 -74.135
v 62.52 10 -74.436
v 63.614 10 -73.511
v 63.26 10 -73.821
v 65.561 10 -72.44
v 66.16 10 -72.65
v 65.69 10 -72.49
v 66.25 10 -74.289
v 66.22 10 -73.82
v 66.335 10 -74.986
v 66.285 10 -74.663
v 66.514 10 -75.647
v 66.408 10 -75.3
v 66.771 10 -76.384
v 66.66 10 -76.07
v 67.239 10 -77.726
v 67.455 10 -78.34
v 67.33 10 -77.99
v 67.705 10 -78.838
v 67.57 10 -78.608
v 68.155 10 -79.355
v 67.89 10 -79.072
v 69.43 10 -80.62
v 68.53 10 -79.73
v 68.48 10 -82.091
v 67.42 10 -81.67
v 68.26 10 -82
v 67.29 10 -80.57
v 67.36 10 -81.12
v 65.89 10 -79.35
v 64.912 10 -78.503
v 65.313 10 -78.843
v 64.468 10 -78.203
v 64.645 10 -78.3
v 64.21 10 -78.21
v 64.337 10 -78.183
v 60.906 10 -75.805
v 32.53 10 -75.961
v 32.057 10 -75.792
v 33.454 10 -76.289
v 33.004 10 -76.13
v 34.18 10 -76.54
v 33.854 10 -76.428
v 35.392 10 -76.97
v 34.739 10 -76.74
v 37.521 10 -77.721
v 38.322 10 -78.006
v 38.16 10 -77.95
v 39.014 10 -78.952
v 39.096 10 -79.466
v 39.05 10 -79.19
v 39.221 10 -80.009
v 39.154 10 -79.741
v 39.376 10 -80.494
v 39.296 10 -80.262
v 39.536 10 -80.874
v 39.46 10 -80.7
v 39.18 10 -82.683
v 39.059 10 -82.842
v 39.09 10 -82.8
v 38.941 10 -83.066
v 39.008 10 -82.933
v 38.774 10 -83.427
v 38.862 10 -83.233
v 38.24 10 -84.558
v 38.055 10 -84.95
v 38.19 10 -84.64
v 37.746 10 -86.077
v 37.902 10 -85.454
v 37.494 10 -87.398
v 37.605 10 -86.75
v 37.407 10 -88.293
v 37.43 10 -87.95
v 37.23 10 -88.84
v 35.547 10 -88.374
v 36.26 10 -88.565
v 34.706 10 -88.209
v 35.045 10 -88.259
v 34.33 10 -88.27
v 34.484 10 -88.216
v 34.151 10 -88.387
v 34.228 10 -88.325
v 34.049 10 -88.56
v 34.092 10 -88.463
v 33.99 10 -88.85
v 34.017 10 -88.686
v 33.906 10 -89.461
v 33.882 10 -89.635
v 33.89 10 -89.54
v 33.946 10 -89.85
v 33.9 10 -89.736
v 34.134 10 -90.145
v 34.023 10 -89.984
v 34.795 10 -91.007
v 34.28 10 -90.34
v 37.436 10 -94.476
v 38.341 10 -95.662
v 38.03 10 -95.26
v 38.901 10 -96.348
v 38.636 10 -96.03
v 39.291 10 -96.772
v 39.124 10 -96.6
v 39.468 10 -96.88
v 39.39 10 -96.85
v 39.708 10 -96.96
v 39.576 10 -96.917
v 40.007 10 -97.054
v 39.854 10 -97.006
v 40.346 10 -97.156
v 40.16 10 -97.1
v 43.05 10 -98.004
v 43.26 10 -98.067
v 43.13 10 -98.04
v 43.949 10 -98.107
v 43.539 10 -98.09
v 45.087 10 -98.128
v 44.471 10 -98.12
v 46.67 10 -98.127
v 45.78 10 -98.13
v 47.827 10 -98.101
v 47.341 10 -98.118
v 48.379 10 -98.039
v 48.162 10 -98.075
v 48.613 10 -97.939
v 48.51 10 -97.99
v 49.76 10 -97.4
v 51.64 10 -95.72
v 50.76 10 -96.95
v 52.47 10 -93.16
v 52.52 10 -94.49
v 52.54 10 -91.45
v 52.758 10 -90.693
v 52.625 10 -91.161
v 53.102 10 -89.457
v 52.923 10 -90.105
v 53.44 10 -88.22
v 53.28 10 -88.809
v 53.66 10 -87.411
v 53.578 10 -87.733
v 53.644 10 -87.079
v 53.682 10 -87.209
v 53.37 10 -86.85
v 53.54 10 -86.974
v 52.659 10 -86.321
v 52.366 10 -86.091
v 52.52 10 -86.21
v 51.978 10 -85.794
v 52.181 10 -85.949
v 51.556 10 -85.48
v 51.765 10 -85.634
v 51.03 10 -81.8
v 54.792 10 -81.72
v 54 10 -81.74
v 56.119 10 -81.683
v 55.508 10 -81.701
v 56.909 10 -81.652
v 56.596 10 -81.666
v 57.053 10 -81.586
v 57.03 10 -81.64
v 57.136 10 -81.253
v 57.089 10 -81.453
v 57.25 10 -80.699
v 57.191 10 -80.997
v 57.859 10 -79.083
v 58.079 10 -79.035
v 57.961 10 -79.061
v 58.335 10 -78.974
v 58.206 10 -79.006
v 61.05 10 -81.82
v 61.88 10 -83.26
v 61.17 10 -82.79
v 62.481 10 -83.664
v 63.376 10 -84.266
v 62.904 10 -83.949
v 64.37 10 -84.93
v 63.872 10 -84.599
v 66.241 10 -87.266
v 66.284 10 -87.802
v 66.262 10 -87.535
v 66.323 10 -88.279
v 66.304 10 -88.055
v 66.34 10 -88.46
v 67.99 10 -90.1
v 66.39 10 -89.02
v 70.42 10 -90.87
v 69.6 10 -91.19
v 71.23 10 -90.55
v 72.694 10 -91.522
v 72.38 10 -91.32
v 73.247 10 -91.857
v 72.987 10 -91.704
v 73.621 10 -92.053
v 73.463 10 -91.976
v 73.782 10 -92.077
v 73.71 10 -92.08
v 74.031 10 -92.056
v 73.892 10 -92.069
v 74.364 10 -92.026
v 74.783 10 -91.982
v 74.54 10 -92.01
v 75.268 10 -92.042
v 75.434 10 -92.188
v 75.34 10 -92.11
v 75.84 10 -92.507
v 75.605 10 -92.324
v 76.446 10 -92.967
v 76.125 10 -92.726
v 77.127 10 -93.468
v 76.79 10 -93.22
v 77.772 10 -94.694
v 77.533 10 -95.062
v 77.67 10 -94.85
v 77.384 10 -95.341
v 77.439 10 -95.223
v 77.378 10 -95.477
v 77.365 10 -95.423
v 77.485 10 -95.556
v 77.42 10 -95.51
v 78.184 10 -96.07
v 78.654 10 -96.427
v 78.42 10 -96.25
v 79.059 10 -96.72
v 78.87 10 -96.586
v 79.313 10 -96.893
v 79.21 10 -96.824
v 79.387 10 -96.897
v 79.36 10 -96.92
v 79.501 10 -96.76
v 79.435 10 -96.843
v 79.672 10 -96.529
v 79.581 10 -96.654
v 80.28 10 -96.01
v 80.875 10 -96.491
v 80.508 10 -96.196
v 81.872 10 -97.283
v 81.342 10 -96.864
v 82.96 10 -98.13
v 82.424 10 -97.715
v 84.64 10 -99.46
v 84.986 10 -99.733
v 84.818 10 -99.604
v 85.261 10 -99.927
v 85.136 10 -99.842
v 85.4 10 -100
v 85.351 10 -99.981
v 85.82 10 -99.615
v 85.542 10 -99.891
v 86.493 10 -98.881
v 86.161 10 -99.253
v 86.84 10 -98.43
v 86.744 10 -98.581
v 86.563 10 -98.161
v 86.767 10 -98.342
v 85.864 10 -97.592
v 86.254 10 -97.905
v 84.94 10 -96.87
v 85.418 10 -97.241
v 81.31 10 -93.97
v 81.83 10 -93.217
v 81.7 10 -93.41
v 81.98 10 -92.949
v 81.923 10 -93.066
v 81.996 10 -92.797
v 82.004 10 -92.861
v 81.718 10 -92.549
v 81.96 10 -92.75
v 80.951 10 -91.966
v 81.359 10 -92.271
v 80.268 10 -91.48
v 80.564 10 -91.686
v 80.094 10 -91.42
v 80.13 10 -91.4
v 79.966 10 -91.564
v 80.038 10 -91.476
v 79.789 10 -91.811
v 79.882 10 -91.677
v 78.519 10 -91.959
v 78.029 10 -91.555
v 78.28 10 -91.76
v 77.56 10 -91.173
v 77.786 10 -91.356
v 77.211 10 -90.89
v 77.364 10 -91.014
v 76.85 10 -89.66
v 76.54 10 -88.45
v 76.85 10 -88.71
v 76.227 10 -88.191
v 76.415 10 -88.346
v 75.719 10 -87.775
v 75.991 10 -87.997
v 75.12 10 -87.29
v 75.424 10 -87.536
v 73.67 10 -82.56
v 74.446 10 -82.111
v 74.28 10 -82.21
v 74.73 10 -81.933
v 74.598 10 -82.018
v 74.908 10 -81.8
v 74.836 10 -81.859
v 74.955 10 -81.428
v 74.94 10 -81.76
v 74.908 10 -79.405
v 74.943 10 -80.599
v 74.787 10 -76.449
v 74.854 10 -77.978
v 74.65 10 -73.79
v 74.71 10 -74.95
v 72.09 10 -71.54
v 71.971 10 -70.826
v 72.035 10 -71.203
v 71.835 10 -70.038
v 71.904 10 -70.43
v 71.71 10 -69.35
v 71.769 10 -69.671
v 71.355 10 -67.359
v 71.227 10 -66.627
v 71.29 10 -66.97
v 71.119 10 -66.053
v 71.169 10 -66.317
v 71.047 10 -65.711
v 71.077 10 -65.846
v 70.921 10 -65.596
v 71.03 10 -65.66
v 70.324 10 -65.269
v 70.671 10 -65.457
v 69.51 10 -64.832
v 69.923 10 -65.053
v 68.39 10 -64.2
v 68.32 10 -64.157
v 68.36 10 -64.177
v 68.226 10 -64.127
v 68.275 10 -64.14
v 68.13 10 -64.11
v 68.177 10 -64.117
v 67.715 10 -64.197
v 67.971 10 -64.133
v 67.022 10 -64.409
v 67.389 10 -64.292
v 66.28 10 -64.67
v 66.643 10 -64.538
v 65.261 10 -65.001
v 64.348 10 -65.272
v 65.02 10 -65.07
v 61.921 10 -66.034
v 63.237 10 -65.618
v 59.604 10 -66.779
v 60.633 10 -66.446
v 58.936 10 -65.717
v 59.017 10 -64.288
v 58.99 10 -64.79
v 59.083 10 -62.969
v 59.049 10 -63.668
v 59.154 10 -61.486
v 59.3 10 -58.33
v 59.19 10 -60.78
v 58.771 10 -57.686
v 58.89 10 -57.83
v 58.502 10 -57.366
v 58.64 10 -57.528
v 58.24 10 -57.064
v 58.367 10 -57.209
v 57.863 10 -55.923
v 58.031 10 -55.372
v 57.97 10 -55.58
v 58.479 10 -53.911
v 59.07 10 -51.97
v 58.61 10 -53.49
v 60.25 10 -50.96
v 61.164 10 -51.267
v 60.674 10 -51.11
v 62.096 10 -51.533
v 61.659 10 -51.414
v 62.55 10 -51.62
v 62.414 10 -51.608
v 63.693 10 -49.419
v 62.914 10 -50.952
v 65.631 10 -45.501
v 64.67 10 -47.456
v 66.64 10 -43.36
v 66.359 10 -43.991
v 66.508 10 -43.263
v 66.601 10 -43.322
v 66.196 10 -43.094
v 66.37 10 -43.185
v 65.77 10 -42.89
v 65.993 10 -42.994
v 64.661 10 -41.185
v 64.926 10 -40.756
v 64.82 10 -40.93
v 65.13 10 -40.415
v 65.031 10 -40.582
v 65.294 10 -40.14
v 65.531 10 -39.74
v 65.35 10 -40.05
v 66.251 10 -38.552
v 66.543 10 -38.081
v 66.42 10 -38.28
v 66.897 10 -37.447
v 66.706 10 -37.797
v 67.325 10 -36.634
v 67.107 10 -37.053
v 67.744 10 -35.794
v 67.54 10 -36.21
v 67.94 10 -35.397
v 68.27 10 -34.733
v 68.119 10 -35.037
v 68.45 10 -34.36
v 68.383 10 -34.501
v 68.824 10 -33.566
v 68.618 10 -34.02
v 69.36 10 -32.297
v 69.07 10 -32.994
v 70.08 10 -30.51
v 69.695 10 -31.471
v 70.493 10 -29.47
v 70.297 10 -29.964
v 72.373 10 -29.598
v 72.69 10 -29.9
v 72.58 10 -29.8
v 72.965 10 -29.978
v 72.812 10 -29.959
v 73.44 10 -29.888
v 73.168 10 -29.954
v 74.099 10 -29.684
v 73.8 10 -29.78
v 74.446 10 -29.482
v 74.305 10 -29.595
v 74.65 10 -29.061
v 74.552 10 -29.315
v 75.193 10 -27.356
v 74.77 10 -28.69
v 77.55 10 -20.05
v 77.919 10 -18.928
v 77.688 10 -19.633
v 78.591 10 -16.879
v 78.226 10 -17.991
v 78.995 10 -15.647
v 79.833 10 -13.075
v 79.42 10 -14.35
v 82.01 10 -8.79
v 82.46 10 -8.615
v 82.242 10 -8.701
v 82.814 10 -8.469
v 82.654 10 -8.536
v 82.99 10 -8.38
v 82.929 10 -8.415
v 83.061 10 -8.22
v 83.033 10 -8.325
v 83.079 10 -7.813
v 83.076 10 -8.054
v 83.05 10 -7.06
v 83.07 10 -7.486
v 82.99 10 -5.82
v 83.354 10 -5.747
v 83.26 10 -5.77
v 83.634 10 -5.685
v 83.976 10 -5.61
v 83.801 10 -5.649
v 84.362 10 -5.509
v 84.15 10 -5.57
v 84.981 10 -5.285
v 84.645 10 -5.412
v 85.737 10 -4.967
v 85.351 10 -5.134
v 86.519 10 -4.599
v 86.12 10 -4.79
v 88.55 10 -3.64
v 89.65 10 -1.56
v 89.64 10 -3.13
v 81.43 10 0
v 89.65 10 0
v 77.284 10 -0.009
v 79.25 10 -0.002
v 74.316 10 -0.034
v 75.613 10 -0.02
v 73.17 10 -0.07
v 73.475 10 -0.051
v 73.135 10 -0.293
v 73.156 10 -0.14
v 73.078 10 -0.791
v 73.109 10 -0.514
v 73.01 10 -1.46
v 73.045 10 -1.111
v 72.947 10 -2.349
v 72.972 10 -1.922
v 72.937 10 -3.151
v 72.935 10 -2.754
v 72.98 10 -3.98
v 72.952 10 -3.555
v 72.172 10 -5.396
v 71.53 10 -5.528
v 71.85 10 -5.46
v 70.99 10 -5.645
v 71.24 10 -5.59
v 70.663 10 -5.722
v 70.794 10 -5.69
v 70.596 10 -5.786
v 70.61 10 -5.74
v 70.548 10 -6.095
v 70.575 10 -5.909
v 70.479 10 -6.617
v 70.515 10 -6.335
v 70.301 10 -8.077
v 70.44 10 -6.93
v 69.205 10 -10.944
v 67.3 10 -13.999
v 68.42 10 -12.2
v 64.821 10 -17.95
v 64.534 10 -18.394
v 64.61 10 -18.27
v 64.33 10 -18.725
v 64.438 10 -18.548
v 64.1 10 -19.11
v 64.215 10 -18.915
v 63.99 10 -19.3
v 63.84 10 -20.16
v 63.59 10 -19.95
v 64.047 10 -20.328
v 63.928 10 -20.233
v 64.347 10 -20.559
v 64.189 10 -20.439
v 64.68 10 -20.8
v 64.513 10 -20.681
v 64.777 10 -22.272
v 64.427 10 -22.891
v 64.6 10 -22.58
v 64.14 10 -23.423
v 64.271 10 -23.176
v 63.973 10 -23.747
v 64.039 10 -23.617
v 63.933 10 -23.841
v 63.95 10 -23.8
v 63.594 10 -24.477
v 63.034 10 -25.464
v 63.46 10 -24.71
v 62.38 10 -26.686
v 62.672 10 -26.127
v 62.032 10 -27.445
v 62.164 10 -27.13
v 61.999 10 -27.677
v 61.99 10 -27.62
v 62.037 10 -27.819
v 62.015 10 -27.744
v 62.096 10 -27.971
v 62.065 10 -27.896
v 62.164 10 -28.107
v 62.13 10 -28.04
v 61.5 10 -29.34
v 61 10 -29.867
v 61.265 10 -29.585
v 60.437 10 -30.476
v 60.719 10 -30.17
v 59.93 10 -31.03
v 60.169 10 -30.769
v 59.457 10 -31.55
v 59.7 10 -31.283
v 58.986 10 -32.073
v 59.215 10 -31.819
v 58.62 10 -32.48
v 58.241 10 -32.891
v 58.451 10 -32.663
v 57.756 10 -33.426
v 58.005 10 -33.15
v 57.27 10 -33.97
v 57.506 10 -33.704
v 55.624 10 -35.743
v 54.84 10 -36.563
v 55.29 10 -36.09
v 54.232 10 -37.275
v 54.499 10 -36.943
v 53.791 10 -37.973
v 54.008 10 -37.603
v 51.675 10 -39.851
v 49.632 10 -39.732
v 51 10 -39.81
v 47.166 10 -39.592
v 48.346 10 -39.659
v 45.223 10 -39.486
v 46.117 10 -39.534
v 43.33 10 -39.3
v 43.195 10 -38.947
v 43.297 10 -39.188
v 42.711 10 -37.916
v 43.006 10 -38.536
v 41.73 10 -35.89
v 42.292 10 -37.047
v 40.992 10 -34.411
v 41.308 10 -35.03
v 40.505 10 -33.615
v 40.739 10 -33.964
v 39.92 10 -32.93
v 40.246 10 -33.294
v 39.334 10 -32.293
v 39.663 10 -32.65
v 38.549 10 -31.443
v 38.956 10 -31.884
v 37.73 10 -30.56
v 38.133 10 -30.995
v 37.327 10 -30.12
v 36.48 10 -29.195
v 36.903 10 -29.657
v 35.726 10 -28.377
v 36.08 10 -28.76
v 34.941 10 -27.57
v 35.44 10 -28.07
v 33.354 10 -26.136
v 34.205 10 -26.89
v 31.79 10 -24.826
v 32.508 10 -25.413
v 31.17 10 -22.7
v 29.52 10 -19.32
v 31.12 10 -20.98
v 27.92 10 -17.65
v 26.846 10 -15.481
v 27.08 10 -15.95
v 26.389 10 -14.588
v 26.612 10 -15.02
v 26.021 10 -13.9
v 26.188 10 -14.207
v 25.293 10 -12.677
v 25.9 10 -13.69
v 23.63 10 -9.18
v 23.258 10 -8.2
v 23.438 10 -8.672
v 22.966 10 -7.444
v 23.097 10 -7.784
v 22.87 10 -7.199
v 22.767 10 -6.981
v 22.82 10 -7.07
v 22.554 10 -6.848
v 22.686 10 -6.91
v 22.057 10 -6.72
v 22.351 10 -6.787
v 20.67 10 -4.75
v 20.82 10 -3.423
v 20.746 10 -4.12
v 20.933 10 -2.144
v 20.885 10 -2.738
v 20.95 10 -1.55
v 20.957 10 -1.722
v 18.194 10 -1.45
v 20.146 10 -1.503
v 13.146 10 -1.363
v 15.67 10 -1.4
v 10.39 10 -1.37
v 11.194 10 -1.35
v 10.355 10 -1.549
v 10.363 10 -1.427
v 10.411 10 -2.098
v 10.37 10 -1.762
v 10.59 10 -3.25
v 10.484 10 -2.584
v 10.729 10 -3.771
v 10.641 10 -3.49
v 11.038 10 -4.522
v 10.859 10 -4.11
v 11.57 10 -5.63
v 11.273 10 -5.023
v 12.34 10 -7.49
v 12.178 10 -7.587
v 12.281 10 -7.525
v 11.876 10 -7.773
v 12.04 10 -7.671
v 11.5 10 -8.01
v 11.693 10 -7.887
v 11.002 10 -8.338
v 11.204 10 -8.199
v 10.811 10 -8.555
v 10.877 10 -8.45
v 10.78 10 -8.83
v 10.785 10 -8.675
v 10.842 10 -9.483
v 10.794 10 -9.167
v 11.061 10 -10.124
v 10.929 10 -9.795
v 11.49 10 -10.91
v 11.246 10 -10.489
v 12.155 10 -12.004
v 11.828 10 -11.466
v 13.44 10 -14.117
v 15.707 10 -17.856
v 14.09 10 -15.19
v 18.169 10 -21.904
v 17.066 10 -20.094
v 19.601 10 -24.242
v 19.014 10 -23.286
v 20.063 10 -24.983
v 19.93 10 -24.77
v 20.714 10 -26.059
v 20.992 10 -26.534
v 20.86 10 -26.31
v 21.22 10 -26.915
v 21.113 10 -26.738
v 21.368 10 -27.15
v 21.307 10 -27.055
v 21.456 10 -27.206
v 21.4 10 -27.19
v 21.785 10 -27.264
v 21.589 10 -27.231
v 22.327 10 -27.345
v 22.035 10 -27.303
v 23.86 10 -27.55
v 22.65 10 -27.39
v 24.504 10 -28.149
v 24.35 10 -28.01
v 24.891 10 -28.506
v 25.309 10 -28.894
v 25.102 10 -28.702
v 26.28 10 -30.62
v 26.338 10 -31.083
v 26.31 10 -30.862
v 26.385 10 -31.417
v 26.364 10 -31.271
v 26.41 10 -31.54
v 26.401 10 -31.51
v 26.566 10 -31.601
v 26.453 10 -31.558
v 26.957 10 -31.742
v 26.737 10 -31.664
v 27.5 10 -31.93
v 27.215 10 -31.832
v 32.07 10 -41.64
v 31.577 10 -42.29
v 31.761 10 -42.024
v 31.59 10 -42.724
v 31.519 10 -42.501
v 32.13 10 -43.46
v 31.793 10 -43.022
v 34.027 10 -46.038
v 34.904 10 -47.234
v 34.6 10 -46.82
v 36.102 10 -48.871
v 36.492 10 -49.407
v 36.31 10 -49.16
v 36.84 10 -49.879
v 36.671 10 -49.651
v 37.108 10 -50.24
v 36.989 10 -50.079
v 37.317 10 -50.501
v 37.19 10 -50.35
v 37.645 10 -50.644
v 37.459 10 -50.598
v 38.266 10 -50.596
v 37.904 10 -50.642
v 39.824 10 -52.104
v 39.62 10 -54.93
v 39.72 10 -53.51
v 36.142 10 -55.283
v 35.141 10 -54.328
v 35.67 10 -54.83
v 32.799 10 -52.096
v 31.86 10 -51.204
v 32.32 10 -51.64
v 29.96 10 -49.372
v 28.45 10 -47.9
v 29.6 10 -49.02
v 28.551 10 -46.803
v 28.53 10 -47.06
v 28.599 10 -46.202
v 28.575 10 -46.511
v 28.643 10 -45.596
v 28.622 10 -45.892
v 28.71 10 -44.43
v 28.66 10 -45.33
v 27.63 10 -43.9
v 27.087 10 -43.633
v 27.345 10 -43.76
v 26.69 10 -43.44
v 26.865 10 -43.525
v 26.52 10 -43.36
v 26.572 10 -43.383
v 25.812 10 -44.74
v 26.309 10 -43.754
v 24.538 10 -47.317
v 25.174 10 -46.025
v 23.85 10 -48.75
v 24.048 10 -48.323
v 23.409 10 -49.685
v 23.089 10 -50.34
v 23.25 10 -50.01
v 22.837 10 -50.904
v 22.95 10 -50.643
v 22.712 10 -51.251
v 22.757 10 -51.111
v 22.75 10 -51.34
v 22.71 10 -51.31
v 22.927 10 -51.45
v 22.824 10 -51.388
v 23.192 10 -51.6
v 23.052 10 -51.522
v 23.493 10 -51.763
v 23.34 10 -51.68
v 24.032 10 -52.071
v 24.199 10 -52.169
v 24.11 10 -52.12
v 24.417 10 -52.205
v 24.296 10 -52.197
v 24.803 10 -52.161
v 24.581 10 -52.193
v 25.613 10 -52.016
v 25.1 10 -52.11
v 26.888 10 -52.478
v 28.36 10 -53.88
v 27.36 10 -52.93
v 24.31 10 -55.87
v 23.35 10 -56.67
v 23.41 10 -56.11
v 23.066 10 -59.291
v 22.988 10 -59.965
v 23.02 10 -59.66
v 22.993 10 -60.384
v 22.977 10 -60.194
v 23.123 10 -60.786
v 23.039 10 -60.569
v 23.374 10 -61.326
v 23.25 10 -61.07
v 24.324 10 -63.389
v 25.056 10 -64.995
v 24.61 10 -64.02
v 27.048 10 -69.356
v 28.523 10 -72.583
v 27.89 10 -71.21
v 29.331 10 -74.264
v 28.994 10 -73.581
v 29.729 10 -74.914
v 29.566 10 -74.689
v 29.963 10 -75.039
v 29.85 10 -75
v 31.193 10 -75.478
v 63.93 10 -73.22
v 65.437 10 -72.393
v 67.132 10 -77.414
v 68.685 10 -82.173
v 63.939 10 -78.289
v 61.037 10 -75.951
v 36.099 10 -77.219
v 38.68 10 -83.64
v 38.308 10 -84.43
v 37.385 10 -88.541
v 33.923 10 -89.359
v 36.773 10 -93.602
v 42.9 10 -97.949
v 49.486 10 -97.526
v 52.46 10 -92.744
v 51.36 10 -85.34
v 60.93 10 -80.86
v 62.132 10 -83.429
v 74.191 10 -92.041
v 84.429 10 -99.291
v 79.69 10 -91.96
v 77.11 10 -90.81
v 76.852 10 -90.058
v 74.82 10 -87.048
v 73.51 10 -73.27
v 71.649 10 -69.02
v 71.428 10 -67.78
v 69.13 10 -64.63
v 68.437 10 -64.236
v 66.139 10 -64.722
v 59.07 10 -66.96
v 59.118 10 -62.229
v 58.13 10 -56.94
v 58.118 10 -55.08
v 58.349 10 -54.33
v 65.342 10 -42.697
v 65.219 10 -40.265
v 77.231 10 -21.018
v 83.482 10 -5.718
v 88.214 10 -3.797
v 72.462 10 -5.337
v 66.399 10 -15.445
v 58.784 10 -32.298
v 53.55 10 -38.43
v 44.51 10 -39.45
v 31.32 10 -24.48
v 31.192 10 -23.163
v 20.646 10 -4.951
v 11.869 10 -6.236
v 24.688 10 -28.318
v 25.5 10 -29.07
v 32.305 10 -41.344
v 33.533 10 -45.362
v 35.84 10 -48.511
v 38.76 10 -50.51
v 34.557 10 -53.772
v 33.353 10 -52.625
v 23.924 10 -52.006
v 25.318 10 -55.599
v 23.114 10 -58.874
v 23.556 10 -61.715
v 24.044 10 -62.775
v 26.402 10 -67.937
v 30.171 10 -75.112
v 30.803 10 -75.338
v 61.359 10 -75.304
v 64.217 10 -72.957
v 65.324 10 -72.35
v 67.014 10 -77.075
v 61.239 10 -76.165
v 36.821 10 -77.473
v 38.976 10 -78.732
v 39.604 10 -81.04
v 38.39 10 -84.264
v 33.974 10 -88.979
v 36.084 10 -92.695
v 40.594 10 -97.23
v 42.693 10 -97.878
v 48.774 10 -97.861
v 49.223 10 -97.649
v 52.459 10 -92.379
v 53.252 10 -86.769
v 52.809 10 -86.438
v 57.31 10 -80.37
v 57.78 10 -79.1
v 66.22 10 -87.01
v 77.864 10 -94.549
v 77.604 10 -95.642
v 77.963 10 -95.905
v 84.169 10 -99.084
v 79.588 10 -92.109
v 76.862 10 -90.334
v 72.14 10 -71.84
v 65.504 10 -64.929
v 58.226 10 -54.726
v 65.714 10 -39.433
v 66.076 10 -38.837
v 70.661 10 -29.049
v 72.047 10 -29.309
v 80.212 10 -11.914
v 81.708 10 -8.909
v 87.82 10 -3.983
v 73.007 10 -4.299
v 65.178 10 -17.392
v 64.936 10 -21.987
v 63.885 10 -23.938
v 63.711 10 -24.265
v 55.983 10 -35.365
v 53.382 10 -38.743
v 31.216 10 -23.581
v 23.937 10 -9.985
v 12.509 10 -12.585
v 12.925 10 -13.269
v 20.218 10 -25.234
v 26.16 10 -29.69
v 35.223 10 -47.669
v 33.95 10 -53.194
v 23.552 10 -49.39
v 26.212 10 -55.351
v 25.465 10 -65.886
v 25.894 10 -66.824
v 30.456 10 -75.214
v 65.226 10 -72.314
v 66.891 10 -76.726
v 61.5 10 -76.432
v 39.312 10 -82.456
v 33.94 10 -89.24
v 40.885 10 -97.317
v 48.981 10 -97.762
v 52.467 10 -92.065
v 58.46 10 -78.94
v 77.43 10 -93.697
v 77.944 10 -94.421
v 77.766 10 -95.76
v 83.254 10 -98.361
v 84.451 10 -96.493
v 78.741 10 -92.139
v 76.886 10 -90.516
v 74.537 10 -86.82
v 71.504 10 -68.213
v 68.954 10 -64.536
v 68.524 10 -64.291
v 65.956 10 -64.785
v 60.206 10 -50.973
v 65.896 10 -39.131
v 71.671 10 -28.99
v 87.391 10 -4.185
v 73.03 10 -4.587
v 72.707 10 -5.285
v 70.183 10 -8.859
v 57.011 10 -34.259
v 56.347 10 -34.978
v 53.223 10 -39.034
v 44.194 10 -39.433
v 31.241 10 -23.939
v 24.84 10 -11.894
v 20.624 10 -5.165
v 20.552 10 -25.786
v 32.476 10 -41.118
v 35.541 10 -48.103
v 38.966 10 -50.476
v 23.828 10 -48.804
v 23.674 10 -49.136
v 23.792 10 -51.93
v 26.965 10 -55.136
v 23.166 10 -58.405
v 61.155 10 -75.463
v 63.705 10 -78.297
v 61.808 10 -76.738
v 38.938 10 -78.541
v 38.58 10 -83.859
v 38.482 10 -84.07
v 37.286 10 -88.843
v 33.957 10 -89.111
v 35.41 10 -91.811
v 41.203 10 -97.413
v 42.44 10 -97.795
v 52.484 10 -91.804
v 52.508 10 -91.599
v 52.964 10 -86.556
v 57.402 10 -79.88
v 66.14 10 -86.12
v 74.963 10 -91.969
v 83.564 10 -98.606
v 83.875 10 -98.851
v 83.83 10 -96.007
v 77.004 10 -90.724
v 73.67 10 -84.32
v 71.579 10 -68.633
v 68.789 10 -64.445
v 68.644 10 -64.363
v 65.74 10 -64.855
v 58.906 10 -66.344
v 71.313 10 -28.698
v 75.706 10 -25.748
v 81.477 10 -9.009
v 86.95 10 -4.394
v 65.698 10 -16.566
v 63.81 10 -24.082
v 56.697 10 -34.602
v 53.079 10 -39.292
v 31.268 10 -24.219
v 24.21 10 -10.643
v 20.384 10 -25.506
v 28.57 10 -32.29
v 32.589 10 -40.947
v 39.167 10 -50.445
v 23.646 10 -51.847
v 27.548 10 -54.962
v 23.222 10 -57.883
v 60.997 10 -75.592
v 64.482 10 -72.723
v 63.458 10 -78.206
v 62.15 10 -77.07
v 38.901 10 -78.388
v 37.36 10 -88.706
v 41.53 10 -97.512
v 42.155 10 -97.704
v 53.114 10 -86.669
v 57.474 10 -79.541
v 75.094 10 -91.974
v 78.006 10 -94.318
v 79.77 10 -96.39
v 79.494 10 -92.243
v 76.931 10 -90.636
v 73.672 10 -84.997
v 58.903 10 -66.726
v 60.129 10 -51.02
v 70.793 10 -28.72
v 81.306 10 -9.096
v 73.048 10 -4.834
v 72.898 10 -5.243
v 31.294 10 -24.404
v 24.495 10 -11.247
v 20.606 10 -5.381
v 12.361 10 -7.426
v 32.651 10 -40.819
v 33.106 10 -44.78
v 39.354 10 -50.417
v 23.768 10 -48.937
v 27.932 10 -54.837
v 23.283 10 -57.305
v 23.784 10 -62.208
v 64.714 10 -72.527
v 63.149 10 -77.99
v 62.729 10 -77.62
v 39.66 10 -81.192
v 39.46 10 -82.171
v 41.85 10 -97.61
v 57.537 10 -79.323
v 59.92 10 -79.85
v 75.19 10 -91.997
v 78.046 10 -94.246
v 79.913 10 -96.19
v 79.411 10 -92.356
v 74.285 10 -86.614
v 73.205 10 -73.129
v 60.024 10 -51.096
v 71.039 10 -28.489
v 81.186 10 -9.178
v 73.023 10 -5.214
v 65.069 10 -21.738
v 61.703 10 -29.118
v 20.592 10 -5.589
v 32.415 10 -43.842
v 30.392 10 -49.793
v 39.703 10 -81.323
v 57.603 10 -79.196
v 58.91 10 -78.84
v 78.06 10 -94.21
v 80.02 10 -96.056
v 80.22 10 -95.964
v 79.343 10 -92.444
v 74.076 10 -86.44
v 73.681 10 -85.482
v 72.19 10 -72.112
v 57.958 10 -56.734
v 59.898 10 -51.196
v 64.557 10 -41.369
v 70.92 10 -28.42
v 81.107 10 -9.261
v 73.07 10 -5.2
v 69.71 10 -10.098
v 65.171 10 -21.536
v 20.583 10 -5.775
v 12.331 10 -7.283
v 32.669 10 -40.717
v 32.737 10 -44.278
v 30.87 10 -50.255
v 28.09 10 -54.77
v 64.901 10 -72.381
v 39.598 10 -81.881
v 37.329 10 -88.803
v 57.68 10 -79.132
v 80.163 10 -95.951
v 81.68 10 -94.28
v 73.924 10 -86.309
v 72.928 10 -73
v 72.235 10 -72.345
v 57.849 10 -56.559
v 59.758 10 -51.316
v 70.882 10 -28.503
v 76.254 10 -24.04
v 70.011 10 -9.467
v 61.886 10 -28.909
v 20.58 10 -5.93
v 12.244 10 -7.048
v 39.516 10 -50.395
v 31.368 10 -50.734
v 25.979 10 -51.98
v 65.033 10 -72.292
v 39.7 10 -81.636
v 78.015 10 -94.162
v 83.16 10 -95.478
v 82.002 10 -94.548
v 73.84 10 -86.23
v 73.699 10 -85.811
v 72.274 10 -72.528
v 57.799 10 -56.384
v 59.61 10 -51.45
v 76.78 10 -22.406
v 81.06 10 -9.35
v 64.834 10 -20.919
v 65.237 10 -21.396
v 52.957 10 -39.506
v 21.65 10 -6.64
v 20.58 10 -6.42
v 26.267 10 -52.029
v 28.117 10 -54.736
v 65.1 10 -72.27
v 50.69 10 -84.82
v 80.1 10 -95.979
v 82.523 10 -94.969
v 73.775 10 -86.149
v 72.69 10 -72.887
v 72.303 10 -72.65
v 80.98 10 -9.583
v 62.195 10 -28.175
v 52.866 10 -39.662
v 12.092 10 -6.703
v 32.65 10 -40.63
v 26.547 10 -52.186
v 28.146 10 -54.677
v 38.474 10 -78.063
v 39.74 10 -81.49
v 50.54 10 -84
v 77.688 10 -93.895
v 72.502 10 -72.797
v 72.32 10 -72.7
v 65.048 10 -42.55
v 80.801 10 -10.12
v 64.973 10 -21.033
v 62.222 10 -28.241
v 52.81 10 -39.75
v 32.393 10 -40.088
v 36.574 10 -55.691
v 28.176 10 -54.597
v 38.609 10 -78.116
v 77.886 10 -94.053
v 79.291 10 -92.5
v 72.375 10 -72.732
v 64.855 10 -42.425
v 80.54 10 -10.912
v 65.09 10 -21.136
v 62.245 10 -28.301
v 31.813 10 -38.89
v 36.949 10 -56.037
v 28.208 10 -54.503
v 38.719 10 -78.164
v 39.73 10 -81.425
v 58.982 10 -66.979
v 64.732 10 -42.297
v 73.06 10 -5.026
v 65.181 10 -21.224
v 62.261 10 -28.352
v 31.049 10 -37.318
v 37.246 10 -56.306
v 28.239 10 -54.399
v 38.799 10 -78.203
v 79.26 10 -92.52
v 64.648 10 -42.14
v 73.067 10 -5.152
v 65.239 10 -21.29
v 62.27 10 -28.39
v 43.375 10 -39.33
v 30.237 10 -35.654
v 37.446 10 -56.479
v 28.27 10 -54.29
v 38.84 10 -78.23
v 79.204 10 -92.492
v 64.57 10 -41.93
v 65.26 10 -21.33
v 29.515 10 -34.18
v 37.53 10 -56.54
v 38.868 10 -78.281
v 64.517 10 -41.762
v 29.02 10 -33.18
v 50.39 10 -83.18
v 79.093 10 -92.414
v 64.493 10 -41.631
v 39.645 10 -50.379
v 50.71 10 -82.49
v 78.935 10 -92.294
v 64.504 10 -41.509
v 62.242 10 -28.453
v 37.586 10 -56.511
v 43.494 10 -39.359
v 37.706 10 -56.43
v 43.676 10 -39.386
v 37.88 10 -56.305
v 43.913 10 -39.411
v 38.097 10 -56.143
v 38.348 10 -55.952
v 73.729 10 -86.021
v 38.62 10 -55.74
v 57.805 10 -56.181
v 52.147 10 -39.872
v 62.164 10 -28.567
v 52.456 10 -39.874
v 62.042 10 -28.723
v 52.643 10 -39.854
v 39.887 10 -51.194
v 68.866 10 -82.241
v 52.747 10 -39.813
v 39.909 10 -50.673
v 69.015 10 -82.294
v 39.73 10 -50.37
v 65.15 10 -72.286
v 39.83 10 -50.368
v 69.122 10 -82.328
v 39.89 10 -50.433
v 69.18 10 -82.34
v 58.927 10 -66.92
v 69.227 10 -82.31
v 69.268 10 -82.219
v 69.305 10 -82.064
v 69.339 10 -81.841
v 69.37 10 -81.547
v 69.4 10 -81.18
f 1 2 3
f 4 5 6
f 7 4 8
f 9 7 10
f 11 12 13
f 14 11 15
f 16 14 17
f 18 16 19
f 20 18 21
f 22 23 24
f 25 22 26
f 27 25 28
f 29 27 30
f 31 32 33
f 34 31 35
f 36 37 38
f 39 36 40
f 41 39 42
f 2 43 3
f 44 2 45
f 46 44 47
f 48 46 49
f 50 48 51
f 52 53 54
f 55 56 57
f 58 55 59
f 60 58 61
f 62 60 63
f 64 65 66
f 67 64 68
f 69 67 70
f 71 72 73
f 74 71 75
f 76 74 77
f 78 76 79
f 80 81 82
f 83 80 84
f 85 83 86
f 87 85 88
f 89 87 90
f 91 89 92
f 93 94 95
f 96 93 97
f 98 96 99
f 100 98 101
f 102 103 104
f 105 102 106
f 107 105 108
f 109 107 110
f 111 109 112
f 113 111 114
f 115 113 116
f 117 118 119
f 120 117 121
f 122 120 123
f 124 122 125
f 126 124 127
f 128 126 129
f 130 128 131
f 132 133 134
f 135 132 136
f 137 138 139
f 140 137 141
f 142 140 143
f 144 142 145
f 146 144 147
f 148 146 149
f 150 151 152
f 153 150 154
f 155 153 156
f 157 158 159
f 160 157 161
f 162 160 163
f 164 162 165
f 166 164 167
f 168 166 169
f 170 171 172
f 173 170 174
f 175 176 177
f 178 179 180
f 181 178 182
f 183 184 185
f 186 183 187
f 188 189 190
f 191 188 192
f 193 194 195
f 196 193 197
f 198 196 199
f 200 198 201
f 202 200 203
f 204 205 206
f 207 208 209
f 210 207 211
f 212 210 213
f 214 212 215
f 216 217 218
f 219 216 220
f 221 219 222
f 223 221 224
f 225 226 227
f 228 225 229
f 230 228 231
f 232 230 233
f 234 232 235
f 236 234 237
f 238 239 240
f 241 238 242
f 243 241 244
f 245 246 247
f 248 245 249
f 250 248 251
f 252 250 253
f 254 252 255
f 256 254 257
f 258 256 259
f 260 258 261
f 262 260 263
f 264 265 266
f 267 264 268
f 269 267 270
f 271 269 272
f 273 271 274
f 275 273 276
f 277 275 278
f 279 277 280
f 281 279 282
f 283 284 285
f 286 283 287
f 288 286 289
f 290 291 292
f 293 290 294
f 295 293 296
f 297 295 298
f 299 300 301
f 302 299 303
f 304 302 305
f 306 304 307
f 308 306 309
f 310 308 311
f 312 310 313
f 314 315 316
f 317 314 318
f 319 317 320
f 321 322 323
f 324 321 325
f 326 324 327
f 328 326 329
f 330 328 331
f 332 330 333
f 334 335 336
f 337 334 338
f 339 337 340
f 341 339 342
f 343 341 344
f 345 343 346
f 347 348 349
f 350 347 351
f 352 350 353
f 354 355 356
f 357 354 358
f 359 360 361
f 362 359 363
f 364 362 365
f 366 364 367
f 368 369 370
f 371 372 373
f 374 375 376
f 377 374 378
f 379 377 380
f 381 379 382
f 383 381 384
f 385 383 386
f 387 385 388
f 389 387 390
f 391 389 392
f 393 394 395
f 396 393 397
f 398 399 400
f 401 402 403
f 404 401 405
f 406 404 407
f 408 406 409
f 410 411 412
f 413 410 414
f 415 413 416
f 417 415 418
f 419 417 420
f 421 419 422
f 423 424 425
f 426 423 427
f 428 426 429
f 430 428 431
f 432 430 433
f 434 432 435
f 436 434 437
f 438 439 440
f 441 438 442
f 443 444 445
f 446 447 448
f 449 446 450
f 451 449 452
f 453 451 454
f 455 453 456
f 457 455 458
f 459 460 461
f 462 463 464
f 465 462 466
f 467 465 468
f 469 467 470
f 471 469 472
f 473 474 475
f 476 473 477
f 478 476 479
f 480 478 481
f 482 480 483
f 484 482 485
f 486 484 487
f 488 486 489
f 490 488 491
f 492 490 493
f 494 492 495
f 496 497 498
f 499 496 500
f 501 499 502
f 503 501 504
f 505 503 506
f 507 505 508
f 509 507 510
f 511 512 513
f 514 515 516
f 517 514 518
f 519 517 520
f 521 522 523
f 524 521 525
f 526 524 527
f 528 526 529
f 530 531 532
f 533 530 534
f 535 533 536
f 537 535 538
f 539 540 541
f 542 539 543
f 544 542 545
f 546 544 547
f 548 546 549
f 550 548 551
f 552 550 553
f 554 555 556
f 557 554 558
f 559 557 560
f 561 559 562
f 563 561 564
f 565 566 567
f 568 565 569
f 570 568 571
f 572 573 574
f 575 572 576
f 577 575 578
f 579 580 581
f 582 579 583
f 584 582 585
f 586 587 588
f 589 586 590
f 591 589 592
f 593 591 594
f 595 593 596
f 597 595 598
f 599 597 600
f 601 599 602
f 603 601 604
f 605 606 607
f 608 605 609
f 610 608 611
f 612 610 613
f 614 612 615
f 616 617 618
f 619 620 621
f 622 619 623
f 624 622 625
f 626 624 627
f 628 629 630
f 631 628 632
f 633 634 635
f 636 633 637
f 638 636 639
f 640 641 642
f 643 640 644
f 645 643 646
f 647 645 648
f 649 647 650
f 651 649 652
f 653 651 654
f 655 653 656
f 657 655 658
f 659 657 660
f 661 659 662
f 663 661 664
f 665 666 667
f 668 665 669
f 670 668 671
f 672 670 673
f 674 672 675
f 676 674 677
f 678 676 679
f 680 678 681
f 682 680 683
f 684 682 685
f 686 687 688
f 689 686 690
f 691 689 692
f 693 691 694
f 695 696 697
f 698 695 699
f 700 698 701
f 702 700 703
f 704 702 705
f 706 704 707
f 708 706 709
f 710 708 711
f 712 713 714
f 715 716 717
f 718 715 719
f 720 718 721
f 722 720 723
f 724 722 725
f 726 724 727
f 728 729 730
f 731 728 732
f 733 731 734
f 735 736 737
f 738 739 740
f 741 738 742
f 743 741 744
f 745 743 746
f 747 745 748
f 749 747 750
f 751 752 753
f 754 755 756
f 757 758 759
f 760 761 762
f 763 760 764
f 765 763 766
f 767 765 768
f 769 767 770
f 771 772 773
f 774 771 775
f 776 774 777
f 778 776 779
f 780 778 781
f 782 780 783
f 784 785 786
f 787 784 788
f 789 787 790
f 791 789 792
f 793 791 794
f 795 793 796
f 797 795 798
f 799 800 801
f 802 799 803
f 804 802 805
f 806 804 807
f 808 809 810
f 811 812 813
f 814 815 816
f 817 814 818
f 819 817 820
f 821 819 822
f 823 824 825
f 826 827 828
f 829 826 830
f 831 829 832
f 833 831 834
f 1 835 2
f 7 5 4
f 836 7 9
f 11 837 12
f 16 11 14
f 20 16 18
f 22 838 23
f 27 22 25
f 31 839 32
f 37 31 34
f 39 37 36
f 840 39 41
f 2 841 43
f 46 2 44
f 842 48 50
f 58 56 55
f 62 58 60
f 67 65 64
f 843 67 69
f 71 844 72
f 76 71 74
f 845 76 78
f 83 81 80
f 87 83 85
f 91 87 89
f 93 846 94
f 98 93 96
f 102 847 103
f 107 102 105
f 111 107 109
f 115 111 113
f 117 848 118
f 122 117 120
f 126 122 124
f 130 126 128
f 132 849 133
f 850 132 135
f 140 138 137
f 144 140 142
f 148 144 146
f 153 151 150
f 851 153 155
f 160 158 157
f 164 160 162
f 168 164 166
f 173 171 170
f 175 852 176
f 178 853 179
f 186 184 183
f 188 186 189
f 194 188 191
f 196 194 193
f 200 196 198
f 854 200 202
f 204 854 205
f 210 208 207
f 214 210 212
f 219 217 216
f 223 219 221
f 228 226 225
f 232 228 230
f 236 232 234
f 241 239 238
f 245 855 246
f 250 245 248
f 254 250 252
f 258 254 256
f 262 258 260
f 267 265 264
f 271 267 269
f 275 271 273
f 279 275 277
f 856 279 281
f 286 284 283
f 857 286 288
f 290 858 291
f 295 290 293
f 859 295 297
f 302 300 299
f 306 302 304
f 310 306 308
f 860 310 312
f 317 315 314
f 861 317 319
f 321 862 322
f 326 321 324
f 330 326 328
f 863 330 332
f 334 864 335
f 339 334 337
f 343 339 341
f 865 343 345
f 350 348 347
f 866 350 352
f 357 355 354
f 359 867 360
f 364 359 362
f 868 364 366
f 869 369 368
f 371 870 372
f 377 375 374
f 381 377 379
f 385 381 383
f 389 385 387
f 871 389 391
f 396 394 393
f 398 872 399
f 404 402 401
f 408 404 406
f 413 411 410
f 417 413 415
f 421 417 419
f 426 424 423
f 430 426 428
f 434 430 432
f 438 873 439
f 443 441 444
f 449 447 446
f 453 449 451
f 457 453 455
f 874 460 459
f 462 874 463
f 467 462 465
f 471 467 469
f 473 875 474
f 478 473 476
f 482 478 480
f 486 482 484
f 490 486 488
f 494 490 492
f 496 876 497
f 501 496 499
f 505 501 503
f 509 505 507
f 877 512 511
f 517 515 514
f 522 517 519
f 524 522 521
f 528 524 526
f 533 531 530
f 537 533 535
f 542 540 539
f 546 542 544
f 550 546 548
f 557 555 554
f 561 557 559
f 878 561 563
f 568 566 565
f 575 573 572
f 879 575 577
f 582 580 579
f 880 582 584
f 589 587 586
f 593 589 591
f 597 593 595
f 601 597 599
f 608 606 605
f 612 608 610
f 881 612 614
f 616 882 617
f 622 620 619
f 626 622 624
f 631 629 628
f 633 631 634
f 638 633 636
f 640 883 641
f 645 640 643
f 649 645 647
f 653 649 651
f 657 653 655
f 661 657 659
f 884 661 663
f 668 666 665
f 672 668 670
f 676 672 674
f 680 676 678
f 684 680 682
f 689 687 686
f 693 689 691
f 698 696 695
f 702 698 700
f 706 702 704
f 885 708 710
f 886 713 712
f 718 716 715
f 722 718 720
f 726 722 724
f 728 887 729
f 733 728 731
f 735 888 736
f 738 889 739
f 743 738 741
f 747 743 745
f 890 747 749
f 891 755 754
f 757 892 758
f 765 760 763
f 769 765 767
f 774 772 771
f 778 774 776
f 782 778 780
f 787 785 784
f 791 787 789
f 795 791 793
f 799 893 800
f 804 799 802
f 811 894 812
f 814 895 815
f 819 814 817
f 896 819 821
f 823 897 824
f 826 898 827
f 831 826 829
f 899 831 833
f 1 900 835
f 7 901 5
f 902 7 836
f 11 903 837
f 20 11 16
f 22 904 838
f 29 22 27
f 39 31 37
f 2 905 841
f 48 2 46
f 906 48 842
f 58 907 56
f 908 58 62
f 843 65 67
f 71 909 844
f 845 71 76
f 87 81 83
f 910 87 91
f 98 846 93
f 102 911 847
f 111 102 107
f 912 111 115
f 117 913 848
f 126 117 122
f 914 126 130
f 132 915 849
f 916 132 850
f 144 138 140
f 917 144 148
f 153 918 151
f 164 158 160
f 919 164 168
f 173 920 171
f 853 852 175
f 181 853 178
f 186 921 184
f 194 186 188
f 200 194 196
f 204 200 854
f 214 208 210
f 219 922 217
f 923 219 223
f 228 924 226
f 236 228 232
f 243 239 241
f 245 925 855
f 254 245 250
f 262 254 258
f 271 265 267
f 279 271 275
f 926 279 856
f 857 284 286
f 290 927 858
f 859 290 295
f 306 300 302
f 860 306 310
f 317 928 315
f 326 862 321
f 863 326 330
f 339 864 334
f 865 339 343
f 350 929 348
f 867 355 357
f 364 867 359
f 371 930 870
f 381 375 377
f 389 381 385
f 872 394 396
f 931 872 398
f 404 932 402
f 411 404 408
f 417 411 413
f 933 417 421
f 426 934 424
f 434 426 430
f 441 873 438
f 935 441 443
f 449 936 447
f 457 449 453
f 462 460 874
f 471 462 467
f 473 937 875
f 482 473 478
f 490 482 486
f 938 490 494
f 501 876 496
f 509 501 505
f 517 939 515
f 524 517 522
f 533 940 531
f 941 533 537
f 542 942 540
f 550 542 546
f 561 555 557
f 570 566 568
f 575 943 573
f 944 575 879
f 880 580 582
f 593 587 589
f 601 593 597
f 608 603 606
f 881 608 612
f 616 945 882
f 626 620 622
f 631 946 629
f 638 631 633
f 645 883 640
f 653 645 649
f 661 653 657
f 672 666 668
f 680 672 676
f 947 680 684
f 689 948 687
f 949 689 693
f 702 696 698
f 708 702 706
f 713 708 885
f 718 950 716
f 726 718 722
f 733 887 728
f 951 888 735
f 743 889 738
f 890 743 747
f 952 755 891
f 757 952 892
f 769 760 765
f 774 769 772
f 782 774 778
f 787 953 785
f 795 787 791
f 804 893 799
f 811 954 894
f 819 895 814
f 955 897 823
f 826 956 898
f 899 826 831
f 1 957 900
f 902 901 7
f 11 958 903
f 959 11 20
f 29 904 22
f 840 31 39
f 2 960 905
f 906 2 48
f 908 907 58
f 843 961 65
f 845 909 71
f 910 81 87
f 98 962 846
f 111 911 102
f 963 111 912
f 126 913 117
f 964 126 914
f 132 964 915
f 965 132 916
f 917 138 144
f 851 918 153
f 919 158 164
f 966 920 173
f 181 852 853
f 194 921 186
f 204 194 200
f 967 208 214
f 219 968 922
f 969 219 923
f 236 924 228
f 970 239 243
f 254 925 245
f 971 254 262
f 279 265 271
f 857 972 284
f 290 973 927
f 974 290 859
f 860 300 306
f 861 928 317
f 326 975 862
f 976 326 863
f 339 977 864
f 978 339 865
f 866 929 350
f 364 355 867
f 381 979 375
f 871 381 389
f 931 394 872
f 404 980 932
f 417 404 411
f 426 981 934
f 436 426 434
f 935 873 441
f 457 936 449
f 471 460 462
f 473 982 937
f 490 473 482
f 983 490 938
f 501 984 876
f 985 501 509
f 524 939 517
f 941 940 533
f 550 942 542
f 878 555 561
f 986 566 570
f 575 987 943
f 988 575 944
f 989 580 880
f 601 587 593
f 881 603 608
f 616 990 945
f 991 620 626
f 638 946 631
f 645 992 883
f 661 645 653
f 680 666 672
f 948 680 947
f 949 948 689
f 702 993 696
f 886 708 713
f 726 950 718
f 733 994 887
f 995 888 951
f 743 995 889
f 996 743 890
f 757 755 952
f 774 760 769
f 997 774 782
f 787 998 953
f 797 787 795
f 804 999 893
f 811 1000 954
f 819 1001 895
f 956 897 955
f 899 956 826
f 1 899 957
f 902 1002 901
f 904 11 959
f 1003 31 840
f 2 1004 960
f 908 1005 907
f 1006 961 843
f 845 1007 909
f 910 1008 81
f 98 1009 962
f 111 1010 911
f 1011 111 963
f 126 1012 913
f 132 126 964
f 1013 132 965
f 917 1014 138
f 851 1015 918
f 1016 158 919
f 1017 852 181
f 194 1017 921
f 1018 194 204
f 969 968 219
f 236 969 924
f 1019 239 970
f 254 1020 925
f 1021 254 971
f 926 265 279
f 1022 972 857
f 974 973 290
f 860 1023 300
f 1024 928 861
f 326 1024 975
f 1025 326 976
f 339 1026 977
f 1027 339 978
f 866 1027 929
f 364 1028 355
f 871 979 381
f 404 931 980
f 933 404 417
f 426 1029 981
f 1030 426 436
f 457 1031 936
f 1032 460 471
f 473 1032 982
f 983 473 490
f 985 984 501
f 524 1033 939
f 1034 940 941
f 550 1034 942
f 566 555 878
f 575 1035 987
f 1036 575 988
f 603 587 601
f 616 1037 990
f 638 1038 946
f 661 992 645
f 948 666 680
f 702 1039 993
f 1040 950 726
f 733 1041 994
f 743 888 995
f 1042 743 996
f 997 760 774
f 797 998 787
f 804 1043 999
f 811 1044 1000
f 819 1045 1001
f 899 897 956
f 1046 899 1
f 1047 1002 902
f 29 11 904
f 1048 31 1003
f 2 1049 1004
f 908 1050 1005
f 1007 961 1006
f 1051 1007 845
f 1009 1008 910
f 100 1009 98
f 111 100 1010
f 1052 111 1011
f 126 1053 1012
f 1013 126 132
f 1054 1014 917
f 1055 158 1016
f 194 852 1017
f 1056 194 1018
f 969 1057 968
f 1058 969 236
f 1020 239 1019
f 1021 1020 254
f 1059 265 926
f 974 1060 973
f 860 1061 1023
f 326 928 1024
f 339 1025 1026
f 866 339 1027
f 364 1062 1028
f 871 1063 979
f 404 394 931
f 1064 404 933
f 1030 1029 426
f 457 1065 1031
f 473 460 1032
f 1066 473 983
f 985 1067 984
f 524 877 1033
f 550 940 1034
f 986 555 566
f 1036 1035 575
f 881 587 603
f 616 1068 1037
f 638 1069 1038
f 661 1070 992
f 948 1071 666
f 702 949 1039
f 733 1072 1041
f 743 1073 888
f 1074 743 1042
f 997 761 760
f 797 1075 998
f 804 797 1043
f 811 1076 1044
f 819 1077 1045
f 899 1078 897
f 1002 899 1046
f 1079 1002 1047
f 1080 31 1048
f 2 1081 1049
f 1082 1050 908
f 1007 1083 961
f 100 1008 1009
f 1052 100 111
f 126 1084 1053
f 1014 126 1013
f 1015 1014 1054
f 1085 158 1055
f 194 1086 852
f 1087 194 1056
f 969 1088 1057
f 1089 969 1058
f 1021 239 1020
f 1090 265 1059
f 1091 1060 974
f 1092 1061 860
f 1025 928 326
f 866 1025 339
f 868 1062 364
f 871 1093 1063
f 1064 394 404
f 1030 1094 1029
f 457 1095 1065
f 1066 460 473
f 985 1096 1067
f 524 512 877
f 550 1097 940
f 986 1098 555
f 1036 986 1035
f 616 881 1068
f 638 991 1069
f 661 1099 1070
f 949 1071 948
f 708 949 702
f 1100 1072 733
f 1074 1073 743
f 997 1101 761
f 797 997 1075
f 806 797 804
f 1077 1076 811
f 896 1077 819
f 899 896 1078
f 1079 899 1002
f 2 1080 1081
f 1102 1050 1082
f 1051 1083 1007
f 1052 1008 100
f 126 1052 1084
f 1015 126 1014
f 1103 158 1085
f 194 1104 1086
f 969 1105 1088
f 1106 969 1089
f 1021 1107 239
f 1108 265 1090
f 1109 1060 1091
f 1092 1110 1061
f 1025 1111 928
f 1112 1062 868
f 871 1113 1093
f 1064 1114 394
f 1030 1115 1094
f 457 1116 1095
f 1066 457 460
f 985 1117 1096
f 524 1118 512
f 550 1119 1097
f 1036 1098 986
f 620 881 616
f 638 620 991
f 661 1120 1099
f 949 1121 1071
f 1100 1122 1072
f 1074 1123 1073
f 997 1124 1101
f 806 997 797
f 1077 1125 1076
f 899 1077 896
f 1126 899 1079
f 906 1080 2
f 1051 1127 1083
f 1052 1128 1008
f 1015 1052 126
f 1129 158 1103
f 1087 1104 194
f 1106 1105 969
f 1021 1130 1107
f 1108 1131 265
f 1132 1060 1109
f 1133 1110 1092
f 1025 1134 1111
f 1135 1062 1112
f 871 1136 1113
f 1137 1114 1064
f 1138 1115 1030
f 1066 1116 457
f 1139 1117 985
f 528 1118 524
f 552 1119 550
f 1036 1140 1098
f 638 881 620
f 661 1141 1120
f 949 1142 1121
f 1123 1122 1100
f 1143 1123 1074
f 997 1144 1124
f 1145 997 806
f 899 1125 1077
f 1146 899 1126
f 53 1080 906
f 1051 1147 1127
f 1052 1051 1128
f 851 1052 1015
f 208 1104 1087
f 1106 1148 1105
f 1149 1130 1021
f 1108 1150 1131
f 1151 1060 1132
f 1133 1152 1110
f 1025 1153 1134
f 1154 1062 1135
f 871 1155 1136
f 1115 1114 1137
f 1156 1115 1138
f 1066 1157 1116
f 1118 1117 1139
f 1158 1118 528
f 552 1159 1119
f 1160 1140 1036
f 1161 881 638
f 661 1162 1141
f 708 1142 949
f 1143 1122 1123
f 997 757 1144
f 1163 997 1145
f 899 1164 1125
f 1165 899 1146
f 52 1080 53
f 1052 1147 1051
f 1166 1052 851
f 967 1104 208
f 1167 1148 1106
f 1168 1130 1149
f 1108 1168 1150
f 1169 1060 1151
f 1170 1152 1133
f 1025 1171 1153
f 871 371 1155
f 873 1115 1156
f 1066 1172 1157
f 1158 1117 1118
f 1173 1159 552
f 1174 1140 1160
f 1162 881 1161
f 884 1162 661
f 708 1175 1142
f 1143 1176 1122
f 997 755 757
f 1177 997 1163
f 899 1178 1164
f 1179 1080 52
f 1052 1180 1147
f 1181 1052 1166
f 1182 1104 967
f 1130 1148 1167
f 1108 1130 1168
f 1183 1152 1170
f 1025 1184 1171
f 1185 371 871
f 935 1115 873
f 1066 1186 1172
f 1187 1117 1158
f 1188 1159 1173
f 1189 1140 1174
f 884 881 1162
f 708 884 1175
f 1143 1190 1176
f 997 1191 755
f 809 997 1177
f 899 1192 1178
f 1193 1080 1179
f 1181 1180 1052
f 1194 1104 1182
f 1130 1194 1148
f 1195 1130 1108
f 1196 1152 1183
f 866 1184 1025
f 1197 371 1185
f 1198 1115 935
f 1066 1198 1186
f 1199 1117 1187
f 1200 1159 1188
f 884 587 881
f 886 884 708
f 1143 1201 1190
f 997 1202 1191
f 808 997 809
f 899 1203 1192
f 1204 1080 1193
f 1181 1205 1180
f 1195 1194 1130
f 1184 1152 1196
f 1206 1184 866
f 1207 371 1197
f 1208 1198 1066
f 1209 1117 1199
f 1210 1159 1200
f 886 587 884
f 1143 1211 1201
f 997 1212 1202
f 899 1213 1203
f 1214 1080 1204
f 1181 1102 1205
f 1215 1194 1195
f 1216 371 1207
f 1217 1198 1208
f 1218 1117 1209
f 1219 1159 1210
f 886 1220 587
f 1143 1221 1211
f 997 1222 1212
f 899 1223 1213
f 1224 1080 1214
f 1181 1050 1102
f 1225 1194 1215
f 1226 371 1216
f 1117 1198 1217
f 1227 1117 1218
f 950 1220 886
f 1143 1228 1221
f 997 1229 1222
f 899 808 1223
f 1230 1080 1224
f 1181 1230 1050
f 1225 1104 1194
f 1231 371 1226
f 1117 1115 1198
f 1159 1117 1227
f 1040 1220 950
f 1143 1232 1228
f 808 1229 997
f 1165 808 899
f 1233 1230 1181
f 1234 1104 1225
f 1235 371 1231
f 1117 1114 1115
f 1219 1117 1159
f 1232 1220 1040
f 1236 1232 1143
f 1165 1229 808
f 1237 1230 1233
f 1238 1104 1234
f 1239 371 1235
f 1117 1239 1114
f 1240 1117 1219
f 1236 1220 1232
f 1165 1241 1229
f 158 1230 1237
f 972 1104 1238
f 1117 371 1239
f 1236 1242 1220
f 1165 1243 1241
f 1129 1230 158
f 1022 1104 972
f 1117 930 371
f 1236 1244 1242
f 1165 1245 1243
f 920 1230 1129
f 1060 1104 1022
f 1117 869 930
f 1236 1246 1244
f 1165 1247 1245
f 966 1230 920
f 1169 1104 1060
f 1117 369 869
f 1236 989 1246
f 1165 1248 1247
f 1104 1230 966
f 1249 1104 1169
f 1240 369 1117
f 1236 580 989
f 1165 1250 1248
f 1104 1080 1230
f 1152 1104 1249
f 1240 1251 369
f 1236 1252 580
f 1165 751 1250
f 1104 31 1080
f 1253 1251 1240
f 1236 1254 1252
f 1165 752 751
f 1104 839 31
f 1255 1251 1253
f 1236 1256 1254
f 1165 1257 752
f 1104 1258 839
f 1140 1251 1255
f 1236 1259 1256
f 1165 1260 1257
f 1104 1261 1258
f 1189 1251 1140
f 1262 1259 1236
f 1263 1260 1165
f 1152 1261 1104
f 1189 1154 1251
f 1264 1259 1262
f 1152 1265 1261
f 1189 1062 1154
f 1266 1259 1264
f 1152 1267 1265
f 1189 1268 1062
f 1260 1259 1266
f 1152 1269 1267
f 1259 1268 1189
f 1152 1270 1269
f 1260 1268 1259
f 1152 1271 1270
f 1260 1206 1268
f 1152 1272 1271
f 1263 1206 1260
f 1152 1273 1272
f 1263 1184 1206
f 1152 1274 1273
f 958 1184 1263
f 1152 29 1274
f 11 1184 958
f 1152 11 29
f 11 1152 1184
f 1275 1276 1277
f 1278 1279 1280
f 1279 1281 1282
f 1281 1283 1284
f 1285 1286 1287
f 1286 1288 1289
f 1288 1290 1291
f 1290 1292 1293
f 1292 1294 1295
f 1296 1297 1298
f 1297 1299 1300
f 1299 1301 1302
f 1301 1303 1304
f 1305 1306 1307
f 1306 1308 1309
f 1310 1311 1312
f 1311 1313 1314
f 1313 1315 1316
f 1317 1275 1277
f 1275 1318 1319
f 1318 1320 1321
f 1320 1322 1323
f 1322 1324 1325
f 1326 1327 1328
f 1329 1330 1331
f 1330 1332 1333
f 1332 1334 1335
f 1334 1336 1337
f 1338 1339 1340
f 1339 1341 1342
f 1341 1343 1344
f 1345 1346 1347
f 1346 1348 1349
f 1348 1350 1351
f 1350 1352 1353
f 1354 1355 1356
f 1355 1357 1358
f 1357 1359 1360
f 1359 1361 1362
f 1361 1363 1364
f 1363 1365 1366
f 1367 1368 1369
f 1368 1370 1371
f 1370 1372 1373
f 1372 1374 1375
f 1376 1377 1378
f 1377 1379 1380
f 1379 1381 1382
f 1381 1383 1384
f 1383 1385 1386
f 1385 1387 1388
f 1387 1389 1390
f 1391 1392 1393
f 1392 1394 1395
f 1394 1396 1397
f 1396 1398 1399
f 1398 1400 1401
f 1400 1402 1403
f 1402 1404 1405
f 1406 1407 1408
f 1407 1409 1410
f 1411 1412 1413
f 1412 1414 1415
f 1414 1416 1417
f 1416 1418 1419
f 1418 1420 1421
f 1420 1422 1423
f 1424 1425 1426
f 1425 1427 1428
f 1427 1429 1430
f 1431 1432 1433
f 1432 1434 1435
f 1434 1436 1437
f 1436 1438 1439
f 1438 1440 1441
f 1440 1442 1443
f 1444 1445 1446
f 1445 1447 1448
f 1449 1450 1451
f 1452 1453 1454
f 1453 1455 1456
f 1457 1458 1459
f 1458 1460 1461
f 1462 1463 1464
f 1463 1465 1466
f 1467 1468 1469
f 1468 1470 1471
f 1470 1472 1473
f 1472 1474 1475
f 1474 1476 1477
f 1478 1479 1480
f 1481 1482 1483
f 1482 1484 1485
f 1484 1486 1487
f 1486 1488 1489
f 1490 1491 1492
f 1491 1493 1494
f 1493 1495 1496
f 1495 1497 1498
f 1499 1500 1501
f 1500 1502 1503
f 1502 1504 1505
f 1504 1506 1507
f 1506 1508 1509
f 1508 1510 1511
f 1512 1513 1514
f 1513 1515 1516
f 1515 1517 1518
f 1519 1520 1521
f 1520 1522 1523
f 1522 1524 1525
f 1524 1526 1527
f 1526 1528 1529
f 1528 1530 1531
f 1530 1532 1533
f 1532 1534 1535
f 1534 1536 1537
f 1538 1539 1540
f 1539 1541 1542
f 1541 1543 1544
f 1543 1545 1546
f 1545 1547 1548
f 1547 1549 1550
f 1549 1551 1552
f 1551 1553 1554
f 1553 1555 1556
f 1557 1558 1559
f 1558 1560 1561
f 1560 1562 1563
f 1564 1565 1566
f 1565 1567 1568
f 1567 1569 1570
f 1569 1571 1572
f 1573 1574 1575
f 1574 1576 1577
f 1576 1578 1579
f 1578 1580 1581
f 1580 1582 1583
f 1582 1584 1585
f 1584 1586 1587
f 1588 1589 1590
f 1589 1591 1592
f 1591 1593 1594
f 1595 1596 1597
f 1596 1598 1599
f 1598 1600 1601
f 1600 1602 1603
f 1602 1604 1605
f 1604 1606 1607
f 1608 1609 1610
f 1609 1611 1612
f 1611 1613 1614
f 1613 1615 1616
f 1615 1617 1618
f 1617 1619 1620
f 1621 1622 1623
f 1622 1624 1625
f 1624 1626 1627
f 1628 1629 1630
f 1629 1631 1632
f 1633 1634 1635
f 1634 1636 1637
f 1636 1638 1639
f 1638 1640 1641
f 1642 1643 1644
f 1645 1646 1647
f 1648 1649 1650
f 1649 1651 1652
f 1651 1653 1654
f 1653 1655 1656
f 1655 1657 1658
f 1657 1659 1660
f 1659 1661 1662
f 1661 1663 1664
f 1663 1665 1666
f 1667 1668 1669
f 1668 1670 1671
f 1672 1673 1674
f 1675 1676 1677
f 1676 1678 1679
f 1678 1680 1681
f 1680 1682 1683
f 1684 1685 1686
f 1685 1687 1688
f 1687 1689 1690
f 1689 1691 1692
f 1691 1693 1694
f 1693 1695 1696
f 1697 1698 1699
f 1698 1700 1701
f 1700 1702 1703
f 1702 1704 1705
f 1704 1706 1707
f 1706 1708 1709
f 1708 1710 1711
f 1712 1713 1714
f 1713 1715 1716
f 1717 1718 1719
f 1720 1721 1722
f 1721 1723 1724
f 1723 1725 1726
f 1725 1727 1728
f 1727 1729 1730
f 1729 1731 1732
f 1733 1734 1735
f 1736 1737 1738
f 1737 1739 1740
f 1739 1741 1742
f 1741 1743 1744
f 1743 1745 1746
f 1747 1748 1749
f 1748 1750 1751
f 1750 1752 1753
f 1752 1754 1755
f 1754 1756 1757
f 1756 1758 1759
f 1758 1760 1761
f 1760 1762 1763
f 1762 1764 1765
f 1764 1766 1767
f 1766 1768 1769
f 1770 1771 1772
f 1771 1773 1774
f 1773 1775 1776
f 1775 1777 1778
f 1777 1779 1780
f 1779 1781 1782
f 1781 1783 1784
f 1785 1786 1787
f 1788 1789 1790
f 1789 1791 1792
f 1791 1793 1794
f 1795 1796 1797
f 1796 1798 1799
f 1798 1800 1801
f 1800 1802 1803
f 1804 1805 1806
f 1805 1807 1808
f 1807 1809 1810
f 1809 1811 1812
f 1813 1814 1815
f 1814 1816 1817
f 1816 1818 1819
f 1818 1820 1821
f 1820 1822 1823
f 1822 1824 1825
f 1824 1826 1827
f 1828 1829 1830
f 1829 1831 1832
f 1831 1833 1834
f 1833 1835 1836
f 1835 1837 1838
f 1839 1840 1841
f 1840 1842 1843
f 1842 1844 1845
f 1846 1847 1848
f 1847 1849 1850
f 1849 1851 1852
f 1853 1854 1855
f 1854 1856 1857
f 1856 1858 1859
f 1860 1861 1862
f 1861 1863 1864
f 1863 1865 1866
f 1865 1867 1868
f 1867 1869 1870
f 1869 1871 1872
f 1871 1873 1874
f 1873 1875 1876
f 1875 1877 1878
f 1879 1880 1881
f 1880 1882 1883
f 1882 1884 1885
f 1884 1886 1887
f 1886 1888 1889
f 1890 1891 1892
f 1893 1894 1895
f 1894 1896 1897
f 1896 1898 1899
f 1898 1900 1901
f 1902 1903 1904
f 1903 1905 1906
f 1907 1908 1909
f 1908 1910 1911
f 1910 1912 1913
f 1914 1915 1916
f 1915 1917 1918
f 1917 1919 1920
f 1919 1921 1922
f 1921 1923 1924
f 1923 1925 1926
f 1925 1927 1928
f 1927 1929 1930
f 1929 1931 1932
f 1931 1933 1934
f 1933 1935 1936
f 1935 1937 1938
f 1939 1940 1941
f 1940 1942 1943
f 1942 1944 1945
f 1944 1946 1947
f 1946 1948 1949
f 1948 1950 1951
f 1950 1952 1953
f 1952 1954 1955
f 1954 1956 1957
f 1956 1958 1959
f 1960 1961 1962
f 1961 1963 1964
f 1963 1965 1966
f 1965 1967 1968
f 1969 1970 1971
f 1970 1972 1973
f 1972 1974 1975
f 1974 1976 1977
f 1976 1978 1979
f 1978 1980 1981
f 1980 1982 1983
f 1982 1984 1985
f 1986 1987 1988
f 1989 1990 1991
f 1990 1992 1993
f 1992 1994 1995
f 1994 1996 1997
f 1996 1998 1999
f 1998 2000 2001
f 2002 2003 2004
f 2003 2005 2006
f 2005 2007 2008
f 2009 2010 2011
f 2012 2013 2014
f 2013 2015 2016
f 2015 2017 2018
f 2017 2019 2020
f 2019 2021 2022
f 2021 2023 2024
f 2025 2026 2027
f 2028 2029 2030
f 2031 2032 2033
f 2034 2035 2036
f 2035 2037 2038
f 2037 2039 2040
f 2039 2041 2042
f 2041 2043 2044
f 2045 2046 2047
f 2046 2048 2049
f 2048 2050 2051
f 2050 2052 2053
f 2052 2054 2055
f 2054 2056 2057
f 2058 2059 2060
f 2059 2061 2062
f 2061 2063 2064
f 2063 2065 2066
f 2065 2067 2068
f 2067 2069 2070
f 2069 2071 2072
f 2073 2074 2075
f 2074 2076 2077
f 2076 2078 2079
f 2078 2080 2081
f 2082 2083 2084
f 2085 2086 2087
f 2088 2089 2090
f 2089 2091 2092
f 2091 2093 2094
f 2093 2095 2096
f 2097 2098 2099
f 2100 2101 2102
f 2101 2103 2104
f 2103 2105 2106
f 2105 2107 2108
f 2109 1276 1275
f 1278 1281 1279
f 1281 2110 1283
f 2111 1286 1285
f 1286 1290 1288
f 1290 1294 1292
f 2112 1297 1296
f 1297 1301 1299
f 2113 1306 1305
f 1306 1310 1308
f 1310 1313 1311
f 1313 2114 1315
f 2115 1275 1317
f 1275 1320 1318
f 1322 2116 1324
f 1329 1332 1330
f 1332 1336 1334
f 1338 1341 1339
f 1341 2117 1343
f 2118 1346 1345
f 1346 1350 1348
f 1350 2119 1352
f 1354 1357 1355
f 1357 1361 1359
f 1361 1365 1363
f 2120 1368 1367
f 1368 1372 1370
f 2121 1377 1376
f 1377 1381 1379
f 1381 1385 1383
f 1385 1389 1387
f 2122 1392 1391
f 1392 1396 1394
f 1396 1400 1398
f 1400 1404 1402
f 2123 1407 1406
f 1407 2124 1409
f 1411 1414 1412
f 1414 1418 1416
f 1418 1422 1420
f 1424 1427 1425
f 1427 2125 1429
f 1431 1434 1432
f 1434 1438 1436
f 1438 1442 1440
f 1444 1447 1445
f 2126 1450 1449
f 2127 1453 1452
f 1457 1460 1458
f 1460 1463 1462
f 1463 1467 1465
f 1467 1470 1468
f 1470 1474 1472
f 1474 2128 1476
f 2128 1479 1478
f 1481 1484 1482
f 1484 1488 1486
f 1490 1493 1491
f 1493 1497 1495
f 1499 1502 1500
f 1502 1506 1504
f 1506 1510 1508
f 1512 1515 1513
f 2129 1520 1519
f 1520 1524 1522
f 1524 1528 1526
f 1528 1532 1530
f 1532 1536 1534
f 1538 1541 1539
f 1541 1545 1543
f 1545 1549 1547
f 1549 1553 1551
f 1553 2130 1555
f 1557 1560 1558
f 1560 2131 1562
f 2132 1565 1564
f 1565 1569 1567
f 1569 2133 1571
f 1573 1576 1574
f 1576 1580 1578
f 1580 1584 1582
f 1584 2134 1586
f 1588 1591 1589
f 1591 2135 1593
f 2136 1596 1595
f 1596 1600 1598
f 1600 1604 1602
f 1604 2137 1606
f 2138 1609 1608
f 1609 1613 1611
f 1613 1617 1615
f 1617 2139 1619
f 1621 1624 1622
f 1624 2140 1626
f 1628 1631 1629
f 2141 1634 1633
f 1634 1638 1636
f 1638 2142 1640
f 1642 2143 1643
f 2144 1646 1645
f 1648 1651 1649
f 1651 1655 1653
f 1655 1659 1657
f 1659 1663 1661
f 1663 2145 1665
f 1667 1670 1668
f 2146 1673 1672
f 1675 1678 1676
f 1678 1682 1680
f 1684 1687 1685
f 1687 1691 1689
f 1691 1695 1693
f 1697 1700 1698
f 1700 1704 1702
f 1704 1708 1706
f 2147 1713 1712
f 1715 1718 1717
f 1720 1723 1721
f 1723 1727 1725
f 1727 1731 1729
f 1733 2148 1734
f 2148 1737 1736
f 1737 1741 1739
f 1741 1745 1743
f 2149 1748 1747
f 1748 1752 1750
f 1752 1756 1754
f 1756 1760 1758
f 1760 1764 1762
f 1764 1768 1766
f 2150 1771 1770
f 1771 1775 1773
f 1775 1779 1777
f 1779 1783 1781
f 1785 2151 1786
f 1788 1791 1789
f 1791 1795 1793
f 1795 1798 1796
f 1798 1802 1800
f 1804 1807 1805
f 1807 1811 1809
f 1813 1816 1814
f 1816 1820 1818
f 1820 1824 1822
f 1828 1831 1829
f 1831 1835 1833
f 1835 2152 1837
f 1839 1842 1840
f 1846 1849 1847
f 1849 2153 1851
f 1853 1856 1854
f 1856 2154 1858
f 1860 1863 1861
f 1863 1867 1865
f 1867 1871 1869
f 1871 1875 1873
f 1879 1882 1880
f 1882 1886 1884
f 1886 2155 1888
f 2156 1891 1890
f 1893 1896 1894
f 1896 1900 1898
f 1902 1905 1903
f 1905 1908 1907
f 1908 1912 1910
f 2157 1915 1914
f 1915 1919 1917
f 1919 1923 1921
f 1923 1927 1925
f 1927 1931 1929
f 1931 1935 1933
f 1935 2158 1937
f 1939 1942 1940
f 1942 1946 1944
f 1946 1950 1948
f 1950 1954 1952
f 1954 1958 1956
f 1960 1963 1961
f 1963 1967 1965
f 1969 1972 1970
f 1972 1976 1974
f 1976 1980 1978
f 1982 2159 1984
f 1986 2160 1987
f 1989 1992 1990
f 1992 1996 1994
f 1996 2000 1998
f 2161 2003 2002
f 2003 2007 2005
f 2162 2010 2009
f 2163 2013 2012
f 2013 2017 2015
f 2017 2021 2019
f 2021 2164 2023
f 2028 2165 2029
f 2166 2032 2031
f 2035 2039 2037
f 2039 2043 2041
f 2045 2048 2046
f 2048 2052 2050
f 2052 2056 2054
f 2058 2061 2059
f 2061 2065 2063
f 2065 2069 2067
f 2167 2074 2073
f 2074 2078 2076
f 2168 2086 2085
f 2169 2089 2088
f 2089 2093 2091
f 2093 2170 2095
f 2171 2098 2097
f 2172 2101 2100
f 2101 2105 2103
f 2105 2173 2107
f 2174 1276 2109
f 2175 1281 1278
f 1281 2176 2110
f 2177 1286 2111
f 1286 1294 1290
f 2178 1297 2112
f 1297 1303 1301
f 1306 1313 1310
f 2179 1275 2115
f 1275 1322 1320
f 1322 2180 2116
f 2181 1332 1329
f 1332 2182 1336
f 1338 2117 1341
f 2183 1346 2118
f 1346 2119 1350
f 1354 1361 1357
f 1361 2184 1365
f 2120 1372 1368
f 2185 1377 2121
f 1377 1385 1381
f 1385 2186 1389
f 2187 1392 2122
f 1392 1400 1396
f 1400 2188 1404
f 2189 1407 2123
f 1407 2190 2124
f 1411 1418 1414
f 1418 2191 1422
f 2192 1427 1424
f 1431 1438 1434
f 1438 2193 1442
f 2194 1447 1444
f 2126 2127 1450
f 2127 1455 1453
f 2195 1460 1457
f 1460 1467 1463
f 1467 1474 1470
f 1474 1479 2128
f 1481 1488 1484
f 2196 1493 1490
f 1493 2197 1497
f 2198 1502 1499
f 1502 1510 1506
f 1512 1517 1515
f 2199 1520 2129
f 1520 1528 1524
f 1528 1536 1532
f 1538 1545 1541
f 1545 1553 1549
f 1553 2200 2130
f 1557 2131 1560
f 2201 1565 2132
f 1565 2133 1569
f 1573 1580 1576
f 1580 2134 1584
f 2202 1591 1588
f 2136 1600 1596
f 1600 2137 1604
f 2138 1613 1609
f 1613 2139 1617
f 2203 1624 1621
f 1628 2141 1631
f 2141 1638 1634
f 2204 1646 2144
f 1648 1655 1651
f 1655 1663 1659
f 1667 2146 1670
f 2146 2205 1673
f 2206 1678 1675
f 1678 1684 1682
f 1684 1691 1687
f 1691 2207 1695
f 2208 1700 1697
f 1700 1708 1704
f 2147 1715 1713
f 1715 2209 1718
f 2210 1723 1720
f 1723 1731 1727
f 1733 1737 2148
f 1737 1745 1741
f 2211 1748 2149
f 1748 1756 1752
f 1756 1764 1760
f 1764 2212 1768
f 2150 1775 1771
f 1775 1783 1779
f 2213 1791 1788
f 1791 1798 1795
f 2214 1807 1804
f 1807 2215 1811
f 2216 1816 1813
f 1816 1824 1820
f 1828 1835 1831
f 1839 1844 1842
f 2217 1849 1846
f 1849 2218 2153
f 1853 2154 1856
f 1860 1867 1863
f 1867 1875 1871
f 1877 1882 1879
f 1882 2155 1886
f 2219 1891 2156
f 1893 1900 1896
f 2220 1905 1902
f 1905 1912 1908
f 2157 1919 1915
f 1919 1927 1923
f 1927 1935 1931
f 1939 1946 1942
f 1946 1954 1950
f 1954 2221 1958
f 2222 1963 1960
f 1963 2223 1967
f 1969 1976 1972
f 1976 1982 1980
f 1982 1986 2159
f 2224 1992 1989
f 1992 2000 1996
f 2161 2007 2003
f 2162 2225 2010
f 2163 2017 2013
f 2017 2164 2021
f 2028 2226 2165
f 2226 2032 2166
f 2035 2043 2039
f 2043 2048 2045
f 2048 2056 2052
f 2227 2061 2058
f 2061 2069 2065
f 2167 2078 2074
f 2228 2086 2168
f 2169 2093 2089
f 2171 2229 2098
f 2230 2101 2172
f 2101 2173 2105
f 2231 1276 2174
f 2175 2176 1281
f 2232 1286 2177
f 1286 2233 1294
f 2178 1303 1297
f 1306 2114 1313
f 2234 1275 2179
f 1275 2180 1322
f 2181 2182 1332
f 2235 2117 1338
f 2183 2119 1346
f 1354 2184 1361
f 2236 1372 2120
f 2185 1385 1377
f 1385 2237 2186
f 2187 1400 1392
f 1400 2238 2188
f 2238 1407 2189
f 1407 2239 2190
f 1411 2191 1418
f 2192 2125 1427
f 1431 2193 1438
f 2194 2240 1447
f 2126 1455 2127
f 2195 1467 1460
f 1467 1479 1474
f 1481 2241 1488
f 2242 1493 2196
f 1493 2243 2197
f 2198 1510 1502
f 1512 2244 1517
f 2199 1528 1520
f 1528 2245 1536
f 1538 1553 1545
f 2246 2131 1557
f 2247 1565 2201
f 1565 2248 2133
f 1573 2134 1580
f 2202 2135 1591
f 2249 1600 2136
f 1600 2250 2137
f 2251 1613 2138
f 1613 2252 2139
f 2203 2140 1624
f 1628 1638 2141
f 2253 1655 1648
f 1655 2145 1663
f 1667 2205 2146
f 2254 1678 2206
f 1678 1691 1684
f 2255 1700 2208
f 1700 1710 1708
f 2147 2209 1715
f 2210 1731 1723
f 1733 1745 1737
f 2256 1748 2211
f 1748 1764 1756
f 1764 2257 2212
f 2258 1775 2150
f 1775 2259 1783
f 2213 1798 1791
f 2214 2215 1807
f 2216 1824 1816
f 1828 2152 1835
f 1839 2260 1844
f 2261 1849 2217
f 1849 2262 2218
f 1853 2263 2154
f 1860 1875 1867
f 1877 2155 1882
f 2264 1891 2219
f 1893 2265 1900
f 2220 1912 1905
f 2266 1919 2157
f 1919 1935 1927
f 1939 1954 1946
f 1954 2222 2221
f 2222 2223 1963
f 2267 1976 1969
f 1982 2160 1986
f 2224 2000 1992
f 2268 2007 2161
f 2162 2269 2225
f 2269 2017 2163
f 2017 2270 2164
f 2028 2032 2226
f 2035 2048 2043
f 2048 2271 2056
f 2272 2061 2227
f 2061 2071 2069
f 2273 2078 2167
f 2274 2086 2228
f 2275 2093 2169
f 2171 2230 2229
f 2230 2173 2101
f 2173 1276 2231
f 2276 2176 2175
f 1286 2178 2233
f 1306 2277 2114
f 2278 1275 2234
f 2279 2182 2181
f 2235 2280 2117
f 2281 2119 2183
f 2282 2184 1354
f 2283 1372 2236
f 2284 1385 2185
f 1385 2285 2237
f 2286 1400 2187
f 1400 1407 2238
f 1407 2287 2239
f 2288 2191 1411
f 2289 2125 2192
f 1431 2290 2193
f 2126 2291 1455
f 2291 1467 2195
f 1467 2292 1479
f 2242 2243 1493
f 2243 1510 2198
f 1512 2293 2244
f 2294 1528 2199
f 1528 2295 2245
f 1538 2200 1553
f 2246 2296 2131
f 2247 2248 1565
f 2297 2134 1573
f 2202 2298 2135
f 2298 1600 2249
f 1600 2299 2250
f 2300 1613 2251
f 1613 2301 2252
f 2301 2140 2203
f 2302 1638 1628
f 2253 2145 1655
f 2205 1678 2254
f 1678 2207 1691
f 2303 1700 2255
f 1700 2304 1710
f 2305 1731 2210
f 1733 2306 1745
f 2306 1748 2256
f 1748 2257 1764
f 2258 2259 1775
f 2307 1798 2213
f 2214 2308 2215
f 2308 1824 2216
f 1828 1839 2152
f 2309 1849 2261
f 1849 2310 2262
f 1860 1877 1875
f 2311 1891 2264
f 2312 1912 2220
f 2266 1935 1919
f 1939 2222 1954
f 2313 1976 2267
f 2224 2314 2000
f 2315 2007 2268
f 2162 2017 2269
f 2017 2316 2270
f 2035 2271 2048
f 2272 2071 2061
f 2317 2078 2273
f 2318 2086 2274
f 2319 2093 2275
f 2171 2173 2230
f 2173 2320 1276
f 2276 2321 2176
f 1286 1303 2178
f 1306 2322 2277
f 2323 1275 2278
f 2324 2182 2279
f 2235 2281 2280
f 2281 2325 2119
f 2282 2283 2184
f 2283 1374 1372
f 1374 1385 2284
f 1385 2326 2285
f 2327 1400 2286
f 1400 2287 1407
f 2288 2328 2191
f 1431 2329 2290
f 2126 1467 2291
f 1467 2330 2292
f 2331 2243 2242
f 2243 2332 1510
f 1512 2294 2293
f 2294 2295 1528
f 1538 2333 2200
f 2334 2248 2247
f 2335 2134 2297
f 2202 1600 2298
f 2299 1613 2300
f 1613 2140 2301
f 2336 1638 2302
f 2337 2145 2253
f 1667 1678 2205
f 1678 2338 2207
f 2303 2304 1700
f 2339 1731 2305
f 1733 1748 2306
f 1748 2340 2257
f 2341 2259 2258
f 2151 1798 2307
f 2214 1824 2308
f 1828 2260 1839
f 2309 2310 1849
f 1860 2155 1877
f 2342 1891 2311
f 2343 1912 2312
f 2344 1935 2266
f 2345 2222 1939
f 2223 1976 2313
f 2346 2007 2315
f 2347 2017 2162
f 2017 2348 2316
f 2034 2271 2035
f 2349 2071 2272
f 2071 2078 2317
f 2350 2086 2318
f 2351 2093 2319
f 2352 2173 2171
f 2173 2276 2320
f 2276 2353 2321
f 1306 2354 2322
f 2355 1275 2323
f 2324 2356 2182
f 2357 2281 2235
f 2282 1374 2283
f 1374 2326 1385
f 2358 1400 2327
f 1400 2288 2287
f 2288 2289 2328
f 1431 2359 2329
f 2360 1467 2126
f 1467 2361 2330
f 2362 2243 2331
f 2243 2363 2332
f 1512 2295 2294
f 1538 2364 2333
f 2334 2365 2248
f 2335 2366 2134
f 2202 2299 1600
f 2299 2140 1613
f 2336 2142 1638
f 2367 2145 2337
f 1667 2338 1678
f 2368 2304 2303
f 2369 1731 2339
f 1733 2340 1748
f 2370 2259 2341
f 1785 1798 2151
f 2371 1824 2214
f 2372 2260 1828
f 2260 2310 2309
f 2155 1891 2342
f 2265 1912 2343
f 2373 1935 2344
f 2345 2223 2222
f 2223 1982 1976
f 2346 2374 2007
f 2347 2348 2017
f 2375 2271 2034
f 2271 2071 2349
f 2071 2080 2078
f 2350 2351 2086
f 2351 2170 2093
f 2170 2173 2352
f 2173 2353 2276
f 2354 1275 2355
f 2324 2376 2356
f 2357 2325 2281
f 2282 2326 1374
f 2326 1400 2358
f 1400 2289 2288
f 1431 2377 2359
f 2378 1467 2360
f 2379 2243 2362
f 2243 2380 2363
f 2381 2295 1512
f 1538 2382 2364
f 2334 2383 2365
f 2384 2366 2335
f 2385 2299 2202
f 2336 2386 2142
f 2387 2145 2367
f 2388 2338 1667
f 2389 2304 2368
f 2390 1731 2369
f 1731 2340 1733
f 2391 2259 2370
f 2392 1798 1785
f 2393 1824 2371
f 2372 2310 2260
f 2155 1893 1891
f 1893 1912 2265
f 2394 1935 2373
f 2395 2223 2345
f 2396 2374 2346
f 2397 2348 2347
f 2398 2271 2375
f 2271 2080 2071
f 2399 2351 2350
f 2351 2173 2170
f 2173 2400 2353
f 2354 2180 1275
f 2401 2325 2357
f 2402 2326 2282
f 2326 2289 1400
f 1431 2403 2377
f 2378 2361 1467
f 2379 2380 2243
f 2404 2295 2381
f 2405 2382 1538
f 2334 2406 2383
f 2384 2407 2366
f 2408 2299 2385
f 2336 2409 2386
f 2410 2145 2387
f 2388 2411 2338
f 2389 2412 2304
f 2390 2340 1731
f 2391 2413 2259
f 2392 1802 1798
f 2393 1826 1824
f 2414 2310 2372
f 2155 1912 1893
f 2415 1935 2394
f 2416 2223 2395
f 2396 2397 2374
f 2397 2417 2348
f 2418 2271 2398
f 2271 2419 2080
f 2399 2173 2351
f 2173 2420 2400
f 2354 1326 2180
f 2421 2325 2401
f 2325 2326 2402
f 2326 2125 2289
f 2378 1481 2361
f 2422 2380 2379
f 2404 2423 2295
f 2424 2382 2405
f 2334 2425 2406
f 2426 2407 2384
f 2427 2299 2408
f 2336 2428 2409
f 2429 2145 2410
f 2388 2389 2411
f 2389 2430 2412
f 2431 2340 2390
f 2391 2392 2413
f 2392 2432 1802
f 2433 1826 2393
f 2414 2434 2310
f 2155 2435 1912
f 2436 1935 2415
f 2416 1982 2223
f 2396 2417 2397
f 2032 2271 2418
f 2271 2437 2419
f 2438 2173 2399
f 2173 2439 2420
f 2354 1327 1326
f 2421 2326 2325
f 2326 2440 2125
f 2378 2241 1481
f 2422 2441 2380
f 2404 2442 2423
f 2442 2382 2424
f 2334 2443 2425
f 2426 2444 2407
f 2445 2299 2427
f 1646 2145 2429
f 2389 2147 2430
f 2446 2340 2431
f 2391 2432 2392
f 2433 2447 1826
f 2414 2448 2434
f 2155 2436 2435
f 2436 2158 1935
f 2449 1982 2416
f 2450 2417 2396
f 2028 2271 2032
f 2271 2451 2437
f 2452 2173 2438
f 2354 2453 1327
f 2454 2326 2421
f 2326 2455 2440
f 2378 2456 2241
f 2422 2404 2441
f 2404 2382 2442
f 2426 2457 2444
f 2458 2299 2445
f 1646 2459 2145
f 2389 2209 2147
f 2460 2340 2446
f 2391 2461 2432
f 2433 2462 2447
f 2414 2463 2448
f 2155 2158 2436
f 2158 1982 2449
f 2464 2417 2450
f 2465 2271 2028
f 2271 2082 2451
f 2466 2173 2452
f 2354 2467 2453
f 2454 2455 2326
f 2378 2468 2456
f 2468 2404 2422
f 2404 2469 2382
f 2426 2470 2457
f 2458 2140 2299
f 1646 2471 2459
f 2389 2472 2209
f 2472 2340 2460
f 2391 2473 2461
f 2433 2474 2462
f 1860 2158 2155
f 2158 2160 1982
f 2475 2417 2464
f 2476 2271 2465
f 2271 2083 2082
f 2477 2173 2466
f 2354 2478 2467
f 2479 2455 2454
f 2468 2469 2404
f 2426 2458 2470
f 2458 2480 2140
f 1646 2481 2471
f 2472 2482 2340
f 2391 2483 2473
f 2433 2484 2474
f 1860 2160 2158
f 2485 2417 2475
f 2486 2271 2476
f 2487 2173 2477
f 2354 2488 2478
f 2376 2455 2479
f 2468 2489 2469
f 1646 2490 2481
f 2472 2491 2482
f 2391 2492 2483
f 2433 2493 2484
f 2494 2160 1860
f 2495 2417 2485
f 2496 2271 2486
f 2497 2173 2487
f 2354 2498 2488
f 2324 2455 2376
f 2468 2499 2489
f 1646 2500 2490
f 2472 2391 2491
f 2391 2501 2492
f 2494 2224 2160
f 2502 2417 2495
f 2503 2271 2496
f 2083 2173 2497
f 2354 2504 2498
f 2504 2455 2324
f 2378 2499 2468
f 1646 2505 2500
f 2389 2391 2472
f 2391 2433 2501
f 2494 2314 2224
f 2506 2417 2502
f 2503 2083 2271
f 2083 2439 2173
f 2504 2507 2455
f 2378 2508 2499
f 1646 2509 2505
f 2388 2391 2389
f 2391 2493 2433
f 2494 2506 2314
f 2506 2510 2417
f 2503 2439 2083
f 2504 2511 2507
f 2378 2512 2508
f 1646 2513 2509
f 2513 2391 2388
f 2391 2514 2493
f 2494 2510 2506
f 2515 2439 2503
f 2504 1431 2511
f 2378 2246 2512
f 1646 2391 2513
f 2516 2510 2494
f 2517 2439 2515
f 2504 2403 1431
f 2378 2296 2246
f 2204 2391 1646
f 2518 2510 2516
f 2519 2439 2517
f 2504 2194 2403
f 2378 2334 2296
f 2143 2391 2204
f 2520 2510 2518
f 2521 2439 2519
f 2504 2240 2194
f 2378 2443 2334
f 1642 2391 2143
f 2263 2510 2520
f 2522 2439 2521
f 2504 2378 2240
f 2378 2523 2443
f 1642 2514 2391
f 1853 2510 2263
f 2524 2439 2522
f 2354 2378 2504
f 2378 2426 2523
f 2525 2514 1642
f 2526 2510 1853
f 2026 2439 2524
f 1306 2378 2354
f 2525 2527 2514
f 2528 2510 2526
f 2025 2439 2026
f 2113 2378 1306
f 2525 2529 2527
f 2530 2510 2528
f 2531 2439 2025
f 2532 2378 2113
f 2525 2414 2529
f 2533 2510 2530
f 2534 2439 2531
f 2535 2378 2532
f 2525 2463 2414
f 2533 2536 2510
f 2534 2537 2439
f 2535 2426 2378
f 2428 2463 2525
f 2533 2538 2536
f 2539 2426 2535
f 2336 2463 2428
f 2533 2540 2538
f 2541 2426 2539
f 2542 2463 2336
f 2533 2534 2540
f 2543 2426 2541
f 2542 2533 2463
f 2544 2426 2543
f 2542 2534 2533
f 2545 2426 2544
f 2480 2534 2542
f 2546 2426 2545
f 2480 2537 2534
f 2547 2426 2546
f 2458 2537 2480
f 2548 2426 2547
f 2458 2232 2537
f 1303 2426 2548
f 2458 1286 2232
f 1286 2426 1303
f 2426 1286 2458
f 482 1756 485
f 485 1756 1759
f 485 1759 484
f 484 1759 1758
f 484 1758 487
f 487 1758 1761
f 487 1761 486
f 486 1761 1760
f 486 1760 489
f 489 1760 1763
f 489 1763 488
f 488 1763 1762
f 488 1762 491
f 491 1762 1765
f 491 1765 490
f 490 1765 1764
f 490 1764 493
f 493 1764 1767
f 493 1767 492
f 492 1767 1766
f 492 1766 495
f 495 1766 1769
f 495 1769 494
f 494 1769 1768
f 494 1768 938
f 938 1768 2212
f 938 2212 983
f 983 2212 2257
f 983 2257 1066
f 1066 2257 2340
f 1066 2340 1208
f 1208 2340 2482
f 1208 2482 1217
f 1217 2482 2491
f 1217 2491 1117
f 1117 2491 2391
f 1117 2391 1096
f 1096 2391 2370
f 1096 2370 1067
f 1067 2370 2341
f 1067 2341 984
f 984 2341 2258
f 984 2258 876
f 876 2258 2150
f 876 2150 497
f 497 2150 1770
f 497 1770 498
f 498 1770 1772
f 498 1772 496
f 496 1772 1771
f 496 1771 500
f 500 1771 1774
f 500 1774 499
f 499 1774 1773
f 499 1773 502
f 502 1773 1776
f 502 1776 501
f 501 1776 1775
f 501 1775 504
f 504 1775 1778
f 504 1778 503
f 503 1778 1777
f 503 1777 506
f 506 1777 1780
f 506 1780 505
f 505 1780 1779
f 505 1779 508
f 508 1779 1782
f 508 1782 507
f 507 1782 1781
f 507 1781 510
f 510 1781 1784
f 510 1784 509
f 509 1784 1783
f 509 1783 985
f 985 1783 2259
f 985 2259 1139
f 1139 2259 2413
f 1139 2413 1118
f 1118 2413 2392
f 1118 2392 512
f 512 2392 1785
f 512 1785 513
f 513 1785 1787
f 513 1787 511
f 511 1787 1786
f 511 1786 877
f 877 1786 2151
f 877 2151 1033
f 1033 2151 2307
f 1033 2307 939
f 939 2307 2213
f 939 2213 515
f 515 2213 1788
f 515 1788 516
f 516 1788 1790
f 516 1790 514
f 514 1790 1789
f 514 1789 518
f 518 1789 1792
f 518 1792 517
f 517 1792 1791
f 517 1791 520
f 520 1791 1794
f 520 1794 519
f 519 1794 1793
f 519 1793 522
f 522 1793 1795
f 522 1795 523
f 523 1795 1797
f 523 1797 521
f 521 1797 1796
f 521 1796 525
f 525 1796 1799
f 525 1799 524
f 524 1799 1798
f 524 1798 527
f 527 1798 1801
f 527 1801 526
f 526 1801 1800
f 526 1800 529
f 529 1800 1803
f 529 1803 528
f 528 1803 1802
f 528 1802 1158
f 1158 1802 2432
f 1158 2432 1187
f 1187 2432 2461
f 1187 2461 1199
f 1199 2461 2473
f 1199 2473 1209
f 1209 2473 2483
f 1209 2483 1218
f 1218 2483 2492
f 1218 2492 1227
f 1227 2492 2501
f 1227 2501 1159
f 1159 2501 2433
f 1159 2433 1119
f 1119 2433 2393
f 1119 2393 1097
f 1097 2393 2371
f 1097 2371 940
f 940 2371 2214
f 940 2214 531
f 531 2214 1804
f 531 1804 532
f 532 1804 1806
f 532 1806 530
f 530 1806 1805
f 530 1805 534
f 534 1805 1808
f 534 1808 533
f 533 1808 1807
f 533 1807 536
f 536 1807 1810
f 536 1810 535
f 535 1810 1809
f 535 1809 538
f 538 1809 1812
f 538 1812 537
f 537 1812 1811
f 537 1811 941
f 941 1811 2215
f 941 2215 1034
f 1034 2215 2308
f 1034 2308 942
f 942 2308 2216
f 942 2216 540
f 540 2216 1813
f 540 1813 541
f 541 1813 1815
f 541 1815 539
f 539 1815 1814
f 539 1814 543
f 543 1814 1817
f 543 1817 542
f 542 1817 1816
f 542 1816 545
f 545 1816 1819
f 545 1819 544
f 544 1819 1818
f 544 1818 547
f 547 1818 1821
f 547 1821 546
f 546 1821 1820
f 546 1820 549
f 549 1820 1823
f 549 1823 548
f 548 1823 1822
f 548 1822 551
f 551 1822 1825
f 551 1825 550
f 550 1825 1824
f 550 1824 553
f 553 1824 1827
f 553 1827 552
f 552 1827 1826
f 552 1826 1173
f 1173 1826 2447
f 1173 2447 1188
f 1188 2447 2462
f 1188 2462 1200
f 1200 2462 2474
f 1200 2474 1210
f 1210 2474 2484
f 1210 2484 1219
f 1219 2484 2493
f 1219 2493 1240
f 1240 2493 2514
f 1240 2514 1253
f 1253 2514 2527
f 1253 2527 1255
f 1255 2527 2529
f 1255 2529 1140
f 1140 2529 2414
f 1140 2414 1098
f 1098 2414 2372
f 1098 2372 555
f 555 2372 1828
f 555 1828 556
f 556 1828 1830
f 556 1830 554
f 554 1830 1829
f 554 1829 558
f 558 1829 1832
f 558 1832 557
f 557 1832 1831
f 557 1831 560
f 560 1831 1834
f 560 1834 559
f 559 1834 1833
f 559 1833 562
f 562 1833 1836
f 562 1836 561
f 561 1836 1835
f 561 1835 564
f 564 1835 1838
f 564 1838 563
f 563 1838 1837
f 563 1837 878
f 878 1837 2152
f 878 2152 566
f 566 2152 1839
f 566 1839 567
f 567 1839 1841
f 567 1841 565
f 565 1841 1840
f 565 1840 569
f 569 1840 1843
f 569 1843 568
f 568 1843 1842
f 568 1842 571
f 571 1842 1845
f 571 1845 570
f 570 1845 1844
f 570 1844 986
f 986 1844 2260
f 986 2260 1035
f 1035 2260 2309
f 1035 2309 987
f 987 2309 2261
f 987 2261 943
f 943 2261 2217
f 943 2217 573
f 573 2217 1846
f 573 1846 574
f 574 1846 1848
f 574 1848 572
f 572 1848 1847
f 572 1847 576
f 576 1847 1850
f 576 1850 575
f 575 1850 1849
f 575 1849 578
f 578 1849 1852
f 578 1852 577
f 577 1852 1851
f 577 1851 879
f 879 1851 2153
f 879 2153 944
f 944 2153 2218
f 944 2218 988
f 988 2218 2262
f 988 2262 1036
f 1036 2262 2310
f 1036 2310 1160
f 1160 2310 2434
f 1160 2434 1174
f 1174 2434 2448
f 1174 2448 1189
f 1189 2448 2463
f 1189 2463 1259
f 1259 2463 2533
f 1259 2533 1256
f 1256 2533 2530
f 1256 2530 1254
f 1254 2530 2528
f 1254 2528 1252
f 1252 2528 2526
f 1252 2526 580
f 580 2526 1853
f 580 1853 581
f 581 1853 1855
f 581 1855 579
f 579 1855 1854
f 579 1854 583
f 583 1854 1857
f 583 1857 582
f 582 1857 1856
f 582 1856 585
f 585 1856 1859
f 585 1859 584
f 584 1859 1858
f 584 1858 880
f 880 1858 2154
f 880 2154 989
f 989 2154 2263
f 989 2263 1246
f 1246 2263 2520
f 1246 2520 1244
f 1244 2520 2518
f 1244 2518 1242
f 1242 2518 2516
f 1242 2516 1220
f 1220 2516 2494
f 1220 2494 587
f 587 2494 1860
f 587 1860 588
f 588 1860 1862
f 588 1862 586
f 586 1862 1861
f 586 1861 590
f 590 1861 1864
f 590 1864 589
f 589 1864 1863
f 589 1863 592
f 592 1863 1866
f 592 1866 591
f 591 1866 1865
f 591 1865 594
f 594 1865 1868
f 594 1868 593
f 593 1868 1867
f 593 1867 596
f 596 1867 1870
f 596 1870 595
f 595 1870 1869
f 595 1869 598
f 598 1869 1872
f 598 1872 597
f 597 1872 1871
f 597 1871 600
f 600 1871 1874
f 600 1874 599
f 599 1874 1873
f 599 1873 602
f 602 1873 1876
f 602 1876 601
f 601 1876 1875
f 601 1875 604
f 604 1875 1878
f 604 1878 603
f 603 1878 1877
f 603 1877 606
f 606 1877 1879
f 606 1879 607
f 607 1879 1881
f 607 1881 605
f 605 1881 1880
f 605 1880 609
f 609 1880 1883
f 609 1883 608
f 608 1883 1882
f 608 1882 611
f 611 1882 1885
f 611 1885 610
f 610 1885 1884
f 610 1884 613
f 613 1884 1887
f 613 1887 612
f 612 1887 1886
f 612 1886 615
f 615 1886 1889
f 615 1889 614
f 614 1889 1888
f 614 1888 881
f 881 1888 2155
f 881 2155 1068
f 1068 2155 2342
f 1068 2342 1037
f 1037 2342 2311
f 1037 2311 990
f 990 2311 2264
f 990 2264 945
f 945 2264 2219
f 945 2219 882
f 882 2219 2156
f 882 2156 617
f 617 2156 1890
f 617 1890 618
f 618 1890 1892
f 618 1892 616
f 616 1892 1891
f 616 1891 620
f 620 1891 1893
f 620 1893 621
f 621 1893 1895
f 621 1895 619
f 619 1895 1894
f 619 1894 623
f 623 1894 1897
f 623 1897 622
f 622 1897 1896
f 622 1896 625
f 625 1896 1899
f 625 1899 624
f 624 1899 1898
f 624 1898 627
f 627 1898 1901
f 627 1901 626
f 626 1901 1900
f 626 1900 991
f 991 1900 2265
f 991 2265 1069
f 1069 2265 2343
f 1069 2343 1038
f 1038 2343 2312
f 1038 2312 946
f 946 2312 2220
f 946 2220 629
f 629 2220 1902
f 629 1902 630
f 630 1902 1904
f 630 1904 628
f 628 1904 1903
f 628 1903 632
f 632 1903 1906
f 632 1906 631
f 631 1906 1905
f 631 1905 634
f 634 1905 1907
f 634 1907 635
f 635 1907 1909
f 635 1909 633
f 633 1909 1908
f 633 1908 637
f 637 1908 1911
f 637 1911 636
f 636 1911 1910
f 636 1910 639
f 639 1910 1913
f 639 1913 638
f 638 1913 1912
f 638 1912 1161
f 1161 1912 2435
f 1161 2435 1162
f 1162 2435 2436
f 1162 2436 1141
f 1141 2436 2415
f 1141 2415 1120
f 1120 2415 2394
f 1120 2394 1099
f 1099 2394 2373
f 1099 2373 1070
f 1070 2373 2344
f 1070 2344 992
f 992 2344 2266
f 992 2266 883
f 883 2266 2157
f 883 2157 641
f 641 2157 1914
f 641 1914 642
f 642 1914 1916
f 642 1916 640
f 640 1916 1915
f 640 1915 644
f 644 1915 1918
f 644 1918 643
f 643 1918 1917
f 643 1917 646
f 646 1917 1920
f 646 1920 645
f 645 1920 1919
f 645 1919 648
f 648 1919 1922
f 648 1922 647
f 647 1922 1921
f 647 1921 650
f 650 1921 1924
f 650 1924 649
f 649 1924 1923
f 649 1923 652
f 652 1923 1926
f 652 1926 651
f 651 1926 1925
f 651 1925 654
f 654 1925 1928
f 654 1928 653
f 653 1928 1927
f 653 1927 656
f 656 1927 1930
f 656 1930 655
f 655 1930 1929
f 655 1929 658
f 658 1929 1932
f 658 1932 657
f 657 1932 1931
f 657 1931 660
f 660 1931 1934
f 660 1934 659
f 659 1934 1933
f 659 1933 662
f 662 1933 1936
f 662 1936 661
f 661 1936 1935
f 661 1935 664
f 664 1935 1938
f 664 1938 663
f 663 1938 1937
f 663 1937 884
f 884 1937 2158
f 884 2158 1175
f 1175 2158 2449
f 1175 2449 1142
f 1142 2449 2416
f 1142 2416 1121
f 1121 2416 2395
f 1121 2395 1071
f 1071 2395 2345
f 1071 2345 666
f 666 2345 1939
f 666 1939 667
f 667 1939 1941
f 667 1941 665
f 665 1941 1940
f 665 1940 669
f 669 1940 1943
f 669 1943 668
f 668 1943 1942
f 668 1942 671
f 671 1942 1945
f 671 1945 670
f 670 1945 1944
f 670 1944 673
f 673 1944 1947
f 673 1947 672
f 672 1947 1946
f 672 1946 675
f 675 1946 1949
f 675 1949 674
f 674 1949 1948
f 674 1948 677
f 677 1948 1951
f 677 1951 676
f 676 1951 1950
f 676 1950 679
f 679 1950 1953
f 679 1953 678
f 678 1953 1952
f 678 1952 681
f 681 1952 1955
f 681 1955 680
f 680 1955 1954
f 680 1954 683
f 683 1954 1957
f 683 1957 682
f 682 1957 1956
f 682 1956 685
f 685 1956 1959
f 685 1959 684
f 684 1959 1958
f 684 1958 947
f 947 1958 2221
f 947 2221 948
f 948 2221 2222
f 948 2222 687
f 687 2222 1960
f 687 1960 688
f 688 1960 1962
f 688 1962 686
f 686 1962 1961
f 686 1961 690
f 690 1961 1964
f 690 1964 689
f 689 1964 1963
f 689 1963 692
f 692 1963 1966
f 692 1966 691
f 691 1966 1965
f 691 1965 694
f 694 1965 1968
f 694 1968 693
f 693 1968 1967
f 693 1967 949
f 949 1967 2223
f 949 2223 1039
f 1039 2223 2313
f 1039 2313 993
f 993 2313 2267
f 993 2267 696
f 696 2267 1969
f 696 1969 697
f 697 1969 1971
f 697 1971 695
f 695 1971 1970
f 695 1970 699
f 699 1970 1973
f 699 1973 698
f 698 1973 1972
f 698 1972 701
f 701 1972 1975
f 701 1975 700
f 700 1975 1974
f 700 1974 703
f 703 1974 1977
f 703 1977 702
f 702 1977 1976
f 702 1976 705
f 705 1976 1979
f 705 1979 704
f 704 1979 1978
f 704 1978 707
f 707 1978 1981
f 707 1981 706
f 706 1981 1980
f 706 1980 709
f 709 1980 1983
f 709 1983 708
f 708 1983 1982
f 708 1982 711
f 711 1982 1985
f 711 1985 710
f 710 1985 1984
f 710 1984 885
f 885 1984 2159
f 885 2159 713
f 713 2159 1986
f 713 1986 714
f 714 1986 1988
f 714 1988 712
f 712 1988 1987
f 712 1987 886
f 886 1987 2160
f 886 2160 950
f 950 2160 2224
f 950 2224 716
f 716 2224 1989
f 716 1989 717
f 717 1989 1991
f 717 1991 715
f 715 1991 1990
f 715 1990 719
f 719 1990 1993
f 719 1993 718
f 718 1993 1992
f 718 1992 721
f 721 1992 1995
f 721 1995 720
f 720 1995 1994
f 720 1994 723
f 723 1994 1997
f 723 1997 722
f 722 1997 1996
f 722 1996 725
f 725 1996 1999
f 725 1999 724
f 724 1999 1998
f 724 1998 727
f 727 1998 2001
f 727 2001 726
f 726 2001 2000
f 726 2000 1040
f 1040 2000 2314
f 1040 2314 1232
f 1232 2314 2506
f 1232 2506 1228
f 1228 2506 2502
f 1228 2502 1221
f 1221 2502 2495
f 1221 2495 1211
f 1211 2495 2485
f 1211 2485 1201
f 1201 2485 2475
f 1201 2475 1190
f 1190 2475 2464
f 1190 2464 1176
f 1176 2464 2450
f 1176 2450 1122
f 1122 2450 2396
f 1122 2396 1072
f 1072 2396 2346
f 1072 2346 1041
f 1041 2346 2315
f 1041 2315 994
f 994 2315 2268
f 994 2268 887
f 887 2268 2161
f 887 2161 729
f 729 2161 2002
f 729 2002 730
f 730 2002 2004
f 730 2004 728
f 728 2004 2003
f 728 2003 732
f 732 2003 2006
f 732 2006 731
f 731 2006 2005
f 731 2005 734
f 734 2005 2008
f 734 2008 733
f 733 2008 2007
f 733 2007 1100
f 1100 2007 2374
f 1100 2374 1123
f 1123 2374 2397
f 1123 2397 1073
f 1073 2397 2347
f 1073 2347 888
f 888 2347 2162
f 888 2162 736
f 736 2162 2009
f 736 2009 737
f 737 2009 2011
f 737 2011 735
f 735 2011 2010
f 735 2010 951
f 951 2010 2225
f 951 2225 995
f 995 2225 2269
f 995 2269 889
f 889 2269 2163
f 889 2163 739
f 739 2163 2012
f 739 2012 740
f 740 2012 2014
f 740 2014 738
f 738 2014 2013
f 738 2013 742
f 742 2013 2016
f 742 2016 741
f 741 2016 2015
f 741 2015 744
f 744 2015 2018
f 744 2018 743
f 743 2018 2017
f 743 2017 746
f 746 2017 2020
f 746 2020 745
f 745 2020 2019
f 745 2019 748
f 748 2019 2022
f 748 2022 747
f 747 2022 2021
f 747 2021 750
f 750 2021 2024
f 750 2024 749
f 749 2024 2023
f 749 2023 890
f 890 2023 2164
f 890 2164 996
f 996 2164 2270
f 996 2270 1042
f 1042 2270 2316
f 1042 2316 1074
f 1074 2316 2348
f 1074 2348 1143
f 1143 2348 2417
f 1143 2417 1236
f 1236 2417 2510
f 1236 2510 1262
f 1262 2510 2536
f 1262 2536 1264
f 1264 2536 2538
f 1264 2538 1266
f 1266 2538 2540
f 1266 2540 1260
f 1260 2540 2534
f 1260 2534 1257
f 1257 2534 2531
f 1257 2531 752
f 752 2531 2025
f 752 2025 753
f 753 2025 2027
f 753 2027 751
f 751 2027 2026
f 751 2026 1250
f 1250 2026 2524
f 1250 2524 1248
f 1248 2524 2522
f 1248 2522 1247
f 1247 2522 2521
f 1247 2521 1245
f 1245 2521 2519
f 1245 2519 1243
f 1243 2519 2517
f 1243 2517 1241
f 1241 2517 2515
f 1241 2515 1229
f 1229 2515 2503
f 1229 2503 1222
f 1222 2503 2496
f 1222 2496 1212
f 1212 2496 2486
f 1212 2486 1202
f 1202 2486 2476
f 1202 2476 1191
f 1191 2476 2465
f 1191 2465 755
f 755 2465 2028
f 755 2028 756
f 756 2028 2030
f 756 2030 754
f 754 2030 2029
f 754 2029 891
f 891 2029 2165
f 891 2165 952
f 952 2165 2226
f 952 2226 892
f 892 2226 2166
f 892 2166 758
f 758 2166 2031
f 758 2031 759
f 759 2031 2033
f 759 2033 757
f 757 2033 2032
f 757 2032 1144
f 1144 2032 2418
f 1144 2418 1124
f 1124 2418 2398
f 1124 2398 1101
f 1101 2398 2375
f 1101 2375 761
f 761 2375 2034
f 761 2034 762
f 762 2034 2036
f 762 2036 760
f 760 2036 2035
f 760 2035 764
f 764 2035 2038
f 764 2038 763
f 763 2038 2037
f 763 2037 766
f 766 2037 2040
f 766 2040 765
f 765 2040 2039
f 765 2039 768
f 768 2039 2042
f 768 2042 767
f 767 2042 2041
f 767 2041 770
f 770 2041 2044
f 770 2044 769
f 769 2044 2043
f 769 2043 772
f 772 2043 2045
f 772 2045 773
f 773 2045 2047
f 773 2047 771
f 771 2047 2046
f 771 2046 775
f 775 2046 2049
f 775 2049 774
f 774 2049 2048
f 774 2048 777
f 777 2048 2051
f 777 2051 776
f 776 2051 2050
f 776 2050 779
f 779 2050 2053
f 779 2053 778
f 778 2053 2052
f 778 2052 781
f 781 2052 2055
f 781 2055 780
f 780 2055 2054
f 780 2054 783
f 783 2054 2057
f 783 2057 782
f 782 2057 2056
f 782 2056 997
f 997 2056 2271
f 997 2271 1075
f 1075 2271 2349
f 1075 2349 998
f 998 2349 2272
f 998 2272 953
f 953 2272 2227
f 953 2227 785
f 785 2227 2058
f 785 2058 786
f 786 2058 2060
f 786 2060 784
f 784 2060 2059
f 784 2059 788
f 788 2059 2062
f 788 2062 787
f 787 2062 2061
f 787 2061 790
f 790 2061 2064
f 790 2064 789
f 789 2064 2063
f 789 2063 792
f 792 2063 2066
f 792 2066 791
f 791 2066 2065
f 791 2065 794
f 794 2065 2068
f 794 2068 793
f 793 2068 2067
f 793 2067 796
f 796 2067 2070
f 796 2070 795
f 795 2070 2069
f 795 2069 798
f 798 2069 2072
f 798 2072 797
f 797 2072 2071
f 797 2071 1043
f 1043 2071 2317
f 1043 2317 999
f 999 2317 2273
f 999 2273 893
f 893 2273 2167
f 893 2167 800
f 800 2167 2073
f 800 2073 801
f 801 2073 2075
f 801 2075 799
f 799 2075 2074
f 799 2074 803
f 803 2074 2077
f 803 2077 802
f 802 2077 2076
f 802 2076 805
f 805 2076 2079
f 805 2079 804
f 804 2079 2078
f 804 2078 807
f 807 2078 2081
f 807 2081 806
f 806 2081 2080
f 806 2080 1145
f 1145 2080 2419
f 1145 2419 1163
f 1163 2419 2437
f 1163 2437 1177
f 1177 2437 2451
f 1177 2451 809
f 809 2451 2082
f 809 2082 810
f 810 2082 2084
f 810 2084 808
f 808 2084 2083
f 808 2083 1223
f 1223 2083 2497
f 1223 2497 1213
f 1213 2497 2487
f 1213 2487 1203
f 1203 2487 2477
f 1203 2477 1192
f 1192 2477 2466
f 1192 2466 1178
f 1178 2466 2452
f 1178 2452 1164
f 1164 2452 2438
f 1164 2438 1125
f 1125 2438 2399
f 1125 2399 1076
f 1076 2399 2350
f 1076 2350 1044
f 1044 2350 2318
f 1044 2318 1000
f 1000 2318 2274
f 1000 2274 954
f 954 2274 2228
f 954 2228 894
f 894 2228 2168
f 894 2168 812
f 812 2168 2085
f 812 2085 813
f 813 2085 2087
f 813 2087 811
f 811 2087 2086
f 811 2086 1077
f 1077 2086 2351
f 1077 2351 1045
f 1045 2351 2319
f 1045 2319 1001
f 1001 2319 2275
f 1001 2275 895
f 895 2275 2169
f 895 2169 815
f 815 2169 2088
f 815 2088 816
f 816 2088 2090
f 816 2090 814
f 814 2090 2089
f 814 2089 818
f 818 2089 2092
f 818 2092 817
f 817 2092 2091
f 817 2091 820
f 820 2091 2094
f 820 2094 819
f 819 2094 2093
f 819 2093 822
f 822 2093 2096
f 822 2096 821
f 821 2096 2095
f 821 2095 896
f 896 2095 2170
f 896 2170 1078
f 1078 2170 2352
f 1078 2352 897
f 897 2352 2171
f 897 2171 824
f 824 2171 2097
f 824 2097 825
f 825 2097 2099
f 825 2099 823
f 823 2099 2098
f 823 2098 955
f 955 2098 2229
f 955 2229 956
f 956 2229 2230
f 956 2230 898
f 898 2230 2172
f 898 2172 827
f 827 2172 2100
f 827 2100 828
f 828 2100 2102
f 828 2102 826
f 826 2102 2101
f 826 2101 830
f 830 2101 2104
f 830 2104 829
f 829 2104 2103
f 829 2103 832
f 832 2103 2106
f 832 2106 831
f 831 2106 2105
f 831 2105 834
f 834 2105 2108
f 834 2108 833
f 833 2108 2107
f 833 2107 899
f 899 2107 2173
f 899 2173 957
f 957 2173 2231
f 957 2231 900
f 900 2231 2174
f 900 2174 835
f 835 2174 2109
f 835 2109 2
f 2 2109 1275
f 2 1275 45
f 45 1275 1319
f 45 1319 44
f 44 1319 1318
f 44 1318 47
f 47 1318 1321
f 47 1321 46
f 46 1321 1320
f 46 1320 49
f 49 1320 1323
f 49 1323 48
f 48 1323 1322
f 48 1322 51
f 51 1322 1325
f 51 1325 50
f 50 1325 1324
f 50 1324 842
f 842 1324 2116
f 842 2116 906
f 906 2116 2180
f 906 2180 53
f 53 2180 1326
f 53 1326 54
f 54 1326 1328
f 54 1328 52
f 52 1328 1327
f 52 1327 1179
f 1179 1327 2453
f 1179 2453 1193
f 1193 2453 2467
f 1193 2467 1204
f 1204 2467 2478
f 1204 2478 1214
f 1214 2478 2488
f 1214 2488 1224
f 1224 2488 2498
f 1224 2498 1230
f 1230 2498 2504
f 1230 2504 1050
f 1050 2504 2324
f 1050 2324 1005
f 1005 2324 2279
f 1005 2279 907
f 907 2279 2181
f 907 2181 56
f 56 2181 1329
f 56 1329 57
f 57 1329 1331
f 57 1331 55
f 55 1331 1330
f 55 1330 59
f 59 1330 1333
f 59 1333 58
f 58 1333 1332
f 58 1332 61
f 61 1332 1335
f 61 1335 60
f 60 1335 1334
f 60 1334 63
f 63 1334 1337
f 63 1337 62
f 62 1337 1336
f 62 1336 908
f 908 1336 2182
f 908 2182 1082
f 1082 2182 2356
f 1082 2356 1102
f 1102 2356 2376
f 1102 2376 1205
f 1205 2376 2479
f 1205 2479 1180
f 1180 2479 2454
f 1180 2454 1147
f 1147 2454 2421
f 1147 2421 1127
f 1127 2421 2401
f 1127 2401 1083
f 1083 2401 2357
f 1083 2357 961
f 961 2357 2235
f 961 2235 65
f 65 2235 1338
f 65 1338 66
f 66 1338 1340
f 66 1340 64
f 64 1340 1339
f 64 1339 68
f 68 1339 1342
f 68 1342 67
f 67 1342 1341
f 67 1341 70
f 70 1341 1344
f 70 1344 69
f 69 1344 1343
f 69 1343 843
f 843 1343 2117
f 843 2117 1006
f 1006 2117 2280
f 1006 2280 1007
f 1007 2280 2281
f 1007 2281 909
f 909 2281 2183
f 909 2183 844
f 844 2183 2118
f 844 2118 72
f 72 2118 1345
f 72 1345 73
f 73 1345 1347
f 73 1347 71
f 71 1347 1346
f 71 1346 75
f 75 1346 1349
f 75 1349 74
f 74 1349 1348
f 74 1348 77
f 77 1348 1351
f 77 1351 76
f 76 1351 1350
f 76 1350 79
f 79 1350 1353
f 79 1353 78
f 78 1353 1352
f 78 1352 845
f 845 1352 2119
f 845 2119 1051
f 1051 2119 2325
f 1051 2325 1128
f 1128 2325 2402
f 1128 2402 1008
f 1008 2402 2282
f 1008 2282 81
f 81 2282 1354
f 81 1354 82
f 82 1354 1356
f 82 1356 80
f 80 1356 1355
f 80 1355 84
f 84 1355 1358
f 84 1358 83
f 83 1358 1357
f 83 1357 86
f 86 1357 1360
f 86 1360 85
f 85 1360 1359
f 85 1359 88
f 88 1359 1362
f 88 1362 87
f 87 1362 1361
f 87 1361 90
f 90 1361 1364
f 90 1364 89
f 89 1364 1363
f 89 1363 92
f 92 1363 1366
f 92 1366 91
f 91 1366 1365
f 91 1365 910
f 910 1365 2184
f 910 2184 1009
f 1009 2184 2283
f 1009 2283 962
f 962 2283 2236
f 962 2236 846
f 846 2236 2120
f 846 2120 94
f 94 2120 1367
f 94 1367 95
f 95 1367 1369
f 95 1369 93
f 93 1369 1368
f 93 1368 97
f 97 1368 1371
f 97 1371 96
f 96 1371 1370
f 96 1370 99
f 99 1370 1373
f 99 1373 98
f 98 1373 1372
f 98 1372 101
f 101 1372 1375
f 101 1375 100
f 100 1375 1374
f 100 1374 1010
f 1010 1374 2284
f 1010 2284 911
f 911 2284 2185
f 911 2185 847
f 847 2185 2121
f 847 2121 103
f 103 2121 1376
f 103 1376 104
f 104 1376 1378
f 104 1378 102
f 102 1378 1377
f 102 1377 106
f 106 1377 1380
f 106 1380 105
f 105 1380 1379
f 105 1379 108
f 108 1379 1382
f 108 1382 107
f 107 1382 1381
f 107 1381 110
f 110 1381 1384
f 110 1384 109
f 109 1384 1383
f 109 1383 112
f 112 1383 1386
f 112 1386 111
f 111 1386 1385
f 111 1385 114
f 114 1385 1388
f 114 1388 113
f 113 1388 1387
f 113 1387 116
f 116 1387 1390
f 116 1390 115
f 115 1390 1389
f 115 1389 912
f 912 1389 2186
f 912 2186 963
f 963 2186 2237
f 963 2237 1011
f 1011 2237 2285
f 1011 2285 1052
f 1052 2285 2326
f 1052 2326 1084
f 1084 2326 2358
f 1084 2358 1053
f 1053 2358 2327
f 1053 2327 1012
f 1012 2327 2286
f 1012 2286 913
f 913 2286 2187
f 913 2187 848
f 848 2187 2122
f 848 2122 118
f 118 2122 1391
f 118 1391 119
f 119 1391 1393
f 119 1393 117
f 117 1393 1392
f 117 1392 121
f 121 1392 1395
f 121 1395 120
f 120 1395 1394
f 120 1394 123
f 123 1394 1397
f 123 1397 122
f 122 1397 1396
f 122 1396 125
f 125 1396 1399
f 125 1399 124
f 124 1399 1398
f 124 1398 127
f 127 1398 1401
f 127 1401 126
f 126 1401 1400
f 126 1400 129
f 129 1400 1403
f 129 1403 128
f 128 1403 1402
f 128 1402 131
f 131 1402 1405
f 131 1405 130
f 130 1405 1404
f 130 1404 914
f 914 1404 2188
f 914 2188 964
f 964 2188 2238
f 964 2238 915
f 915 2238 2189
f 915 2189 849
f 849 2189 2123
f 849 2123 133
f 133 2123 1406
f 133 1406 134
f 134 1406 1408
f 134 1408 132
f 132 1408 1407
f 132 1407 136
f 136 1407 1410
f 136 1410 135
f 135 1410 1409
f 135 1409 850
f 850 1409 2124
f 850 2124 916
f 916 2124 2190
f 916 2190 965
f 965 2190 2239
f 965 2239 1013
f 1013 2239 2287
f 1013 2287 1014
f 1014 2287 2288
f 1014 2288 138
f 138 2288 1411
f 138 1411 139
f 139 1411 1413
f 139 1413 137
f 137 1413 1412
f 137 1412 141
f 141 1412 1415
f 141 1415 140
f 140 1415 1414
f 140 1414 143
f 143 1414 1417
f 143 1417 142
f 142 1417 1416
f 142 1416 145
f 145 1416 1419
f 145 1419 144
f 144 1419 1418
f 144 1418 147
f 147 1418 1421
f 147 1421 146
f 146 1421 1420
f 146 1420 149
f 149 1420 1423
f 149 1423 148
f 148 1423 1422
f 148 1422 917
f 917 1422 2191
f 917 2191 1054
f 1054 2191 2328
f 1054 2328 1015
f 1015 2328 2289
f 1015 2289 918
f 918 2289 2192
f 918 2192 151
f 151 2192 1424
f 151 1424 152
f 152 1424 1426
f 152 1426 150
f 150 1426 1425
f 150 1425 154
f 154 1425 1428
f 154 1428 153
f 153 1428 1427
f 153 1427 156
f 156 1427 1430
f 156 1430 155
f 155 1430 1429
f 155 1429 851
f 851 1429 2125
f 851 2125 1166
f 1166 2125 2440
f 1166 2440 1181
f 1181 2440 2455
f 1181 2455 1233
f 1233 2455 2507
f 1233 2507 1237
f 1237 2507 2511
f 1237 2511 158
f 158 2511 1431
f 158 1431 159
f 159 1431 1433
f 159 1433 157
f 157 1433 1432
f 157 1432 161
f 161 1432 1435
f 161 1435 160
f 160 1435 1434
f 160 1434 163
f 163 1434 1437
f 163 1437 162
f 162 1437 1436
f 162 1436 165
f 165 1436 1439
f 165 1439 164
f 164 1439 1438
f 164 1438 167
f 167 1438 1441
f 167 1441 166
f 166 1441 1440
f 166 1440 169
f 169 1440 1443
f 169 1443 168
f 168 1443 1442
f 168 1442 919
f 919 1442 2193
f 919 2193 1016
f 1016 2193 2290
f 1016 2290 1055
f 1055 2290 2329
f 1055 2329 1085
f 1085 2329 2359
f 1085 2359 1103
f 1103 2359 2377
f 1103 2377 1129
f 1129 2377 2403
f 1129 2403 920
f 920 2403 2194
f 920 2194 171
f 171 2194 1444
f 171 1444 172
f 172 1444 1446
f 172 1446 170
f 170 1446 1445
f 170 1445 174
f 174 1445 1448
f 174 1448 173
f 173 1448 1447
f 173 1447 966
f 966 1447 2240
f 966 2240 1104
f 1104 2240 2378
f 1104 2378 1086
f 1086 2378 2360
f 1086 2360 852
f 852 2360 2126
f 852 2126 176
f 176 2126 1449
f 176 1449 177
f 177 1449 1451
f 177 1451 175
f 175 1451 1450
f 175 1450 853
f 853 1450 2127
f 853 2127 179
f 179 2127 1452
f 179 1452 180
f 180 1452 1454
f 180 1454 178
f 178 1454 1453
f 178 1453 182
f 182 1453 1456
f 182 1456 181
f 181 1456 1455
f 181 1455 1017
f 1017 1455 2291
f 1017 2291 921
f 921 2291 2195
f 921 2195 184
f 184 2195 1457
f 184 1457 185
f 185 1457 1459
f 185 1459 183
f 183 1459 1458
f 183 1458 187
f 187 1458 1461
f 187 1461 186
f 186 1461 1460
f 186 1460 189
f 189 1460 1462
f 189 1462 190
f 190 1462 1464
f 190 1464 188
f 188 1464 1463
f 188 1463 192
f 192 1463 1466
f 192 1466 191
f 191 1466 1465
f 191 1465 194
f 194 1465 1467
f 194 1467 195
f 195 1467 1469
f 195 1469 193
f 193 1469 1468
f 193 1468 197
f 197 1468 1471
f 197 1471 196
f 196 1471 1470
f 196 1470 199
f 199 1470 1473
f 199 1473 198
f 198 1473 1472
f 198 1472 201
f 201 1472 1475
f 201 1475 200
f 200 1475 1474
f 200 1474 203
f 203 1474 1477
f 203 1477 202
f 202 1477 1476
f 202 1476 854
f 854 1476 2128
f 854 2128 205
f 205 2128 1478
f 205 1478 206
f 206 1478 1480
f 206 1480 204
f 204 1480 1479
f 204 1479 1018
f 1018 1479 2292
f 1018 2292 1056
f 1056 2292 2330
f 1056 2330 1087
f 1087 2330 2361
f 1087 2361 208
f 208 2361 1481
f 208 1481 209
f 209 1481 1483
f 209 1483 207
f 207 1483 1482
f 207 1482 211
f 211 1482 1485
f 211 1485 210
f 210 1485 1484
f 210 1484 213
f 213 1484 1487
f 213 1487 212
f 212 1487 1486
f 212 1486 215
f 215 1486 1489
f 215 1489 214
f 214 1489 1488
f 214 1488 967
f 967 1488 2241
f 967 2241 1182
f 1182 2241 2456
f 1182 2456 1194
f 1194 2456 2468
f 1194 2468 1148
f 1148 2468 2422
f 1148 2422 1105
f 1105 2422 2379
f 1105 2379 1088
f 1088 2379 2362
f 1088 2362 1057
f 1057 2362 2331
f 1057 2331 968
f 968 2331 2242
f 968 2242 922
f 922 2242 2196
f 922 2196 217
f 217 2196 1490
f 217 1490 218
f 218 1490 1492
f 218 1492 216
f 216 1492 1491
f 216 1491 220
f 220 1491 1494
f 220 1494 219
f 219 1494 1493
f 219 1493 222
f 222 1493 1496
f 222 1496 221
f 221 1496 1495
f 221 1495 224
f 224 1495 1498
f 224 1498 223
f 223 1498 1497
f 223 1497 923
f 923 1497 2197
f 923 2197 969
f 969 2197 2243
f 969 2243 924
f 924 2243 2198
f 924 2198 226
f 226 2198 1499
f 226 1499 227
f 227 1499 1501
f 227 1501 225
f 225 1501 1500
f 225 1500 229
f 229 1500 1503
f 229 1503 228
f 228 1503 1502
f 228 1502 231
f 231 1502 1505
f 231 1505 230
f 230 1505 1504
f 230 1504 233
f 233 1504 1507
f 233 1507 232
f 232 1507 1506
f 232 1506 235
f 235 1506 1509
f 235 1509 234
f 234 1509 1508
f 234 1508 237
f 237 1508 1511
f 237 1511 236
f 236 1511 1510
f 236 1510 1058
f 1058 1510 2332
f 1058 2332 1089
f 1089 2332 2363
f 1089 2363 1106
f 1106 2363 2380
f 1106 2380 1167
f 1167 2380 2441
f 1167 2441 1130
f 1130 2441 2404
f 1130 2404 1107
f 1107 2404 2381
f 1107 2381 239
f 239 2381 1512
f 239 1512 240
f 240 1512 1514
f 240 1514 238
f 238 1514 1513
f 238 1513 242
f 242 1513 1516
f 242 1516 241
f 241 1516 1515
f 241 1515 244
f 244 1515 1518
f 244 1518 243
f 243 1518 1517
f 243 1517 970
f 970 1517 2244
f 970 2244 1019
f 1019 2244 2293
f 1019 2293 1020
f 1020 2293 2294
f 1020 2294 925
f 925 2294 2199
f 925 2199 855
f 855 2199 2129
f 855 2129 246
f 246 2129 1519
f 246 1519 247
f 247 1519 1521
f 247 1521 245
f 245 1521 1520
f 245 1520 249
f 249 1520 1523
f 249 1523 248
f 248 1523 1522
f 248 1522 251
f 251 1522 1525
f 251 1525 250
f 250 1525 1524
f 250 1524 253
f 253 1524 1527
f 253 1527 252
f 252 1527 1526
f 252 1526 255
f 255 1526 1529
f 255 1529 254
f 254 1529 1528
f 254 1528 257
f 257 1528 1531
f 257 1531 256
f 256 1531 1530
f 256 1530 259
f 259 1530 1533
f 259 1533 258
f 258 1533 1532
f 258 1532 261
f 261 1532 1535
f 261 1535 260
f 260 1535 1534
f 260 1534 263
f 263 1534 1537
f 263 1537 262
f 262 1537 1536
f 262 1536 971
f 971 1536 2245
f 971 2245 1021
f 1021 2245 2295
f 1021 2295 1149
f 1149 2295 2423
f 1149 2423 1168
f 1168 2423 2442
f 1168 2442 1150
f 1150 2442 2424
f 1150 2424 1131
f 1131 2424 2405
f 1131 2405 265
f 265 2405 1538
f 265 1538 266
f 266 1538 1540
f 266 1540 264
f 264 1540 1539
f 264 1539 268
f 268 1539 1542
f 268 1542 267
f 267 1542 1541
f 267 1541 270
f 270 1541 1544
f 270 1544 269
f 269 1544 1543
f 269 1543 272
f 272 1543 1546
f 272 1546 271
f 271 1546 1545
f 271 1545 274
f 274 1545 1548
f 274 1548 273
f 273 1548 1547
f 273 1547 276
f 276 1547 1550
f 276 1550 275
f 275 1550 1549
f 275 1549 278
f 278 1549 1552
f 278 1552 277
f 277 1552 1551
f 277 1551 280
f 280 1551 1554
f 280 1554 279
f 279 1554 1553
f 279 1553 282
f 282 1553 1556
f 282 1556 281
f 281 1556 1555
f 281 1555 856
f 856 1555 2130
f 856 2130 926
f 926 2130 2200
f 926 2200 1059
f 1059 2200 2333
f 1059 2333 1090
f 1090 2333 2364
f 1090 2364 1108
f 1108 2364 2382
f 1108 2382 1195
f 1195 2382 2469
f 1195 2469 1215
f 1215 2469 2489
f 1215 2489 1225
f 1225 2489 2499
f 1225 2499 1234
f 1234 2499 2508
f 1234 2508 1238
f 1238 2508 2512
f 1238 2512 972
f 972 2512 2246
f 972 2246 284
f 284 2246 1557
f 284 1557 285
f 285 1557 1559
f 285 1559 283
f 283 1559 1558
f 283 1558 287
f 287 1558 1561
f 287 1561 286
f 286 1561 1560
f 286 1560 289
f 289 1560 1563
f 289 1563 288
f 288 1563 1562
f 288 1562 857
f 857 1562 2131
f 857 2131 1022
f 1022 2131 2296
f 1022 2296 1060
f 1060 2296 2334
f 1060 2334 973
f 973 2334 2247
f 973 2247 927
f 927 2247 2201
f 927 2201 858
f 858 2201 2132
f 858 2132 291
f 291 2132 1564
f 291 1564 292
f 292 1564 1566
f 292 1566 290
f 290 1566 1565
f 290 1565 294
f 294 1565 1568
f 294 1568 293
f 293 1568 1567
f 293 1567 296
f 296 1567 1570
f 296 1570 295
f 295 1570 1569
f 295 1569 298
f 298 1569 1572
f 298 1572 297
f 297 1572 1571
f 297 1571 859
f 859 1571 2133
f 859 2133 974
f 974 2133 2248
f 974 2248 1091
f 1091 2248 2365
f 1091 2365 1109
f 1109 2365 2383
f 1109 2383 1132
f 1132 2383 2406
f 1132 2406 1151
f 1151 2406 2425
f 1151 2425 1169
f 1169 2425 2443
f 1169 2443 1249
f 1249 2443 2523
f 1249 2523 1152
f 1152 2523 2426
f 1152 2426 1110
f 1110 2426 2384
f 1110 2384 1061
f 1061 2384 2335
f 1061 2335 1023
f 1023 2335 2297
f 1023 2297 300
f 300 2297 1573
f 300 1573 301
f 301 1573 1575
f 301 1575 299
f 299 1575 1574
f 299 1574 303
f 303 1574 1577
f 303 1577 302
f 302 1577 1576
f 302 1576 305
f 305 1576 1579
f 305 1579 304
f 304 1579 1578
f 304 1578 307
f 307 1578 1581
f 307 1581 306
f 306 1581 1580
f 306 1580 309
f 309 1580 1583
f 309 1583 308
f 308 1583 1582
f 308 1582 311
f 311 1582 1585
f 311 1585 310
f 310 1585 1584
f 310 1584 313
f 313 1584 1587
f 313 1587 312
f 312 1587 1586
f 312 1586 860
f 860 1586 2134
f 860 2134 1092
f 1092 2134 2366
f 1092 2366 1133
f 1133 2366 2407
f 1133 2407 1170
f 1170 2407 2444
f 1170 2444 1183
f 1183 2444 2457
f 1183 2457 1196
f 1196 2457 2470
f 1196 2470 1184
f 1184 2470 2458
f 1184 2458 1171
f 1171 2458 2445
f 1171 2445 1153
f 1153 2445 2427
f 1153 2427 1134
f 1134 2427 2408
f 1134 2408 1111
f 1111 2408 2385
f 1111 2385 928
f 928 2385 2202
f 928 2202 315
f 315 2202 1588
f 315 1588 316
f 316 1588 1590
f 316 1590 314
f 314 1590 1589
f 314 1589 318
f 318 1589 1592
f 318 1592 317
f 317 1592 1591
f 317 1591 320
f 320 1591 1594
f 320 1594 319
f 319 1594 1593
f 319 1593 861
f 861 1593 2135
f 861 2135 1024
f 1024 2135 2298
f 1024 2298 975
f 975 2298 2249
f 975 2249 862
f 862 2249 2136
f 862 2136 322
f 322 2136 1595
f 322 1595 323
f 323 1595 1597
f 323 1597 321
f 321 1597 1596
f 321 1596 325
f 325 1596 1599
f 325 1599 324
f 324 1599 1598
f 324 1598 327
f 327 1598 1601
f 327 1601 326
f 326 1601 1600
f 326 1600 329
f 329 1600 1603
f 329 1603 328
f 328 1603 1602
f 328 1602 331
f 331 1602 1605
f 331 1605 330
f 330 1605 1604
f 330 1604 333
f 333 1604 1607
f 333 1607 332
f 332 1607 1606
f 332 1606 863
f 863 1606 2137
f 863 2137 976
f 976 2137 2250
f 976 2250 1025
f 1025 2250 2299
f 1025 2299 1026
f 1026 2299 2300
f 1026 2300 977
f 977 2300 2251
f 977 2251 864
f 864 2251 2138
f 864 2138 335
f 335 2138 1608
f 335 1608 336
f 336 1608 1610
f 336 1610 334
f 334 1610 1609
f 334 1609 338
f 338 1609 1612
f 338 1612 337
f 337 1612 1611
f 337 1611 340
f 340 1611 1614
f 340 1614 339
f 339 1614 1613
f 339 1613 342
f 342 1613 1616
f 342 1616 341
f 341 1616 1615
f 341 1615 344
f 344 1615 1618
f 344 1618 343
f 343 1618 1617
f 343 1617 346
f 346 1617 1620
f 346 1620 345
f 345 1620 1619
f 345 1619 865
f 865 1619 2139
f 865 2139 978
f 978 2139 2252
f 978 2252 1027
f 1027 2252 2301
f 1027 2301 929
f 929 2301 2203
f 929 2203 348
f 348 2203 1621
f 348 1621 349
f 349 1621 1623
f 349 1623 347
f 347 1623 1622
f 347 1622 351
f 351 1622 1625
f 351 1625 350
f 350 1625 1624
f 350 1624 353
f 353 1624 1627
f 353 1627 352
f 352 1627 1626
f 352 1626 866
f 866 1626 2140
f 866 2140 1206
f 1206 2140 2480
f 1206 2480 1268
f 1268 2480 2542
f 1268 2542 1062
f 1062 2542 2336
f 1062 2336 1028
f 1028 2336 2302
f 1028 2302 355
f 355 2302 1628
f 355 1628 356
f 356 1628 1630
f 356 1630 354
f 354 1630 1629
f 354 1629 358
f 358 1629 1632
f 358 1632 357
f 357 1632 1631
f 357 1631 867
f 867 1631 2141
f 867 2141 360
f 360 2141 1633
f 360 1633 361
f 361 1633 1635
f 361 1635 359
f 359 1635 1634
f 359 1634 363
f 363 1634 1637
f 363 1637 362
f 362 1637 1636
f 362 1636 365
f 365 1636 1639
f 365 1639 364
f 364 1639 1638
f 364 1638 367
f 367 1638 1641
f 367 1641 366
f 366 1641 1640
f 366 1640 868
f 868 1640 2142
f 868 2142 1112
f 1112 2142 2386
f 1112 2386 1135
f 1135 2386 2409
f 1135 2409 1154
f 1154 2409 2428
f 1154 2428 1251
f 1251 2428 2525
f 1251 2525 369
f 369 2525 1642
f 369 1642 370
f 370 1642 1644
f 370 1644 368
f 368 1644 1643
f 368 1643 869
f 869 1643 2143
f 869 2143 930
f 930 2143 2204
f 930 2204 870
f 870 2204 2144
f 870 2144 372
f 372 2144 1645
f 372 1645 373
f 373 1645 1647
f 373 1647 371
f 371 1647 1646
f 371 1646 1155
f 1155 1646 2429
f 1155 2429 1136
f 1136 2429 2410
f 1136 2410 1113
f 1113 2410 2387
f 1113 2387 1093
f 1093 2387 2367
f 1093 2367 1063
f 1063 2367 2337
f 1063 2337 979
f 979 2337 2253
f 979 2253 375
f 375 2253 1648
f 375 1648 376
f 376 1648 1650
f 376 1650 374
f 374 1650 1649
f 374 1649 378
f 378 1649 1652
f 378 1652 377
f 377 1652 1651
f 377 1651 380
f 380 1651 1654
f 380 1654 379
f 379 1654 1653
f 379 1653 382
f 382 1653 1656
f 382 1656 381
f 381 1656 1655
f 381 1655 384
f 384 1655 1658
f 384 1658 383
f 383 1658 1657
f 383 1657 386
f 386 1657 1660
f 386 1660 385
f 385 1660 1659
f 385 1659 388
f 388 1659 1662
f 388 1662 387
f 387 1662 1661
f 387 1661 390
f 390 1661 1664
f 390 1664 389
f 389 1664 1663
f 389 1663 392
f 392 1663 1666
f 392 1666 391
f 391 1666 1665
f 391 1665 871
f 871 1665 2145
f 871 2145 1185
f 1185 2145 2459
f 1185 2459 1197
f 1197 2459 2471
f 1197 2471 1207
f 1207 2471 2481
f 1207 2481 1216
f 1216 2481 2490
f 1216 2490 1226
f 1226 2490 2500
f 1226 2500 1231
f 1231 2500 2505
f 1231 2505 1235
f 1235 2505 2509
f 1235 2509 1239
f 1239 2509 2513
f 1239 2513 1114
f 1114 2513 2388
f 1114 2388 394
f 394 2388 1667
f 394 1667 395
f 395 1667 1669
f 395 1669 393
f 393 1669 1668
f 393 1668 397
f 397 1668 1671
f 397 1671 396
f 396 1671 1670
f 396 1670 872
f 872 1670 2146
f 872 2146 399
f 399 2146 1672
f 399 1672 400
f 400 1672 1674
f 400 1674 398
f 398 1674 1673
f 398 1673 931
f 931 1673 2205
f 931 2205 980
f 980 2205 2254
f 980 2254 932
f 932 2254 2206
f 932 2206 402
f 402 2206 1675
f 402 1675 403
f 403 1675 1677
f 403 1677 401
f 401 1677 1676
f 401 1676 405
f 405 1676 1679
f 405 1679 404
f 404 1679 1678
f 404 1678 407
f 407 1678 1681
f 407 1681 406
f 406 1681 1680
f 406 1680 409
f 409 1680 1683
f 409 1683 408
f 408 1683 1682
f 408 1682 411
f 411 1682 1684
f 411 1684 412
f 412 1684 1686
f 412 1686 410
f 410 1686 1685
f 410 1685 414
f 414 1685 1688
f 414 1688 413
f 413 1688 1687
f 413 1687 416
f 416 1687 1690
f 416 1690 415
f 415 1690 1689
f 415 1689 418
f 418 1689 1692
f 418 1692 417
f 417 1692 1691
f 417 1691 420
f 420 1691 1694
f 420 1694 419
f 419 1694 1693
f 419 1693 422
f 422 1693 1696
f 422 1696 421
f 421 1696 1695
f 421 1695 933
f 933 1695 2207
f 933 2207 1064
f 1064 2207 2338
f 1064 2338 1137
f 1137 2338 2411
f 1137 2411 1115
f 1115 2411 2389
f 1115 2389 1094
f 1094 2389 2368
f 1094 2368 1029
f 1029 2368 2303
f 1029 2303 981
f 981 2303 2255
f 981 2255 934
f 934 2255 2208
f 934 2208 424
f 424 2208 1697
f 424 1697 425
f 425 1697 1699
f 425 1699 423
f 423 1699 1698
f 423 1698 427
f 427 1698 1701
f 427 1701 426
f 426 1701 1700
f 426 1700 429
f 429 1700 1703
f 429 1703 428
f 428 1703 1702
f 428 1702 431
f 431 1702 1705
f 431 1705 430
f 430 1705 1704
f 430 1704 433
f 433 1704 1707
f 433 1707 432
f 432 1707 1706
f 432 1706 435
f 435 1706 1709
f 435 1709 434
f 434 1709 1708
f 434 1708 437
f 437 1708 1711
f 437 1711 436
f 436 1711 1710
f 436 1710 1030
f 1030 1710 2304
f 1030 2304 1138
f 1138 2304 2412
f 1138 2412 1156
f 1156 2412 2430
f 1156 2430 873
f 873 2430 2147
f 873 2147 439
f 439 2147 1712
f 439 1712 440
f 440 1712 1714
f 440 1714 438
f 438 1714 1713
f 438 1713 442
f 442 1713 1716
f 442 1716 441
f 441 1716 1715
f 441 1715 444
f 444 1715 1717
f 444 1717 445
f 445 1717 1719
f 445 1719 443
f 443 1719 1718
f 443 1718 935
f 935 1718 2209
f 935 2209 1198
f 1198 2209 2472
f 1198 2472 1186
f 1186 2472 2460
f 1186 2460 1172
f 1172 2460 2446
f 1172 2446 1157
f 1157 2446 2431
f 1157 2431 1116
f 1116 2431 2390
f 1116 2390 1095
f 1095 2390 2369
f 1095 2369 1065
f 1065 2369 2339
f 1065 2339 1031
f 1031 2339 2305
f 1031 2305 936
f 936 2305 2210
f 936 2210 447
f 447 2210 1720
f 447 1720 448
f 448 1720 1722
f 448 1722 446
f 446 1722 1721
f 446 1721 450
f 450 1721 1724
f 450 1724 449
f 449 1724 1723
f 449 1723 452
f 452 1723 1726
f 452 1726 451
f 451 1726 1725
f 451 1725 454
f 454 1725 1728
f 454 1728 453
f 453 1728 1727
f 453 1727 456
f 456 1727 1730
f 456 1730 455
f 455 1730 1729
f 455 1729 458
f 458 1729 1732
f 458 1732 457
f 457 1732 1731
f 457 1731 460
f 460 1731 1733
f 460 1733 461
f 461 1733 1735
f 461 1735 459
f 459 1735 1734
f 459 1734 874
f 874 1734 2148
f 874 2148 463
f 463 2148 1736
f 463 1736 464
f 464 1736 1738
f 464 1738 462
f 462 1738 1737
f 462 1737 466
f 466 1737 1740
f 466 1740 465
f 465 1740 1739
f 465 1739 468
f 468 1739 1742
f 468 1742 467
f 467 1742 1741
f 467 1741 470
f 470 1741 1744
f 470 1744 469
f 469 1744 1743
f 469 1743 472
f 472 1743 1746
f 472 1746 471
f 471 1746 1745
f 471 1745 1032
f 1032 1745 2306
f 1032 2306 982
f 982 2306 2256
f 982 2256 937
f 937 2256 2211
f 937 2211 875
f 875 2211 2149
f 875 2149 474
f 474 2149 1747
f 474 1747 475
f 475 1747 1749
f 475 1749 473
f 473 1749 1748
f 473 1748 477
f 477 1748 1751
f 477 1751 476
f 476 1751 1750
f 476 1750 479
f 479 1750 1753
f 479 1753 478
f 478 1753 1752
f 478 1752 481
f 481 1752 1755
f 481 1755 480
f 480 1755 1754
f 480 1754 483
f 483 1754 1757
f 483 1757 482
f 482 1757 1756
f 13 1287 11
f 11 1287 1286
f 11 1286 15
f 15 1286 1289
f 15 1289 14
f 14 1289 1288
f 14 1288 17
f 17 1288 1291
f 17 1291 16
f 16 1291 1290
f 16 1290 19
f 19 1290 1293
f 19 1293 18
f 18 1293 1292
f 18 1292 21
f 21 1292 1295
f 21 1295 20
f 20 1295 1294
f 20 1294 959
f 959 1294 2233
f 959 2233 904
f 904 2233 2178
f 904 2178 838
f 838 2178 2112
f 838 2112 23
f 23 2112 1296
f 23 1296 24
f 24 1296 1298
f 24 1298 22
f 22 1298 1297
f 22 1297 26
f 26 1297 1300
f 26 1300 25
f 25 1300 1299
f 25 1299 28
f 28 1299 1302
f 28 1302 27
f 27 1302 1301
f 27 1301 30
f 30 1301 1304
f 30 1304 29
f 29 1304 1303
f 29 1303 1274
f 1274 1303 2548
f 1274 2548 1273
f 1273 2548 2547
f 1273 2547 1272
f 1272 2547 2546
f 1272 2546 1271
f 1271 2546 2545
f 1271 2545 1270
f 1270 2545 2544
f 1270 2544 1269
f 1269 2544 2543
f 1269 2543 1267
f 1267 2543 2541
f 1267 2541 1265
f 1265 2541 2539
f 1265 2539 1261
f 1261 2539 2535
f 1261 2535 1258
f 1258 2535 2532
f 1258 2532 839
f 839 2532 2113
f 839 2113 32
f 32 2113 1305
f 32 1305 33
f 33 1305 1307
f 33 1307 31
f 31 1307 1306
f 31 1306 35
f 35 1306 1309
f 35 1309 34
f 34 1309 1308
f 34 1308 37
f 37 1308 1310
f 37 1310 38
f 38 1310 1312
f 38 1312 36
f 36 1312 1311
f 36 1311 40
f 40 1311 1314
f 40 1314 39
f 39 1314 1313
f 39 1313 42
f 42 1313 1316
f 42 1316 41
f 41 1316 1315
f 41 1315 840
f 840 1315 2114
f 840 2114 1003
f 1003 2114 2277
f 1003 2277 1048
f 1048 2277 2322
f 1048 2322 1080
f 1080 2322 2354
f 1080 2354 1081
f 1081 2354 2355
f 1081 2355 1049
f 1049 2355 2323
f 1049 2323 1004
f 1004 2323 2278
f 1004 2278 960
f 960 2278 2234
f 960 2234 905
f 905 2234 2179
f 905 2179 841
f 841 2179 2115
f 841 2115 43
f 43 2115 1317
f 43 1317 3
f 3 1317 1277
f 3 1277 1
f 1 1277 1276
f 1 1276 1046
f 1046 1276 2320
f 1046 2320 1002
f 1002 2320 2276
f 1002 2276 901
f 901 2276 2175
f 901 2175 5
f 5 2175 1278
f 5 1278 6
f 6 1278 1280
f 6 1280 4
f 4 1280 1279
f 4 1279 8
f 8 1279 1282
f 8 1282 7
f 7 1282 1281
f 7 1281 10
f 10 1281 1284
f 10 1284 9
f 9 1284 1283
f 9 1283 836
f 836 1283 2110
f 836 2110 902
f 902 2110 2176
f 902 2176 1047
f 1047 2176 2321
f 1047 2321 1079
f 1079 2321 2353
f 1079 2353 1126
f 1126 2353 2400
f 1126 2400 1146
f 1146 2400 2420
f 1146 2420 1165
f 1165 2420 2439
f 1165 2439 1263
f 1263 2439 2537
f 1263 2537 958
f 958 2537 2232
f 958 2232 903
f 903 2232 2177
f 903 2177 837
f 837 2177 2111
f 837 2111 12
f 12 2111 1285
f 12 1285 13
f 13 1285 1287
