o 
v 74.05 0 -59.25
v 64.8 0 -61.66
v 73.35 0 -61.04
v 74.58 0 -57.9
v 74.23 0 -58.8
v 74.41 0 -58.35
v 75.11 0 -56.56
v 74.94 0 -57.01
v 75.81 0 -54.76
v 75.64 0 -55.22
v 76.17 0 -53.87
v 75.99 0 -54.32
v 77.88 0 -53.63
v 77.8 0 -53.52
v 77.84 0 -53.58
v 78.14 0 -53.94
v 77.93 0 -53.69
v 78.09 0 -53.9
v 78.34 0 -54.21
v 78.17 0 -54
v 78.43 0 -54.32
v 78.38 0 -54.26
v 78.24 0 -55.16
v 78.33 0 -54.74
v 77.95 0 -56.42
v 78.04 0 -56
v 77.75 0 -57.27
v 77.84 0 -56.85
v 77.56 0 -58.12
v 77.65 0 -57.69
v 77.37 0 -58.96
v 77.46 0 -58.54
v 77.08 0 -60.23
v 77.17 0 -59.8
v 76.89 0 -61.07
v 76.98 0 -60.65
v 75.97 0 -61.66
v 76.51 0 -61.56
v 76.42 0 -61.57
v 75.42 0 -61.78
v 75.88 0 -61.68
v 75.51 0 -61.76
v 75.02 0 -61.73
v 75.25 0 -61.82
v 75.13 0 -61.77
v 74.8 0 -61.64
v 74.91 0 -61.68
v 74.57 0 -61.55
v 74.68 0 -61.59
v 74.35 0 -61.45
v 74.46 0 -61.49
v 73.91 0 -61.26
v 74.23 0 -61.4
v 74.13 0 -61.35
v 73.57 0 -61.13
v 73.79 0 -61.22
v 73.68 0 -61.17
v 73.46 0 -61.08
v 64.48 0 -62.35
v 64.69 0 -62.72
v 64.56 0 -62.49
v 64.65 0 -62.65
v 65 0 -63.24
v 64.83 0 -62.94
v 64.86 0 -63.01
v 65.13 0 -63.46
v 65.04 0 -63.31
v 64.74 0 -63.56
v 64.97 0 -63.59
v 64.82 0 -63.57
v 64.5 0 -63.53
v 64.58 0 -63.54
v 64.02 0 -63.49
v 64.26 0 -63.52
v 64.19 0 -63.51
v 63.87 0 -63.47
v 63.95 0 -63.48
v 62.74 0 -64.64
v 63.64 0 -63.71
v 63.42 0 -63.93
v 61.84 0 -65.58
v 62.29 0 -65.11
v 62.06 0 -65.34
v 61.39 0 -66.04
v 61.61 0 -65.81
v 60.49 0 -66.98
v 61.16 0 -66.28
v 60.71 0 -66.74
v 59.92 0 -67.05
v 60.03 0 -67.44
v 59.98 0 -67.25
v 59.7 0 -66.26
v 59.81 0 -66.66
v 59.76 0 -66.46
v 59.44 0 -65.27
v 59.59 0 -65.87
v 59.55 0 -65.67
v 59.11 0 -64.09
v 59.22 0 -64.48
v 59.17 0 -64.29
v 58.65 0 -63.21
v 58.77 0 -63.42
v 58.32 0 -62.54
v 58.43 0 -62.76
v 58.09 0 -62.09
v 58.21 0 -62.31
v 57.63 0 -61.21
v 57.75 0 -61.43
v 57.3 0 -60.54
v 57.41 0 -60.76
v 57.39 0 -59.23
v 57.19 0 -60.32
v 57.29 0 -59.78
v 57.58 0 -58.14
v 57.49 0 -58.68
v 58.28 0 -54.32
v 57.98 0 -55.95
v 58.08 0 -55.41
v 58.68 0 -52.13
v 58.38 0 -53.77
v 58.58 0 -52.68
v 58.87 0 -51.04
v 58.78 0 -51.58
v 60.853 0 -51.018
v 60.61 0 -51.04
v 61.314 0 -50.786
v 61.093 0 -50.929
v 61.638 0 -50.385
v 61.5 0 -50.601
v 61.89 0 -49.3
v 61.71 0 -50.15
v 62.66 0 -45.82
v 62.27 0 -47.56
v 62.47 0 -46.7
v 63.42 0 -42.35
v 62.85 0 -44.95
v 63.04 0 -44.09
v 64 0 -39.74
v 63.61 0 -41.48
v 63.81 0 -40.61
v 64.67 0 -36.582
v 64.56 0 -37.13
v 64.65 0 -36.73
v 64.652 0 -36.276
v 64.671 0 -36.429
v 64.562 0 -35.988
v 64.616 0 -36.128
v 64.42 0 -35.76
v 64.49 0 -35.86
v 64.17 0 -35.38
v 64.33 0 -35.63
v 64.25 0 -35.5
v 63.91 0 -35
v 64 0 -35.13
v 63.67 0 -34.62
v 63.83 0 -34.87
v 63.75 0 -34.74
v 63.5 0 -33.44
v 63.47 0 -33.59
v 63.49 0 -33.51
v 63.54 0 -33.28
v 63.52 0 -33.37
v 63.62 0 -32.98
v 63.56 0 -33.21
v 63.59 0 -33.14
v 64.04 0 -32.82
v 63.66 0 -32.84
v 63.91 0 -32.83
v 64.56 0 -32.79
v 64.43 0 -32.8
v 65.341 0 -32.747
v 65.07 0 -32.77
v 65.14 0 -32.77
v 65.723 0 -32.579
v 65.538 0 -32.681
v 66.017 0 -32.287
v 65.885 0 -32.446
v 66.21 0 -31.9
v 66.11 0 -32.11
v 66.46 0 -31.34
v 66.34 0 -31.62
v 66.71 0 -30.78
v 66.59 0 -31.06
v 67.08 0 -29.94
v 66.83 0 -30.5
v 66.96 0 -30.22
v 67.33 0 -29.38
v 67.21 0 -29.67
v 67.7 0 -28.54
v 67.45 0 -29.11
v 67.58 0 -28.83
v 67.87 0 -28.16
v 67.83 0 -28.27
v 67.97 0 -27.73
v 67.96 0 -27.81
v 68.06 0 -26.73
v 68 0 -27.49
v 68.14 0 -25.97
v 68.09 0 -26.47
v 68.25 0 -24.72
v 68.2 0 -25.22
v 68.23 0 -24.97
v 68.295 0 -24.103
v 68.27 0 -24.46
v 68.29 0 -24.27
v 68.22 0 -23.769
v 68.27 0 -23.934
v 68.052 0 -23.472
v 68.146 0 -23.613
v 67.75 0 -23.16
v 67.94 0 -23.35
v 67.85 0 -23.25
v 67.46 0 -22.88
v 67.56 0 -22.97
v 67.23 0 -20.54
v 66.91 0 -21.47
v 66.96 0 -21.35
v 67.78 0 -18.93
v 67.51 0 -19.74
v 68.61 0 -16.51
v 68.34 0 -17.31
v 69.44 0 -14.09
v 68.88 0 -15.7
v 69.16 0 -14.9
v 70.53 0 -10.86
v 69.71 0 -13.28
v 70.26 0 -11.67
v 74.42 0 -6.54
v 72.58 0 -7.68
v 73.81 0 -6.92
v 78.68 0 -3.87
v 76.85 0 -5.01
v 77.46 0 -4.63
v 80.52 0 -2.73
v 79.29 0 -3.49
v 79.91 0 -3.12
v 81.255 0 -2.25
v 81.07 0 -2.39
v 81.551 0 -1.872
v 81.417 0 -2.074
v 81.717 0 -1.422
v 81.653 0 -1.652
v 81.74 0 0
v 81.74 0 -1.19
v 65.05 0 -0.01
v 65.92 0 0
v 64.41 0 -0.162
v 64.726 0 -0.039
v 63.887 0 -0.621
v 64.122 0 -0.363
v 63.66 0 -1.24
v 63.725 0 -0.92
v 63.47 0 -2.79
v 63.62 0 -1.55
v 63.5 0 -2.48
v 63.39 0 -3.41
v 63.42 0 -3.1
v 58.48 0 -14.73
v 59.65 0 -12.37
v 59.06 0 -13.56
v 56.73 0 -18.29
v 57.9 0 -15.92
v 57.31 0 -17.1
v 53.845 0 -24.162
v 54.4 0 -23.02
v 53.92 0 -23.98
v 53.775 0 -24.55
v 53.796 0 -24.354
v 53.814 0 -24.941
v 53.781 0 -24.747
v 53.96 0 -25.307
v 53.874 0 -25.129
v 54.202 0 -25.618
v 54.07 0 -25.471
v 54.52 0 -25.85
v 54.353 0 -25.745
v 54.81 0 -25.96
v 54.7 0 -25.93
v 55.68 0 -26.29
v 55.16 0 -26.09
v 55.34 0 -26.16
v 56.21 0 -26.48
v 55.86 0 -26.36
v 56.31 0 -27.01
v 56.28 0 -26.84
v 56.29 0 -26.93
v 56.43 0 -27.63
v 56.4 0 -27.46
v 56.41 0 -27.55
v 56.5 0 -27.99
v 56.48 0 -27.91
v 55.28 0 -31.35
v 55.68 0 -30.23
v 54.05 0 -34.72
v 54.46 0 -33.59
v 53.24 0 -36.96
v 53.64 0 -35.84
v 52.01 0 -40.32
v 52.42 0 -39.2
v 49.97 0 -45.92
v 51.2 0 -42.56
v 50.38 0 -44.8
v 49.09 0 -47.53
v 49.25 0 -47.37
v 49.19 0 -47.42
v 45.91 0 -47.4
v 46.076 0 -47.585
v 45.94 0 -47.43
v 45.75 0 -47.21
v 45.85 0 -47.33
v 45.81 0 -47.27
v 45.65 0 -47.08
v 45.71 0 -47.14
v 45.43 0 -46.66
v 45.65 0 -47.07
v 44.29 0 -43.32
v 45.1 0 -45.69
v 44.7 0 -44.51
v 43.07 0 -39.77
v 43.89 0 -42.14
v 41.04 0 -33.83
v 42.66 0 -38.58
v 41.45 0 -35.02
v 39.01 0 -27.9
v 39.82 0 -30.27
v 39.42 0 -29.08
v 39.56 0 -25.97
v 39.39 0 -26.1
v 39.45 0 -26.06
v 40.21 0 -25.938
v 39.86 0 -25.97
v 40.854 0 -25.55
v 40.55 0 -25.789
v 41.241 0 -24.909
v 41.093 0 -25.248
v 41.27 0 -24.22
v 41.27 0 -24.56
v 41.231 0 -23.905
v 41.26 0 -24.063
v 41.122 0 -23.601
v 41.185 0 -23.75
v 40.95 0 -23.34
v 41.043 0 -23.464
v 40.68 0 -22.99
v 40.82 0 -23.17
v 40.08 0 -22.27
v 40.53 0 -22.81
v 40.24 0 -22.45
v 39.79 0 -21.91
v 39.94 0 -22.09
v 39.5 0 -21.54
v 39.65 0 -21.72
v 38.76 0 -20.63
v 39.05 0 -21
v 38.91 0 -20.81
v 38.12 0 -19.55
v 38.44 0 -20.08
v 37.17 0 -17.91
v 37.8 0 -19
v 37.49 0 -18.45
v 35.89 0 -15.73
v 36.53 0 -16.82
v 36.21 0 -16.27
v 35.25 0 -14.64
v 35.57 0 -15.18
v 34.61 0 -13.55
v 34.93 0 -14.09
v 33.66 0 -11.92
v 34.29 0 -13
v 33.98 0 -12.46
v 32.29 0 -9.07
v 32.95 0 -10.51
v 32.82 0 -10.22
v 31.77 0 -7.93
v 32.16 0 -8.79
v 31.9 0 -8.21
v 31.51 0 -7.36
v 31.64 0 -7.64
v 11.8 0 -1.09
v 31.12 0 -6.49
v 31.12 0 -1.09
v 11.819 0 -2.368
v 11.8 0 -2.12
v 12.009 0 -2.85
v 11.891 0 -2.615
v 12.355 0 -3.239
v 12.166 0 -3.061
v 13.21 0 -3.71
v 12.57 0 -3.37
v 15.32 0 -4.8
v 13.92 0 -4.08
v 17.44 0 -5.9
v 16.03 0 -5.17
v 19.54 0 -6.99
v 18.14 0 -6.26
v 18.84 0 -6.63
v 23.77 0 -9.17
v 22.36 0 -8.44
v 23.06 0 -8.81
v 24.26 0 -10.96
v 24.01 0 -10.06
v 25.48 0 -15.43
v 24.99 0 -13.64
v 25.23 0 -14.54
v 26.95 0 -20.79
v 26.21 0 -18.11
v 26.45 0 -19.01
v 27.43 0 -22.58
v 27.18 0 -21.69
v 26.63 0 -25.03
v 26.86 0 -24.92
v 26.75 0 -24.97
v 26.279 0 -25.313
v 26.441 0 -25.148
v 26.061 0 -25.734
v 26.15 0 -25.512
v 26.03 0 -26.19
v 26.019 0 -25.964
v 26.1 0 -26.68
v 26.06 0 -26.42
v 26.2 0 -27.43
v 26.13 0 -26.93
v 26.16 0 -27.18
v 26.31 0 -28.2
v 26.24 0 -27.69
v 26.27 0 -27.94
v 26.41 0 -28.96
v 26.34 0 -28.45
v 26.37 0 -28.71
v 26.49 0 -29.52
v 26.45 0 -29.22
v 26.48 0 -29.47
v 26.64 0 -29.96
v 26.61 0 -29.9
v 26.89 0 -30.41
v 26.76 0 -30.19
v 27.14 0 -30.88
v 27.01 0 -30.65
v 27.51 0 -31.57
v 27.27 0 -31.11
v 27.38 0 -31.33
v 27.89 0 -32.26
v 27.64 0 -31.8
v 27.76 0 -32.03
v 28.26 0 -32.95
v 28.01 0 -32.49
v 28.13 0 -32.72
v 28.472 0 -33.31
v 28.39 0 -33.18
v 28.695 0 -33.535
v 28.575 0 -33.43
v 28.971 0 -33.693
v 28.829 0 -33.624
v 29.68 0 -33.9
v 29.12 0 -33.74
v 29.16 0 -33.76
v 30.22 0 -38.84
v 30.96 0 -38.05
v 30.59 0 -38.44
v 29.74 0 -39.344
v 29.85 0 -39.22
v 29.584 0 -39.636
v 29.651 0 -39.484
v 29.517 0 -39.958
v 29.539 0 -39.796
v 29.53 0 -40.35
v 29.52 0 -40.12
v 29.68 0 -41.84
v 29.6 0 -41.09
v 29.87 0 -43.32
v 29.77 0 -42.58
v 30.1 0 -44.8
v 29.98 0 -44.06
v 30.36 0 -46.28
v 30.22 0 -45.54
v 30.65 0 -47.74
v 30.49 0 -47.01
v 30.97 0 -49.2
v 30.8 0 -48.47
v 31.32 0 -50.65
v 31.14 0 -49.93
v 31.582 0 -51.57
v 31.51 0 -51.37
v 31.861 0 -51.919
v 31.703 0 -51.756
v 32.25 0 -52.144
v 32.047 0 -52.051
v 32.56 0 -52.2
v 32.46 0 -52.19
v 33.19 0 -52.28
v 32.98 0 -52.26
v 34.04 0 -52.38
v 33.83 0 -52.37
v 35.56 0 -53.62
v 35.31 0 -52.55
v 35.43 0 -53.09
v 35.95 0 -55.25
v 35.69 0 -54.16
v 35.82 0 -54.71
v 36.33 0 -56.87
v 36.2 0 -56.33
v 36.84 0 -59.03
v 36.46 0 -57.41
v 36.58 0 -57.95
v 37.22 0 -60.65
v 36.97 0 -59.57
v 37.09 0 -60.11
v 37.2 0 -62.68
v 37.48 0 -61.73
v 37.34 0 -62.2
v 36.67 0 -64.57
v 37.07 0 -63.15
v 36.79 0 -64.1
v 36.26 0 -65.99
v 36.53 0 -65.04
v 36.39 0 -65.51
v 35.84 0 -67.41
v 36.12 0 -66.46
v 35.98 0 -66.93
v 35.58 0 -68.35
v 35.71 0 -67.87
v 35.31 0 -69.3
v 35.44 0 -68.82
v 34.07 0 -68.96
v 35.17 0 -69.77
v 34.81 0 -69.5
v 32.97 0 -68.15
v 33.7 0 -68.68
v 31.13 0 -66.8
v 32.23 0 -67.61
v 31.51 0 -67.07
v 29.67 0 -65.72
v 30.04 0 -65.99
v 28.52 0 -58.8
v 28.92 0 -61.38
v 28.92 0 -59.32
v 26.55 0 -56.24
v 27.34 0 -57.27
v 26.95 0 -56.75
v 24.58 0 -53.68
v 25.76 0 -55.22
v 24.98 0 -54.19
v 23.01 0 -51.63
v 24.18 0 -53.17
v 23.79 0 -52.65
v 22.2 0 -49.73
v 22.22 0 -50.6
v 22.21 0 -50.02
v 22.18 0 -48.58
v 22.19 0 -48.86
v 22.15 0 -46.84
v 22.16 0 -47.72
v 22.16 0 -47.42
v 21.58 0 -45.25
v 22.14 0 -46.56
v 22.12 0 -45.69
v 21.03 0 -44.83
v 21.49 0 -45.18
v 20.58 0 -44.46
v 20.94 0 -44.75
v 20.66 0 -43.22
v 20.58 0 -43.3
v 20.62 0 -43.27
v 20.77 0 -43.09
v 20.73 0 -43.14
v 20.84 0 -43.01
v 20.8 0 -43.06
v 20.96 0 -42.88
v 20.88 0 -42.98
v 21.03 0 -42.8
v 20.99 0 -42.85
v 21.1 0 -42.72
v 21.07 0 -42.77
v 21.19 0 -42.64
v 21.15 0 -42.68
v 25.86 0 -40.27
v 21.22 0 -42.59
v 25.86 0 -42.59
v 22.03 0 -40.14
v 22.16 0 -40.27
v 22.1 0 -40.2
v 21.91 0 -40.01
v 21.98 0 -40.08
v 21.72 0 -39.83
v 21.85 0 -39.95
v 21.79 0 -39.89
v 21.53 0 -39.64
v 21.66 0 -39.77
v 21.6 0 -39.7
v 21.35 0 -39.45
v 21.47 0 -39.58
v 21.41 0 -39.51
v 21.16 0 -39.27
v 21.29 0 -39.38
v 21.063 0 -22.702
v 21.09 0 -39.2
v 21.09 0 -22.98
v 20.754 0 -22.191
v 20.944 0 -22.432
v 20.242 0 -21.884
v 20.513 0 -22.001
v 19.75 0 -21.86
v 19.96 0 -21.86
v 19.157 0 -21.988
v 19.451 0 -21.884
v 18.656 0 -22.379
v 18.886 0 -22.158
v 18.39 0 -22.92
v 18.484 0 -22.637
v 17.89 0 -24.9
v 18.14 0 -23.89
v 17.11 0 -27.94
v 17.62 0 -25.92
v 16.59 0 -29.97
v 16.85 0 -28.95
v 14.79 0 -37.07
v 15.82 0 -33.01
v 15.56 0 -34.02
v 14.27 0 -39.09
v 14.52 0 -38.08
v 9.02 0 -41.07
v 9.02 0 -39.09
v 10.34 0 -41.48
v 9.68 0 -41.27
v 10.01 0 -41.38
v 11.33 0 -41.79
v 10.66 0 -41.58
v 10.99 0 -41.69
v 12.31 0 -42.1
v 11.66 0 -41.89
v 11.99 0 -42
v 12.97 0 -42.31
v 12.64 0 -42.21
v 13.96 0 -42.62
v 13.3 0 -42.41
v 13.64 0 -42.52
v 14.44 0 -43.65
v 14.62 0 -43.6
v 14.53 0 -43.62
v 13.63 0 -43.91
v 13.99 0 -43.79
v 13.9 0 -43.81
v 13.27 0 -44.01
v 13.55 0 -43.93
v 13.01 0 -44.22
v 13.18 0 -44.04
v 13.09 0 -44.07
v 12.76 0 -44.67
v 12.93 0 -44.37
v 12.84 0 -44.52
v 12.35 0 -45.42
v 12.52 0 -45.12
v 12.43 0 -45.27
v 12.19 0 -45.72
v 12.27 0 -45.56
v 11.93 0 -46.17
v 12.11 0 -45.87
v 12.01 0 -46.02
v 11.77 0 -46.47
v 11.85 0 -46.31
v 11.67 0 -46.78
v 11.69 0 -46.61
v 11.59 0 -47.6
v 11.64 0 -47.11
v 11.62 0 -47.27
v 11.55 0 -48.08
v 11.58 0 -47.75
v 11.56 0 -47.92
v 11.49 0 -48.74
v 11.53 0 -48.25
v 11.45 0 -49.07
v 11.47 0 -48.9
v 11.53 0 -49.47
v 11.44 0 -49.23
v 11.42 0 -49.39
v 11.85 0 -49.71
v 11.64 0 -49.55
v 11.74 0 -49.63
v 12.39 0 -50.12
v 12.18 0 -49.96
v 12.28 0 -50.04
v 12.61 0 -50.29
v 12.5 0 -50.21
v 13.14 0 -50.7
v 12.93 0 -50.53
v 13.04 0 -50.62
v 12.86 0 -52.42
v 13.25 0 -50.78
v 13.2 0 -50.98
v 12.72 0 -53.03
v 12.81 0 -52.62
v 12.52 0 -53.85
v 12.66 0 -53.24
v 12.42 0 -54.26
v 12.47 0 -54.05
v 11.82 0 -54.53
v 12.12 0 -54.4
v 11.97 0 -54.46
v 11.38 0 -54.73
v 11.68 0 -54.6
v 11.52 0 -54.66
v 10.93 0 -54.93
v 11.23 0 -54.8
v 11.08 0 -54.86
v 10.34 0 -55.2
v 10.64 0 -55.06
v 10.48 0 -55.13
v 10.04 0 -55.34
v 10.19 0 -55.26
v 9.89 0 -57.39
v 9.89 0 -55.4
v 10.15 0 -57.52
v 9.98 0 -57.43
v 10.06 0 -57.48
v 10.66 0 -57.77
v 10.49 0 -57.68
v 10.57 0 -57.73
v 11.09 0 -57.98
v 10.92 0 -57.89
v 11.01 0 -57.94
v 15.72 0 -58.1
v 11.18 0 -58.02
v 11.35 0 -58.1
v 15.87 0 -57.99
v 15.8 0 -58.05
v 16.02 0 -57.88
v 15.94 0 -57.94
v 16.38 0 -57.6
v 16.16 0 -57.76
v 16.23 0 -57.71
v 16.6 0 -57.43
v 16.45 0 -57.53
v 16.53 0 -57.48
v 16.82 0 -57.25
v 16.67 0 -57.37
v 16.75 0 -57.32
v 16.97 0 -57.14
v 16.89 0 -57.2
v 16.88 0 -56.59
v 16.94 0 -56.96
v 16.91 0 -56.77
v 16.75 0 -55.84
v 16.82 0 -56.21
v 16.79 0 -56.02
v 16.57 0 -54.73
v 16.66 0 -55.28
v 16.64 0 -55.09
v 16.45 0 -53.98
v 16.54 0 -54.54
v 16.48 0 -54.16
v 18.71 0 -58.21
v 17.86 0 -56.62
v 18.42 0 -57.68
v 19.83 0 -60.33
v 18.99 0 -58.74
v 19.55 0 -59.8
v 20.96 0 -62.45
v 20.67 0 -61.92
v 21.18 0 -63.08
v 21.24 0 -62.98
v 21.2 0 -63.02
v 21.11 0 -63.18
v 21.14 0 -63.13
v 20.96 0 -63.43
v 21.05 0 -63.29
v 21.02 0 -63.33
v 20.89 0 -63.54
v 20.92 0 -63.49
v 20.8 0 -63.7
v 20.86 0 -63.59
v 20.7 0 -63.84
v 20.77 0 -63.74
v 20.67 0 -64.89
v 20.68 0 -64.55
v 20.67 0 -64.72
v 20.64 0 -65.94
v 20.66 0 -65.42
v 20.65 0 -65.59
v 20.61 0 -66.82
v 20.64 0 -66.12
v 20.63 0 -66.3
v 21.28 0 -67.86
v 20.95 0 -67.34
v 21.11 0 -67.6
v 21.6 0 -68.38
v 21.44 0 -68.13
v 22.11 0 -69.17
v 21.77 0 -68.65
v 21.93 0 -68.91
v 22.6 0 -69.95
v 22.27 0 -69.43
v 22.43 0 -69.7
v 22.93 0 -70.48
v 22.76 0 -70.22
v 23.43 0 -71.26
v 23.09 0 -70.74
v 23.25 0 -71
v 26.96 0 -72.45
v 26.35 0 -71.28
v 26.65 0 -71.87
v 27.57 0 -73.61
v 27.26 0 -73.03
v 28.18 0 -74.77
v 27.87 0 -74.19
v 28.79 0 -75.94
v 28.48 0 -75.36
v 29.4 0 -77.11
v 29.09 0 -76.52
v 30.01 0 -78.28
v 29.7 0 -77.69
v 30.62 0 -79.44
v 30.31 0 -78.86
v 31.23 0 -80.6
v 30.92 0 -80.03
v 31.24 0 -82.33
v 31.39 0 -81.76
v 31.31 0 -82.05
v 30.95 0 -83.48
v 31.1 0 -82.91
v 31.02 0 -83.19
v 30.73 0 -84.34
v 30.88 0 -83.76
v 30.8 0 -84.06
v 30.51 0 -85.2
v 30.66 0 -84.63
v 30.58 0 -84.91
v 30.35 0 -86.16
v 30.37 0 -85.77
v 30.29 0 -86.06
v 30.41 0 -86.25
v 30.38 0 -86.21
v 30.48 0 -86.35
v 30.45 0 -86.31
v 30.54 0 -86.45
v 30.51 0 -86.41
v 30.64 0 -86.6
v 30.6 0 -86.55
v 30.73 0 -86.74
v 30.67 0 -86.65
v 30.69 0 -86.7
v 30.79 0 -86.84
v 30.76 0 -86.8
v 33.14 0 -86.9
v 30.82 0 -86.9
v 35.86 0 -85.43
v 33.47 0 -86.71
v 33.82 0 -86.53
v 36.88 0 -84.88
v 36.2 0 -85.25
v 36.55 0 -85.07
v 37.57 0 -84.51
v 37.23 0 -84.7
v 38.94 0 -83.78
v 37.91 0 -84.33
v 41.71 0 -85.4
v 41.82 0 -83.78
v 41.74 0 -84.87
v 41.6 0 -87.03
v 41.67 0 -85.94
v 41.63 0 -86.48
v 41.52 0 -88.1
v 41.56 0 -87.56
v 41.34 0 -90.8
v 41.42 0 -89.73
v 41.38 0 -90.26
v 41.2 0 -92.96
v 41.27 0 -91.89
v 41.23 0 -92.42
v 40.98 0 -93.12
v 41.14 0 -93.01
v 41.09 0 -93.04
v 40.81 0 -93.24
v 40.92 0 -93.16
v 40.7 0 -93.32
v 40.76 0 -93.27
v 40.59 0 -93.39
v 40.65 0 -93.35
v 40.38 0 -93.55
v 40.49 0 -93.47
v 40.43 0 -93.51
v 40.27 0 -93.63
v 40.32 0 -93.58
v 38.36 0 -93.98
v 38.05 0 -93.63
v 39.27 0 -95.07
v 38.66 0 -94.35
v 40.79 0 -96.88
v 39.57 0 -95.43
v 39.87 0 -95.8
v 41.4 0 -97.6
v 41.1 0 -97.25
v 42.01 0 -98.33
v 41.7 0 -97.97
v 42.92 0 -99.42
v 42.31 0 -98.69
v 42.61 0 -99.05
v 52.82 0 -99.78
v 43.22 0 -99.78
v 53.08 0 -99.56
v 52.99 0 -99.64
v 53.4 0 -99.26
v 53.16 0 -99.48
v 53.24 0 -99.41
v 53.57 0 -99.12
v 53.49 0 -99.19
v 54.06 0 -98.68
v 53.65 0 -99.04
v 53.81 0 -98.9
v 54.23 0 -91.4
v 54.23 0 -98.53
v 53.57 0 -89.4
v 53.9 0 -90.4
v 53.79 0 -90.06
v 53.13 0 -88.07
v 53.35 0 -88.73
v 53.24 0 -88.39
v 52.91 0 -87.4
v 53.02 0 -87.73
v 52.69 0 -86.73
v 52.8 0 -87.06
v 52.53 0 -84.31
v 52.36 0 -84.41
v 52.45 0 -84.36
v 52.69 0 -84.2
v 52.61 0 -84.26
v 53.01 0 -83.99
v 52.85 0 -84.1
v 52.93 0 -84.05
v 53.18 0 -83.89
v 53.09 0 -83.95
v 53.34 0 -83.78
v 53.26 0 -83.84
v 53.59 0 -83.63
v 53.42 0 -83.74
v 60.27 0 -83.44
v 53.75 0 -83.53
v 60.09 0 -83.53
v 60.96 0 -83.07
v 60.61 0 -83.25
v 60.79 0 -83.16
v 61.48 0 -82.81
v 61.13 0 -82.98
v 61.31 0 -82.9
v 62 0 -82.53
v 61.65 0 -82.71
v 61.83 0 -82.62
v 63.03 0 -81.99
v 62.51 0 -82.26
v 62.68 0 -82.18
v 64.53 0 -79.11
v 63.53 0 -81.04
v 65.53 0 -77.19
v 65.03 0 -78.16
v 67.52 0 -73.35
v 66.03 0 -76.23
v 66.53 0 -75.28
v 68.53 0 -71.43
v 68.03 0 -72.39
v 75.82 0 -66.34
v 75.63 0 -66.25
v 75.72 0 -66.3
v 75.67 0 -68.8
v 76.01 0 -68.39
v 75.76 0 -68.69
v 75.42 0 -69.1
v 75.5 0 -69
v 74.99 0 -69.61
v 75.07 0 -69.51
v 74.56 0 -70.13
v 74.74 0 -69.92
v 74.65 0 -70.02
v 74.28 0 -70.22
v 74.43 0 -70.17
v 73.58 0 -70.43
v 74 0 -70.31
v 73.86 0 -70.34
v 72.87 0 -70.65
v 73.3 0 -70.52
v 73.15 0 -70.56
v 72.58 0 -70.74
v 72.73 0 -70.69
v 72.3 0 -70.83
v 72.45 0 -70.78
v 72.13 0 -70.93
v 72.17 0 -70.86
v 72.01 0 -71.13
v 72.05 0 -71.06
v 71.78 0 -71.51
v 71.9 0 -71.32
v 71.86 0 -71.38
v 71.64 0 -71.77
v 71.71 0 -71.64
v 71.67 0 -71.7
v 71.52 0 -71.96
v 71.59 0 -71.83
v 70.83 0 -76.57
v 71.23 0 -73.94
v 71.13 0 -74.59
v 70.44 0 -79.2
v 70.73 0 -77.23
v 69.95 0 -82.49
v 70.34 0 -79.86
v 70.04 0 -81.83
v 70.01 0 -83.26
v 69.85 0 -83.15
v 70.52 0 -83.6
v 70.18 0 -83.37
v 70.35 0 -83.49
v 70.84 0 -83.83
v 70.68 0 -83.72
v 71.17 0 -84.06
v 71.01 0 -83.95
v 71.84 0 -84.51
v 71.34 0 -84.16
v 71.51 0 -84.28
v 72.17 0 -84.73
v 72 0 -84.62
v 72.5 0 -84.96
v 72.34 0 -84.85
v 72.39 0 -86.33
v 72.53 0 -85.7
v 72.46 0 -86.01
v 72.11 0 -87.57
v 72.26 0 -86.95
v 72.18 0 -87.25
v 71.91 0 -88.5
v 72.05 0 -87.88
v 71.97 0 -88.19
v 71.7 0 -89.44
v 71.84 0 -88.81
v 71.76 0 -89.13
v 71.49 0 -90.38
v 71.63 0 -89.75
v 71.56 0 -90.06
v 70.44 0 -90.76
v 70.97 0 -90.56
v 68.87 0 -91.31
v 69.92 0 -90.94
v 69.39 0 -91.12
v 66.77 0 -92.06
v 67.83 0 -91.69
v 67.3 0 -91.87
v 65.72 0 -92.43
v 66.25 0 -92.24
v 63.1 0 -93.36
v 64.67 0 -92.81
v 64.15 0 -92.99
v 62.76 0 -93.76
v 62.57 0 -93.55
v 63.07 0 -94.12
v 62.82 0 -93.84
v 63.37 0 -94.47
v 63.19 0 -94.26
v 63.31 0 -94.4
v 65.69 0 -95.1
v 63.61 0 -94.75
v 66.72 0 -95.27
v 66.2 0 -95.19
v 68.28 0 -95.52
v 67.24 0 -95.35
v 67.76 0 -95.44
v 69.83 0 -95.78
v 68.8 0 -95.61
v 69.31 0 -95.7
v 71.39 0 -96.04
v 70.35 0 -95.87
v 72.43 0 -96.21
v 71.91 0 -96.13
v 74.46 0 -96.88
v 73.44 0 -96.54
v 73.79 0 -96.66
v 76.16 0 -97.44
v 74.8 0 -96.99
v 75.82 0 -97.33
v 77.18 0 -97.78
v 76.84 0 -97.67
v 78.25 0 -99.19
v 78.23 0 -98.65
v 78.23 0 -98.74
v 78.38 0 -99.65
v 78.26 0 -99.27
v 78.27 0 -99.63
v 78.81 0 -99.74
v 78.49 0 -99.67
v 78.7 0 -99.72
v 79.47 0 -99.87
v 79.03 0 -99.78
v 79.36 0 -99.85
v 79.79 0 -99.94
v 79.57 0 -99.89
v 79.68 0 -99.92
v 80.21 0 -99.84
v 80.01 0 -99.98
v 80.12 0 -100
v 80.46 0 -99.33
v 80.29 0 -99.66
v 80.38 0 -99.49
v 80.63 0 -98.98
v 80.55 0 -99.15
v 80.81 0 -98.64
v 80.73 0 -98.81
v 81.07 0 -98.13
v 80.9 0 -98.47
v 80.99 0 -98.3
v 81.42 0 -97.45
v 81.25 0 -97.79
v 81.34 0 -97.62
v 81.59 0 -97.11
v 81.51 0 -97.28
v 81.64 0 -96.65
v 81.62 0 -96.88
v 81.67 0 -96.21
v 81.66 0 -96.43
v 81.73 0 -95.52
v 81.71 0 -95.75
v 81.81 0 -94.62
v 81.77 0 -95.07
v 81.79 0 -94.85
v 81.87 0 -93.94
v 81.83 0 -94.39
v 81.85 0 -94.17
v 81.66 0 -93.19
v 81.9 0 -93.48
v 81.92 0 -93.26
v 80.86 0 -92.99
v 81.39 0 -93.13
v 81.13 0 -93.06
v 80.06 0 -92.8
v 80.6 0 -92.93
v 80.32 0 -92.86
v 79.53 0 -92.66
v 79.8 0 -92.72
v 78.74 0 -92.46
v 79.27 0 -92.6
v 79 0 -92.52
v 77.94 0 -92.26
v 78.47 0 -92.4
v 78.2 0 -92.32
v 78.59 0 -80.96
v 78.38 0 -82.92
v 78.45 0 -82.27
v 80.6 0 -80.76
v 78.99 0 -80.92
v 80.4 0 -80.78
v 82 0 -80.63
v 81.8 0 -80.65
v 82.65 0 -77.45
v 82.33 0 -79.04
v 83.62 0 -72.69
v 83.31 0 -74.27
v 84.28 0 -69.5
v 83.95 0 -71.1
v 85.9 0 -61.57
v 84.93 0 -66.33
v 85.26 0 -64.75
v 87.53 0 -53.63
v 86.55 0 -58.39
v 86.88 0 -56.81
v 86.99 0 -51.08
v 87.34 0 -52.78
v 87.17 0 -51.93
v 86.63 0 -49.38
v 86.81 0 -50.22
v 86.27 0 -47.67
v 86.45 0 -48.52
v 85.19 0 -42.57
v 85.55 0 -44.27
v 85.38 0 -43.41
v 84.66 0 -40.01
v 85.01 0 -41.72
v 84.84 0 -40.86
v 85.04 0 -35.24
v 84.66 0 -37.85
v 84.85 0 -36.55
v 86.16 0 -27.4
v 85.41 0 -32.63
v 85.79 0 -30.01
v 86.72 0 -23.48
v 86.35 0 -26.09
v 87.28 0 -19.56
v 86.91 0 -22.17
v 87.1 0 -20.86
v 90.122 0 -16.916
v 88.63 0 -16.94
v 89.84 0 -16.94
v 90.637 0 -16.609
v 90.395 0 -16.799
v 90.946 0 -16.098
v 90.828 0 -16.368
v 90.97 0 -15.15
v 90.97 0 -15.82
v 90.824 0 -14.595
v 90.943 0 -14.868
v 90.393 0 -14.162
v 90.634 0 -14.353
v 89.84 0 -14.02
v 90.122 0 -14.044
v 84.543 0 -14.043
v 84.8 0 -14.02
v 84.065 0 -14.3
v 84.292 0 -14.141
v 83.747 0 -14.744
v 83.878 0 -14.506
v 83.6 0 -15.65
v 83.69 0 -15
v 83.17 0 -18.9
v 83.38 0 -17.28
v 82.51 0 -23.79
v 82.95 0 -20.53
v 82.73 0 -22.15
v 82.08 0 -27.04
v 82.29 0 -25.41
v 81 0 -35.17
v 81.65 0 -30.29
v 81.43 0 -31.92
v 80.34 0 -40.05
v 80.78 0 -36.79
v 79.37 0 -44.36
v 79.75 0 -43.02
v 79.62 0 -43.47
v 78.99 0 -45.7
v 79.24 0 -44.81
v 78.48 0 -47.49
v 78.87 0 -46.15
v 78.61 0 -47.04
v 78.18 0 -47.68
v 78.06 0 -48.64
v 78.15 0 -48
v 78.26 0 -47.04
v 78.23 0 -47.36
v 78.38 0 -46.08
v 78.35 0 -46.4
v 78.55 0 -44.81
v 78.46 0 -45.45
v 78.51 0 -45.13
v 78.67 0 -43.85
v 78.59 0 -44.49
v 78.07 0 -43.4
v 78.47 0 -43.7
v 78.27 0 -43.54
v 77.67 0 -43.09
v 77.87 0 -43.24
v 77.07 0 -42.64
v 77.27 0 -42.78
v 76.67 0 -42.33
v 76.87 0 -42.48
v 75.88 0 -41.73
v 76.28 0 -42.03
v 76.08 0 -41.87
v 75.27 0 -41.27
v 75.47 0 -41.42
v 74.68 0 -41.64
v 74.98 0 -41.45
v 73.21 0 -42.59
v 74.1 0 -42.03
v 73.51 0 -42.4
v 71.74 0 -43.54
v 72.62 0 -42.98
v 72.33 0 -43.16
v 70.56 0 -44.3
v 71.45 0 -43.73
v 70.85 0 -44.11
v 70.61 0 -45.23
v 70.27 0 -44.49
v 70.95 0 -45.98
v 70.72 0 -45.47
v 70.83 0 -45.72
v 71.64 0 -47.45
v 71.52 0 -47.21
v 72.09 0 -48.45
v 71.97 0 -48.19
v 71.95 0 -48.92
v 72.2 0 -48.69
v 72.07 0 -48.8
v 71.56 0 -49.26
v 71.69 0 -49.14
v 70.92 0 -49.82
v 71.31 0 -49.48
v 71.18 0 -49.59
v 70.66 0 -50.05
v 70.79 0 -49.93
v 70.28 0 -50.39
v 70.53 0 -50.16
v 70.02 0 -50.62
v 70.15 0 -50.5
v 69.37 0 -51.99
v 69.69 0 -51.3
v 67.42 0 -56.14
v 67.73 0 -55.45
v 65.46 0 -60.28
v 65.78 0 -59.59
v 65.13 0 -60.97
v 76.34 0 -53.42
v 75.34 0 -61.8
v 62.52 0 -64.87
v 59.38 0 -65.07
v 64.37 0 -38
v 63.46 0 -33.63
v 68.15 0 -25.73
v 56.33 0 -27.1
v 51.61 0 -41.44
v 49.67 0 -46.77
v 49.08 0 -47.54
v 39.35 0 -21.36
v 36.85 0 -17.37
v 33.34 0 -11.37
v 20.26 0 -7.36
v 24.75 0 -12.75
v 25.73 0 -16.33
v 27.68 0 -23.48
v 37.35 0 -61.19
v 32.6 0 -67.88
v 28.93 0 -65.18
v 27.73 0 -57.78
v 26.15 0 -55.73
v 22.61 0 -51.12
v 9.35 0 -41.17
v 14.29 0 -42.72
v 14.35 0 -43.68
v 12.68 0 -44.82
v 11.96 0 -49.79
v 12.72 0 -50.37
v 10.41 0 -57.64
v 10.75 0 -57.81
v 16.09 0 -57.82
v 16.85 0 -56.4
v 17.58 0 -56.09
v 21.09 0 -63.23
v 20.7 0 -64.03
v 20.78 0 -67.08
v 31.17 0 -82.62
v 30.44 0 -85.49
v 41.49 0 -88.64
v 40.54 0 -93.43
v 54.01 0 -90.74
v 53.46 0 -89.07
v 52.58 0 -86.4
v 52.77 0 -84.15
v 53.67 0 -83.57
v 60.44 0 -83.34
v 62.17 0 -82.44
v 69.52 0 -69.51
v 75.53 0 -66.2
v 73.43 0 -70.48
v 71.75 0 -71.57
v 72.6 0 -85.39
v 78.2 0 -98.11
v 78.92 0 -99.76
v 79.9 0 -99.96
v 81.16 0 -97.96
v 81.88 0 -93.71
v 77.41 0 -92.13
v 84.6 0 -67.92
v 86.22 0 -59.98
v 86.09 0 -46.82
v 84.47 0 -39.16
v 81.87 0 -28.66
v 78.24 0 -48.38
v 78.02 0 -48.96
v 76.47 0 -42.18
v 64.52 0 -62.42
v 63.6 0 -34.53
v 63.427 0 -33.779
v 67.27 0 -22.7
v 71.97 0 -8.06
v 62.57 0 -6.45
v 39.2 0 -21.18
v 20.96 0 -7.72
v 27.11 0 -24.79
v 12.83 0 -50.45
v 16.74 0 -54.51
v 62.34 0 -82.35
v 70.02 0 -68.55
v 76.01 0 -66.43
v 72.67 0 -85.08
v 65.2 0 -92.62
v 88.377 0 -16.963
v 77.98 0 -49.28
v 74.39 0 -41.84
v 77.72 0 -53.42
v 65.05 0 -63.6
v 60.26 0 -67.22
v 57.68 0 -57.59
v 62.08 0 -48.43
v 71.36 0 -8.44
v 30.2 0 -34.05
v 70.52 0 -67.59
v 78.79 0 -80.94
v 63.15 0 -5.27
v 39.189 0 -26.295
v 27.32 0 -24.655
v 31.3 0 -37.63
v 88.129 0 -17.06
v 65.21 0 -63.61
v 67.22 0 -22.65
v 27.496 0 -24.464
v 31.62 0 -37.2
v 31.46 0 -81.48
v 85.91 0 -45.97
v 87.902 0 -17.219
v 39.031 0 -26.538
v 30.7 0 -34.24
v 31.9 0 -36.74
v 14.62 0 -42.83
v 12.27 0 -54.33
v 87.714 0 -17.423
v 63.524 0 -34.393
v 67.076 0 -22.495
v 38.921 0 -26.814
v 27.628 0 -24.232
v 31.19 0 -34.49
v 32.1 0 -36.24
v 31.53 0 -81.18
v 85.73 0 -45.12
v 65.17 0 -63.53
v 63.468 0 -34.246
v 66.966 0 -22.309
v 66.862 0 -21.671
v 38.866 0 -27.105
v 27.708 0 -23.98
v 31.62 0 -34.79
v 87.581 0 -17.658
v 63.432 0 -34.091
v 66.893 0 -22.101
v 66.857 0 -21.885
v 32.14 0 -35.71
v 54.12 0 -91.07
v 87.52 0 -17.91
v 63.419 0 -33.934
v 27.728 0 -23.723
v 71.52 0 -65.67
v 87.47 0 -18.25
v 78.11 0 -48.83
v 38.87 0 -27.396
v 77.89 0 -87.53
v 76.79 0 -61.5
v 63.64 0 -32.91
v 38.94 0 -27.67
v 52.36 0 -85.73
v 80 0 -42.13
v 31.98 0 -35.2
v 77.96 0 -86.87
v 80.12 0 -41.67
v 63.27 0 -4.34
v 63.23 0 -4.65
v 63.19 0 -4.96
v 46.241 0 -47.717
v 74.47 0 -65.71
v 46.426 0 -47.824
v 74.37 0 -65.67
v 46.626 0 -47.903
v 49.632 0 -46.86
v 46.833 0 -47.953
v 49.587 0 -46.948
v 47.04 0 -47.97
v 49.537 0 -47.034
v 48.07 0 -47.97
v 49.483 0 -47.115
v 48.252 0 -47.956
v 49.423 0 -47.191
v 48.434 0 -47.916
v 48.612 0 -47.853
v 49.36 0 -47.26
v 48.783 0 -47.767
v 48.94 0 -47.662
v 64.8 10 -61.66
v 74.05 10 -59.25
v 73.35 10 -61.04
v 74.23 10 -58.8
v 74.58 10 -57.9
v 74.41 10 -58.35
v 75.11 10 -56.56
v 74.94 10 -57.01
v 75.81 10 -54.76
v 75.64 10 -55.22
v 76.17 10 -53.87
v 75.99 10 -54.32
v 77.8 10 -53.52
v 77.88 10 -53.63
v 77.84 10 -53.58
v 77.93 10 -53.69
v 78.14 10 -53.94
v 78.09 10 -53.9
v 78.34 10 -54.21
v 78.17 10 -54
v 78.43 10 -54.32
v 78.38 10 -54.26
v 78.24 10 -55.16
v 78.33 10 -54.74
v 77.95 10 -56.42
v 78.04 10 -56
v 77.75 10 -57.27
v 77.84 10 -56.85
v 77.56 10 -58.12
v 77.65 10 -57.69
v 77.37 10 -58.96
v 77.46 10 -58.54
v 77.08 10 -60.23
v 77.17 10 -59.8
v 76.89 10 -61.07
v 76.98 10 -60.65
v 76.51 10 -61.56
v 75.97 10 -61.66
v 76.42 10 -61.57
v 75.88 10 -61.68
v 75.42 10 -61.78
v 75.51 10 -61.76
v 75.25 10 -61.82
v 75.02 10 -61.73
v 75.13 10 -61.77
v 74.8 10 -61.64
v 74.91 10 -61.68
v 74.57 10 -61.55
v 74.68 10 -61.59
v 74.35 10 -61.45
v 74.46 10 -61.49
v 74.23 10 -61.4
v 73.91 10 -61.26
v 74.13 10 -61.35
v 73.79 10 -61.22
v 73.57 10 -61.13
v 73.68 10 -61.17
v 73.46 10 -61.08
v 64.48 10 -62.35
v 64.56 10 -62.49
v 64.69 10 -62.72
v 64.65 10 -62.65
v 64.83 10 -62.94
v 65 10 -63.24
v 64.86 10 -63.01
v 65.13 10 -63.46
v 65.04 10 -63.31
v 64.97 10 -63.59
v 64.74 10 -63.56
v 64.82 10 -63.57
v 64.5 10 -63.53
v 64.58 10 -63.54
v 64.26 10 -63.52
v 64.02 10 -63.49
v 64.19 10 -63.51
v 63.87 10 -63.47
v 63.95 10 -63.48
v 63.64 10 -63.71
v 62.74 10 -64.64
v 63.42 10 -63.93
v 62.29 10 -65.11
v 61.84 10 -65.58
v 62.06 10 -65.34
v 61.39 10 -66.04
v 61.61 10 -65.81
v 61.16 10 -66.28
v 60.49 10 -66.98
v 60.71 10 -66.74
v 60.03 10 -67.44
v 59.92 10 -67.05
v 59.98 10 -67.25
v 59.81 10 -66.66
v 59.7 10 -66.26
v 59.76 10 -66.46
v 59.59 10 -65.87
v 59.44 10 -65.27
v 59.55 10 -65.67
v 59.22 10 -64.48
v 59.11 10 -64.09
v 59.17 10 -64.29
v 58.65 10 -63.21
v 58.77 10 -63.42
v 58.32 10 -62.54
v 58.43 10 -62.76
v 58.09 10 -62.09
v 58.21 10 -62.31
v 57.63 10 -61.21
v 57.75 10 -61.43
v 57.3 10 -60.54
v 57.41 10 -60.76
v 57.19 10 -60.32
v 57.39 10 -59.23
v 57.29 10 -59.78
v 57.58 10 -58.14
v 57.49 10 -58.68
v 57.98 10 -55.95
v 58.28 10 -54.32
v 58.08 10 -55.41
v 58.38 10 -53.77
v 58.68 10 -52.13
v 58.58 10 -52.68
v 58.87 10 -51.04
v 58.78 10 -51.58
v 60.853 10 -51.018
v 60.61 10 -51.04
v 61.314 10 -50.786
v 61.093 10 -50.929
v 61.638 10 -50.385
v 61.5 10 -50.601
v 61.89 10 -49.3
v 61.71 10 -50.15
v 62.27 10 -47.56
v 62.66 10 -45.82
v 62.47 10 -46.7
v 62.85 10 -44.95
v 63.42 10 -42.35
v 63.04 10 -44.09
v 63.61 10 -41.48
v 64 10 -39.74
v 63.81 10 -40.61
v 64.56 10 -37.13
v 64.67 10 -36.582
v 64.65 10 -36.73
v 64.652 10 -36.276
v 64.671 10 -36.429
v 64.562 10 -35.988
v 64.616 10 -36.128
v 64.42 10 -35.76
v 64.49 10 -35.86
v 64.33 10 -35.63
v 64.17 10 -35.38
v 64.25 10 -35.5
v 63.91 10 -35
v 64 10 -35.13
v 63.83 10 -34.87
v 63.67 10 -34.62
v 63.75 10 -34.74
v 63.47 10 -33.59
v 63.5 10 -33.44
v 63.49 10 -33.51
v 63.54 10 -33.28
v 63.52 10 -33.37
v 63.56 10 -33.21
v 63.62 10 -32.98
v 63.59 10 -33.14
v 63.66 10 -32.84
v 64.04 10 -32.82
v 63.91 10 -32.83
v 64.56 10 -32.79
v 64.43 10 -32.8
v 65.07 10 -32.77
v 65.341 10 -32.747
v 65.14 10 -32.77
v 65.723 10 -32.579
v 65.538 10 -32.681
v 66.017 10 -32.287
v 65.885 10 -32.446
v 66.21 10 -31.9
v 66.11 10 -32.11
v 66.46 10 -31.34
v 66.34 10 -31.62
v 66.71 10 -30.78
v 66.59 10 -31.06
v 66.83 10 -30.5
v 67.08 10 -29.94
v 66.96 10 -30.22
v 67.33 10 -29.38
v 67.21 10 -29.67
v 67.45 10 -29.11
v 67.7 10 -28.54
v 67.58 10 -28.83
v 67.87 10 -28.16
v 67.83 10 -28.27
v 67.97 10 -27.73
v 67.96 10 -27.81
v 68.06 10 -26.73
v 68 10 -27.49
v 68.14 10 -25.97
v 68.09 10 -26.47
v 68.2 10 -25.22
v 68.25 10 -24.72
v 68.23 10 -24.97
v 68.27 10 -24.46
v 68.295 10 -24.103
v 68.29 10 -24.27
v 68.22 10 -23.769
v 68.27 10 -23.934
v 68.052 10 -23.472
v 68.146 10 -23.613
v 67.94 10 -23.35
v 67.75 10 -23.16
v 67.85 10 -23.25
v 67.46 10 -22.88
v 67.56 10 -22.97
v 66.91 10 -21.47
v 67.23 10 -20.54
v 66.96 10 -21.35
v 67.78 10 -18.93
v 67.51 10 -19.74
v 68.61 10 -16.51
v 68.34 10 -17.31
v 68.88 10 -15.7
v 69.44 10 -14.09
v 69.16 10 -14.9
v 69.71 10 -13.28
v 70.53 10 -10.86
v 70.26 10 -11.67
v 72.58 10 -7.68
v 74.42 10 -6.54
v 73.81 10 -6.92
v 76.85 10 -5.01
v 78.68 10 -3.87
v 77.46 10 -4.63
v 79.29 10 -3.49
v 80.52 10 -2.73
v 79.91 10 -3.12
v 81.255 10 -2.25
v 81.07 10 -2.39
v 81.551 10 -1.872
v 81.417 10 -2.074
v 81.717 10 -1.422
v 81.653 10 -1.652
v 81.74 10 0
v 81.74 10 -1.19
v 65.05 10 -0.01
v 65.92 10 0
v 64.41 10 -0.162
v 64.726 10 -0.039
v 63.887 10 -0.621
v 64.122 10 -0.363
v 63.66 10 -1.24
v 63.725 10 -0.92
v 63.62 10 -1.55
v 63.47 10 -2.79
v 63.5 10 -2.48
v 63.39 10 -3.41
v 63.42 10 -3.1
v 59.65 10 -12.37
v 58.48 10 -14.73
v 59.06 10 -13.56
v 57.9 10 -15.92
v 56.73 10 -18.29
v 57.31 10 -17.1
v 54.4 10 -23.02
v 53.845 10 -24.162
v 53.92 10 -23.98
v 53.775 10 -24.55
v 53.796 10 -24.354
v 53.814 10 -24.941
v 53.781 10 -24.747
v 53.96 10 -25.307
v 53.874 10 -25.129
v 54.202 10 -25.618
v 54.07 10 -25.471
v 54.52 10 -25.85
v 54.353 10 -25.745
v 54.81 10 -25.96
v 54.7 10 -25.93
v 55.16 10 -26.09
v 55.68 10 -26.29
v 55.34 10 -26.16
v 56.21 10 -26.48
v 55.86 10 -26.36
v 56.28 10 -26.84
v 56.31 10 -27.01
v 56.29 10 -26.93
v 56.4 10 -27.46
v 56.43 10 -27.63
v 56.41 10 -27.55
v 56.5 10 -27.99
v 56.48 10 -27.91
v 55.28 10 -31.35
v 55.68 10 -30.23
v 54.05 10 -34.72
v 54.46 10 -33.59
v 53.24 10 -36.96
v 53.64 10 -35.84
v 52.01 10 -40.32
v 52.42 10 -39.2
v 51.2 10 -42.56
v 49.97 10 -45.92
v 50.38 10 -44.8
v 49.25 10 -47.37
v 49.09 10 -47.53
v 49.19 10 -47.42
v 46.076 10 -47.585
v 45.91 10 -47.4
v 45.94 10 -47.43
v 45.85 10 -47.33
v 45.75 10 -47.21
v 45.81 10 -47.27
v 45.65 10 -47.08
v 45.71 10 -47.14
v 45.43 10 -46.66
v 45.65 10 -47.07
v 45.1 10 -45.69
v 44.29 10 -43.32
v 44.7 10 -44.51
v 43.07 10 -39.77
v 43.89 10 -42.14
v 42.66 10 -38.58
v 41.04 10 -33.83
v 41.45 10 -35.02
v 39.82 10 -30.27
v 39.01 10 -27.9
v 39.42 10 -29.08
v 39.39 10 -26.1
v 39.56 10 -25.97
v 39.45 10 -26.06
v 40.21 10 -25.938
v 39.86 10 -25.97
v 40.854 10 -25.55
v 40.55 10 -25.789
v 41.241 10 -24.909
v 41.093 10 -25.248
v 41.27 10 -24.22
v 41.27 10 -24.56
v 41.231 10 -23.905
v 41.26 10 -24.063
v 41.122 10 -23.601
v 41.185 10 -23.75
v 40.95 10 -23.34
v 41.043 10 -23.464
v 40.68 10 -22.99
v 40.82 10 -23.17
v 40.53 10 -22.81
v 40.08 10 -22.27
v 40.24 10 -22.45
v 39.79 10 -21.91
v 39.94 10 -22.09
v 39.5 10 -21.54
v 39.65 10 -21.72
v 39.05 10 -21
v 38.76 10 -20.63
v 38.91 10 -20.81
v 38.12 10 -19.55
v 38.44 10 -20.08
v 37.8 10 -19
v 37.17 10 -17.91
v 37.49 10 -18.45
v 36.53 10 -16.82
v 35.89 10 -15.73
v 36.21 10 -16.27
v 35.25 10 -14.64
v 35.57 10 -15.18
v 34.61 10 -13.55
v 34.93 10 -14.09
v 34.29 10 -13
v 33.66 10 -11.92
v 33.98 10 -12.46
v 32.95 10 -10.51
v 32.29 10 -9.07
v 32.82 10 -10.22
v 32.16 10 -8.79
v 31.77 10 -7.93
v 31.9 10 -8.21
v 31.51 10 -7.36
v 31.64 10 -7.64
v 31.12 10 -6.49
v 11.8 10 -1.09
v 31.12 10 -1.09
v 11.819 10 -2.368
v 11.8 10 -2.12
v 12.009 10 -2.85
v 11.891 10 -2.615
v 12.355 10 -3.239
v 12.166 10 -3.061
v 13.21 10 -3.71
v 12.57 10 -3.37
v 15.32 10 -4.8
v 13.92 10 -4.08
v 17.44 10 -5.9
v 16.03 10 -5.17
v 18.14 10 -6.26
v 19.54 10 -6.99
v 18.84 10 -6.63
v 22.36 10 -8.44
v 23.77 10 -9.17
v 23.06 10 -8.81
v 24.26 10 -10.96
v 24.01 10 -10.06
v 24.99 10 -13.64
v 25.48 10 -15.43
v 25.23 10 -14.54
v 26.21 10 -18.11
v 26.95 10 -20.79
v 26.45 10 -19.01
v 27.43 10 -22.58
v 27.18 10 -21.69
v 26.86 10 -24.92
v 26.63 10 -25.03
v 26.75 10 -24.97
v 26.279 10 -25.313
v 26.441 10 -25.148
v 26.061 10 -25.734
v 26.15 10 -25.512
v 26.03 10 -26.19
v 26.019 10 -25.964
v 26.1 10 -26.68
v 26.06 10 -26.42
v 26.13 10 -26.93
v 26.2 10 -27.43
v 26.16 10 -27.18
v 26.24 10 -27.69
v 26.31 10 -28.2
v 26.27 10 -27.94
v 26.34 10 -28.45
v 26.41 10 -28.96
v 26.37 10 -28.71
v 26.45 10 -29.22
v 26.49 10 -29.52
v 26.48 10 -29.47
v 26.64 10 -29.96
v 26.61 10 -29.9
v 26.89 10 -30.41
v 26.76 10 -30.19
v 27.14 10 -30.88
v 27.01 10 -30.65
v 27.27 10 -31.11
v 27.51 10 -31.57
v 27.38 10 -31.33
v 27.64 10 -31.8
v 27.89 10 -32.26
v 27.76 10 -32.03
v 28.01 10 -32.49
v 28.26 10 -32.95
v 28.13 10 -32.72
v 28.472 10 -33.31
v 28.39 10 -33.18
v 28.695 10 -33.535
v 28.575 10 -33.43
v 28.971 10 -33.693
v 28.829 10 -33.624
v 29.12 10 -33.74
v 29.68 10 -33.9
v 29.16 10 -33.76
v 30.96 10 -38.05
v 30.22 10 -38.84
v 30.59 10 -38.44
v 29.74 10 -39.344
v 29.85 10 -39.22
v 29.584 10 -39.636
v 29.651 10 -39.484
v 29.517 10 -39.958
v 29.539 10 -39.796
v 29.53 10 -40.35
v 29.52 10 -40.12
v 29.68 10 -41.84
v 29.6 10 -41.09
v 29.87 10 -43.32
v 29.77 10 -42.58
v 30.1 10 -44.8
v 29.98 10 -44.06
v 30.36 10 -46.28
v 30.22 10 -45.54
v 30.65 10 -47.74
v 30.49 10 -47.01
v 30.97 10 -49.2
v 30.8 10 -48.47
v 31.32 10 -50.65
v 31.14 10 -49.93
v 31.582 10 -51.57
v 31.51 10 -51.37
v 31.861 10 -51.919
v 31.703 10 -51.756
v 32.25 10 -52.144
v 32.047 10 -52.051
v 32.56 10 -52.2
v 32.46 10 -52.19
v 33.19 10 -52.28
v 32.98 10 -52.26
v 34.04 10 -52.38
v 33.83 10 -52.37
v 35.31 10 -52.55
v 35.56 10 -53.62
v 35.43 10 -53.09
v 35.69 10 -54.16
v 35.95 10 -55.25
v 35.82 10 -54.71
v 36.33 10 -56.87
v 36.2 10 -56.33
v 36.46 10 -57.41
v 36.84 10 -59.03
v 36.58 10 -57.95
v 36.97 10 -59.57
v 37.22 10 -60.65
v 37.09 10 -60.11
v 37.48 10 -61.73
v 37.2 10 -62.68
v 37.34 10 -62.2
v 37.07 10 -63.15
v 36.67 10 -64.57
v 36.79 10 -64.1
v 36.53 10 -65.04
v 36.26 10 -65.99
v 36.39 10 -65.51
v 36.12 10 -66.46
v 35.84 10 -67.41
v 35.98 10 -66.93
v 35.58 10 -68.35
v 35.71 10 -67.87
v 35.31 10 -69.3
v 35.44 10 -68.82
v 35.17 10 -69.77
v 34.07 10 -68.96
v 34.81 10 -69.5
v 32.97 10 -68.15
v 33.7 10 -68.68
v 32.23 10 -67.61
v 31.13 10 -66.8
v 31.51 10 -67.07
v 29.67 10 -65.72
v 30.04 10 -65.99
v 28.92 10 -61.38
v 28.52 10 -58.8
v 28.92 10 -59.32
v 27.34 10 -57.27
v 26.55 10 -56.24
v 26.95 10 -56.75
v 25.76 10 -55.22
v 24.58 10 -53.68
v 24.98 10 -54.19
v 24.18 10 -53.17
v 23.01 10 -51.63
v 23.79 10 -52.65
v 22.22 10 -50.6
v 22.2 10 -49.73
v 22.21 10 -50.02
v 22.18 10 -48.58
v 22.19 10 -48.86
v 22.16 10 -47.72
v 22.15 10 -46.84
v 22.16 10 -47.42
v 22.14 10 -46.56
v 21.58 10 -45.25
v 22.12 10 -45.69
v 21.03 10 -44.83
v 21.49 10 -45.18
v 20.58 10 -44.46
v 20.94 10 -44.75
v 20.58 10 -43.3
v 20.66 10 -43.22
v 20.62 10 -43.27
v 20.77 10 -43.09
v 20.73 10 -43.14
v 20.84 10 -43.01
v 20.8 10 -43.06
v 20.96 10 -42.88
v 20.88 10 -42.98
v 21.03 10 -42.8
v 20.99 10 -42.85
v 21.1 10 -42.72
v 21.07 10 -42.77
v 21.19 10 -42.64
v 21.15 10 -42.68
v 21.22 10 -42.59
v 25.86 10 -40.27
v 25.86 10 -42.59
v 22.16 10 -40.27
v 22.03 10 -40.14
v 22.1 10 -40.2
v 21.91 10 -40.01
v 21.98 10 -40.08
v 21.85 10 -39.95
v 21.72 10 -39.83
v 21.79 10 -39.89
v 21.66 10 -39.77
v 21.53 10 -39.64
v 21.6 10 -39.7
v 21.47 10 -39.58
v 21.35 10 -39.45
v 21.41 10 -39.51
v 21.16 10 -39.27
v 21.29 10 -39.38
v 21.09 10 -39.2
v 21.063 10 -22.702
v 21.09 10 -22.98
v 20.754 10 -22.191
v 20.944 10 -22.432
v 20.242 10 -21.884
v 20.513 10 -22.001
v 19.75 10 -21.86
v 19.96 10 -21.86
v 19.157 10 -21.988
v 19.451 10 -21.884
v 18.656 10 -22.379
v 18.886 10 -22.158
v 18.39 10 -22.92
v 18.484 10 -22.637
v 17.89 10 -24.9
v 18.14 10 -23.89
v 17.11 10 -27.94
v 17.62 10 -25.92
v 16.59 10 -29.97
v 16.85 10 -28.95
v 15.82 10 -33.01
v 14.79 10 -37.07
v 15.56 10 -34.02
v 14.27 10 -39.09
v 14.52 10 -38.08
v 9.02 10 -41.07
v 9.02 10 -39.09
v 9.68 10 -41.27
v 10.34 10 -41.48
v 10.01 10 -41.38
v 10.66 10 -41.58
v 11.33 10 -41.79
v 10.99 10 -41.69
v 11.66 10 -41.89
v 12.31 10 -42.1
v 11.99 10 -42
v 12.97 10 -42.31
v 12.64 10 -42.21
v 13.3 10 -42.41
v 13.96 10 -42.62
v 13.64 10 -42.52
v 14.62 10 -43.6
v 14.44 10 -43.65
v 14.53 10 -43.62
v 13.99 10 -43.79
v 13.63 10 -43.91
v 13.9 10 -43.81
v 13.27 10 -44.01
v 13.55 10 -43.93
v 13.18 10 -44.04
v 13.01 10 -44.22
v 13.09 10 -44.07
v 12.93 10 -44.37
v 12.76 10 -44.67
v 12.84 10 -44.52
v 12.52 10 -45.12
v 12.35 10 -45.42
v 12.43 10 -45.27
v 12.19 10 -45.72
v 12.27 10 -45.56
v 12.11 10 -45.87
v 11.93 10 -46.17
v 12.01 10 -46.02
v 11.77 10 -46.47
v 11.85 10 -46.31
v 11.67 10 -46.78
v 11.69 10 -46.61
v 11.64 10 -47.11
v 11.59 10 -47.6
v 11.62 10 -47.27
v 11.58 10 -47.75
v 11.55 10 -48.08
v 11.56 10 -47.92
v 11.49 10 -48.74
v 11.53 10 -48.25
v 11.45 10 -49.07
v 11.47 10 -48.9
v 11.44 10 -49.23
v 11.53 10 -49.47
v 11.42 10 -49.39
v 11.64 10 -49.55
v 11.85 10 -49.71
v 11.74 10 -49.63
v 12.18 10 -49.96
v 12.39 10 -50.12
v 12.28 10 -50.04
v 12.61 10 -50.29
v 12.5 10 -50.21
v 12.93 10 -50.53
v 13.14 10 -50.7
v 13.04 10 -50.62
v 13.25 10 -50.78
v 12.86 10 -52.42
v 13.2 10 -50.98
v 12.72 10 -53.03
v 12.81 10 -52.62
v 12.52 10 -53.85
v 12.66 10 -53.24
v 12.42 10 -54.26
v 12.47 10 -54.05
v 12.12 10 -54.4
v 11.82 10 -54.53
v 11.97 10 -54.46
v 11.68 10 -54.6
v 11.38 10 -54.73
v 11.52 10 -54.66
v 11.23 10 -54.8
v 10.93 10 -54.93
v 11.08 10 -54.86
v 10.64 10 -55.06
v 10.34 10 -55.2
v 10.48 10 -55.13
v 10.04 10 -55.34
v 10.19 10 -55.26
v 9.89 10 -57.39
v 9.89 10 -55.4
v 9.98 10 -57.43
v 10.15 10 -57.52
v 10.06 10 -57.48
v 10.49 10 -57.68
v 10.66 10 -57.77
v 10.57 10 -57.73
v 10.92 10 -57.89
v 11.09 10 -57.98
v 11.01 10 -57.94
v 11.18 10 -58.02
v 15.72 10 -58.1
v 11.35 10 -58.1
v 15.87 10 -57.99
v 15.8 10 -58.05
v 16.02 10 -57.88
v 15.94 10 -57.94
v 16.16 10 -57.76
v 16.38 10 -57.6
v 16.23 10 -57.71
v 16.45 10 -57.53
v 16.6 10 -57.43
v 16.53 10 -57.48
v 16.67 10 -57.37
v 16.82 10 -57.25
v 16.75 10 -57.32
v 16.97 10 -57.14
v 16.89 10 -57.2
v 16.94 10 -56.96
v 16.88 10 -56.59
v 16.91 10 -56.77
v 16.82 10 -56.21
v 16.75 10 -55.84
v 16.79 10 -56.02
v 16.66 10 -55.28
v 16.57 10 -54.73
v 16.64 10 -55.09
v 16.54 10 -54.54
v 16.45 10 -53.98
v 16.48 10 -54.16
v 17.86 10 -56.62
v 18.71 10 -58.21
v 18.42 10 -57.68
v 18.99 10 -58.74
v 19.83 10 -60.33
v 19.55 10 -59.8
v 20.96 10 -62.45
v 20.67 10 -61.92
v 21.24 10 -62.98
v 21.18 10 -63.08
v 21.2 10 -63.02
v 21.11 10 -63.18
v 21.14 10 -63.13
v 21.05 10 -63.29
v 20.96 10 -63.43
v 21.02 10 -63.33
v 20.89 10 -63.54
v 20.92 10 -63.49
v 20.8 10 -63.7
v 20.86 10 -63.59
v 20.7 10 -63.84
v 20.77 10 -63.74
v 20.68 10 -64.55
v 20.67 10 -64.89
v 20.67 10 -64.72
v 20.66 10 -65.42
v 20.64 10 -65.94
v 20.65 10 -65.59
v 20.64 10 -66.12
v 20.61 10 -66.82
v 20.63 10 -66.3
v 20.95 10 -67.34
v 21.28 10 -67.86
v 21.11 10 -67.6
v 21.6 10 -68.38
v 21.44 10 -68.13
v 21.77 10 -68.65
v 22.11 10 -69.17
v 21.93 10 -68.91
v 22.27 10 -69.43
v 22.6 10 -69.95
v 22.43 10 -69.7
v 22.93 10 -70.48
v 22.76 10 -70.22
v 23.09 10 -70.74
v 23.43 10 -71.26
v 23.25 10 -71
v 26.35 10 -71.28
v 26.96 10 -72.45
v 26.65 10 -71.87
v 27.57 10 -73.61
v 27.26 10 -73.03
v 28.18 10 -74.77
v 27.87 10 -74.19
v 28.79 10 -75.94
v 28.48 10 -75.36
v 29.4 10 -77.11
v 29.09 10 -76.52
v 30.01 10 -78.28
v 29.7 10 -77.69
v 30.62 10 -79.44
v 30.31 10 -78.86
v 31.23 10 -80.6
v 30.92 10 -80.03
v 31.39 10 -81.76
v 31.24 10 -82.33
v 31.31 10 -82.05
v 31.1 10 -82.91
v 30.95 10 -83.48
v 31.02 10 -83.19
v 30.88 10 -83.76
v 30.73 10 -84.34
v 30.8 10 -84.06
v 30.66 10 -84.63
v 30.51 10 -85.2
v 30.58 10 -84.91
v 30.37 10 -85.77
v 30.35 10 -86.16
v 30.29 10 -86.06
v 30.41 10 -86.25
v 30.38 10 -86.21
v 30.48 10 -86.35
v 30.45 10 -86.31
v 30.54 10 -86.45
v 30.51 10 -86.41
v 30.64 10 -86.6
v 30.6 10 -86.55
v 30.67 10 -86.65
v 30.73 10 -86.74
v 30.69 10 -86.7
v 30.79 10 -86.84
v 30.76 10 -86.8
v 33.14 10 -86.9
v 30.82 10 -86.9
v 33.47 10 -86.71
v 35.86 10 -85.43
v 33.82 10 -86.53
v 36.2 10 -85.25
v 36.88 10 -84.88
v 36.55 10 -85.07
v 37.57 10 -84.51
v 37.23 10 -84.7
v 38.94 10 -83.78
v 37.91 10 -84.33
v 41.82 10 -83.78
v 41.71 10 -85.4
v 41.74 10 -84.87
v 41.67 10 -85.94
v 41.6 10 -87.03
v 41.63 10 -86.48
v 41.52 10 -88.1
v 41.56 10 -87.56
v 41.42 10 -89.73
v 41.34 10 -90.8
v 41.38 10 -90.26
v 41.27 10 -91.89
v 41.2 10 -92.96
v 41.23 10 -92.42
v 41.14 10 -93.01
v 40.98 10 -93.12
v 41.09 10 -93.04
v 40.81 10 -93.24
v 40.92 10 -93.16
v 40.7 10 -93.32
v 40.76 10 -93.27
v 40.59 10 -93.39
v 40.65 10 -93.35
v 40.49 10 -93.47
v 40.38 10 -93.55
v 40.43 10 -93.51
v 40.27 10 -93.63
v 40.32 10 -93.58
v 38.36 10 -93.98
v 38.05 10 -93.63
v 39.27 10 -95.07
v 38.66 10 -94.35
v 39.57 10 -95.43
v 40.79 10 -96.88
v 39.87 10 -95.8
v 41.4 10 -97.6
v 41.1 10 -97.25
v 42.01 10 -98.33
v 41.7 10 -97.97
v 42.31 10 -98.69
v 42.92 10 -99.42
v 42.61 10 -99.05
v 52.82 10 -99.78
v 43.22 10 -99.78
v 53.08 10 -99.56
v 52.99 10 -99.64
v 53.16 10 -99.48
v 53.4 10 -99.26
v 53.24 10 -99.41
v 53.57 10 -99.12
v 53.49 10 -99.19
v 53.65 10 -99.04
v 54.06 10 -98.68
v 53.81 10 -98.9
v 54.23 10 -91.4
v 54.23 10 -98.53
v 53.9 10 -90.4
v 53.57 10 -89.4
v 53.79 10 -90.06
v 53.35 10 -88.73
v 53.13 10 -88.07
v 53.24 10 -88.39
v 52.91 10 -87.4
v 53.02 10 -87.73
v 52.69 10 -86.73
v 52.8 10 -87.06
v 52.36 10 -84.41
v 52.53 10 -84.31
v 52.45 10 -84.36
v 52.69 10 -84.2
v 52.61 10 -84.26
v 52.85 10 -84.1
v 53.01 10 -83.99
v 52.93 10 -84.05
v 53.18 10 -83.89
v 53.09 10 -83.95
v 53.34 10 -83.78
v 53.26 10 -83.84
v 53.59 10 -83.63
v 53.42 10 -83.74
v 53.75 10 -83.53
v 60.27 10 -83.44
v 60.09 10 -83.53
v 60.61 10 -83.25
v 60.96 10 -83.07
v 60.79 10 -83.16
v 61.13 10 -82.98
v 61.48 10 -82.81
v 61.31 10 -82.9
v 61.65 10 -82.71
v 62 10 -82.53
v 61.83 10 -82.62
v 62.51 10 -82.26
v 63.03 10 -81.99
v 62.68 10 -82.18
v 64.53 10 -79.11
v 63.53 10 -81.04
v 65.53 10 -77.19
v 65.03 10 -78.16
v 66.03 10 -76.23
v 67.52 10 -73.35
v 66.53 10 -75.28
v 68.53 10 -71.43
v 68.03 10 -72.39
v 75.63 10 -66.25
v 75.82 10 -66.34
v 75.72 10 -66.3
v 76.01 10 -68.39
v 75.67 10 -68.8
v 75.76 10 -68.69
v 75.42 10 -69.1
v 75.5 10 -69
v 74.99 10 -69.61
v 75.07 10 -69.51
v 74.74 10 -69.92
v 74.56 10 -70.13
v 74.65 10 -70.02
v 74.28 10 -70.22
v 74.43 10 -70.17
v 74 10 -70.31
v 73.58 10 -70.43
v 73.86 10 -70.34
v 73.3 10 -70.52
v 72.87 10 -70.65
v 73.15 10 -70.56
v 72.58 10 -70.74
v 72.73 10 -70.69
v 72.3 10 -70.83
v 72.45 10 -70.78
v 72.13 10 -70.93
v 72.17 10 -70.86
v 72.01 10 -71.13
v 72.05 10 -71.06
v 71.9 10 -71.32
v 71.78 10 -71.51
v 71.86 10 -71.38
v 71.71 10 -71.64
v 71.64 10 -71.77
v 71.67 10 -71.7
v 71.52 10 -71.96
v 71.59 10 -71.83
v 71.23 10 -73.94
v 70.83 10 -76.57
v 71.13 10 -74.59
v 70.44 10 -79.2
v 70.73 10 -77.23
v 70.34 10 -79.86
v 69.95 10 -82.49
v 70.04 10 -81.83
v 70.01 10 -83.26
v 69.85 10 -83.15
v 70.18 10 -83.37
v 70.52 10 -83.6
v 70.35 10 -83.49
v 70.84 10 -83.83
v 70.68 10 -83.72
v 71.17 10 -84.06
v 71.01 10 -83.95
v 71.34 10 -84.16
v 71.84 10 -84.51
v 71.51 10 -84.28
v 72.17 10 -84.73
v 72 10 -84.62
v 72.5 10 -84.96
v 72.34 10 -84.85
v 72.53 10 -85.7
v 72.39 10 -86.33
v 72.46 10 -86.01
v 72.26 10 -86.95
v 72.11 10 -87.57
v 72.18 10 -87.25
v 72.05 10 -87.88
v 71.91 10 -88.5
v 71.97 10 -88.19
v 71.84 10 -88.81
v 71.7 10 -89.44
v 71.76 10 -89.13
v 71.63 10 -89.75
v 71.49 10 -90.38
v 71.56 10 -90.06
v 70.44 10 -90.76
v 70.97 10 -90.56
v 69.92 10 -90.94
v 68.87 10 -91.31
v 69.39 10 -91.12
v 67.83 10 -91.69
v 66.77 10 -92.06
v 67.3 10 -91.87
v 65.72 10 -92.43
v 66.25 10 -92.24
v 64.67 10 -92.81
v 63.1 10 -93.36
v 64.15 10 -92.99
v 62.76 10 -93.76
v 62.57 10 -93.55
v 63.07 10 -94.12
v 62.82 10 -93.84
v 63.19 10 -94.26
v 63.37 10 -94.47
v 63.31 10 -94.4
v 65.69 10 -95.1
v 63.61 10 -94.75
v 66.72 10 -95.27
v 66.2 10 -95.19
v 67.24 10 -95.35
v 68.28 10 -95.52
v 67.76 10 -95.44
v 68.8 10 -95.61
v 69.83 10 -95.78
v 69.31 10 -95.7
v 71.39 10 -96.04
v 70.35 10 -95.87
v 72.43 10 -96.21
v 71.91 10 -96.13
v 73.44 10 -96.54
v 74.46 10 -96.88
v 73.79 10 -96.66
v 74.8 10 -96.99
v 76.16 10 -97.44
v 75.82 10 -97.33
v 77.18 10 -97.78
v 76.84 10 -97.67
v 78.23 10 -98.65
v 78.25 10 -99.19
v 78.23 10 -98.74
v 78.26 10 -99.27
v 78.38 10 -99.65
v 78.27 10 -99.63
v 78.49 10 -99.67
v 78.81 10 -99.74
v 78.7 10 -99.72
v 79.03 10 -99.78
v 79.47 10 -99.87
v 79.36 10 -99.85
v 79.57 10 -99.89
v 79.79 10 -99.94
v 79.68 10 -99.92
v 80.01 10 -99.98
v 80.21 10 -99.84
v 80.12 10 -100
v 80.29 10 -99.66
v 80.46 10 -99.33
v 80.38 10 -99.49
v 80.63 10 -98.98
v 80.55 10 -99.15
v 80.81 10 -98.64
v 80.73 10 -98.81
v 80.9 10 -98.47
v 81.07 10 -98.13
v 80.99 10 -98.3
v 81.25 10 -97.79
v 81.42 10 -97.45
v 81.34 10 -97.62
v 81.59 10 -97.11
v 81.51 10 -97.28
v 81.64 10 -96.65
v 81.62 10 -96.88
v 81.67 10 -96.21
v 81.66 10 -96.43
v 81.73 10 -95.52
v 81.71 10 -95.75
v 81.77 10 -95.07
v 81.81 10 -94.62
v 81.79 10 -94.85
v 81.83 10 -94.39
v 81.87 10 -93.94
v 81.85 10 -94.17
v 81.9 10 -93.48
v 81.66 10 -93.19
v 81.92 10 -93.26
v 81.39 10 -93.13
v 80.86 10 -92.99
v 81.13 10 -93.06
v 80.6 10 -92.93
v 80.06 10 -92.8
v 80.32 10 -92.86
v 79.53 10 -92.66
v 79.8 10 -92.72
v 79.27 10 -92.6
v 78.74 10 -92.46
v 79 10 -92.52
v 78.47 10 -92.4
v 77.94 10 -92.26
v 78.2 10 -92.32
v 78.38 10 -82.92
v 78.59 10 -80.96
v 78.45 10 -82.27
v 78.99 10 -80.92
v 80.6 10 -80.76
v 80.4 10 -80.78
v 82 10 -80.63
v 81.8 10 -80.65
v 82.65 10 -77.45
v 82.33 10 -79.04
v 83.62 10 -72.69
v 83.31 10 -74.27
v 84.28 10 -69.5
v 83.95 10 -71.1
v 84.93 10 -66.33
v 85.9 10 -61.57
v 85.26 10 -64.75
v 86.55 10 -58.39
v 87.53 10 -53.63
v 86.88 10 -56.81
v 87.34 10 -52.78
v 86.99 10 -51.08
v 87.17 10 -51.93
v 86.63 10 -49.38
v 86.81 10 -50.22
v 86.27 10 -47.67
v 86.45 10 -48.52
v 85.55 10 -44.27
v 85.19 10 -42.57
v 85.38 10 -43.41
v 85.01 10 -41.72
v 84.66 10 -40.01
v 84.84 10 -40.86
v 84.66 10 -37.85
v 85.04 10 -35.24
v 84.85 10 -36.55
v 85.41 10 -32.63
v 86.16 10 -27.4
v 85.79 10 -30.01
v 86.72 10 -23.48
v 86.35 10 -26.09
v 86.91 10 -22.17
v 87.28 10 -19.56
v 87.1 10 -20.86
v 88.63 10 -16.94
v 90.122 10 -16.916
v 89.84 10 -16.94
v 90.637 10 -16.609
v 90.395 10 -16.799
v 90.946 10 -16.098
v 90.828 10 -16.368
v 90.97 10 -15.15
v 90.97 10 -15.82
v 90.824 10 -14.595
v 90.943 10 -14.868
v 90.393 10 -14.162
v 90.634 10 -14.353
v 89.84 10 -14.02
v 90.122 10 -14.044
v 84.543 10 -14.043
v 84.8 10 -14.02
v 84.065 10 -14.3
v 84.292 10 -14.141
v 83.747 10 -14.744
v 83.878 10 -14.506
v 83.6 10 -15.65
v 83.69 10 -15
v 83.17 10 -18.9
v 83.38 10 -17.28
v 82.95 10 -20.53
v 82.51 10 -23.79
v 82.73 10 -22.15
v 82.08 10 -27.04
v 82.29 10 -25.41
v 81.65 10 -30.29
v 81 10 -35.17
v 81.43 10 -31.92
v 80.34 10 -40.05
v 80.78 10 -36.79
v 79.75 10 -43.02
v 79.37 10 -44.36
v 79.62 10 -43.47
v 78.99 10 -45.7
v 79.24 10 -44.81
v 78.87 10 -46.15
v 78.48 10 -47.49
v 78.61 10 -47.04
v 78.06 10 -48.64
v 78.18 10 -47.68
v 78.15 10 -48
v 78.26 10 -47.04
v 78.23 10 -47.36
v 78.38 10 -46.08
v 78.35 10 -46.4
v 78.46 10 -45.45
v 78.55 10 -44.81
v 78.51 10 -45.13
v 78.67 10 -43.85
v 78.59 10 -44.49
v 78.47 10 -43.7
v 78.07 10 -43.4
v 78.27 10 -43.54
v 77.67 10 -43.09
v 77.87 10 -43.24
v 77.07 10 -42.64
v 77.27 10 -42.78
v 76.67 10 -42.33
v 76.87 10 -42.48
v 76.28 10 -42.03
v 75.88 10 -41.73
v 76.08 10 -41.87
v 75.27 10 -41.27
v 75.47 10 -41.42
v 74.68 10 -41.64
v 74.98 10 -41.45
v 74.1 10 -42.03
v 73.21 10 -42.59
v 73.51 10 -42.4
v 72.62 10 -42.98
v 71.74 10 -43.54
v 72.33 10 -43.16
v 71.45 10 -43.73
v 70.56 10 -44.3
v 70.85 10 -44.11
v 70.61 10 -45.23
v 70.27 10 -44.49
v 70.72 10 -45.47
v 70.95 10 -45.98
v 70.83 10 -45.72
v 71.64 10 -47.45
v 71.52 10 -47.21
v 72.09 10 -48.45
v 71.97 10 -48.19
v 72.2 10 -48.69
v 71.95 10 -48.92
v 72.07 10 -48.8
v 71.56 10 -49.26
v 71.69 10 -49.14
v 71.31 10 -49.48
v 70.92 10 -49.82
v 71.18 10 -49.59
v 70.66 10 -50.05
v 70.79 10 -49.93
v 70.28 10 -50.39
v 70.53 10 -50.16
v 70.02 10 -50.62
v 70.15 10 -50.5
v 69.37 10 -51.99
v 69.69 10 -51.3
v 67.42 10 -56.14
v 67.73 10 -55.45
v 65.46 10 -60.28
v 65.78 10 -59.59
v 65.13 10 -60.97
v 76.34 10 -53.42
v 75.34 10 -61.8
v 62.52 10 -64.87
v 59.38 10 -65.07
v 64.37 10 -38
v 63.46 10 -33.63
v 68.15 10 -25.73
v 56.33 10 -27.1
v 51.61 10 -41.44
v 49.67 10 -46.77
v 49.08 10 -47.54
v 39.35 10 -21.36
v 36.85 10 -17.37
v 33.34 10 -11.37
v 20.26 10 -7.36
v 24.75 10 -12.75
v 25.73 10 -16.33
v 27.68 10 -23.48
v 37.35 10 -61.19
v 32.6 10 -67.88
v 28.93 10 -65.18
v 27.73 10 -57.78
v 26.15 10 -55.73
v 22.61 10 -51.12
v 9.35 10 -41.17
v 14.29 10 -42.72
v 14.35 10 -43.68
v 12.68 10 -44.82
v 11.96 10 -49.79
v 12.72 10 -50.37
v 10.41 10 -57.64
v 10.75 10 -57.81
v 16.09 10 -57.82
v 16.85 10 -56.4
v 17.58 10 -56.09
v 21.09 10 -63.23
v 20.7 10 -64.03
v 20.78 10 -67.08
v 31.17 10 -82.62
v 30.44 10 -85.49
v 41.49 10 -88.64
v 40.54 10 -93.43
v 54.01 10 -90.74
v 53.46 10 -89.07
v 52.58 10 -86.4
v 52.77 10 -84.15
v 53.67 10 -83.57
v 60.44 10 -83.34
v 62.17 10 -82.44
v 69.52 10 -69.51
v 75.53 10 -66.2
v 73.43 10 -70.48
v 71.75 10 -71.57
v 72.6 10 -85.39
v 78.2 10 -98.11
v 78.92 10 -99.76
v 79.9 10 -99.96
v 81.16 10 -97.96
v 81.88 10 -93.71
v 77.41 10 -92.13
v 84.6 10 -67.92
v 86.22 10 -59.98
v 86.09 10 -46.82
v 84.47 10 -39.16
v 81.87 10 -28.66
v 78.24 10 -48.38
v 78.02 10 -48.96
v 76.47 10 -42.18
v 64.52 10 -62.42
v 63.6 10 -34.53
v 63.427 10 -33.779
v 67.27 10 -22.7
v 71.97 10 -8.06
v 62.57 10 -6.45
v 39.2 10 -21.18
v 20.96 10 -7.72
v 27.11 10 -24.79
v 12.83 10 -50.45
v 16.74 10 -54.51
v 62.34 10 -82.35
v 70.02 10 -68.55
v 76.01 10 -66.43
v 72.67 10 -85.08
v 65.2 10 -92.62
v 88.377 10 -16.963
v 77.98 10 -49.28
v 74.39 10 -41.84
v 77.72 10 -53.42
v 65.05 10 -63.6
v 60.26 10 -67.22
v 57.68 10 -57.59
v 62.08 10 -48.43
v 71.36 10 -8.44
v 30.2 10 -34.05
v 70.52 10 -67.59
v 78.79 10 -80.94
v 63.15 10 -5.27
v 39.189 10 -26.295
v 27.32 10 -24.655
v 31.3 10 -37.63
v 88.129 10 -17.06
v 65.21 10 -63.61
v 67.22 10 -22.65
v 27.496 10 -24.464
v 31.62 10 -37.2
v 31.46 10 -81.48
v 85.91 10 -45.97
v 87.902 10 -17.219
v 39.031 10 -26.538
v 30.7 10 -34.24
v 31.9 10 -36.74
v 14.62 10 -42.83
v 12.27 10 -54.33
v 87.714 10 -17.423
v 63.524 10 -34.393
v 67.076 10 -22.495
v 38.921 10 -26.814
v 27.628 10 -24.232
v 31.19 10 -34.49
v 32.1 10 -36.24
v 31.53 10 -81.18
v 85.73 10 -45.12
v 65.17 10 -63.53
v 63.468 10 -34.246
v 66.966 10 -22.309
v 66.862 10 -21.671
v 38.866 10 -27.105
v 27.708 10 -23.98
v 31.62 10 -34.79
v 87.581 10 -17.658
v 63.432 10 -34.091
v 66.893 10 -22.101
v 66.857 10 -21.885
v 32.14 10 -35.71
v 54.12 10 -91.07
v 87.52 10 -17.91
v 63.419 10 -33.934
v 27.728 10 -23.723
v 71.52 10 -65.67
v 87.47 10 -18.25
v 78.11 10 -48.83
v 38.87 10 -27.396
v 77.89 10 -87.53
v 76.79 10 -61.5
v 63.64 10 -32.91
v 38.94 10 -27.67
v 52.36 10 -85.73
v 80 10 -42.13
v 31.98 10 -35.2
v 77.96 10 -86.87
v 80.12 10 -41.67
v 63.27 10 -4.34
v 63.23 10 -4.65
v 63.19 10 -4.96
v 46.241 10 -47.717
v 74.47 10 -65.71
v 46.426 10 -47.824
v 74.37 10 -65.67
v 46.626 10 -47.903
v 49.632 10 -46.86
v 46.833 10 -47.953
v 49.587 10 -46.948
v 47.04 10 -47.97
v 49.537 10 -47.034
v 48.07 10 -47.97
v 49.483 10 -47.115
v 48.252 10 -47.956
v 49.423 10 -47.191
v 48.434 10 -47.916
v 48.612 10 -47.853
v 49.36 10 -47.26
v 48.783 10 -47.767
v 48.94 10 -47.662
f 1 2 3
f 4 5 6
f 7 4 8
f 9 7 10
f 11 9 12
f 13 14 15
f 16 17 18
f 19 16 20
f 21 19 22
f 23 21 24
f 25 23 26
f 27 25 28
f 29 27 30
f 31 29 32
f 33 31 34
f 35 33 36
f 37 38 39
f 40 41 42
f 43 44 45
f 46 43 47
f 48 46 49
f 50 48 51
f 52 53 54
f 55 56 57
f 3 55 58
f 59 3 2
f 60 61 62
f 63 64 65
f 66 63 67
f 68 69 70
f 71 68 72
f 73 74 75
f 76 73 77
f 78 79 80
f 81 82 83
f 84 81 85
f 86 87 88
f 89 90 91
f 92 93 94
f 95 96 97
f 98 99 100
f 101 98 102
f 103 101 104
f 105 103 106
f 107 105 108
f 109 107 110
f 111 112 113
f 114 111 115
f 116 117 118
f 119 120 121
f 122 119 123
f 124 122 125
f 126 124 127
f 128 126 129
f 130 128 131
f 132 133 134
f 135 136 137
f 138 139 140
f 141 142 143
f 144 141 145
f 146 144 147
f 148 146 149
f 150 151 152
f 153 150 154
f 155 156 157
f 158 159 160
f 161 158 162
f 163 164 165
f 166 167 168
f 169 166 170
f 171 172 173
f 174 171 175
f 176 174 177
f 178 176 179
f 180 178 181
f 182 180 183
f 184 185 186
f 187 184 188
f 189 190 191
f 192 189 193
f 194 192 195
f 196 194 197
f 198 196 199
f 200 201 202
f 203 204 205
f 206 203 207
f 208 206 209
f 210 211 212
f 213 210 214
f 215 216 217
f 218 215 219
f 220 218 221
f 222 223 224
f 225 226 227
f 228 229 230
f 231 232 233
f 234 235 236
f 237 234 238
f 239 237 240
f 241 239 242
f 243 241 244
f 245 243 246
f 247 245 248
f 249 247 250
f 251 249 252
f 253 254 255
f 256 253 257
f 258 259 260
f 261 262 263
f 264 265 266
f 267 264 268
f 269 267 270
f 271 269 272
f 273 271 274
f 275 273 276
f 277 275 278
f 279 280 281
f 282 279 283
f 284 285 286
f 287 288 289
f 290 287 291
f 292 290 293
f 294 292 295
f 296 294 297
f 298 296 299
f 300 301 302
f 303 304 305
f 306 307 308
f 309 310 311
f 312 309 313
f 314 312 315
f 316 317 318
f 319 316 320
f 321 322 323
f 324 325 326
f 327 328 329
f 330 327 331
f 332 330 333
f 334 332 335
f 336 334 337
f 338 336 339
f 340 338 341
f 342 340 343
f 344 342 345
f 346 347 348
f 349 346 350
f 351 349 352
f 353 354 355
f 356 353 357
f 358 359 360
f 361 362 363
f 364 361 365
f 366 364 367
f 368 369 370
f 371 372 373
f 374 375 376
f 377 374 378
f 379 380 381
f 382 379 383
f 384 382 385
f 386 384 387
f 388 386 389
f 390 388 391
f 392 390 393
f 394 395 396
f 397 398 399
f 400 397 401
f 402 403 404
f 405 406 407
f 408 405 409
f 410 411 412
f 413 410 414
f 415 413 416
f 417 415 418
f 419 417 420
f 421 422 423
f 424 425 426
f 427 428 429
f 430 431 432
f 433 430 434
f 435 433 436
f 437 435 438
f 439 440 441
f 442 443 444
f 445 446 447
f 448 445 449
f 450 448 451
f 452 450 453
f 454 455 456
f 457 458 459
f 460 457 461
f 462 460 463
f 464 462 465
f 466 464 467
f 468 466 469
f 470 468 471
f 472 470 473
f 474 472 475
f 476 474 477
f 478 476 479
f 480 478 481
f 482 480 483
f 484 482 485
f 486 484 487
f 488 486 489
f 490 488 491
f 492 490 493
f 494 495 496
f 497 498 499
f 500 497 501
f 502 503 504
f 505 506 507
f 508 509 510
f 511 512 513
f 514 515 516
f 517 518 519
f 520 517 521
f 522 520 523
f 524 525 526
f 527 524 528
f 529 530 531
f 532 529 533
f 534 535 536
f 537 538 539
f 540 541 542
f 543 544 545
f 546 547 548
f 549 546 550
f 551 552 553
f 554 555 556
f 557 554 558
f 559 557 560
f 561 562 563
f 564 561 565
f 566 564 567
f 568 566 569
f 570 568 571
f 572 570 573
f 574 572 575
f 576 577 578
f 579 580 581
f 582 579 583
f 584 585 586
f 587 588 589
f 590 591 592
f 593 590 594
f 595 596 597
f 598 595 599
f 600 598 601
f 602 600 603
f 604 602 605
f 606 604 607
f 608 606 609
f 610 608 611
f 612 610 613
f 614 612 615
f 616 617 618
f 619 616 620
f 621 619 622
f 623 624 625
f 626 627 628
f 629 630 631
f 632 629 633
f 634 635 636
f 637 638 639
f 640 641 642
f 643 640 644
f 645 646 647
f 648 649 650
f 651 652 653
f 654 651 655
f 656 657 658
f 659 656 660
f 661 659 662
f 663 664 665
f 666 667 668
f 669 666 670
f 671 669 672
f 673 674 675
f 676 677 678
f 679 680 681
f 682 679 683
f 684 685 686
f 687 688 689
f 690 687 691
f 692 690 693
f 694 692 695
f 696 697 698
f 699 700 701
f 702 703 704
f 705 706 707
f 708 705 709
f 710 708 711
f 712 713 714
f 715 716 717
f 718 719 720
f 721 722 723
f 724 721 725
f 726 724 727
f 728 729 730
f 731 732 733
f 734 735 736
f 737 734 738
f 739 740 741
f 742 743 744
f 745 746 747
f 748 749 750
f 751 752 753
f 754 755 756
f 757 754 758
f 759 760 761
f 762 759 763
f 764 765 766
f 767 764 768
f 769 767 770
f 771 769 772
f 773 774 775
f 776 777 778
f 779 780 781
f 782 783 784
f 785 782 786
f 787 788 789
f 790 791 792
f 793 790 794
f 795 796 797
f 798 799 800
f 801 798 802
f 803 801 804
f 805 803 806
f 807 805 808
f 809 807 810
f 811 809 812
f 813 811 814
f 815 816 817
f 818 819 820
f 821 822 823
f 824 825 826
f 827 828 829
f 830 827 831
f 832 830 833
f 834 832 835
f 836 834 837
f 838 839 840
f 841 838 842
f 843 841 844
f 845 846 847
f 848 849 850
f 851 848 852
f 853 851 854
f 855 856 857
f 858 859 860
f 861 858 862
f 863 864 865
f 866 867 868
f 869 870 871
f 872 869 873
f 874 872 875
f 876 874 877
f 878 879 880
f 881 878 882
f 883 881 884
f 885 883 886
f 887 888 889
f 890 887 891
f 892 890 893
f 894 895 896
f 897 894 898
f 899 897 900
f 901 902 903
f 904 901 905
f 906 907 908
f 909 906 910
f 911 912 913
f 914 915 916
f 917 914 918
f 919 917 920
f 921 922 923
f 924 921 925
f 926 927 928
f 929 926 930
f 931 929 932
f 933 931 934
f 935 936 937
f 938 939 940
f 941 942 943
f 944 945 946
f 947 948 949
f 950 947 951
f 952 950 953
f 954 955 956
f 957 954 958
f 959 960 961
f 962 963 964
f 965 962 966
f 967 965 968
f 969 970 971
f 972 969 973
f 974 975 976
f 977 978 979
f 980 977 981
f 982 980 983
f 984 982 985
f 986 984 987
f 988 989 990
f 991 992 993
f 994 991 995
f 996 997 998
f 999 996 1000
f 1001 1002 1003
f 1004 1001 1005
f 1006 1007 1008
f 1009 1006 1010
f 1011 1009 1012
f 1013 1014 1015
f 1016 1013 1017
f 1018 1016 1019
f 1020 1021 1022
f 1023 1024 1025
f 1026 1027 1028
f 1029 1030 1031
f 1032 1033 1034
f 1035 1032 1036
f 1037 1038 1039
f 1040 1041 1042
f 1043 1040 1044
f 1045 1046 1047
f 1048 1045 1049
f 1050 1048 1051
f 1052 1053 1054
f 1055 1052 1056
f 1057 1055 1058
f 1059 1060 1061
f 1062 1063 1064
f 1065 1062 1066
f 1067 1065 1068
f 1069 1070 1071
f 1072 1073 1074
f 1075 1072 1076
f 1077 1078 1079
f 1080 1081 1082
f 1083 1084 1085
f 1086 1087 1088
f 1089 1090 1091
f 1092 1093 1094
f 1095 1096 1097
f 1098 1095 1099
f 1100 1098 1101
f 1102 1103 1104
f 1105 1106 1107
f 1108 1105 1109
f 1110 1108 1111
f 1112 1110 1113
f 1114 1112 1115
f 1116 1117 1118
f 1119 1120 1121
f 1122 1123 1124
f 1125 1126 1127
f 1128 1129 1130
f 1131 1128 1132
f 1133 1134 1135
f 1136 1137 1138
f 1139 1140 1141
f 1142 1143 1144
f 1145 1142 1146
f 1147 1145 1148
f 1149 1147 1150
f 1151 1149 1152
f 1153 1154 1155
f 1156 1157 1158
f 1159 1160 1161
f 1162 1159 1163
f 1164 1162 1165
f 1166 1167 1168
f 1169 1170 1171
f 1172 1173 1174
f 1175 1176 1177
f 1178 1175 1179
f 1180 1181 1182
f 1183 1184 1185
f 1186 1183 1187
f 1188 1186 1189
f 1190 1188 1191
f 1192 1190 1193
f 1194 1192 1195
f 1196 1194 1197
f 1198 1196 1199
f 1200 1198 1201
f 1202 1200 1203
f 1204 1202 1205
f 1206 1204 1207
f 1208 1209 1210
f 1211 1208 1212
f 1213 1214 1215
f 1216 1213 1217
f 1218 1219 1220
f 1221 1218 1222
f 1223 1224 1225
f 1226 1227 1228
f 1229 1226 1230
f 1231 1229 1232
f 1233 1234 1235
f 1236 1233 1237
f 1238 1239 1240
f 1241 1238 1242
f 1243 1241 1244
f 1245 1243 1246
f 1247 1248 1249
f 1250 1247 1251
f 1252 1250 1253
f 1254 1255 1256
f 1257 1258 1259
f 1260 1261 1262
f 1263 1260 1264
f 1265 1266 1267
f 1268 1265 1269
f 1270 1268 1271
f 1272 1273 1274
f 1275 1272 1276
f 1277 1278 1279
f 1280 1277 1281
f 1282 1280 1283
f 1284 1282 1285
f 1286 1284 1287
f 1288 1286 1289
f 1290 1288 1291
f 1 1292 2
f 4 1 5
f 9 4 7
f 1293 9 11
f 17 14 13
f 21 16 19
f 29 25 27
f 35 31 33
f 41 38 37
f 1294 41 40
f 48 43 46
f 53 48 50
f 56 53 52
f 59 55 3
f 64 61 60
f 66 64 63
f 71 69 68
f 79 73 76
f 1295 79 78
f 81 1295 82
f 87 81 84
f 96 93 92
f 1296 96 95
f 98 1296 99
f 105 101 103
f 112 107 109
f 114 112 111
f 120 117 116
f 122 120 119
f 126 122 124
f 130 126 128
f 136 133 132
f 139 136 135
f 1297 139 138
f 141 1297 142
f 146 141 144
f 151 146 148
f 153 151 150
f 155 153 156
f 158 1298 159
f 163 161 164
f 169 167 166
f 171 169 172
f 176 171 174
f 180 176 178
f 185 180 182
f 190 184 187
f 194 189 192
f 1299 196 198
f 204 201 200
f 206 204 203
f 211 206 208
f 213 211 210
f 218 216 215
f 223 218 220
f 226 223 222
f 232 229 228
f 237 235 234
f 241 237 239
f 245 241 243
f 249 245 247
f 254 249 251
f 262 259 258
f 265 262 261
f 267 265 264
f 271 267 269
f 275 271 273
f 280 275 277
f 282 280 279
f 1300 285 284
f 290 288 287
f 296 292 294
f 1301 296 298
f 1302 301 300
f 1303 304 303
f 316 314 317
f 322 316 319
f 325 322 321
f 332 327 330
f 336 332 334
f 340 336 338
f 344 340 342
f 346 344 347
f 1304 349 351
f 1305 359 358
f 361 1305 362
f 368 366 369
f 371 1306 372
f 377 375 374
f 379 377 380
f 384 379 382
f 388 384 386
f 395 390 392
f 1307 395 394
f 402 1308 403
f 405 1309 406
f 1310 405 408
f 413 411 410
f 417 413 415
f 421 419 422
f 427 424 428
f 433 431 430
f 440 435 437
f 443 440 439
f 445 442 446
f 450 445 448
f 455 450 452
f 462 457 460
f 466 462 464
f 470 466 468
f 474 470 472
f 478 474 476
f 482 478 480
f 486 482 484
f 490 486 488
f 498 495 494
f 503 497 500
f 506 503 502
f 1311 506 505
f 512 509 508
f 514 511 515
f 517 514 518
f 1312 524 527
f 1313 529 532
f 534 1313 535
f 537 1314 538
f 540 1315 541
f 1316 544 543
f 552 546 549
f 555 552 551
f 557 555 554
f 564 562 561
f 570 566 568
f 577 572 574
f 580 577 576
f 585 579 582
f 587 584 588
f 593 591 590
f 598 596 595
f 602 598 600
f 606 602 604
f 610 606 608
f 614 610 612
f 1317 619 621
f 627 624 623
f 630 627 626
f 632 630 629
f 1318 635 634
f 1319 638 637
f 640 1319 641
f 646 640 643
f 649 646 645
f 1320 649 648
f 654 652 651
f 659 657 656
f 664 659 661
f 667 664 663
f 669 667 666
f 674 669 671
f 677 674 673
f 1321 677 676
f 679 1321 680
f 1322 679 682
f 688 685 684
f 690 688 687
f 700 697 696
f 703 700 699
f 706 703 702
f 710 705 708
f 1323 713 712
f 1324 716 715
f 722 719 718
f 724 722 721
f 1325 724 726
f 732 729 728
f 735 732 731
f 740 734 737
f 742 1326 743
f 745 742 746
f 748 745 749
f 751 1327 752
f 757 755 754
f 1328 759 762
f 764 1328 765
f 769 764 767
f 1329 769 771
f 773 1329 774
f 780 777 776
f 1330 780 779
f 788 782 785
f 790 787 791
f 795 793 796
f 801 799 798
f 811 807 809
f 1331 816 815
f 822 819 818
f 825 822 821
f 1332 825 824
f 827 1332 828
f 832 827 830
f 836 832 834
f 838 836 839
f 843 838 841
f 848 845 849
f 858 855 859
f 1333 858 861
f 867 864 863
f 872 870 869
f 1334 874 876
f 885 881 883
f 887 885 888
f 894 892 895
f 899 894 897
f 907 901 904
f 909 907 906
f 911 1335 912
f 914 1336 915
f 1337 917 919
f 924 922 921
f 926 1338 927
f 931 926 929
f 1339 931 933
f 1340 936 935
f 942 939 938
f 945 942 941
f 1341 945 944
f 950 948 947
f 955 950 952
f 1342 954 957
f 959 1343 960
f 970 965 967
f 1344 975 974
f 980 978 977
f 984 980 982
f 989 984 986
f 1345 989 988
f 991 1345 992
f 997 991 994
f 999 997 996
f 1001 999 1002
f 1007 1001 1004
f 1011 1006 1009
f 1016 1014 1013
f 1020 1346 1021
f 1027 1024 1023
f 1030 1027 1026
f 1032 1029 1033
f 1037 1035 1038
f 1043 1041 1040
f 1048 1046 1045
f 1052 1050 1053
f 1057 1052 1055
f 1062 1059 1063
f 1067 1062 1065
f 1073 1070 1069
f 1347 1072 1075
f 1081 1078 1077
f 1084 1081 1080
f 1348 1084 1083
f 1090 1087 1086
f 1349 1090 1089
f 1092 1349 1093
f 1098 1096 1095
f 1102 1100 1103
f 1105 1350 1106
f 1110 1105 1108
f 1116 1114 1117
f 1351 1120 1119
f 1122 1351 1123
f 1129 1126 1125
f 1134 1128 1131
f 1137 1134 1133
f 1352 1137 1136
f 1147 1142 1145
f 1353 1149 1151
f 1153 1353 1154
f 1156 1354 1157
f 1162 1160 1159
f 1355 1162 1164
f 1170 1167 1166
f 1356 1170 1169
f 1176 1173 1172
f 1178 1176 1175
f 1180 1178 1181
f 1186 1184 1183
f 1190 1186 1188
f 1194 1190 1192
f 1198 1194 1196
f 1202 1198 1200
f 1206 1202 1204
f 1208 1206 1209
f 1357 1208 1211
f 1213 1357 1214
f 1224 1218 1221
f 1358 1224 1223
f 1226 1359 1227
f 1236 1234 1233
f 1243 1238 1241
f 1360 1243 1245
f 1247 1360 1248
f 1252 1247 1250
f 1258 1255 1254
f 1261 1258 1257
f 1263 1261 1260
f 1268 1266 1265
f 1273 1268 1270
f 1278 1272 1275
f 1280 1278 1277
f 1286 1282 1284
f 1 1290 1292
f 9 1 4
f 16 14 17
f 29 23 25
f 1294 38 41
f 56 48 53
f 59 56 55
f 64 1361 61
f 74 69 71
f 79 74 73
f 81 79 1295
f 86 81 87
f 98 96 1296
f 107 101 105
f 122 117 120
f 130 122 126
f 139 133 136
f 141 139 1297
f 151 141 146
f 1362 153 155
f 158 1363 1298
f 176 169 171
f 185 176 180
f 190 185 184
f 194 190 189
f 204 1299 201
f 211 204 206
f 1364 211 213
f 223 216 218
f 225 223 226
f 232 1365 229
f 237 231 235
f 245 237 241
f 254 245 249
f 262 1366 259
f 267 262 265
f 275 267 271
f 282 275 280
f 288 285 1300
f 1302 1301 301
f 322 314 316
f 324 322 325
f 336 327 332
f 344 336 340
f 1367 349 1304
f 1305 356 359
f 364 1305 361
f 375 1306 371
f 379 375 377
f 388 379 384
f 1368 395 1307
f 1309 1308 402
f 413 1369 411
f 419 413 417
f 425 419 421
f 431 424 427
f 435 431 433
f 442 440 443
f 450 442 445
f 454 450 455
f 462 458 457
f 470 462 466
f 478 470 474
f 486 478 482
f 492 486 490
f 497 495 498
f 509 506 1311
f 511 509 512
f 520 514 517
f 1312 525 524
f 1313 530 529
f 1314 1313 534
f 1315 1314 537
f 544 1315 540
f 557 552 555
f 566 562 564
f 572 566 570
f 580 572 577
f 584 579 585
f 593 587 591
f 602 596 598
f 610 602 606
f 617 610 614
f 624 619 1317
f 630 624 627
f 635 630 632
f 640 638 1319
f 649 640 646
f 652 649 1320
f 657 652 654
f 664 657 659
f 669 664 667
f 677 669 674
f 1322 1321 679
f 688 1370 685
f 705 703 706
f 713 705 710
f 1324 1323 716
f 724 719 722
f 729 724 1325
f 734 732 735
f 739 734 740
f 742 739 1326
f 751 1371 1327
f 757 751 755
f 769 1328 764
f 773 769 1329
f 1330 777 780
f 787 782 788
f 795 790 793
f 803 799 801
f 811 805 807
f 819 816 1331
f 825 819 822
f 827 825 1332
f 838 832 836
f 846 838 843
f 848 846 845
f 858 856 855
f 864 858 1333
f 866 864 867
f 874 870 872
f 879 874 1334
f 885 878 881
f 890 885 887
f 899 892 894
f 909 901 907
f 1336 1335 911
f 1337 914 917
f 926 924 1338
f 939 936 1340
f 1372 945 1341
f 950 1372 948
f 954 950 955
f 1373 954 1342
f 1374 1343 959
f 970 962 965
f 978 975 1344
f 984 978 980
f 991 989 1345
f 999 991 997
f 1007 999 1001
f 1014 1006 1011
f 1020 1375 1346
f 1029 1027 1030
f 1041 1035 1037
f 1376 1041 1043
f 1048 1376 1046
f 1057 1050 1052
f 1067 1059 1062
f 1072 1070 1073
f 1084 1078 1081
f 1087 1084 1348
f 1092 1090 1349
f 1102 1098 1100
f 1105 1102 1350
f 1112 1105 1110
f 1120 1114 1116
f 1122 1120 1351
f 1128 1126 1129
f 1137 1128 1134
f 1147 1143 1142
f 1153 1149 1353
f 1160 1354 1156
f 1355 1160 1162
f 1176 1356 1173
f 1180 1176 1178
f 1186 1377 1184
f 1194 1186 1190
f 1202 1194 1198
f 1208 1202 1206
f 1224 1219 1218
f 1226 1378 1359
f 1239 1234 1236
f 1247 1243 1360
f 1379 1247 1252
f 1263 1258 1261
f 1268 1263 1266
f 1280 1272 1278
f 1286 1280 1282
f 1 1288 1290
f 16 1380 14
f 31 23 29
f 44 38 1294
f 59 48 56
f 64 59 1361
f 74 1381 69
f 81 74 79
f 1382 81 86
f 101 96 98
f 122 1383 117
f 1384 122 130
f 141 133 139
f 153 141 151
f 176 167 169
f 190 176 185
f 196 190 194
f 211 1299 204
f 225 216 223
f 232 1385 1365
f 237 232 231
f 254 237 245
f 267 1366 262
f 282 267 275
f 336 328 327
f 346 336 344
f 1367 346 349
f 364 356 1305
f 379 1306 375
f 390 379 388
f 398 395 1368
f 419 1369 413
f 435 424 431
f 450 440 442
f 1386 450 454
f 470 458 462
f 486 470 478
f 509 503 506
f 520 511 514
f 530 525 1312
f 1315 1313 1314
f 557 546 552
f 572 562 566
f 579 572 580
f 593 584 587
f 610 596 602
f 616 610 617
f 630 619 624
f 1318 630 635
f 649 638 640
f 664 652 657
f 677 664 669
f 1370 1321 1322
f 705 700 703
f 1323 705 713
f 719 1323 1324
f 729 719 724
f 739 732 734
f 773 1328 769
f 1330 773 777
f 795 787 790
f 811 803 805
f 827 819 825
f 846 832 838
f 864 856 858
f 879 870 874
f 885 879 878
f 899 890 892
f 909 902 901
f 914 1335 1336
f 926 922 924
f 942 936 939
f 1372 942 945
f 954 1372 950
f 1387 954 1373
f 984 975 978
f 991 984 989
f 1007 991 999
f 1024 1375 1020
f 1029 1024 1027
f 1048 1041 1376
f 1057 1048 1050
f 1347 1070 1072
f 1084 1347 1078
f 1092 1087 1090
f 1105 1098 1102
f 1114 1105 1112
f 1122 1114 1120
f 1147 1388 1143
f 1354 1149 1153
f 1355 1354 1160
f 1180 1356 1176
f 1194 1377 1186
f 1357 1202 1208
f 1229 1378 1226
f 1239 1231 1234
f 1379 1243 1247
f 1263 1255 1258
f 1286 1272 1280
f 1 1286 1288
f 35 23 31
f 59 43 48
f 81 1381 74
f 101 93 96
f 122 114 1383
f 133 122 1384
f 153 133 141
f 190 167 176
f 1299 190 196
f 1364 1299 211
f 237 1385 232
f 253 237 254
f 267 1389 1366
f 336 1390 328
f 1367 336 346
f 366 356 364
f 379 368 1306
f 395 379 390
f 419 1391 1369
f 435 425 424
f 450 435 440
f 470 1392 458
f 492 470 486
f 522 511 520
f 544 1313 1315
f 557 547 546
f 579 562 572
f 593 579 584
f 616 596 610
f 1318 619 630
f 652 638 649
f 677 652 664
f 1323 700 705
f 729 1323 719
f 739 729 732
f 773 759 1328
f 783 773 1330
f 799 787 795
f 813 803 811
f 827 816 819
f 846 827 832
f 885 870 879
f 899 885 890
f 909 899 902
f 1372 936 942
f 1387 1372 954
f 984 972 975
f 1007 984 991
f 1032 1024 1029
f 1048 1035 1041
f 1060 1048 1057
f 1087 1347 1084
f 1096 1087 1092
f 1114 1098 1105
f 1126 1114 1122
f 1147 1139 1388
f 1355 1149 1354
f 1194 1393 1377
f 1213 1202 1357
f 1231 1378 1229
f 1238 1231 1239
f 1379 1238 1243
f 1263 1379 1255
f 1286 1273 1272
f 9 1286 1
f 59 44 43
f 81 1394 1381
f 101 89 93
f 153 122 133
f 1299 167 190
f 1395 1299 1364
f 253 1385 237
f 282 1389 267
f 1367 1390 336
f 379 366 368
f 398 379 395
f 419 1396 1391
f 435 419 425
f 1386 435 450
f 470 1397 1392
f 495 470 492
f 1316 1313 544
f 559 547 557
f 593 562 579
f 616 593 596
f 1318 616 619
f 677 638 652
f 1323 697 700
f 739 1323 729
f 773 760 759
f 782 773 783
f 799 782 787
f 827 1398 816
f 848 827 846
f 885 866 870
f 909 885 899
f 1387 936 1372
f 984 969 972
f 1006 984 1007
f 1048 1032 1035
f 1059 1048 1060
f 1096 1347 1087
f 1114 1096 1098
f 1128 1114 1126
f 1149 1139 1147
f 1399 1149 1355
f 1194 1400 1393
f 1238 1378 1231
f 1263 1238 1379
f 9 1273 1286
f 64 44 59
f 1382 1394 81
f 101 90 89
f 1362 122 153
f 1395 167 1299
f 253 225 1385
f 285 1389 282
f 1367 1401 1390
f 398 366 379
f 435 1396 419
f 1402 435 1386
f 470 1403 1397
f 547 1313 1316
f 616 562 593
f 1404 616 1318
f 1321 638 677
f 1323 1405 697
f 742 1323 739
f 782 760 773
f 848 1398 827
f 909 866 885
f 1387 1339 936
f 1006 969 984
f 1059 1032 1048
f 1114 1347 1096
f 1137 1114 1128
f 1399 1139 1149
f 1194 1406 1400
f 1263 1378 1238
f 9 1268 1273
f 66 44 64
f 90 1394 1382
f 107 90 101
f 1407 122 1362
f 1408 167 1395
f 253 216 225
f 288 1389 285
f 1367 1409 1401
f 397 366 398
f 435 1410 1396
f 1411 435 1402
f 470 1412 1403
f 616 559 562
f 638 616 1404
f 1370 638 1321
f 1323 694 1405
f 745 1323 742
f 799 760 782
f 848 1413 1398
f 909 864 866
f 1387 931 1339
f 1006 970 969
f 1067 1032 1059
f 1114 1070 1347
f 1352 1114 1137
f 1414 1139 1399
f 1202 1406 1194
f 1268 1378 1263
f 1293 1268 9
f 1415 44 66
f 112 90 107
f 1416 122 1407
f 1417 167 1408
f 253 1418 216
f 290 1389 288
f 1367 1419 1409
f 397 356 366
f 435 1420 1410
f 1421 435 1411
f 495 1412 470
f 616 547 559
f 688 638 1370
f 745 694 1323
f 799 757 760
f 848 813 1413
f 909 856 864
f 1387 926 931
f 1006 962 970
f 1067 1024 1032
f 1114 1067 1070
f 1167 1139 1414
f 1202 1422 1406
f 1293 1378 1268
f 1394 44 1415
f 1423 122 1416
f 1424 167 1417
f 253 1425 1418
f 354 1419 1367
f 397 353 356
f 1421 1420 435
f 495 1426 1412
f 616 1313 547
f 745 692 694
f 799 751 757
f 848 803 813
f 1427 856 909
f 1387 922 926
f 1006 963 962
f 1067 1375 1024
f 1352 1067 1114
f 1170 1139 1167
f 1202 1428 1422
f 1380 1378 1293
f 90 44 1394
f 1429 122 1423
f 1425 167 1424
f 256 1425 253
f 353 1419 354
f 400 353 397
f 1421 1430 1420
f 497 1426 495
f 638 1313 616
f 745 690 692
f 799 1371 751
f 848 799 803
f 1335 856 1427
f 1431 922 1387
f 1014 963 1006
f 1352 1375 1067
f 1356 1139 1170
f 1202 1432 1428
f 1380 1433 1378
f 90 38 44
f 1363 122 1429
f 256 167 1425
f 353 1434 1419
f 1308 353 400
f 1421 1310 1430
f 503 1426 497
f 688 1313 638
f 745 688 690
f 799 748 1371
f 851 799 848
f 914 856 1335
f 1016 963 1014
f 1435 1375 1352
f 1202 1180 1432
f 1380 1358 1433
f 90 1436 38
f 158 122 1363
f 256 1437 167
f 1308 1434 353
f 1421 405 1310
f 509 1426 503
f 748 688 745
f 851 748 799
f 1337 856 914
f 1018 963 1016
f 1435 1018 1375
f 1202 1356 1180
f 1380 1224 1358
f 161 122 158
f 256 163 1437
f 1308 1438 1434
f 1421 1309 405
f 748 1313 688
f 853 748 851
f 1439 856 1337
f 1435 963 1018
f 1202 1139 1356
f 1380 1219 1224
f 256 161 163
f 1308 324 1438
f 1421 1308 1309
f 853 1313 748
f 922 856 1439
f 1435 1374 963
f 1202 1140 1139
f 1380 1440 1219
f 256 122 161
f 1308 322 324
f 1441 1308 1421
f 853 530 1313
f 1431 856 922
f 1442 1374 1435
f 1202 1442 1140
f 1380 1443 1440
f 256 114 122
f 1308 314 322
f 853 525 530
f 1431 853 856
f 1213 1442 1202
f 16 1443 1380
f 256 112 114
f 1308 312 314
f 853 522 525
f 1216 1442 1213
f 21 1443 16
f 1444 112 256
f 1441 312 1308
f 853 511 522
f 1443 1442 1216
f 1445 112 1444
f 1441 309 312
f 853 509 511
f 21 1442 1443
f 1446 112 1445
f 1441 310 309
f 21 1374 1442
f 1389 112 1446
f 1441 306 310
f 23 1374 21
f 290 112 1389
f 1441 307 306
f 35 1374 23
f 292 112 290
f 1426 307 1441
f 1436 1374 35
f 296 112 292
f 509 307 1426
f 1436 1343 1374
f 1301 112 296
f 509 1447 307
f 1436 1448 1343
f 1302 112 1301
f 509 1449 1447
f 1436 1450 1448
f 1302 90 112
f 509 1451 1449
f 1436 1431 1450
f 1452 90 1302
f 509 1453 1451
f 1436 853 1431
f 1454 90 1452
f 509 1455 1453
f 90 853 1436
f 1456 90 1454
f 509 1457 1455
f 90 509 853
f 1458 90 1456
f 509 1459 1457
f 1460 90 1458
f 509 1461 1459
f 1460 509 90
f 509 1462 1461
f 1463 509 1460
f 509 1464 1462
f 304 509 1463
f 509 1465 1464
f 1303 509 304
f 509 1303 1465
f 1466 1467 1468
f 1469 1470 1471
f 1470 1472 1473
f 1472 1474 1475
f 1474 1476 1477
f 1478 1479 1480
f 1481 1482 1483
f 1482 1484 1485
f 1484 1486 1487
f 1486 1488 1489
f 1488 1490 1491
f 1490 1492 1493
f 1492 1494 1495
f 1494 1496 1497
f 1496 1498 1499
f 1498 1500 1501
f 1502 1503 1504
f 1505 1506 1507
f 1508 1509 1510
f 1509 1511 1512
f 1511 1513 1514
f 1513 1515 1516
f 1517 1518 1519
f 1520 1521 1522
f 1521 1468 1523
f 1468 1524 1466
f 1525 1526 1527
f 1528 1529 1530
f 1529 1531 1532
f 1533 1534 1535
f 1534 1536 1537
f 1538 1539 1540
f 1539 1541 1542
f 1543 1544 1545
f 1546 1547 1548
f 1547 1549 1550
f 1551 1552 1553
f 1554 1555 1556
f 1557 1558 1559
f 1560 1561 1562
f 1563 1564 1565
f 1564 1566 1567
f 1566 1568 1569
f 1568 1570 1571
f 1570 1572 1573
f 1572 1574 1575
f 1576 1577 1578
f 1577 1579 1580
f 1581 1582 1583
f 1584 1585 1586
f 1585 1587 1588
f 1587 1589 1590
f 1589 1591 1592
f 1591 1593 1594
f 1593 1595 1596
f 1597 1598 1599
f 1600 1601 1602
f 1603 1604 1605
f 1606 1607 1608
f 1607 1609 1610
f 1609 1611 1612
f 1611 1613 1614
f 1615 1616 1617
f 1616 1618 1619
f 1620 1621 1622
f 1623 1624 1625
f 1624 1626 1627
f 1628 1629 1630
f 1631 1632 1633
f 1632 1634 1635
f 1636 1637 1638
f 1637 1639 1640
f 1639 1641 1642
f 1641 1643 1644
f 1643 1645 1646
f 1645 1647 1648
f 1649 1650 1651
f 1650 1652 1653
f 1654 1655 1656
f 1655 1657 1658
f 1657 1659 1660
f 1659 1661 1662
f 1661 1663 1664
f 1665 1666 1667
f 1668 1669 1670
f 1669 1671 1672
f 1671 1673 1674
f 1675 1676 1677
f 1676 1678 1679
f 1680 1681 1682
f 1681 1683 1684
f 1683 1685 1686
f 1687 1688 1689
f 1690 1691 1692
f 1693 1694 1695
f 1696 1697 1698
f 1699 1700 1701
f 1700 1702 1703
f 1702 1704 1705
f 1704 1706 1707
f 1706 1708 1709
f 1708 1710 1711
f 1710 1712 1713
f 1712 1714 1715
f 1714 1716 1717
f 1718 1719 1720
f 1719 1721 1722
f 1723 1724 1725
f 1726 1727 1728
f 1729 1730 1731
f 1730 1732 1733
f 1732 1734 1735
f 1734 1736 1737
f 1736 1738 1739
f 1738 1740 1741
f 1740 1742 1743
f 1744 1745 1746
f 1745 1747 1748
f 1749 1750 1751
f 1752 1753 1754
f 1753 1755 1756
f 1755 1757 1758
f 1757 1759 1760
f 1759 1761 1762
f 1761 1763 1764
f 1765 1766 1767
f 1768 1769 1770
f 1771 1772 1773
f 1774 1775 1776
f 1775 1777 1778
f 1777 1779 1780
f 1781 1782 1783
f 1782 1784 1785
f 1786 1787 1788
f 1789 1790 1791
f 1792 1793 1794
f 1793 1795 1796
f 1795 1797 1798
f 1797 1799 1800
f 1799 1801 1802
f 1801 1803 1804
f 1803 1805 1806
f 1805 1807 1808
f 1807 1809 1810
f 1811 1812 1813
f 1812 1814 1815
f 1814 1816 1817
f 1818 1819 1820
f 1819 1821 1822
f 1823 1824 1825
f 1826 1827 1828
f 1827 1829 1830
f 1829 1831 1832
f 1833 1834 1835
f 1836 1837 1838
f 1839 1840 1841
f 1840 1842 1843
f 1844 1845 1846
f 1845 1847 1848
f 1847 1849 1850
f 1849 1851 1852
f 1851 1853 1854
f 1853 1855 1856
f 1855 1857 1858
f 1859 1860 1861
f 1862 1863 1864
f 1863 1865 1866
f 1867 1868 1869
f 1870 1871 1872
f 1871 1873 1874
f 1875 1876 1877
f 1876 1878 1879
f 1878 1880 1881
f 1880 1882 1883
f 1882 1884 1885
f 1886 1887 1888
f 1889 1890 1891
f 1892 1893 1894
f 1895 1896 1897
f 1896 1898 1899
f 1898 1900 1901
f 1900 1902 1903
f 1904 1905 1906
f 1907 1908 1909
f 1910 1911 1912
f 1911 1913 1914
f 1913 1915 1916
f 1915 1917 1918
f 1919 1920 1921
f 1922 1923 1924
f 1923 1925 1926
f 1925 1927 1928
f 1927 1929 1930
f 1929 1931 1932
f 1931 1933 1934
f 1933 1935 1936
f 1935 1937 1938
f 1937 1939 1940
f 1939 1941 1942
f 1941 1943 1944
f 1943 1945 1946
f 1945 1947 1948
f 1947 1949 1950
f 1949 1951 1952
f 1951 1953 1954
f 1953 1955 1956
f 1955 1957 1958
f 1959 1960 1961
f 1962 1963 1964
f 1963 1965 1966
f 1967 1968 1969
f 1970 1971 1972
f 1973 1974 1975
f 1976 1977 1978
f 1979 1980 1981
f 1982 1983 1984
f 1983 1985 1986
f 1985 1987 1988
f 1989 1990 1991
f 1990 1992 1993
f 1994 1995 1996
f 1995 1997 1998
f 1999 2000 2001
f 2002 2003 2004
f 2005 2006 2007
f 2008 2009 2010
f 2011 2012 2013
f 2012 2014 2015
f 2016 2017 2018
f 2019 2020 2021
f 2020 2022 2023
f 2022 2024 2025
f 2026 2027 2028
f 2027 2029 2030
f 2029 2031 2032
f 2031 2033 2034
f 2033 2035 2036
f 2035 2037 2038
f 2037 2039 2040
f 2041 2042 2043
f 2044 2045 2046
f 2045 2047 2048
f 2049 2050 2051
f 2052 2053 2054
f 2055 2056 2057
f 2056 2058 2059
f 2060 2061 2062
f 2061 2063 2064
f 2063 2065 2066
f 2065 2067 2068
f 2067 2069 2070
f 2069 2071 2072
f 2071 2073 2074
f 2073 2075 2076
f 2075 2077 2078
f 2077 2079 2080
f 2081 2082 2083
f 2082 2084 2085
f 2084 2086 2087
f 2088 2089 2090
f 2091 2092 2093
f 2094 2095 2096
f 2095 2097 2098
f 2099 2100 2101
f 2102 2103 2104
f 2105 2106 2107
f 2106 2108 2109
f 2110 2111 2112
f 2113 2114 2115
f 2116 2117 2118
f 2117 2119 2120
f 2121 2122 2123
f 2122 2124 2125
f 2124 2126 2127
f 2128 2129 2130
f 2131 2132 2133
f 2132 2134 2135
f 2134 2136 2137
f 2138 2139 2140
f 2141 2142 2143
f 2144 2145 2146
f 2145 2147 2148
f 2149 2150 2151
f 2152 2153 2154
f 2153 2155 2156
f 2155 2157 2158
f 2157 2159 2160
f 2161 2162 2163
f 2164 2165 2166
f 2167 2168 2169
f 2170 2171 2172
f 2171 2173 2174
f 2173 2175 2176
f 2177 2178 2179
f 2180 2181 2182
f 2183 2184 2185
f 2186 2187 2188
f 2187 2189 2190
f 2189 2191 2192
f 2193 2194 2195
f 2196 2197 2198
f 2199 2200 2201
f 2200 2202 2203
f 2204 2205 2206
f 2207 2208 2209
f 2210 2211 2212
f 2213 2214 2215
f 2216 2217 2218
f 2219 2220 2221
f 2220 2222 2223
f 2224 2225 2226
f 2225 2227 2228
f 2229 2230 2231
f 2230 2232 2233
f 2232 2234 2235
f 2234 2236 2237
f 2238 2239 2240
f 2241 2242 2243
f 2244 2245 2246
f 2247 2248 2249
f 2248 2250 2251
f 2252 2253 2254
f 2255 2256 2257
f 2256 2258 2259
f 2260 2261 2262
f 2263 2264 2265
f 2264 2266 2267
f 2266 2268 2269
f 2268 2270 2271
f 2270 2272 2273
f 2272 2274 2275
f 2274 2276 2277
f 2276 2278 2279
f 2280 2281 2282
f 2283 2284 2285
f 2286 2287 2288
f 2289 2290 2291
f 2292 2293 2294
f 2293 2295 2296
f 2295 2297 2298
f 2297 2299 2300
f 2299 2301 2302
f 2303 2304 2305
f 2304 2306 2307
f 2306 2308 2309
f 2310 2311 2312
f 2313 2314 2315
f 2314 2316 2317
f 2316 2318 2319
f 2320 2321 2322
f 2323 2324 2325
f 2324 2326 2327
f 2328 2329 2330
f 2331 2332 2333
f 2334 2335 2336
f 2335 2337 2338
f 2337 2339 2340
f 2339 2341 2342
f 2343 2344 2345
f 2344 2346 2347
f 2346 2348 2349
f 2348 2350 2351
f 2352 2353 2354
f 2353 2355 2356
f 2355 2357 2358
f 2359 2360 2361
f 2360 2362 2363
f 2362 2364 2365
f 2366 2367 2368
f 2367 2369 2370
f 2371 2372 2373
f 2372 2374 2375
f 2376 2377 2378
f 2379 2380 2381
f 2380 2382 2383
f 2382 2384 2385
f 2386 2387 2388
f 2387 2389 2390
f 2391 2392 2393
f 2392 2394 2395
f 2394 2396 2397
f 2396 2398 2399
f 2400 2401 2402
f 2403 2404 2405
f 2406 2407 2408
f 2409 2410 2411
f 2412 2413 2414
f 2413 2415 2416
f 2415 2417 2418
f 2419 2420 2421
f 2420 2422 2423
f 2424 2425 2426
f 2427 2428 2429
f 2428 2430 2431
f 2430 2432 2433
f 2434 2435 2436
f 2435 2437 2438
f 2439 2440 2441
f 2442 2443 2444
f 2443 2445 2446
f 2445 2447 2448
f 2447 2449 2450
f 2449 2451 2452
f 2453 2454 2455
f 2456 2457 2458
f 2457 2459 2460
f 2461 2462 2463
f 2462 2464 2465
f 2466 2467 2468
f 2467 2469 2470
f 2471 2472 2473
f 2472 2474 2475
f 2474 2476 2477
f 2478 2479 2480
f 2479 2481 2482
f 2481 2483 2484
f 2485 2486 2487
f 2488 2489 2490
f 2491 2492 2493
f 2494 2495 2496
f 2497 2498 2499
f 2498 2500 2501
f 2502 2503 2504
f 2505 2506 2507
f 2506 2508 2509
f 2510 2511 2512
f 2511 2513 2514
f 2513 2515 2516
f 2517 2518 2519
f 2518 2520 2521
f 2520 2522 2523
f 2524 2525 2526
f 2527 2528 2529
f 2528 2530 2531
f 2530 2532 2533
f 2534 2535 2536
f 2537 2538 2539
f 2538 2540 2541
f 2542 2543 2544
f 2545 2546 2547
f 2548 2549 2550
f 2551 2552 2553
f 2554 2555 2556
f 2557 2558 2559
f 2560 2561 2562
f 2561 2563 2564
f 2563 2565 2566
f 2567 2568 2569
f 2570 2571 2572
f 2571 2573 2574
f 2573 2575 2576
f 2575 2577 2578
f 2577 2579 2580
f 2581 2582 2583
f 2584 2585 2586
f 2587 2588 2589
f 2590 2591 2592
f 2593 2594 2595
f 2594 2596 2597
f 2598 2599 2600
f 2601 2602 2603
f 2604 2605 2606
f 2607 2608 2609
f 2608 2610 2611
f 2610 2612 2613
f 2612 2614 2615
f 2614 2616 2617
f 2618 2619 2620
f 2621 2622 2623
f 2624 2625 2626
f 2625 2627 2628
f 2627 2629 2630
f 2631 2632 2633
f 2634 2635 2636
f 2637 2638 2639
f 2640 2641 2642
f 2641 2643 2644
f 2645 2646 2647
f 2648 2649 2650
f 2649 2651 2652
f 2651 2653 2654
f 2653 2655 2656
f 2655 2657 2658
f 2657 2659 2660
f 2659 2661 2662
f 2661 2663 2664
f 2663 2665 2666
f 2665 2667 2668
f 2667 2669 2670
f 2669 2671 2672
f 2673 2674 2675
f 2674 2676 2677
f 2678 2679 2680
f 2679 2681 2682
f 2683 2684 2685
f 2684 2686 2687
f 2688 2689 2690
f 2691 2692 2693
f 2692 2694 2695
f 2694 2696 2697
f 2698 2699 2700
f 2699 2701 2702
f 2703 2704 2705
f 2704 2706 2707
f 2706 2708 2709
f 2708 2710 2711
f 2712 2713 2714
f 2713 2715 2716
f 2715 2717 2718
f 2719 2720 2721
f 2722 2723 2724
f 2725 2726 2727
f 2726 2728 2729
f 2730 2731 2732
f 2731 2733 2734
f 2733 2735 2736
f 2737 2738 2739
f 2738 2740 2741
f 2742 2743 2744
f 2743 2745 2746
f 2745 2747 2748
f 2747 2749 2750
f 2749 2751 2752
f 2751 2753 2754
f 2753 2755 2756
f 2757 1467 1466
f 1467 1470 1469
f 1470 1474 1472
f 1474 2758 1476
f 1478 1481 1479
f 1482 1486 1484
f 1490 1494 1492
f 1496 1500 1498
f 1502 1505 1503
f 1505 2759 1506
f 1509 1513 1511
f 1513 1517 1515
f 1517 1520 1518
f 1521 1524 1468
f 1525 1528 1526
f 1528 1531 1529
f 1533 1536 1534
f 1539 1543 1541
f 1543 2760 1544
f 2760 1547 1546
f 1547 1551 1549
f 1557 1560 1558
f 1560 2761 1561
f 2761 1564 1563
f 1566 1570 1568
f 1572 1576 1574
f 1576 1579 1577
f 1581 1584 1582
f 1584 1587 1585
f 1587 1591 1589
f 1591 1595 1593
f 1597 1600 1598
f 1600 1603 1601
f 1603 2762 1604
f 2762 1607 1606
f 1607 1611 1609
f 1611 1615 1613
f 1615 1618 1616
f 1618 1621 1620
f 2763 1624 1623
f 1626 1629 1628
f 1631 1634 1632
f 1634 1637 1636
f 1637 1641 1639
f 1641 1645 1643
f 1645 1649 1647
f 1650 1654 1652
f 1655 1659 1657
f 1661 2764 1663
f 1665 1668 1666
f 1668 1671 1669
f 1671 1675 1673
f 1675 1678 1676
f 1680 1683 1681
f 1683 1687 1685
f 1687 1690 1688
f 1693 1696 1694
f 1699 1702 1700
f 1702 1706 1704
f 1706 1710 1708
f 1710 1714 1712
f 1714 1718 1716
f 1723 1726 1724
f 1726 1729 1727
f 1729 1732 1730
f 1732 1736 1734
f 1736 1740 1738
f 1740 1744 1742
f 1744 1747 1745
f 1749 2765 1750
f 1752 1755 1753
f 1757 1761 1759
f 1761 2766 1763
f 1765 2767 1766
f 1768 2768 1769
f 1779 1782 1781
f 1782 1786 1784
f 1786 1789 1787
f 1793 1797 1795
f 1797 1801 1799
f 1801 1805 1803
f 1805 1809 1807
f 1809 1812 1811
f 1814 2769 1816
f 1823 2770 1824
f 2770 1827 1826
f 1831 1834 1833
f 2771 1837 1836
f 1839 1842 1840
f 1842 1845 1844
f 1845 1849 1847
f 1849 1853 1851
f 1855 1859 1857
f 1859 2772 1860
f 2773 1868 1867
f 2774 1871 1870
f 1871 2775 1873
f 1875 1878 1876
f 1878 1882 1880
f 1884 1887 1886
f 1890 1893 1892
f 1895 1898 1896
f 1900 1904 1902
f 1904 1907 1905
f 1908 1911 1910
f 1911 1915 1913
f 1915 1919 1917
f 1923 1927 1925
f 1927 1931 1929
f 1931 1935 1933
f 1935 1939 1937
f 1939 1943 1941
f 1943 1947 1945
f 1947 1951 1949
f 1951 1955 1953
f 1959 1962 1960
f 1963 1967 1965
f 1967 1970 1968
f 1970 2776 1971
f 1973 1976 1974
f 1977 1980 1979
f 1980 1983 1982
f 1990 2777 1992
f 1995 2778 1997
f 2778 2000 1999
f 2779 2003 2002
f 2780 2006 2005
f 2008 2781 2009
f 2012 2016 2014
f 2016 2019 2017
f 2019 2022 2020
f 2026 2029 2027
f 2031 2035 2033
f 2037 2041 2039
f 2041 2044 2042
f 2045 2049 2047
f 2050 2053 2052
f 2055 2058 2056
f 2060 2063 2061
f 2063 2067 2065
f 2067 2071 2069
f 2071 2075 2073
f 2075 2079 2077
f 2084 2782 2086
f 2088 2091 2089
f 2091 2094 2092
f 2094 2097 2095
f 2099 2783 2100
f 2102 2784 2103
f 2784 2106 2105
f 2106 2110 2108
f 2110 2113 2111
f 2113 2785 2114
f 2116 2119 2117
f 2121 2124 2122
f 2124 2128 2126
f 2128 2131 2129
f 2131 2134 2132
f 2134 2138 2136
f 2138 2141 2139
f 2141 2786 2142
f 2786 2145 2144
f 2145 2787 2147
f 2149 2152 2150
f 2152 2155 2153
f 2161 2164 2162
f 2164 2167 2165
f 2167 2170 2168
f 2171 2175 2173
f 2177 2788 2178
f 2180 2789 2181
f 2183 2186 2184
f 2186 2189 2187
f 2189 2790 2191
f 2193 2196 2194
f 2196 2199 2197
f 2200 2204 2202
f 2791 2208 2207
f 2208 2211 2210
f 2211 2214 2213
f 2792 2217 2216
f 2219 2222 2220
f 2225 2793 2227
f 2793 2230 2229
f 2230 2234 2232
f 2234 2794 2236
f 2794 2239 2238
f 2241 2244 2242
f 2244 2795 2245
f 2248 2252 2250
f 2253 2256 2255
f 2258 2261 2260
f 2263 2266 2264
f 2272 2276 2274
f 2280 2796 2281
f 2283 2286 2284
f 2286 2289 2287
f 2289 2797 2290
f 2797 2293 2292
f 2293 2297 2295
f 2297 2301 2299
f 2301 2304 2303
f 2304 2308 2306
f 2311 2314 2313
f 2321 2324 2323
f 2324 2798 2326
f 2328 2331 2329
f 2334 2337 2335
f 2339 2799 2341
f 2346 2350 2348
f 2350 2353 2352
f 2357 2360 2359
f 2360 2364 2362
f 2367 2371 2369
f 2371 2374 2372
f 2800 2377 2376
f 2801 2380 2379
f 2382 2802 2384
f 2386 2389 2387
f 2803 2392 2391
f 2392 2396 2394
f 2396 2804 2398
f 2400 2805 2401
f 2403 2406 2404
f 2406 2409 2407
f 2409 2806 2410
f 2412 2415 2413
f 2415 2419 2417
f 2420 2807 2422
f 2808 2425 2424
f 2430 2434 2432
f 2439 2809 2440
f 2442 2445 2443
f 2445 2449 2447
f 2449 2453 2451
f 2453 2810 2454
f 2810 2457 2456
f 2457 2461 2459
f 2461 2464 2462
f 2464 2467 2466
f 2467 2471 2469
f 2472 2476 2474
f 2478 2481 2479
f 2811 2486 2485
f 2488 2491 2489
f 2491 2494 2492
f 2495 2498 2497
f 2500 2503 2502
f 2505 2508 2506
f 2510 2513 2511
f 2515 2518 2517
f 2518 2522 2520
f 2525 2528 2527
f 2528 2532 2530
f 2534 2537 2535
f 2538 2812 2540
f 2542 2545 2543
f 2545 2548 2546
f 2548 2813 2549
f 2551 2554 2552
f 2554 2814 2555
f 2814 2558 2557
f 2560 2563 2561
f 2565 2568 2567
f 2815 2571 2570
f 2571 2575 2573
f 2579 2582 2581
f 2584 2816 2585
f 2816 2588 2587
f 2590 2593 2591
f 2594 2598 2596
f 2598 2601 2599
f 2601 2817 2602
f 2608 2612 2610
f 2614 2818 2616
f 2818 2619 2618
f 2819 2622 2621
f 2624 2627 2625
f 2627 2820 2629
f 2631 2634 2632
f 2634 2821 2635
f 2637 2640 2638
f 2640 2643 2641
f 2643 2646 2645
f 2648 2651 2649
f 2651 2655 2653
f 2655 2659 2657
f 2659 2663 2661
f 2663 2667 2665
f 2667 2671 2669
f 2671 2674 2673
f 2674 2822 2676
f 2822 2679 2678
f 2684 2688 2686
f 2688 2823 2689
f 2824 2692 2691
f 2698 2701 2699
f 2704 2708 2706
f 2708 2825 2710
f 2825 2713 2712
f 2713 2717 2715
f 2719 2722 2720
f 2722 2725 2723
f 2725 2728 2726
f 2730 2733 2731
f 2733 2737 2735
f 2738 2742 2740
f 2742 2745 2743
f 2747 2751 2749
f 2755 1467 2757
f 1467 1474 1470
f 1478 1482 1481
f 1488 1494 1490
f 1502 2759 1505
f 1513 1520 1517
f 1520 1524 1521
f 2826 1528 1525
f 1533 1538 1536
f 1538 1543 1539
f 1543 1547 2760
f 1547 1552 1551
f 1560 1564 2761
f 1566 1572 1570
f 1581 1587 1584
f 1587 1595 1591
f 1597 1603 1600
f 1603 1607 2762
f 1607 1615 1611
f 1618 2827 1621
f 2828 1624 2763
f 1634 1641 1637
f 1641 1649 1645
f 1649 1654 1650
f 1654 1659 1655
f 2764 1668 1665
f 1668 1675 1671
f 1675 2829 1678
f 1680 1687 1683
f 1687 1691 1690
f 2830 1696 1693
f 1697 1702 1699
f 1702 1710 1706
f 1710 1718 1714
f 2831 1726 1723
f 1726 1732 1729
f 1732 1740 1736
f 1740 1747 1744
f 1749 1752 2765
f 2766 2767 1765
f 1779 1786 1782
f 1786 1790 1789
f 1793 1801 1797
f 1801 1809 1805
f 1814 2832 2769
f 1821 2770 1823
f 2770 1829 1827
f 2771 1839 1837
f 1839 1845 1842
f 1845 1853 1849
f 1859 2833 2772
f 2773 2774 1868
f 2834 1878 1875
f 1878 1884 1882
f 1884 1889 1887
f 1890 1895 1893
f 1895 1900 1898
f 1904 1908 1907
f 1908 1915 1911
f 1915 1920 1919
f 1922 1927 1923
f 1927 1935 1931
f 1935 1943 1939
f 1943 1951 1947
f 1951 1957 1955
f 1959 1963 1962
f 1970 1973 2776
f 1973 1977 1976
f 1980 1985 1983
f 1989 2777 1990
f 1994 2778 1995
f 2778 2779 2000
f 2779 2780 2003
f 2780 2008 2006
f 2016 2022 2019
f 2026 2031 2029
f 2031 2037 2035
f 2037 2044 2041
f 2045 2050 2049
f 2053 2058 2055
f 2060 2067 2063
f 2067 2075 2071
f 2075 2081 2079
f 2084 2088 2782
f 2088 2094 2091
f 2094 2099 2097
f 2102 2106 2784
f 2106 2113 2110
f 2113 2116 2785
f 2116 2121 2119
f 2121 2128 2124
f 2128 2134 2131
f 2134 2141 2138
f 2786 2787 2145
f 2835 2152 2149
f 2167 2171 2170
f 2171 2177 2175
f 2788 2789 2180
f 2183 2189 2186
f 2189 2193 2790
f 2196 2200 2199
f 2200 2205 2204
f 2205 2208 2791
f 2836 2217 2792
f 2217 2222 2219
f 2793 2234 2230
f 2234 2239 2794
f 2241 2795 2244
f 2248 2253 2252
f 2256 2261 2258
f 2263 2268 2266
f 2270 2276 2272
f 2280 2283 2796
f 2283 2289 2286
f 2289 2293 2797
f 2297 2304 2301
f 2304 2310 2308
f 2310 2314 2311
f 2320 2324 2321
f 2324 2328 2798
f 2328 2332 2331
f 2334 2339 2337
f 2339 2343 2799
f 2344 2350 2346
f 2350 2355 2353
f 2357 2364 2360
f 2367 2374 2371
f 2800 2801 2377
f 2380 2802 2382
f 2389 2392 2803
f 2400 2403 2805
f 2409 2837 2806
f 2837 2415 2412
f 2415 2420 2419
f 2420 2838 2807
f 2808 2839 2425
f 2428 2434 2430
f 2439 2442 2809
f 2442 2449 2445
f 2453 2457 2810
f 2457 2464 2461
f 2464 2471 2467
f 2472 2478 2476
f 2840 2486 2811
f 2491 2495 2494
f 2500 2505 2503
f 2505 2841 2508
f 2841 2513 2510
f 2515 2522 2518
f 2525 2532 2528
f 2534 2538 2537
f 2542 2548 2545
f 2548 2551 2813
f 2554 2558 2814
f 2563 2568 2565
f 2568 2571 2815
f 2571 2577 2575
f 2579 2584 2582
f 2584 2588 2816
f 2590 2594 2593
f 2594 2601 2598
f 2607 2612 2608
f 2614 2619 2818
f 2819 2624 2622
f 2624 2820 2627
f 2821 2640 2637
f 2640 2646 2643
f 2842 2651 2648
f 2651 2659 2655
f 2659 2667 2663
f 2667 2674 2671
f 2683 2688 2684
f 2843 2692 2824
f 2698 2703 2701
f 2708 2713 2825
f 2713 2844 2717
f 2722 2728 2725
f 2728 2733 2730
f 2738 2745 2742
f 2745 2751 2747
f 2753 1467 2755
f 2845 1482 1478
f 1488 1496 1494
f 1502 1508 2759
f 1513 1524 1520
f 1524 1528 2826
f 2846 1538 1533
f 1538 1547 1543
f 1547 2847 1552
f 1560 1566 1564
f 2848 1587 1581
f 1587 2849 1595
f 1597 1607 1603
f 1607 1618 1615
f 1631 1641 1634
f 1641 1654 1649
f 1654 1661 1659
f 2764 1675 1668
f 1680 1691 1687
f 2850 1696 2830
f 1696 1702 1697
f 1702 1718 1710
f 2831 1732 1726
f 1732 1747 1740
f 1792 1801 1793
f 1801 1812 1809
f 1812 2832 1814
f 1821 1829 2770
f 2771 1845 1839
f 1845 1855 1853
f 1859 1862 2833
f 2834 1884 1878
f 1890 1900 1895
f 1904 1915 1908
f 1915 2851 1920
f 1922 1935 1927
f 1935 1951 1943
f 1967 1973 1970
f 1977 1985 1980
f 1989 1994 2777
f 2778 2780 2779
f 2012 2022 2016
f 2026 2037 2031
f 2037 2045 2044
f 2050 2058 2053
f 2060 2075 2067
f 2075 2082 2081
f 2084 2094 2088
f 2094 2783 2099
f 2102 2113 2106
f 2116 2128 2121
f 2128 2141 2134
f 2786 2835 2787
f 2164 2171 2167
f 2171 2788 2177
f 2788 2183 2789
f 2183 2193 2189
f 2196 2205 2200
f 2793 2239 2234
f 2239 2795 2241
f 2253 2261 2256
f 2268 2276 2270
f 2283 2293 2289
f 2297 2310 2304
f 2320 2328 2324
f 2334 2343 2339
f 2343 2350 2344
f 2355 2364 2357
f 2366 2374 2367
f 2800 2380 2801
f 2386 2392 2389
f 2400 2406 2403
f 2406 2837 2409
f 2837 2420 2415
f 2420 2852 2838
f 2439 2449 2442
f 2449 2457 2453
f 2457 2471 2464
f 2840 2488 2486
f 2488 2495 2491
f 2505 2513 2841
f 2513 2522 2515
f 2534 2812 2538
f 2812 2548 2542
f 2551 2558 2554
f 2563 2571 2568
f 2571 2579 2577
f 2579 2588 2584
f 2853 2612 2607
f 2614 2819 2619
f 2819 2820 2624
f 2821 2646 2640
f 2842 2659 2651
f 2667 2822 2674
f 2843 2694 2692
f 2696 2703 2698
f 2708 2844 2713
f 2719 2728 2722
f 2738 2751 2745
f 2751 1467 2753
f 1488 1500 1496
f 1509 1524 1513
f 2846 1547 1538
f 1557 1566 1560
f 1579 1587 2848
f 1587 1597 2849
f 1597 1618 1607
f 1631 1654 1641
f 1654 2764 1661
f 2764 2829 1675
f 2850 1702 1696
f 1702 1719 1718
f 2854 1732 2831
f 2855 1801 1792
f 1801 2832 1812
f 1821 1831 1829
f 1834 1845 2771
f 1845 1859 1855
f 2856 1884 2834
f 1889 1900 1890
f 1900 1915 1904
f 2857 1935 1922
f 1935 1957 1951
f 1977 1987 1985
f 2778 2008 2780
f 2011 2022 2012
f 2026 2045 2037
f 2045 2058 2050
f 2060 2082 2075
f 2084 2783 2094
f 2102 2116 2113
f 2116 2141 2128
f 2164 2788 2171
f 2788 2193 2183
f 2193 2205 2196
f 2225 2239 2793
f 2239 2247 2795
f 2253 2263 2261
f 2268 2278 2276
f 2280 2293 2283
f 2293 2310 2297
f 2334 2350 2343
f 2350 2364 2355
f 2364 2374 2366
f 2400 2837 2406
f 2837 2852 2420
f 2437 2449 2439
f 2449 2471 2457
f 2488 2498 2495
f 2500 2513 2505
f 2513 2524 2522
f 2812 2551 2548
f 2551 2560 2558
f 2563 2579 2571
f 2579 2590 2588
f 2605 2612 2853
f 2614 2820 2819
f 2858 2659 2842
f 2667 2679 2822
f 2843 2696 2694
f 2696 2704 2703
f 2704 2844 2708
f 2844 2728 2719
f 2737 2751 2738
f 2751 1474 1467
f 1508 1524 1509
f 2859 1547 2846
f 1555 1566 1557
f 1587 1618 1597
f 1631 2764 1654
f 2764 2860 2829
f 2850 1719 1702
f 2854 1747 1732
f 2855 2832 1801
f 1831 1845 1834
f 1845 1862 1859
f 2861 1884 2856
f 1884 1900 1889
f 1900 2851 1915
f 2862 1935 2857
f 1935 1959 1957
f 2778 2781 2008
f 2011 2024 2022
f 2026 2058 2045
f 2058 2082 2060
f 2082 2783 2084
f 2102 2141 2116
f 2161 2788 2164
f 2788 2205 2193
f 2224 2239 2225
f 2239 2248 2247
f 2248 2263 2253
f 2863 2293 2280
f 2293 2314 2310
f 2332 2350 2334
f 2350 2374 2364
f 2400 2852 2837
f 2435 2449 2437
f 2449 2472 2471
f 2498 2513 2500
f 2513 2525 2524
f 2812 2560 2551
f 2560 2579 2563
f 2579 2594 2590
f 2605 2614 2612
f 2614 2864 2820
f 2865 2659 2858
f 2843 2704 2696
f 2704 2728 2844
f 2737 1474 2751
f 1508 1528 1524
f 2859 2847 1547
f 1554 1566 1555
f 1587 2827 1618
f 1631 2860 2764
f 1691 1719 2850
f 2854 1749 1747
f 2866 2832 2855
f 1831 1862 1845
f 2861 1900 1884
f 1900 2867 2851
f 2868 1935 2862
f 2778 2011 2781
f 2026 2082 2058
f 2082 2869 2783
f 2102 2786 2141
f 2870 2788 2161
f 2788 2208 2205
f 2224 2248 2239
f 2863 2314 2293
f 2332 2374 2350
f 2804 2852 2400
f 2435 2472 2449
f 2498 2525 2513
f 2812 2579 2560
f 2579 2601 2594
f 2605 2864 2614
f 2871 2659 2865
f 2843 2728 2704
f 2733 1474 2737
f 1508 1531 1528
f 2859 1554 2847
f 1554 1572 1566
f 1587 2872 2827
f 1631 2873 2860
f 1680 1719 1691
f 2854 1752 1749
f 2874 2832 2866
f 1831 1863 1862
f 2875 1900 2861
f 1900 2876 2867
f 2877 1935 2868
f 2024 2082 2026
f 2082 2102 2869
f 2102 2835 2786
f 2159 2788 2870
f 2788 2211 2208
f 2224 2263 2248
f 2878 2314 2863
f 2328 2374 2332
f 2396 2852 2804
f 2434 2472 2435
f 2498 2532 2525
f 2534 2579 2812
f 2579 2817 2601
f 2605 2879 2864
f 2871 2667 2659
f 2843 2733 2728
f 2733 2758 1474
f 1508 2880 1531
f 1554 1576 1572
f 1587 2881 2872
f 1631 2882 2873
f 2883 1719 1680
f 2854 1755 1752
f 2884 2832 2874
f 1821 1863 1831
f 2885 1900 2875
f 1900 2886 2876
f 2877 1959 1935
f 2011 2082 2024
f 2102 2152 2835
f 2159 2211 2788
f 2222 2263 2224
f 2278 2314 2878
f 2320 2374 2328
f 2392 2852 2396
f 2428 2472 2434
f 2488 2532 2498
f 2532 2579 2534
f 2605 2631 2879
f 2887 2667 2871
f 2843 2758 2733
f 1508 2859 2880
f 1587 2888 2881
f 1631 2889 2882
f 2890 1719 2883
f 2884 1818 2832
f 1819 1863 1821
f 2885 2886 1900
f 2891 1959 2877
f 2778 2082 2011
f 2157 2211 2159
f 2217 2263 2222
f 2268 2314 2278
f 2320 2892 2374
f 2386 2852 2392
f 2427 2472 2428
f 2840 2532 2488
f 2532 2817 2579
f 2605 2634 2631
f 2893 2667 2887
f 2843 2845 2758
f 1508 1554 2859
f 1587 2894 2888
f 1631 2890 2889
f 2890 1721 1719
f 2884 1819 1818
f 1819 1865 1863
f 2895 2886 2885
f 2891 1963 1959
f 2778 2102 2082
f 2155 2211 2157
f 2836 2263 2217
f 2263 2314 2268
f 2320 2800 2892
f 2386 2896 2852
f 2427 2478 2472
f 2840 2817 2532
f 2605 2821 2634
f 2897 2667 2893
f 2898 2845 2843
f 1502 1554 1508
f 1587 2828 2894
f 1631 1721 2890
f 2899 1819 2884
f 1819 2773 1865
f 2775 2886 2895
f 2891 1967 1963
f 2778 2152 2102
f 2152 2211 2155
f 2214 2263 2836
f 2263 2316 2314
f 2320 2380 2800
f 2427 2481 2478
f 2840 2900 2817
f 2646 2667 2897
f 2823 2845 2898
f 2901 1554 1502
f 1587 1624 2828
f 2902 1721 1631
f 2899 2773 1819
f 1871 2886 2775
f 2891 1973 1967
f 2152 2214 2211
f 2214 2316 2263
f 2320 2802 2380
f 2427 2483 2481
f 2483 2900 2840
f 2821 2667 2646
f 2688 2845 2823
f 1587 1626 1624
f 1629 1721 2902
f 2903 2773 2899
f 2774 2886 1871
f 2778 2214 2152
f 2214 2318 2316
f 2320 2904 2802
f 2427 2900 2483
f 2605 2667 2821
f 2683 2845 2688
f 1626 1721 1629
f 1790 2773 2903
f 2773 2886 2774
f 2778 2318 2214
f 2320 2386 2904
f 2839 2900 2427
f 2604 2667 2605
f 2905 2845 2683
f 1587 1721 1626
f 1786 2773 1790
f 2773 2906 2886
f 1994 2318 2778
f 2320 2896 2386
f 2839 2907 2900
f 2907 2667 2604
f 2908 2845 2905
f 1579 1721 1587
f 1779 2773 1786
f 1989 2318 1994
f 2318 2896 2320
f 2907 2679 2667
f 2908 1482 2845
f 1576 1721 1579
f 1777 2773 1779
f 1987 2318 1989
f 2907 2681 2679
f 2908 1486 1482
f 1576 2909 1721
f 1777 2906 2773
f 1977 2318 1987
f 2907 2908 2681
f 1576 2910 2909
f 1775 2906 1777
f 1973 2318 1977
f 2907 1486 2908
f 1576 2911 2910
f 1774 2906 1775
f 2839 1486 2907
f 1576 2854 2911
f 1772 2906 1774
f 2839 1488 1486
f 1576 1755 2854
f 1771 2906 1772
f 2839 1500 1488
f 1576 1757 1755
f 1771 2891 2906
f 2839 2901 1500
f 1576 1761 1757
f 1771 1973 2891
f 2808 2901 2839
f 1576 2766 1761
f 2912 1973 1771
f 2913 2901 2808
f 1576 2767 2766
f 2914 1973 2912
f 2915 2901 2913
f 1554 2767 1576
f 2916 1973 2914
f 2896 2901 2915
f 1554 2917 2767
f 2918 1973 2916
f 2318 2901 2896
f 1554 2919 2917
f 2920 1973 2918
f 2318 1554 2901
f 1554 2921 2919
f 2922 1973 2920
f 1973 1554 2318
f 1554 2923 2921
f 2924 1973 2922
f 1554 2925 2923
f 2926 1973 2924
f 1973 2925 1554
f 2927 1973 2926
f 1973 2928 2925
f 2929 1973 2927
f 1973 1768 2928
f 2930 1973 2929
f 1973 2768 1768
f 2768 1973 2930
f 495 1959 496
f 496 1959 1961
f 496 1961 494
f 494 1961 1960
f 494 1960 498
f 498 1960 1962
f 498 1962 499
f 499 1962 1964
f 499 1964 497
f 497 1964 1963
f 497 1963 501
f 501 1963 1966
f 501 1966 500
f 500 1966 1965
f 500 1965 503
f 503 1965 1967
f 503 1967 504
f 504 1967 1969
f 504 1969 502
f 502 1969 1968
f 502 1968 506
f 506 1968 1970
f 506 1970 507
f 507 1970 1972
f 507 1972 505
f 505 1972 1971
f 505 1971 1311
f 1311 1971 2776
f 1311 2776 509
f 509 2776 1973
f 509 1973 510
f 510 1973 1975
f 510 1975 508
f 508 1975 1974
f 508 1974 512
f 512 1974 1976
f 512 1976 513
f 513 1976 1978
f 513 1978 511
f 511 1978 1977
f 511 1977 515
f 515 1977 1979
f 515 1979 516
f 516 1979 1981
f 516 1981 514
f 514 1981 1980
f 514 1980 518
f 518 1980 1982
f 518 1982 519
f 519 1982 1984
f 519 1984 517
f 517 1984 1983
f 517 1983 521
f 521 1983 1986
f 521 1986 520
f 520 1986 1985
f 520 1985 523
f 523 1985 1988
f 523 1988 522
f 522 1988 1987
f 522 1987 525
f 525 1987 1989
f 525 1989 526
f 526 1989 1991
f 526 1991 524
f 524 1991 1990
f 524 1990 528
f 528 1990 1993
f 528 1993 527
f 527 1993 1992
f 527 1992 1312
f 1312 1992 2777
f 1312 2777 530
f 530 2777 1994
f 530 1994 531
f 531 1994 1996
f 531 1996 529
f 529 1996 1995
f 529 1995 533
f 533 1995 1998
f 533 1998 532
f 532 1998 1997
f 532 1997 1313
f 1313 1997 2778
f 1313 2778 535
f 535 2778 1999
f 535 1999 536
f 536 1999 2001
f 536 2001 534
f 534 2001 2000
f 534 2000 1314
f 1314 2000 2779
f 1314 2779 538
f 538 2779 2002
f 538 2002 539
f 539 2002 2004
f 539 2004 537
f 537 2004 2003
f 537 2003 1315
f 1315 2003 2780
f 1315 2780 541
f 541 2780 2005
f 541 2005 542
f 542 2005 2007
f 542 2007 540
f 540 2007 2006
f 540 2006 544
f 544 2006 2008
f 544 2008 545
f 545 2008 2010
f 545 2010 543
f 543 2010 2009
f 543 2009 1316
f 1316 2009 2781
f 1316 2781 547
f 547 2781 2011
f 547 2011 548
f 548 2011 2013
f 548 2013 546
f 546 2013 2012
f 546 2012 550
f 550 2012 2015
f 550 2015 549
f 549 2015 2014
f 549 2014 552
f 552 2014 2016
f 552 2016 553
f 553 2016 2018
f 553 2018 551
f 551 2018 2017
f 551 2017 555
f 555 2017 2019
f 555 2019 556
f 556 2019 2021
f 556 2021 554
f 554 2021 2020
f 554 2020 558
f 558 2020 2023
f 558 2023 557
f 557 2023 2022
f 557 2022 560
f 560 2022 2025
f 560 2025 559
f 559 2025 2024
f 559 2024 562
f 562 2024 2026
f 562 2026 563
f 563 2026 2028
f 563 2028 561
f 561 2028 2027
f 561 2027 565
f 565 2027 2030
f 565 2030 564
f 564 2030 2029
f 564 2029 567
f 567 2029 2032
f 567 2032 566
f 566 2032 2031
f 566 2031 569
f 569 2031 2034
f 569 2034 568
f 568 2034 2033
f 568 2033 571
f 571 2033 2036
f 571 2036 570
f 570 2036 2035
f 570 2035 573
f 573 2035 2038
f 573 2038 572
f 572 2038 2037
f 572 2037 575
f 575 2037 2040
f 575 2040 574
f 574 2040 2039
f 574 2039 577
f 577 2039 2041
f 577 2041 578
f 578 2041 2043
f 578 2043 576
f 576 2043 2042
f 576 2042 580
f 580 2042 2044
f 580 2044 581
f 581 2044 2046
f 581 2046 579
f 579 2046 2045
f 579 2045 583
f 583 2045 2048
f 583 2048 582
f 582 2048 2047
f 582 2047 585
f 585 2047 2049
f 585 2049 586
f 586 2049 2051
f 586 2051 584
f 584 2051 2050
f 584 2050 588
f 588 2050 2052
f 588 2052 589
f 589 2052 2054
f 589 2054 587
f 587 2054 2053
f 587 2053 591
f 591 2053 2055
f 591 2055 592
f 592 2055 2057
f 592 2057 590
f 590 2057 2056
f 590 2056 594
f 594 2056 2059
f 594 2059 593
f 593 2059 2058
f 593 2058 596
f 596 2058 2060
f 596 2060 597
f 597 2060 2062
f 597 2062 595
f 595 2062 2061
f 595 2061 599
f 599 2061 2064
f 599 2064 598
f 598 2064 2063
f 598 2063 601
f 601 2063 2066
f 601 2066 600
f 600 2066 2065
f 600 2065 603
f 603 2065 2068
f 603 2068 602
f 602 2068 2067
f 602 2067 605
f 605 2067 2070
f 605 2070 604
f 604 2070 2069
f 604 2069 607
f 607 2069 2072
f 607 2072 606
f 606 2072 2071
f 606 2071 609
f 609 2071 2074
f 609 2074 608
f 608 2074 2073
f 608 2073 611
f 611 2073 2076
f 611 2076 610
f 610 2076 2075
f 610 2075 613
f 613 2075 2078
f 613 2078 612
f 612 2078 2077
f 612 2077 615
f 615 2077 2080
f 615 2080 614
f 614 2080 2079
f 614 2079 617
f 617 2079 2081
f 617 2081 618
f 618 2081 2083
f 618 2083 616
f 616 2083 2082
f 616 2082 620
f 620 2082 2085
f 620 2085 619
f 619 2085 2084
f 619 2084 622
f 622 2084 2087
f 622 2087 621
f 621 2087 2086
f 621 2086 1317
f 1317 2086 2782
f 1317 2782 624
f 624 2782 2088
f 624 2088 625
f 625 2088 2090
f 625 2090 623
f 623 2090 2089
f 623 2089 627
f 627 2089 2091
f 627 2091 628
f 628 2091 2093
f 628 2093 626
f 626 2093 2092
f 626 2092 630
f 630 2092 2094
f 630 2094 631
f 631 2094 2096
f 631 2096 629
f 629 2096 2095
f 629 2095 633
f 633 2095 2098
f 633 2098 632
f 632 2098 2097
f 632 2097 635
f 635 2097 2099
f 635 2099 636
f 636 2099 2101
f 636 2101 634
f 634 2101 2100
f 634 2100 1318
f 1318 2100 2783
f 1318 2783 1404
f 1404 2783 2869
f 1404 2869 638
f 638 2869 2102
f 638 2102 639
f 639 2102 2104
f 639 2104 637
f 637 2104 2103
f 637 2103 1319
f 1319 2103 2784
f 1319 2784 641
f 641 2784 2105
f 641 2105 642
f 642 2105 2107
f 642 2107 640
f 640 2107 2106
f 640 2106 644
f 644 2106 2109
f 644 2109 643
f 643 2109 2108
f 643 2108 646
f 646 2108 2110
f 646 2110 647
f 647 2110 2112
f 647 2112 645
f 645 2112 2111
f 645 2111 649
f 649 2111 2113
f 649 2113 650
f 650 2113 2115
f 650 2115 648
f 648 2115 2114
f 648 2114 1320
f 1320 2114 2785
f 1320 2785 652
f 652 2785 2116
f 652 2116 653
f 653 2116 2118
f 653 2118 651
f 651 2118 2117
f 651 2117 655
f 655 2117 2120
f 655 2120 654
f 654 2120 2119
f 654 2119 657
f 657 2119 2121
f 657 2121 658
f 658 2121 2123
f 658 2123 656
f 656 2123 2122
f 656 2122 660
f 660 2122 2125
f 660 2125 659
f 659 2125 2124
f 659 2124 662
f 662 2124 2127
f 662 2127 661
f 661 2127 2126
f 661 2126 664
f 664 2126 2128
f 664 2128 665
f 665 2128 2130
f 665 2130 663
f 663 2130 2129
f 663 2129 667
f 667 2129 2131
f 667 2131 668
f 668 2131 2133
f 668 2133 666
f 666 2133 2132
f 666 2132 670
f 670 2132 2135
f 670 2135 669
f 669 2135 2134
f 669 2134 672
f 672 2134 2137
f 672 2137 671
f 671 2137 2136
f 671 2136 674
f 674 2136 2138
f 674 2138 675
f 675 2138 2140
f 675 2140 673
f 673 2140 2139
f 673 2139 677
f 677 2139 2141
f 677 2141 678
f 678 2141 2143
f 678 2143 676
f 676 2143 2142
f 676 2142 1321
f 1321 2142 2786
f 1321 2786 680
f 680 2786 2144
f 680 2144 681
f 681 2144 2146
f 681 2146 679
f 679 2146 2145
f 679 2145 683
f 683 2145 2148
f 683 2148 682
f 682 2148 2147
f 682 2147 1322
f 1322 2147 2787
f 1322 2787 1370
f 1370 2787 2835
f 1370 2835 685
f 685 2835 2149
f 685 2149 686
f 686 2149 2151
f 686 2151 684
f 684 2151 2150
f 684 2150 688
f 688 2150 2152
f 688 2152 689
f 689 2152 2154
f 689 2154 687
f 687 2154 2153
f 687 2153 691
f 691 2153 2156
f 691 2156 690
f 690 2156 2155
f 690 2155 693
f 693 2155 2158
f 693 2158 692
f 692 2158 2157
f 692 2157 695
f 695 2157 2160
f 695 2160 694
f 694 2160 2159
f 694 2159 1405
f 1405 2159 2870
f 1405 2870 697
f 697 2870 2161
f 697 2161 698
f 698 2161 2163
f 698 2163 696
f 696 2163 2162
f 696 2162 700
f 700 2162 2164
f 700 2164 701
f 701 2164 2166
f 701 2166 699
f 699 2166 2165
f 699 2165 703
f 703 2165 2167
f 703 2167 704
f 704 2167 2169
f 704 2169 702
f 702 2169 2168
f 702 2168 706
f 706 2168 2170
f 706 2170 707
f 707 2170 2172
f 707 2172 705
f 705 2172 2171
f 705 2171 709
f 709 2171 2174
f 709 2174 708
f 708 2174 2173
f 708 2173 711
f 711 2173 2176
f 711 2176 710
f 710 2176 2175
f 710 2175 713
f 713 2175 2177
f 713 2177 714
f 714 2177 2179
f 714 2179 712
f 712 2179 2178
f 712 2178 1323
f 1323 2178 2788
f 1323 2788 716
f 716 2788 2180
f 716 2180 717
f 717 2180 2182
f 717 2182 715
f 715 2182 2181
f 715 2181 1324
f 1324 2181 2789
f 1324 2789 719
f 719 2789 2183
f 719 2183 720
f 720 2183 2185
f 720 2185 718
f 718 2185 2184
f 718 2184 722
f 722 2184 2186
f 722 2186 723
f 723 2186 2188
f 723 2188 721
f 721 2188 2187
f 721 2187 725
f 725 2187 2190
f 725 2190 724
f 724 2190 2189
f 724 2189 727
f 727 2189 2192
f 727 2192 726
f 726 2192 2191
f 726 2191 1325
f 1325 2191 2790
f 1325 2790 729
f 729 2790 2193
f 729 2193 730
f 730 2193 2195
f 730 2195 728
f 728 2195 2194
f 728 2194 732
f 732 2194 2196
f 732 2196 733
f 733 2196 2198
f 733 2198 731
f 731 2198 2197
f 731 2197 735
f 735 2197 2199
f 735 2199 736
f 736 2199 2201
f 736 2201 734
f 734 2201 2200
f 734 2200 738
f 738 2200 2203
f 738 2203 737
f 737 2203 2202
f 737 2202 740
f 740 2202 2204
f 740 2204 741
f 741 2204 2206
f 741 2206 739
f 739 2206 2205
f 739 2205 1326
f 1326 2205 2791
f 1326 2791 743
f 743 2791 2207
f 743 2207 744
f 744 2207 2209
f 744 2209 742
f 742 2209 2208
f 742 2208 746
f 746 2208 2210
f 746 2210 747
f 747 2210 2212
f 747 2212 745
f 745 2212 2211
f 745 2211 749
f 749 2211 2213
f 749 2213 750
f 750 2213 2215
f 750 2215 748
f 748 2215 2214
f 748 2214 1371
f 1371 2214 2836
f 1371 2836 1327
f 1327 2836 2792
f 1327 2792 752
f 752 2792 2216
f 752 2216 753
f 753 2216 2218
f 753 2218 751
f 751 2218 2217
f 751 2217 755
f 755 2217 2219
f 755 2219 756
f 756 2219 2221
f 756 2221 754
f 754 2221 2220
f 754 2220 758
f 758 2220 2223
f 758 2223 757
f 757 2223 2222
f 757 2222 760
f 760 2222 2224
f 760 2224 761
f 761 2224 2226
f 761 2226 759
f 759 2226 2225
f 759 2225 763
f 763 2225 2228
f 763 2228 762
f 762 2228 2227
f 762 2227 1328
f 1328 2227 2793
f 1328 2793 765
f 765 2793 2229
f 765 2229 766
f 766 2229 2231
f 766 2231 764
f 764 2231 2230
f 764 2230 768
f 768 2230 2233
f 768 2233 767
f 767 2233 2232
f 767 2232 770
f 770 2232 2235
f 770 2235 769
f 769 2235 2234
f 769 2234 772
f 772 2234 2237
f 772 2237 771
f 771 2237 2236
f 771 2236 1329
f 1329 2236 2794
f 1329 2794 774
f 774 2794 2238
f 774 2238 775
f 775 2238 2240
f 775 2240 773
f 773 2240 2239
f 773 2239 777
f 777 2239 2241
f 777 2241 778
f 778 2241 2243
f 778 2243 776
f 776 2243 2242
f 776 2242 780
f 780 2242 2244
f 780 2244 781
f 781 2244 2246
f 781 2246 779
f 779 2246 2245
f 779 2245 1330
f 1330 2245 2795
f 1330 2795 783
f 783 2795 2247
f 783 2247 784
f 784 2247 2249
f 784 2249 782
f 782 2249 2248
f 782 2248 786
f 786 2248 2251
f 786 2251 785
f 785 2251 2250
f 785 2250 788
f 788 2250 2252
f 788 2252 789
f 789 2252 2254
f 789 2254 787
f 787 2254 2253
f 787 2253 791
f 791 2253 2255
f 791 2255 792
f 792 2255 2257
f 792 2257 790
f 790 2257 2256
f 790 2256 794
f 794 2256 2259
f 794 2259 793
f 793 2259 2258
f 793 2258 796
f 796 2258 2260
f 796 2260 797
f 797 2260 2262
f 797 2262 795
f 795 2262 2261
f 795 2261 799
f 799 2261 2263
f 799 2263 800
f 800 2263 2265
f 800 2265 798
f 798 2265 2264
f 798 2264 802
f 802 2264 2267
f 802 2267 801
f 801 2267 2266
f 801 2266 804
f 804 2266 2269
f 804 2269 803
f 803 2269 2268
f 803 2268 806
f 806 2268 2271
f 806 2271 805
f 805 2271 2270
f 805 2270 808
f 808 2270 2273
f 808 2273 807
f 807 2273 2272
f 807 2272 810
f 810 2272 2275
f 810 2275 809
f 809 2275 2274
f 809 2274 812
f 812 2274 2277
f 812 2277 811
f 811 2277 2276
f 811 2276 814
f 814 2276 2279
f 814 2279 813
f 813 2279 2278
f 813 2278 1413
f 1413 2278 2878
f 1413 2878 1398
f 1398 2878 2863
f 1398 2863 816
f 816 2863 2280
f 816 2280 817
f 817 2280 2282
f 817 2282 815
f 815 2282 2281
f 815 2281 1331
f 1331 2281 2796
f 1331 2796 819
f 819 2796 2283
f 819 2283 820
f 820 2283 2285
f 820 2285 818
f 818 2285 2284
f 818 2284 822
f 822 2284 2286
f 822 2286 823
f 823 2286 2288
f 823 2288 821
f 821 2288 2287
f 821 2287 825
f 825 2287 2289
f 825 2289 826
f 826 2289 2291
f 826 2291 824
f 824 2291 2290
f 824 2290 1332
f 1332 2290 2797
f 1332 2797 828
f 828 2797 2292
f 828 2292 829
f 829 2292 2294
f 829 2294 827
f 827 2294 2293
f 827 2293 831
f 831 2293 2296
f 831 2296 830
f 830 2296 2295
f 830 2295 833
f 833 2295 2298
f 833 2298 832
f 832 2298 2297
f 832 2297 835
f 835 2297 2300
f 835 2300 834
f 834 2300 2299
f 834 2299 837
f 837 2299 2302
f 837 2302 836
f 836 2302 2301
f 836 2301 839
f 839 2301 2303
f 839 2303 840
f 840 2303 2305
f 840 2305 838
f 838 2305 2304
f 838 2304 842
f 842 2304 2307
f 842 2307 841
f 841 2307 2306
f 841 2306 844
f 844 2306 2309
f 844 2309 843
f 843 2309 2308
f 843 2308 846
f 846 2308 2310
f 846 2310 847
f 847 2310 2312
f 847 2312 845
f 845 2312 2311
f 845 2311 849
f 849 2311 2313
f 849 2313 850
f 850 2313 2315
f 850 2315 848
f 848 2315 2314
f 848 2314 852
f 852 2314 2317
f 852 2317 851
f 851 2317 2316
f 851 2316 854
f 854 2316 2319
f 854 2319 853
f 853 2319 2318
f 853 2318 856
f 856 2318 2320
f 856 2320 857
f 857 2320 2322
f 857 2322 855
f 855 2322 2321
f 855 2321 859
f 859 2321 2323
f 859 2323 860
f 860 2323 2325
f 860 2325 858
f 858 2325 2324
f 858 2324 862
f 862 2324 2327
f 862 2327 861
f 861 2327 2326
f 861 2326 1333
f 1333 2326 2798
f 1333 2798 864
f 864 2798 2328
f 864 2328 865
f 865 2328 2330
f 865 2330 863
f 863 2330 2329
f 863 2329 867
f 867 2329 2331
f 867 2331 868
f 868 2331 2333
f 868 2333 866
f 866 2333 2332
f 866 2332 870
f 870 2332 2334
f 870 2334 871
f 871 2334 2336
f 871 2336 869
f 869 2336 2335
f 869 2335 873
f 873 2335 2338
f 873 2338 872
f 872 2338 2337
f 872 2337 875
f 875 2337 2340
f 875 2340 874
f 874 2340 2339
f 874 2339 877
f 877 2339 2342
f 877 2342 876
f 876 2342 2341
f 876 2341 1334
f 1334 2341 2799
f 1334 2799 879
f 879 2799 2343
f 879 2343 880
f 880 2343 2345
f 880 2345 878
f 878 2345 2344
f 878 2344 882
f 882 2344 2347
f 882 2347 881
f 881 2347 2346
f 881 2346 884
f 884 2346 2349
f 884 2349 883
f 883 2349 2348
f 883 2348 886
f 886 2348 2351
f 886 2351 885
f 885 2351 2350
f 885 2350 888
f 888 2350 2352
f 888 2352 889
f 889 2352 2354
f 889 2354 887
f 887 2354 2353
f 887 2353 891
f 891 2353 2356
f 891 2356 890
f 890 2356 2355
f 890 2355 893
f 893 2355 2358
f 893 2358 892
f 892 2358 2357
f 892 2357 895
f 895 2357 2359
f 895 2359 896
f 896 2359 2361
f 896 2361 894
f 894 2361 2360
f 894 2360 898
f 898 2360 2363
f 898 2363 897
f 897 2363 2362
f 897 2362 900
f 900 2362 2365
f 900 2365 899
f 899 2365 2364
f 899 2364 902
f 902 2364 2366
f 902 2366 903
f 903 2366 2368
f 903 2368 901
f 901 2368 2367
f 901 2367 905
f 905 2367 2370
f 905 2370 904
f 904 2370 2369
f 904 2369 907
f 907 2369 2371
f 907 2371 908
f 908 2371 2373
f 908 2373 906
f 906 2373 2372
f 906 2372 910
f 910 2372 2375
f 910 2375 909
f 909 2375 2374
f 909 2374 1427
f 1427 2374 2892
f 1427 2892 1335
f 1335 2892 2800
f 1335 2800 912
f 912 2800 2376
f 912 2376 913
f 913 2376 2378
f 913 2378 911
f 911 2378 2377
f 911 2377 1336
f 1336 2377 2801
f 1336 2801 915
f 915 2801 2379
f 915 2379 916
f 916 2379 2381
f 916 2381 914
f 914 2381 2380
f 914 2380 918
f 918 2380 2383
f 918 2383 917
f 917 2383 2382
f 917 2382 920
f 920 2382 2385
f 920 2385 919
f 919 2385 2384
f 919 2384 1337
f 1337 2384 2802
f 1337 2802 1439
f 1439 2802 2904
f 1439 2904 922
f 922 2904 2386
f 922 2386 923
f 923 2386 2388
f 923 2388 921
f 921 2388 2387
f 921 2387 925
f 925 2387 2390
f 925 2390 924
f 924 2390 2389
f 924 2389 1338
f 1338 2389 2803
f 1338 2803 927
f 927 2803 2391
f 927 2391 928
f 928 2391 2393
f 928 2393 926
f 926 2393 2392
f 926 2392 930
f 930 2392 2395
f 930 2395 929
f 929 2395 2394
f 929 2394 932
f 932 2394 2397
f 932 2397 931
f 931 2397 2396
f 931 2396 934
f 934 2396 2399
f 934 2399 933
f 933 2399 2398
f 933 2398 1339
f 1339 2398 2804
f 1339 2804 936
f 936 2804 2400
f 936 2400 937
f 937 2400 2402
f 937 2402 935
f 935 2402 2401
f 935 2401 1340
f 1340 2401 2805
f 1340 2805 939
f 939 2805 2403
f 939 2403 940
f 940 2403 2405
f 940 2405 938
f 938 2405 2404
f 938 2404 942
f 942 2404 2406
f 942 2406 943
f 943 2406 2408
f 943 2408 941
f 941 2408 2407
f 941 2407 945
f 945 2407 2409
f 945 2409 946
f 946 2409 2411
f 946 2411 944
f 944 2411 2410
f 944 2410 1341
f 1341 2410 2806
f 1341 2806 1372
f 1372 2806 2837
f 1372 2837 948
f 948 2837 2412
f 948 2412 949
f 949 2412 2414
f 949 2414 947
f 947 2414 2413
f 947 2413 951
f 951 2413 2416
f 951 2416 950
f 950 2416 2415
f 950 2415 953
f 953 2415 2418
f 953 2418 952
f 952 2418 2417
f 952 2417 955
f 955 2417 2419
f 955 2419 956
f 956 2419 2421
f 956 2421 954
f 954 2421 2420
f 954 2420 958
f 958 2420 2423
f 958 2423 957
f 957 2423 2422
f 957 2422 1342
f 1342 2422 2807
f 1342 2807 1373
f 1373 2807 2838
f 1373 2838 1387
f 1387 2838 2852
f 1387 2852 1431
f 1431 2852 2896
f 1431 2896 1450
f 1450 2896 2915
f 1450 2915 1448
f 1448 2915 2913
f 1448 2913 1343
f 1343 2913 2808
f 1343 2808 960
f 960 2808 2424
f 960 2424 961
f 961 2424 2426
f 961 2426 959
f 959 2426 2425
f 959 2425 1374
f 1374 2425 2839
f 1374 2839 963
f 963 2839 2427
f 963 2427 964
f 964 2427 2429
f 964 2429 962
f 962 2429 2428
f 962 2428 966
f 966 2428 2431
f 966 2431 965
f 965 2431 2430
f 965 2430 968
f 968 2430 2433
f 968 2433 967
f 967 2433 2432
f 967 2432 970
f 970 2432 2434
f 970 2434 971
f 971 2434 2436
f 971 2436 969
f 969 2436 2435
f 969 2435 973
f 973 2435 2438
f 973 2438 972
f 972 2438 2437
f 972 2437 975
f 975 2437 2439
f 975 2439 976
f 976 2439 2441
f 976 2441 974
f 974 2441 2440
f 974 2440 1344
f 1344 2440 2809
f 1344 2809 978
f 978 2809 2442
f 978 2442 979
f 979 2442 2444
f 979 2444 977
f 977 2444 2443
f 977 2443 981
f 981 2443 2446
f 981 2446 980
f 980 2446 2445
f 980 2445 983
f 983 2445 2448
f 983 2448 982
f 982 2448 2447
f 982 2447 985
f 985 2447 2450
f 985 2450 984
f 984 2450 2449
f 984 2449 987
f 987 2449 2452
f 987 2452 986
f 986 2452 2451
f 986 2451 989
f 989 2451 2453
f 989 2453 990
f 990 2453 2455
f 990 2455 988
f 988 2455 2454
f 988 2454 1345
f 1345 2454 2810
f 1345 2810 992
f 992 2810 2456
f 992 2456 993
f 993 2456 2458
f 993 2458 991
f 991 2458 2457
f 991 2457 995
f 995 2457 2460
f 995 2460 994
f 994 2460 2459
f 994 2459 997
f 997 2459 2461
f 997 2461 998
f 998 2461 2463
f 998 2463 996
f 996 2463 2462
f 996 2462 1000
f 1000 2462 2465
f 1000 2465 999
f 999 2465 2464
f 999 2464 1002
f 1002 2464 2466
f 1002 2466 1003
f 1003 2466 2468
f 1003 2468 1001
f 1001 2468 2467
f 1001 2467 1005
f 1005 2467 2470
f 1005 2470 1004
f 1004 2470 2469
f 1004 2469 1007
f 1007 2469 2471
f 1007 2471 1008
f 1008 2471 2473
f 1008 2473 1006
f 1006 2473 2472
f 1006 2472 1010
f 1010 2472 2475
f 1010 2475 1009
f 1009 2475 2474
f 1009 2474 1012
f 1012 2474 2477
f 1012 2477 1011
f 1011 2477 2476
f 1011 2476 1014
f 1014 2476 2478
f 1014 2478 1015
f 1015 2478 2480
f 1015 2480 1013
f 1013 2480 2479
f 1013 2479 1017
f 1017 2479 2482
f 1017 2482 1016
f 1016 2482 2481
f 1016 2481 1019
f 1019 2481 2484
f 1019 2484 1018
f 1018 2484 2483
f 1018 2483 1375
f 1375 2483 2840
f 1375 2840 1346
f 1346 2840 2811
f 1346 2811 1021
f 1021 2811 2485
f 1021 2485 1022
f 1022 2485 2487
f 1022 2487 1020
f 1020 2487 2486
f 1020 2486 1024
f 1024 2486 2488
f 1024 2488 1025
f 1025 2488 2490
f 1025 2490 1023
f 1023 2490 2489
f 1023 2489 1027
f 1027 2489 2491
f 1027 2491 1028
f 1028 2491 2493
f 1028 2493 1026
f 1026 2493 2492
f 1026 2492 1030
f 1030 2492 2494
f 1030 2494 1031
f 1031 2494 2496
f 1031 2496 1029
f 1029 2496 2495
f 1029 2495 1033
f 1033 2495 2497
f 1033 2497 1034
f 1034 2497 2499
f 1034 2499 1032
f 1032 2499 2498
f 1032 2498 1036
f 1036 2498 2501
f 1036 2501 1035
f 1035 2501 2500
f 1035 2500 1038
f 1038 2500 2502
f 1038 2502 1039
f 1039 2502 2504
f 1039 2504 1037
f 1037 2504 2503
f 1037 2503 1041
f 1041 2503 2505
f 1041 2505 1042
f 1042 2505 2507
f 1042 2507 1040
f 1040 2507 2506
f 1040 2506 1044
f 1044 2506 2509
f 1044 2509 1043
f 1043 2509 2508
f 1043 2508 1376
f 1376 2508 2841
f 1376 2841 1046
f 1046 2841 2510
f 1046 2510 1047
f 1047 2510 2512
f 1047 2512 1045
f 1045 2512 2511
f 1045 2511 1049
f 1049 2511 2514
f 1049 2514 1048
f 1048 2514 2513
f 1048 2513 1051
f 1051 2513 2516
f 1051 2516 1050
f 1050 2516 2515
f 1050 2515 1053
f 1053 2515 2517
f 1053 2517 1054
f 1054 2517 2519
f 1054 2519 1052
f 1052 2519 2518
f 1052 2518 1056
f 1056 2518 2521
f 1056 2521 1055
f 1055 2521 2520
f 1055 2520 1058
f 1058 2520 2523
f 1058 2523 1057
f 1057 2523 2522
f 1057 2522 1060
f 1060 2522 2524
f 1060 2524 1061
f 1061 2524 2526
f 1061 2526 1059
f 1059 2526 2525
f 1059 2525 1063
f 1063 2525 2527
f 1063 2527 1064
f 1064 2527 2529
f 1064 2529 1062
f 1062 2529 2528
f 1062 2528 1066
f 1066 2528 2531
f 1066 2531 1065
f 1065 2531 2530
f 1065 2530 1068
f 1068 2530 2533
f 1068 2533 1067
f 1067 2533 2532
f 1067 2532 1070
f 1070 2532 2534
f 1070 2534 1071
f 1071 2534 2536
f 1071 2536 1069
f 1069 2536 2535
f 1069 2535 1073
f 1073 2535 2537
f 1073 2537 1074
f 1074 2537 2539
f 1074 2539 1072
f 1072 2539 2538
f 1072 2538 1076
f 1076 2538 2541
f 1076 2541 1075
f 1075 2541 2540
f 1075 2540 1347
f 1347 2540 2812
f 1347 2812 1078
f 1078 2812 2542
f 1078 2542 1079
f 1079 2542 2544
f 1079 2544 1077
f 1077 2544 2543
f 1077 2543 1081
f 1081 2543 2545
f 1081 2545 1082
f 1082 2545 2547
f 1082 2547 1080
f 1080 2547 2546
f 1080 2546 1084
f 1084 2546 2548
f 1084 2548 1085
f 1085 2548 2550
f 1085 2550 1083
f 1083 2550 2549
f 1083 2549 1348
f 1348 2549 2813
f 1348 2813 1087
f 1087 2813 2551
f 1087 2551 1088
f 1088 2551 2553
f 1088 2553 1086
f 1086 2553 2552
f 1086 2552 1090
f 1090 2552 2554
f 1090 2554 1091
f 1091 2554 2556
f 1091 2556 1089
f 1089 2556 2555
f 1089 2555 1349
f 1349 2555 2814
f 1349 2814 1093
f 1093 2814 2557
f 1093 2557 1094
f 1094 2557 2559
f 1094 2559 1092
f 1092 2559 2558
f 1092 2558 1096
f 1096 2558 2560
f 1096 2560 1097
f 1097 2560 2562
f 1097 2562 1095
f 1095 2562 2561
f 1095 2561 1099
f 1099 2561 2564
f 1099 2564 1098
f 1098 2564 2563
f 1098 2563 1101
f 1101 2563 2566
f 1101 2566 1100
f 1100 2566 2565
f 1100 2565 1103
f 1103 2565 2567
f 1103 2567 1104
f 1104 2567 2569
f 1104 2569 1102
f 1102 2569 2568
f 1102 2568 1350
f 1350 2568 2815
f 1350 2815 1106
f 1106 2815 2570
f 1106 2570 1107
f 1107 2570 2572
f 1107 2572 1105
f 1105 2572 2571
f 1105 2571 1109
f 1109 2571 2574
f 1109 2574 1108
f 1108 2574 2573
f 1108 2573 1111
f 1111 2573 2576
f 1111 2576 1110
f 1110 2576 2575
f 1110 2575 1113
f 1113 2575 2578
f 1113 2578 1112
f 1112 2578 2577
f 1112 2577 1115
f 1115 2577 2580
f 1115 2580 1114
f 1114 2580 2579
f 1114 2579 1117
f 1117 2579 2581
f 1117 2581 1118
f 1118 2581 2583
f 1118 2583 1116
f 1116 2583 2582
f 1116 2582 1120
f 1120 2582 2584
f 1120 2584 1121
f 1121 2584 2586
f 1121 2586 1119
f 1119 2586 2585
f 1119 2585 1351
f 1351 2585 2816
f 1351 2816 1123
f 1123 2816 2587
f 1123 2587 1124
f 1124 2587 2589
f 1124 2589 1122
f 1122 2589 2588
f 1122 2588 1126
f 1126 2588 2590
f 1126 2590 1127
f 1127 2590 2592
f 1127 2592 1125
f 1125 2592 2591
f 1125 2591 1129
f 1129 2591 2593
f 1129 2593 1130
f 1130 2593 2595
f 1130 2595 1128
f 1128 2595 2594
f 1128 2594 1132
f 1132 2594 2597
f 1132 2597 1131
f 1131 2597 2596
f 1131 2596 1134
f 1134 2596 2598
f 1134 2598 1135
f 1135 2598 2600
f 1135 2600 1133
f 1133 2600 2599
f 1133 2599 1137
f 1137 2599 2601
f 1137 2601 1138
f 1138 2601 2603
f 1138 2603 1136
f 1136 2603 2602
f 1136 2602 1352
f 1352 2602 2817
f 1352 2817 1435
f 1435 2817 2900
f 1435 2900 1442
f 1442 2900 2907
f 1442 2907 1140
f 1140 2907 2604
f 1140 2604 1141
f 1141 2604 2606
f 1141 2606 1139
f 1139 2606 2605
f 1139 2605 1388
f 1388 2605 2853
f 1388 2853 1143
f 1143 2853 2607
f 1143 2607 1144
f 1144 2607 2609
f 1144 2609 1142
f 1142 2609 2608
f 1142 2608 1146
f 1146 2608 2611
f 1146 2611 1145
f 1145 2611 2610
f 1145 2610 1148
f 1148 2610 2613
f 1148 2613 1147
f 1147 2613 2612
f 1147 2612 1150
f 1150 2612 2615
f 1150 2615 1149
f 1149 2615 2614
f 1149 2614 1152
f 1152 2614 2617
f 1152 2617 1151
f 1151 2617 2616
f 1151 2616 1353
f 1353 2616 2818
f 1353 2818 1154
f 1154 2818 2618
f 1154 2618 1155
f 1155 2618 2620
f 1155 2620 1153
f 1153 2620 2619
f 1153 2619 1354
f 1354 2619 2819
f 1354 2819 1157
f 1157 2819 2621
f 1157 2621 1158
f 1158 2621 2623
f 1158 2623 1156
f 1156 2623 2622
f 1156 2622 1160
f 1160 2622 2624
f 1160 2624 1161
f 1161 2624 2626
f 1161 2626 1159
f 1159 2626 2625
f 1159 2625 1163
f 1163 2625 2628
f 1163 2628 1162
f 1162 2628 2627
f 1162 2627 1165
f 1165 2627 2630
f 1165 2630 1164
f 1164 2630 2629
f 1164 2629 1355
f 1355 2629 2820
f 1355 2820 1399
f 1399 2820 2864
f 1399 2864 1414
f 1414 2864 2879
f 1414 2879 1167
f 1167 2879 2631
f 1167 2631 1168
f 1168 2631 2633
f 1168 2633 1166
f 1166 2633 2632
f 1166 2632 1170
f 1170 2632 2634
f 1170 2634 1171
f 1171 2634 2636
f 1171 2636 1169
f 1169 2636 2635
f 1169 2635 1356
f 1356 2635 2821
f 1356 2821 1173
f 1173 2821 2637
f 1173 2637 1174
f 1174 2637 2639
f 1174 2639 1172
f 1172 2639 2638
f 1172 2638 1176
f 1176 2638 2640
f 1176 2640 1177
f 1177 2640 2642
f 1177 2642 1175
f 1175 2642 2641
f 1175 2641 1179
f 1179 2641 2644
f 1179 2644 1178
f 1178 2644 2643
f 1178 2643 1181
f 1181 2643 2645
f 1181 2645 1182
f 1182 2645 2647
f 1182 2647 1180
f 1180 2647 2646
f 1180 2646 1432
f 1432 2646 2897
f 1432 2897 1428
f 1428 2897 2893
f 1428 2893 1422
f 1422 2893 2887
f 1422 2887 1406
f 1406 2887 2871
f 1406 2871 1400
f 1400 2871 2865
f 1400 2865 1393
f 1393 2865 2858
f 1393 2858 1377
f 1377 2858 2842
f 1377 2842 1184
f 1184 2842 2648
f 1184 2648 1185
f 1185 2648 2650
f 1185 2650 1183
f 1183 2650 2649
f 1183 2649 1187
f 1187 2649 2652
f 1187 2652 1186
f 1186 2652 2651
f 1186 2651 1189
f 1189 2651 2654
f 1189 2654 1188
f 1188 2654 2653
f 1188 2653 1191
f 1191 2653 2656
f 1191 2656 1190
f 1190 2656 2655
f 1190 2655 1193
f 1193 2655 2658
f 1193 2658 1192
f 1192 2658 2657
f 1192 2657 1195
f 1195 2657 2660
f 1195 2660 1194
f 1194 2660 2659
f 1194 2659 1197
f 1197 2659 2662
f 1197 2662 1196
f 1196 2662 2661
f 1196 2661 1199
f 1199 2661 2664
f 1199 2664 1198
f 1198 2664 2663
f 1198 2663 1201
f 1201 2663 2666
f 1201 2666 1200
f 1200 2666 2665
f 1200 2665 1203
f 1203 2665 2668
f 1203 2668 1202
f 1202 2668 2667
f 1202 2667 1205
f 1205 2667 2670
f 1205 2670 1204
f 1204 2670 2669
f 1204 2669 1207
f 1207 2669 2672
f 1207 2672 1206
f 1206 2672 2671
f 1206 2671 1209
f 1209 2671 2673
f 1209 2673 1210
f 1210 2673 2675
f 1210 2675 1208
f 1208 2675 2674
f 1208 2674 1212
f 1212 2674 2677
f 1212 2677 1211
f 1211 2677 2676
f 1211 2676 1357
f 1357 2676 2822
f 1357 2822 1214
f 1214 2822 2678
f 1214 2678 1215
f 1215 2678 2680
f 1215 2680 1213
f 1213 2680 2679
f 1213 2679 1217
f 1217 2679 2682
f 1217 2682 1216
f 1216 2682 2681
f 1216 2681 1443
f 1443 2681 2908
f 1443 2908 1440
f 1440 2908 2905
f 1440 2905 1219
f 1219 2905 2683
f 1219 2683 1220
f 1220 2683 2685
f 1220 2685 1218
f 1218 2685 2684
f 1218 2684 1222
f 1222 2684 2687
f 1222 2687 1221
f 1221 2687 2686
f 1221 2686 1224
f 1224 2686 2688
f 1224 2688 1225
f 1225 2688 2690
f 1225 2690 1223
f 1223 2690 2689
f 1223 2689 1358
f 1358 2689 2823
f 1358 2823 1433
f 1433 2823 2898
f 1433 2898 1378
f 1378 2898 2843
f 1378 2843 1359
f 1359 2843 2824
f 1359 2824 1227
f 1227 2824 2691
f 1227 2691 1228
f 1228 2691 2693
f 1228 2693 1226
f 1226 2693 2692
f 1226 2692 1230
f 1230 2692 2695
f 1230 2695 1229
f 1229 2695 2694
f 1229 2694 1232
f 1232 2694 2697
f 1232 2697 1231
f 1231 2697 2696
f 1231 2696 1234
f 1234 2696 2698
f 1234 2698 1235
f 1235 2698 2700
f 1235 2700 1233
f 1233 2700 2699
f 1233 2699 1237
f 1237 2699 2702
f 1237 2702 1236
f 1236 2702 2701
f 1236 2701 1239
f 1239 2701 2703
f 1239 2703 1240
f 1240 2703 2705
f 1240 2705 1238
f 1238 2705 2704
f 1238 2704 1242
f 1242 2704 2707
f 1242 2707 1241
f 1241 2707 2706
f 1241 2706 1244
f 1244 2706 2709
f 1244 2709 1243
f 1243 2709 2708
f 1243 2708 1246
f 1246 2708 2711
f 1246 2711 1245
f 1245 2711 2710
f 1245 2710 1360
f 1360 2710 2825
f 1360 2825 1248
f 1248 2825 2712
f 1248 2712 1249
f 1249 2712 2714
f 1249 2714 1247
f 1247 2714 2713
f 1247 2713 1251
f 1251 2713 2716
f 1251 2716 1250
f 1250 2716 2715
f 1250 2715 1253
f 1253 2715 2718
f 1253 2718 1252
f 1252 2718 2717
f 1252 2717 1379
f 1379 2717 2844
f 1379 2844 1255
f 1255 2844 2719
f 1255 2719 1256
f 1256 2719 2721
f 1256 2721 1254
f 1254 2721 2720
f 1254 2720 1258
f 1258 2720 2722
f 1258 2722 1259
f 1259 2722 2724
f 1259 2724 1257
f 1257 2724 2723
f 1257 2723 1261
f 1261 2723 2725
f 1261 2725 1262
f 1262 2725 2727
f 1262 2727 1260
f 1260 2727 2726
f 1260 2726 1264
f 1264 2726 2729
f 1264 2729 1263
f 1263 2729 2728
f 1263 2728 1266
f 1266 2728 2730
f 1266 2730 1267
f 1267 2730 2732
f 1267 2732 1265
f 1265 2732 2731
f 1265 2731 1269
f 1269 2731 2734
f 1269 2734 1268
f 1268 2734 2733
f 1268 2733 1271
f 1271 2733 2736
f 1271 2736 1270
f 1270 2736 2735
f 1270 2735 1273
f 1273 2735 2737
f 1273 2737 1274
f 1274 2737 2739
f 1274 2739 1272
f 1272 2739 2738
f 1272 2738 1276
f 1276 2738 2741
f 1276 2741 1275
f 1275 2741 2740
f 1275 2740 1278
f 1278 2740 2742
f 1278 2742 1279
f 1279 2742 2744
f 1279 2744 1277
f 1277 2744 2743
f 1277 2743 1281
f 1281 2743 2746
f 1281 2746 1280
f 1280 2746 2745
f 1280 2745 1283
f 1283 2745 2748
f 1283 2748 1282
f 1282 2748 2747
f 1282 2747 1285
f 1285 2747 2750
f 1285 2750 1284
f 1284 2750 2749
f 1284 2749 1287
f 1287 2749 2752
f 1287 2752 1286
f 1286 2752 2751
f 1286 2751 1289
f 1289 2751 2754
f 1289 2754 1288
f 1288 2754 2753
f 1288 2753 1291
f 1291 2753 2756
f 1291 2756 1290
f 1290 2756 2755
f 1290 2755 1292
f 1292 2755 2757
f 1292 2757 2
f 2 2757 1466
f 2 1466 59
f 59 1466 1524
f 59 1524 1361
f 1361 1524 2826
f 1361 2826 61
f 61 2826 1525
f 61 1525 62
f 62 1525 1527
f 62 1527 60
f 60 1527 1526
f 60 1526 64
f 64 1526 1528
f 64 1528 65
f 65 1528 1530
f 65 1530 63
f 63 1530 1529
f 63 1529 67
f 67 1529 1532
f 67 1532 66
f 66 1532 1531
f 66 1531 1415
f 1415 1531 2880
f 1415 2880 1394
f 1394 2880 2859
f 1394 2859 1381
f 1381 2859 2846
f 1381 2846 69
f 69 2846 1533
f 69 1533 70
f 70 1533 1535
f 70 1535 68
f 68 1535 1534
f 68 1534 72
f 72 1534 1537
f 72 1537 71
f 71 1537 1536
f 71 1536 74
f 74 1536 1538
f 74 1538 75
f 75 1538 1540
f 75 1540 73
f 73 1540 1539
f 73 1539 77
f 77 1539 1542
f 77 1542 76
f 76 1542 1541
f 76 1541 79
f 79 1541 1543
f 79 1543 80
f 80 1543 1545
f 80 1545 78
f 78 1545 1544
f 78 1544 1295
f 1295 1544 2760
f 1295 2760 82
f 82 2760 1546
f 82 1546 83
f 83 1546 1548
f 83 1548 81
f 81 1548 1547
f 81 1547 85
f 85 1547 1550
f 85 1550 84
f 84 1550 1549
f 84 1549 87
f 87 1549 1551
f 87 1551 88
f 88 1551 1553
f 88 1553 86
f 86 1553 1552
f 86 1552 1382
f 1382 1552 2847
f 1382 2847 90
f 90 2847 1554
f 90 1554 91
f 91 1554 1556
f 91 1556 89
f 89 1556 1555
f 89 1555 93
f 93 1555 1557
f 93 1557 94
f 94 1557 1559
f 94 1559 92
f 92 1559 1558
f 92 1558 96
f 96 1558 1560
f 96 1560 97
f 97 1560 1562
f 97 1562 95
f 95 1562 1561
f 95 1561 1296
f 1296 1561 2761
f 1296 2761 99
f 99 2761 1563
f 99 1563 100
f 100 1563 1565
f 100 1565 98
f 98 1565 1564
f 98 1564 102
f 102 1564 1567
f 102 1567 101
f 101 1567 1566
f 101 1566 104
f 104 1566 1569
f 104 1569 103
f 103 1569 1568
f 103 1568 106
f 106 1568 1571
f 106 1571 105
f 105 1571 1570
f 105 1570 108
f 108 1570 1573
f 108 1573 107
f 107 1573 1572
f 107 1572 110
f 110 1572 1575
f 110 1575 109
f 109 1575 1574
f 109 1574 112
f 112 1574 1576
f 112 1576 113
f 113 1576 1578
f 113 1578 111
f 111 1578 1577
f 111 1577 115
f 115 1577 1580
f 115 1580 114
f 114 1580 1579
f 114 1579 1383
f 1383 1579 2848
f 1383 2848 117
f 117 2848 1581
f 117 1581 118
f 118 1581 1583
f 118 1583 116
f 116 1583 1582
f 116 1582 120
f 120 1582 1584
f 120 1584 121
f 121 1584 1586
f 121 1586 119
f 119 1586 1585
f 119 1585 123
f 123 1585 1588
f 123 1588 122
f 122 1588 1587
f 122 1587 125
f 125 1587 1590
f 125 1590 124
f 124 1590 1589
f 124 1589 127
f 127 1589 1592
f 127 1592 126
f 126 1592 1591
f 126 1591 129
f 129 1591 1594
f 129 1594 128
f 128 1594 1593
f 128 1593 131
f 131 1593 1596
f 131 1596 130
f 130 1596 1595
f 130 1595 1384
f 1384 1595 2849
f 1384 2849 133
f 133 2849 1597
f 133 1597 134
f 134 1597 1599
f 134 1599 132
f 132 1599 1598
f 132 1598 136
f 136 1598 1600
f 136 1600 137
f 137 1600 1602
f 137 1602 135
f 135 1602 1601
f 135 1601 139
f 139 1601 1603
f 139 1603 140
f 140 1603 1605
f 140 1605 138
f 138 1605 1604
f 138 1604 1297
f 1297 1604 2762
f 1297 2762 142
f 142 2762 1606
f 142 1606 143
f 143 1606 1608
f 143 1608 141
f 141 1608 1607
f 141 1607 145
f 145 1607 1610
f 145 1610 144
f 144 1610 1609
f 144 1609 147
f 147 1609 1612
f 147 1612 146
f 146 1612 1611
f 146 1611 149
f 149 1611 1614
f 149 1614 148
f 148 1614 1613
f 148 1613 151
f 151 1613 1615
f 151 1615 152
f 152 1615 1617
f 152 1617 150
f 150 1617 1616
f 150 1616 154
f 154 1616 1619
f 154 1619 153
f 153 1619 1618
f 153 1618 156
f 156 1618 1620
f 156 1620 157
f 157 1620 1622
f 157 1622 155
f 155 1622 1621
f 155 1621 1362
f 1362 1621 2827
f 1362 2827 1407
f 1407 2827 2872
f 1407 2872 1416
f 1416 2872 2881
f 1416 2881 1423
f 1423 2881 2888
f 1423 2888 1429
f 1429 2888 2894
f 1429 2894 1363
f 1363 2894 2828
f 1363 2828 1298
f 1298 2828 2763
f 1298 2763 159
f 159 2763 1623
f 159 1623 160
f 160 1623 1625
f 160 1625 158
f 158 1625 1624
f 158 1624 162
f 162 1624 1627
f 162 1627 161
f 161 1627 1626
f 161 1626 164
f 164 1626 1628
f 164 1628 165
f 165 1628 1630
f 165 1630 163
f 163 1630 1629
f 163 1629 1437
f 1437 1629 2902
f 1437 2902 167
f 167 2902 1631
f 167 1631 168
f 168 1631 1633
f 168 1633 166
f 166 1633 1632
f 166 1632 170
f 170 1632 1635
f 170 1635 169
f 169 1635 1634
f 169 1634 172
f 172 1634 1636
f 172 1636 173
f 173 1636 1638
f 173 1638 171
f 171 1638 1637
f 171 1637 175
f 175 1637 1640
f 175 1640 174
f 174 1640 1639
f 174 1639 177
f 177 1639 1642
f 177 1642 176
f 176 1642 1641
f 176 1641 179
f 179 1641 1644
f 179 1644 178
f 178 1644 1643
f 178 1643 181
f 181 1643 1646
f 181 1646 180
f 180 1646 1645
f 180 1645 183
f 183 1645 1648
f 183 1648 182
f 182 1648 1647
f 182 1647 185
f 185 1647 1649
f 185 1649 186
f 186 1649 1651
f 186 1651 184
f 184 1651 1650
f 184 1650 188
f 188 1650 1653
f 188 1653 187
f 187 1653 1652
f 187 1652 190
f 190 1652 1654
f 190 1654 191
f 191 1654 1656
f 191 1656 189
f 189 1656 1655
f 189 1655 193
f 193 1655 1658
f 193 1658 192
f 192 1658 1657
f 192 1657 195
f 195 1657 1660
f 195 1660 194
f 194 1660 1659
f 194 1659 197
f 197 1659 1662
f 197 1662 196
f 196 1662 1661
f 196 1661 199
f 199 1661 1664
f 199 1664 198
f 198 1664 1663
f 198 1663 1299
f 1299 1663 2764
f 1299 2764 201
f 201 2764 1665
f 201 1665 202
f 202 1665 1667
f 202 1667 200
f 200 1667 1666
f 200 1666 204
f 204 1666 1668
f 204 1668 205
f 205 1668 1670
f 205 1670 203
f 203 1670 1669
f 203 1669 207
f 207 1669 1672
f 207 1672 206
f 206 1672 1671
f 206 1671 209
f 209 1671 1674
f 209 1674 208
f 208 1674 1673
f 208 1673 211
f 211 1673 1675
f 211 1675 212
f 212 1675 1677
f 212 1677 210
f 210 1677 1676
f 210 1676 214
f 214 1676 1679
f 214 1679 213
f 213 1679 1678
f 213 1678 1364
f 1364 1678 2829
f 1364 2829 1395
f 1395 2829 2860
f 1395 2860 1408
f 1408 2860 2873
f 1408 2873 1417
f 1417 2873 2882
f 1417 2882 1424
f 1424 2882 2889
f 1424 2889 1425
f 1425 2889 2890
f 1425 2890 1418
f 1418 2890 2883
f 1418 2883 216
f 216 2883 1680
f 216 1680 217
f 217 1680 1682
f 217 1682 215
f 215 1682 1681
f 215 1681 219
f 219 1681 1684
f 219 1684 218
f 218 1684 1683
f 218 1683 221
f 221 1683 1686
f 221 1686 220
f 220 1686 1685
f 220 1685 223
f 223 1685 1687
f 223 1687 224
f 224 1687 1689
f 224 1689 222
f 222 1689 1688
f 222 1688 226
f 226 1688 1690
f 226 1690 227
f 227 1690 1692
f 227 1692 225
f 225 1692 1691
f 225 1691 1385
f 1385 1691 2850
f 1385 2850 1365
f 1365 2850 2830
f 1365 2830 229
f 229 2830 1693
f 229 1693 230
f 230 1693 1695
f 230 1695 228
f 228 1695 1694
f 228 1694 232
f 232 1694 1696
f 232 1696 233
f 233 1696 1698
f 233 1698 231
f 231 1698 1697
f 231 1697 235
f 235 1697 1699
f 235 1699 236
f 236 1699 1701
f 236 1701 234
f 234 1701 1700
f 234 1700 238
f 238 1700 1703
f 238 1703 237
f 237 1703 1702
f 237 1702 240
f 240 1702 1705
f 240 1705 239
f 239 1705 1704
f 239 1704 242
f 242 1704 1707
f 242 1707 241
f 241 1707 1706
f 241 1706 244
f 244 1706 1709
f 244 1709 243
f 243 1709 1708
f 243 1708 246
f 246 1708 1711
f 246 1711 245
f 245 1711 1710
f 245 1710 248
f 248 1710 1713
f 248 1713 247
f 247 1713 1712
f 247 1712 250
f 250 1712 1715
f 250 1715 249
f 249 1715 1714
f 249 1714 252
f 252 1714 1717
f 252 1717 251
f 251 1717 1716
f 251 1716 254
f 254 1716 1718
f 254 1718 255
f 255 1718 1720
f 255 1720 253
f 253 1720 1719
f 253 1719 257
f 257 1719 1722
f 257 1722 256
f 256 1722 1721
f 256 1721 1444
f 1444 1721 2909
f 1444 2909 1445
f 1445 2909 2910
f 1445 2910 1446
f 1446 2910 2911
f 1446 2911 1389
f 1389 2911 2854
f 1389 2854 1366
f 1366 2854 2831
f 1366 2831 259
f 259 2831 1723
f 259 1723 260
f 260 1723 1725
f 260 1725 258
f 258 1725 1724
f 258 1724 262
f 262 1724 1726
f 262 1726 263
f 263 1726 1728
f 263 1728 261
f 261 1728 1727
f 261 1727 265
f 265 1727 1729
f 265 1729 266
f 266 1729 1731
f 266 1731 264
f 264 1731 1730
f 264 1730 268
f 268 1730 1733
f 268 1733 267
f 267 1733 1732
f 267 1732 270
f 270 1732 1735
f 270 1735 269
f 269 1735 1734
f 269 1734 272
f 272 1734 1737
f 272 1737 271
f 271 1737 1736
f 271 1736 274
f 274 1736 1739
f 274 1739 273
f 273 1739 1738
f 273 1738 276
f 276 1738 1741
f 276 1741 275
f 275 1741 1740
f 275 1740 278
f 278 1740 1743
f 278 1743 277
f 277 1743 1742
f 277 1742 280
f 280 1742 1744
f 280 1744 281
f 281 1744 1746
f 281 1746 279
f 279 1746 1745
f 279 1745 283
f 283 1745 1748
f 283 1748 282
f 282 1748 1747
f 282 1747 285
f 285 1747 1749
f 285 1749 286
f 286 1749 1751
f 286 1751 284
f 284 1751 1750
f 284 1750 1300
f 1300 1750 2765
f 1300 2765 288
f 288 2765 1752
f 288 1752 289
f 289 1752 1754
f 289 1754 287
f 287 1754 1753
f 287 1753 291
f 291 1753 1756
f 291 1756 290
f 290 1756 1755
f 290 1755 293
f 293 1755 1758
f 293 1758 292
f 292 1758 1757
f 292 1757 295
f 295 1757 1760
f 295 1760 294
f 294 1760 1759
f 294 1759 297
f 297 1759 1762
f 297 1762 296
f 296 1762 1761
f 296 1761 299
f 299 1761 1764
f 299 1764 298
f 298 1764 1763
f 298 1763 1301
f 1301 1763 2766
f 1301 2766 301
f 301 2766 1765
f 301 1765 302
f 302 1765 1767
f 302 1767 300
f 300 1767 1766
f 300 1766 1302
f 1302 1766 2767
f 1302 2767 1452
f 1452 2767 2917
f 1452 2917 1454
f 1454 2917 2919
f 1454 2919 1456
f 1456 2919 2921
f 1456 2921 1458
f 1458 2921 2923
f 1458 2923 1460
f 1460 2923 2925
f 1460 2925 1463
f 1463 2925 2928
f 1463 2928 304
f 304 2928 1768
f 304 1768 305
f 305 1768 1770
f 305 1770 303
f 303 1770 1769
f 303 1769 1303
f 1303 1769 2768
f 1303 2768 1465
f 1465 2768 2930
f 1465 2930 1464
f 1464 2930 2929
f 1464 2929 1462
f 1462 2929 2927
f 1462 2927 1461
f 1461 2927 2926
f 1461 2926 1459
f 1459 2926 2924
f 1459 2924 1457
f 1457 2924 2922
f 1457 2922 1455
f 1455 2922 2920
f 1455 2920 1453
f 1453 2920 2918
f 1453 2918 1451
f 1451 2918 2916
f 1451 2916 1449
f 1449 2916 2914
f 1449 2914 1447
f 1447 2914 2912
f 1447 2912 307
f 307 2912 1771
f 307 1771 308
f 308 1771 1773
f 308 1773 306
f 306 1773 1772
f 306 1772 310
f 310 1772 1774
f 310 1774 311
f 311 1774 1776
f 311 1776 309
f 309 1776 1775
f 309 1775 313
f 313 1775 1778
f 313 1778 312
f 312 1778 1777
f 312 1777 315
f 315 1777 1780
f 315 1780 314
f 314 1780 1779
f 314 1779 317
f 317 1779 1781
f 317 1781 318
f 318 1781 1783
f 318 1783 316
f 316 1783 1782
f 316 1782 320
f 320 1782 1785
f 320 1785 319
f 319 1785 1784
f 319 1784 322
f 322 1784 1786
f 322 1786 323
f 323 1786 1788
f 323 1788 321
f 321 1788 1787
f 321 1787 325
f 325 1787 1789
f 325 1789 326
f 326 1789 1791
f 326 1791 324
f 324 1791 1790
f 324 1790 1438
f 1438 1790 2903
f 1438 2903 1434
f 1434 2903 2899
f 1434 2899 1419
f 1419 2899 2884
f 1419 2884 1409
f 1409 2884 2874
f 1409 2874 1401
f 1401 2874 2866
f 1401 2866 1390
f 1390 2866 2855
f 1390 2855 328
f 328 2855 1792
f 328 1792 329
f 329 1792 1794
f 329 1794 327
f 327 1794 1793
f 327 1793 331
f 331 1793 1796
f 331 1796 330
f 330 1796 1795
f 330 1795 333
f 333 1795 1798
f 333 1798 332
f 332 1798 1797
f 332 1797 335
f 335 1797 1800
f 335 1800 334
f 334 1800 1799
f 334 1799 337
f 337 1799 1802
f 337 1802 336
f 336 1802 1801
f 336 1801 339
f 339 1801 1804
f 339 1804 338
f 338 1804 1803
f 338 1803 341
f 341 1803 1806
f 341 1806 340
f 340 1806 1805
f 340 1805 343
f 343 1805 1808
f 343 1808 342
f 342 1808 1807
f 342 1807 345
f 345 1807 1810
f 345 1810 344
f 344 1810 1809
f 344 1809 347
f 347 1809 1811
f 347 1811 348
f 348 1811 1813
f 348 1813 346
f 346 1813 1812
f 346 1812 350
f 350 1812 1815
f 350 1815 349
f 349 1815 1814
f 349 1814 352
f 352 1814 1817
f 352 1817 351
f 351 1817 1816
f 351 1816 1304
f 1304 1816 2769
f 1304 2769 1367
f 1367 2769 2832
f 1367 2832 354
f 354 2832 1818
f 354 1818 355
f 355 1818 1820
f 355 1820 353
f 353 1820 1819
f 353 1819 357
f 357 1819 1822
f 357 1822 356
f 356 1822 1821
f 356 1821 359
f 359 1821 1823
f 359 1823 360
f 360 1823 1825
f 360 1825 358
f 358 1825 1824
f 358 1824 1305
f 1305 1824 2770
f 1305 2770 362
f 362 2770 1826
f 362 1826 363
f 363 1826 1828
f 363 1828 361
f 361 1828 1827
f 361 1827 365
f 365 1827 1830
f 365 1830 364
f 364 1830 1829
f 364 1829 367
f 367 1829 1832
f 367 1832 366
f 366 1832 1831
f 366 1831 369
f 369 1831 1833
f 369 1833 370
f 370 1833 1835
f 370 1835 368
f 368 1835 1834
f 368 1834 1306
f 1306 1834 2771
f 1306 2771 372
f 372 2771 1836
f 372 1836 373
f 373 1836 1838
f 373 1838 371
f 371 1838 1837
f 371 1837 375
f 375 1837 1839
f 375 1839 376
f 376 1839 1841
f 376 1841 374
f 374 1841 1840
f 374 1840 378
f 378 1840 1843
f 378 1843 377
f 377 1843 1842
f 377 1842 380
f 380 1842 1844
f 380 1844 381
f 381 1844 1846
f 381 1846 379
f 379 1846 1845
f 379 1845 383
f 383 1845 1848
f 383 1848 382
f 382 1848 1847
f 382 1847 385
f 385 1847 1850
f 385 1850 384
f 384 1850 1849
f 384 1849 387
f 387 1849 1852
f 387 1852 386
f 386 1852 1851
f 386 1851 389
f 389 1851 1854
f 389 1854 388
f 388 1854 1853
f 388 1853 391
f 391 1853 1856
f 391 1856 390
f 390 1856 1855
f 390 1855 393
f 393 1855 1858
f 393 1858 392
f 392 1858 1857
f 392 1857 395
f 395 1857 1859
f 395 1859 396
f 396 1859 1861
f 396 1861 394
f 394 1861 1860
f 394 1860 1307
f 1307 1860 2772
f 1307 2772 1368
f 1368 2772 2833
f 1368 2833 398
f 398 2833 1862
f 398 1862 399
f 399 1862 1864
f 399 1864 397
f 397 1864 1863
f 397 1863 401
f 401 1863 1866
f 401 1866 400
f 400 1866 1865
f 400 1865 1308
f 1308 1865 2773
f 1308 2773 403
f 403 2773 1867
f 403 1867 404
f 404 1867 1869
f 404 1869 402
f 402 1869 1868
f 402 1868 1309
f 1309 1868 2774
f 1309 2774 406
f 406 2774 1870
f 406 1870 407
f 407 1870 1872
f 407 1872 405
f 405 1872 1871
f 405 1871 409
f 409 1871 1874
f 409 1874 408
f 408 1874 1873
f 408 1873 1310
f 1310 1873 2775
f 1310 2775 1430
f 1430 2775 2895
f 1430 2895 1420
f 1420 2895 2885
f 1420 2885 1410
f 1410 2885 2875
f 1410 2875 1396
f 1396 2875 2861
f 1396 2861 1391
f 1391 2861 2856
f 1391 2856 1369
f 1369 2856 2834
f 1369 2834 411
f 411 2834 1875
f 411 1875 412
f 412 1875 1877
f 412 1877 410
f 410 1877 1876
f 410 1876 414
f 414 1876 1879
f 414 1879 413
f 413 1879 1878
f 413 1878 416
f 416 1878 1881
f 416 1881 415
f 415 1881 1880
f 415 1880 418
f 418 1880 1883
f 418 1883 417
f 417 1883 1882
f 417 1882 420
f 420 1882 1885
f 420 1885 419
f 419 1885 1884
f 419 1884 422
f 422 1884 1886
f 422 1886 423
f 423 1886 1888
f 423 1888 421
f 421 1888 1887
f 421 1887 425
f 425 1887 1889
f 425 1889 426
f 426 1889 1891
f 426 1891 424
f 424 1891 1890
f 424 1890 428
f 428 1890 1892
f 428 1892 429
f 429 1892 1894
f 429 1894 427
f 427 1894 1893
f 427 1893 431
f 431 1893 1895
f 431 1895 432
f 432 1895 1897
f 432 1897 430
f 430 1897 1896
f 430 1896 434
f 434 1896 1899
f 434 1899 433
f 433 1899 1898
f 433 1898 436
f 436 1898 1901
f 436 1901 435
f 435 1901 1900
f 435 1900 438
f 438 1900 1903
f 438 1903 437
f 437 1903 1902
f 437 1902 440
f 440 1902 1904
f 440 1904 441
f 441 1904 1906
f 441 1906 439
f 439 1906 1905
f 439 1905 443
f 443 1905 1907
f 443 1907 444
f 444 1907 1909
f 444 1909 442
f 442 1909 1908
f 442 1908 446
f 446 1908 1910
f 446 1910 447
f 447 1910 1912
f 447 1912 445
f 445 1912 1911
f 445 1911 449
f 449 1911 1914
f 449 1914 448
f 448 1914 1913
f 448 1913 451
f 451 1913 1916
f 451 1916 450
f 450 1916 1915
f 450 1915 453
f 453 1915 1918
f 453 1918 452
f 452 1918 1917
f 452 1917 455
f 455 1917 1919
f 455 1919 456
f 456 1919 1921
f 456 1921 454
f 454 1921 1920
f 454 1920 1386
f 1386 1920 2851
f 1386 2851 1402
f 1402 2851 2867
f 1402 2867 1411
f 1411 2867 2876
f 1411 2876 1421
f 1421 2876 2886
f 1421 2886 1441
f 1441 2886 2906
f 1441 2906 1426
f 1426 2906 2891
f 1426 2891 1412
f 1412 2891 2877
f 1412 2877 1403
f 1403 2877 2868
f 1403 2868 1397
f 1397 2868 2862
f 1397 2862 1392
f 1392 2862 2857
f 1392 2857 458
f 458 2857 1922
f 458 1922 459
f 459 1922 1924
f 459 1924 457
f 457 1924 1923
f 457 1923 461
f 461 1923 1926
f 461 1926 460
f 460 1926 1925
f 460 1925 463
f 463 1925 1928
f 463 1928 462
f 462 1928 1927
f 462 1927 465
f 465 1927 1930
f 465 1930 464
f 464 1930 1929
f 464 1929 467
f 467 1929 1932
f 467 1932 466
f 466 1932 1931
f 466 1931 469
f 469 1931 1934
f 469 1934 468
f 468 1934 1933
f 468 1933 471
f 471 1933 1936
f 471 1936 470
f 470 1936 1935
f 470 1935 473
f 473 1935 1938
f 473 1938 472
f 472 1938 1937
f 472 1937 475
f 475 1937 1940
f 475 1940 474
f 474 1940 1939
f 474 1939 477
f 477 1939 1942
f 477 1942 476
f 476 1942 1941
f 476 1941 479
f 479 1941 1944
f 479 1944 478
f 478 1944 1943
f 478 1943 481
f 481 1943 1946
f 481 1946 480
f 480 1946 1945
f 480 1945 483
f 483 1945 1948
f 483 1948 482
f 482 1948 1947
f 482 1947 485
f 485 1947 1950
f 485 1950 484
f 484 1950 1949
f 484 1949 487
f 487 1949 1952
f 487 1952 486
f 486 1952 1951
f 486 1951 489
f 489 1951 1954
f 489 1954 488
f 488 1954 1953
f 488 1953 491
f 491 1953 1956
f 491 1956 490
f 490 1956 1955
f 490 1955 493
f 493 1955 1958
f 493 1958 492
f 492 1958 1957
f 492 1957 495
f 495 1957 1959
f 1293 2758 1380
f 1380 2758 2845
f 1380 2845 14
f 14 2845 1478
f 14 1478 15
f 15 1478 1480
f 15 1480 13
f 13 1480 1479
f 13 1479 17
f 17 1479 1481
f 17 1481 18
f 18 1481 1483
f 18 1483 16
f 16 1483 1482
f 16 1482 20
f 20 1482 1485
f 20 1485 19
f 19 1485 1484
f 19 1484 22
f 22 1484 1487
f 22 1487 21
f 21 1487 1486
f 21 1486 24
f 24 1486 1489
f 24 1489 23
f 23 1489 1488
f 23 1488 26
f 26 1488 1491
f 26 1491 25
f 25 1491 1490
f 25 1490 28
f 28 1490 1493
f 28 1493 27
f 27 1493 1492
f 27 1492 30
f 30 1492 1495
f 30 1495 29
f 29 1495 1494
f 29 1494 32
f 32 1494 1497
f 32 1497 31
f 31 1497 1496
f 31 1496 34
f 34 1496 1499
f 34 1499 33
f 33 1499 1498
f 33 1498 36
f 36 1498 1501
f 36 1501 35
f 35 1501 1500
f 35 1500 1436
f 1436 1500 2901
f 1436 2901 38
f 38 2901 1502
f 38 1502 39
f 39 1502 1504
f 39 1504 37
f 37 1504 1503
f 37 1503 41
f 41 1503 1505
f 41 1505 42
f 42 1505 1507
f 42 1507 40
f 40 1507 1506
f 40 1506 1294
f 1294 1506 2759
f 1294 2759 44
f 44 2759 1508
f 44 1508 45
f 45 1508 1510
f 45 1510 43
f 43 1510 1509
f 43 1509 47
f 47 1509 1512
f 47 1512 46
f 46 1512 1511
f 46 1511 49
f 49 1511 1514
f 49 1514 48
f 48 1514 1513
f 48 1513 51
f 51 1513 1516
f 51 1516 50
f 50 1516 1515
f 50 1515 53
f 53 1515 1517
f 53 1517 54
f 54 1517 1519
f 54 1519 52
f 52 1519 1518
f 52 1518 56
f 56 1518 1520
f 56 1520 57
f 57 1520 1522
f 57 1522 55
f 55 1522 1521
f 55 1521 58
f 58 1521 1523
f 58 1523 3
f 3 1523 1468
f 3 1468 1
f 1 1468 1467
f 1 1467 5
f 5 1467 1469
f 5 1469 6
f 6 1469 1471
f 6 1471 4
f 4 1471 1470
f 4 1470 8
f 8 1470 1473
f 8 1473 7
f 7 1473 1472
f 7 1472 10
f 10 1472 1475
f 10 1475 9
f 9 1475 1474
f 9 1474 12
f 12 1474 1477
f 12 1477 11
f 11 1477 1476
f 11 1476 1293
f 1293 1476 2758
