o 
v 71.26 0 -69.691
v 38.133 0 -69.614
v 71.25 0 -69.736
v 71.25 0 -69.783
v 39.809 0 -71.547
v 39.64 0 -71.29
v 39.687 0 -71.394
v 40.151 0 -71.877
v 39.974 0 -71.717
v 40.42 0 -72.04
v 40.31 0 -71.994
v 42.494 0 -73.892
v 41.52 0 -72.98
v 42.086 0 -73.513
v 42.973 0 -74.301
v 42.779 0 -74.145
v 43.22 0 -74.44
v 43.109 0 -74.39
v 43.743 0 -74.938
v 43.61 0 -74.78
v 43.669 0 -74.858
v 43.917 0 -75.089
v 43.827 0 -75.016
v 44.09 0 -75.2
v 44.006 0 -75.152
v 44.905 0 -75.84
v 44.714 0 -75.645
v 44.84 0 -75.78
v 45.103 0 -75.979
v 44.994 0 -75.908
v 45.347 0 -76.114
v 45.222 0 -76.049
v 46.311 0 -76.729
v 46.15 0 -76.59
v 46.221 0 -76.658
v 46.522 0 -76.865
v 46.414 0 -76.799
v 46.73 0 -76.97
v 46.629 0 -76.923
v 46.988 0 -77.057
v 46.875 0 -77.024
v 47.172 0 -77.057
v 47.083 0 -77.067
v 47.39 0 -76.97
v 47.27 0 -77.024
v 47.549 0 -76.89
v 47.473 0 -76.93
v 47.671 0 -76.823
v 47.616 0 -76.854
v 47.728 0 -76.764
v 47.71 0 -76.801
v 47.73 0 -76.79
v 47.659 0 -76.606
v 47.703 0 -76.701
v 47.52 0 -76.345
v 47.597 0 -76.486
v 47.335 0 -76.042
v 47.43 0 -76.19
v 47.063 0 -75.509
v 47.092 0 -75.594
v 47.08 0 -75.55
v 46.944 0 -75.349
v 47.016 0 -75.44
v 46.741 0 -75.118
v 46.85 0 -75.24
v 46.065 0 -74.254
v 46.132 0 -74.386
v 46.1 0 -74.32
v 45.917 0 -74.049
v 46.003 0 -74.162
v 45.697 0 -73.786
v 45.814 0 -73.921
v 45.445 0 -73.517
v 45.57 0 -73.65
v 45.088 0 -73.027
v 45.1 0 -73.07
v 45.097 0 -73.047
v 45.059 0 -72.997
v 45.075 0 -73.01
v 45.02 0 -72.98
v 45.04 0 -72.987
v 44.841 0 -72.716
v 44.889 0 -72.832
v 44.87 0 -72.78
v 44.734 0 -72.549
v 44.794 0 -72.637
v 44.584 0 -72.365
v 44.663 0 -72.456
v 43.755 0 -71.391
v 43.93 0 -71.61
v 43.848 0 -71.504
v 43.562 0 -71.166
v 43.658 0 -71.276
v 43.897 0 -70.253
v 43.867 0 -70.175
v 43.88 0 -70.21
v 43.994 0 -70.4
v 43.936 0 -70.317
v 44.154 0 -70.601
v 44.067 0 -70.496
v 69.166 0 -71.126
v 44.461 0 -70.964
v 44.56 0 -71.1
v 69.549 0 -70.816
v 69.448 0 -70.823
v 69.5 0 -70.82
v 69.631 0 -70.787
v 69.593 0 -70.805
v 69.677 0 -70.739
v 69.66 0 -70.765
v 69.682 0 -70.683
v 69.68 0 -70.71
v 69.873 0 -70.666
v 69.785 0 -70.649
v 69.82 0 -70.66
v 70.039 0 -70.631
v 69.947 0 -70.656
v 70.255 0 -70.546
v 70.143 0 -70.594
v 70.559 0 -70.386
v 70.37 0 -70.49
v 70.788 0 -70.524
v 70.86 0 -70.48
v 70.822 0 -70.499
v 70.739 0 -70.589
v 70.76 0 -70.555
v 70.72 0 -70.66
v 70.725 0 -70.624
v 70.294 0 -71.347
v 70.44 0 -71.15
v 70.366 0 -71.248
v 70.176 0 -71.533
v 70.23 0 -71.444
v 70.11 0 -71.67
v 70.134 0 -71.61
v 69.58 0 -71.558
v 69.64 0 -71.67
v 69.617 0 -71.616
v 69.473 0 -71.439
v 69.531 0 -71.497
v 69.34 0 -71.34
v 69.409 0 -71.385
v 69.174 0 -71.177
v 44.9 0 -71.682
v 44.78 0 -71.46
v 44.831 0 -71.567
v 45.07 0 -71.918
v 44.981 0 -71.801
v 45.25 0 -72.12
v 45.162 0 -72.026
v 45.589 0 -72.644
v 45.57 0 -72.57
v 45.575 0 -72.606
v 45.638 0 -72.713
v 45.61 0 -72.68
v 45.71 0 -72.76
v 45.672 0 -72.74
v 45.99 0 -73.166
v 45.92 0 -73.016
v 45.95 0 -73.09
v 46.092 0 -73.313
v 46.039 0 -73.241
v 46.201 0 -73.426
v 46.148 0 -73.375
v 46.654 0 -74.057
v 46.57 0 -73.89
v 46.611 0 -73.98
v 46.736 0 -74.169
v 46.696 0 -74.121
v 46.8 0 -74.21
v 46.771 0 -74.199
v 46.93 0 -74.408
v 46.888 0 -74.285
v 46.89 0 -74.31
v 47.18 0 -74.745
v 47.035 0 -74.562
v 47.496 0 -75.082
v 47.342 0 -74.928
v 47.662 0 -75.2
v 47.62 0 -75.18
v 47.754 0 -75.21
v 47.707 0 -75.21
v 47.842 0 -75.18
v 47.799 0 -75.2
v 48.235 0 -75.624
v 48.199 0 -75.293
v 48.21 0 -75.44
v 48.393 0 -76.071
v 48.301 0 -75.845
v 48.597 0 -76.415
v 48.496 0 -76.272
v 48.708 0 -76.474
v 48.68 0 -76.47
v 48.791 0 -76.605
v 48.773 0 -76.545
v 48.78 0 -76.57
v 48.85 0 -76.724
v 48.815 0 -76.658
v 48.949 0 -76.879
v 48.895 0 -76.799
v 49.073 0 -77.037
v 49.01 0 -76.96
v 49.26 0 -77.387
v 49.241 0 -77.311
v 49.25 0 -77.35
v 49.329 0 -77.491
v 49.287 0 -77.435
v 49.448 0 -77.612
v 49.383 0 -77.551
v 50.528 0 -79.624
v 50.51 0 -79.5
v 50.517 0 -79.559
v 50.555 0 -79.756
v 50.541 0 -79.691
v 50.58 0 -79.86
v 50.569 0 -79.813
v 50.962 0 -81.982
v 50.809 0 -80.903
v 50.85 0 -81.22
v 51.209 0 -82.751
v 51.086 0 -82.497
v 51.386 0 -82.417
v 51.314 0 -82.73
v 51.407 0 -81.614
v 51.41 0 -81.8
v 51.385 0 -81.29
v 51.398 0 -81.442
v 51.35 0 -81.072
v 51.369 0 -81.164
v 51.305 0 -80.971
v 51.33 0 -81.02
v 51.478 0 -79.66
v 51.35 0 -79.62
v 51.41 0 -79.64
v 51.619 0 -79.697
v 51.549 0 -79.679
v 52.188 0 -81.291
v 52.151 0 -80.695
v 52.17 0 -81.03
v 52.305 0 -81.808
v 52.236 0 -81.558
v 52.476 0 -82.157
v 52.388 0 -82.015
v 52.592 0 -82.173
v 52.56 0 -82.21
v 52.607 0 -81.816
v 52.609 0 -82.048
v 52.549 0 -80.957
v 52.588 0 -81.459
v 52.871 0 -80.473
v 52.74 0 -80.1
v 52.792 0 -80.277
v 53.062 0 -80.83
v 52.965 0 -80.665
v 53.22 0 -80.99
v 53.151 0 -80.946
v 53.539 0 -81.455
v 53.45 0 -81.29
v 53.493 0 -81.374
v 53.628 0 -81.589
v 53.585 0 -81.527
v 53.69 0 -81.66
v 53.664 0 -81.634
v 54.077 0 -82.128
v 53.864 0 -81.88
v 53.9 0 -81.94
v 54.645 0 -82.169
v 54.34 0 -82.201
v 55.213 0 -81.832
v 54.95 0 -82.042
v 55.425 0 -81.452
v 55.39 0 -81.55
v 55.88 0 -82.085
v 55.595 0 -81.563
v 55.68 0 -81.74
v 56.36 0 -82.6
v 56.115 0 -82.377
v 56.786 0 -82.769
v 56.592 0 -82.736
v 56.941 0 -82.656
v 56.92 0 -82.68
v 57.21 0 -82.583
v 57.11 0 -82.593
v 57.16 0 -82.59
v 57.306 0 -82.529
v 57.26 0 -82.562
v 57.379 0 -82.431
v 57.347 0 -82.485
v 57.695 0 -81.928
v 57.59 0 -82.045
v 57.64 0 -81.99
v 57.775 0 -81.765
v 57.74 0 -81.853
v 57.815 0 -81.548
v 57.8 0 -81.663
v 57.814 0 -81.264
v 57.82 0 -81.42
v 57.754 0 -81.009
v 57.793 0 -81.13
v 57.611 0 -80.763
v 57.694 0 -80.89
v 57.408 0 -80.503
v 57.5 0 -80.62
v 56.979 0 -79.734
v 57.05 0 -79.9
v 57.014 0 -79.813
v 56.911 0 -79.616
v 56.944 0 -79.667
v 56.86 0 -79.57
v 56.883 0 -79.582
v 56.433 0 -78.05
v 56.45 0 -78.39
v 56.446 0 -78.205
v 56.38 0 -77.814
v 56.411 0 -77.92
v 56.29 0 -77.66
v 56.34 0 -77.728
v 56.026 0 -77.22
v 56.07 0 -77.32
v 56.051 0 -77.27
v 55.961 0 -77.136
v 55.995 0 -77.175
v 55.89 0 -77.09
v 55.926 0 -77.107
v 55.745 0 -75.944
v 55.753 0 -76.489
v 55.75 0 -76.2
v 55.708 0 -75.47
v 55.731 0 -75.699
v 55.637 0 -75.076
v 55.676 0 -75.261
v 55.841 0 -75.104
v 55.63 0 -74.59
v 55.751 0 -74.895
v 55.969 0 -75.3
v 55.91 0 -75.232
v 56.1 0 -75.32
v 56.029 0 -75.323
v 56.183 0 -75.277
v 56.146 0 -75.304
v 56.23 0 -75.187
v 56.211 0 -75.238
v 56.24 0 -75.05
v 56.24 0 -75.124
v 56.163 0 -74.47
v 56.206 0 -74.742
v 56.034 0 -73.994
v 56.106 0 -74.224
v 55.83 0 -73.54
v 55.943 0 -73.769
v 56.275 0 -73.267
v 56.18 0 -73.18
v 56.224 0 -73.225
v 56.379 0 -73.333
v 56.327 0 -73.304
v 56.46 0 -73.36
v 56.424 0 -73.353
v 56.729 0 -73.607
v 56.656 0 -73.498
v 56.69 0 -73.55
v 56.855 0 -73.726
v 56.786 0 -73.667
v 57.021 0 -73.835
v 56.934 0 -73.783
v 57.197 0 -73.917
v 57.11 0 -73.88
v 57.479 0 -74.147
v 57.44 0 -74.09
v 57.45 0 -74.115
v 57.581 0 -74.223
v 57.524 0 -74.184
v 57.72 0 -74.3
v 57.647 0 -74.263
v 58.056 0 -74.537
v 58.01 0 -74.48
v 58.022 0 -74.505
v 58.174 0 -74.616
v 58.107 0 -74.575
v 58.34 0 -74.7
v 58.253 0 -74.659
v 58.668 0 -74.994
v 58.652 0 -74.925
v 58.66 0 -74.96
v 58.754 0 -75.076
v 58.701 0 -75.033
v 58.902 0 -75.162
v 58.822 0 -75.12
v 59.077 0 -75.237
v 58.99 0 -75.2
v 59.345 0 -75.444
v 59.308 0 -75.385
v 59.32 0 -75.41
v 59.522 0 -75.56
v 59.414 0 -75.496
v 59.827 0 -75.716
v 59.662 0 -75.634
v 61.063 0 -76.381
v 60.873 0 -76.256
v 60.97 0 -76.32
v 61.306 0 -76.525
v 61.177 0 -76.451
v 61.579 0 -76.669
v 61.443 0 -76.599
v 62.605 0 -77.29
v 62.45 0 -77.17
v 62.527 0 -77.233
v 62.749 0 -77.377
v 62.68 0 -77.339
v 62.85 0 -77.41
v 62.806 0 -77.401
v 63.373 0 -77.703
v 63.191 0 -77.578
v 63.28 0 -77.64
v 63.559 0 -77.809
v 63.467 0 -77.76
v 63.715 0 -77.871
v 63.643 0 -77.847
v 63.814 0 -77.883
v 63.77 0 -77.88
v 63.957 0 -78.001
v 63.934 0 -77.946
v 63.94 0 -77.97
v 64.081 0 -78.092
v 64.006 0 -78.043
v 64.288 0 -78.204
v 64.177 0 -78.147
v 64.538 0 -78.317
v 64.41 0 -78.26
v 65 0 -78.622
v 64.923 0 -78.54
v 64.96 0 -78.58
v 65.18 0 -78.74
v 65.075 0 -78.676
v 65.454 0 -78.885
v 65.308 0 -78.81
v 65.768 0 -79.035
v 65.61 0 -78.96
v 66.232 0 -79.354
v 66.179 0 -79.286
v 66.2 0 -79.32
v 66.461 0 -79.494
v 66.322 0 -79.414
v 66.854 0 -79.697
v 66.641 0 -79.59
v 68.041 0 -80.371
v 67.99 0 -80.32
v 68.004 0 -80.343
v 68.175 0 -80.439
v 68.1 0 -80.404
v 68.36 0 -80.51
v 68.263 0 -80.474
v 68.768 0 -80.748
v 68.74 0 -80.7
v 68.747 0 -80.722
v 68.845 0 -80.802
v 68.801 0 -80.775
v 68.96 0 -80.85
v 68.899 0 -80.828
v 69.249 0 -81.031
v 69.201 0 -80.974
v 69.22 0 -81
v 69.38 0 -81.124
v 69.304 0 -81.073
v 69.577 0 -81.24
v 69.473 0 -81.18
v 70.481 0 -82.548
v 70.19 0 -81.79
v 70.329 0 -82.211
v 70.843 0 -82.992
v 70.65 0 -82.806
v 71.32 0 -83.17
v 71.064 0 -83.112
v 71.641 0 -83.589
v 71.595 0 -83.355
v 71.6 0 -83.44
v 71.872 0 -83.996
v 71.74 0 -83.786
v 72.15 0 -84.326
v 72.017 0 -84.187
v 72.275 0 -84.391
v 72.25 0 -84.38
v 72.58 0 -84.862
v 72.429 0 -84.602
v 72.47 0 -84.68
v 72.897 0 -85.223
v 72.729 0 -85.049
v 73.221 0 -85.469
v 73.068 0 -85.368
v 73.381 0 -85.514
v 73.34 0 -85.51
v 73.795 0 -85.679
v 73.67 0 -85.62
v 73.729 0 -85.65
v 73.929 0 -85.728
v 73.863 0 -85.705
v 74.04 0 -85.76
v 73.989 0 -85.747
v 74.865 0 -86.069
v 74.458 0 -85.912
v 74.56 0 -85.96
v 75.611 0 -86.16
v 75.224 0 -86.136
v 76.374 0 -86.078
v 76.003 0 -86.141
v 76.829 0 -85.912
v 76.7 0 -85.97
v 77.372 0 -85.725
v 77.223 0 -85.758
v 77.26 0 -85.75
v 77.679 0 -85.591
v 77.52 0 -85.667
v 77.929 0 -85.434
v 77.824 0 -85.509
v 77.978 0 -85.358
v 77.97 0 -85.38
v 78.278 0 -85.19
v 78.144 0 -85.246
v 78.21 0 -85.22
v 78.397 0 -85.106
v 78.341 0 -85.151
v 78.484 0 -85.013
v 78.446 0 -85.059
v 78.534 0 -84.916
v 78.51 0 -84.97
v 78.92 0 -84.42
v 78.766 0 -84.593
v 78.84 0 -84.51
v 79.02 0 -84.274
v 78.98 0 -84.341
v 79.04 0 -84.177
v 79.04 0 -84.219
v 78.992 0 -84.128
v 79.02 0 -84.15
v 80.567 0 -82.206
v 79.726 0 -83.096
v 80.02 0 -82.79
v 81.489 0 -81.128
v 81.064 0 -81.643
v 82.034 0 -80.349
v 81.819 0 -80.687
v 82.128 0 -80.068
v 82.11 0 -80.14
v 82.734 0 -78.783
v 82.47 0 -79.306
v 82.6 0 -79.05
v 83.004 0 -78.225
v 82.871 0 -78.503
v 83.23 0 -77.733
v 83.126 0 -77.963
v 83.377 0 -77.395
v 83.31 0 -77.55
v 83.749 0 -76.728
v 83.68 0 -76.83
v 83.717 0 -76.784
v 83.794 0 -76.602
v 83.775 0 -76.666
v 83.81 0 -76.48
v 83.806 0 -76.539
v 84.098 0 -76.103
v 84 0 -76.18
v 84.052 0 -76.145
v 84.165 0 -76.004
v 84.136 0 -76.055
v 84.19 0 -75.9
v 84.184 0 -75.951
v 84.423 0 -75.195
v 84.322 0 -75.429
v 84.37 0 -75.32
v 84.535 0 -74.909
v 84.479 0 -75.056
v 84.634 0 -74.619
v 84.588 0 -74.761
v 84.702 0 -74.372
v 84.67 0 -74.49
v 84.88 0 -73.918
v 84.836 0 -74.009
v 84.86 0 -73.97
v 84.948 0 -73.704
v 84.91 0 -73.827
v 85.035 0 -73.393
v 84.99 0 -73.557
v 85.124 0 -73.036
v 85.08 0 -73.22
v 85.417 0 -72.233
v 85.35 0 -72.37
v 85.382 0 -72.307
v 85.483 0 -72.064
v 85.451 0 -72.15
v 85.53 0 -71.9
v 85.51 0 -71.979
v 85.968 0 -70.368
v 85.863 0 -70.584
v 85.93 0 -70.45
v 86.03 0 -70.204
v 86.002 0 -70.285
v 86.065 0 -70.063
v 86.051 0 -70.129
v 86.309 0 -69.364
v 86.208 0 -69.582
v 86.26 0 -69.48
v 86.393 0 -69.113
v 86.354 0 -69.239
v 86.443 0 -68.881
v 86.423 0 -68.991
v 86.456 0 -68.698
v 86.45 0 -68.79
v 86.652 0 -68.082
v 86.57 0 -68.272
v 86.61 0 -68.18
v 86.739 0 -67.855
v 86.696 0 -67.971
v 86.809 0 -67.628
v 86.777 0 -67.739
v 87.332 0 -65.97
v 87.196 0 -66.332
v 87.3 0 -66.06
v 87.391 0 -65.728
v 87.36 0 -65.866
v 87.481 0 -65.265
v 87.43 0 -65.534
v 87.559 0 -64.734
v 87.55 0 -64.9
v 87.46 0 -64.435
v 87.529 0 -64.578
v 87.214 0 -64.203
v 87.354 0 -64.309
v 86.948 0 -63.545
v 86.852 0 -63.698
v 86.91 0 -63.61
v 87.02 0 -63.248
v 86.984 0 -63.429
v 87.105 0 -62.623
v 87.06 0 -62.984
v 88.253 0 -60.866
v 87.725 0 -61.188
v 88.02 0 -61.01
v 88.595 0 -60.576
v 88.444 0 -60.721
v 88.79 0 -60.277
v 88.71 0 -60.429
v 88.857 0 -60.062
v 88.84 0 -60.12
v 89.008 0 -59.588
v 88.951 0 -59.748
v 88.98 0 -59.67
v 89.052 0 -59.393
v 89.033 0 -59.493
v 89.077 0 -59.191
v 89.067 0 -59.29
v 89.368 0 -57.937
v 89.27 0 -58.24
v 89.322 0 -58.088
v 89.435 0 -57.67
v 89.406 0 -57.795
v 89.46 0 -57.5
v 89.454 0 -57.569
v 89.983 0 -55.805
v 89.94 0 -55.92
v 89.963 0 -55.868
v 90.013 0 -55.659
v 90 0 -55.734
v 90.03 0 -55.51
v 90.023 0 -55.583
v 90.269 0 -54.827
v 90.162 0 -55.046
v 90.21 0 -54.95
v 90.354 0 -54.555
v 90.317 0 -54.696
v 90.395 0 -54.23
v 90.38 0 -54.4
v 90.397 0 -53.8
v 90.4 0 -54.04
v 90.338 0 -53.48
v 90.38 0 -53.623
v 90.125 0 -53.186
v 90.256 0 -53.344
v 89.6 0 -51.501
v 89.55 0 -51.56
v 89.578 0 -51.537
v 89.633 0 -51.399
v 89.619 0 -51.454
v 89.65 0 -51.28
v 89.643 0 -51.34
v 90.655 0 -50.552
v 90.55 0 -50.57
v 90.599 0 -50.565
v 90.769 0 -50.505
v 90.713 0 -50.531
v 90.86 0 -50.44
v 90.819 0 -50.474
v 91.972 0 -49.81
v 91.63 0 -49.99
v 91.802 0 -49.902
v 92.274 0 -49.634
v 92.132 0 -49.719
v 92.47 0 -49.5
v 92.39 0 -49.559
v 93.098 0 -49.159
v 92.929 0 -49.237
v 93.02 0 -49.2
v 93.23 0 -49.08
v 93.169 0 -49.119
v 93.309 0 -49.014
v 93.278 0 -49.044
v 93.332 0 -48.96
v 93.32 0 -48.99
v 93.737 0 -48.808
v 93.563 0 -48.852
v 93.65 0 -48.83
v 93.882 0 -48.757
v 93.816 0 -48.784
v 93.968 0 -48.7
v 93.934 0 -48.729
v 93.99 0 -48.639
v 93.98 0 -48.67
v 94.324 0 -48.457
v 94.178 0 -48.513
v 94.25 0 -48.49
v 94.46 0 -48.377
v 94.396 0 -48.419
v 94.556 0 -48.291
v 94.514 0 -48.334
v 94.601 0 -48.213
v 94.58 0 -48.25
v 94.974 0 -48.042
v 94.76 0 -48.124
v 94.81 0 -48.12
v 95.467 0 -47.568
v 95.208 0 -47.841
v 95.887 0 -47.007
v 95.709 0 -47.273
v 95.892 0 -46.739
v 95.96 0 -46.82
v 95.482 0 -46.489
v 95.719 0 -46.621
v 94.999 0 -46.275
v 95.228 0 -46.366
v 94.533 0 -46.36
v 94.84 0 -46.24
v 93.055 0 -47.057
v 93.879 0 -46.661
v 91.604 0 -47.789
v 92.238 0 -47.462
v 91.26 0 -48.002
v 91.33 0 -47.95
v 91.679 0 -42.688
v 91.525 0 -42.758
v 91.56 0 -42.75
v 92.046 0 -42.287
v 91.849 0 -42.524
v 92.431 0 -41.72
v 92.248 0 -42.009
v 92.639 0 -41.259
v 92.57 0 -41.45
v 92.647 0 -40.945
v 92.665 0 -41.091
v 92.476 0 -40.698
v 92.585 0 -40.815
v 92.224 0 -40.538
v 92.32 0 -40.59
v 92.037 0 -40.456
v 92.129 0 -40.493
v 91.884 0 -40.418
v 91.955 0 -40.431
v 91.774 0 -40.422
v 91.83 0 -40.42
v 91.716 0 -39.523
v 91.699 0 -40.01
v 91.71 0 -39.75
v 91.702 0 -39.195
v 91.713 0 -39.339
v 91.656 0 -39.014
v 91.683 0 -39.088
v 91.644 0 -31.175
v 91.57 0 -31.31
v 91.609 0 -31.246
v 91.699 0 -31.031
v 91.675 0 -31.103
v 91.72 0 -30.91
v 91.714 0 -30.966
v 92.05 0 -30.147
v 91.92 0 -30.41
v 91.997 0 -30.278
v 92.096 0 -29.8
v 92.082 0 -29.995
v 92.08 0 -29.19
v 92.095 0 -29.539
v 92.048 0 -28.72
v 92.064 0 -28.948
v 92.016 0 -28.346
v 92.031 0 -28.516
v 91.99 0 -28.15
v 92.002 0 -28.221
v 92.364 0 -27.942
v 92.121 0 -27.994
v 92.19 0 -27.98
v 92.575 0 -27.785
v 92.49 0 -27.881
v 92.653 0 -27.441
v 92.627 0 -27.642
v 92.664 0 -26.964
v 92.66 0 -27.17
v 92.944 0 -26.319
v 92.85 0 -26.43
v 92.899 0 -26.382
v 93.013 0 -26.168
v 92.982 0 -26.246
v 93.04 0 -26.01
v 93.033 0 -26.088
v 93.24 0 -25.329
v 93.157 0 -25.516
v 93.2 0 -25.42
v 93.313 0 -25.131
v 93.278 0 -25.231
v 93.365 0 -24.95
v 93.342 0 -25.036
v 93.391 0 -24.803
v 93.38 0 -24.88
v 93.644 0 -24.13
v 93.537 0 -24.364
v 93.59 0 -24.25
v 93.764 0 -23.856
v 93.703 0 -23.997
v 93.881 0 -23.585
v 93.824 0 -23.717
v 94.299 0 -22.976
v 94.23 0 -23.03
v 94.267 0 -23.009
v 94.344 0 -22.884
v 94.325 0 -22.934
v 94.36 0 -22.77
v 94.356 0 -22.829
v 94.951 0 -21.723
v 94.825 0 -21.866
v 94.93 0 -21.75
v 95.019 0 -21.607
v 94.981 0 -21.674
v 95.11 0 -21.432
v 95.063 0 -21.526
v 96.437 0 -19.831
v 96.07 0 -20.22
v 96.263 0 -20.019
v 96.703 0 -19.532
v 96.586 0 -19.666
v 96.81 0 -19.39
v 96.779 0 -19.437
v 97.402 0 -18.675
v 97.156 0 -18.947
v 97.28 0 -18.81
v 97.609 0 -18.427
v 97.513 0 -18.546
v 97.733 0 -18.253
v 97.684 0 -18.328
v 97.763 0 -18.167
v 97.75 0 -18.21
v 98.31 0 -17.627
v 98.11 0 -17.8
v 98.208 0 -17.716
v 98.5 0 -17.453
v 98.409 0 -17.537
v 98.64 0 -17.32
v 98.579 0 -17.379
v 99.01 0 -17.112
v 98.95 0 -17.13
v 98.982 0 -17.125
v 99.05 0 -17.068
v 99.033 0 -17.092
v 99.07 0 -17.01
v 99.063 0 -17.04
v 99.74 0 -16.14
v 99.415 0 -16.509
v 99.54 0 -16.37
v 99.969 0 -15.774
v 99.883 0 -15.943
v 99.981 0 -15.485
v 100.001 0 -15.623
v 99.824 0 -15.298
v 99.91 0 -15.35
v 99.192 0 -15.234
v 99.605 0 -15.26
v 97.541 0 -15.206
v 98.525 0 -15.217
v 92.52 0 -15.2
v 96.18 0 -15.2
v 91.907 0 -14.788
v 92.09 0 -14.91
v 91.571 0 -14.659
v 91.749 0 -14.707
v 90.986 0 -14.633
v 91.331 0 -14.637
v 88.964 0 -14.526
v 89.189 0 -14.577
v 89.08 0 -14.55
v 88.474 0 -14.485
v 88.756 0 -14.504
v 87.754 0 -14.457
v 88.134 0 -14.469
v 86.873 0 -14.442
v 87.35 0 -14.45
v 85.745 0 -14.294
v 85.858 0 -14.363
v 85.81 0 -14.33
v 85.283 0 -14.245
v 85.574 0 -14.266
v 84.293 0 -14.223
v 84.86 0 -14.231
v 82.656 0 -14.221
v 83.57 0 -14.22
v 81.631 0 -14.245
v 82.031 0 -14.227
v 81.25 0 -14.336
v 81.392 0 -14.279
v 81.08 0 -14.484
v 81.14 0 -14.42
v 80.97 0 -14.621
v 81.023 0 -14.552
v 80.886 0 -14.749
v 80.924 0 -14.688
v 78.089 0 -14.728
v 78.592 0 -14.871
v 78.28 0 -14.78
v 77.674 0 -14.644
v 77.884 0 -14.682
v 77.282 0 -14.596
v 77.47 0 -14.615
v 76.964 0 -14.589
v 77.12 0 -14.59
v 75.699 0 -14.369
v 76.04 0 -14.45
v 75.876 0 -14.409
v 75.344 0 -14.297
v 75.519 0 -14.331
v 75.05 0 -14.25
v 75.185 0 -14.27
v 74.435 0 -14.195
v 74.765 0 -14.225
v 74.601 0 -14.21
v 74.13 0 -14.17
v 74.275 0 -14.181
v 73.483 0 -14.172
v 73.785 0 -14.151
v 73.014 0 -14.334
v 73.225 0 -14.234
v 72.74 0 -14.65
v 72.851 0 -14.473
v 71.475 0 -15.046
v 71.92 0 -15.01
v 71.711 0 -15.027
v 70.975 0 -15.088
v 71.225 0 -15.066
v 70.53 0 -15.13
v 70.739 0 -15.109
v 69.64 0 -15.6
v 69.82 0 -15.2
v 67.698 0 -16.348
v 67.88 0 -16.41
v 67.798 0 -16.377
v 67.462 0 -16.306
v 67.584 0 -16.324
v 67.22 0 -16.29
v 67.339 0 -16.294
v 65.97 0 -16.051
v 66.342 0 -16.152
v 66.15 0 -16.1
v 65.63 0 -15.967
v 65.794 0 -16.006
v 65.37 0 -15.917
v 65.486 0 -15.937
v 64.858 0 -15.651
v 64.981 0 -15.772
v 64.93 0 -15.72
v 64.641 0 -15.574
v 64.768 0 -15.603
v 64.202 0 -15.56
v 64.459 0 -15.56
v 63.605 0 -15.577
v 63.85 0 -15.57
v 63.178 0 -15.604
v 63.377 0 -15.589
v 62.903 0 -15.64
v 63.016 0 -15.621
v 62.819 0 -15.746
v 62.85 0 -15.66
v 62.85 0 -16.119
v 62.821 0 -15.911
v 62.961 0 -16.514
v 62.899 0 -16.332
v 63.049 0 -16.655
v 63.03 0 -16.63
v 63.095 0 -16.922
v 63.092 0 -16.824
v 63.09 0 -16.87
v 63.153 0 -17.054
v 63.116 0 -16.984
v 63.257 0 -17.196
v 63.2 0 -17.126
v 63.387 0 -17.328
v 63.32 0 -17.26
v 63.779 0 -17.926
v 63.69 0 -17.77
v 63.733 0 -17.852
v 63.871 0 -18.037
v 63.826 0 -17.989
v 63.94 0 -18.08
v 63.91 0 -18.069
v 64.047 0 -18.261
v 64.027 0 -18.176
v 64.03 0 -18.21
v 64.171 0 -18.436
v 64.096 0 -18.338
v 64.378 0 -18.669
v 64.267 0 -18.549
v 64.625 0 -18.911
v 64.5 0 -18.79
v 64.994 0 -19.393
v 64.953 0 -19.299
v 64.97 0 -19.34
v 65.165 0 -19.614
v 65.061 0 -19.487
v 65.456 0 -19.938
v 65.299 0 -19.767
v 65.807 0 -20.305
v 65.63 0 -20.12
v 66.408 0 -21.029
v 66.29 0 -20.87
v 66.321 0 -20.924
v 66.715 0 -21.361
v 66.543 0 -21.177
v 67.14 0 -21.8
v 66.917 0 -21.571
v 68.056 0 -22.838
v 67.99 0 -22.73
v 68.007 0 -22.768
v 68.227 0 -23.049
v 68.131 0 -22.934
v 68.46 0 -23.31
v 68.338 0 -23.176
v 68.352 0 -26.822
v 68.55 0 -26.55
v 68.447 0 -26.686
v 68.201 0 -27.065
v 68.269 0 -26.95
v 68.13 0 -27.23
v 68.153 0 -27.16
v 67.84 0 -27.406
v 67.94 0 -27.394
v 67.89 0 -27.4
v 67.749 0 -27.452
v 67.793 0 -27.424
v 67.681 0 -27.532
v 67.711 0 -27.489
v 66.608 0 -28.658
v 66.784 0 -28.561
v 66.67 0 -28.62
v 66.294 0 -28.934
v 66.479 0 -28.766
v 65.803 0 -29.406
v 66.065 0 -29.15
v 63.992 0 -31.043
v 64.15 0 -30.93
v 64.07 0 -30.984
v 63.861 0 -31.167
v 63.921 0 -31.105
v 63.79 0 -31.28
v 63.816 0 -31.226
v 63.109 0 -32.067
v 63.35 0 -31.83
v 63.234 0 -31.94
v 62.864 0 -32.337
v 62.984 0 -32.201
v 62.67 0 -32.58
v 62.757 0 -32.465
v 60.32 0 -35.114
v 61.407 0 -33.98
v 61.04 0 -34.36
v 59.535 0 -36.094
v 59.833 0 -35.666
v 59.336 0 -36.884
v 59.384 0 -36.474
v 59.37 0 -37.763
v 59.35 0 -37.4
v 58.984 0 -38.352
v 59.23 0 -38.32
v 59.098 0 -38.328
v 58.82 0 -38.441
v 58.89 0 -38.39
v 58.76 0 -38.58
v 58.775 0 -38.505
v 58.407 0 -39.185
v 58.592 0 -38.913
v 58.53 0 -38.99
v 58.176 0 -39.826
v 58.286 0 -39.476
v 58.028 0 -40.564
v 58.087 0 -40.201
v 58.022 0 -41.062
v 58.01 0 -40.88
v 58.104 0 -41.513
v 58.054 0 -41.279
v 58.236 0 -41.969
v 58.166 0 -41.748
v 57.652 0 -44.433
v 57.87 0 -43.97
v 57.755 0 -44.207
v 57.498 0 -44.807
v 57.565 0 -44.636
v 57.44 0 -45.01
v 57.455 0 -44.935
v 57.263 0 -45.336
v 57.344 0 -45.249
v 57.31 0 -45.28
v 57.136 0 -45.55
v 57.204 0 -45.428
v 56.986 0 -45.858
v 57.063 0 -45.696
v 56.449 0 -46.841
v 56.53 0 -46.75
v 56.492 0 -46.786
v 56.357 0 -46.995
v 56.404 0 -46.912
v 56.27 0 -47.18
v 56.312 0 -47.086
v 55.84 0 -47.859
v 55.94 0 -47.73
v 55.887 0 -47.793
v 55.77 0 -47.988
v 55.8 0 -47.925
v 55.75 0 -48.09
v 55.753 0 -48.044
v 55.615 0 -48.231
v 55.678 0 -48.206
v 55.65 0 -48.21
v 55.496 0 -48.38
v 55.562 0 -48.289
v 55.341 0 -48.636
v 55.421 0 -48.497
v 54.6 0 -49.838
v 54.691 0 -49.761
v 54.64 0 -49.8
v 54.466 0 -50.033
v 54.541 0 -49.918
v 54.283 0 -50.34
v 54.379 0 -50.176
v 53.187 0 -51.535
v 53.29 0 -51.51
v 53.244 0 -51.516
v 53.056 0 -51.602
v 53.124 0 -51.564
v 52.92 0 -51.7
v 52.987 0 -51.648
v 52.576 0 -51.914
v 52.64 0 -51.89
v 52.614 0 -51.896
v 52.474 0 -51.979
v 52.529 0 -51.943
v 52.35 0 -52.07
v 52.414 0 -52.022
v 51.561 0 -52.333
v 51.94 0 -52.26
v 51.774 0 -52.279
v 51.026 0 -52.534
v 51.309 0 -52.419
v 50.4 0 -52.84
v 50.72 0 -52.676
v 49.4 0 -52.854
v 49.58 0 -52.96
v 49.477 0 -52.893
v 49.287 0 -52.859
v 49.34 0 -52.842
v 49.16 0 -52.98
v 49.23 0 -52.905
v 48.376 0 -52.876
v 48.259 0 -53.16
v 48.29 0 -53.11
v 48.351 0 -52.27
v 48.395 0 -52.589
v 48.09 0 -51.624
v 48.249 0 -51.941
v 48.417 0 -48.432
v 48.012 0 -48.821
v 48.19 0 -48.65
v 48.661 0 -48.018
v 48.573 0 -48.226
v 48.655 0 -47.53
v 48.687 0 -47.791
v 48.519 0 -47.067
v 48.57 0 -47.22
v 48.417 0 -46.792
v 48.467 0 -46.922
v 48.336 0 -46.605
v 48.373 0 -46.684
v 48.276 0 -44.007
v 48.22 0 -44.45
v 48.249 0 -44.252
v 48.318 0 -43.437
v 48.299 0 -43.73
v 48.34 0 -42.86
v 48.332 0 -43.142
v 48.907 0 -41.331
v 48.37 0 -41.89
v 48.75 0 -41.5
v 49.08 0 -41.063
v 49.013 0 -41.195
v 49.133 0 -40.694
v 49.117 0 -40.905
v 49.623 0 -39.873
v 49.57 0 -39.72
v 49.596 0 -39.801
v 49.677 0 -39.98
v 49.65 0 -39.934
v 49.73 0 -40.02
v 49.704 0 -40.01
v 49.621 0 -42.7
v 49.856 0 -42.087
v 49.71 0 -42.44
v 49.539 0 -43.335
v 49.564 0 -43.005
v 49.587 0 -43.984
v 49.546 0 -43.668
v 49.747 0 -44.434
v 49.66 0 -44.26
v 50.046 0 -44.725
v 49.879 0 -44.591
v 50.443 0 -44.896
v 50.238 0 -44.829
v 50.791 0 -44.896
v 50.65 0 -44.92
v 51.185 0 -44.71
v 50.972 0 -44.824
v 51.685 0 -44.364
v 51.425 0 -44.556
v 52.429 0 -43.863
v 52.34 0 -43.89
v 52.38 0 -43.88
v 52.62 0 -43.739
v 52.511 0 -43.814
v 52.891 0 -43.532
v 52.749 0 -43.643
v 53.187 0 -43.285
v 53.04 0 -43.41
v 54.313 0 -43.447
v 53.996 0 -43.183
v 54.09 0 -43.27
v 54.708 0 -43.604
v 54.52 0 -43.559
v 55.015 0 -43.49
v 54.874 0 -43.581
v 55.175 0 -43.256
v 55.13 0 -43.33
v 55.554 0 -42.943
v 55.46 0 -42.99
v 55.509 0 -42.97
v 55.623 0 -42.871
v 55.592 0 -42.909
v 55.65 0 -42.79
v 55.643 0 -42.831
v 55.993 0 -42.648
v 55.809 0 -42.664
v 55.87 0 -42.66
v 56.217 0 -42.544
v 56.107 0 -42.611
v 56.448 0 -42.302
v 56.329 0 -42.442
v 56.638 0 -42.038
v 56.58 0 -42.12
v 57.002 0 -41.774
v 56.869 0 -41.821
v 56.91 0 -41.81
v 57.225 0 -41.534
v 57.111 0 -41.676
v 57.421 0 -41.184
v 57.332 0 -41.364
v 57.495 0 -40.899
v 57.48 0 -41.01
v 57.449 0 -40.695
v 57.486 0 -40.798
v 57.266 0 -40.438
v 57.377 0 -40.579
v 56.663 0 -39.367
v 56.7 0 -39.624
v 56.69 0 -39.53
v 56.44 0 -39.048
v 56.58 0 -39.207
v 55.977 0 -38.721
v 56.24 0 -38.886
v 55.505 0 -38.478
v 55.65 0 -38.55
v 54.745 0 -37.918
v 54.88 0 -38.06
v 54.813 0 -37.989
v 54.619 0 -37.792
v 54.679 0 -37.851
v 54.53 0 -37.71
v 54.568 0 -37.744
v 53.579 0 -36.732
v 54.034 0 -37.202
v 53.89 0 -37.05
v 53.097 0 -36.292
v 53.315 0 -36.48
v 52.796 0 -36.112
v 52.925 0 -36.17
v 52.115 0 -35.528
v 52.204 0 -35.699
v 52.14 0 -35.57
v 52.044 0 -35.44
v 52.083 0 -35.484
v 51.956 0 -35.365
v 52.001 0 -35.4
v 50.551 0 -33.789
v 50.849 0 -34.249
v 50.7 0 -34.01
v 50.019 0 -33.171
v 50.308 0 -33.493
v 49.496 0 -32.663
v 49.732 0 -32.877
v 49.327 0 -32.57
v 49.36 0 -32.58
v 48.826 0 -32.224
v 49.025 0 -32.373
v 48.93 0 -32.3
v 48.632 0 -32.099
v 48.725 0 -32.156
v 48.486 0 -32.024
v 48.551 0 -32.054
v 48.357 0 -31.992
v 48.44 0 -32.01
v 49.379 0 -30.949
v 49.25 0 -30.98
v 49.301 0 -30.972
v 49.594 0 -30.867
v 49.479 0 -30.914
v 49.85 0 -30.75
v 49.72 0 -30.812
v 50.306 0 -30.476
v 50.087 0 -30.621
v 50.674 0 -30.147
v 50.502 0 -30.317
v 50.93 0 -29.78
v 50.818 0 -29.967
v 51.019 0 -29.368
v 50.985 0 -29.607
v 51.024 0 -28.865
v 51.033 0 -29.106
v 50.94 0 -28.62
v 50.993 0 -28.689
v 50.83 0 -28.262
v 50.853 0 -28.452
v 50.85 0 -28.39
v 50.665 0 -28.074
v 50.769 0 -28.156
v 50.327 0 -27.976
v 50.518 0 -28.014
v 49.06 0 -27.069
v 49.14 0 -27.28
v 49.102 0 -27.172
v 48.973 0 -26.901
v 49.016 0 -26.978
v 48.9 0 -26.81
v 48.934 0 -26.843
v 48.756 0 -26.441
v 48.785 0 -26.631
v 48.78 0 -26.59
v 48.589 0 -26.05
v 48.689 0 -26.256
v 48.325 0 -25.646
v 48.464 0 -25.841
v 48.067 0 -25.376
v 48.18 0 -25.48
v 47.845 0 -25.245
v 47.96 0 -25.299
v 47.543 0 -25.181
v 47.71 0 -25.207
v 47.173 0 -25.148
v 47.33 0 -25.16
v 46.404 0 -25.002
v 46.56 0 -25.05
v 46.493 0 -25.028
v 46.186 0 -24.948
v 46.3 0 -24.975
v 45.95 0 -24.9
v 46.067 0 -24.922
v 45.641 0 -24.857
v 45.814 0 -24.879
v 44.595 0 -24.724
v 45.023 0 -24.779
v 44.82 0 -24.75
v 44.018 0 -24.674
v 44.322 0 -24.699
v 43.38 0 -24.633
v 43.698 0 -24.651
v 40.653 0 -23.506
v 40.91 0 -23.81
v 40.782 0 -23.655
v 40.423 0 -23.251
v 40.531 0 -23.369
v 40.28 0 -23.1
v 40.337 0 -23.159
v 40.1 0 -22.781
v 40.116 0 -22.859
v 40.11 0 -22.82
v 40.03 0 -22.665
v 40.073 0 -22.729
v 39.906 0 -22.522
v 39.974 0 -22.595
v 39.526 0 -21.871
v 39.55 0 -22
v 39.544 0 -21.942
v 39.467 0 -21.705
v 39.5 0 -21.791
v 39.39 0 -21.53
v 39.43 0 -21.617
v 38.967 0 -19.505
v 39.048 0 -20.172
v 39 0 -19.76
v 38.861 0 -19.145
v 38.926 0 -19.31
v 38.599 0 -18.785
v 38.758 0 -18.98
v 38.091 0 -18.243
v 38.37 0 -18.53
v 37.566 0 -17.834
v 37.824 0 -18.011
v 37.071 0 -17.634
v 37.316 0 -17.709
v 36.749 0 -17.604
v 36.83 0 -17.61
v 35.804 0 -17.322
v 36.08 0 -17.42
v 35.94 0 -17.368
v 35.563 0 -17.255
v 35.676 0 -17.284
v 35.4 0 -17.23
v 35.469 0 -17.236
v 34.769 0 -16.991
v 34.964 0 -17.092
v 34.87 0 -17.04
v 34.575 0 -16.908
v 34.669 0 -16.946
v 34.421 0 -16.857
v 34.491 0 -16.877
v 33.843 0 -16.013
v 33.922 0 -16.3
v 33.87 0 -16.11
v 33.754 0 -15.793
v 33.803 0 -15.905
v 33.635 0 -15.579
v 33.697 0 -15.682
v 33.47 0 -15.366
v 33.57 0 -15.49
v 33.251 0 -15.219
v 33.373 0 -15.279
v 32.822 0 -15.148
v 33.077 0 -15.178
v 32.192 0 -15.101
v 32.46 0 -15.12
v 31.546 0 -15.071
v 31.881 0 -15.084
v 30.877 0 -15.058
v 31.205 0 -15.062
v 30.219 0 -15.065
v 30.58 0 -15.06
v 29.133 0 -14.829
v 29.415 0 -14.968
v 29.3 0 -14.91
v 28.869 0 -14.82
v 28.991 0 -14.799
v 28.667 0 -15.024
v 28.762 0 -14.894
v 28.528 0 -15.324
v 28.58 0 -15.21
v 28.134 0 -15.45
v 28.27 0 -15.49
v 28.213 0 -15.47
v 27.939 0 -15.41
v 28.041 0 -15.43
v 27.624 0 -15.358
v 27.833 0 -15.39
v 27.73 0 -15.37
v 27.146 0 -15.268
v 27.262 0 -15.292
v 27.21 0 -15.28
v 26.894 0 -15.236
v 27.037 0 -15.253
v 26.532 0 -15.208
v 26.723 0 -15.221
v 25.435 0 -15.056
v 25.545 0 -15.106
v 25.49 0 -15.08
v 25.198 0 -15.015
v 25.334 0 -15.034
v 24.847 0 -14.987
v 25.032 0 -14.999
v 24.391 0 -14.975
v 24.65 0 -14.98
v 23.999 0 -15.003
v 24.178 0 -14.982
v 23.696 0 -15.09
v 23.842 0 -15.038
v 23.384 0 -15.249
v 23.55 0 -15.16
v 23.192 0 -15.399
v 23.265 0 -15.329
v 23.181 0 -15.518
v 23.165 0 -15.461
v 22.659 0 -15.578
v 22.69 0 -15.62
v 22.682 0 -15.599
v 22.574 0 -15.536
v 22.622 0 -15.556
v 22.45 0 -15.5
v 22.516 0 -15.517
v 22.055 0 -15.152
v 22.12 0 -15.25
v 22.089 0 -15.198
v 21.988 0 -15.085
v 22.021 0 -15.114
v 21.93 0 -15.06
v 21.957 0 -15.066
v 21.279 0 -14.702
v 21.618 0 -14.913
v 21.54 0 -14.86
v 20.455 0 -14.264
v 20.894 0 -14.491
v 19.697 0 -13.902
v 20.033 0 -14.056
v 19.487 0 -13.846
v 19.52 0 -13.84
v 19.41 0 -13.884
v 19.45 0 -13.861
v 19.333 0 -13.945
v 19.37 0 -13.913
v 19.263 0 -14.031
v 19.3 0 -13.98
v 19.234 0 -14.122
v 19.24 0 -14.078
v 19.268 0 -14.22
v 19.243 0 -14.169
v 19.454 0 -14.449
v 19.31 0 -14.28
v 19.915 0 -14.909
v 19.669 0 -14.671
v 20.336 0 -15.285
v 20.151 0 -15.126
v 20.48 0 -15.38
v 20.43 0 -15.35
v 21.58 0 -16.413
v 21.125 0 -15.968
v 21.35 0 -16.19
v 21.983 0 -16.787
v 21.794 0 -16.615
v 22.245 0 -17.009
v 22.136 0 -16.922
v 22.335 0 -17.046
v 22.3 0 -17.04
v 22.402 0 -17.587
v 22.632 0 -17.456
v 22.54 0 -17.5
v 22.316 0 -17.808
v 22.328 0 -17.692
v 22.474 0 -18.035
v 22.365 0 -17.924
v 22.727 0 -18.171
v 22.64 0 -18.13
v 23.001 0 -18.401
v 22.97 0 -18.35
v 22.978 0 -18.373
v 23.086 0 -18.466
v 23.038 0 -18.433
v 23.21 0 -18.53
v 23.144 0 -18.499
v 23.387 0 -18.933
v 23.413 0 -18.776
v 23.4 0 -18.85
v 23.438 0 -19.107
v 23.399 0 -19.017
v 23.601 0 -19.328
v 23.504 0 -19.209
v 23.839 0 -19.576
v 23.73 0 -19.47
v 24.039 0 -19.753
v 23.944 0 -19.671
v 24.182 0 -19.856
v 24.12 0 -19.815
v 24.261 0 -19.884
v 24.22 0 -19.87
v 24.943 0 -20.957
v 24.99 0 -20.8
v 24.966 0 -20.86
v 24.903 0 -21.23
v 24.923 0 -21.082
v 24.87 0 -21.56
v 24.886 0 -21.391
v 24.867 0 -21.999
v 24.861 0 -21.804
v 24.943 0 -22.331
v 24.892 0 -22.168
v 25.14 0 -22.73
v 25.024 0 -22.511
v 23.243 0 -21.457
v 23.61 0 -21.82
v 23.413 0 -21.619
v 22.983 0 -21.253
v 23.1 0 -21.335
v 22.83 0 -21.21
v 22.893 0 -21.211
v 22.702 0 -21.327
v 22.746 0 -21.26
v 22.734 0 -21.506
v 22.699 0 -21.41
v 22.92 0 -21.73
v 22.808 0 -21.614
v 23.453 0 -22.498
v 23.34 0 -22.3
v 23.394 0 -22.4
v 23.574 0 -22.672
v 23.514 0 -22.59
v 23.68 0 -22.79
v 23.631 0 -22.74
v 24.025 0 -23.282
v 23.936 0 -23.119
v 23.98 0 -23.2
v 24.136 0 -23.442
v 24.079 0 -23.364
v 24.251 0 -23.57
v 24.195 0 -23.513
v 24.348 0 -23.649
v 24.3 0 -23.61
v 24.494 0 -23.931
v 24.474 0 -23.837
v 24.48 0 -23.88
v 24.595 0 -24.084
v 24.534 0 -24
v 24.762 0 -24.273
v 24.673 0 -24.176
v 25.214 0 -24.687
v 24.86 0 -24.37
v 25.9 0 -25.463
v 25.89 0 -25.41
v 25.892 0 -25.438
v 25.927 0 -25.5
v 25.911 0 -25.484
v 25.97 0 -25.52
v 25.947 0 -25.513
v 27.143 0 -26.648
v 26.805 0 -26.29
v 27.05 0 -26.55
v 27.361 0 -26.85
v 27.249 0 -26.75
v 27.583 0 -27.025
v 27.474 0 -26.943
v 27.774 0 -27.152
v 27.68 0 -27.09
v 28.349 0 -27.65
v 28.23 0 -27.53
v 28.288 0 -27.593
v 28.465 0 -27.74
v 28.409 0 -27.7
v 28.55 0 -27.78
v 28.513 0 -27.767
v 29.505 0 -29.348
v 29.604 0 -29.227
v 29.55 0 -29.29
v 29.427 0 -29.47
v 29.464 0 -29.409
v 29.383 0 -29.579
v 29.4 0 -29.528
v 29.379 0 -29.656
v 29.38 0 -29.62
v 29.21 0 -29.853
v 29.285 0 -29.796
v 29.25 0 -29.82
v 29.111 0 -29.981
v 29.163 0 -29.908
v 29.002 0 -30.167
v 29.057 0 -30.069
v 28.516 0 -30.926
v 28.6 0 -30.82
v 28.556 0 -30.869
v 28.454 0 -31.047
v 28.481 0 -30.986
v 28.43 0 -31.16
v 28.436 0 -31.106
v 28.187 0 -31.404
v 28.298 0 -31.364
v 28.25 0 -31.38
v 28.103 0 -31.486
v 28.139 0 -31.439
v 28.064 0 -31.625
v 28.078 0 -31.547
v 27.828 0 -32.144
v 27.932 0 -32.064
v 27.88 0 -32.1
v 27.696 0 -32.304
v 27.766 0 -32.214
v 27.554 0 -32.527
v 27.624 0 -32.41
v 26.53 0 -33.946
v 26.96 0 -33.43
v 26.75 0 -33.67
v 26.117 0 -34.524
v 26.314 0 -34.238
v 25.84 0 -35
v 25.954 0 -34.785
v 25.56 0 -35.33
v 25.61 0 -35.31
v 25.582 0 -35.315
v 25.527 0 -35.38
v 25.541 0 -35.353
v 25.51 0 -35.44
v 25.517 0 -35.41
v 25.16 0 -35.984
v 25.28 0 -35.84
v 25.217 0 -35.914
v 25.073 0 -36.103
v 25.111 0 -36.048
v 25.04 0 -36.18
v 25.049 0 -36.148
v 39.066 0 -36.109
v 38.98 0 -36.17
v 40.531 0 -36.192
v 40.37 0 -36.13
v 40.439 0 -36.163
v 40.756 0 -36.234
v 40.639 0 -36.216
v 40.99 0 -36.25
v 40.875 0 -36.246
v 41.682 0 -36.41
v 41.49 0 -36.34
v 41.551 0 -36.377
v 42.321 0 -36.49
v 41.925 0 -36.446
v 43.74 0 -36.62
v 42.912 0 -36.546
v 45.015 0 -39.286
v 45.1 0 -39.03
v 45.044 0 -39.119
v 45.035 0 -39.728
v 45.013 0 -39.499
v 45.15 0 -40.11
v 45.081 0 -39.942
v 45.216 0 -40.739
v 45.23 0 -40.6
v 45.219 0 -40.675
v 45.234 0 -40.831
v 45.221 0 -40.791
v 45.28 0 -40.87
v 45.253 0 -40.858
v 45.227 0 -42.06
v 45.28 0 -41.96
v 45.249 0 -41.995
v 45.207 0 -42.27
v 45.213 0 -42.153
v 45.22 0 -42.57
v 45.209 0 -42.41
v 44.196 0 -42.125
v 44.26 0 -42.22
v 44.243 0 -42.183
v 44.024 0 -41.961
v 44.121 0 -42.05
v 43.78 0 -41.76
v 43.909 0 -41.864
v 43.281 0 -41.223
v 43.327 0 -41.322
v 43.31 0 -41.28
v 43.075 0 -40.972
v 43.2 0 -41.118
v 42.722 0 -40.595
v 42.913 0 -40.796
v 41.613 0 -39.31
v 41.71 0 -39.46
v 41.685 0 -39.406
v 41.36 0 -39.02
v 41.502 0 -39.179
v 41.01 0 -38.65
v 41.194 0 -38.841
v 40.226 0 -37.739
v 40.3 0 -37.86
v 40.281 0 -37.816
v 40.03 0 -37.508
v 40.141 0 -37.634
v 39.75 0 -37.22
v 39.898 0 -37.368
v 39 0 -36.277
v 24.669 0 -36.836
v 24.908 0 -36.46
v 24.86 0 -36.53
v 24.265 0 -37.625
v 24.463 0 -37.219
v 23.994 0 -38.294
v 24.101 0 -38.001
v 23.981 0 -38.49
v 23.97 0 -38.45
v 21.753 0 -37.822
v 22.11 0 -37.988
v 21.82 0 -37.85
v 21.51 0 -37.783
v 21.647 0 -37.8
v 21.174 0 -37.763
v 21.35 0 -37.77
v 20.729 0 -37.758
v 20.99 0 -37.76
v 20.814 0 -36.278
v 20.73 0 -36.38
v 20.774 0 -36.329
v 20.876 0 -36.189
v 20.849 0 -36.23
v 20.9 0 -36.14
v 20.894 0 -36.158
v 20.724 0 -35.915
v 20.85 0 -36.058
v 20.383 0 -35.579
v 20.556 0 -35.744
v 20.16 0 -35.4
v 20.239 0 -35.453
v 20.073 0 -35.446
v 20.127 0 -35.412
v 19.914 0 -35.564
v 20 0 -35.497
v 19.72 0 -35.73
v 19.819 0 -35.643
v 18.803 0 -34.429
v 19.139 0 -35.553
v 19.02 0 -35.15
v 18.519 0 -33.554
v 18.64 0 -33.909
v 18.338 0 -33.182
v 18.423 0 -33.324
v 18.191 0 -33.029
v 18.25 0 -33.09
v 17.827 0 -32.458
v 17.931 0 -32.652
v 17.88 0 -32.55
v 17.711 0 -32.304
v 17.77 0 -32.375
v 17.599 0 -32.213
v 17.653 0 -32.249
v 17.495 0 -32.192
v 17.55 0 -32.2
v 16.684 0 -31.85
v 16.94 0 -31.97
v 16.81 0 -31.907
v 16.469 0 -31.763
v 16.569 0 -31.801
v 16.34 0 -31.73
v 16.391 0 -31.739
v 15.964 0 -31.529
v 16.115 0 -31.64
v 16.08 0 -31.61
v 15.55 0 -31.338
v 15.776 0 -31.434
v 15.11 0 -31.193
v 15.317 0 -31.253
v 13.115 0 -30.471
v 14.02 0 -30.84
v 13.547 0 -30.645
v 12.408 0 -30.205
v 12.733 0 -30.324
v 11.97 0 -30.07
v 12.151 0 -30.119
v 11.692 0 -29.903
v 11.729 0 -29.959
v 11.71 0 -29.93
v 11.616 0 -29.868
v 11.66 0 -29.883
v 11.504 0 -29.852
v 11.563 0 -29.857
v 11.045 0 -29.687
v 11.12 0 -29.74
v 11.081 0 -29.707
v 10.975 0 -29.687
v 11.01 0 -29.68
v 10.9 0 -29.74
v 10.939 0 -29.707
v 10.12 0 -29.416
v 10.164 0 -29.695
v 10.16 0 -29.6
v 9.842 0 -29
v 10.01 0 -29.211
v 9.385 0 -28.611
v 9.63 0 -28.796
v 8.995 0 -28.393
v 9.12 0 -28.46
v 8.307 0 -27.841
v 8.45 0 -27.99
v 8.386 0 -27.915
v 8.126 0 -27.715
v 8.219 0 -27.774
v 7.95 0 -27.64
v 8.035 0 -27.669
v 7.635 0 -27.214
v 7.678 0 -27.412
v 7.67 0 -27.35
v 7.405 0 -26.76
v 7.54 0 -27.007
v 7.082 0 -26.266
v 7.246 0 -26.503
v 6.537 0 -25.372
v 6.64 0 -25.58
v 6.591 0 -25.475
v 6.426 0 -25.188
v 6.481 0 -25.275
v 6.33 0 -25.06
v 6.374 0 -25.115
v 5.625 0 -23.983
v 5.733 0 -24.194
v 5.68 0 -24.08
v 5.436 0 -23.931
v 5.542 0 -23.934
v 5.171 0 -24.069
v 5.311 0 -23.976
v 4.75 0 -24.49
v 5.02 0 -24.21
v 4.78 0 -27.29
v 4.77 0 -26.3
v 4.775 0 -26.801
v 4.79 0 -28.14
v 4.785 0 -27.744
v 4.8 0 -28.67
v 4.795 0 -28.456
v 4.303 0 -29.978
v 4.32 0 -30.1
v 4.318 0 -30.048
v 4.241 0 -29.802
v 4.276 0 -29.894
v 4.15 0 -29.62
v 4.198 0 -29.709
v 3.899 0 -28.864
v 3.93 0 -29.04
v 3.919 0 -28.958
v 3.831 0 -28.663
v 3.869 0 -28.764
v 3.74 0 -28.48
v 3.788 0 -28.567
v 3.558 0 -27.461
v 3.57 0 -27.71
v 3.567 0 -27.582
v 3.529 0 -27.266
v 3.545 0 -27.354
v 3.49 0 -27.17
v 3.51 0 -27.202
v 3.132 0 -25.831
v 3.35 0 -26.82
v 3.239 0 -26.264
v 2.918 0 -25.309
v 3.026 0 -25.515
v 2.68 0 -25.2
v 2.804 0 -25.206
v 2.574 0 -25.243
v 2.628 0 -25.221
v 2.47 0 -25.293
v 2.52 0 -25.268
v 2.39 0 -25.35
v 2.425 0 -25.321
v 2.34 0 -25.677
v 2.362 0 -25.446
v 2.307 0 -26.496
v 2.321 0 -26.031
v 2.29 0 -27.71
v 2.297 0 -27.059
v 2.294 0 -29.222
v 2.288 0 -28.577
v 2.34 0 -30.038
v 2.31 0 -29.692
v 2.45 0 -30.55
v 2.385 0 -30.308
v 2.651 0 -31.716
v 2.63 0 -31.49
v 2.636 0 -31.602
v 2.703 0 -31.924
v 2.674 0 -31.825
v 2.77 0 -32.07
v 2.735 0 -32.008
v 2.851 0 -32.418
v 2.866 0 -32.308
v 2.86 0 -32.33
v 2.965 0 -32.846
v 2.889 0 -32.597
v 3.199 0 -33.464
v 3.071 0 -33.143
v 3.403 0 -33.933
v 3.34 0 -33.79
v 3.605 0 -34.836
v 3.565 0 -34.509
v 3.57 0 -34.61
v 3.834 0 -35.497
v 3.699 0 -35.146
v 4.152 0 -36.152
v 3.991 0 -35.847
v 4.338 0 -36.417
v 4.3 0 -36.37
v 4.245 0 -36.656
v 4.358 0 -36.557
v 4.33 0 -36.58
v 4.247 0 -36.855
v 4.219 0 -36.749
v 4.456 0 -37.081
v 4.328 0 -36.967
v 4.75 0 -37.252
v 4.63 0 -37.19
v 5.384 0 -37.705
v 5.218 0 -37.566
v 5.3 0 -37.64
v 5.565 0 -37.83
v 5.474 0 -37.77
v 5.732 0 -37.928
v 5.653 0 -37.884
v 5.699 0 -38.765
v 5.83 0 -38.56
v 5.75 0 -38.656
v 5.665 0 -39.159
v 5.671 0 -38.921
v 5.7 0 -40.01
v 5.676 0 -39.51
v 5.756 0 -40.823
v 5.728 0 -40.472
v 5.83 0 -41.277
v 5.789 0 -41.084
v 5.96 0 -41.55
v 5.886 0 -41.426
v 32.58 0 -42.95
v 6.393 0 -42.35
v 6.516 0 -42.778
v 34.614 0 -42.655
v 32.58 0 -42.66
v 33.97 0 -42.66
v 35.346 0 -42.584
v 35.061 0 -42.633
v 35.575 0 -42.363
v 35.506 0 -42.497
v 35.594 0 -42.071
v 35.59 0 -42.17
v 36.315 0 -42.253
v 36.192 0 -42.057
v 36.23 0 -42.13
v 36.599 0 -42.41
v 36.443 0 -42.347
v 36.946 0 -42.421
v 36.771 0 -42.436
v 39.172 0 -42.211
v 38.51 0 -42.23
v 38.841 0 -42.223
v 39.771 0 -42.179
v 39.487 0 -42.196
v 40.18 0 -42.14
v 40.008 0 -42.16
v 42.033 0 -43.572
v 42 0 -43.48
v 42.009 0 -43.521
v 42.12 0 -43.691
v 42.071 0 -43.63
v 42.24 0 -43.81
v 42.177 0 -43.752
v 42.857 0 -44.55
v 42.678 0 -44.306
v 42.76 0 -44.42
v 43.153 0 -44.897
v 42.991 0 -44.713
v 43.522 0 -45.292
v 43.333 0 -45.094
v 44.017 0 -45.78
v 43.71 0 -45.48
v 44.709 0 -48.464
v 44.656 0 -48.068
v 44.682 0 -48.266
v 44.758 0 -48.816
v 44.734 0 -48.65
v 43.474 0 -48.998
v 44.14 0 -49.54
v 43.835 0 -49.29
v 42.723 0 -48.402
v 43.091 0 -48.693
v 42.17 0 -47.98
v 42.404 0 -48.155
v 41.386 0 -47.302
v 41.562 0 -47.476
v 41.47 0 -47.38
v 41.237 0 -47.17
v 41.308 0 -47.231
v 41.135 0 -47.091
v 41.179 0 -47.122
v 41.022 0 -47.043
v 41.11 0 -47.08
v 40.125 0 -46.349
v 40.27 0 -46.47
v 40.222 0 -46.419
v 39.815 0 -46.165
v 39.986 0 -46.263
v 39.41 0 -45.95
v 39.62 0 -46.059
v 38.558 0 -45.422
v 38.61 0 -45.48
v 38.596 0 -45.453
v 38.422 0 -45.355
v 38.499 0 -45.389
v 38.23 0 -45.29
v 38.331 0 -45.321
v 37.822 0 -45.064
v 37.85 0 -45.11
v 37.843 0 -45.088
v 37.748 0 -45.012
v 37.79 0 -45.039
v 37.64 0 -44.96
v 37.697 0 -44.986
v 35.119 0 -43.801
v 35.56 0 -44.01
v 35.333 0 -43.9
v 34.764 0 -43.655
v 34.926 0 -43.719
v 34.57 0 -43.6
v 34.643 0 -43.614
v 34.109 0 -43.3
v 34.289 0 -43.462
v 34.24 0 -43.41
v 33.79 0 -43.225
v 33.954 0 -43.239
v 33.484 0 -43.337
v 33.629 0 -43.258
v 33.277 0 -43.576
v 33.37 0 -43.46
v 32.926 0 -43.417
v 32.95 0 -43.51
v 32.944 0 -43.464
v 32.861 0 -43.336
v 32.897 0 -43.374
v 32.77 0 -43.29
v 32.818 0 -43.307
v 32.584 0 -43.045
v 16.193 0 -44.837
v 6.59 0 -44.745
v 6.575 0 -44.868
v 16.586 0 -44.482
v 16.775 0 -44.097
v 16.68 0 -44.29
v 32.18 0 -44.71
v 16.496 0 -44.654
v 16.415 0 -44.8
v 34.282 0 -45.163
v 34.25 0 -45.12
v 34.263 0 -45.143
v 34.331 0 -45.19
v 34.305 0 -45.179
v 34.39 0 -45.2
v 34.36 0 -45.198
v 35.668 0 -46.474
v 35.59 0 -46.33
v 35.627 0 -46.406
v 35.752 0 -46.573
v 35.71 0 -46.53
v 35.83 0 -46.61
v 35.793 0 -46.6
v 35.807 0 -47.186
v 35.881 0 -47.177
v 35.85 0 -47.18
v 35.685 0 -47.224
v 35.751 0 -47.201
v 35.536 0 -47.285
v 35.612 0 -47.253
v 35.344 0 -47.377
v 35.46 0 -47.32
v 34.342 0 -46.468
v 34.89 0 -47.11
v 34.4 0 -46.53
v 34.171 0 -46.163
v 34.188 0 -46.237
v 34.18 0 -46.2
v 34.107 0 -46.057
v 34.146 0 -46.114
v 33.997 0 -45.932
v 34.057 0 -45.996
v 33.489 0 -45.164
v 33.611 0 -45.415
v 33.57 0 -45.32
v 33.296 0 -44.966
v 33.397 0 -45.045
v 33.08 0 -44.932
v 33.19 0 -44.928
v 32.211 0 -44.797
v 16.214 0 -44.965
v 4.98 0 -43.921
v 5.33 0 -44.25
v 5.149 0 -44.077
v 4.71 0 -43.689
v 4.831 0 -43.79
v 4.58 0 -43.6
v 4.624 0 -43.623
v 3.368 0 -42.352
v 3.52 0 -42.56
v 3.461 0 -42.474
v 3.105 0 -42.038
v 3.247 0 -42.204
v 2.78 0 -41.69
v 2.947 0 -41.863
v 2.129 0 -40.831
v 2.16 0 -40.92
v 2.152 0 -40.88
v 2.047 0 -40.719
v 2.094 0 -40.776
v 1.93 0 -40.61
v 1.992 0 -40.663
v 1.313 0 -39.616
v 1.46 0 -39.89
v 1.39 0 -39.75
v 1.157 0 -39.391
v 1.234 0 -39.494
v 1.03 0 -39.27
v 1.088 0 -39.314
v 0.812 0 -39.004
v 0.84 0 -39.08
v 0.833 0 -39.048
v 0.738 0 -38.893
v 0.78 0 -38.951
v 0.63 0 -38.77
v 0.687 0 -38.831
v 0.269 0 -38.3
v 0.346 0 -38.42
v 0.31 0 -38.36
v 0.199 0 -38.241
v 0.233 0 -38.26
v 0.126 0 -38.266
v 0.164 0 -38.243
v 0.038 0 -38.355
v 0.08 0 -38.31
v 0.005 0 -38.46
v 0.013 0 -38.403
v 0.038 0 -38.618
v 0.013 0 -38.53
v 0.118 0 -38.828
v 0.08 0 -38.73
v 0.354 0 -39.728
v 0.286 0 -39.424
v 0.32 0 -39.58
v 0.434 0 -39.996
v 0.393 0 -39.869
v 0.511 0 -40.188
v 0.474 0 -40.104
v 0.936 0 -41.579
v 0.913 0 -41.356
v 0.93 0 -41.52
v 0.984 0 -41.706
v 0.955 0 -41.642
v 1.068 0 -41.824
v 1.022 0 -41.768
v 1.383 0 -42.443
v 1.303 0 -42.126
v 1.31 0 -42.17
v 1.816 0 -43.494
v 1.568 0 -42.921
v 2.307 0 -44.487
v 2.079 0 -44.052
v 2.481 0 -44.719
v 2.45 0 -44.69
v 2.797 0 -45.299
v 2.678 0 -45.053
v 2.73 0 -45.17
v 2.981 0 -45.585
v 2.882 0 -45.44
v 3.196 0 -45.858
v 3.088 0 -45.727
v 3.397 0 -46.071
v 3.3 0 -45.97
v 3.71 0 -46.552
v 3.67 0 -46.46
v 3.68 0 -46.501
v 3.814 0 -46.671
v 3.755 0 -46.61
v 3.96 0 -46.79
v 3.883 0 -46.732
v 4.463 0 -47.483
v 4.38 0 -47.32
v 4.419 0 -47.404
v 4.56 0 -47.614
v 4.511 0 -47.554
v 4.65 0 -47.69
v 4.607 0 -47.661
v 4.942 0 -48.04
v 4.845 0 -47.87
v 4.87 0 -47.92
v 5.25 0 -48.324
v 5.071 0 -48.176
v 5.718 0 -48.631
v 5.469 0 -48.477
v 6.1 0 -48.833
v 5.99 0 -48.78
v 6.442 0 -49.104
v 6.4 0 -49.05
v 6.411 0 -49.076
v 6.551 0 -49.159
v 6.49 0 -49.132
v 6.7 0 -49.2
v 6.622 0 -49.182
v 7.415 0 -50.929
v 7.38 0 -50.44
v 7.396 0 -50.679
v 7.452 0 -51.407
v 7.434 0 -51.176
v 15.06 0 -51.65
v 7.468 0 -51.61
v 15.344 0 -50.719
v 15.25 0 -50.82
v 15.299 0 -50.774
v 15.413 0 -50.595
v 15.382 0 -50.658
v 15.44 0 -50.48
v 15.433 0 -50.534
v 16.437 0 -49.706
v 16.062 0 -49.921
v 16.37 0 -49.75
v 16.573 0 -49.599
v 16.506 0 -49.654
v 16.688 0 -49.489
v 16.634 0 -49.543
v 16.784 0 -49.374
v 16.73 0 -49.44
v 17.546 0 -49.246
v 17.185 0 -49.254
v 17.36 0 -49.25
v 17.813 0 -49.199
v 17.693 0 -49.23
v 18.019 0 -49.068
v 17.917 0 -49.146
v 18.214 0 -48.877
v 18.13 0 -48.96
v 18.83 0 -48.443
v 18.633 0 -48.554
v 18.73 0 -48.5
v 19.066 0 -48.269
v 18.944 0 -48.364
v 19.306 0 -48.052
v 19.189 0 -48.163
v 20.335 0 -47.452
v 19.98 0 -47.55
v 20.149 0 -47.524
v 20.705 0 -47.208
v 20.525 0 -47.344
v 20.98 0 -46.89
v 20.861 0 -47.053
v 21.23 0 -46.594
v 21.179 0 -46.62
v 21.2 0 -46.61
v 21.366 0 -46.481
v 21.287 0 -46.55
v 21.572 0 -46.292
v 21.463 0 -46.394
v 22.509 0 -46.269
v 22.48 0 -46.12
v 22.492 0 -46.198
v 22.548 0 -46.378
v 22.528 0 -46.33
v 22.59 0 -46.42
v 22.569 0 -46.409
v 23.006 0 -47.466
v 22.859 0 -47.023
v 22.93 0 -47.24
v 23.155 0 -47.869
v 23.082 0 -47.679
v 23.277 0 -48.148
v 23.221 0 -48.028
v 23.353 0 -48.264
v 23.32 0 -48.22
v 23.446 0 -48.545
v 23.436 0 -48.461
v 23.44 0 -48.5
v 23.484 0 -48.658
v 23.461 0 -48.599
v 23.545 0 -48.776
v 23.513 0 -48.718
v 23.618 0 -48.88
v 23.58 0 -48.83
v 23.754 0 -49.294
v 23.73 0 -49.17
v 23.736 0 -49.224
v 23.819 0 -49.463
v 23.782 0 -49.375
v 23.91 0 -49.64
v 23.862 0 -49.552
v 24.121 0 -50.264
v 24.1 0 -50.14
v 24.106 0 -50.197
v 24.176 0 -50.416
v 24.145 0 -50.339
v 24.25 0 -50.56
v 24.211 0 -50.491
v 24.573 0 -51.383
v 24.455 0 -50.991
v 24.48 0 -51.08
v 24.881 0 -52.205
v 24.716 0 -51.779
v 25.179 0 -52.894
v 25.044 0 -52.598
v 25.326 0 -53.114
v 25.26 0 -53.03
v 25.635 0 -54.07
v 25.63 0 -53.98
v 25.629 0 -54.025
v 25.665 0 -54.147
v 25.647 0 -54.111
v 25.71 0 -54.19
v 25.686 0 -54.174
v 25.811 0 -54.52
v 25.793 0 -54.395
v 25.8 0 -54.45
v 25.891 0 -54.73
v 25.843 0 -54.615
v 26.028 0 -54.994
v 25.954 0 -54.858
v 26.188 0 -55.259
v 26.11 0 -55.13
v 26.435 0 -55.749
v 26.41 0 -55.7
v 26.416 0 -55.725
v 26.502 0 -55.791
v 26.464 0 -55.771
v 26.6 0 -55.82
v 26.548 0 -55.808
v 26.971 0 -56.054
v 26.853 0 -55.936
v 26.88 0 -55.97
v 27.276 0 -56.243
v 27.111 0 -56.149
v 27.598 0 -56.384
v 27.446 0 -56.325
v 27.755 0 -56.416
v 27.71 0 -56.41
v 28.124 0 -56.639
v 27.998 0 -56.542
v 28.06 0 -56.59
v 28.269 0 -56.722
v 28.195 0 -56.684
v 28.41 0 -56.773
v 28.341 0 -56.753
v 28.534 0 -56.786
v 28.47 0 -56.78
v 29.154 0 -57.068
v 28.98 0 -56.97
v 29.067 0 -57.022
v 29.31 0 -57.135
v 29.236 0 -57.106
v 29.41 0 -57.16
v 29.369 0 -57.154
v 29.72 0 -57.976
v 29.59 0 -57.41
v 29.655 0 -57.721
v 29.86 0 -58.34
v 29.788 0 -58.181
v 30.03 0 -58.54
v 29.94 0 -58.458
v 30.913 0 -60.276
v 30.8 0 -60
v 30.856 0 -60.145
v 31.017 0 -60.474
v 30.968 0 -60.388
v 31.09 0 -60.55
v 31.059 0 -60.53
v 31.462 0 -61.188
v 31.329 0 -60.919
v 31.39 0 -61.05
v 31.63 0 -61.461
v 31.543 0 -61.327
v 31.798 0 -61.684
v 31.717 0 -61.583
v 31.933 0 -61.821
v 31.87 0 -61.76
v 32.131 0 -62.161
v 32.11 0 -62.09
v 32.116 0 -62.126
v 32.183 0 -62.229
v 32.154 0 -62.196
v 32.25 0 -62.28
v 32.215 0 -62.257
v 55.909 0 -62.652
v 32.364 0 -62.438
v 56.414 0 -62.371
v 56.267 0 -62.422
v 56.34 0 -62.4
v 56.572 0 -62.271
v 56.493 0 -62.327
v 56.711 0 -62.134
v 56.647 0 -62.206
v 58.397 0 -60.174
v 57.932 0 -60.664
v 58.27 0 -60.31
v 58.612 0 -59.914
v 58.513 0 -60.039
v 58.742 0 -59.717
v 58.691 0 -59.804
v 58.766 0 -59.618
v 58.76 0 -59.66
v 59.048 0 -59.354
v 58.95 0 -59.42
v 59.002 0 -59.39
v 59.115 0 -59.27
v 59.086 0 -59.313
v 59.14 0 -59.19
v 59.134 0 -59.228
v 59.49 0 -58.73
v 59.37 0 -58.85
v 59.433 0 -58.79
v 59.577 0 -58.623
v 59.539 0 -58.674
v 59.61 0 -58.55
v 59.601 0 -58.581
v 59.942 0 -58.007
v 59.799 0 -58.209
v 59.87 0 -58.11
v 60.085 0 -57.803
v 60.015 0 -57.903
v 60.201 0 -57.631
v 60.149 0 -57.71
v 60.336 0 -57.43
v 60.24 0 -57.57
v 60.282 0 -57.509
v 60.464 0 -57.24
v 60.397 0 -57.339
v 60.663 0 -56.944
v 60.533 0 -57.138
v 60.6 0 -57.04
v 60.768 0 -56.763
v 60.72 0 -56.85
v 60.825 0 -56.627
v 60.804 0 -56.687
v 61.165 0 -56.16
v 61.019 0 -56.317
v 61.09 0 -56.25
v 61.355 0 -55.882
v 61.255 0 -56.034
v 61.559 0 -55.532
v 61.458 0 -55.712
v 61.803 0 -54.992
v 61.65 0 -55.35
v 61.954 0 -54.306
v 61.904 0 -54.646
v 61.901 0 -53.623
v 61.952 0 -53.967
v 61.733 0 -53.092
v 61.8 0 -53.27
v 61.611 0 -52.893
v 61.674 0 -52.969
v 61.426 0 -52.833
v 61.533 0 -52.851
v 61.165 0 -52.834
v 61.28 0 -52.83
v 60.987 0 -52.873
v 61.068 0 -52.848
v 60.87 0 -52.957
v 60.922 0 -52.909
v 61.088 0 -51.193
v 60.96 0 -51.45
v 61.023 0 -51.327
v 61.212 0 -50.92
v 61.153 0 -51.055
v 61.3 0 -50.69
v 61.262 0 -50.796
v 61.681 0 -50.046
v 61.59 0 -50.16
v 61.638 0 -50.108
v 61.746 0 -49.904
v 61.717 0 -49.976
v 61.77 0 -49.77
v 61.764 0 -49.834
v 61.92 0 -49.424
v 61.87 0 -49.48
v 61.897 0 -49.458
v 61.95 0 -49.33
v 61.938 0 -49.38
v 61.96 0 -49.22
v 61.958 0 -49.275
v 62.244 0 -48.739
v 62.15 0 -48.84
v 62.199 0 -48.794
v 62.313 0 -48.615
v 62.283 0 -48.678
v 62.34 0 -48.5
v 62.333 0 -48.554
v 62.582 0 -48.06
v 62.478 0 -48.179
v 62.53 0 -48.12
v 62.665 0 -47.917
v 62.628 0 -47.991
v 62.708 0 -47.769
v 62.692 0 -47.842
v 62.914 0 -47.319
v 62.806 0 -47.422
v 62.84 0 -47.39
v 63.084 0 -47.053
v 62.999 0 -47.2
v 63.21 0 -46.752
v 63.158 0 -46.897
v 63.236 0 -46.6
v 63.23 0 -46.64
v 63.511 0 -46.166
v 63.341 0 -46.398
v 63.38 0 -46.35
v 63.795 0 -45.614
v 63.655 0 -45.907
v 63.999 0 -45.072
v 63.915 0 -45.323
v 64.036 0 -44.836
v 64.03 0 -44.9
v 64.323 0 -44.387
v 64.22 0 -44.51
v 64.276 0 -44.454
v 64.387 0 -44.223
v 64.36 0 -44.31
v 64.41 0 -44.02
v 64.404 0 -44.126
v 64.552 0 -43.669
v 64.51 0 -43.69
v 64.533 0 -43.684
v 64.571 0 -43.614
v 64.565 0 -43.645
v 64.56 0 -43.54
v 64.57 0 -43.579
v 64.86 0 -42.739
v 64.74 0 -42.98
v 64.803 0 -42.864
v 64.944 0 -42.491
v 64.908 0 -42.612
v 64.97 0 -42.29
v 64.965 0 -42.381
v 65.2 0 -41.838
v 65.11 0 -41.93
v 65.153 0 -41.894
v 65.294 0 -41.679
v 65.247 0 -41.765
v 65.37 0 -41.48
v 65.335 0 -41.583
v 65.973 0 -40.941
v 65.732 0 -41.03
v 65.87 0 -40.98
v 66.155 0 -40.85
v 66.069 0 -40.897
v 66.284 0 -40.759
v 66.228 0 -40.803
v 66.348 0 -40.686
v 66.32 0 -40.72
v 66.776 0 -40.545
v 66.62 0 -40.58
v 66.694 0 -40.571
v 66.947 0 -40.448
v 66.861 0 -40.504
v 67.11 0 -40.3
v 67.031 0 -40.38
v 67.761 0 -40
v 67.61 0 -40.02
v 67.693 0 -40.015
v 67.862 0 -39.937
v 67.817 0 -39.974
v 67.92 0 -39.83
v 67.896 0 -39.889
v 68.624 0 -39.334
v 68.38 0 -39.46
v 68.5 0 -39.405
v 68.862 0 -39.163
v 68.747 0 -39.251
v 69.04 0 -38.99
v 68.962 0 -39.074
v 69.459 0 -38.634
v 69.347 0 -38.71
v 69.38 0 -38.7
v 69.754 0 -38.215
v 69.592 0 -38.46
v 70.071 0 -37.663
v 69.921 0 -37.937
v 70.2 0 -37.385
v 70.18 0 -37.43
v 71.125 0 -37.55
v 70.984 0 -37.459
v 71.06 0 -37.51
v 71.302 0 -37.574
v 71.211 0 -37.571
v 71.447 0 -37.527
v 71.386 0 -37.559
v 72.234 0 -37.364
v 71.94 0 -37.38
v 72.105 0 -37.376
v 72.409 0 -37.306
v 72.334 0 -37.341
v 72.51 0 -37.19
v 72.466 0 -37.256
v 72.784 0 -37.004
v 72.703 0 -37.013
v 72.74 0 -37.01
v 72.891 0 -36.956
v 72.836 0 -36.985
v 73.001 0 -36.872
v 72.947 0 -36.918
v 73.533 0 -36.615
v 73.42 0 -36.63
v 73.476 0 -36.626
v 73.634 0 -36.578
v 73.586 0 -36.599
v 73.7 0 -36.53
v 73.673 0 -36.555
v 74.507 0 -36.068
v 74.184 0 -36.223
v 74.34 0 -36.15
v 74.882 0 -35.875
v 74.692 0 -35.974
v 75.238 0 -35.682
v 75.068 0 -35.776
v 76.229 0 -35.246
v 76.055 0 -35.294
v 76.15 0 -35.27
v 76.374 0 -35.181
v 76.305 0 -35.216
v 76.475 0 -35.106
v 76.431 0 -35.144
v 76.519 0 -35.036
v 76.5 0 -35.07
v 77.16 0 -34.775
v 76.68 0 -34.93
v 76.858 0 -34.886
v 77.873 0 -34.462
v 77.52 0 -34.624
v 78.3 0 -34.22
v 78.155 0 -34.318
v 78.61 0 -33.96
v 78.494 0 -34.054
v 78.553 0 -34.006
v 78.811 0 -33.802
v 78.692 0 -33.899
v 79.129 0 -33.524
v 78.96 0 -33.675
v 79.49 0 -33.18
v 79.308 0 -33.357
v 81.213 0 -33.201
v 81.22 0 -33.06
v 81.209 0 -33.119
v 81.26 0 -33.412
v 81.231 0 -33.301
v 81.34 0 -33.64
v 81.297 0 -33.527
v 81.286 0 -34.277
v 81.419 0 -34.15
v 81.34 0 -34.22
v 81.215 0 -34.397
v 81.244 0 -34.336
v 81.197 0 -34.525
v 81.199 0 -34.461
v 80.997 0 -35.319
v 81.14 0 -34.99
v 81.062 0 -35.133
v 80.896 0 -35.851
v 80.942 0 -35.555
v 80.82 0 -36.66
v 80.856 0 -36.217
v 80.808 0 -37.24
v 80.806 0 -36.983
v 80.872 0 -37.667
v 80.829 0 -37.459
v 81.04 0 -38.16
v 80.941 0 -37.891
v 81.214 0 -38.564
v 81.124 0 -38.371
v 81.409 0 -38.889
v 81.31 0 -38.737
v 81.61 0 -39.12
v 81.509 0 -39.017
v 81.754 0 -40.768
v 81.86 0 -40.51
v 81.806 0 -40.61
v 81.662 0 -41.252
v 81.706 0 -40.982
v 81.59 0 -41.95
v 81.623 0 -41.575
v 81.409 0 -42.791
v 81.47 0 -42.641
v 81.44 0 -42.71
v 81.41 0 -42.956
v 81.399 0 -42.871
v 81.504 0 -43.178
v 81.444 0 -43.056
v 82.152 0 -46.012
v 82.16 0 -45.6
v 82.15 0 -45.834
v 82.195 0 -46.248
v 82.166 0 -46.146
v 82.3 0 -46.4
v 82.239 0 -46.329
v 82.267 0 -48.497
v 82.37 0 -48.17
v 82.319 0 -48.316
v 82.173 0 -48.916
v 82.217 0 -48.701
v 82.11 0 -49.33
v 82.136 0 -49.129
v 81.15 0 -49.76
v 81.68 0 -50.01
v 81.62 0 -49.7
v 80.708 0 -49.88
v 80.934 0 -49.805
v 80.255 0 -50.107
v 80.48 0 -49.981
v 79.84 0 -50.42
v 80.04 0 -50.254
v 79.473 0 -50.644
v 79.625 0 -50.564
v 79.6 0 -50.57
v 79.018 0 -51.061
v 79.263 0 -50.823
v 78.609 0 -51.522
v 78.784 0 -51.31
v 78.534 0 -51.691
v 78.54 0 -51.65
v 78.294 0 -51.93
v 78.402 0 -51.857
v 78.35 0 -51.89
v 78.21 0 -52.037
v 78.247 0 -51.979
v 78.166 0 -52.178
v 78.183 0 -52.104
v 78.157 0 -52.334
v 78.16 0 -52.26
v 78.057 0 -52.658
v 78.1 0 -52.556
v 78.08 0 -52.58
v 78.025 0 -53.139
v 78.038 0 -52.85
v 78.02 0 -53.936
v 78.019 0 -53.507
v 78.055 0 -55.192
v 78.03 0 -54.41
v 78.145 0 -56.257
v 78.092 0 -55.801
v 78.315 0 -56.797
v 78.218 0 -56.583
v 78.464 0 -56.943
v 78.44 0 -56.92
v 78.554 0 -57.284
v 78.533 0 -57.145
v 78.54 0 -57.21
v 78.628 0 -57.469
v 78.584 0 -57.372
v 78.748 0 -57.663
v 78.683 0 -57.568
v 78.896 0 -57.84
v 78.82 0 -57.75
v 79.125 0 -58.244
v 79.1 0 -58.17
v 79.106 0 -58.204
v 79.192 0 -58.336
v 79.154 0 -58.289
v 79.29 0 -58.43
v 79.238 0 -58.384
v 79.06 0 -60.24
v 79.2 0 -59.94
v 79.127 0 -60.091
v 78.956 0 -60.497
v 79.003 0 -60.377
v 78.91 0 -60.65
v 78.925 0 -60.59
v 77.553 0 -60.82
v 77.936 0 -60.982
v 77.83 0 -60.93
v 77.054 0 -60.748
v 77.293 0 -60.759
v 76.645 0 -60.868
v 76.837 0 -60.784
v 76.298 0 -61.203
v 76.48 0 -61
v 76.04 0 -61.539
v 76.152 0 -61.382
v 75.915 0 -61.791
v 75.961 0 -61.675
v 75.894 0 -61.939
v 75.9 0 -61.89
v 75.661 0 -62.269
v 75.762 0 -62.171
v 75.71 0 -62.22
v 75.577 0 -62.386
v 75.616 0 -62.326
v 75.527 0 -62.506
v 75.547 0 -62.447
v 75.004 0 -63.573
v 75.05 0 -63.52
v 75.026 0 -63.541
v 74.972 0 -63.66
v 74.986 0 -63.614
v 74.96 0 -63.76
v 74.963 0 -63.71
v 74.516 0 -64.499
v 74.81 0 -64.1
v 74.658 0 -64.292
v 74.294 0 -64.904
v 74.393 0 -64.708
v 74.2 0 -65.21
v 74.227 0 -65.076
v 73.905 0 -65.456
v 74.05 0 -65.445
v 73.97 0 -65.45
v 73.779 0 -65.504
v 73.84 0 -65.475
v 73.676 0 -65.588
v 73.723 0 -65.542
v 73.214 0 -65.841
v 73.402 0 -65.817
v 73.35 0 -65.82
v 72.874 0 -65.978
v 73.049 0 -65.897
v 72.57 0 -66.174
v 72.708 0 -66.073
v 72.451 0 -66.303
v 72.48 0 -66.27
v 72.048 0 -66.396
v 72.205 0 -66.386
v 72.13 0 -66.39
v 71.904 0 -66.439
v 71.972 0 -66.412
v 71.796 0 -66.518
v 71.845 0 -66.474
v 71.251 0 -66.824
v 71.429 0 -66.782
v 71.34 0 -66.8
v 71.094 0 -66.89
v 71.168 0 -66.854
v 70.986 0 -66.969
v 71.032 0 -66.929
v 70.936 0 -67.057
v 70.96 0 -67.01
v 70.679 0 -67.03
v 70.827 0 -67.094
v 70.79 0 -67.07
v 70.247 0 -67.11
v 70.5 0 -67.043
v 69.49 0 -67.416
v 69.913 0 -67.234
v 68.732 0 -67.774
v 68.97 0 -67.66
v 67.786 0 -68.101
v 67.9 0 -68.08
v 67.841 0 -68.086
v 67.694 0 -68.159
v 67.736 0 -68.126
v 67.64 0 -68.24
v 67.661 0 -68.197
v 63.577 0 -67.877
v 63.76 0 -68.05
v 63.668 0 -67.959
v 63.413 0 -67.756
v 63.49 0 -67.809
v 63.31 0 -67.71
v 63.352 0 -67.722
v 63.176 0 -67.599
v 63.195 0 -67.65
v 63.19 0 -67.63
v 63.079 0 -67.511
v 63.138 0 -67.559
v 62.911 0 -67.4
v 63.002 0 -67.457
v 62.709 0 -67.284
v 62.81 0 -67.34
v 62.419 0 -67.025
v 62.444 0 -67.081
v 62.43 0 -67.05
v 62.338 0 -66.954
v 62.387 0 -66.993
v 62.196 0 -66.866
v 62.273 0 -66.911
v 62.023 0 -66.776
v 62.11 0 -66.82
v 61.643 0 -66.492
v 61.721 0 -66.574
v 61.68 0 -66.53
v 61.559 0 -66.43
v 61.602 0 -66.458
v 61.471 0 -66.395
v 61.515 0 -66.409
v 61.151 0 -66.17
v 61.224 0 -66.264
v 61.19 0 -66.22
v 61.026 0 -66.048
v 61.095 0 -66.111
v 60.865 0 -65.919
v 60.949 0 -65.982
v 60.702 0 -65.811
v 60.78 0 -65.86
v 60.345 0 -65.54
v 60.42 0 -65.606
v 60.38 0 -65.57
v 60.254 0 -65.488
v 60.301 0 -65.512
v 60.159 0 -65.455
v 60.205 0 -65.468
v 59.852 0 -65.201
v 59.919 0 -65.312
v 59.89 0 -65.26
v 59.711 0 -65.07
v 59.79 0 -65.137
v 59.521 0 -64.939
v 59.62 0 -65.003
v 59.319 0 -64.828
v 59.42 0 -64.88
v 59.019 0 -64.579
v 59.054 0 -64.637
v 59.04 0 -64.61
v 58.871 0 -64.465
v 58.961 0 -64.529
v 58.62 0 -64.311
v 58.756 0 -64.391
v 58.271 0 -64.131
v 58.47 0 -64.23
v 57.978 0 -64.022
v 58.109 0 -64.063
v 57.784 0 -64.014
v 57.871 0 -64.007
v 57.02 0 -63.63
v 57.13 0 -63.838
v 57.06 0 -63.7
v 56.889 0 -63.495
v 56.963 0 -63.561
v 56.701 0 -63.373
v 56.801 0 -63.432
v 55.939 0 -62.779
v 31.131 0 -63.52
v 31.56 0 -63.87
v 31.361 0 -63.684
v 30.625 0 -63.28
v 30.882 0 -63.384
v 30.13 0 -63.19
v 30.371 0 -63.213
v 29.843 0 -63.223
v 29.974 0 -63.197
v 29.59 0 -63.371
v 29.721 0 -63.278
v 29.23 0 -63.71
v 29.432 0 -63.512
v 28.434 0 -64.326
v 28.657 0 -64.205
v 28.61 0 -64.22
v 27.754 0 -64.955
v 28.125 0 -64.594
v 27.11 0 -65.664
v 27.391 0 -65.336
v 26.957 0 -65.929
v 26.98 0 -65.87
v 26.57 0 -66.334
v 26.69 0 -66.24
v 26.627 0 -66.286
v 26.486 0 -66.423
v 26.522 0 -66.38
v 26.46 0 -66.49
v 26.465 0 -66.46
v 26.011 0 -67.045
v 26.272 0 -66.778
v 26.2 0 -66.85
v 25.708 0 -67.395
v 25.846 0 -67.227
v 25.517 0 -67.679
v 25.597 0 -67.546
v 25.442 0 -67.861
v 25.47 0 -67.79
v 24.477 0 -67.406
v 24.57 0 -67.48
v 24.529 0 -67.441
v 24.356 0 -67.351
v 24.419 0 -67.375
v 24.23 0 -67.33
v 24.292 0 -67.336
v 23.992 0 -67.203
v 24.014 0 -67.261
v 24.01 0 -67.24
v 23.86 0 -67.096
v 23.94 0 -67.154
v 23.635 0 -66.966
v 23.757 0 -67.033
v 22.867 0 -66.451
v 22.93 0 -66.52
v 22.906 0 -66.483
v 22.753 0 -66.406
v 22.815 0 -66.425
v 22.61 0 -66.39
v 22.684 0 -66.394
v 21.82 0 -66.01
v 22.02 0 -66.15
v 21.924 0 -66.08
v 21.607 0 -65.883
v 21.712 0 -65.944
v 21.42 0 -65.79
v 21.507 0 -65.831
v 20.776 0 -65.283
v 20.947 0 -65.445
v 20.86 0 -65.36
v 20.595 0 -65.155
v 20.686 0 -65.214
v 20.428 0 -65.08
v 20.507 0 -65.11
v 20.302 0 -65.067
v 20.36 0 -65.07
v 20.138 0 -64.961
v 20.154 0 -65.01
v 20.15 0 -64.99
v 20.03 0 -64.859
v 20.097 0 -64.916
v 19.842 0 -64.727
v 19.943 0 -64.794
v 19.364 0 -64.177
v 19.356 0 -64.304
v 19.36 0 -64.24
v 19.311 0 -63.94
v 19.347 0 -64.074
v 19.195 0 -63.609
v 19.26 0 -63.782
v 19.043 0 -63.251
v 19.12 0 -63.43
v 18.806 0 -62.366
v 18.83 0 -62.52
v 18.824 0 -62.446
v 18.741 0 -62.21
v 18.778 0 -62.286
v 18.65 0 -62.09
v 18.698 0 -62.143
v 18.376 0 -61.635
v 18.432 0 -61.774
v 18.41 0 -61.71
v 18.264 0 -61.537
v 18.33 0 -61.579
v 18.041 0 -61.486
v 18.17 0 -61.508
v 17.614 0 -61.45
v 17.87 0 -61.47
v 16.963 0 -59.054
v 17.115 0 -60.151
v 16.98 0 -59.16
v 16.917 0 -58.877
v 16.941 0 -58.959
v 16.866 0 -58.774
v 16.892 0 -58.815
v 16.969 0 -57.891
v 16.834 0 -58.166
v 16.9 0 -58.04
v 17.164 0 -57.264
v 17.059 0 -57.622
v 17.382 0 -56.393
v 17.274 0 -56.844
v 17.461 0 -55.722
v 17.48 0 -55.94
v 17.202 0 -55.014
v 17.36 0 -55.396
v 16.817 0 -54.302
v 17.013 0 -54.631
v 16.569 0 -54.024
v 16.64 0 -54.08
v 16.381 0 -53.916
v 16.481 0 -53.968
v 16.17 0 -53.839
v 16.276 0 -53.872
v 15.259 0 -52.692
v 15.33 0 -52.92
v 15.294 0 -52.802
v 15.191 0 -52.508
v 15.224 0 -52.592
v 15.14 0 -52.4
v 15.163 0 -52.443
v 15.063 0 -51.827
v 7.503 0 -51.945
v 7.48 0 -51.77
v 7.171 0 -52.143
v 7.216 0 -52.194
v 7.2 0 -52.17
v 7.041 0 -52.079
v 7.116 0 -52.112
v 6.848 0 -52.011
v 6.95 0 -52.045
v 6.621 0 -51.946
v 6.74 0 -51.98
v 5.724 0 -51.63
v 5.98 0 -51.73
v 5.831 0 -51.668
v 5.593 0 -51.633
v 5.649 0 -51.619
v 5.49 0 -51.74
v 5.544 0 -51.673
v 5.421 0 -51.841
v 5.453 0 -51.789
v 5.376 0 -51.945
v 5.395 0 -51.895
v 5.36 0 -52.02
v 5.364 0 -51.988
v 5.506 0 -52.189
v 5.4 0 -52.097
v 5.818 0 -52.367
v 5.653 0 -52.284
v 6.11 0 -52.45
v 5.978 0 -52.427
v 6.357 0 -52.605
v 6.31 0 -52.54
v 6.33 0 -52.57
v 6.495 0 -52.7
v 6.413 0 -52.65
v 6.713 0 -52.808
v 6.597 0 -52.754
v 7.016 0 -52.927
v 6.84 0 -52.86
v 7.437 0 -53.434
v 7.362 0 -53.222
v 7.4 0 -53.33
v 7.539 0 -53.585
v 7.482 0 -53.518
v 7.703 0 -53.683
v 7.611 0 -53.639
v 7.917 0 -53.75
v 7.82 0 -53.72
v 8.426 0 -54.064
v 8.32 0 -53.98
v 8.37 0 -54.024
v 8.55 0 -54.126
v 8.488 0 -54.099
v 8.67 0 -54.15
v 8.612 0 -54.144
v 8.49 0 -55.035
v 8.61 0 -54.94
v 8.547 0 -54.984
v 8.403 0 -55.139
v 8.441 0 -55.088
v 8.37 0 -55.22
v 8.379 0 -55.184
v 8.022 0 -55.608
v 8.202 0 -55.457
v 8.14 0 -55.5
v 7.911 0 -55.926
v 7.946 0 -55.747
v 7.964 0 -56.434
v 7.918 0 -56.153
v 8.431 0 -59.492
v 8.28 0 -58.2
v 8.353 0 -58.938
v 8.666 0 -60.235
v 8.53 0 -59.909
v 9.11 0 -60.8
v 8.854 0 -60.516
v 9.317 0 -60.992
v 9.218 0 -60.91
v 9.52 0 -61.088
v 9.415 0 -61.05
v 9.78 0 -61.12
v 9.639 0 -61.11
v 10.164 0 -61.71
v 10.16 0 -61.12
v 10.16 0 -61.58
v 10.193 0 -61.982
v 10.175 0 -61.847
v 10.241 0 -62.221
v 10.215 0 -62.11
v 10.319 0 -62.436
v 10.27 0 -62.31
v 10.56 0 -63.75
v 10.459 0 -63.066
v 10.5 0 -63.35
v 9.733 0 -63.781
v 10.2 0 -63.76
v 9.2 0 -63.963
v 9.407 0 -63.841
v 9.054 0 -64.484
v 9.09 0 -64.169
v 9.12 0 -65.53
v 9.07 0 -64.93
v 9.283 0 -66.834
v 9.194 0 -66.186
v 20.21 0 -66.95
v 20.133 0 -67.102
v 21.298 0 -67.57
v 21.28 0 -67.52
v 21.285 0 -67.548
v 21.342 0 -67.6
v 21.317 0 -67.588
v 21.4 0 -67.61
v 21.37 0 -67.607
v 21.961 0 -68.188
v 21.8 0 -67.99
v 21.878 0 -68.093
v 22.119 0 -68.339
v 22.042 0 -68.271
v 22.24 0 -68.41
v 22.187 0 -68.387
v 22.89 0 -68.94
v 22.677 0 -68.741
v 22.78 0 -68.84
v 23.142 0 -69.128
v 23.013 0 -69.037
v 23.389 0 -69.268
v 23.27 0 -69.206
v 23.647 0 -69.372
v 23.49 0 -69.31
v 22.759 0 -70.038
v 22.92 0 -70.11
v 22.842 0 -70.072
v 22.601 0 -69.989
v 22.677 0 -70.01
v 22.48 0 -69.97
v 22.533 0 -69.975
v 22.237 0 -69.842
v 22.286 0 -69.895
v 22.27 0 -69.87
v 22.083 0 -69.802
v 22.173 0 -69.82
v 21.841 0 -69.783
v 21.97 0 -69.79
v 20.172 0 -67.492
v 9.465 0 -67.841
v 9.376 0 -67.407
v 9.555 0 -68.112
v 9.54 0 -68.07
v 9.617 0 -68.798
v 9.603 0 -68.523
v 9.61 0 -68.66
v 9.642 0 -69.046
v 9.629 0 -68.929
v 9.674 0 -69.218
v 9.658 0 -69.144
v 9.746 0 -69.385
v 9.69 0 -69.26
v 10.167 0 -72.277
v 10.038 0 -71.207
v 10.14 0 -72.09
v 10.254 0 -72.666
v 10.206 0 -72.473
v 10.364 0 -73.005
v 10.307 0 -72.847
v 10.471 0 -73.242
v 10.42 0 -73.13
v 10.581 0 -73.89
v 10.58 0 -73.72
v 10.573 0 -73.789
v 10.633 0 -74.157
v 10.601 0 -74.015
v 10.72 0 -74.46
v 10.673 0 -74.308
v 10.947 0 -75.348
v 10.913 0 -75.117
v 10.92 0 -75.18
v 11.146 0 -75.796
v 11.024 0 -75.556
v 11.509 0 -76.341
v 11.31 0 -76.061
v 11.871 0 -76.784
v 11.74 0 -76.63
v 12.277 0 -77.37
v 12.24 0 -77.29
v 12.25 0 -77.325
v 12.376 0 -77.48
v 12.32 0 -77.423
v 12.52 0 -77.6
v 12.444 0 -77.54
v 12.825 0 -78.02
v 12.8 0 -77.94
v 12.806 0 -77.978
v 12.892 0 -78.107
v 12.854 0 -78.064
v 12.99 0 -78.18
v 12.938 0 -78.146
v 13.188 0 -78.453
v 13.174 0 -78.386
v 13.18 0 -78.42
v 13.246 0 -78.529
v 13.211 0 -78.49
v 13.348 0 -78.601
v 13.293 0 -78.567
v 13.473 0 -78.657
v 13.41 0 -78.63
v 13.725 0 -78.961
v 13.641 0 -78.789
v 13.65 0 -78.82
v 14.167 0 -79.451
v 13.916 0 -79.189
v 14.643 0 -79.865
v 14.428 0 -79.694
v 14.79 0 -79.902
v 14.76 0 -79.91
v 14.973 0 -80.142
v 14.92 0 -80.04
v 14.941 0 -80.091
v 15.06 0 -80.231
v 15.014 0 -80.19
v 15.16 0 -80.28
v 15.11 0 -80.262
v 15.714 0 -80.807
v 15.516 0 -80.581
v 15.59 0 -80.67
v 15.962 0 -80.969
v 15.84 0 -80.907
v 16.165 0 -80.967
v 16.073 0 -80.989
v 17.167 0 -81.677
v 16.774 0 -81.299
v 16.95 0 -81.47
v 17.529 0 -81.981
v 17.359 0 -81.847
v 17.807 0 -82.142
v 17.677 0 -82.08
v 18.015 0 -82.187
v 17.92 0 -82.17
v 18.874 0 -82.353
v 18.569 0 -82.29
v 18.71 0 -82.32
v 19.14 0 -82.381
v 19.016 0 -82.374
v 19.34 0 -82.359
v 19.247 0 -82.376
v 19.484 0 -82.298
v 19.42 0 -82.33
v 20.211 0 -81.935
v 19.841 0 -82.152
v 19.93 0 -82.12
v 20.879 0 -81.183
v 20.542 0 -81.602
v 21.383 0 -80.33
v 21.174 0 -80.738
v 22.464 0 -79.372
v 22.039 0 -79.601
v 22.25 0 -79.49
v 22.885 0 -79.134
v 22.679 0 -79.251
v 23.226 0 -78.932
v 23.071 0 -79.026
v 23.988 0 -78.609
v 23.86 0 -78.63
v 23.92 0 -78.624
v 24.129 0 -78.557
v 24.059 0 -78.586
v 24.25 0 -78.49
v 24.194 0 -78.525
v 24.602 0 -78.426
v 24.494 0 -78.409
v 24.52 0 -78.42
v 24.964 0 -78.309
v 24.763 0 -78.384
v 25.336 0 -78.122
v 25.167 0 -78.216
v 25.455 0 -78.013
v 25.43 0 -78.04
v 25.732 0 -77.807
v 25.62 0 -77.881
v 25.67 0 -77.85
v 26.589 0 -77.222
v 26.123 0 -77.542
v 26.23 0 -77.47
v 28.301 0 -76.141
v 28.25 0 -76.18
v 28.273 0 -76.17
v 28.366 0 -76.039
v 28.333 0 -76.096
v 28.43 0 -75.9
v 28.399 0 -75.973
v 28.761 0 -75.577
v 28.66 0 -75.62
v 28.701 0 -75.609
v 28.922 0 -75.466
v 28.836 0 -75.529
v 29.11 0 -75.31
v 29.015 0 -75.392
v 30.321 0 -74.475
v 30 0 -74.68
v 30.157 0 -74.583
v 30.636 0 -74.252
v 30.484 0 -74.363
v 30.87 0 -74.06
v 30.767 0 -74.149
v 31.895 0 -73.36
v 31.65 0 -73.51
v 31.772 0 -73.439
v 32.115 0 -73.2
v 32.011 0 -73.279
v 32.26 0 -73.07
v 32.2 0 -73.128
v 33.041 0 -72.549
v 32.81 0 -72.68
v 32.921 0 -72.619
v 33.279 0 -72.398
v 33.162 0 -72.474
v 33.47 0 -72.26
v 33.384 0 -72.325
v 33.717 0 -72.068
v 33.573 0 -72.181
v 34.906 0 -71.132
v 34.298 0 -71.613
v 34.51 0 -71.45
v 35.551 0 -70.567
v 35.257 0 -70.834
v 35.919 0 -70.17
v 35.776 0 -70.343
v 35.975 0 -70.033
v 35.97 0 -70.06
v 36.169 0 -69.927
v 36.06 0 -69.973
v 36.09 0 -69.97
v 36.353 0 -69.634
v 36.259 0 -69.809
v 36.516 0 -69.177
v 36.441 0 -69.417
v 36.948 0 -68.481
v 36.89 0 -68.42
v 36.915 0 -68.451
v 37.032 0 -68.539
v 36.987 0 -68.511
v 37.13 0 -68.58
v 37.08 0 -68.562
v 37.367 0 -68.885
v 37.334 0 -68.785
v 37.35 0 -68.84
v 37.415 0 -68.97
v 37.389 0 -68.93
v 37.476 0 -69.028
v 37.444 0 -69.004
v 37.723 0 -69.214
v 71.26 0 -69.828
v 40.484 0 -72.074
v 43.275 0 -74.464
v 43.546 0 -74.701
v 45.47 0 -76.17
v 46.071 0 -76.521
v 46.62 0 -74.99
v 44.5 0 -72.28
v 44.25 0 -70.71
v 44.356 0 -70.832
v 70.895 0 -70.459
v 70.516 0 -71.05
v 69.259 0 -71.28
v 69.204 0 -71.227
v 44.724 0 -71.354
v 45.559 0 -72.524
v 46.25 0 -73.46
v 46.525 0 -73.796
v 46.88 0 -74.262
v 47.88 0 -75.15
v 49.52 0 -77.67
v 50.629 0 -79.998
v 52.718 0 -80.026
v 53.722 0 -81.686
v 53.828 0 -81.823
v 55.534 0 -81.451
v 57.4 0 -82.37
v 57.092 0 -80.001
v 56.249 0 -77.611
v 55.59 0 -74.92
v 55.758 0 -73.398
v 56.494 0 -73.366
v 57.428 0 -74.065
v 57.996 0 -74.461
v 60.01 0 -75.8
v 61.71 0 -76.73
v 62.894 0 -77.418
v 67.09 0 -79.81
v 67.954 0 -80.282
v 68.726 0 -80.676
v 69.69 0 -81.3
v 71.417 0 -83.184
v 73.612 0 -85.591
v 74.356 0 -85.868
v 76.952 0 -85.86
v 79.461 0 -83.375
v 83.634 0 -76.893
v 83.948 0 -76.215
v 85.605 0 -71.528
v 86.07 0 -70.01
v 86.83 0 -67.53
v 87.16 0 -62.15
v 89.08 0 -59.1
v 89.218 0 -58.396
v 89.852 0 -56.131
v 90.921 0 -50.396
v 94.713 0 -48.136
v 91.62 0 -38.97
v 91.727 0 -30.851
v 91.867 0 -30.503
v 91.984 0 -28.111
v 92.784 0 -26.498
v 93.93 0 -23.47
v 94.19 0 -23.058
v 95.16 0 -21.33
v 95.87 0 -20.431
v 98.91 0 -17.137
v 90.49 0 -14.64
v 80.86 0 -14.8
v 74.917 0 -14.239
v 67.962 0 -16.442
v 65.29 0 -15.91
v 63.644 0 -17.685
v 66.267 0 -20.83
v 67.96 0 -22.679
v 68.93 0 -26.04
v 67.66 0 -27.58
v 65.52 0 -29.69
v 64.267 0 -30.848
v 58.752 0 -38.628
v 58.647 0 -38.835
v 58.31 0 -42.16
v 58.08 0 -43.532
v 56.91 0 -46.03
v 56.225 0 -47.278
v 55.747 0 -48.123
v 55.26 0 -48.79
v 54.18 0 -50.52
v 53.416 0 -51.481
v 52.666 0 -51.884
v 52 0 -52.253
v 49.689 0 -53.03
v 48.237 0 -53.21
v 49.14 0 -40.4
v 49.809 0 -40.067
v 49.96 0 -41.82
v 53.905 0 -43.104
v 55.657 0 -42.753
v 54.171 0 -37.346
v 51.91 0 -35.34
v 50.916 0 -28.612
v 50.09 0 -27.96
v 48.87 0 -26.785
v 45.235 0 -24.807
v 39.83 0 -22.45
v 39.56 0 -22.058
v 36.224 0 -17.472
v 34.37 0 -16.85
v 27.334 0 -15.308
v 23.24 0 -15.57
v 22.738 0 -15.721
v 21.894 0 -15.053
v 22.958 0 -18.322
v 23.952 0 -22.162
v 22.985 0 -21.796
v 23.279 0 -22.192
v 28.95 0 -30.27
v 28.65 0 -30.759
v 28.06 0 -31.72
v 27.49 0 -32.65
v 27.05 0 -33.327
v 25.502 0 -35.487
v 41.099 0 -36.253
v 41.447 0 -36.316
v 45.128 0 -38.975
v 45.338 0 -41.851
v 44.322 0 -42.322
v 42.51 0 -40.38
v 41.739 0 -39.518
v 40.326 0 -37.909
v 39.06 0 -36.409
v 19.538 0 -35.886
v 17.07 0 -32.032
v 14.96 0 -31.17
v 11.914 0 -30.053
v 11.44 0 -29.85
v 11.16 0 -29.769
v 7.863 0 -27.603
v 6.93 0 -26.08
v 6.688 0 -25.681
v 4.329 0 -30.227
v 3.942 0 -29.123
v 3.576 0 -27.859
v 2.624 0 -31.369
v 5.8 0 -37.96
v 5.929 0 -38.432
v 6.209 0 -41.952
v 37.11 0 -42.36
v 38.169 0 -42.238
v 42.313 0 -43.878
v 42.053 0 -47.893
v 40.354 0 -46.557
v 38.639 0 -45.521
v 37.864 0 -45.133
v 36.103 0 -44.273
v 32.972 0 -43.615
v 32.598 0 -43.123
v 6.6 0 -44.56
v 35.893 0 -46.637
v 35.014 0 -47.257
v 33.93 0 -45.87
v 32.97 0 -44.98
v 32.325 0 -44.88
v 16.27 0 -45.01
v 4.467 0 -43.542
v 3.642 0 -42.731
v 1.534 0 -40.037
v 0.847 0 -39.108
v 0.54 0 -40.24
v 1.12 0 -41.87
v 3.656 0 -46.413
v 4.336 0 -47.23
v 6.382 0 -49.027
v 15.063 0 -51.407
v 15.18 0 -50.888
v 19.41 0 -47.94
v 19.901 0 -47.562
v 21.69 0 -46.18
v 22.619 0 -46.449
v 23.721 0 -49.12
v 24.093 0 -50.08
v 26.399 0 -55.658
v 28.891 0 -56.918
v 30.132 0 -58.626
v 30.619 0 -59.547
v 32.101 0 -62.05
v 55.96 0 -62.56
v 56.193 0 -62.446
v 58.898 0 -59.45
v 59.308 0 -58.912
v 60.832 0 -51.702
v 61.542 0 -50.22
v 61.845 0 -49.507
v 62.098 0 -48.895
v 62.71 0 -47.7
v 64.168 0 -44.565
v 64.485 0 -43.702
v 64.679 0 -43.095
v 65.075 0 -41.96
v 66.559 0 -40.589
v 67.529 0 -40.028
v 69.11 0 -38.913
v 69.301 0 -38.74
v 70.219 0 -37.34
v 71.47 0 -37.48
v 71.815 0 -37.387
v 73.05 0 -36.82
v 73.357 0 -36.637
v 75.38 0 -35.6
v 76.644 0 -34.939
v 81.229 0 -33
v 81.21 0 -34.59
v 81.168 0 -34.93
v 81.884 0 -40.463
v 81.59 0 -43.33
v 82.082 0 -49.526
v 81.707 0 -50.125
v 79.794 0 -50.459
v 79.66 0 -50.549
v 78.515 0 -51.734
v 78.119 0 -52.517
v 79.09 0 -58.134
v 78.884 0 -60.75
v 78.04 0 -61.026
v 75.52 0 -62.56
v 75.133 0 -63.435
v 74.849 0 -64.05
v 73.64 0 -65.64
v 71.76 0 -66.57
v 67.988 0 -68.066
v 63.997 0 -68.283
v 61.43 0 -66.39
v 60.12 0 -65.45
v 56.59 0 -63.32
v 56.035 0 -62.925
v 31.635 0 -63.936
v 29.091 0 -63.846
v 26.455 0 -66.524
v 24.62 0 -67.525
v 23.5 0 -66.9
v 22.963 0 -66.567
v 19.73 0 -64.66
v 18.84 0 -62.615
v 16.84 0 -58.76
v 16.07 0 -53.82
v 15.072 0 -51.993
v 6.155 0 -52.455
v 8.265 0 -53.933
v 8.362 0 -55.263
v 8.05 0 -56.78
v 8.251 0 -57.941
v 21.719 0 -67.889
v 23.101 0 -70.194
v 21.7 0 -69.78
v 20.299 0 -68.021
v 10.583 0 -73.65
v 12.222 0 -77.249
v 12.79 0 -77.895
v 14.898 0 -79.994
v 16.23 0 -80.9
v 19.747 0 -82.188
v 23.34 0 -78.86
v 23.796 0 -78.639
v 25.813 0 -77.751
v 26.014 0 -77.615
v 28.116 0 -76.245
v 28.627 0 -75.63
v 29.843 0 -74.778
v 32.318 0 -73.011
v 34.089 0 -71.776
v 36.032 0 -69.98
v 37.51 0 -69.04
v 71.28 0 -69.87
v 39.493 0 -71.078
v 41.252 0 -72.73
v 44.601 0 -75.536
v 45.595 0 -76.227
v 47.25 0 -75.902
v 47.126 0 -75.671
v 46.497 0 -74.857
v 45.117 0 -73.112
v 44.913 0 -72.879
v 44.413 0 -72.185
v 44.017 0 -71.717
v 69.75 0 -70.646
v 69.694 0 -71.77
v 45.883 0 -72.944
v 46.303 0 -73.499
v 49.217 0 -77.256
v 50.767 0 -80.623
v 51.262 0 -79.594
v 52.49 0 -80.29
v 53.404 0 -81.212
v 53.791 0 -81.77
v 57.06 0 -82.602
v 57.421 0 -82.311
v 57.54 0 -82.109
v 56.471 0 -78.665
v 56.206 0 -77.554
v 56.095 0 -77.374
v 55.762 0 -76.711
v 55.53 0 -74.712
v 55.565 0 -74.444
v 56.082 0 -73.1
v 56.617 0 -73.452
v 57.276 0 -73.957
v 59.274 0 -75.353
v 62.357 0 -77.1
v 63.104 0 -77.523
v 63.854 0 -77.892
v 63.916 0 -77.924
v 64.659 0 -78.376
v 66.12 0 -79.238
v 67.326 0 -79.928
v 70.149 0 -81.695
v 71.49 0 -83.207
v 71.576 0 -83.29
v 72.307 0 -84.422
v 72.386 0 -84.531
v 73.432 0 -85.525
v 77.063 0 -85.815
v 77.155 0 -85.78
v 78.001 0 -85.332
v 78.086 0 -85.275
v 78.576 0 -84.846
v 78.694 0 -84.68
v 78.967 0 -84.104
v 84.806 0 -74.074
v 85.315 0 -72.445
v 85.674 0 -71.217
v 86.162 0 -69.686
v 87.098 0 -66.61
v 88.924 0 -59.831
v 89.086 0 -58.998
v 90.119 0 -55.149
v 89.529 0 -51.59
v 90.383 0 -50.602
v 91.457 0 -50.084
v 92.831 0 -49.284
v 94.113 0 -48.541
v 91.484 0 -42.78
v 92.065 0 -28.015
v 92.676 0 -26.803
v 98.014 0 -17.885
v 99.303 0 -16.643
v 85.985 0 -14.39
v 76.208 0 -14.489
v 65.041 0 -15.818
v 63.088 0 -16.777
v 64.02 0 -18.145
v 63.453 0 -31.723
v 61.756 0 -33.61
v 59.377 0 -38.016
v 59.298 0 -38.311
v 57.375 0 -45.208
v 56.834 0 -46.201
v 56.569 0 -46.704
v 55.994 0 -47.661
v 55.703 0 -48.194
v 55.072 0 -49.142
v 54.75 0 -49.691
v 53.999 0 -50.832
v 48.31 0 -46.56
v 48.183 0 -44.806
v 49.511 0 -39.57
v 51.96 0 -44.14
v 52.282 0 -43.916
v 53.325 0 -43.173
v 55.406 0 -43.019
v 55.755 0 -42.676
v 56.699 0 -41.964
v 56.818 0 -41.853
v 56.732 0 -39.726
v 55.357 0 -38.394
v 51.058 0 -34.524
v 49.273 0 -32.541
v 49.117 0 -32.439
v 49.105 0 -31.017
v 50.862 0 -28.507
v 49.85 0 -27.939
v 49.23 0 -27.496
v 48.798 0 -26.674
v 46.634 0 -25.071
v 45.445 0 -24.832
v 40.134 0 -22.904
v 39.101 0 -20.532
v 29.55 0 -15.011
v 28.48 0 -15.409
v 28.33 0 -15.505
v 27.52 0 -15.342
v 23.291 0 -15.64
v 22.157 0 -15.305
v 21.697 0 -14.961
v 20.916 0 -15.768
v 22.38 0 -17.064
v 22.689 0 -17.421
v 22.806 0 -18.211
v 23.411 0 -18.714
v 25.003 0 -20.74
v 24.456 0 -23.79
v 25.483 0 -24.933
v 25.869 0 -25.348
v 26.57 0 -26.047
v 27.874 0 -27.224
v 28.157 0 -27.46
v 29.317 0 -29.766
v 28.896 0 -30.377
v 25.635 0 -35.299
v 25.342 0 -35.764
v 39.285 0 -36.069
v 40.18 0 -36.078
v 45.236 0 -40.524
v 39.162 0 -36.568
v 24.951 0 -36.39
v 23.984 0 -38.53
v 22.527 0 -38.164
v 17.991 0 -32.757
v 17.414 0 -32.169
v 16.159 0 -31.668
v 14.893 0 -31.158
v 14.237 0 -30.927
v 11.762 0 -29.986
v 11.383 0 -29.846
v 10.18 0 -29.763
v 8.866 0 -28.316
v 8.525 0 -28.065
v 7.7 0 -27.467
v 6.89 0 -26.029
v 5.824 0 -24.352
v 3.371 0 -26.899
v 2.498 0 -30.713
v 2.863 0 -32.274
v 3.544 0 -34.382
v 4.363 0 -36.46
v 4.373 0 -36.53
v 4.875 0 -37.324
v 5.115 0 -37.486
v 36.147 0 -41.999
v 37.21 0 -42.327
v 41.976 0 -43.423
v 42.587 0 -44.189
v 44.63 0 -47.88
v 34.346 0 -43.508
v 33.183 0 -43.651
v 32.623 0 -43.184
v 6.613 0 -43.85
v 34.188 0 -45.054
v 35.475 0 -46.153
v 33.663 0 -45.516
v 32.843 0 -45.01
v 32.489 0 -44.95
v 6.546 0 -44.939
v 5.534 0 -44.439
v 2.182 0 -40.978
v 0.393 0 -38.489
v 0.247 0 -39.262
v 0.611 0 -40.374
v 2.624 0 -44.946
v 3.485 0 -46.17
v 4.813 0 -47.823
v 6.196 0 -48.888
v 15.822 0 -50.068
v 18.528 0 -48.624
v 19.518 0 -47.828
v 22.439 0 -45.93
v 25.61 0 -53.842
v 25.783 0 -54.343
v 26.259 0 -55.382
v 26.814 0 -55.904
v 27.81 0 -56.434
v 27.934 0 -56.499
v 28.613 0 -56.805
v 29.572 0 -57.343
v 31.268 0 -60.8
v 31.99 0 -61.883
v 55.999 0 -62.53
v 57.616 0 -61.008
v 58.785 0 -59.573
v 60.83 0 -56.59
v 60.956 0 -56.385
v 60.83 0 -53.02
v 63.306 0 -46.45
v 64.055 0 -44.768
v 68.268 0 -39.518
v 70.238 0 -37.299
v 70.84 0 -37.393
v 71.487 0 -37.452
v 75.937 0 -35.336
v 76.544 0 -35.005
v 81.728 0 -39.231
v 81.499 0 -42.537
v 81.774 0 -43.68
v 82.159 0 -45.225
v 82.463 0 -47.84
v 81.732 0 -50.201
v 78.448 0 -51.819
v 78.148 0 -52.403
v 78.521 0 -57.084
v 78.964 0 -57.928
v 72.279 0 -66.374
v 71.721 0 -66.617
v 70.859 0 -67.106
v 68.506 0 -67.876
v 63.208 0 -67.669
v 60.477 0 -65.652
v 60.079 0 -65.444
v 59.954 0 -65.358
v 59.228 0 -64.774
v 59.092 0 -64.676
v 56.184 0 -63.074
v 28.735 0 -64.154
v 26.92 0 -65.995
v 26.755 0 -66.189
v 22.116 0 -66.216
v 21.043 0 -65.529
v 20.25 0 -65.058
v 18.466 0 -61.842
v 15.889 0 -53.77
v 15.42 0 -53.203
v 15.085 0 -52.141
v 7.243 0 -52.216
v 6.49 0 -51.906
v 6.09 0 -51.772
v 6.28 0 -52.512
v 8.257 0 -55.41
v 8.091 0 -56.948
v 21.262 0 -67.487
v 22.571 0 -68.649
v 22.313 0 -69.918
v 21.503 0 -69.776
v 20.485 0 -68.591
v 9.594 0 -68.394
v 9.95 0 -70.514
v 10.515 0 -73.354
v 10.893 0 -75.022
v 11.99 0 -76.93
v 13.155 0 -78.344
v 13.53 0 -78.688
v 13.617 0 -78.755
v 14.819 0 -79.908
v 15.436 0 -80.498
v 16.612 0 -81.151
v 18.136 0 -82.209
v 18.421 0 -82.261
v 19.563 0 -82.262
v 19.653 0 -82.225
v 21.46 0 -80.02
v 24.457 0 -78.407
v 25.488 0 -77.982
v 25.909 0 -77.686
v 31.522 0 -73.592
v 32.706 0 -72.739
v 33.893 0 -71.93
v 71.28 0 -69.648
v 71.315 0 -69.916
v 43.478 0 -74.627
v 45.969 0 -76.446
v 47.18 0 -75.776
v 46.193 0 -74.48
v 44.113 0 -71.835
v 43.84 0 -70.13
v 69.179 0 -71.068
v 69.394 0 -70.84
v 70.927 0 -70.437
v 70.584 0 -70.952
v 44.649 0 -71.232
v 45.527 0 -72.46
v 46.474 0 -73.707
v 46.868 0 -74.241
v 47.97 0 -75.093
v 48.167 0 -75.183
v 48.763 0 -76.522
v 50.677 0 -80.17
v 50.722 0 -80.379
v 51.684 0 -79.714
v 52.107 0 -80.395
v 52.475 0 -80.104
v 52.691 0 -79.957
v 53.756 0 -81.724
v 55.456 0 -81.399
v 55.49 0 -81.397
v 57.153 0 -80.118
v 56.127 0 -77.433
v 55.693 0 -73.265
v 57.394 0 -74.033
v 57.966 0 -74.436
v 58.621 0 -74.884
v 60.737 0 -76.176
v 64.857 0 -78.49
v 67.861 0 -80.219
v 68.688 0 -80.646
v 69.168 0 -80.948
v 72.345 0 -84.47
v 73.49 0 -85.542
v 73.551 0 -85.565
v 74.259 0 -85.83
v 79.236 0 -83.616
v 82.353 0 -79.546
v 83.577 0 -76.988
v 83.902 0 -76.26
v 84.279 0 -75.541
v 84.772 0 -74.159
v 85.8 0 -70.753
v 86.533 0 -68.376
v 86.828 0 -63.796
v 87.51 0 -61.346
v 88.899 0 -59.914
v 89.172 0 -58.559
v 89.749 0 -56.423
v 93.484 0 -48.876
v 94.669 0 -48.155
v 91.438 0 -42.815
v 91.699 0 -40.197
v 91.51 0 -31.446
v 91.819 0 -30.597
v 92.734 0 -26.577
v 93.119 0 -25.62
v 94.141 0 -23.111
v 94.702 0 -22.043
v 96.83 0 -19.353
v 97.045 0 -19.076
v 98.863 0 -17.157
v 99.207 0 -16.765
v 90.173 0 -14.637
v 89.366 0 -14.6
v 80.826 0 -14.858
v 78.867 0 -14.937
v 72.685 0 -14.774
v 72.209 0 -14.986
v 68.063 0 -16.469
v 66.541 0 -16.198
v 63.066 0 -16.69
v 63.079 0 -16.731
v 63.587 0 -17.593
v 64.007 0 -18.119
v 64.906 0 -19.229
v 66.201 0 -20.747
v 68.93 0 -23.81
v 68.105 0 -27.274
v 67.988 0 -27.376
v 66.969 0 -28.401
v 64.447 0 -30.7
v 62.072 0 -33.268
v 59.369 0 -38.179
v 58.694 0 -38.759
v 58.366 0 -42.343
v 57.435 0 -45.058
v 56.052 0 -47.576
v 52.857 0 -51.752
v 52.701 0 -51.865
v 52.066 0 -52.233
v 49.779 0 -53.067
v 48.222 0 -53.256
v 47.883 0 -49
v 49.147 0 -40.206
v 50.028 0 -41.611
v 53.822 0 -43.037
v 54.296 0 -37.474
v 52.303 0 -35.835
v 50.894 0 -28.589
v 50.876 0 -28.554
v 40.236 0 -23.053
v 39.305 0 -21.338
v 36.37 0 -17.518
v 35.063 0 -17.138
v 33.993 0 -16.473
v 27.421 0 -15.325
v 25.646 0 -15.131
v 22.86 0 -15.872
v 22.924 0 -18.289
v 24.331 0 -22.513
v 23.058 0 -21.88
v 23.209 0 -22.083
v 23.884 0 -23.038
v 29.646 0 -29.161
v 28.709 0 -30.68
v 28.341 0 -31.336
v 27.976 0 -32.017
v 27.146 0 -33.203
v 41.383 0 -36.294
v 45.153 0 -38.855
v 45.373 0 -41.642
v 44.479 0 -42.5
v 43.376 0 -41.384
v 41.82 0 -39.625
v 40.4 0 -38
v 39.31 0 -36.754
v 24.987 0 -36.325
v 23.98 0 -38.568
v 22.995 0 -38.346
v 20.634 0 -36.517
v 19.23 0 -35.811
v 17.196 0 -32.087
v 11.21 0 -29.795
v 6.74 0 -25.781
v 5.941 0 -24.536
v 4.369 0 -30.391
v 3.967 0 -29.219
v 3.592 0 -28.005
v 2.606 0 -31.222
v 3.507 0 -34.238
v 5.987 0 -38.311
v 35.609 0 -42
v 37.86 0 -42.253
v 44.523 0 -47.097
v 41.926 0 -47.793
v 41.674 0 -47.58
v 40.503 0 -46.681
v 38.72 0 -45.582
v 37.48 0 -44.905
v 36.564 0 -44.494
v 34.405 0 -43.546
v 32.707 0 -43.266
v 32.659 0 -43.231
v 6.587 0 -43.266
v 16.859 0 -43.923
v 35.911 0 -47.168
v 34.21 0 -46.286
v 33.724 0 -45.618
v 32.672 0 -44.997
v 6.495 0 -44.969
v 2.616 0 -41.52
v 1.615 0 -40.183
v 0.867 0 -39.14
v 0.447 0 -38.561
v 0.86 0 -41.121
v 1.283 0 -42.077
v 3.619 0 -46.346
v 4.276 0 -47.134
v 4.775 0 -47.779
v 6.34 0 -48.989
v 7.345 0 -50.029
v 15.461 0 -50.396
v 17.046 0 -49.266
v 19.814 0 -47.598
v 21.919 0 -45.97
v 22.789 0 -46.827
v 23.424 0 -48.414
v 23.704 0 -49.062
v 24.073 0 -50.004
v 24.42 0 -50.899
v 25.77 0 -54.294
v 26.368 0 -55.588
v 28.797 0 -56.872
v 30.469 0 -59.199
v 32.077 0 -62
v 56.054 0 -62.501
v 56.12 0 -62.472
v 58.852 0 -59.487
v 59.253 0 -58.976
v 60.839 0 -56.556
v 60.904 0 -56.45
v 60.753 0 -53.123
v 61.34 0 -50.588
v 61.49 0 -50.297
v 61.822 0 -49.546
v 62.052 0 -48.956
v 62.432 0 -48.245
v 62.775 0 -47.466
v 64.122 0 -44.629
v 64.462 0 -43.736
v 64.627 0 -43.207
v 65.043 0 -42.008
v 65.625 0 -41.085
v 66.498 0 -40.605
v 67.445 0 -40.053
v 69.244 0 -38.785
v 71.703 0 -37.397
v 72.663 0 -37.03
v 73.291 0 -36.657
v 75.516 0 -35.526
v 78.336 0 -34.186
v 78.436 0 -34.101
v 81.225 0 -32.923
v 81.467 0 -34.09
v 81.191 0 -34.862
v 81.905 0 -40.385
v 81.526 0 -42.409
v 81.757 0 -50.241
v 79.747 0 -50.494
v 79.701 0 -50.525
v 78.135 0 -52.465
v 78.486 0 -56.98
v 79.063 0 -58.079
v 79.341 0 -59.613
v 78.139 0 -61.063
v 75.875 0 -61.996
v 75.808 0 -62.114
v 75.234 0 -63.28
v 74.884 0 -63.992
v 74.11 0 -65.43
v 73.456 0 -65.8
v 71.516 0 -66.751
v 68.124 0 -68.024
v 63.28 0 -67.707
v 62.482 0 -67.123
v 61.78 0 -66.623
v 61.263 0 -66.304
v 60.546 0 -65.704
v 57.224 0 -63.948
v 56.374 0 -63.211
v 31.709 0 -63.993
v 28.958 0 -63.969
v 28.837 0 -64.074
v 26.872 0 -66.063
v 26.336 0 -66.706
v 24.688 0 -67.576
v 24.036 0 -67.281
v 23.029 0 -66.625
v 20.173 0 -65.029
v 18.974 0 -63.072
v 18.87 0 -62.745
v 18.507 0 -61.911
v 17.217 0 -60.803
v 16.789 0 -58.32
v 15.101 0 -52.263
v 6.217 0 -51.817
v 7.313 0 -53.133
v 8.193 0 -53.884
v 8.739 0 -54.812
v 8.304 0 -55.36
v 8.134 0 -57.161
v 8.216 0 -57.672
v 10.359 0 -62.555
v 21.639 0 -67.798
v 22.435 0 -69.966
v 22.349 0 -69.939
v 20.701 0 -69.104
v 10.572 0 -73.563
v 10.861 0 -74.902
v 12.091 0 -77.061
v 12.17 0 -77.17
v 12.761 0 -77.841
v 14.874 0 -79.955
v 15.356 0 -80.423
v 18.274 0 -82.234
v 23.433 0 -78.801
v 23.716 0 -78.663
v 24.411 0 -78.414
v 25.528 0 -77.949
v 27.829 0 -76.417
v 29.221 0 -75.22
v 29.678 0 -74.888
v 36.007 0 -69.993
v 36.837 0 -68.381
v 37.306 0 -68.733
v 71.31 0 -69.61
v 71.343 0 -69.943
v 39.123 0 -70.656
v 41.004 0 -72.505
v 43.408 0 -74.561
v 44.491 0 -75.445
v 46.278 0 -74.595
v 45.164 0 -73.183
v 44.941 0 -72.917
v 43.474 0 -71.065
v 69.34 0 -70.869
v 69.72 0 -70.651
v 70.956 0 -70.414
v 70.052 0 -71.77
v 45.336 0 -72.208
v 45.752 0 -72.784
v 45.841 0 -72.88
v 46.827 0 -74.214
v 48.73 0 -76.485
v 49.13 0 -77.114
v 49.179 0 -77.189
v 51.74 0 -79.73
v 52.041 0 -80.14
v 52.661 0 -79.895
v 53.359 0 -81.141
v 57.014 0 -82.616
v 57.494 0 -82.176
v 56.768 0 -79.52
v 56.521 0 -78.936
v 55.779 0 -76.874
v 55.52 0 -74.398
v 55.639 0 -73.147
v 56.533 0 -73.385
v 56.575 0 -73.414
v 57.796 0 -74.336
v 58.427 0 -74.743
v 58.571 0 -74.838
v 59.222 0 -75.316
v 61.841 0 -76.792
v 62.243 0 -77.023
v 63.024 0 -77.476
v 63.889 0 -77.906
v 64.768 0 -78.435
v 66.029 0 -79.177
v 67.72 0 -80.136
v 69.016 0 -80.872
v 69.823 0 -81.374
v 70.094 0 -81.607
v 74.096 0 -85.775
v 74.17 0 -85.799
v 78.037 0 -85.304
v 78.63 0 -84.766
v 79.062 0 -83.809
v 83.446 0 -77.246
v 83.514 0 -77.107
v 84.196 0 -75.837
v 84.737 0 -74.26
v 85.271 0 -72.557
v 86.076 0 -69.953
v 86.124 0 -69.786
v 86.871 0 -67.354
v 87.009 0 -66.881
v 87.201 0 -61.884
v 88.876 0 -59.992
v 89.485 0 -57.335
v 89.644 0 -56.751
v 90.082 0 -55.252
v 89.697 0 -51.143
v 91.017 0 -50.334
v 91.293 0 -50.176
v 92.73 0 -49.339
v 93.418 0 -48.903
v 94.059 0 -48.572
v 94.631 0 -48.181
v 91.576 0 -38.874
v 91.747 0 -30.776
v 91.779 0 -30.69
v 92.022 0 -28.043
v 93.046 0 -25.927
v 93.414 0 -24.708
v 94.088 0 -23.183
v 95.231 0 -21.207
v 95.676 0 -20.646
v 96.951 0 -19.19
v 98.81 0 -17.188
v 89.871 0 -14.63
v 89.598 0 -14.618
v 86.194 0 -14.412
v 76.784 0 -14.576
v 76.396 0 -14.524
v 72.625 0 -14.861
v 72.408 0 -14.959
v 67.087 0 -16.284
v 65.235 0 -15.904
v 65.106 0 -15.856
v 63.524 0 -17.5
v 64.832 0 -19.136
v 66.099 0 -20.626
v 67.874 0 -22.573
v 68.033 0 -27.349
v 65.228 0 -29.98
v 64.677 0 -30.497
v 62.545 0 -32.735
v 62.341 0 -32.97
v 58.729 0 -38.689
v 57.422 0 -45.109
v 57.401 0 -45.16
v 56.622 0 -46.619
v 55.722 0 -48.176
v 54.826 0 -49.576
v 52.799 0 -51.798
v 52.282 0 -52.119
v 50.162 0 -52.958
v 49.042 0 -53.087
v 48.217 0 -53.297
v 47.795 0 -49.213
v 49.156 0 -40.021
v 49.892 0 -40.194
v 50.067 0 -41.433
v 52.046 0 -44.072
v 52.211 0 -43.958
v 53.751 0 -42.986
v 55.348 0 -43.063
v 55.711 0 -42.695
v 56.76 0 -41.901
v 56.787 0 -39.839
v 54.402 0 -37.581
v 51.752 0 -35.243
v 51.298 0 -34.802
v 49.201 0 -32.496
v 48.894 0 -31.113
v 48.842 0 -26.753
v 48.818 0 -26.715
v 40.161 0 -22.952
v 39.161 0 -20.844
v 35.335 0 -17.224
v 34.273 0 -16.819
v 29.719 0 -15.041
v 26.33 0 -15.2
v 25.782 0 -15.155
v 23.339 0 -15.764
v 23.021 0 -16.039
v 22.206 0 -15.357
v 21.772 0 -15.001
v 20.584 0 -15.466
v 20.733 0 -15.598
v 22.711 0 -17.386
v 23.293 0 -18.57
v 23.391 0 -18.66
v 25.216 0 -22.876
v 24.706 0 -22.839
v 23.134 0 -21.978
v 23.724 0 -22.834
v 23.83 0 -22.961
v 24.427 0 -23.741
v 26.044 0 -25.559
v 26.356 0 -25.836
v 28.07 0 -27.383
v 29.366 0 -29.694
v 29.345 0 -29.731
v 28.771 0 -30.586
v 28.378 0 -31.3
v 27.421 0 -32.782
v 25.798 0 -35.082
v 25.67 0 -35.267
v 25.397 0 -35.687
v 41.204 0 -36.262
v 41.3 0 -36.276
v 45.173 0 -38.68
v 45.234 0 -40.44
v 45.228 0 -42.719
v 43.658 0 -41.656
v 42.298 0 -40.16
v 40.825 0 -38.46
v 39.505 0 -36.971
v 20.542 0 -36.704
v 19.41 0 -35.962
v 18.125 0 -32.95
v 18.058 0 -32.857
v 16.301 0 -31.725
v 16.206 0 -31.692
v 14.441 0 -31.006
v 11.806 0 -30.011
v 11.265 0 -29.817
v 10.214 0 -29.808
v 8.624 0 -28.147
v 6.844 0 -25.959
v 6.793 0 -25.875
v 6.073 0 -24.728
v 4.796 0 -29.129
v 4.096 0 -29.528
v 3.693 0 -28.385
v 3.469 0 -27.145
v 3.395 0 -26.975
v 2.541 0 -30.885
v 2.578 0 -31.058
v 2.852 0 -32.23
v 4.375 0 -36.498
v 4.999 0 -37.404
v 35.639 0 -41.952
v 36.094 0 -41.955
v 40.68 0 -42.06
v 41.909 0 -43.327
v 42.493 0 -44.074
v 44.78 0 -48.95
v 41.798 0 -47.688
v 40.686 0 -46.82
v 38.845 0 -45.659
v 37.902 0 -45.161
v 36.945 0 -44.673
v 16.204 0 -44.651
v 16.927 0 -43.774
v 34.044 0 -44.946
v 34.245 0 -46.342
v 6.412 0 -44.969
v 5.726 0 -44.603
v 2.468 0 -41.355
v 2.245 0 -41.075
v 1.699 0 -40.321
v 0.569 0 -38.706
v 0.204 0 -39.103
v 0.784 0 -40.854
v 2.523 0 -44.774
v 2.571 0 -44.851
v 3.56 0 -46.264
v 4.691 0 -47.711
v 6.278 0 -48.941
v 7.293 0 -49.725
v 15.13 0 -50.971
v 15.646 0 -50.194
v 16.936 0 -49.289
v 18.419 0 -48.704
v 21.022 0 -46.817
v 22.665 0 -46.533
v 23.382 0 -48.313
v 23.406 0 -48.364
v 23.959 0 -49.729
v 24.292 0 -50.632
v 25.405 0 -53.265
v 25.559 0 -53.658
v 26.32 0 -55.494
v 26.766 0 -55.876
v 27.87 0 -56.463
v 29.449 0 -57.169
v 29.548 0 -57.283
v 31.118 0 -60.568
v 31.21 0 -60.699
v 57.331 0 -61.331
v 59.148 0 -59.149
v 59.619 0 -58.517
v 60.669 0 -53.183
v 61.438 0 -50.388
v 61.966 0 -49.157
v 62.346 0 -48.445
v 62.394 0 -48.314
v 63.251 0 -46.554
v 63.275 0 -46.502
v 64.084 0 -44.697
v 64.55 0 -43.483
v 64.586 0 -43.313
v 65.42 0 -41.342
v 66.389 0 -40.655
v 66.44 0 -40.627
v 67.949 0 -39.772
v 68.165 0 -39.58
v 69.179 0 -38.844
v 70.662 0 -37.324
v 71.607 0 -37.411
v 73.1 0 -36.771
v 73.739 0 -36.494
v 75.802 0 -35.39
v 78.383 0 -34.146
v 81.419 0 -33.814
v 81.219 0 -34.65
v 81.209 0 -34.79
v 81.813 0 -39.333
v 81.573 0 -42.107
v 82.119 0 -44.836
v 82.048 0 -49.708
v 78.486 0 -51.778
v 78.505 0 -57.028
v 79.02 0 -58.009
v 78.226 0 -61.091
v 75.846 0 -62.055
v 75.495 0 -62.695
v 74.954 0 -63.81
v 74.195 0 -65.294
v 73.605 0 -65.689
v 72.405 0 -66.332
v 72.346 0 -66.356
v 71.595 0 -66.711
v 70.886 0 -67.104
v 68.3 0 -67.96
v 63.252 0 -67.698
v 63.228 0 -67.685
v 62.541 0 -67.173
v 61.854 0 -66.675
v 60.623 0 -65.758
v 59.994 0 -65.396
v 59.151 0 -64.723
v 32.393 0 -62.747
v 31.778 0 -64.039
v 26.816 0 -66.129
v 26.39 0 -66.636
v 24.769 0 -67.632
v 23.363 0 -66.832
v 23.121 0 -66.691
v 21.338 0 -65.742
v 21.144 0 -65.609
v 19.596 0 -64.575
v 18.915 0 -62.9
v 16.789 0 -58.721
v 15.12 0 -52.352
v 7.278 0 -52.234
v 6.352 0 -51.862
v 6.2 0 -52.468
v 6.242 0 -52.487
v 7.244 0 -53.057
v 8.108 0 -53.835
v 8.339 0 -55.31
v 8.176 0 -57.408
v 10.392 0 -62.688
v 21.21 0 -67.441
v 22.297 0 -68.442
v 22.469 0 -68.565
v 22.39 0 -69.955
v 20.92 0 -69.46
v 9.583 0 -68.279
v 9.874 0 -69.993
v 10.773 0 -74.615
v 10.821 0 -74.764
v 13.042 0 -78.214
v 13.126 0 -78.3
v 14.847 0 -79.926
v 15.213 0 -80.31
v 16.47 0 -81.031
v 24.305 0 -78.455
v 27.442 0 -76.66
v 29.359 0 -75.116
v 30.977 0 -73.974
v 31.383 0 -73.684
v 32.599 0 -72.806
v 35.988 0 -70.01
v 37.18 0 -68.606
v 71.366 0 -69.95
v 38.635 0 -70.131
v 40.786 0 -72.315
v 44.245 0 -75.285
v 45.724 0 -76.294
v 45.851 0 -76.369
v 45.333 0 -73.391
v 44.997 0 -72.969
v 44.317 0 -72.075
v 43.4 0 -70.98
v 43.8 0 -70.077
v 69.696 0 -70.664
v 70.716 0 -70.313
v 70.71 0 -70.71
v 69.775 0 -71.83
v 45.413 0 -72.297
v 45.478 0 -72.382
v 46.36 0 -73.556
v 46.417 0 -73.626
v 46.85 0 -74.225
v 48.749 0 -76.501
v 49.687 0 -77.85
v 53.245 0 -81.001
v 56.973 0 -82.634
v 57.453 0 -82.245
v 57.23 0 -80.245
v 56.165 0 -77.494
v 55.5 0 -74.546
v 57.342 0 -73.996
v 57.864 0 -74.371
v 57.921 0 -74.405
v 59.156 0 -75.277
v 60.199 0 -75.893
v 61.977 0 -76.864
v 62.114 0 -76.942
v 65.91 0 -79.109
v 67.539 0 -80.038
v 68.461 0 -80.542
v 69.072 0 -80.896
v 71.543 0 -83.241
v 78.946 0 -84.079
v 83.864 0 -76.311
v 85.172 0 -72.86
v 85.223 0 -72.698
v 86.095 0 -69.877
v 86.932 0 -67.133
v 89.105 0 -58.868
v 89.551 0 -57.07
v 90.036 0 -55.439
v 90.054 0 -55.351
v 91.144 0 -50.26
v 92.633 0 -49.396
v 94.017 0 -48.606
v 91.39 0 -42.86
v 91.71 0 -40.321
v 91.995 0 -28.075
v 93.061 0 -25.83
v 93.448 0 -24.599
v 94.39 0 -22.646
v 96.879 0 -19.284
v 97.799 0 -18.11
v 99.087 0 -16.954
v 99.134 0 -16.871
v 86.489 0 -14.43
v 76.591 0 -14.554
v 69.491 0 -15.883
v 66.923 0 -16.265
v 65.172 0 -15.885
v 63.967 0 -18.085
v 64.737 0 -19.028
v 65.966 0 -20.477
v 67.366 0 -22.026
v 67.571 0 -27.731
v 64.943 0 -30.254
v 63.762 0 -31.341
v 63.551 0 -31.616
v 56.758 0 -46.361
v 56.171 0 -47.38
v 56.112 0 -47.481
v 54.93 0 -49.399
v 53.836 0 -51.081
v 52.746 0 -51.836
v 52.21 0 -52.164
v 49.994 0 -53.033
v 49.874 0 -53.069
v 47.88 0 -51.34
v 49.167 0 -39.851
v 49.446 0 -39.464
v 52.131 0 -44.01
v 53.696 0 -42.952
v 55.287 0 -43.119
v 57.11 0 -40.26
v 56.868 0 -39.964
v 54.482 0 -37.662
v 51.539 0 -35.053
v 48.656 0 -31.244
v 46.74 0 -25.092
v 39.757 0 -22.372
v 39.229 0 -21.111
v 35.254 0 -17.205
v 34.079 0 -16.622
v 29.937 0 -15.059
v 22.388 0 -15.479
v 21.84 0 -15.033
v 22.43 0 -17.092
v 22.872 0 -18.251
v 23.353 0 -18.613
v 25.283 0 -23.011
v 23.776 0 -22.892
v 24.391 0 -23.693
v 25.801 0 -25.254
v 26.177 0 -25.669
v 27.974 0 -27.302
v 28.835 0 -30.484
v 28.054 0 -31.81
v 27.337 0 -32.923
v 25.754 0 -35.156
v 25.71 0 -35.219
v 25.444 0 -35.614
v 43.999 0 -36.646
v 45.187 0 -38.458
v 45.338 0 -40.945
v 45.23 0 -42.853
v 43.547 0 -41.556
v 42.107 0 -39.955
v 41.945 0 -39.774
v 25.016 0 -36.266
v 23.436 0 -38.506
v 20.459 0 -36.921
v 17.313 0 -32.134
v 16.255 0 -31.712
v 14.779 0 -31.124
v 11.858 0 -30.034
v 11.324 0 -29.835
v 8.74 0 -28.232
v 6.206 0 -24.909
v 4.778 0 -29.621
v 4.046 0 -29.427
v 3.651 0 -28.271
v 3.445 0 -27.101
v 3.42 0 -27.044
v 2.806 0 -32.125
v 3.46 0 -34.085
v 5.909 0 -38.021
v 6.003 0 -38.2
v 35.688 0 -41.923
v 36.029 0 -41.924
v 42.399 0 -43.968
v 40.87 0 -46.949
v 38.129 0 -45.259
v 37.25 0 -44.809
v 34.521 0 -43.594
v 34.464 0 -43.575
v 16.244 0 -44.433
v 16.978 0 -43.657
v 34.534 0 -45.265
v 33.86 0 -45.8
v 33.79 0 -45.714
v 16.347 0 -44.912
v 4.281 0 -43.39
v 1.86 0 -40.542
v 0.981 0 -39.242
v 0.507 0 -38.635
v 0.16 0 -38.955
v 1.169 0 -41.918
v 4.042 0 -46.859
v 4.734 0 -47.741
v 7.213 0 -49.509
v 16.851 0 -49.324
v 18.312 0 -48.79
v 19.622 0 -47.732
v 19.721 0 -47.655
v 22.722 0 -46.661
v 23.652 0 -48.938
v 23.681 0 -49
v 24.042 0 -49.916
v 25.486 0 -53.456
v 25.733 0 -54.216
v 25.753 0 -54.251
v 28.702 0 -56.834
v 30.234 0 -58.754
v 31.159 0 -60.62
v 32.039 0 -61.944
v 56.76 0 -62.06
v 57.087 0 -61.622
v 58.814 0 -59.529
v 59.644 0 -58.463
v 59.736 0 -58.304
v 60.864 0 -56.509
v 61.774 0 -49.71
v 61.801 0 -49.595
v 62.365 0 -48.381
v 62.715 0 -47.639
v 64.414 0 -43.933
v 64.441 0 -43.787
v 64.976 0 -42.214
v 65.475 0 -41.235
v 67.191 0 -40.217
v 67.36 0 -40.092
v 70.487 0 -37.264
v 72.543 0 -37.141
v 73.159 0 -36.726
v 73.813 0 -36.44
v 75.66 0 -35.454
v 76.609 0 -34.955
v 81.21 0 -32.834
v 81.219 0 -34.718
v 81.551 0 -42.263
v 82.411 0 -46.571
v 81.788 0 -50.249
v 79.403 0 -58.582
v 78.298 0 -61.11
v 75.429 0 -62.88
v 75.338 0 -63.085
v 74.18 0 -65.357
v 73.56 0 -65.733
v 70.911 0 -67.088
v 67.611 0 -68.285
v 62.618 0 -67.227
v 61.936 0 -66.727
v 61.392 0 -66.384
v 60.036 0 -65.425
v 57.71 0 -64.04
v 31.838 0 -64.07
v 26.43 0 -66.574
v 25.412 0 -67.904
v 24.859 0 -67.69
v 23.234 0 -66.761
v 21.244 0 -65.681
v 19.494 0 -64.5
v 19.376 0 -64.367
v 18.603 0 -62.039
v 18.554 0 -61.978
v 16.764 0 -58.62
v 16.765 0 -58.479
v 7.147 0 -52.991
v 8.014 0 -53.79
v 8.787 0 -54.195
v 10.425 0 -62.851
v 21.439 0 -67.624
v 21.563 0 -67.721
v 22.376 0 -68.495
v 21.033 0 -69.584
v 9.569 0 -68.183
v 9.807 0 -69.623
v 12.593 0 -77.658
v 12.716 0 -77.781
v 13.088 0 -78.256
v 15.28 0 -80.359
v 16.354 0 -80.946
v 24.36 0 -78.43
v 27.011 0 -76.94
v 29.514 0 -75.003
v 31.241 0 -73.781
v 32.494 0 -72.875
v 37.27 0 -68.684
v 40.61 0 -72.168
v 43.339 0 -74.506
v 44.376 0 -75.364
v 45.237 0 -73.277
v 44.215 0 -71.956
v 43.75 0 -70.02
v 70.979 0 -70.39
v 69.871 0 -71.85
v 45.797 0 -72.826
v 48.05 0 -75.081
v 51.956 0 -79.938
v 53.277 0 -81.032
v 56.676 0 -79.384
v 55.498 0 -74.436
v 58.505 0 -74.79
v 60.39 0 -75.99
v 62.953 0 -77.441
v 68.552 0 -80.577
v 69.124 0 -80.921
v 70.022 0 -81.526
v 78.93 0 -84.052
v 78.95 0 -83.94
v 83.816 0 -76.424
v 84.214 0 -75.752
v 89.93 0 -52.98
v 93.366 0 -48.931
v 91.343 0 -42.912
v 91.541 0 -38.618
v 92.699 0 -26.676
v 93.086 0 -25.726
v 94.032 0 -23.269
v 98.754 0 -17.226
v 72.54 0 -14.92
v 66.738 0 -16.236
v 63.456 0 -17.41
v 67.569 0 -22.237
v 67.401 0 -27.945
v 63.709 0 -31.42
v 59.343 0 -38.27
v 56.686 0 -46.502
v 55.737 0 -48.152
v 48.868 0 -53.191
v 48.219 0 -53.329
v 47.74 0 -49.483
v 49.181 0 -39.706
v 50.085 0 -41.259
v 53.447 0 -43.077
v 55.678 0 -42.721
v 56.975 0 -40.104
v 52.421 0 -35.961
v 48.429 0 -31.387
v 49.648 0 -27.886
v 46.87 0 -25.113
v 40.196 0 -23.003
v 34.174 0 -16.74
v 26.133 0 -15.191
v 25.948 0 -15.176
v 23.186 0 -16.188
v 24.322 0 -19.924
v 25.336 0 -23.129
v 25.035 0 -23.104
v 28.677 0 -27.849
v 28.406 0 -31.257
v 27.244 0 -33.066
v 25.479 0 -35.546
v 45.197 0 -38.199
v 45.224 0 -40.351
v 45.228 0 -42.966
v 44.688 0 -42.713
v 40.657 0 -38.283
v 40.513 0 -38.127
v 23.969 0 -38.6
v 23.774 0 -38.614
v 20.391 0 -37.15
v 10.856 0 -29.772
v 4.003 0 -29.323
v 2.833 0 -32.18
v 5.977 0 -38.102
v 37.373 0 -42.297
v 39.198 0 -45.846
v 38.038 0 -45.226
v 33.096 0 -43.684
v 33.023 0 -43.673
v 16.311 0 -44.207
v 17.006 0 -43.581
v 33.836 0 -44.805
v 1.781 0 -40.443
v 0.936 0 -39.21
v 0.697 0 -40.592
v 4.124 0 -46.943
v 4.204 0 -47.036
v 7.094 0 -49.361
v 21.066 0 -46.751
v 24.004 0 -49.823
v 24.336 0 -50.715
v 30.344 0 -58.94
v 59.171 0 -59.097
v 59.684 0 -58.39
v 61.386 0 -50.486
v 61.985 0 -49.09
v 62.014 0 -49.022
v 62.728 0 -47.577
v 64.425 0 -43.854
v 64.56 0 -43.406
v 64.991 0 -42.139
v 68.001 0 -39.71
v 68.075 0 -39.645
v 70.254 0 -37.263
v 70.348 0 -37.226
v 71.534 0 -37.43
v 73.915 0 -36.374
v 81.467 0 -33.937
v 81.872 0 -39.439
v 82.485 0 -46.828
v 78.35 0 -61.12
v 74.939 0 -63.868
v 73.51 0 -65.771
v 71.664 0 -66.665
v 61.35 0 -66.366
v 57.336 0 -64.027
v 24.954 0 -67.747
v 15.513 0 -53.42
v 21.495 0 -67.662
v 21.133 0 -69.672
v 10.549 0 -73.463
v 12.659 0 -77.719
v 13.579 0 -78.721
v 16.272 0 -80.9
v 31.103 0 -73.88
v 37.227 0 -68.641
v 44.97 0 -72.948
v 43.693 0 -69.96
v 70.683 0 -70.778
v 50.439 0 -79.237
v 51.854 0 -79.799
v 53.316 0 -81.08
v 56.591 0 -79.183
v 55.597 0 -73.052
v 78.917 0 -84.026
v 82.177 0 -79.937
v 84.243 0 -75.651
v 86.474 0 -68.594
v 86.5 0 -68.485
v 87.361 0 -61.501
v 90.188 0 -50.696
v 92.544 0 -49.451
v 91.3 0 -42.97
v 94.468 0 -22.463
v 98.696 0 -17.271
v 80.771 0 -14.903
v 69.34 0 -16.104
v 67.741 0 -22.423
v 68.072 0 -27.314
v 48.669 0 -53.281
v 47.81 0 -51.245
v 48.251 0 -46.387
v 49.195 0 -39.593
v 50.09 0 -41.06
v 53.548 0 -43.004
v 53.66 0 -42.94
v 49.342 0 -27.667
v 43.08 0 -24.62
v 39.691 0 -22.289
v 28.433 0 -15.466
v 23.379 0 -15.916
v 22.324 0 -15.446
v 22.263 0 -15.405
v 22.484 0 -17.129
v 24.399 0 -19.985
v 25.374 0 -23.222
v 25.277 0 -23.273
v 28.424 0 -31.21
v 28.038 0 -31.89
v 39.581 0 -36.049
v 44.249 0 -36.672
v 45.182 0 -40.182
v 45.22 0 -43.054
v 43.451 0 -41.464
v 25.034 0 -36.217
v 20.548 0 -37.748
v 10.797 0 -29.8
v 7.793 0 -27.563
v 37.592 0 -42.272
v 41.805 0 -43.2
v 39.007 0 -45.748
v 37.961 0 -45.193
v 16.4 0 -44
v 17.01 0 -43.55
v 34.29 0 -46.404
v 16.298 0 -44.984
v 0.897 0 -39.175
v 6.927 0 -49.265
v 21.109 0 -46.694
v 24.38 0 -50.805
v 59.206 0 -59.039
v 61.785 0 -49.65
v 62.749 0 -47.519
v 65.014 0 -42.069
v 67.275 0 -40.147
v 72.581 0 -37.097
v 74.041 0 -36.3
v 76.575 0 -34.978
v 79.787 0 -32.904
v 81.923 0 -40.284
v 74.915 0 -63.93
v 67.557 0 -68.339
v 61.306 0 -66.339
v 57.459 0 -64.072
v 31.886 0 -64.085
v 24.171 0 -67.326
v 22.527 0 -66.382
v 20.206 0 -65.045
v 15.74 0 -53.693
v 15.618 0 -53.58
v 7.317 0 -52.248
v 8.823 0 -54.646
v 23.255 0 -70.236
v 21.235 0 -69.729
v 25.572 0 -77.915
v 32.398 0 -72.944
v 46.381 0 -74.723
v 43.63 0 -69.9
v 70.64 0 -70.86
v 49.89 0 -78.147
v 50.293 0 -78.89
v 55.841 0 -77.055
v 55.57 0 -72.984
v 78.91 0 -84
v 82.254 0 -79.76
v 83.835 0 -76.367
v 85.738 0 -70.961
v 87.04 0 -64.12
v 89.134 0 -58.719
v 91.251 0 -43.089
v 91.47 0 -31.691
v 93.979 0 -23.367
v 95.499 0 -20.854
v 80.689 0 -14.936
v 79.136 0 -14.979
v 69.18 0 -16.27
v 63.99 0 -18.098
v 67.188 0 -28.183
v 63.638 0 -31.514
v 58.374 0 -42.567
v 48.476 0 -53.345
v 47.76 0 -51.139
v 48.207 0 -46.073
v 49.21 0 -39.52
v 50.077 0 -40.834
v 55.229 0 -43.184
v 55.213 0 -38.305
v 52.71 0 -36.12
v 48.251 0 -31.521
v 47.017 0 -25.131
v 42.484 0 -24.586
v 39.589 0 -22.128
v 22.701 0 -17.346
v 24.488 0 -20.063
v 25.393 0 -23.284
v 25.675 0 -25.119
v 28.011 0 -31.959
v 44.479 0 -36.699
v 45.2 0 -37.91
v 20.431 0 -37.728
v 20.346 0 -37.369
v 7.739 0 -27.518
v 3.618 0 -28.144
v 35.952 0 -41.906
v 44.22 0 -46.007
v 16.493 0 -43.85
v 16.921 0 -43.533
v 1.214 0 -41.97
v 1.253 0 -42.024
v 21.147 0 -46.649
v 60.588 0 -53.2
v 73.224 0 -36.688
v 80.063 0 -32.669
v 81.482 0 -34.024
v 81.935 0 -40.165
v 81.828 0 -50.228
v 78.468 0 -61.095
v 67.482 0 -68.396
v 32.351 0 -63.135
v 31.92 0 -64.08
v 25.05 0 -67.8
v 22.43 0 -66.359
v 17.439 0 -61.38
v 7.359 0 -52.257
v 21.353 0 -69.761
v 21.488 0 -79.972
v 28.467 0 -75.824
v 43.545 0 -69.831
v 48.116 0 -75.111
v 50.101 0 -78.51
v 51.281 0 -80.88
v 52.47 0 -79.964
v 52.629 0 -79.843
v 55.805 0 -76.986
v 55.56 0 -72.95
v 68.629 0 -80.613
v 91.734 0 -40.393
v 94.577 0 -22.253
v 97.855 0 -18.043
v 80.572 0 -14.961
v 79.43 0 -15
v 69.003 0 -16.386
v 58.33 0 -42.836
v 47.726 0 -51.007
v 48.179 0 -45.67
v 50.034 0 -40.599
v 52.642 0 -36.12
v 48.281 0 -31.942
v 48.16 0 -31.62
v 42.037 0 -24.532
v 23.404 0 -16.073
v 24.586 0 -20.152
v 44.678 0 -36.724
v 45.206 0 -40.264
v 20.33 0 -37.56
v 19.314 0 -35.942
v 14.625 0 -31.073
v 44.263 0 -49.636
v 16.598 0 -43.723
v 32.219 0 -44.572
v 15.074 0 -51.219
v 26.656 0 -55.833
v 29.519 0 -57.232
v 60.517 0 -53.173
v 70.268 0 -37.236
v 70.28 0 -37.22
v 81.91 0 -39.56
v 81.941 0 -40.035
v 81.88 0 -50.18
v 78.593 0 -61.036
v 67.393 0 -68.455
v 64.22 0 -68.45
v 57.586 0 -64.077
v 24.117 0 -67.316
v 22.326 0 -66.322
v 7.4 0 -52.26
v 8.861 0 -54.47
v 23.75 0 -69.443
v 71.37 0 -69.556
v 43.47 0 -69.783
v 51.257 0 -80.754
v 52.476 0 -79.866
v 52.595 0 -79.804
v 57.317 0 -80.376
v 69.933 0 -81.449
v 91.214 0 -43.286
v 93.489 0 -24.482
v 80.414 0 -14.978
v 68.18 0 -16.488
v 48.17 0 -45.23
v 49.97 0 -40.379
v 52.54 0 -36.062
v 49.48 0 -27.796
v 39.634 0 -22.206
v 35.161 0 -17.176
v 23.41 0 -16.209
v 23.321 0 -16.286
v 25.39 0 -23.31
v 28.888 0 -28.027
v 45.2 0 -36.84
v 20.337 0 -37.637
v 10.726 0 -29.821
v 10.27 0 -29.834
v 16.709 0 -43.625
v 32.271 0 -44.429
v 15.095 0 -51.077
v 26.713 0 -55.852
v 29.486 0 -57.194
v 72.621 0 -37.059
v 80.313 0 -32.478
v 81.931 0 -39.71
v 81.924 0 -44.054
v 81.925 0 -50.114
v 67.294 0 -68.511
v 24.071 0 -67.3
v 22.22 0 -66.274
v 17.316 0 -61.189
v 7.452 0 -52.251
v 8.85 0 -54.31
v 21.567 0 -79.9
v 23.626 0 -78.7
v 28.589 0 -75.657
v 71.419 0 -69.548
v 43.401 0 -69.755
v 52.56 0 -79.78
v 60.572 0 -76.086
v 87.263 0 -61.674
v 89.991 0 -50.831
v 97.928 0 -17.966
v 79.777 0 -15.003
v 53.621 0 -42.957
v 41.699 0 -24.444
v 36.64 0 -17.585
v 28.384 0 -15.497
v 23.39 0 -16.3
v 24.69 0 -20.25
v 20.366 0 -37.692
v 10.353 0 -29.847
v 35.86 0 -41.9
v 16.819 0 -43.56
v 32.33 0 -44.292
v 35.107 0 -47.351
v 2.342 0 -41.204
v 56.893 0 -61.869
v 65.541 0 -41.151
v 82.04 0 -44.443
v 67.19 0 -68.56
v 21.69 0 -79.811
v 23.53 0 -78.747
v 36.57 0 -68.93
v 43.337 0 -69.747
v 51.236 0 -80.6
v 52.493 0 -79.806
v 89.749 0 -52.782
v 89.819 0 -50.987
v 80.21 0 -14.99
v 68.307 0 -16.498
v 36.511 0 -17.556
v 22.538 0 -17.172
v 24.802 0 -20.377
v 44.904 0 -42.916
v 10.646 0 -29.837
v 4.747 0 -30.094
v 4.429 0 -30.565
v 44.358 0 -49.693
v 32.389 0 -44.178
v 35.182 0 -47.399
v 22.106 0 -45.84
v 80.531 0 -32.335
v 81.94 0 -39.9
v 81.969 0 -50.009
v 78.713 0 -60.952
v 64.466 0 -68.563
v 20.243 0 -66.958
v 23.386 0 -70.235
v 21.85 0 -79.71
v 36.615 0 -68.74
v 43.254 0 -70.783
v 69.21 0 -71
v 51.217 0 -80.426
v 52.521 0 -79.778
v 86.944 0 -64.066
v 91.188 0 -43.594
v 68.438 0 -16.499
v 55.08 0 -38.216
v 48.152 0 -31.701
v 24.89 0 -20.488
v 45.373 0 -41.135
v 45.086 0 -43.07
v 10.47 0 -29.85
v 4.498 0 -30.722
v 32.441 0 -44.099
v 15.528 0 -50.302
v 60.468 0 -53.103
v 82.01 0 -49.871
v 64.77 0 -68.634
v 19.421 0 -64.431
v 7.487 0 -52.222
v 20.307 0 -66.981
v 23.499 0 -70.191
v 36.666 0 -68.584
v 43.149 0 -70.549
v 69.245 0 -70.951
v 86.875 0 -63.988
v 89.621 0 -52.626
v 91.208 0 -47.901
v 91.514 0 -38.165
v 95.347 0 -21.044
v 68.57 0 -16.49
v 58.233 0 -43.156
v 54.966 0 -38.132
v 48.173 0 -31.788
v 24.99 0 -20.669
v 45.385 0 -41.385
v 45.19 0 -43.13
v 10.559 0 -29.847
v 4.565 0 -30.836
v 32.48 0 -44.07
v 3.833 0 -42.95
v 22.364 0 -45.82
v 60.45 0 -52.99
v 79.464 0 -58.784
v 74.152 0 -65.401
v 32.25 0 -63.533
v 20.397 0 -67.018
v 28.507 0 -75.756
v 36.722 0 -68.469
v 43.088 0 -70.306
v 69.29 0 -70.907
v 51.2 0 -80.24
v 86.836 0 -63.895
v 89.537 0 -52.493
v 91.173 0 -47.625
v 91.493 0 -37.475
v 68.802 0 -16.457
v 49.379 0 -39.403
v 48.217 0 -31.871
v 24.952 0 -20.585
v 29.676 0 -29.095
v 4.62 0 -30.88
v 60.47 0 -52.797
v 80.712 0 -32.244
v 79.474 0 -59.028
v 78.814 0 -60.854
v 32.102 0 -63.872
v 7.513 0 -52.075
v 7.508 0 -52.165
v 20.51 0 -67.066
v 23.595 0 -70.103
v 28.549 0 -75.7
v 36.78 0 -68.399
v 43.075 0 -70.081
v 51.176 0 -79.953
v 51.204 0 -79.599
v 55.953 0 -73.027
v 89.489 0 -52.364
v 91.152 0 -47.149
v 91.475 0 -36.51
v 41.426 0 -24.304
v 29.139 0 -28.269
v 29.694 0 -29.032
v 32.515 0 -44.079
v 4.057 0 -43.181
v 60.524 0 -52.551
v 82.519 0 -47.143
v 79.432 0 -59.306
v 20.639 0 -67.124
v 23.68 0 -69.97
v 43.114 0 -69.9
v 51.166 0 -79.761
v 89.466 0 -52.223
v 91.169 0 -44.044
v 49.314 0 -39.39
v 29.386 0 -28.53
v 29.698 0 -28.976
v 4.709 0 -30.496
v 32.577 0 -44.103
v 22.254 0 -45.79
v 60.607 0 -52.272
v 20.78 0 -67.19
v 23.765 0 -69.787
v 43.21 0 -69.79
v 51.174 0 -79.649
v 91.145 0 -46.448
v 91.46 0 -35.23
v 41.177 0 -24.098
v 29.584 0 -28.765
v 29.69 0 -28.93
v 4.665 0 -30.775
v 32.662 0 -44.141
v 60.712 0 -51.983
v 65.166 0 -68.675
v 23.806 0 -69.643
v 43.274 0 -69.759
v 89.46 0 -52.05
v 89.509 0 -51.647
v 91.445 0 -33.815
v 49.257 0 -39.428
v 22.59 0 -17.22
v 39.899 0 -36.051
v 32.766 0 -44.19
v 5.9 0 -44.739
v 65.69 0 -68.7
v 70.839 0 -70.272
v 89.464 0 -51.932
v 91.15 0 -45.5
v 91.44 0 -32.803
v 6.054 0 -44.844
v 66.094 0 -68.71
v 23.802 0 -69.531
v 70.928 0 -70.263
v 89.474 0 -51.823
v 91.157 0 -44.669
v 91.448 0 -32.119
v 22.661 0 -17.293
v 32.883 0 -44.247
v 6.186 0 -44.916
v 25.369 0 -67.919
v 89.49 0 -51.726
v 33.01 0 -44.31
v 6.29 0 -44.95
v 71.387 0 -69.937
v 23.93 0 -38.64
v 33.301 0 -44.476
v 70.982 0 -70.286
v 53.686 0 -51.27
v 47.711 0 -49.838
v 23.952 0 -38.625
v 33.583 0 -44.644
v 71 0 -70.34
v 55.596 0 -72.921
v 70.994 0 -70.365
v 44.835 0 -36.748
v 55.687 0 -72.93
v 44.94 0 -36.77
v 34.757 0 -45.433
v 25.198 0 -67.867
v 55.814 0 -72.967
v 35.76 0 -41.908
v 35.016 0 -45.664
v 25.301 0 -67.906
v 35.27 0 -45.917
v 35.257 0 -47.406
v 47.7 0 -50.3
v 20.911 0 -67.256
v 69.968 0 -71.83
v 47.699 0 -50.603
v 21.03 0 -67.322
v 47.707 0 -50.834
v 41.34 0 -42.71
v 35.95 0 -46.708
v 35.941 0 -47.155
v 21.131 0 -67.385
v 41.514 0 -42.884
v 35.995 0 -46.806
v 35.969 0 -47.139
v 71.407 0 -69.904
v 41.671 0 -43.05
v 36.023 0 -46.915
v 35.992 0 -47.12
v 71.43 0 -69.85
v 36.03 0 -47.019
v 36.01 0 -47.1
v 71.461 0 -69.738
v 71.468 0 -69.646
v 45.208 0 -43.11
v 71.452 0 -69.58
v 44.35 0 -46.245
v 44.436 0 -49.711
v 44.509 0 -49.69
v 66.41 0 -68.708
v 48.23 0 -53.35
v 44.587 0 -49.63
v 66.658 0 -68.694
v 44.44 0 -46.58
v 66.857 0 -68.665
v 67.027 0 -68.621
v 44.798 0 -49.091
v 44.803 0 -49.207
v 44.794 0 -49.304
v 44.77 0 -49.386
v 44.733 0 -49.46
v 44.68 0 -49.53
v 48.319 0 -53.372
v 52.138 0 -52.202
v 82.512 0 -47.489
v 53.547 0 -51.402
v 81.185 0 -32.737
v 81.151 0 -32.638
v 81.11 0 -32.54
v 81.064 0 -32.449
v 81.016 0 -32.368
v 80.969 0 -32.3
v 80.924 0 -32.249
v 80.85 0 -32.21
v 80.884 0 -32.218
v 38.133 10 -69.614
v 71.26 10 -69.691
v 71.25 10 -69.736
v 71.25 10 -69.783
v 39.64 10 -71.29
v 39.809 10 -71.547
v 39.687 10 -71.394
v 40.151 10 -71.877
v 39.974 10 -71.717
v 40.42 10 -72.04
v 40.31 10 -71.994
v 41.52 10 -72.98
v 42.494 10 -73.892
v 42.086 10 -73.513
v 42.973 10 -74.301
v 42.779 10 -74.145
v 43.22 10 -74.44
v 43.109 10 -74.39
v 43.61 10 -74.78
v 43.743 10 -74.938
v 43.669 10 -74.858
v 43.917 10 -75.089
v 43.827 10 -75.016
v 44.09 10 -75.2
v 44.006 10 -75.152
v 44.714 10 -75.645
v 44.905 10 -75.84
v 44.84 10 -75.78
v 45.103 10 -75.979
v 44.994 10 -75.908
v 45.347 10 -76.114
v 45.222 10 -76.049
v 46.15 10 -76.59
v 46.311 10 -76.729
v 46.221 10 -76.658
v 46.522 10 -76.865
v 46.414 10 -76.799
v 46.73 10 -76.97
v 46.629 10 -76.923
v 46.988 10 -77.057
v 46.875 10 -77.024
v 47.172 10 -77.057
v 47.083 10 -77.067
v 47.39 10 -76.97
v 47.27 10 -77.024
v 47.549 10 -76.89
v 47.473 10 -76.93
v 47.671 10 -76.823
v 47.616 10 -76.854
v 47.71 10 -76.801
v 47.728 10 -76.764
v 47.73 10 -76.79
v 47.659 10 -76.606
v 47.703 10 -76.701
v 47.52 10 -76.345
v 47.597 10 -76.486
v 47.335 10 -76.042
v 47.43 10 -76.19
v 47.092 10 -75.594
v 47.063 10 -75.509
v 47.08 10 -75.55
v 46.944 10 -75.349
v 47.016 10 -75.44
v 46.741 10 -75.118
v 46.85 10 -75.24
v 46.132 10 -74.386
v 46.065 10 -74.254
v 46.1 10 -74.32
v 45.917 10 -74.049
v 46.003 10 -74.162
v 45.697 10 -73.786
v 45.814 10 -73.921
v 45.445 10 -73.517
v 45.57 10 -73.65
v 45.1 10 -73.07
v 45.088 10 -73.027
v 45.097 10 -73.047
v 45.059 10 -72.997
v 45.075 10 -73.01
v 45.02 10 -72.98
v 45.04 10 -72.987
v 44.889 10 -72.832
v 44.841 10 -72.716
v 44.87 10 -72.78
v 44.734 10 -72.549
v 44.794 10 -72.637
v 44.584 10 -72.365
v 44.663 10 -72.456
v 43.93 10 -71.61
v 43.755 10 -71.391
v 43.848 10 -71.504
v 43.562 10 -71.166
v 43.658 10 -71.276
v 43.867 10 -70.175
v 43.897 10 -70.253
v 43.88 10 -70.21
v 43.994 10 -70.4
v 43.936 10 -70.317
v 44.154 10 -70.601
v 44.067 10 -70.496
v 44.461 10 -70.964
v 69.166 10 -71.126
v 44.56 10 -71.1
v 69.448 10 -70.823
v 69.549 10 -70.816
v 69.5 10 -70.82
v 69.631 10 -70.787
v 69.593 10 -70.805
v 69.677 10 -70.739
v 69.66 10 -70.765
v 69.682 10 -70.683
v 69.68 10 -70.71
v 69.785 10 -70.649
v 69.873 10 -70.666
v 69.82 10 -70.66
v 70.039 10 -70.631
v 69.947 10 -70.656
v 70.255 10 -70.546
v 70.143 10 -70.594
v 70.559 10 -70.386
v 70.37 10 -70.49
v 70.86 10 -70.48
v 70.788 10 -70.524
v 70.822 10 -70.499
v 70.739 10 -70.589
v 70.76 10 -70.555
v 70.72 10 -70.66
v 70.725 10 -70.624
v 70.44 10 -71.15
v 70.294 10 -71.347
v 70.366 10 -71.248
v 70.176 10 -71.533
v 70.23 10 -71.444
v 70.11 10 -71.67
v 70.134 10 -71.61
v 69.64 10 -71.67
v 69.58 10 -71.558
v 69.617 10 -71.616
v 69.473 10 -71.439
v 69.531 10 -71.497
v 69.34 10 -71.34
v 69.409 10 -71.385
v 69.174 10 -71.177
v 44.78 10 -71.46
v 44.9 10 -71.682
v 44.831 10 -71.567
v 45.07 10 -71.918
v 44.981 10 -71.801
v 45.25 10 -72.12
v 45.162 10 -72.026
v 45.57 10 -72.57
v 45.589 10 -72.644
v 45.575 10 -72.606
v 45.638 10 -72.713
v 45.61 10 -72.68
v 45.71 10 -72.76
v 45.672 10 -72.74
v 45.92 10 -73.016
v 45.99 10 -73.166
v 45.95 10 -73.09
v 46.092 10 -73.313
v 46.039 10 -73.241
v 46.201 10 -73.426
v 46.148 10 -73.375
v 46.57 10 -73.89
v 46.654 10 -74.057
v 46.611 10 -73.98
v 46.736 10 -74.169
v 46.696 10 -74.121
v 46.8 10 -74.21
v 46.771 10 -74.199
v 46.888 10 -74.285
v 46.93 10 -74.408
v 46.89 10 -74.31
v 47.18 10 -74.745
v 47.035 10 -74.562
v 47.496 10 -75.082
v 47.342 10 -74.928
v 47.662 10 -75.2
v 47.62 10 -75.18
v 47.754 10 -75.21
v 47.707 10 -75.21
v 47.842 10 -75.18
v 47.799 10 -75.2
v 48.199 10 -75.293
v 48.235 10 -75.624
v 48.21 10 -75.44
v 48.393 10 -76.071
v 48.301 10 -75.845
v 48.597 10 -76.415
v 48.496 10 -76.272
v 48.708 10 -76.474
v 48.68 10 -76.47
v 48.773 10 -76.545
v 48.791 10 -76.605
v 48.78 10 -76.57
v 48.85 10 -76.724
v 48.815 10 -76.658
v 48.949 10 -76.879
v 48.895 10 -76.799
v 49.073 10 -77.037
v 49.01 10 -76.96
v 49.241 10 -77.311
v 49.26 10 -77.387
v 49.25 10 -77.35
v 49.329 10 -77.491
v 49.287 10 -77.435
v 49.448 10 -77.612
v 49.383 10 -77.551
v 50.51 10 -79.5
v 50.528 10 -79.624
v 50.517 10 -79.559
v 50.555 10 -79.756
v 50.541 10 -79.691
v 50.58 10 -79.86
v 50.569 10 -79.813
v 50.809 10 -80.903
v 50.962 10 -81.982
v 50.85 10 -81.22
v 51.209 10 -82.751
v 51.086 10 -82.497
v 51.386 10 -82.417
v 51.314 10 -82.73
v 51.407 10 -81.614
v 51.41 10 -81.8
v 51.385 10 -81.29
v 51.398 10 -81.442
v 51.35 10 -81.072
v 51.369 10 -81.164
v 51.305 10 -80.971
v 51.33 10 -81.02
v 51.35 10 -79.62
v 51.478 10 -79.66
v 51.41 10 -79.64
v 51.619 10 -79.697
v 51.549 10 -79.679
v 52.151 10 -80.695
v 52.188 10 -81.291
v 52.17 10 -81.03
v 52.305 10 -81.808
v 52.236 10 -81.558
v 52.476 10 -82.157
v 52.388 10 -82.015
v 52.592 10 -82.173
v 52.56 10 -82.21
v 52.607 10 -81.816
v 52.609 10 -82.048
v 52.549 10 -80.957
v 52.588 10 -81.459
v 52.74 10 -80.1
v 52.871 10 -80.473
v 52.792 10 -80.277
v 53.062 10 -80.83
v 52.965 10 -80.665
v 53.22 10 -80.99
v 53.151 10 -80.946
v 53.45 10 -81.29
v 53.539 10 -81.455
v 53.493 10 -81.374
v 53.628 10 -81.589
v 53.585 10 -81.527
v 53.69 10 -81.66
v 53.664 10 -81.634
v 53.864 10 -81.88
v 54.077 10 -82.128
v 53.9 10 -81.94
v 54.645 10 -82.169
v 54.34 10 -82.201
v 55.213 10 -81.832
v 54.95 10 -82.042
v 55.425 10 -81.452
v 55.39 10 -81.55
v 55.595 10 -81.563
v 55.88 10 -82.085
v 55.68 10 -81.74
v 56.36 10 -82.6
v 56.115 10 -82.377
v 56.786 10 -82.769
v 56.592 10 -82.736
v 56.941 10 -82.656
v 56.92 10 -82.68
v 57.11 10 -82.593
v 57.21 10 -82.583
v 57.16 10 -82.59
v 57.306 10 -82.529
v 57.26 10 -82.562
v 57.379 10 -82.431
v 57.347 10 -82.485
v 57.59 10 -82.045
v 57.695 10 -81.928
v 57.64 10 -81.99
v 57.775 10 -81.765
v 57.74 10 -81.853
v 57.815 10 -81.548
v 57.8 10 -81.663
v 57.814 10 -81.264
v 57.82 10 -81.42
v 57.754 10 -81.009
v 57.793 10 -81.13
v 57.611 10 -80.763
v 57.694 10 -80.89
v 57.408 10 -80.503
v 57.5 10 -80.62
v 57.05 10 -79.9
v 56.979 10 -79.734
v 57.014 10 -79.813
v 56.911 10 -79.616
v 56.944 10 -79.667
v 56.86 10 -79.57
v 56.883 10 -79.582
v 56.45 10 -78.39
v 56.433 10 -78.05
v 56.446 10 -78.205
v 56.38 10 -77.814
v 56.411 10 -77.92
v 56.29 10 -77.66
v 56.34 10 -77.728
v 56.07 10 -77.32
v 56.026 10 -77.22
v 56.051 10 -77.27
v 55.961 10 -77.136
v 55.995 10 -77.175
v 55.89 10 -77.09
v 55.926 10 -77.107
v 55.753 10 -76.489
v 55.745 10 -75.944
v 55.75 10 -76.2
v 55.708 10 -75.47
v 55.731 10 -75.699
v 55.637 10 -75.076
v 55.676 10 -75.261
v 55.63 10 -74.59
v 55.841 10 -75.104
v 55.751 10 -74.895
v 55.969 10 -75.3
v 55.91 10 -75.232
v 56.1 10 -75.32
v 56.029 10 -75.323
v 56.183 10 -75.277
v 56.146 10 -75.304
v 56.23 10 -75.187
v 56.211 10 -75.238
v 56.24 10 -75.05
v 56.24 10 -75.124
v 56.163 10 -74.47
v 56.206 10 -74.742
v 56.034 10 -73.994
v 56.106 10 -74.224
v 55.83 10 -73.54
v 55.943 10 -73.769
v 56.18 10 -73.18
v 56.275 10 -73.267
v 56.224 10 -73.225
v 56.379 10 -73.333
v 56.327 10 -73.304
v 56.46 10 -73.36
v 56.424 10 -73.353
v 56.656 10 -73.498
v 56.729 10 -73.607
v 56.69 10 -73.55
v 56.855 10 -73.726
v 56.786 10 -73.667
v 57.021 10 -73.835
v 56.934 10 -73.783
v 57.197 10 -73.917
v 57.11 10 -73.88
v 57.44 10 -74.09
v 57.479 10 -74.147
v 57.45 10 -74.115
v 57.581 10 -74.223
v 57.524 10 -74.184
v 57.72 10 -74.3
v 57.647 10 -74.263
v 58.01 10 -74.48
v 58.056 10 -74.537
v 58.022 10 -74.505
v 58.174 10 -74.616
v 58.107 10 -74.575
v 58.34 10 -74.7
v 58.253 10 -74.659
v 58.652 10 -74.925
v 58.668 10 -74.994
v 58.66 10 -74.96
v 58.754 10 -75.076
v 58.701 10 -75.033
v 58.902 10 -75.162
v 58.822 10 -75.12
v 59.077 10 -75.237
v 58.99 10 -75.2
v 59.308 10 -75.385
v 59.345 10 -75.444
v 59.32 10 -75.41
v 59.522 10 -75.56
v 59.414 10 -75.496
v 59.827 10 -75.716
v 59.662 10 -75.634
v 60.873 10 -76.256
v 61.063 10 -76.381
v 60.97 10 -76.32
v 61.306 10 -76.525
v 61.177 10 -76.451
v 61.579 10 -76.669
v 61.443 10 -76.599
v 62.45 10 -77.17
v 62.605 10 -77.29
v 62.527 10 -77.233
v 62.749 10 -77.377
v 62.68 10 -77.339
v 62.85 10 -77.41
v 62.806 10 -77.401
v 63.191 10 -77.578
v 63.373 10 -77.703
v 63.28 10 -77.64
v 63.559 10 -77.809
v 63.467 10 -77.76
v 63.715 10 -77.871
v 63.643 10 -77.847
v 63.814 10 -77.883
v 63.77 10 -77.88
v 63.934 10 -77.946
v 63.957 10 -78.001
v 63.94 10 -77.97
v 64.081 10 -78.092
v 64.006 10 -78.043
v 64.288 10 -78.204
v 64.177 10 -78.147
v 64.538 10 -78.317
v 64.41 10 -78.26
v 64.923 10 -78.54
v 65 10 -78.622
v 64.96 10 -78.58
v 65.18 10 -78.74
v 65.075 10 -78.676
v 65.454 10 -78.885
v 65.308 10 -78.81
v 65.768 10 -79.035
v 65.61 10 -78.96
v 66.179 10 -79.286
v 66.232 10 -79.354
v 66.2 10 -79.32
v 66.461 10 -79.494
v 66.322 10 -79.414
v 66.854 10 -79.697
v 66.641 10 -79.59
v 67.99 10 -80.32
v 68.041 10 -80.371
v 68.004 10 -80.343
v 68.175 10 -80.439
v 68.1 10 -80.404
v 68.36 10 -80.51
v 68.263 10 -80.474
v 68.74 10 -80.7
v 68.768 10 -80.748
v 68.747 10 -80.722
v 68.845 10 -80.802
v 68.801 10 -80.775
v 68.96 10 -80.85
v 68.899 10 -80.828
v 69.201 10 -80.974
v 69.249 10 -81.031
v 69.22 10 -81
v 69.38 10 -81.124
v 69.304 10 -81.073
v 69.577 10 -81.24
v 69.473 10 -81.18
v 70.19 10 -81.79
v 70.481 10 -82.548
v 70.329 10 -82.211
v 70.843 10 -82.992
v 70.65 10 -82.806
v 71.32 10 -83.17
v 71.064 10 -83.112
v 71.595 10 -83.355
v 71.641 10 -83.589
v 71.6 10 -83.44
v 71.872 10 -83.996
v 71.74 10 -83.786
v 72.15 10 -84.326
v 72.017 10 -84.187
v 72.275 10 -84.391
v 72.25 10 -84.38
v 72.429 10 -84.602
v 72.58 10 -84.862
v 72.47 10 -84.68
v 72.897 10 -85.223
v 72.729 10 -85.049
v 73.221 10 -85.469
v 73.068 10 -85.368
v 73.381 10 -85.514
v 73.34 10 -85.51
v 73.67 10 -85.62
v 73.795 10 -85.679
v 73.729 10 -85.65
v 73.929 10 -85.728
v 73.863 10 -85.705
v 74.04 10 -85.76
v 73.989 10 -85.747
v 74.458 10 -85.912
v 74.865 10 -86.069
v 74.56 10 -85.96
v 75.611 10 -86.16
v 75.224 10 -86.136
v 76.374 10 -86.078
v 76.003 10 -86.141
v 76.829 10 -85.912
v 76.7 10 -85.97
v 77.223 10 -85.758
v 77.372 10 -85.725
v 77.26 10 -85.75
v 77.679 10 -85.591
v 77.52 10 -85.667
v 77.929 10 -85.434
v 77.824 10 -85.509
v 77.978 10 -85.358
v 77.97 10 -85.38
v 78.144 10 -85.246
v 78.278 10 -85.19
v 78.21 10 -85.22
v 78.397 10 -85.106
v 78.341 10 -85.151
v 78.484 10 -85.013
v 78.446 10 -85.059
v 78.534 10 -84.916
v 78.51 10 -84.97
v 78.766 10 -84.593
v 78.92 10 -84.42
v 78.84 10 -84.51
v 79.02 10 -84.274
v 78.98 10 -84.341
v 79.04 10 -84.177
v 79.04 10 -84.219
v 78.992 10 -84.128
v 79.02 10 -84.15
v 79.726 10 -83.096
v 80.567 10 -82.206
v 80.02 10 -82.79
v 81.489 10 -81.128
v 81.064 10 -81.643
v 82.034 10 -80.349
v 81.819 10 -80.687
v 82.128 10 -80.068
v 82.11 10 -80.14
v 82.47 10 -79.306
v 82.734 10 -78.783
v 82.6 10 -79.05
v 83.004 10 -78.225
v 82.871 10 -78.503
v 83.23 10 -77.733
v 83.126 10 -77.963
v 83.377 10 -77.395
v 83.31 10 -77.55
v 83.68 10 -76.83
v 83.749 10 -76.728
v 83.717 10 -76.784
v 83.794 10 -76.602
v 83.775 10 -76.666
v 83.81 10 -76.48
v 83.806 10 -76.539
v 84 10 -76.18
v 84.098 10 -76.103
v 84.052 10 -76.145
v 84.165 10 -76.004
v 84.136 10 -76.055
v 84.19 10 -75.9
v 84.184 10 -75.951
v 84.322 10 -75.429
v 84.423 10 -75.195
v 84.37 10 -75.32
v 84.535 10 -74.909
v 84.479 10 -75.056
v 84.634 10 -74.619
v 84.588 10 -74.761
v 84.702 10 -74.372
v 84.67 10 -74.49
v 84.836 10 -74.009
v 84.88 10 -73.918
v 84.86 10 -73.97
v 84.948 10 -73.704
v 84.91 10 -73.827
v 85.035 10 -73.393
v 84.99 10 -73.557
v 85.124 10 -73.036
v 85.08 10 -73.22
v 85.35 10 -72.37
v 85.417 10 -72.233
v 85.382 10 -72.307
v 85.483 10 -72.064
v 85.451 10 -72.15
v 85.53 10 -71.9
v 85.51 10 -71.979
v 85.863 10 -70.584
v 85.968 10 -70.368
v 85.93 10 -70.45
v 86.03 10 -70.204
v 86.002 10 -70.285
v 86.065 10 -70.063
v 86.051 10 -70.129
v 86.208 10 -69.582
v 86.309 10 -69.364
v 86.26 10 -69.48
v 86.393 10 -69.113
v 86.354 10 -69.239
v 86.443 10 -68.881
v 86.423 10 -68.991
v 86.456 10 -68.698
v 86.45 10 -68.79
v 86.57 10 -68.272
v 86.652 10 -68.082
v 86.61 10 -68.18
v 86.739 10 -67.855
v 86.696 10 -67.971
v 86.809 10 -67.628
v 86.777 10 -67.739
v 87.196 10 -66.332
v 87.332 10 -65.97
v 87.3 10 -66.06
v 87.391 10 -65.728
v 87.36 10 -65.866
v 87.481 10 -65.265
v 87.43 10 -65.534
v 87.559 10 -64.734
v 87.55 10 -64.9
v 87.46 10 -64.435
v 87.529 10 -64.578
v 87.214 10 -64.203
v 87.354 10 -64.309
v 86.852 10 -63.698
v 86.948 10 -63.545
v 86.91 10 -63.61
v 87.02 10 -63.248
v 86.984 10 -63.429
v 87.105 10 -62.623
v 87.06 10 -62.984
v 87.725 10 -61.188
v 88.253 10 -60.866
v 88.02 10 -61.01
v 88.595 10 -60.576
v 88.444 10 -60.721
v 88.79 10 -60.277
v 88.71 10 -60.429
v 88.857 10 -60.062
v 88.84 10 -60.12
v 88.951 10 -59.748
v 89.008 10 -59.588
v 88.98 10 -59.67
v 89.052 10 -59.393
v 89.033 10 -59.493
v 89.077 10 -59.191
v 89.067 10 -59.29
v 89.27 10 -58.24
v 89.368 10 -57.937
v 89.322 10 -58.088
v 89.435 10 -57.67
v 89.406 10 -57.795
v 89.46 10 -57.5
v 89.454 10 -57.569
v 89.94 10 -55.92
v 89.983 10 -55.805
v 89.963 10 -55.868
v 90.013 10 -55.659
v 90 10 -55.734
v 90.03 10 -55.51
v 90.023 10 -55.583
v 90.162 10 -55.046
v 90.269 10 -54.827
v 90.21 10 -54.95
v 90.354 10 -54.555
v 90.317 10 -54.696
v 90.395 10 -54.23
v 90.38 10 -54.4
v 90.397 10 -53.8
v 90.4 10 -54.04
v 90.338 10 -53.48
v 90.38 10 -53.623
v 90.125 10 -53.186
v 90.256 10 -53.344
v 89.55 10 -51.56
v 89.6 10 -51.501
v 89.578 10 -51.537
v 89.633 10 -51.399
v 89.619 10 -51.454
v 89.65 10 -51.28
v 89.643 10 -51.34
v 90.55 10 -50.57
v 90.655 10 -50.552
v 90.599 10 -50.565
v 90.769 10 -50.505
v 90.713 10 -50.531
v 90.86 10 -50.44
v 90.819 10 -50.474
v 91.63 10 -49.99
v 91.972 10 -49.81
v 91.802 10 -49.902
v 92.274 10 -49.634
v 92.132 10 -49.719
v 92.47 10 -49.5
v 92.39 10 -49.559
v 92.929 10 -49.237
v 93.098 10 -49.159
v 93.02 10 -49.2
v 93.23 10 -49.08
v 93.169 10 -49.119
v 93.309 10 -49.014
v 93.278 10 -49.044
v 93.332 10 -48.96
v 93.32 10 -48.99
v 93.563 10 -48.852
v 93.737 10 -48.808
v 93.65 10 -48.83
v 93.882 10 -48.757
v 93.816 10 -48.784
v 93.968 10 -48.7
v 93.934 10 -48.729
v 93.99 10 -48.639
v 93.98 10 -48.67
v 94.178 10 -48.513
v 94.324 10 -48.457
v 94.25 10 -48.49
v 94.46 10 -48.377
v 94.396 10 -48.419
v 94.556 10 -48.291
v 94.514 10 -48.334
v 94.601 10 -48.213
v 94.58 10 -48.25
v 94.76 10 -48.124
v 94.974 10 -48.042
v 94.81 10 -48.12
v 95.467 10 -47.568
v 95.208 10 -47.841
v 95.887 10 -47.007
v 95.709 10 -47.273
v 95.892 10 -46.739
v 95.96 10 -46.82
v 95.482 10 -46.489
v 95.719 10 -46.621
v 94.999 10 -46.275
v 95.228 10 -46.366
v 94.533 10 -46.36
v 94.84 10 -46.24
v 93.055 10 -47.057
v 93.879 10 -46.661
v 91.604 10 -47.789
v 92.238 10 -47.462
v 91.26 10 -48.002
v 91.33 10 -47.95
v 91.525 10 -42.758
v 91.679 10 -42.688
v 91.56 10 -42.75
v 92.046 10 -42.287
v 91.849 10 -42.524
v 92.431 10 -41.72
v 92.248 10 -42.009
v 92.639 10 -41.259
v 92.57 10 -41.45
v 92.647 10 -40.945
v 92.665 10 -41.091
v 92.476 10 -40.698
v 92.585 10 -40.815
v 92.224 10 -40.538
v 92.32 10 -40.59
v 92.037 10 -40.456
v 92.129 10 -40.493
v 91.884 10 -40.418
v 91.955 10 -40.431
v 91.774 10 -40.422
v 91.83 10 -40.42
v 91.699 10 -40.01
v 91.716 10 -39.523
v 91.71 10 -39.75
v 91.702 10 -39.195
v 91.713 10 -39.339
v 91.656 10 -39.014
v 91.683 10 -39.088
v 91.57 10 -31.31
v 91.644 10 -31.175
v 91.609 10 -31.246
v 91.699 10 -31.031
v 91.675 10 -31.103
v 91.72 10 -30.91
v 91.714 10 -30.966
v 91.92 10 -30.41
v 92.05 10 -30.147
v 91.997 10 -30.278
v 92.096 10 -29.8
v 92.082 10 -29.995
v 92.08 10 -29.19
v 92.095 10 -29.539
v 92.048 10 -28.72
v 92.064 10 -28.948
v 92.016 10 -28.346
v 92.031 10 -28.516
v 91.99 10 -28.15
v 92.002 10 -28.221
v 92.121 10 -27.994
v 92.364 10 -27.942
v 92.19 10 -27.98
v 92.575 10 -27.785
v 92.49 10 -27.881
v 92.653 10 -27.441
v 92.627 10 -27.642
v 92.664 10 -26.964
v 92.66 10 -27.17
v 92.85 10 -26.43
v 92.944 10 -26.319
v 92.899 10 -26.382
v 93.013 10 -26.168
v 92.982 10 -26.246
v 93.04 10 -26.01
v 93.033 10 -26.088
v 93.157 10 -25.516
v 93.24 10 -25.329
v 93.2 10 -25.42
v 93.313 10 -25.131
v 93.278 10 -25.231
v 93.365 10 -24.95
v 93.342 10 -25.036
v 93.391 10 -24.803
v 93.38 10 -24.88
v 93.537 10 -24.364
v 93.644 10 -24.13
v 93.59 10 -24.25
v 93.764 10 -23.856
v 93.703 10 -23.997
v 93.881 10 -23.585
v 93.824 10 -23.717
v 94.23 10 -23.03
v 94.299 10 -22.976
v 94.267 10 -23.009
v 94.344 10 -22.884
v 94.325 10 -22.934
v 94.36 10 -22.77
v 94.356 10 -22.829
v 94.825 10 -21.866
v 94.951 10 -21.723
v 94.93 10 -21.75
v 95.019 10 -21.607
v 94.981 10 -21.674
v 95.11 10 -21.432
v 95.063 10 -21.526
v 96.07 10 -20.22
v 96.437 10 -19.831
v 96.263 10 -20.019
v 96.703 10 -19.532
v 96.586 10 -19.666
v 96.81 10 -19.39
v 96.779 10 -19.437
v 97.156 10 -18.947
v 97.402 10 -18.675
v 97.28 10 -18.81
v 97.609 10 -18.427
v 97.513 10 -18.546
v 97.733 10 -18.253
v 97.684 10 -18.328
v 97.763 10 -18.167
v 97.75 10 -18.21
v 98.11 10 -17.8
v 98.31 10 -17.627
v 98.208 10 -17.716
v 98.5 10 -17.453
v 98.409 10 -17.537
v 98.64 10 -17.32
v 98.579 10 -17.379
v 98.95 10 -17.13
v 99.01 10 -17.112
v 98.982 10 -17.125
v 99.05 10 -17.068
v 99.033 10 -17.092
v 99.07 10 -17.01
v 99.063 10 -17.04
v 99.415 10 -16.509
v 99.74 10 -16.14
v 99.54 10 -16.37
v 99.969 10 -15.774
v 99.883 10 -15.943
v 99.981 10 -15.485
v 100.001 10 -15.623
v 99.824 10 -15.298
v 99.91 10 -15.35
v 99.192 10 -15.234
v 99.605 10 -15.26
v 97.541 10 -15.206
v 98.525 10 -15.217
v 92.52 10 -15.2
v 96.18 10 -15.2
v 91.907 10 -14.788
v 92.09 10 -14.91
v 91.571 10 -14.659
v 91.749 10 -14.707
v 90.986 10 -14.633
v 91.331 10 -14.637
v 89.189 10 -14.577
v 88.964 10 -14.526
v 89.08 10 -14.55
v 88.474 10 -14.485
v 88.756 10 -14.504
v 87.754 10 -14.457
v 88.134 10 -14.469
v 86.873 10 -14.442
v 87.35 10 -14.45
v 85.858 10 -14.363
v 85.745 10 -14.294
v 85.81 10 -14.33
v 85.283 10 -14.245
v 85.574 10 -14.266
v 84.293 10 -14.223
v 84.86 10 -14.231
v 82.656 10 -14.221
v 83.57 10 -14.22
v 81.631 10 -14.245
v 82.031 10 -14.227
v 81.25 10 -14.336
v 81.392 10 -14.279
v 81.08 10 -14.484
v 81.14 10 -14.42
v 80.97 10 -14.621
v 81.023 10 -14.552
v 80.886 10 -14.749
v 80.924 10 -14.688
v 78.592 10 -14.871
v 78.089 10 -14.728
v 78.28 10 -14.78
v 77.674 10 -14.644
v 77.884 10 -14.682
v 77.282 10 -14.596
v 77.47 10 -14.615
v 76.964 10 -14.589
v 77.12 10 -14.59
v 76.04 10 -14.45
v 75.699 10 -14.369
v 75.876 10 -14.409
v 75.344 10 -14.297
v 75.519 10 -14.331
v 75.05 10 -14.25
v 75.185 10 -14.27
v 74.765 10 -14.225
v 74.435 10 -14.195
v 74.601 10 -14.21
v 74.13 10 -14.17
v 74.275 10 -14.181
v 73.483 10 -14.172
v 73.785 10 -14.151
v 73.014 10 -14.334
v 73.225 10 -14.234
v 72.74 10 -14.65
v 72.851 10 -14.473
v 71.92 10 -15.01
v 71.475 10 -15.046
v 71.711 10 -15.027
v 70.975 10 -15.088
v 71.225 10 -15.066
v 70.53 10 -15.13
v 70.739 10 -15.109
v 69.64 10 -15.6
v 69.82 10 -15.2
v 67.88 10 -16.41
v 67.698 10 -16.348
v 67.798 10 -16.377
v 67.462 10 -16.306
v 67.584 10 -16.324
v 67.22 10 -16.29
v 67.339 10 -16.294
v 66.342 10 -16.152
v 65.97 10 -16.051
v 66.15 10 -16.1
v 65.63 10 -15.967
v 65.794 10 -16.006
v 65.37 10 -15.917
v 65.486 10 -15.937
v 64.981 10 -15.772
v 64.858 10 -15.651
v 64.93 10 -15.72
v 64.641 10 -15.574
v 64.768 10 -15.603
v 64.202 10 -15.56
v 64.459 10 -15.56
v 63.605 10 -15.577
v 63.85 10 -15.57
v 63.178 10 -15.604
v 63.377 10 -15.589
v 62.903 10 -15.64
v 63.016 10 -15.621
v 62.819 10 -15.746
v 62.85 10 -15.66
v 62.85 10 -16.119
v 62.821 10 -15.911
v 62.961 10 -16.514
v 62.899 10 -16.332
v 63.049 10 -16.655
v 63.03 10 -16.63
v 63.092 10 -16.824
v 63.095 10 -16.922
v 63.09 10 -16.87
v 63.153 10 -17.054
v 63.116 10 -16.984
v 63.257 10 -17.196
v 63.2 10 -17.126
v 63.387 10 -17.328
v 63.32 10 -17.26
v 63.69 10 -17.77
v 63.779 10 -17.926
v 63.733 10 -17.852
v 63.871 10 -18.037
v 63.826 10 -17.989
v 63.94 10 -18.08
v 63.91 10 -18.069
v 64.027 10 -18.176
v 64.047 10 -18.261
v 64.03 10 -18.21
v 64.171 10 -18.436
v 64.096 10 -18.338
v 64.378 10 -18.669
v 64.267 10 -18.549
v 64.625 10 -18.911
v 64.5 10 -18.79
v 64.953 10 -19.299
v 64.994 10 -19.393
v 64.97 10 -19.34
v 65.165 10 -19.614
v 65.061 10 -19.487
v 65.456 10 -19.938
v 65.299 10 -19.767
v 65.807 10 -20.305
v 65.63 10 -20.12
v 66.29 10 -20.87
v 66.408 10 -21.029
v 66.321 10 -20.924
v 66.715 10 -21.361
v 66.543 10 -21.177
v 67.14 10 -21.8
v 66.917 10 -21.571
v 67.99 10 -22.73
v 68.056 10 -22.838
v 68.007 10 -22.768
v 68.227 10 -23.049
v 68.131 10 -22.934
v 68.46 10 -23.31
v 68.338 10 -23.176
v 68.55 10 -26.55
v 68.352 10 -26.822
v 68.447 10 -26.686
v 68.201 10 -27.065
v 68.269 10 -26.95
v 68.13 10 -27.23
v 68.153 10 -27.16
v 67.94 10 -27.394
v 67.84 10 -27.406
v 67.89 10 -27.4
v 67.749 10 -27.452
v 67.793 10 -27.424
v 67.681 10 -27.532
v 67.711 10 -27.489
v 66.784 10 -28.561
v 66.608 10 -28.658
v 66.67 10 -28.62
v 66.294 10 -28.934
v 66.479 10 -28.766
v 65.803 10 -29.406
v 66.065 10 -29.15
v 64.15 10 -30.93
v 63.992 10 -31.043
v 64.07 10 -30.984
v 63.861 10 -31.167
v 63.921 10 -31.105
v 63.79 10 -31.28
v 63.816 10 -31.226
v 63.35 10 -31.83
v 63.109 10 -32.067
v 63.234 10 -31.94
v 62.864 10 -32.337
v 62.984 10 -32.201
v 62.67 10 -32.58
v 62.757 10 -32.465
v 61.407 10 -33.98
v 60.32 10 -35.114
v 61.04 10 -34.36
v 59.535 10 -36.094
v 59.833 10 -35.666
v 59.336 10 -36.884
v 59.384 10 -36.474
v 59.37 10 -37.763
v 59.35 10 -37.4
v 59.23 10 -38.32
v 58.984 10 -38.352
v 59.098 10 -38.328
v 58.82 10 -38.441
v 58.89 10 -38.39
v 58.76 10 -38.58
v 58.775 10 -38.505
v 58.592 10 -38.913
v 58.407 10 -39.185
v 58.53 10 -38.99
v 58.176 10 -39.826
v 58.286 10 -39.476
v 58.028 10 -40.564
v 58.087 10 -40.201
v 58.022 10 -41.062
v 58.01 10 -40.88
v 58.104 10 -41.513
v 58.054 10 -41.279
v 58.236 10 -41.969
v 58.166 10 -41.748
v 57.87 10 -43.97
v 57.652 10 -44.433
v 57.755 10 -44.207
v 57.498 10 -44.807
v 57.565 10 -44.636
v 57.44 10 -45.01
v 57.455 10 -44.935
v 57.344 10 -45.249
v 57.263 10 -45.336
v 57.31 10 -45.28
v 57.136 10 -45.55
v 57.204 10 -45.428
v 56.986 10 -45.858
v 57.063 10 -45.696
v 56.53 10 -46.75
v 56.449 10 -46.841
v 56.492 10 -46.786
v 56.357 10 -46.995
v 56.404 10 -46.912
v 56.27 10 -47.18
v 56.312 10 -47.086
v 55.94 10 -47.73
v 55.84 10 -47.859
v 55.887 10 -47.793
v 55.77 10 -47.988
v 55.8 10 -47.925
v 55.75 10 -48.09
v 55.753 10 -48.044
v 55.678 10 -48.206
v 55.615 10 -48.231
v 55.65 10 -48.21
v 55.496 10 -48.38
v 55.562 10 -48.289
v 55.341 10 -48.636
v 55.421 10 -48.497
v 54.691 10 -49.761
v 54.6 10 -49.838
v 54.64 10 -49.8
v 54.466 10 -50.033
v 54.541 10 -49.918
v 54.283 10 -50.34
v 54.379 10 -50.176
v 53.29 10 -51.51
v 53.187 10 -51.535
v 53.244 10 -51.516
v 53.056 10 -51.602
v 53.124 10 -51.564
v 52.92 10 -51.7
v 52.987 10 -51.648
v 52.64 10 -51.89
v 52.576 10 -51.914
v 52.614 10 -51.896
v 52.474 10 -51.979
v 52.529 10 -51.943
v 52.35 10 -52.07
v 52.414 10 -52.022
v 51.94 10 -52.26
v 51.561 10 -52.333
v 51.774 10 -52.279
v 51.026 10 -52.534
v 51.309 10 -52.419
v 50.4 10 -52.84
v 50.72 10 -52.676
v 49.58 10 -52.96
v 49.4 10 -52.854
v 49.477 10 -52.893
v 49.287 10 -52.859
v 49.34 10 -52.842
v 49.16 10 -52.98
v 49.23 10 -52.905
v 48.259 10 -53.16
v 48.376 10 -52.876
v 48.29 10 -53.11
v 48.351 10 -52.27
v 48.395 10 -52.589
v 48.09 10 -51.624
v 48.249 10 -51.941
v 48.012 10 -48.821
v 48.417 10 -48.432
v 48.19 10 -48.65
v 48.661 10 -48.018
v 48.573 10 -48.226
v 48.655 10 -47.53
v 48.687 10 -47.791
v 48.519 10 -47.067
v 48.57 10 -47.22
v 48.417 10 -46.792
v 48.467 10 -46.922
v 48.336 10 -46.605
v 48.373 10 -46.684
v 48.22 10 -44.45
v 48.276 10 -44.007
v 48.249 10 -44.252
v 48.318 10 -43.437
v 48.299 10 -43.73
v 48.34 10 -42.86
v 48.332 10 -43.142
v 48.37 10 -41.89
v 48.907 10 -41.331
v 48.75 10 -41.5
v 49.08 10 -41.063
v 49.013 10 -41.195
v 49.133 10 -40.694
v 49.117 10 -40.905
v 49.57 10 -39.72
v 49.623 10 -39.873
v 49.596 10 -39.801
v 49.677 10 -39.98
v 49.65 10 -39.934
v 49.73 10 -40.02
v 49.704 10 -40.01
v 49.856 10 -42.087
v 49.621 10 -42.7
v 49.71 10 -42.44
v 49.539 10 -43.335
v 49.564 10 -43.005
v 49.587 10 -43.984
v 49.546 10 -43.668
v 49.747 10 -44.434
v 49.66 10 -44.26
v 50.046 10 -44.725
v 49.879 10 -44.591
v 50.443 10 -44.896
v 50.238 10 -44.829
v 50.791 10 -44.896
v 50.65 10 -44.92
v 51.185 10 -44.71
v 50.972 10 -44.824
v 51.685 10 -44.364
v 51.425 10 -44.556
v 52.34 10 -43.89
v 52.429 10 -43.863
v 52.38 10 -43.88
v 52.62 10 -43.739
v 52.511 10 -43.814
v 52.891 10 -43.532
v 52.749 10 -43.643
v 53.187 10 -43.285
v 53.04 10 -43.41
v 53.996 10 -43.183
v 54.313 10 -43.447
v 54.09 10 -43.27
v 54.708 10 -43.604
v 54.52 10 -43.559
v 55.015 10 -43.49
v 54.874 10 -43.581
v 55.175 10 -43.256
v 55.13 10 -43.33
v 55.46 10 -42.99
v 55.554 10 -42.943
v 55.509 10 -42.97
v 55.623 10 -42.871
v 55.592 10 -42.909
v 55.65 10 -42.79
v 55.643 10 -42.831
v 55.809 10 -42.664
v 55.993 10 -42.648
v 55.87 10 -42.66
v 56.217 10 -42.544
v 56.107 10 -42.611
v 56.448 10 -42.302
v 56.329 10 -42.442
v 56.638 10 -42.038
v 56.58 10 -42.12
v 56.869 10 -41.821
v 57.002 10 -41.774
v 56.91 10 -41.81
v 57.225 10 -41.534
v 57.111 10 -41.676
v 57.421 10 -41.184
v 57.332 10 -41.364
v 57.495 10 -40.899
v 57.48 10 -41.01
v 57.449 10 -40.695
v 57.486 10 -40.798
v 57.266 10 -40.438
v 57.377 10 -40.579
v 56.7 10 -39.624
v 56.663 10 -39.367
v 56.69 10 -39.53
v 56.44 10 -39.048
v 56.58 10 -39.207
v 55.977 10 -38.721
v 56.24 10 -38.886
v 55.505 10 -38.478
v 55.65 10 -38.55
v 54.88 10 -38.06
v 54.745 10 -37.918
v 54.813 10 -37.989
v 54.619 10 -37.792
v 54.679 10 -37.851
v 54.53 10 -37.71
v 54.568 10 -37.744
v 54.034 10 -37.202
v 53.579 10 -36.732
v 53.89 10 -37.05
v 53.097 10 -36.292
v 53.315 10 -36.48
v 52.796 10 -36.112
v 52.925 10 -36.17
v 52.204 10 -35.699
v 52.115 10 -35.528
v 52.14 10 -35.57
v 52.044 10 -35.44
v 52.083 10 -35.484
v 51.956 10 -35.365
v 52.001 10 -35.4
v 50.849 10 -34.249
v 50.551 10 -33.789
v 50.7 10 -34.01
v 50.019 10 -33.171
v 50.308 10 -33.493
v 49.496 10 -32.663
v 49.732 10 -32.877
v 49.327 10 -32.57
v 49.36 10 -32.58
v 49.025 10 -32.373
v 48.826 10 -32.224
v 48.93 10 -32.3
v 48.632 10 -32.099
v 48.725 10 -32.156
v 48.486 10 -32.024
v 48.551 10 -32.054
v 48.357 10 -31.992
v 48.44 10 -32.01
v 49.25 10 -30.98
v 49.379 10 -30.949
v 49.301 10 -30.972
v 49.594 10 -30.867
v 49.479 10 -30.914
v 49.85 10 -30.75
v 49.72 10 -30.812
v 50.306 10 -30.476
v 50.087 10 -30.621
v 50.674 10 -30.147
v 50.502 10 -30.317
v 50.93 10 -29.78
v 50.818 10 -29.967
v 51.019 10 -29.368
v 50.985 10 -29.607
v 51.024 10 -28.865
v 51.033 10 -29.106
v 50.94 10 -28.62
v 50.993 10 -28.689
v 50.853 10 -28.452
v 50.83 10 -28.262
v 50.85 10 -28.39
v 50.665 10 -28.074
v 50.769 10 -28.156
v 50.327 10 -27.976
v 50.518 10 -28.014
v 49.14 10 -27.28
v 49.06 10 -27.069
v 49.102 10 -27.172
v 48.973 10 -26.901
v 49.016 10 -26.978
v 48.9 10 -26.81
v 48.934 10 -26.843
v 48.785 10 -26.631
v 48.756 10 -26.441
v 48.78 10 -26.59
v 48.589 10 -26.05
v 48.689 10 -26.256
v 48.325 10 -25.646
v 48.464 10 -25.841
v 48.067 10 -25.376
v 48.18 10 -25.48
v 47.845 10 -25.245
v 47.96 10 -25.299
v 47.543 10 -25.181
v 47.71 10 -25.207
v 47.173 10 -25.148
v 47.33 10 -25.16
v 46.56 10 -25.05
v 46.404 10 -25.002
v 46.493 10 -25.028
v 46.186 10 -24.948
v 46.3 10 -24.975
v 45.95 10 -24.9
v 46.067 10 -24.922
v 45.641 10 -24.857
v 45.814 10 -24.879
v 45.023 10 -24.779
v 44.595 10 -24.724
v 44.82 10 -24.75
v 44.018 10 -24.674
v 44.322 10 -24.699
v 43.38 10 -24.633
v 43.698 10 -24.651
v 40.91 10 -23.81
v 40.653 10 -23.506
v 40.782 10 -23.655
v 40.423 10 -23.251
v 40.531 10 -23.369
v 40.28 10 -23.1
v 40.337 10 -23.159
v 40.116 10 -22.859
v 40.1 10 -22.781
v 40.11 10 -22.82
v 40.03 10 -22.665
v 40.073 10 -22.729
v 39.906 10 -22.522
v 39.974 10 -22.595
v 39.55 10 -22
v 39.526 10 -21.871
v 39.544 10 -21.942
v 39.467 10 -21.705
v 39.5 10 -21.791
v 39.39 10 -21.53
v 39.43 10 -21.617
v 39.048 10 -20.172
v 38.967 10 -19.505
v 39 10 -19.76
v 38.861 10 -19.145
v 38.926 10 -19.31
v 38.599 10 -18.785
v 38.758 10 -18.98
v 38.091 10 -18.243
v 38.37 10 -18.53
v 37.566 10 -17.834
v 37.824 10 -18.011
v 37.071 10 -17.634
v 37.316 10 -17.709
v 36.749 10 -17.604
v 36.83 10 -17.61
v 36.08 10 -17.42
v 35.804 10 -17.322
v 35.94 10 -17.368
v 35.563 10 -17.255
v 35.676 10 -17.284
v 35.4 10 -17.23
v 35.469 10 -17.236
v 34.964 10 -17.092
v 34.769 10 -16.991
v 34.87 10 -17.04
v 34.575 10 -16.908
v 34.669 10 -16.946
v 34.421 10 -16.857
v 34.491 10 -16.877
v 33.922 10 -16.3
v 33.843 10 -16.013
v 33.87 10 -16.11
v 33.754 10 -15.793
v 33.803 10 -15.905
v 33.635 10 -15.579
v 33.697 10 -15.682
v 33.47 10 -15.366
v 33.57 10 -15.49
v 33.251 10 -15.219
v 33.373 10 -15.279
v 32.822 10 -15.148
v 33.077 10 -15.178
v 32.192 10 -15.101
v 32.46 10 -15.12
v 31.546 10 -15.071
v 31.881 10 -15.084
v 30.877 10 -15.058
v 31.205 10 -15.062
v 30.219 10 -15.065
v 30.58 10 -15.06
v 29.415 10 -14.968
v 29.133 10 -14.829
v 29.3 10 -14.91
v 28.869 10 -14.82
v 28.991 10 -14.799
v 28.667 10 -15.024
v 28.762 10 -14.894
v 28.528 10 -15.324
v 28.58 10 -15.21
v 28.27 10 -15.49
v 28.134 10 -15.45
v 28.213 10 -15.47
v 27.939 10 -15.41
v 28.041 10 -15.43
v 27.833 10 -15.39
v 27.624 10 -15.358
v 27.73 10 -15.37
v 27.262 10 -15.292
v 27.146 10 -15.268
v 27.21 10 -15.28
v 26.894 10 -15.236
v 27.037 10 -15.253
v 26.532 10 -15.208
v 26.723 10 -15.221
v 25.545 10 -15.106
v 25.435 10 -15.056
v 25.49 10 -15.08
v 25.198 10 -15.015
v 25.334 10 -15.034
v 24.847 10 -14.987
v 25.032 10 -14.999
v 24.391 10 -14.975
v 24.65 10 -14.98
v 23.999 10 -15.003
v 24.178 10 -14.982
v 23.696 10 -15.09
v 23.842 10 -15.038
v 23.384 10 -15.249
v 23.55 10 -15.16
v 23.192 10 -15.399
v 23.265 10 -15.329
v 23.181 10 -15.518
v 23.165 10 -15.461
v 22.69 10 -15.62
v 22.659 10 -15.578
v 22.682 10 -15.599
v 22.574 10 -15.536
v 22.622 10 -15.556
v 22.45 10 -15.5
v 22.516 10 -15.517
v 22.12 10 -15.25
v 22.055 10 -15.152
v 22.089 10 -15.198
v 21.988 10 -15.085
v 22.021 10 -15.114
v 21.93 10 -15.06
v 21.957 10 -15.066
v 21.618 10 -14.913
v 21.279 10 -14.702
v 21.54 10 -14.86
v 20.455 10 -14.264
v 20.894 10 -14.491
v 19.697 10 -13.902
v 20.033 10 -14.056
v 19.487 10 -13.846
v 19.52 10 -13.84
v 19.41 10 -13.884
v 19.45 10 -13.861
v 19.333 10 -13.945
v 19.37 10 -13.913
v 19.263 10 -14.031
v 19.3 10 -13.98
v 19.234 10 -14.122
v 19.24 10 -14.078
v 19.268 10 -14.22
v 19.243 10 -14.169
v 19.454 10 -14.449
v 19.31 10 -14.28
v 19.915 10 -14.909
v 19.669 10 -14.671
v 20.336 10 -15.285
v 20.151 10 -15.126
v 20.48 10 -15.38
v 20.43 10 -15.35
v 21.125 10 -15.968
v 21.58 10 -16.413
v 21.35 10 -16.19
v 21.983 10 -16.787
v 21.794 10 -16.615
v 22.245 10 -17.009
v 22.136 10 -16.922
v 22.335 10 -17.046
v 22.3 10 -17.04
v 22.632 10 -17.456
v 22.402 10 -17.587
v 22.54 10 -17.5
v 22.316 10 -17.808
v 22.328 10 -17.692
v 22.474 10 -18.035
v 22.365 10 -17.924
v 22.727 10 -18.171
v 22.64 10 -18.13
v 22.97 10 -18.35
v 23.001 10 -18.401
v 22.978 10 -18.373
v 23.086 10 -18.466
v 23.038 10 -18.433
v 23.21 10 -18.53
v 23.144 10 -18.499
v 23.413 10 -18.776
v 23.387 10 -18.933
v 23.4 10 -18.85
v 23.438 10 -19.107
v 23.399 10 -19.017
v 23.601 10 -19.328
v 23.504 10 -19.209
v 23.839 10 -19.576
v 23.73 10 -19.47
v 24.039 10 -19.753
v 23.944 10 -19.671
v 24.182 10 -19.856
v 24.12 10 -19.815
v 24.261 10 -19.884
v 24.22 10 -19.87
v 24.99 10 -20.8
v 24.943 10 -20.957
v 24.966 10 -20.86
v 24.903 10 -21.23
v 24.923 10 -21.082
v 24.87 10 -21.56
v 24.886 10 -21.391
v 24.867 10 -21.999
v 24.861 10 -21.804
v 24.943 10 -22.331
v 24.892 10 -22.168
v 25.14 10 -22.73
v 25.024 10 -22.511
v 23.61 10 -21.82
v 23.243 10 -21.457
v 23.413 10 -21.619
v 22.983 10 -21.253
v 23.1 10 -21.335
v 22.83 10 -21.21
v 22.893 10 -21.211
v 22.702 10 -21.327
v 22.746 10 -21.26
v 22.734 10 -21.506
v 22.699 10 -21.41
v 22.92 10 -21.73
v 22.808 10 -21.614
v 23.34 10 -22.3
v 23.453 10 -22.498
v 23.394 10 -22.4
v 23.574 10 -22.672
v 23.514 10 -22.59
v 23.68 10 -22.79
v 23.631 10 -22.74
v 23.936 10 -23.119
v 24.025 10 -23.282
v 23.98 10 -23.2
v 24.136 10 -23.442
v 24.079 10 -23.364
v 24.251 10 -23.57
v 24.195 10 -23.513
v 24.348 10 -23.649
v 24.3 10 -23.61
v 24.474 10 -23.837
v 24.494 10 -23.931
v 24.48 10 -23.88
v 24.595 10 -24.084
v 24.534 10 -24
v 24.762 10 -24.273
v 24.673 10 -24.176
v 25.214 10 -24.687
v 24.86 10 -24.37
v 25.89 10 -25.41
v 25.9 10 -25.463
v 25.892 10 -25.438
v 25.927 10 -25.5
v 25.911 10 -25.484
v 25.97 10 -25.52
v 25.947 10 -25.513
v 26.805 10 -26.29
v 27.143 10 -26.648
v 27.05 10 -26.55
v 27.361 10 -26.85
v 27.249 10 -26.75
v 27.583 10 -27.025
v 27.474 10 -26.943
v 27.774 10 -27.152
v 27.68 10 -27.09
v 28.23 10 -27.53
v 28.349 10 -27.65
v 28.288 10 -27.593
v 28.465 10 -27.74
v 28.409 10 -27.7
v 28.55 10 -27.78
v 28.513 10 -27.767
v 29.604 10 -29.227
v 29.505 10 -29.348
v 29.55 10 -29.29
v 29.427 10 -29.47
v 29.464 10 -29.409
v 29.383 10 -29.579
v 29.4 10 -29.528
v 29.379 10 -29.656
v 29.38 10 -29.62
v 29.285 10 -29.796
v 29.21 10 -29.853
v 29.25 10 -29.82
v 29.111 10 -29.981
v 29.163 10 -29.908
v 29.002 10 -30.167
v 29.057 10 -30.069
v 28.6 10 -30.82
v 28.516 10 -30.926
v 28.556 10 -30.869
v 28.454 10 -31.047
v 28.481 10 -30.986
v 28.43 10 -31.16
v 28.436 10 -31.106
v 28.298 10 -31.364
v 28.187 10 -31.404
v 28.25 10 -31.38
v 28.103 10 -31.486
v 28.139 10 -31.439
v 28.064 10 -31.625
v 28.078 10 -31.547
v 27.932 10 -32.064
v 27.828 10 -32.144
v 27.88 10 -32.1
v 27.696 10 -32.304
v 27.766 10 -32.214
v 27.554 10 -32.527
v 27.624 10 -32.41
v 26.96 10 -33.43
v 26.53 10 -33.946
v 26.75 10 -33.67
v 26.117 10 -34.524
v 26.314 10 -34.238
v 25.84 10 -35
v 25.954 10 -34.785
v 25.61 10 -35.31
v 25.56 10 -35.33
v 25.582 10 -35.315
v 25.527 10 -35.38
v 25.541 10 -35.353
v 25.51 10 -35.44
v 25.517 10 -35.41
v 25.28 10 -35.84
v 25.16 10 -35.984
v 25.217 10 -35.914
v 25.073 10 -36.103
v 25.111 10 -36.048
v 25.04 10 -36.18
v 25.049 10 -36.148
v 39.066 10 -36.109
v 38.98 10 -36.17
v 40.37 10 -36.13
v 40.531 10 -36.192
v 40.439 10 -36.163
v 40.756 10 -36.234
v 40.639 10 -36.216
v 40.99 10 -36.25
v 40.875 10 -36.246
v 41.49 10 -36.34
v 41.682 10 -36.41
v 41.551 10 -36.377
v 42.321 10 -36.49
v 41.925 10 -36.446
v 43.74 10 -36.62
v 42.912 10 -36.546
v 45.1 10 -39.03
v 45.015 10 -39.286
v 45.044 10 -39.119
v 45.035 10 -39.728
v 45.013 10 -39.499
v 45.15 10 -40.11
v 45.081 10 -39.942
v 45.23 10 -40.6
v 45.216 10 -40.739
v 45.219 10 -40.675
v 45.234 10 -40.831
v 45.221 10 -40.791
v 45.28 10 -40.87
v 45.253 10 -40.858
v 45.28 10 -41.96
v 45.227 10 -42.06
v 45.249 10 -41.995
v 45.207 10 -42.27
v 45.213 10 -42.153
v 45.22 10 -42.57
v 45.209 10 -42.41
v 44.26 10 -42.22
v 44.196 10 -42.125
v 44.243 10 -42.183
v 44.024 10 -41.961
v 44.121 10 -42.05
v 43.78 10 -41.76
v 43.909 10 -41.864
v 43.327 10 -41.322
v 43.281 10 -41.223
v 43.31 10 -41.28
v 43.075 10 -40.972
v 43.2 10 -41.118
v 42.722 10 -40.595
v 42.913 10 -40.796
v 41.71 10 -39.46
v 41.613 10 -39.31
v 41.685 10 -39.406
v 41.36 10 -39.02
v 41.502 10 -39.179
v 41.01 10 -38.65
v 41.194 10 -38.841
v 40.3 10 -37.86
v 40.226 10 -37.739
v 40.281 10 -37.816
v 40.03 10 -37.508
v 40.141 10 -37.634
v 39.75 10 -37.22
v 39.898 10 -37.368
v 39 10 -36.277
v 24.908 10 -36.46
v 24.669 10 -36.836
v 24.86 10 -36.53
v 24.265 10 -37.625
v 24.463 10 -37.219
v 23.994 10 -38.294
v 24.101 10 -38.001
v 23.981 10 -38.49
v 23.97 10 -38.45
v 22.11 10 -37.988
v 21.753 10 -37.822
v 21.82 10 -37.85
v 21.51 10 -37.783
v 21.647 10 -37.8
v 21.174 10 -37.763
v 21.35 10 -37.77
v 20.729 10 -37.758
v 20.99 10 -37.76
v 20.73 10 -36.38
v 20.814 10 -36.278
v 20.774 10 -36.329
v 20.876 10 -36.189
v 20.849 10 -36.23
v 20.9 10 -36.14
v 20.894 10 -36.158
v 20.724 10 -35.915
v 20.85 10 -36.058
v 20.383 10 -35.579
v 20.556 10 -35.744
v 20.16 10 -35.4
v 20.239 10 -35.453
v 20.073 10 -35.446
v 20.127 10 -35.412
v 19.914 10 -35.564
v 20 10 -35.497
v 19.72 10 -35.73
v 19.819 10 -35.643
v 19.139 10 -35.553
v 18.803 10 -34.429
v 19.02 10 -35.15
v 18.519 10 -33.554
v 18.64 10 -33.909
v 18.338 10 -33.182
v 18.423 10 -33.324
v 18.191 10 -33.029
v 18.25 10 -33.09
v 17.931 10 -32.652
v 17.827 10 -32.458
v 17.88 10 -32.55
v 17.711 10 -32.304
v 17.77 10 -32.375
v 17.599 10 -32.213
v 17.653 10 -32.249
v 17.495 10 -32.192
v 17.55 10 -32.2
v 16.94 10 -31.97
v 16.684 10 -31.85
v 16.81 10 -31.907
v 16.469 10 -31.763
v 16.569 10 -31.801
v 16.34 10 -31.73
v 16.391 10 -31.739
v 16.115 10 -31.64
v 15.964 10 -31.529
v 16.08 10 -31.61
v 15.55 10 -31.338
v 15.776 10 -31.434
v 15.11 10 -31.193
v 15.317 10 -31.253
v 14.02 10 -30.84
v 13.115 10 -30.471
v 13.547 10 -30.645
v 12.408 10 -30.205
v 12.733 10 -30.324
v 11.97 10 -30.07
v 12.151 10 -30.119
v 11.729 10 -29.959
v 11.692 10 -29.903
v 11.71 10 -29.93
v 11.616 10 -29.868
v 11.66 10 -29.883
v 11.504 10 -29.852
v 11.563 10 -29.857
v 11.12 10 -29.74
v 11.045 10 -29.687
v 11.081 10 -29.707
v 10.975 10 -29.687
v 11.01 10 -29.68
v 10.9 10 -29.74
v 10.939 10 -29.707
v 10.164 10 -29.695
v 10.12 10 -29.416
v 10.16 10 -29.6
v 9.842 10 -29
v 10.01 10 -29.211
v 9.385 10 -28.611
v 9.63 10 -28.796
v 8.995 10 -28.393
v 9.12 10 -28.46
v 8.45 10 -27.99
v 8.307 10 -27.841
v 8.386 10 -27.915
v 8.126 10 -27.715
v 8.219 10 -27.774
v 7.95 10 -27.64
v 8.035 10 -27.669
v 7.678 10 -27.412
v 7.635 10 -27.214
v 7.67 10 -27.35
v 7.405 10 -26.76
v 7.54 10 -27.007
v 7.082 10 -26.266
v 7.246 10 -26.503
v 6.64 10 -25.58
v 6.537 10 -25.372
v 6.591 10 -25.475
v 6.426 10 -25.188
v 6.481 10 -25.275
v 6.33 10 -25.06
v 6.374 10 -25.115
v 5.733 10 -24.194
v 5.625 10 -23.983
v 5.68 10 -24.08
v 5.436 10 -23.931
v 5.542 10 -23.934
v 5.171 10 -24.069
v 5.311 10 -23.976
v 4.75 10 -24.49
v 5.02 10 -24.21
v 4.77 10 -26.3
v 4.78 10 -27.29
v 4.775 10 -26.801
v 4.79 10 -28.14
v 4.785 10 -27.744
v 4.8 10 -28.67
v 4.795 10 -28.456
v 4.32 10 -30.1
v 4.303 10 -29.978
v 4.318 10 -30.048
v 4.241 10 -29.802
v 4.276 10 -29.894
v 4.15 10 -29.62
v 4.198 10 -29.709
v 3.93 10 -29.04
v 3.899 10 -28.864
v 3.919 10 -28.958
v 3.831 10 -28.663
v 3.869 10 -28.764
v 3.74 10 -28.48
v 3.788 10 -28.567
v 3.57 10 -27.71
v 3.558 10 -27.461
v 3.567 10 -27.582
v 3.529 10 -27.266
v 3.545 10 -27.354
v 3.49 10 -27.17
v 3.51 10 -27.202
v 3.35 10 -26.82
v 3.132 10 -25.831
v 3.239 10 -26.264
v 2.918 10 -25.309
v 3.026 10 -25.515
v 2.68 10 -25.2
v 2.804 10 -25.206
v 2.574 10 -25.243
v 2.628 10 -25.221
v 2.47 10 -25.293
v 2.52 10 -25.268
v 2.39 10 -25.35
v 2.425 10 -25.321
v 2.34 10 -25.677
v 2.362 10 -25.446
v 2.307 10 -26.496
v 2.321 10 -26.031
v 2.29 10 -27.71
v 2.297 10 -27.059
v 2.294 10 -29.222
v 2.288 10 -28.577
v 2.34 10 -30.038
v 2.31 10 -29.692
v 2.45 10 -30.55
v 2.385 10 -30.308
v 2.63 10 -31.49
v 2.651 10 -31.716
v 2.636 10 -31.602
v 2.703 10 -31.924
v 2.674 10 -31.825
v 2.77 10 -32.07
v 2.735 10 -32.008
v 2.866 10 -32.308
v 2.851 10 -32.418
v 2.86 10 -32.33
v 2.965 10 -32.846
v 2.889 10 -32.597
v 3.199 10 -33.464
v 3.071 10 -33.143
v 3.403 10 -33.933
v 3.34 10 -33.79
v 3.565 10 -34.509
v 3.605 10 -34.836
v 3.57 10 -34.61
v 3.834 10 -35.497
v 3.699 10 -35.146
v 4.152 10 -36.152
v 3.991 10 -35.847
v 4.338 10 -36.417
v 4.3 10 -36.37
v 4.358 10 -36.557
v 4.245 10 -36.656
v 4.33 10 -36.58
v 4.247 10 -36.855
v 4.219 10 -36.749
v 4.456 10 -37.081
v 4.328 10 -36.967
v 4.75 10 -37.252
v 4.63 10 -37.19
v 5.218 10 -37.566
v 5.384 10 -37.705
v 5.3 10 -37.64
v 5.565 10 -37.83
v 5.474 10 -37.77
v 5.732 10 -37.928
v 5.653 10 -37.884
v 5.83 10 -38.56
v 5.699 10 -38.765
v 5.75 10 -38.656
v 5.665 10 -39.159
v 5.671 10 -38.921
v 5.7 10 -40.01
v 5.676 10 -39.51
v 5.756 10 -40.823
v 5.728 10 -40.472
v 5.83 10 -41.277
v 5.789 10 -41.084
v 5.96 10 -41.55
v 5.886 10 -41.426
v 6.393 10 -42.35
v 32.58 10 -42.95
v 6.516 10 -42.778
v 32.58 10 -42.66
v 34.614 10 -42.655
v 33.97 10 -42.66
v 35.346 10 -42.584
v 35.061 10 -42.633
v 35.575 10 -42.363
v 35.506 10 -42.497
v 35.594 10 -42.071
v 35.59 10 -42.17
v 36.192 10 -42.057
v 36.315 10 -42.253
v 36.23 10 -42.13
v 36.599 10 -42.41
v 36.443 10 -42.347
v 36.946 10 -42.421
v 36.771 10 -42.436
v 38.51 10 -42.23
v 39.172 10 -42.211
v 38.841 10 -42.223
v 39.771 10 -42.179
v 39.487 10 -42.196
v 40.18 10 -42.14
v 40.008 10 -42.16
v 42 10 -43.48
v 42.033 10 -43.572
v 42.009 10 -43.521
v 42.12 10 -43.691
v 42.071 10 -43.63
v 42.24 10 -43.81
v 42.177 10 -43.752
v 42.678 10 -44.306
v 42.857 10 -44.55
v 42.76 10 -44.42
v 43.153 10 -44.897
v 42.991 10 -44.713
v 43.522 10 -45.292
v 43.333 10 -45.094
v 44.017 10 -45.78
v 43.71 10 -45.48
v 44.656 10 -48.068
v 44.709 10 -48.464
v 44.682 10 -48.266
v 44.758 10 -48.816
v 44.734 10 -48.65
v 44.14 10 -49.54
v 43.474 10 -48.998
v 43.835 10 -49.29
v 42.723 10 -48.402
v 43.091 10 -48.693
v 42.17 10 -47.98
v 42.404 10 -48.155
v 41.562 10 -47.476
v 41.386 10 -47.302
v 41.47 10 -47.38
v 41.237 10 -47.17
v 41.308 10 -47.231
v 41.135 10 -47.091
v 41.179 10 -47.122
v 41.022 10 -47.043
v 41.11 10 -47.08
v 40.27 10 -46.47
v 40.125 10 -46.349
v 40.222 10 -46.419
v 39.815 10 -46.165
v 39.986 10 -46.263
v 39.41 10 -45.95
v 39.62 10 -46.059
v 38.61 10 -45.48
v 38.558 10 -45.422
v 38.596 10 -45.453
v 38.422 10 -45.355
v 38.499 10 -45.389
v 38.23 10 -45.29
v 38.331 10 -45.321
v 37.85 10 -45.11
v 37.822 10 -45.064
v 37.843 10 -45.088
v 37.748 10 -45.012
v 37.79 10 -45.039
v 37.64 10 -44.96
v 37.697 10 -44.986
v 35.56 10 -44.01
v 35.119 10 -43.801
v 35.333 10 -43.9
v 34.764 10 -43.655
v 34.926 10 -43.719
v 34.57 10 -43.6
v 34.643 10 -43.614
v 34.289 10 -43.462
v 34.109 10 -43.3
v 34.24 10 -43.41
v 33.79 10 -43.225
v 33.954 10 -43.239
v 33.484 10 -43.337
v 33.629 10 -43.258
v 33.277 10 -43.576
v 33.37 10 -43.46
v 32.95 10 -43.51
v 32.926 10 -43.417
v 32.944 10 -43.464
v 32.861 10 -43.336
v 32.897 10 -43.374
v 32.77 10 -43.29
v 32.818 10 -43.307
v 32.584 10 -43.045
v 6.59 10 -44.745
v 16.193 10 -44.837
v 6.575 10 -44.868
v 16.775 10 -44.097
v 16.586 10 -44.482
v 16.68 10 -44.29
v 16.496 10 -44.654
v 32.18 10 -44.71
v 16.415 10 -44.8
v 34.25 10 -45.12
v 34.282 10 -45.163
v 34.263 10 -45.143
v 34.331 10 -45.19
v 34.305 10 -45.179
v 34.39 10 -45.2
v 34.36 10 -45.198
v 35.59 10 -46.33
v 35.668 10 -46.474
v 35.627 10 -46.406
v 35.752 10 -46.573
v 35.71 10 -46.53
v 35.83 10 -46.61
v 35.793 10 -46.6
v 35.881 10 -47.177
v 35.807 10 -47.186
v 35.85 10 -47.18
v 35.685 10 -47.224
v 35.751 10 -47.201
v 35.536 10 -47.285
v 35.612 10 -47.253
v 35.344 10 -47.377
v 35.46 10 -47.32
v 34.89 10 -47.11
v 34.342 10 -46.468
v 34.4 10 -46.53
v 34.188 10 -46.237
v 34.171 10 -46.163
v 34.18 10 -46.2
v 34.107 10 -46.057
v 34.146 10 -46.114
v 33.997 10 -45.932
v 34.057 10 -45.996
v 33.611 10 -45.415
v 33.489 10 -45.164
v 33.57 10 -45.32
v 33.296 10 -44.966
v 33.397 10 -45.045
v 33.08 10 -44.932
v 33.19 10 -44.928
v 32.211 10 -44.797
v 16.214 10 -44.965
v 5.33 10 -44.25
v 4.98 10 -43.921
v 5.149 10 -44.077
v 4.71 10 -43.689
v 4.831 10 -43.79
v 4.58 10 -43.6
v 4.624 10 -43.623
v 3.52 10 -42.56
v 3.368 10 -42.352
v 3.461 10 -42.474
v 3.105 10 -42.038
v 3.247 10 -42.204
v 2.78 10 -41.69
v 2.947 10 -41.863
v 2.16 10 -40.92
v 2.129 10 -40.831
v 2.152 10 -40.88
v 2.047 10 -40.719
v 2.094 10 -40.776
v 1.93 10 -40.61
v 1.992 10 -40.663
v 1.46 10 -39.89
v 1.313 10 -39.616
v 1.39 10 -39.75
v 1.157 10 -39.391
v 1.234 10 -39.494
v 1.03 10 -39.27
v 1.088 10 -39.314
v 0.84 10 -39.08
v 0.812 10 -39.004
v 0.833 10 -39.048
v 0.738 10 -38.893
v 0.78 10 -38.951
v 0.63 10 -38.77
v 0.687 10 -38.831
v 0.346 10 -38.42
v 0.269 10 -38.3
v 0.31 10 -38.36
v 0.199 10 -38.241
v 0.233 10 -38.26
v 0.126 10 -38.266
v 0.164 10 -38.243
v 0.038 10 -38.355
v 0.08 10 -38.31
v 0.005 10 -38.46
v 0.013 10 -38.403
v 0.038 10 -38.618
v 0.013 10 -38.53
v 0.118 10 -38.828
v 0.08 10 -38.73
v 0.286 10 -39.424
v 0.354 10 -39.728
v 0.32 10 -39.58
v 0.434 10 -39.996
v 0.393 10 -39.869
v 0.511 10 -40.188
v 0.474 10 -40.104
v 0.913 10 -41.356
v 0.936 10 -41.579
v 0.93 10 -41.52
v 0.984 10 -41.706
v 0.955 10 -41.642
v 1.068 10 -41.824
v 1.022 10 -41.768
v 1.303 10 -42.126
v 1.383 10 -42.443
v 1.31 10 -42.17
v 1.816 10 -43.494
v 1.568 10 -42.921
v 2.307 10 -44.487
v 2.079 10 -44.052
v 2.481 10 -44.719
v 2.45 10 -44.69
v 2.678 10 -45.053
v 2.797 10 -45.299
v 2.73 10 -45.17
v 2.981 10 -45.585
v 2.882 10 -45.44
v 3.196 10 -45.858
v 3.088 10 -45.727
v 3.397 10 -46.071
v 3.3 10 -45.97
v 3.67 10 -46.46
v 3.71 10 -46.552
v 3.68 10 -46.501
v 3.814 10 -46.671
v 3.755 10 -46.61
v 3.96 10 -46.79
v 3.883 10 -46.732
v 4.38 10 -47.32
v 4.463 10 -47.483
v 4.419 10 -47.404
v 4.56 10 -47.614
v 4.511 10 -47.554
v 4.65 10 -47.69
v 4.607 10 -47.661
v 4.845 10 -47.87
v 4.942 10 -48.04
v 4.87 10 -47.92
v 5.25 10 -48.324
v 5.071 10 -48.176
v 5.718 10 -48.631
v 5.469 10 -48.477
v 6.1 10 -48.833
v 5.99 10 -48.78
v 6.4 10 -49.05
v 6.442 10 -49.104
v 6.411 10 -49.076
v 6.551 10 -49.159
v 6.49 10 -49.132
v 6.7 10 -49.2
v 6.622 10 -49.182
v 7.38 10 -50.44
v 7.415 10 -50.929
v 7.396 10 -50.679
v 7.452 10 -51.407
v 7.434 10 -51.176
v 15.06 10 -51.65
v 7.468 10 -51.61
v 15.25 10 -50.82
v 15.344 10 -50.719
v 15.299 10 -50.774
v 15.413 10 -50.595
v 15.382 10 -50.658
v 15.44 10 -50.48
v 15.433 10 -50.534
v 16.062 10 -49.921
v 16.437 10 -49.706
v 16.37 10 -49.75
v 16.573 10 -49.599
v 16.506 10 -49.654
v 16.688 10 -49.489
v 16.634 10 -49.543
v 16.784 10 -49.374
v 16.73 10 -49.44
v 17.185 10 -49.254
v 17.546 10 -49.246
v 17.36 10 -49.25
v 17.813 10 -49.199
v 17.693 10 -49.23
v 18.019 10 -49.068
v 17.917 10 -49.146
v 18.214 10 -48.877
v 18.13 10 -48.96
v 18.633 10 -48.554
v 18.83 10 -48.443
v 18.73 10 -48.5
v 19.066 10 -48.269
v 18.944 10 -48.364
v 19.306 10 -48.052
v 19.189 10 -48.163
v 19.98 10 -47.55
v 20.335 10 -47.452
v 20.149 10 -47.524
v 20.705 10 -47.208
v 20.525 10 -47.344
v 20.98 10 -46.89
v 20.861 10 -47.053
v 21.179 10 -46.62
v 21.23 10 -46.594
v 21.2 10 -46.61
v 21.366 10 -46.481
v 21.287 10 -46.55
v 21.572 10 -46.292
v 21.463 10 -46.394
v 22.48 10 -46.12
v 22.509 10 -46.269
v 22.492 10 -46.198
v 22.548 10 -46.378
v 22.528 10 -46.33
v 22.59 10 -46.42
v 22.569 10 -46.409
v 22.859 10 -47.023
v 23.006 10 -47.466
v 22.93 10 -47.24
v 23.155 10 -47.869
v 23.082 10 -47.679
v 23.277 10 -48.148
v 23.221 10 -48.028
v 23.353 10 -48.264
v 23.32 10 -48.22
v 23.436 10 -48.461
v 23.446 10 -48.545
v 23.44 10 -48.5
v 23.484 10 -48.658
v 23.461 10 -48.599
v 23.545 10 -48.776
v 23.513 10 -48.718
v 23.618 10 -48.88
v 23.58 10 -48.83
v 23.73 10 -49.17
v 23.754 10 -49.294
v 23.736 10 -49.224
v 23.819 10 -49.463
v 23.782 10 -49.375
v 23.91 10 -49.64
v 23.862 10 -49.552
v 24.1 10 -50.14
v 24.121 10 -50.264
v 24.106 10 -50.197
v 24.176 10 -50.416
v 24.145 10 -50.339
v 24.25 10 -50.56
v 24.211 10 -50.491
v 24.455 10 -50.991
v 24.573 10 -51.383
v 24.48 10 -51.08
v 24.881 10 -52.205
v 24.716 10 -51.779
v 25.179 10 -52.894
v 25.044 10 -52.598
v 25.326 10 -53.114
v 25.26 10 -53.03
v 25.63 10 -53.98
v 25.635 10 -54.07
v 25.629 10 -54.025
v 25.665 10 -54.147
v 25.647 10 -54.111
v 25.71 10 -54.19
v 25.686 10 -54.174
v 25.793 10 -54.395
v 25.811 10 -54.52
v 25.8 10 -54.45
v 25.891 10 -54.73
v 25.843 10 -54.615
v 26.028 10 -54.994
v 25.954 10 -54.858
v 26.188 10 -55.259
v 26.11 10 -55.13
v 26.41 10 -55.7
v 26.435 10 -55.749
v 26.416 10 -55.725
v 26.502 10 -55.791
v 26.464 10 -55.771
v 26.6 10 -55.82
v 26.548 10 -55.808
v 26.853 10 -55.936
v 26.971 10 -56.054
v 26.88 10 -55.97
v 27.276 10 -56.243
v 27.111 10 -56.149
v 27.598 10 -56.384
v 27.446 10 -56.325
v 27.755 10 -56.416
v 27.71 10 -56.41
v 27.998 10 -56.542
v 28.124 10 -56.639
v 28.06 10 -56.59
v 28.269 10 -56.722
v 28.195 10 -56.684
v 28.41 10 -56.773
v 28.341 10 -56.753
v 28.534 10 -56.786
v 28.47 10 -56.78
v 28.98 10 -56.97
v 29.154 10 -57.068
v 29.067 10 -57.022
v 29.31 10 -57.135
v 29.236 10 -57.106
v 29.41 10 -57.16
v 29.369 10 -57.154
v 29.59 10 -57.41
v 29.72 10 -57.976
v 29.655 10 -57.721
v 29.86 10 -58.34
v 29.788 10 -58.181
v 30.03 10 -58.54
v 29.94 10 -58.458
v 30.8 10 -60
v 30.913 10 -60.276
v 30.856 10 -60.145
v 31.017 10 -60.474
v 30.968 10 -60.388
v 31.09 10 -60.55
v 31.059 10 -60.53
v 31.329 10 -60.919
v 31.462 10 -61.188
v 31.39 10 -61.05
v 31.63 10 -61.461
v 31.543 10 -61.327
v 31.798 10 -61.684
v 31.717 10 -61.583
v 31.933 10 -61.821
v 31.87 10 -61.76
v 32.11 10 -62.09
v 32.131 10 -62.161
v 32.116 10 -62.126
v 32.183 10 -62.229
v 32.154 10 -62.196
v 32.25 10 -62.28
v 32.215 10 -62.257
v 55.909 10 -62.652
v 32.364 10 -62.438
v 56.267 10 -62.422
v 56.414 10 -62.371
v 56.34 10 -62.4
v 56.572 10 -62.271
v 56.493 10 -62.327
v 56.711 10 -62.134
v 56.647 10 -62.206
v 57.932 10 -60.664
v 58.397 10 -60.174
v 58.27 10 -60.31
v 58.612 10 -59.914
v 58.513 10 -60.039
v 58.742 10 -59.717
v 58.691 10 -59.804
v 58.766 10 -59.618
v 58.76 10 -59.66
v 58.95 10 -59.42
v 59.048 10 -59.354
v 59.002 10 -59.39
v 59.115 10 -59.27
v 59.086 10 -59.313
v 59.14 10 -59.19
v 59.134 10 -59.228
v 59.37 10 -58.85
v 59.49 10 -58.73
v 59.433 10 -58.79
v 59.577 10 -58.623
v 59.539 10 -58.674
v 59.61 10 -58.55
v 59.601 10 -58.581
v 59.799 10 -58.209
v 59.942 10 -58.007
v 59.87 10 -58.11
v 60.085 10 -57.803
v 60.015 10 -57.903
v 60.201 10 -57.631
v 60.149 10 -57.71
v 60.24 10 -57.57
v 60.336 10 -57.43
v 60.282 10 -57.509
v 60.464 10 -57.24
v 60.397 10 -57.339
v 60.533 10 -57.138
v 60.663 10 -56.944
v 60.6 10 -57.04
v 60.768 10 -56.763
v 60.72 10 -56.85
v 60.825 10 -56.627
v 60.804 10 -56.687
v 61.019 10 -56.317
v 61.165 10 -56.16
v 61.09 10 -56.25
v 61.355 10 -55.882
v 61.255 10 -56.034
v 61.559 10 -55.532
v 61.458 10 -55.712
v 61.803 10 -54.992
v 61.65 10 -55.35
v 61.954 10 -54.306
v 61.904 10 -54.646
v 61.901 10 -53.623
v 61.952 10 -53.967
v 61.733 10 -53.092
v 61.8 10 -53.27
v 61.611 10 -52.893
v 61.674 10 -52.969
v 61.426 10 -52.833
v 61.533 10 -52.851
v 61.165 10 -52.834
v 61.28 10 -52.83
v 60.987 10 -52.873
v 61.068 10 -52.848
v 60.87 10 -52.957
v 60.922 10 -52.909
v 60.96 10 -51.45
v 61.088 10 -51.193
v 61.023 10 -51.327
v 61.212 10 -50.92
v 61.153 10 -51.055
v 61.3 10 -50.69
v 61.262 10 -50.796
v 61.59 10 -50.16
v 61.681 10 -50.046
v 61.638 10 -50.108
v 61.746 10 -49.904
v 61.717 10 -49.976
v 61.77 10 -49.77
v 61.764 10 -49.834
v 61.87 10 -49.48
v 61.92 10 -49.424
v 61.897 10 -49.458
v 61.95 10 -49.33
v 61.938 10 -49.38
v 61.96 10 -49.22
v 61.958 10 -49.275
v 62.15 10 -48.84
v 62.244 10 -48.739
v 62.199 10 -48.794
v 62.313 10 -48.615
v 62.283 10 -48.678
v 62.34 10 -48.5
v 62.333 10 -48.554
v 62.478 10 -48.179
v 62.582 10 -48.06
v 62.53 10 -48.12
v 62.665 10 -47.917
v 62.628 10 -47.991
v 62.708 10 -47.769
v 62.692 10 -47.842
v 62.806 10 -47.422
v 62.914 10 -47.319
v 62.84 10 -47.39
v 63.084 10 -47.053
v 62.999 10 -47.2
v 63.21 10 -46.752
v 63.158 10 -46.897
v 63.236 10 -46.6
v 63.23 10 -46.64
v 63.341 10 -46.398
v 63.511 10 -46.166
v 63.38 10 -46.35
v 63.795 10 -45.614
v 63.655 10 -45.907
v 63.999 10 -45.072
v 63.915 10 -45.323
v 64.036 10 -44.836
v 64.03 10 -44.9
v 64.22 10 -44.51
v 64.323 10 -44.387
v 64.276 10 -44.454
v 64.387 10 -44.223
v 64.36 10 -44.31
v 64.41 10 -44.02
v 64.404 10 -44.126
v 64.51 10 -43.69
v 64.552 10 -43.669
v 64.533 10 -43.684
v 64.571 10 -43.614
v 64.565 10 -43.645
v 64.56 10 -43.54
v 64.57 10 -43.579
v 64.74 10 -42.98
v 64.86 10 -42.739
v 64.803 10 -42.864
v 64.944 10 -42.491
v 64.908 10 -42.612
v 64.97 10 -42.29
v 64.965 10 -42.381
v 65.11 10 -41.93
v 65.2 10 -41.838
v 65.153 10 -41.894
v 65.294 10 -41.679
v 65.247 10 -41.765
v 65.37 10 -41.48
v 65.335 10 -41.583
v 65.732 10 -41.03
v 65.973 10 -40.941
v 65.87 10 -40.98
v 66.155 10 -40.85
v 66.069 10 -40.897
v 66.284 10 -40.759
v 66.228 10 -40.803
v 66.348 10 -40.686
v 66.32 10 -40.72
v 66.62 10 -40.58
v 66.776 10 -40.545
v 66.694 10 -40.571
v 66.947 10 -40.448
v 66.861 10 -40.504
v 67.11 10 -40.3
v 67.031 10 -40.38
v 67.61 10 -40.02
v 67.761 10 -40
v 67.693 10 -40.015
v 67.862 10 -39.937
v 67.817 10 -39.974
v 67.92 10 -39.83
v 67.896 10 -39.889
v 68.38 10 -39.46
v 68.624 10 -39.334
v 68.5 10 -39.405
v 68.862 10 -39.163
v 68.747 10 -39.251
v 69.04 10 -38.99
v 68.962 10 -39.074
v 69.347 10 -38.71
v 69.459 10 -38.634
v 69.38 10 -38.7
v 69.754 10 -38.215
v 69.592 10 -38.46
v 70.071 10 -37.663
v 69.921 10 -37.937
v 70.2 10 -37.385
v 70.18 10 -37.43
v 70.984 10 -37.459
v 71.125 10 -37.55
v 71.06 10 -37.51
v 71.302 10 -37.574
v 71.211 10 -37.571
v 71.447 10 -37.527
v 71.386 10 -37.559
v 71.94 10 -37.38
v 72.234 10 -37.364
v 72.105 10 -37.376
v 72.409 10 -37.306
v 72.334 10 -37.341
v 72.51 10 -37.19
v 72.466 10 -37.256
v 72.703 10 -37.013
v 72.784 10 -37.004
v 72.74 10 -37.01
v 72.891 10 -36.956
v 72.836 10 -36.985
v 73.001 10 -36.872
v 72.947 10 -36.918
v 73.42 10 -36.63
v 73.533 10 -36.615
v 73.476 10 -36.626
v 73.634 10 -36.578
v 73.586 10 -36.599
v 73.7 10 -36.53
v 73.673 10 -36.555
v 74.184 10 -36.223
v 74.507 10 -36.068
v 74.34 10 -36.15
v 74.882 10 -35.875
v 74.692 10 -35.974
v 75.238 10 -35.682
v 75.068 10 -35.776
v 76.055 10 -35.294
v 76.229 10 -35.246
v 76.15 10 -35.27
v 76.374 10 -35.181
v 76.305 10 -35.216
v 76.475 10 -35.106
v 76.431 10 -35.144
v 76.519 10 -35.036
v 76.5 10 -35.07
v 76.68 10 -34.93
v 77.16 10 -34.775
v 76.858 10 -34.886
v 77.873 10 -34.462
v 77.52 10 -34.624
v 78.3 10 -34.22
v 78.155 10 -34.318
v 78.494 10 -34.054
v 78.61 10 -33.96
v 78.553 10 -34.006
v 78.811 10 -33.802
v 78.692 10 -33.899
v 79.129 10 -33.524
v 78.96 10 -33.675
v 79.49 10 -33.18
v 79.308 10 -33.357
v 81.22 10 -33.06
v 81.213 10 -33.201
v 81.209 10 -33.119
v 81.26 10 -33.412
v 81.231 10 -33.301
v 81.34 10 -33.64
v 81.297 10 -33.527
v 81.419 10 -34.15
v 81.286 10 -34.277
v 81.34 10 -34.22
v 81.215 10 -34.397
v 81.244 10 -34.336
v 81.197 10 -34.525
v 81.199 10 -34.461
v 81.14 10 -34.99
v 80.997 10 -35.319
v 81.062 10 -35.133
v 80.896 10 -35.851
v 80.942 10 -35.555
v 80.82 10 -36.66
v 80.856 10 -36.217
v 80.808 10 -37.24
v 80.806 10 -36.983
v 80.872 10 -37.667
v 80.829 10 -37.459
v 81.04 10 -38.16
v 80.941 10 -37.891
v 81.214 10 -38.564
v 81.124 10 -38.371
v 81.409 10 -38.889
v 81.31 10 -38.737
v 81.61 10 -39.12
v 81.509 10 -39.017
v 81.86 10 -40.51
v 81.754 10 -40.768
v 81.806 10 -40.61
v 81.662 10 -41.252
v 81.706 10 -40.982
v 81.59 10 -41.95
v 81.623 10 -41.575
v 81.47 10 -42.641
v 81.409 10 -42.791
v 81.44 10 -42.71
v 81.41 10 -42.956
v 81.399 10 -42.871
v 81.504 10 -43.178
v 81.444 10 -43.056
v 82.16 10 -45.6
v 82.152 10 -46.012
v 82.15 10 -45.834
v 82.195 10 -46.248
v 82.166 10 -46.146
v 82.3 10 -46.4
v 82.239 10 -46.329
v 82.37 10 -48.17
v 82.267 10 -48.497
v 82.319 10 -48.316
v 82.173 10 -48.916
v 82.217 10 -48.701
v 82.11 10 -49.33
v 82.136 10 -49.129
v 81.68 10 -50.01
v 81.15 10 -49.76
v 81.62 10 -49.7
v 80.708 10 -49.88
v 80.934 10 -49.805
v 80.255 10 -50.107
v 80.48 10 -49.981
v 79.84 10 -50.42
v 80.04 10 -50.254
v 79.625 10 -50.564
v 79.473 10 -50.644
v 79.6 10 -50.57
v 79.018 10 -51.061
v 79.263 10 -50.823
v 78.609 10 -51.522
v 78.784 10 -51.31
v 78.534 10 -51.691
v 78.54 10 -51.65
v 78.402 10 -51.857
v 78.294 10 -51.93
v 78.35 10 -51.89
v 78.21 10 -52.037
v 78.247 10 -51.979
v 78.166 10 -52.178
v 78.183 10 -52.104
v 78.157 10 -52.334
v 78.16 10 -52.26
v 78.1 10 -52.556
v 78.057 10 -52.658
v 78.08 10 -52.58
v 78.025 10 -53.139
v 78.038 10 -52.85
v 78.02 10 -53.936
v 78.019 10 -53.507
v 78.055 10 -55.192
v 78.03 10 -54.41
v 78.145 10 -56.257
v 78.092 10 -55.801
v 78.315 10 -56.797
v 78.218 10 -56.583
v 78.464 10 -56.943
v 78.44 10 -56.92
v 78.533 10 -57.145
v 78.554 10 -57.284
v 78.54 10 -57.21
v 78.628 10 -57.469
v 78.584 10 -57.372
v 78.748 10 -57.663
v 78.683 10 -57.568
v 78.896 10 -57.84
v 78.82 10 -57.75
v 79.1 10 -58.17
v 79.125 10 -58.244
v 79.106 10 -58.204
v 79.192 10 -58.336
v 79.154 10 -58.289
v 79.29 10 -58.43
v 79.238 10 -58.384
v 79.2 10 -59.94
v 79.06 10 -60.24
v 79.127 10 -60.091
v 78.956 10 -60.497
v 79.003 10 -60.377
v 78.91 10 -60.65
v 78.925 10 -60.59
v 77.936 10 -60.982
v 77.553 10 -60.82
v 77.83 10 -60.93
v 77.054 10 -60.748
v 77.293 10 -60.759
v 76.645 10 -60.868
v 76.837 10 -60.784
v 76.298 10 -61.203
v 76.48 10 -61
v 76.04 10 -61.539
v 76.152 10 -61.382
v 75.915 10 -61.791
v 75.961 10 -61.675
v 75.894 10 -61.939
v 75.9 10 -61.89
v 75.762 10 -62.171
v 75.661 10 -62.269
v 75.71 10 -62.22
v 75.577 10 -62.386
v 75.616 10 -62.326
v 75.527 10 -62.506
v 75.547 10 -62.447
v 75.05 10 -63.52
v 75.004 10 -63.573
v 75.026 10 -63.541
v 74.972 10 -63.66
v 74.986 10 -63.614
v 74.96 10 -63.76
v 74.963 10 -63.71
v 74.81 10 -64.1
v 74.516 10 -64.499
v 74.658 10 -64.292
v 74.294 10 -64.904
v 74.393 10 -64.708
v 74.2 10 -65.21
v 74.227 10 -65.076
v 74.05 10 -65.445
v 73.905 10 -65.456
v 73.97 10 -65.45
v 73.779 10 -65.504
v 73.84 10 -65.475
v 73.676 10 -65.588
v 73.723 10 -65.542
v 73.402 10 -65.817
v 73.214 10 -65.841
v 73.35 10 -65.82
v 72.874 10 -65.978
v 73.049 10 -65.897
v 72.57 10 -66.174
v 72.708 10 -66.073
v 72.451 10 -66.303
v 72.48 10 -66.27
v 72.205 10 -66.386
v 72.048 10 -66.396
v 72.13 10 -66.39
v 71.904 10 -66.439
v 71.972 10 -66.412
v 71.796 10 -66.518
v 71.845 10 -66.474
v 71.429 10 -66.782
v 71.251 10 -66.824
v 71.34 10 -66.8
v 71.094 10 -66.89
v 71.168 10 -66.854
v 70.986 10 -66.969
v 71.032 10 -66.929
v 70.936 10 -67.057
v 70.96 10 -67.01
v 70.827 10 -67.094
v 70.679 10 -67.03
v 70.79 10 -67.07
v 70.247 10 -67.11
v 70.5 10 -67.043
v 69.49 10 -67.416
v 69.913 10 -67.234
v 68.732 10 -67.774
v 68.97 10 -67.66
v 67.9 10 -68.08
v 67.786 10 -68.101
v 67.841 10 -68.086
v 67.694 10 -68.159
v 67.736 10 -68.126
v 67.64 10 -68.24
v 67.661 10 -68.197
v 63.76 10 -68.05
v 63.577 10 -67.877
v 63.668 10 -67.959
v 63.413 10 -67.756
v 63.49 10 -67.809
v 63.31 10 -67.71
v 63.352 10 -67.722
v 63.195 10 -67.65
v 63.176 10 -67.599
v 63.19 10 -67.63
v 63.079 10 -67.511
v 63.138 10 -67.559
v 62.911 10 -67.4
v 63.002 10 -67.457
v 62.709 10 -67.284
v 62.81 10 -67.34
v 62.444 10 -67.081
v 62.419 10 -67.025
v 62.43 10 -67.05
v 62.338 10 -66.954
v 62.387 10 -66.993
v 62.196 10 -66.866
v 62.273 10 -66.911
v 62.023 10 -66.776
v 62.11 10 -66.82
v 61.721 10 -66.574
v 61.643 10 -66.492
v 61.68 10 -66.53
v 61.559 10 -66.43
v 61.602 10 -66.458
v 61.471 10 -66.395
v 61.515 10 -66.409
v 61.224 10 -66.264
v 61.151 10 -66.17
v 61.19 10 -66.22
v 61.026 10 -66.048
v 61.095 10 -66.111
v 60.865 10 -65.919
v 60.949 10 -65.982
v 60.702 10 -65.811
v 60.78 10 -65.86
v 60.42 10 -65.606
v 60.345 10 -65.54
v 60.38 10 -65.57
v 60.254 10 -65.488
v 60.301 10 -65.512
v 60.159 10 -65.455
v 60.205 10 -65.468
v 59.919 10 -65.312
v 59.852 10 -65.201
v 59.89 10 -65.26
v 59.711 10 -65.07
v 59.79 10 -65.137
v 59.521 10 -64.939
v 59.62 10 -65.003
v 59.319 10 -64.828
v 59.42 10 -64.88
v 59.054 10 -64.637
v 59.019 10 -64.579
v 59.04 10 -64.61
v 58.871 10 -64.465
v 58.961 10 -64.529
v 58.62 10 -64.311
v 58.756 10 -64.391
v 58.271 10 -64.131
v 58.47 10 -64.23
v 57.978 10 -64.022
v 58.109 10 -64.063
v 57.784 10 -64.014
v 57.871 10 -64.007
v 57.13 10 -63.838
v 57.02 10 -63.63
v 57.06 10 -63.7
v 56.889 10 -63.495
v 56.963 10 -63.561
v 56.701 10 -63.373
v 56.801 10 -63.432
v 55.939 10 -62.779
v 31.56 10 -63.87
v 31.131 10 -63.52
v 31.361 10 -63.684
v 30.625 10 -63.28
v 30.882 10 -63.384
v 30.13 10 -63.19
v 30.371 10 -63.213
v 29.843 10 -63.223
v 29.974 10 -63.197
v 29.59 10 -63.371
v 29.721 10 -63.278
v 29.23 10 -63.71
v 29.432 10 -63.512
v 28.657 10 -64.205
v 28.434 10 -64.326
v 28.61 10 -64.22
v 27.754 10 -64.955
v 28.125 10 -64.594
v 27.11 10 -65.664
v 27.391 10 -65.336
v 26.957 10 -65.929
v 26.98 10 -65.87
v 26.69 10 -66.24
v 26.57 10 -66.334
v 26.627 10 -66.286
v 26.486 10 -66.423
v 26.522 10 -66.38
v 26.46 10 -66.49
v 26.465 10 -66.46
v 26.272 10 -66.778
v 26.011 10 -67.045
v 26.2 10 -66.85
v 25.708 10 -67.395
v 25.846 10 -67.227
v 25.517 10 -67.679
v 25.597 10 -67.546
v 25.442 10 -67.861
v 25.47 10 -67.79
v 24.57 10 -67.48
v 24.477 10 -67.406
v 24.529 10 -67.441
v 24.356 10 -67.351
v 24.419 10 -67.375
v 24.23 10 -67.33
v 24.292 10 -67.336
v 24.014 10 -67.261
v 23.992 10 -67.203
v 24.01 10 -67.24
v 23.86 10 -67.096
v 23.94 10 -67.154
v 23.635 10 -66.966
v 23.757 10 -67.033
v 22.93 10 -66.52
v 22.867 10 -66.451
v 22.906 10 -66.483
v 22.753 10 -66.406
v 22.815 10 -66.425
v 22.61 10 -66.39
v 22.684 10 -66.394
v 22.02 10 -66.15
v 21.82 10 -66.01
v 21.924 10 -66.08
v 21.607 10 -65.883
v 21.712 10 -65.944
v 21.42 10 -65.79
v 21.507 10 -65.831
v 20.947 10 -65.445
v 20.776 10 -65.283
v 20.86 10 -65.36
v 20.595 10 -65.155
v 20.686 10 -65.214
v 20.428 10 -65.08
v 20.507 10 -65.11
v 20.302 10 -65.067
v 20.36 10 -65.07
v 20.154 10 -65.01
v 20.138 10 -64.961
v 20.15 10 -64.99
v 20.03 10 -64.859
v 20.097 10 -64.916
v 19.842 10 -64.727
v 19.943 10 -64.794
v 19.356 10 -64.304
v 19.364 10 -64.177
v 19.36 10 -64.24
v 19.311 10 -63.94
v 19.347 10 -64.074
v 19.195 10 -63.609
v 19.26 10 -63.782
v 19.043 10 -63.251
v 19.12 10 -63.43
v 18.83 10 -62.52
v 18.806 10 -62.366
v 18.824 10 -62.446
v 18.741 10 -62.21
v 18.778 10 -62.286
v 18.65 10 -62.09
v 18.698 10 -62.143
v 18.432 10 -61.774
v 18.376 10 -61.635
v 18.41 10 -61.71
v 18.264 10 -61.537
v 18.33 10 -61.579
v 18.041 10 -61.486
v 18.17 10 -61.508
v 17.614 10 -61.45
v 17.87 10 -61.47
v 17.115 10 -60.151
v 16.963 10 -59.054
v 16.98 10 -59.16
v 16.917 10 -58.877
v 16.941 10 -58.959
v 16.866 10 -58.774
v 16.892 10 -58.815
v 16.834 10 -58.166
v 16.969 10 -57.891
v 16.9 10 -58.04
v 17.164 10 -57.264
v 17.059 10 -57.622
v 17.382 10 -56.393
v 17.274 10 -56.844
v 17.461 10 -55.722
v 17.48 10 -55.94
v 17.202 10 -55.014
v 17.36 10 -55.396
v 16.817 10 -54.302
v 17.013 10 -54.631
v 16.569 10 -54.024
v 16.64 10 -54.08
v 16.381 10 -53.916
v 16.481 10 -53.968
v 16.17 10 -53.839
v 16.276 10 -53.872
v 15.33 10 -52.92
v 15.259 10 -52.692
v 15.294 10 -52.802
v 15.191 10 -52.508
v 15.224 10 -52.592
v 15.14 10 -52.4
v 15.163 10 -52.443
v 15.063 10 -51.827
v 7.503 10 -51.945
v 7.48 10 -51.77
v 7.216 10 -52.194
v 7.171 10 -52.143
v 7.2 10 -52.17
v 7.041 10 -52.079
v 7.116 10 -52.112
v 6.848 10 -52.011
v 6.95 10 -52.045
v 6.621 10 -51.946
v 6.74 10 -51.98
v 5.98 10 -51.73
v 5.724 10 -51.63
v 5.831 10 -51.668
v 5.593 10 -51.633
v 5.649 10 -51.619
v 5.49 10 -51.74
v 5.544 10 -51.673
v 5.421 10 -51.841
v 5.453 10 -51.789
v 5.376 10 -51.945
v 5.395 10 -51.895
v 5.36 10 -52.02
v 5.364 10 -51.988
v 5.506 10 -52.189
v 5.4 10 -52.097
v 5.818 10 -52.367
v 5.653 10 -52.284
v 6.11 10 -52.45
v 5.978 10 -52.427
v 6.31 10 -52.54
v 6.357 10 -52.605
v 6.33 10 -52.57
v 6.495 10 -52.7
v 6.413 10 -52.65
v 6.713 10 -52.808
v 6.597 10 -52.754
v 7.016 10 -52.927
v 6.84 10 -52.86
v 7.362 10 -53.222
v 7.437 10 -53.434
v 7.4 10 -53.33
v 7.539 10 -53.585
v 7.482 10 -53.518
v 7.703 10 -53.683
v 7.611 10 -53.639
v 7.917 10 -53.75
v 7.82 10 -53.72
v 8.32 10 -53.98
v 8.426 10 -54.064
v 8.37 10 -54.024
v 8.55 10 -54.126
v 8.488 10 -54.099
v 8.67 10 -54.15
v 8.612 10 -54.144
v 8.61 10 -54.94
v 8.49 10 -55.035
v 8.547 10 -54.984
v 8.403 10 -55.139
v 8.441 10 -55.088
v 8.37 10 -55.22
v 8.379 10 -55.184
v 8.202 10 -55.457
v 8.022 10 -55.608
v 8.14 10 -55.5
v 7.911 10 -55.926
v 7.946 10 -55.747
v 7.964 10 -56.434
v 7.918 10 -56.153
v 8.28 10 -58.2
v 8.431 10 -59.492
v 8.353 10 -58.938
v 8.666 10 -60.235
v 8.53 10 -59.909
v 9.11 10 -60.8
v 8.854 10 -60.516
v 9.317 10 -60.992
v 9.218 10 -60.91
v 9.52 10 -61.088
v 9.415 10 -61.05
v 9.78 10 -61.12
v 9.639 10 -61.11
v 10.16 10 -61.12
v 10.164 10 -61.71
v 10.16 10 -61.58
v 10.193 10 -61.982
v 10.175 10 -61.847
v 10.241 10 -62.221
v 10.215 10 -62.11
v 10.319 10 -62.436
v 10.27 10 -62.31
v 10.459 10 -63.066
v 10.56 10 -63.75
v 10.5 10 -63.35
v 9.733 10 -63.781
v 10.2 10 -63.76
v 9.2 10 -63.963
v 9.407 10 -63.841
v 9.054 10 -64.484
v 9.09 10 -64.169
v 9.12 10 -65.53
v 9.07 10 -64.93
v 9.283 10 -66.834
v 9.194 10 -66.186
v 20.21 10 -66.95
v 20.133 10 -67.102
v 21.28 10 -67.52
v 21.298 10 -67.57
v 21.285 10 -67.548
v 21.342 10 -67.6
v 21.317 10 -67.588
v 21.4 10 -67.61
v 21.37 10 -67.607
v 21.8 10 -67.99
v 21.961 10 -68.188
v 21.878 10 -68.093
v 22.119 10 -68.339
v 22.042 10 -68.271
v 22.24 10 -68.41
v 22.187 10 -68.387
v 22.677 10 -68.741
v 22.89 10 -68.94
v 22.78 10 -68.84
v 23.142 10 -69.128
v 23.013 10 -69.037
v 23.389 10 -69.268
v 23.27 10 -69.206
v 23.647 10 -69.372
v 23.49 10 -69.31
v 22.92 10 -70.11
v 22.759 10 -70.038
v 22.842 10 -70.072
v 22.601 10 -69.989
v 22.677 10 -70.01
v 22.48 10 -69.97
v 22.533 10 -69.975
v 22.286 10 -69.895
v 22.237 10 -69.842
v 22.27 10 -69.87
v 22.083 10 -69.802
v 22.173 10 -69.82
v 21.841 10 -69.783
v 21.97 10 -69.79
v 20.172 10 -67.492
v 9.465 10 -67.841
v 9.376 10 -67.407
v 9.555 10 -68.112
v 9.54 10 -68.07
v 9.603 10 -68.523
v 9.617 10 -68.798
v 9.61 10 -68.66
v 9.642 10 -69.046
v 9.629 10 -68.929
v 9.674 10 -69.218
v 9.658 10 -69.144
v 9.746 10 -69.385
v 9.69 10 -69.26
v 10.038 10 -71.207
v 10.167 10 -72.277
v 10.14 10 -72.09
v 10.254 10 -72.666
v 10.206 10 -72.473
v 10.364 10 -73.005
v 10.307 10 -72.847
v 10.471 10 -73.242
v 10.42 10 -73.13
v 10.58 10 -73.72
v 10.581 10 -73.89
v 10.573 10 -73.789
v 10.633 10 -74.157
v 10.601 10 -74.015
v 10.72 10 -74.46
v 10.673 10 -74.308
v 10.913 10 -75.117
v 10.947 10 -75.348
v 10.92 10 -75.18
v 11.146 10 -75.796
v 11.024 10 -75.556
v 11.509 10 -76.341
v 11.31 10 -76.061
v 11.871 10 -76.784
v 11.74 10 -76.63
v 12.24 10 -77.29
v 12.277 10 -77.37
v 12.25 10 -77.325
v 12.376 10 -77.48
v 12.32 10 -77.423
v 12.52 10 -77.6
v 12.444 10 -77.54
v 12.8 10 -77.94
v 12.825 10 -78.02
v 12.806 10 -77.978
v 12.892 10 -78.107
v 12.854 10 -78.064
v 12.99 10 -78.18
v 12.938 10 -78.146
v 13.174 10 -78.386
v 13.188 10 -78.453
v 13.18 10 -78.42
v 13.246 10 -78.529
v 13.211 10 -78.49
v 13.348 10 -78.601
v 13.293 10 -78.567
v 13.473 10 -78.657
v 13.41 10 -78.63
v 13.641 10 -78.789
v 13.725 10 -78.961
v 13.65 10 -78.82
v 14.167 10 -79.451
v 13.916 10 -79.189
v 14.643 10 -79.865
v 14.428 10 -79.694
v 14.79 10 -79.902
v 14.76 10 -79.91
v 14.92 10 -80.04
v 14.973 10 -80.142
v 14.941 10 -80.091
v 15.06 10 -80.231
v 15.014 10 -80.19
v 15.16 10 -80.28
v 15.11 10 -80.262
v 15.516 10 -80.581
v 15.714 10 -80.807
v 15.59 10 -80.67
v 15.962 10 -80.969
v 15.84 10 -80.907
v 16.165 10 -80.967
v 16.073 10 -80.989
v 16.774 10 -81.299
v 17.167 10 -81.677
v 16.95 10 -81.47
v 17.529 10 -81.981
v 17.359 10 -81.847
v 17.807 10 -82.142
v 17.677 10 -82.08
v 18.015 10 -82.187
v 17.92 10 -82.17
v 18.569 10 -82.29
v 18.874 10 -82.353
v 18.71 10 -82.32
v 19.14 10 -82.381
v 19.016 10 -82.374
v 19.34 10 -82.359
v 19.247 10 -82.376
v 19.484 10 -82.298
v 19.42 10 -82.33
v 19.841 10 -82.152
v 20.211 10 -81.935
v 19.93 10 -82.12
v 20.879 10 -81.183
v 20.542 10 -81.602
v 21.383 10 -80.33
v 21.174 10 -80.738
v 22.039 10 -79.601
v 22.464 10 -79.372
v 22.25 10 -79.49
v 22.885 10 -79.134
v 22.679 10 -79.251
v 23.226 10 -78.932
v 23.071 10 -79.026
v 23.86 10 -78.63
v 23.988 10 -78.609
v 23.92 10 -78.624
v 24.129 10 -78.557
v 24.059 10 -78.586
v 24.25 10 -78.49
v 24.194 10 -78.525
v 24.494 10 -78.409
v 24.602 10 -78.426
v 24.52 10 -78.42
v 24.964 10 -78.309
v 24.763 10 -78.384
v 25.336 10 -78.122
v 25.167 10 -78.216
v 25.455 10 -78.013
v 25.43 10 -78.04
v 25.62 10 -77.881
v 25.732 10 -77.807
v 25.67 10 -77.85
v 26.123 10 -77.542
v 26.589 10 -77.222
v 26.23 10 -77.47
v 28.25 10 -76.18
v 28.301 10 -76.141
v 28.273 10 -76.17
v 28.366 10 -76.039
v 28.333 10 -76.096
v 28.43 10 -75.9
v 28.399 10 -75.973
v 28.66 10 -75.62
v 28.761 10 -75.577
v 28.701 10 -75.609
v 28.922 10 -75.466
v 28.836 10 -75.529
v 29.11 10 -75.31
v 29.015 10 -75.392
v 30 10 -74.68
v 30.321 10 -74.475
v 30.157 10 -74.583
v 30.636 10 -74.252
v 30.484 10 -74.363
v 30.87 10 -74.06
v 30.767 10 -74.149
v 31.65 10 -73.51
v 31.895 10 -73.36
v 31.772 10 -73.439
v 32.115 10 -73.2
v 32.011 10 -73.279
v 32.26 10 -73.07
v 32.2 10 -73.128
v 32.81 10 -72.68
v 33.041 10 -72.549
v 32.921 10 -72.619
v 33.279 10 -72.398
v 33.162 10 -72.474
v 33.47 10 -72.26
v 33.384 10 -72.325
v 33.717 10 -72.068
v 33.573 10 -72.181
v 34.298 10 -71.613
v 34.906 10 -71.132
v 34.51 10 -71.45
v 35.551 10 -70.567
v 35.257 10 -70.834
v 35.919 10 -70.17
v 35.776 10 -70.343
v 35.975 10 -70.033
v 35.97 10 -70.06
v 36.06 10 -69.973
v 36.169 10 -69.927
v 36.09 10 -69.97
v 36.353 10 -69.634
v 36.259 10 -69.809
v 36.516 10 -69.177
v 36.441 10 -69.417
v 36.89 10 -68.42
v 36.948 10 -68.481
v 36.915 10 -68.451
v 37.032 10 -68.539
v 36.987 10 -68.511
v 37.13 10 -68.58
v 37.08 10 -68.562
v 37.334 10 -68.785
v 37.367 10 -68.885
v 37.35 10 -68.84
v 37.415 10 -68.97
v 37.389 10 -68.93
v 37.476 10 -69.028
v 37.444 10 -69.004
v 37.723 10 -69.214
v 71.26 10 -69.828
v 40.484 10 -72.074
v 43.275 10 -74.464
v 43.546 10 -74.701
v 45.47 10 -76.17
v 46.071 10 -76.521
v 46.62 10 -74.99
v 44.5 10 -72.28
v 44.25 10 -70.71
v 44.356 10 -70.832
v 70.895 10 -70.459
v 70.516 10 -71.05
v 69.259 10 -71.28
v 69.204 10 -71.227
v 44.724 10 -71.354
v 45.559 10 -72.524
v 46.25 10 -73.46
v 46.525 10 -73.796
v 46.88 10 -74.262
v 47.88 10 -75.15
v 49.52 10 -77.67
v 50.629 10 -79.998
v 52.718 10 -80.026
v 53.722 10 -81.686
v 53.828 10 -81.823
v 55.534 10 -81.451
v 57.4 10 -82.37
v 57.092 10 -80.001
v 56.249 10 -77.611
v 55.59 10 -74.92
v 55.758 10 -73.398
v 56.494 10 -73.366
v 57.428 10 -74.065
v 57.996 10 -74.461
v 60.01 10 -75.8
v 61.71 10 -76.73
v 62.894 10 -77.418
v 67.09 10 -79.81
v 67.954 10 -80.282
v 68.726 10 -80.676
v 69.69 10 -81.3
v 71.417 10 -83.184
v 73.612 10 -85.591
v 74.356 10 -85.868
v 76.952 10 -85.86
v 79.461 10 -83.375
v 83.634 10 -76.893
v 83.948 10 -76.215
v 85.605 10 -71.528
v 86.07 10 -70.01
v 86.83 10 -67.53
v 87.16 10 -62.15
v 89.08 10 -59.1
v 89.218 10 -58.396
v 89.852 10 -56.131
v 90.921 10 -50.396
v 94.713 10 -48.136
v 91.62 10 -38.97
v 91.727 10 -30.851
v 91.867 10 -30.503
v 91.984 10 -28.111
v 92.784 10 -26.498
v 93.93 10 -23.47
v 94.19 10 -23.058
v 95.16 10 -21.33
v 95.87 10 -20.431
v 98.91 10 -17.137
v 90.49 10 -14.64
v 80.86 10 -14.8
v 74.917 10 -14.239
v 67.962 10 -16.442
v 65.29 10 -15.91
v 63.644 10 -17.685
v 66.267 10 -20.83
v 67.96 10 -22.679
v 68.93 10 -26.04
v 67.66 10 -27.58
v 65.52 10 -29.69
v 64.267 10 -30.848
v 58.752 10 -38.628
v 58.647 10 -38.835
v 58.31 10 -42.16
v 58.08 10 -43.532
v 56.91 10 -46.03
v 56.225 10 -47.278
v 55.747 10 -48.123
v 55.26 10 -48.79
v 54.18 10 -50.52
v 53.416 10 -51.481
v 52.666 10 -51.884
v 52 10 -52.253
v 49.689 10 -53.03
v 48.237 10 -53.21
v 49.14 10 -40.4
v 49.809 10 -40.067
v 49.96 10 -41.82
v 53.905 10 -43.104
v 55.657 10 -42.753
v 54.171 10 -37.346
v 51.91 10 -35.34
v 50.916 10 -28.612
v 50.09 10 -27.96
v 48.87 10 -26.785
v 45.235 10 -24.807
v 39.83 10 -22.45
v 39.56 10 -22.058
v 36.224 10 -17.472
v 34.37 10 -16.85
v 27.334 10 -15.308
v 23.24 10 -15.57
v 22.738 10 -15.721
v 21.894 10 -15.053
v 22.958 10 -18.322
v 23.952 10 -22.162
v 22.985 10 -21.796
v 23.279 10 -22.192
v 28.95 10 -30.27
v 28.65 10 -30.759
v 28.06 10 -31.72
v 27.49 10 -32.65
v 27.05 10 -33.327
v 25.502 10 -35.487
v 41.099 10 -36.253
v 41.447 10 -36.316
v 45.128 10 -38.975
v 45.338 10 -41.851
v 44.322 10 -42.322
v 42.51 10 -40.38
v 41.739 10 -39.518
v 40.326 10 -37.909
v 39.06 10 -36.409
v 19.538 10 -35.886
v 17.07 10 -32.032
v 14.96 10 -31.17
v 11.914 10 -30.053
v 11.44 10 -29.85
v 11.16 10 -29.769
v 7.863 10 -27.603
v 6.93 10 -26.08
v 6.688 10 -25.681
v 4.329 10 -30.227
v 3.942 10 -29.123
v 3.576 10 -27.859
v 2.624 10 -31.369
v 5.8 10 -37.96
v 5.929 10 -38.432
v 6.209 10 -41.952
v 37.11 10 -42.36
v 38.169 10 -42.238
v 42.313 10 -43.878
v 42.053 10 -47.893
v 40.354 10 -46.557
v 38.639 10 -45.521
v 37.864 10 -45.133
v 36.103 10 -44.273
v 32.972 10 -43.615
v 32.598 10 -43.123
v 6.6 10 -44.56
v 35.893 10 -46.637
v 35.014 10 -47.257
v 33.93 10 -45.87
v 32.97 10 -44.98
v 32.325 10 -44.88
v 16.27 10 -45.01
v 4.467 10 -43.542
v 3.642 10 -42.731
v 1.534 10 -40.037
v 0.847 10 -39.108
v 0.54 10 -40.24
v 1.12 10 -41.87
v 3.656 10 -46.413
v 4.336 10 -47.23
v 6.382 10 -49.027
v 15.063 10 -51.407
v 15.18 10 -50.888
v 19.41 10 -47.94
v 19.901 10 -47.562
v 21.69 10 -46.18
v 22.619 10 -46.449
v 23.721 10 -49.12
v 24.093 10 -50.08
v 26.399 10 -55.658
v 28.891 10 -56.918
v 30.132 10 -58.626
v 30.619 10 -59.547
v 32.101 10 -62.05
v 55.96 10 -62.56
v 56.193 10 -62.446
v 58.898 10 -59.45
v 59.308 10 -58.912
v 60.832 10 -51.702
v 61.542 10 -50.22
v 61.845 10 -49.507
v 62.098 10 -48.895
v 62.71 10 -47.7
v 64.168 10 -44.565
v 64.485 10 -43.702
v 64.679 10 -43.095
v 65.075 10 -41.96
v 66.559 10 -40.589
v 67.529 10 -40.028
v 69.11 10 -38.913
v 69.301 10 -38.74
v 70.219 10 -37.34
v 71.47 10 -37.48
v 71.815 10 -37.387
v 73.05 10 -36.82
v 73.357 10 -36.637
v 75.38 10 -35.6
v 76.644 10 -34.939
v 81.229 10 -33
v 81.21 10 -34.59
v 81.168 10 -34.93
v 81.884 10 -40.463
v 81.59 10 -43.33
v 82.082 10 -49.526
v 81.707 10 -50.125
v 79.794 10 -50.459
v 79.66 10 -50.549
v 78.515 10 -51.734
v 78.119 10 -52.517
v 79.09 10 -58.134
v 78.884 10 -60.75
v 78.04 10 -61.026
v 75.52 10 -62.56
v 75.133 10 -63.435
v 74.849 10 -64.05
v 73.64 10 -65.64
v 71.76 10 -66.57
v 67.988 10 -68.066
v 63.997 10 -68.283
v 61.43 10 -66.39
v 60.12 10 -65.45
v 56.59 10 -63.32
v 56.035 10 -62.925
v 31.635 10 -63.936
v 29.091 10 -63.846
v 26.455 10 -66.524
v 24.62 10 -67.525
v 23.5 10 -66.9
v 22.963 10 -66.567
v 19.73 10 -64.66
v 18.84 10 -62.615
v 16.84 10 -58.76
v 16.07 10 -53.82
v 15.072 10 -51.993
v 6.155 10 -52.455
v 8.265 10 -53.933
v 8.362 10 -55.263
v 8.05 10 -56.78
v 8.251 10 -57.941
v 21.719 10 -67.889
v 23.101 10 -70.194
v 21.7 10 -69.78
v 20.299 10 -68.021
v 10.583 10 -73.65
v 12.222 10 -77.249
v 12.79 10 -77.895
v 14.898 10 -79.994
v 16.23 10 -80.9
v 19.747 10 -82.188
v 23.34 10 -78.86
v 23.796 10 -78.639
v 25.813 10 -77.751
v 26.014 10 -77.615
v 28.116 10 -76.245
v 28.627 10 -75.63
v 29.843 10 -74.778
v 32.318 10 -73.011
v 34.089 10 -71.776
v 36.032 10 -69.98
v 37.51 10 -69.04
v 71.28 10 -69.87
v 39.493 10 -71.078
v 41.252 10 -72.73
v 44.601 10 -75.536
v 45.595 10 -76.227
v 47.25 10 -75.902
v 47.126 10 -75.671
v 46.497 10 -74.857
v 45.117 10 -73.112
v 44.913 10 -72.879
v 44.413 10 -72.185
v 44.017 10 -71.717
v 69.75 10 -70.646
v 69.694 10 -71.77
v 45.883 10 -72.944
v 46.303 10 -73.499
v 49.217 10 -77.256
v 50.767 10 -80.623
v 51.262 10 -79.594
v 52.49 10 -80.29
v 53.404 10 -81.212
v 53.791 10 -81.77
v 57.06 10 -82.602
v 57.421 10 -82.311
v 57.54 10 -82.109
v 56.471 10 -78.665
v 56.206 10 -77.554
v 56.095 10 -77.374
v 55.762 10 -76.711
v 55.53 10 -74.712
v 55.565 10 -74.444
v 56.082 10 -73.1
v 56.617 10 -73.452
v 57.276 10 -73.957
v 59.274 10 -75.353
v 62.357 10 -77.1
v 63.104 10 -77.523
v 63.854 10 -77.892
v 63.916 10 -77.924
v 64.659 10 -78.376
v 66.12 10 -79.238
v 67.326 10 -79.928
v 70.149 10 -81.695
v 71.49 10 -83.207
v 71.576 10 -83.29
v 72.307 10 -84.422
v 72.386 10 -84.531
v 73.432 10 -85.525
v 77.063 10 -85.815
v 77.155 10 -85.78
v 78.001 10 -85.332
v 78.086 10 -85.275
v 78.576 10 -84.846
v 78.694 10 -84.68
v 78.967 10 -84.104
v 84.806 10 -74.074
v 85.315 10 -72.445
v 85.674 10 -71.217
v 86.162 10 -69.686
v 87.098 10 -66.61
v 88.924 10 -59.831
v 89.086 10 -58.998
v 90.119 10 -55.149
v 89.529 10 -51.59
v 90.383 10 -50.602
v 91.457 10 -50.084
v 92.831 10 -49.284
v 94.113 10 -48.541
v 91.484 10 -42.78
v 92.065 10 -28.015
v 92.676 10 -26.803
v 98.014 10 -17.885
v 99.303 10 -16.643
v 85.985 10 -14.39
v 76.208 10 -14.489
v 65.041 10 -15.818
v 63.088 10 -16.777
v 64.02 10 -18.145
v 63.453 10 -31.723
v 61.756 10 -33.61
v 59.377 10 -38.016
v 59.298 10 -38.311
v 57.375 10 -45.208
v 56.834 10 -46.201
v 56.569 10 -46.704
v 55.994 10 -47.661
v 55.703 10 -48.194
v 55.072 10 -49.142
v 54.75 10 -49.691
v 53.999 10 -50.832
v 48.31 10 -46.56
v 48.183 10 -44.806
v 49.511 10 -39.57
v 51.96 10 -44.14
v 52.282 10 -43.916
v 53.325 10 -43.173
v 55.406 10 -43.019
v 55.755 10 -42.676
v 56.699 10 -41.964
v 56.818 10 -41.853
v 56.732 10 -39.726
v 55.357 10 -38.394
v 51.058 10 -34.524
v 49.273 10 -32.541
v 49.117 10 -32.439
v 49.105 10 -31.017
v 50.862 10 -28.507
v 49.85 10 -27.939
v 49.23 10 -27.496
v 48.798 10 -26.674
v 46.634 10 -25.071
v 45.445 10 -24.832
v 40.134 10 -22.904
v 39.101 10 -20.532
v 29.55 10 -15.011
v 28.48 10 -15.409
v 28.33 10 -15.505
v 27.52 10 -15.342
v 23.291 10 -15.64
v 22.157 10 -15.305
v 21.697 10 -14.961
v 20.916 10 -15.768
v 22.38 10 -17.064
v 22.689 10 -17.421
v 22.806 10 -18.211
v 23.411 10 -18.714
v 25.003 10 -20.74
v 24.456 10 -23.79
v 25.483 10 -24.933
v 25.869 10 -25.348
v 26.57 10 -26.047
v 27.874 10 -27.224
v 28.157 10 -27.46
v 29.317 10 -29.766
v 28.896 10 -30.377
v 25.635 10 -35.299
v 25.342 10 -35.764
v 39.285 10 -36.069
v 40.18 10 -36.078
v 45.236 10 -40.524
v 39.162 10 -36.568
v 24.951 10 -36.39
v 23.984 10 -38.53
v 22.527 10 -38.164
v 17.991 10 -32.757
v 17.414 10 -32.169
v 16.159 10 -31.668
v 14.893 10 -31.158
v 14.237 10 -30.927
v 11.762 10 -29.986
v 11.383 10 -29.846
v 10.18 10 -29.763
v 8.866 10 -28.316
v 8.525 10 -28.065
v 7.7 10 -27.467
v 6.89 10 -26.029
v 5.824 10 -24.352
v 3.371 10 -26.899
v 2.498 10 -30.713
v 2.863 10 -32.274
v 3.544 10 -34.382
v 4.363 10 -36.46
v 4.373 10 -36.53
v 4.875 10 -37.324
v 5.115 10 -37.486
v 36.147 10 -41.999
v 37.21 10 -42.327
v 41.976 10 -43.423
v 42.587 10 -44.189
v 44.63 10 -47.88
v 34.346 10 -43.508
v 33.183 10 -43.651
v 32.623 10 -43.184
v 6.613 10 -43.85
v 34.188 10 -45.054
v 35.475 10 -46.153
v 33.663 10 -45.516
v 32.843 10 -45.01
v 32.489 10 -44.95
v 6.546 10 -44.939
v 5.534 10 -44.439
v 2.182 10 -40.978
v 0.393 10 -38.489
v 0.247 10 -39.262
v 0.611 10 -40.374
v 2.624 10 -44.946
v 3.485 10 -46.17
v 4.813 10 -47.823
v 6.196 10 -48.888
v 15.822 10 -50.068
v 18.528 10 -48.624
v 19.518 10 -47.828
v 22.439 10 -45.93
v 25.61 10 -53.842
v 25.783 10 -54.343
v 26.259 10 -55.382
v 26.814 10 -55.904
v 27.81 10 -56.434
v 27.934 10 -56.499
v 28.613 10 -56.805
v 29.572 10 -57.343
v 31.268 10 -60.8
v 31.99 10 -61.883
v 55.999 10 -62.53
v 57.616 10 -61.008
v 58.785 10 -59.573
v 60.83 10 -56.59
v 60.956 10 -56.385
v 60.83 10 -53.02
v 63.306 10 -46.45
v 64.055 10 -44.768
v 68.268 10 -39.518
v 70.238 10 -37.299
v 70.84 10 -37.393
v 71.487 10 -37.452
v 75.937 10 -35.336
v 76.544 10 -35.005
v 81.728 10 -39.231
v 81.499 10 -42.537
v 81.774 10 -43.68
v 82.159 10 -45.225
v 82.463 10 -47.84
v 81.732 10 -50.201
v 78.448 10 -51.819
v 78.148 10 -52.403
v 78.521 10 -57.084
v 78.964 10 -57.928
v 72.279 10 -66.374
v 71.721 10 -66.617
v 70.859 10 -67.106
v 68.506 10 -67.876
v 63.208 10 -67.669
v 60.477 10 -65.652
v 60.079 10 -65.444
v 59.954 10 -65.358
v 59.228 10 -64.774
v 59.092 10 -64.676
v 56.184 10 -63.074
v 28.735 10 -64.154
v 26.92 10 -65.995
v 26.755 10 -66.189
v 22.116 10 -66.216
v 21.043 10 -65.529
v 20.25 10 -65.058
v 18.466 10 -61.842
v 15.889 10 -53.77
v 15.42 10 -53.203
v 15.085 10 -52.141
v 7.243 10 -52.216
v 6.49 10 -51.906
v 6.09 10 -51.772
v 6.28 10 -52.512
v 8.257 10 -55.41
v 8.091 10 -56.948
v 21.262 10 -67.487
v 22.571 10 -68.649
v 22.313 10 -69.918
v 21.503 10 -69.776
v 20.485 10 -68.591
v 9.594 10 -68.394
v 9.95 10 -70.514
v 10.515 10 -73.354
v 10.893 10 -75.022
v 11.99 10 -76.93
v 13.155 10 -78.344
v 13.53 10 -78.688
v 13.617 10 -78.755
v 14.819 10 -79.908
v 15.436 10 -80.498
v 16.612 10 -81.151
v 18.136 10 -82.209
v 18.421 10 -82.261
v 19.563 10 -82.262
v 19.653 10 -82.225
v 21.46 10 -80.02
v 24.457 10 -78.407
v 25.488 10 -77.982
v 25.909 10 -77.686
v 31.522 10 -73.592
v 32.706 10 -72.739
v 33.893 10 -71.93
v 71.28 10 -69.648
v 71.315 10 -69.916
v 43.478 10 -74.627
v 45.969 10 -76.446
v 47.18 10 -75.776
v 46.193 10 -74.48
v 44.113 10 -71.835
v 43.84 10 -70.13
v 69.179 10 -71.068
v 69.394 10 -70.84
v 70.927 10 -70.437
v 70.584 10 -70.952
v 44.649 10 -71.232
v 45.527 10 -72.46
v 46.474 10 -73.707
v 46.868 10 -74.241
v 47.97 10 -75.093
v 48.167 10 -75.183
v 48.763 10 -76.522
v 50.677 10 -80.17
v 50.722 10 -80.379
v 51.684 10 -79.714
v 52.107 10 -80.395
v 52.475 10 -80.104
v 52.691 10 -79.957
v 53.756 10 -81.724
v 55.456 10 -81.399
v 55.49 10 -81.397
v 57.153 10 -80.118
v 56.127 10 -77.433
v 55.693 10 -73.265
v 57.394 10 -74.033
v 57.966 10 -74.436
v 58.621 10 -74.884
v 60.737 10 -76.176
v 64.857 10 -78.49
v 67.861 10 -80.219
v 68.688 10 -80.646
v 69.168 10 -80.948
v 72.345 10 -84.47
v 73.49 10 -85.542
v 73.551 10 -85.565
v 74.259 10 -85.83
v 79.236 10 -83.616
v 82.353 10 -79.546
v 83.577 10 -76.988
v 83.902 10 -76.26
v 84.279 10 -75.541
v 84.772 10 -74.159
v 85.8 10 -70.753
v 86.533 10 -68.376
v 86.828 10 -63.796
v 87.51 10 -61.346
v 88.899 10 -59.914
v 89.172 10 -58.559
v 89.749 10 -56.423
v 93.484 10 -48.876
v 94.669 10 -48.155
v 91.438 10 -42.815
v 91.699 10 -40.197
v 91.51 10 -31.446
v 91.819 10 -30.597
v 92.734 10 -26.577
v 93.119 10 -25.62
v 94.141 10 -23.111
v 94.702 10 -22.043
v 96.83 10 -19.353
v 97.045 10 -19.076
v 98.863 10 -17.157
v 99.207 10 -16.765
v 90.173 10 -14.637
v 89.366 10 -14.6
v 80.826 10 -14.858
v 78.867 10 -14.937
v 72.685 10 -14.774
v 72.209 10 -14.986
v 68.063 10 -16.469
v 66.541 10 -16.198
v 63.066 10 -16.69
v 63.079 10 -16.731
v 63.587 10 -17.593
v 64.007 10 -18.119
v 64.906 10 -19.229
v 66.201 10 -20.747
v 68.93 10 -23.81
v 68.105 10 -27.274
v 67.988 10 -27.376
v 66.969 10 -28.401
v 64.447 10 -30.7
v 62.072 10 -33.268
v 59.369 10 -38.179
v 58.694 10 -38.759
v 58.366 10 -42.343
v 57.435 10 -45.058
v 56.052 10 -47.576
v 52.857 10 -51.752
v 52.701 10 -51.865
v 52.066 10 -52.233
v 49.779 10 -53.067
v 48.222 10 -53.256
v 47.883 10 -49
v 49.147 10 -40.206
v 50.028 10 -41.611
v 53.822 10 -43.037
v 54.296 10 -37.474
v 52.303 10 -35.835
v 50.894 10 -28.589
v 50.876 10 -28.554
v 40.236 10 -23.053
v 39.305 10 -21.338
v 36.37 10 -17.518
v 35.063 10 -17.138
v 33.993 10 -16.473
v 27.421 10 -15.325
v 25.646 10 -15.131
v 22.86 10 -15.872
v 22.924 10 -18.289
v 24.331 10 -22.513
v 23.058 10 -21.88
v 23.209 10 -22.083
v 23.884 10 -23.038
v 29.646 10 -29.161
v 28.709 10 -30.68
v 28.341 10 -31.336
v 27.976 10 -32.017
v 27.146 10 -33.203
v 41.383 10 -36.294
v 45.153 10 -38.855
v 45.373 10 -41.642
v 44.479 10 -42.5
v 43.376 10 -41.384
v 41.82 10 -39.625
v 40.4 10 -38
v 39.31 10 -36.754
v 24.987 10 -36.325
v 23.98 10 -38.568
v 22.995 10 -38.346
v 20.634 10 -36.517
v 19.23 10 -35.811
v 17.196 10 -32.087
v 11.21 10 -29.795
v 6.74 10 -25.781
v 5.941 10 -24.536
v 4.369 10 -30.391
v 3.967 10 -29.219
v 3.592 10 -28.005
v 2.606 10 -31.222
v 3.507 10 -34.238
v 5.987 10 -38.311
v 35.609 10 -42
v 37.86 10 -42.253
v 44.523 10 -47.097
v 41.926 10 -47.793
v 41.674 10 -47.58
v 40.503 10 -46.681
v 38.72 10 -45.582
v 37.48 10 -44.905
v 36.564 10 -44.494
v 34.405 10 -43.546
v 32.707 10 -43.266
v 32.659 10 -43.231
v 6.587 10 -43.266
v 16.859 10 -43.923
v 35.911 10 -47.168
v 34.21 10 -46.286
v 33.724 10 -45.618
v 32.672 10 -44.997
v 6.495 10 -44.969
v 2.616 10 -41.52
v 1.615 10 -40.183
v 0.867 10 -39.14
v 0.447 10 -38.561
v 0.86 10 -41.121
v 1.283 10 -42.077
v 3.619 10 -46.346
v 4.276 10 -47.134
v 4.775 10 -47.779
v 6.34 10 -48.989
v 7.345 10 -50.029
v 15.461 10 -50.396
v 17.046 10 -49.266
v 19.814 10 -47.598
v 21.919 10 -45.97
v 22.789 10 -46.827
v 23.424 10 -48.414
v 23.704 10 -49.062
v 24.073 10 -50.004
v 24.42 10 -50.899
v 25.77 10 -54.294
v 26.368 10 -55.588
v 28.797 10 -56.872
v 30.469 10 -59.199
v 32.077 10 -62
v 56.054 10 -62.501
v 56.12 10 -62.472
v 58.852 10 -59.487
v 59.253 10 -58.976
v 60.839 10 -56.556
v 60.904 10 -56.45
v 60.753 10 -53.123
v 61.34 10 -50.588
v 61.49 10 -50.297
v 61.822 10 -49.546
v 62.052 10 -48.956
v 62.432 10 -48.245
v 62.775 10 -47.466
v 64.122 10 -44.629
v 64.462 10 -43.736
v 64.627 10 -43.207
v 65.043 10 -42.008
v 65.625 10 -41.085
v 66.498 10 -40.605
v 67.445 10 -40.053
v 69.244 10 -38.785
v 71.703 10 -37.397
v 72.663 10 -37.03
v 73.291 10 -36.657
v 75.516 10 -35.526
v 78.336 10 -34.186
v 78.436 10 -34.101
v 81.225 10 -32.923
v 81.467 10 -34.09
v 81.191 10 -34.862
v 81.905 10 -40.385
v 81.526 10 -42.409
v 81.757 10 -50.241
v 79.747 10 -50.494
v 79.701 10 -50.525
v 78.135 10 -52.465
v 78.486 10 -56.98
v 79.063 10 -58.079
v 79.341 10 -59.613
v 78.139 10 -61.063
v 75.875 10 -61.996
v 75.808 10 -62.114
v 75.234 10 -63.28
v 74.884 10 -63.992
v 74.11 10 -65.43
v 73.456 10 -65.8
v 71.516 10 -66.751
v 68.124 10 -68.024
v 63.28 10 -67.707
v 62.482 10 -67.123
v 61.78 10 -66.623
v 61.263 10 -66.304
v 60.546 10 -65.704
v 57.224 10 -63.948
v 56.374 10 -63.211
v 31.709 10 -63.993
v 28.958 10 -63.969
v 28.837 10 -64.074
v 26.872 10 -66.063
v 26.336 10 -66.706
v 24.688 10 -67.576
v 24.036 10 -67.281
v 23.029 10 -66.625
v 20.173 10 -65.029
v 18.974 10 -63.072
v 18.87 10 -62.745
v 18.507 10 -61.911
v 17.217 10 -60.803
v 16.789 10 -58.32
v 15.101 10 -52.263
v 6.217 10 -51.817
v 7.313 10 -53.133
v 8.193 10 -53.884
v 8.739 10 -54.812
v 8.304 10 -55.36
v 8.134 10 -57.161
v 8.216 10 -57.672
v 10.359 10 -62.555
v 21.639 10 -67.798
v 22.435 10 -69.966
v 22.349 10 -69.939
v 20.701 10 -69.104
v 10.572 10 -73.563
v 10.861 10 -74.902
v 12.091 10 -77.061
v 12.17 10 -77.17
v 12.761 10 -77.841
v 14.874 10 -79.955
v 15.356 10 -80.423
v 18.274 10 -82.234
v 23.433 10 -78.801
v 23.716 10 -78.663
v 24.411 10 -78.414
v 25.528 10 -77.949
v 27.829 10 -76.417
v 29.221 10 -75.22
v 29.678 10 -74.888
v 36.007 10 -69.993
v 36.837 10 -68.381
v 37.306 10 -68.733
v 71.31 10 -69.61
v 71.343 10 -69.943
v 39.123 10 -70.656
v 41.004 10 -72.505
v 43.408 10 -74.561
v 44.491 10 -75.445
v 46.278 10 -74.595
v 45.164 10 -73.183
v 44.941 10 -72.917
v 43.474 10 -71.065
v 69.34 10 -70.869
v 69.72 10 -70.651
v 70.956 10 -70.414
v 70.052 10 -71.77
v 45.336 10 -72.208
v 45.752 10 -72.784
v 45.841 10 -72.88
v 46.827 10 -74.214
v 48.73 10 -76.485
v 49.13 10 -77.114
v 49.179 10 -77.189
v 51.74 10 -79.73
v 52.041 10 -80.14
v 52.661 10 -79.895
v 53.359 10 -81.141
v 57.014 10 -82.616
v 57.494 10 -82.176
v 56.768 10 -79.52
v 56.521 10 -78.936
v 55.779 10 -76.874
v 55.52 10 -74.398
v 55.639 10 -73.147
v 56.533 10 -73.385
v 56.575 10 -73.414
v 57.796 10 -74.336
v 58.427 10 -74.743
v 58.571 10 -74.838
v 59.222 10 -75.316
v 61.841 10 -76.792
v 62.243 10 -77.023
v 63.024 10 -77.476
v 63.889 10 -77.906
v 64.768 10 -78.435
v 66.029 10 -79.177
v 67.72 10 -80.136
v 69.016 10 -80.872
v 69.823 10 -81.374
v 70.094 10 -81.607
v 74.096 10 -85.775
v 74.17 10 -85.799
v 78.037 10 -85.304
v 78.63 10 -84.766
v 79.062 10 -83.809
v 83.446 10 -77.246
v 83.514 10 -77.107
v 84.196 10 -75.837
v 84.737 10 -74.26
v 85.271 10 -72.557
v 86.076 10 -69.953
v 86.124 10 -69.786
v 86.871 10 -67.354
v 87.009 10 -66.881
v 87.201 10 -61.884
v 88.876 10 -59.992
v 89.485 10 -57.335
v 89.644 10 -56.751
v 90.082 10 -55.252
v 89.697 10 -51.143
v 91.017 10 -50.334
v 91.293 10 -50.176
v 92.73 10 -49.339
v 93.418 10 -48.903
v 94.059 10 -48.572
v 94.631 10 -48.181
v 91.576 10 -38.874
v 91.747 10 -30.776
v 91.779 10 -30.69
v 92.022 10 -28.043
v 93.046 10 -25.927
v 93.414 10 -24.708
v 94.088 10 -23.183
v 95.231 10 -21.207
v 95.676 10 -20.646
v 96.951 10 -19.19
v 98.81 10 -17.188
v 89.871 10 -14.63
v 89.598 10 -14.618
v 86.194 10 -14.412
v 76.784 10 -14.576
v 76.396 10 -14.524
v 72.625 10 -14.861
v 72.408 10 -14.959
v 67.087 10 -16.284
v 65.235 10 -15.904
v 65.106 10 -15.856
v 63.524 10 -17.5
v 64.832 10 -19.136
v 66.099 10 -20.626
v 67.874 10 -22.573
v 68.033 10 -27.349
v 65.228 10 -29.98
v 64.677 10 -30.497
v 62.545 10 -32.735
v 62.341 10 -32.97
v 58.729 10 -38.689
v 57.422 10 -45.109
v 57.401 10 -45.16
v 56.622 10 -46.619
v 55.722 10 -48.176
v 54.826 10 -49.576
v 52.799 10 -51.798
v 52.282 10 -52.119
v 50.162 10 -52.958
v 49.042 10 -53.087
v 48.217 10 -53.297
v 47.795 10 -49.213
v 49.156 10 -40.021
v 49.892 10 -40.194
v 50.067 10 -41.433
v 52.046 10 -44.072
v 52.211 10 -43.958
v 53.751 10 -42.986
v 55.348 10 -43.063
v 55.711 10 -42.695
v 56.76 10 -41.901
v 56.787 10 -39.839
v 54.402 10 -37.581
v 51.752 10 -35.243
v 51.298 10 -34.802
v 49.201 10 -32.496
v 48.894 10 -31.113
v 48.842 10 -26.753
v 48.818 10 -26.715
v 40.161 10 -22.952
v 39.161 10 -20.844
v 35.335 10 -17.224
v 34.273 10 -16.819
v 29.719 10 -15.041
v 26.33 10 -15.2
v 25.782 10 -15.155
v 23.339 10 -15.764
v 23.021 10 -16.039
v 22.206 10 -15.357
v 21.772 10 -15.001
v 20.584 10 -15.466
v 20.733 10 -15.598
v 22.711 10 -17.386
v 23.293 10 -18.57
v 23.391 10 -18.66
v 25.216 10 -22.876
v 24.706 10 -22.839
v 23.134 10 -21.978
v 23.724 10 -22.834
v 23.83 10 -22.961
v 24.427 10 -23.741
v 26.044 10 -25.559
v 26.356 10 -25.836
v 28.07 10 -27.383
v 29.366 10 -29.694
v 29.345 10 -29.731
v 28.771 10 -30.586
v 28.378 10 -31.3
v 27.421 10 -32.782
v 25.798 10 -35.082
v 25.67 10 -35.267
v 25.397 10 -35.687
v 41.204 10 -36.262
v 41.3 10 -36.276
v 45.173 10 -38.68
v 45.234 10 -40.44
v 45.228 10 -42.719
v 43.658 10 -41.656
v 42.298 10 -40.16
v 40.825 10 -38.46
v 39.505 10 -36.971
v 20.542 10 -36.704
v 19.41 10 -35.962
v 18.125 10 -32.95
v 18.058 10 -32.857
v 16.301 10 -31.725
v 16.206 10 -31.692
v 14.441 10 -31.006
v 11.806 10 -30.011
v 11.265 10 -29.817
v 10.214 10 -29.808
v 8.624 10 -28.147
v 6.844 10 -25.959
v 6.793 10 -25.875
v 6.073 10 -24.728
v 4.796 10 -29.129
v 4.096 10 -29.528
v 3.693 10 -28.385
v 3.469 10 -27.145
v 3.395 10 -26.975
v 2.541 10 -30.885
v 2.578 10 -31.058
v 2.852 10 -32.23
v 4.375 10 -36.498
v 4.999 10 -37.404
v 35.639 10 -41.952
v 36.094 10 -41.955
v 40.68 10 -42.06
v 41.909 10 -43.327
v 42.493 10 -44.074
v 44.78 10 -48.95
v 41.798 10 -47.688
v 40.686 10 -46.82
v 38.845 10 -45.659
v 37.902 10 -45.161
v 36.945 10 -44.673
v 16.204 10 -44.651
v 16.927 10 -43.774
v 34.044 10 -44.946
v 34.245 10 -46.342
v 6.412 10 -44.969
v 5.726 10 -44.603
v 2.468 10 -41.355
v 2.245 10 -41.075
v 1.699 10 -40.321
v 0.569 10 -38.706
v 0.204 10 -39.103
v 0.784 10 -40.854
v 2.523 10 -44.774
v 2.571 10 -44.851
v 3.56 10 -46.264
v 4.691 10 -47.711
v 6.278 10 -48.941
v 7.293 10 -49.725
v 15.13 10 -50.971
v 15.646 10 -50.194
v 16.936 10 -49.289
v 18.419 10 -48.704
v 21.022 10 -46.817
v 22.665 10 -46.533
v 23.382 10 -48.313
v 23.406 10 -48.364
v 23.959 10 -49.729
v 24.292 10 -50.632
v 25.405 10 -53.265
v 25.559 10 -53.658
v 26.32 10 -55.494
v 26.766 10 -55.876
v 27.87 10 -56.463
v 29.449 10 -57.169
v 29.548 10 -57.283
v 31.118 10 -60.568
v 31.21 10 -60.699
v 57.331 10 -61.331
v 59.148 10 -59.149
v 59.619 10 -58.517
v 60.669 10 -53.183
v 61.438 10 -50.388
v 61.966 10 -49.157
v 62.346 10 -48.445
v 62.394 10 -48.314
v 63.251 10 -46.554
v 63.275 10 -46.502
v 64.084 10 -44.697
v 64.55 10 -43.483
v 64.586 10 -43.313
v 65.42 10 -41.342
v 66.389 10 -40.655
v 66.44 10 -40.627
v 67.949 10 -39.772
v 68.165 10 -39.58
v 69.179 10 -38.844
v 70.662 10 -37.324
v 71.607 10 -37.411
v 73.1 10 -36.771
v 73.739 10 -36.494
v 75.802 10 -35.39
v 78.383 10 -34.146
v 81.419 10 -33.814
v 81.219 10 -34.65
v 81.209 10 -34.79
v 81.813 10 -39.333
v 81.573 10 -42.107
v 82.119 10 -44.836
v 82.048 10 -49.708
v 78.486 10 -51.778
v 78.505 10 -57.028
v 79.02 10 -58.009
v 78.226 10 -61.091
v 75.846 10 -62.055
v 75.495 10 -62.695
v 74.954 10 -63.81
v 74.195 10 -65.294
v 73.605 10 -65.689
v 72.405 10 -66.332
v 72.346 10 -66.356
v 71.595 10 -66.711
v 70.886 10 -67.104
v 68.3 10 -67.96
v 63.252 10 -67.698
v 63.228 10 -67.685
v 62.541 10 -67.173
v 61.854 10 -66.675
v 60.623 10 -65.758
v 59.994 10 -65.396
v 59.151 10 -64.723
v 32.393 10 -62.747
v 31.778 10 -64.039
v 26.816 10 -66.129
v 26.39 10 -66.636
v 24.769 10 -67.632
v 23.363 10 -66.832
v 23.121 10 -66.691
v 21.338 10 -65.742
v 21.144 10 -65.609
v 19.596 10 -64.575
v 18.915 10 -62.9
v 16.789 10 -58.721
v 15.12 10 -52.352
v 7.278 10 -52.234
v 6.352 10 -51.862
v 6.2 10 -52.468
v 6.242 10 -52.487
v 7.244 10 -53.057
v 8.108 10 -53.835
v 8.339 10 -55.31
v 8.176 10 -57.408
v 10.392 10 -62.688
v 21.21 10 -67.441
v 22.297 10 -68.442
v 22.469 10 -68.565
v 22.39 10 -69.955
v 20.92 10 -69.46
v 9.583 10 -68.279
v 9.874 10 -69.993
v 10.773 10 -74.615
v 10.821 10 -74.764
v 13.042 10 -78.214
v 13.126 10 -78.3
v 14.847 10 -79.926
v 15.213 10 -80.31
v 16.47 10 -81.031
v 24.305 10 -78.455
v 27.442 10 -76.66
v 29.359 10 -75.116
v 30.977 10 -73.974
v 31.383 10 -73.684
v 32.599 10 -72.806
v 35.988 10 -70.01
v 37.18 10 -68.606
v 71.366 10 -69.95
v 38.635 10 -70.131
v 40.786 10 -72.315
v 44.245 10 -75.285
v 45.724 10 -76.294
v 45.851 10 -76.369
v 45.333 10 -73.391
v 44.997 10 -72.969
v 44.317 10 -72.075
v 43.4 10 -70.98
v 43.8 10 -70.077
v 69.696 10 -70.664
v 70.716 10 -70.313
v 70.71 10 -70.71
v 69.775 10 -71.83
v 45.413 10 -72.297
v 45.478 10 -72.382
v 46.36 10 -73.556
v 46.417 10 -73.626
v 46.85 10 -74.225
v 48.749 10 -76.501
v 49.687 10 -77.85
v 53.245 10 -81.001
v 56.973 10 -82.634
v 57.453 10 -82.245
v 57.23 10 -80.245
v 56.165 10 -77.494
v 55.5 10 -74.546
v 57.342 10 -73.996
v 57.864 10 -74.371
v 57.921 10 -74.405
v 59.156 10 -75.277
v 60.199 10 -75.893
v 61.977 10 -76.864
v 62.114 10 -76.942
v 65.91 10 -79.109
v 67.539 10 -80.038
v 68.461 10 -80.542
v 69.072 10 -80.896
v 71.543 10 -83.241
v 78.946 10 -84.079
v 83.864 10 -76.311
v 85.172 10 -72.86
v 85.223 10 -72.698
v 86.095 10 -69.877
v 86.932 10 -67.133
v 89.105 10 -58.868
v 89.551 10 -57.07
v 90.036 10 -55.439
v 90.054 10 -55.351
v 91.144 10 -50.26
v 92.633 10 -49.396
v 94.017 10 -48.606
v 91.39 10 -42.86
v 91.71 10 -40.321
v 91.995 10 -28.075
v 93.061 10 -25.83
v 93.448 10 -24.599
v 94.39 10 -22.646
v 96.879 10 -19.284
v 97.799 10 -18.11
v 99.087 10 -16.954
v 99.134 10 -16.871
v 86.489 10 -14.43
v 76.591 10 -14.554
v 69.491 10 -15.883
v 66.923 10 -16.265
v 65.172 10 -15.885
v 63.967 10 -18.085
v 64.737 10 -19.028
v 65.966 10 -20.477
v 67.366 10 -22.026
v 67.571 10 -27.731
v 64.943 10 -30.254
v 63.762 10 -31.341
v 63.551 10 -31.616
v 56.758 10 -46.361
v 56.171 10 -47.38
v 56.112 10 -47.481
v 54.93 10 -49.399
v 53.836 10 -51.081
v 52.746 10 -51.836
v 52.21 10 -52.164
v 49.994 10 -53.033
v 49.874 10 -53.069
v 47.88 10 -51.34
v 49.167 10 -39.851
v 49.446 10 -39.464
v 52.131 10 -44.01
v 53.696 10 -42.952
v 55.287 10 -43.119
v 57.11 10 -40.26
v 56.868 10 -39.964
v 54.482 10 -37.662
v 51.539 10 -35.053
v 48.656 10 -31.244
v 46.74 10 -25.092
v 39.757 10 -22.372
v 39.229 10 -21.111
v 35.254 10 -17.205
v 34.079 10 -16.622
v 29.937 10 -15.059
v 22.388 10 -15.479
v 21.84 10 -15.033
v 22.43 10 -17.092
v 22.872 10 -18.251
v 23.353 10 -18.613
v 25.283 10 -23.011
v 23.776 10 -22.892
v 24.391 10 -23.693
v 25.801 10 -25.254
v 26.177 10 -25.669
v 27.974 10 -27.302
v 28.835 10 -30.484
v 28.054 10 -31.81
v 27.337 10 -32.923
v 25.754 10 -35.156
v 25.71 10 -35.219
v 25.444 10 -35.614
v 43.999 10 -36.646
v 45.187 10 -38.458
v 45.338 10 -40.945
v 45.23 10 -42.853
v 43.547 10 -41.556
v 42.107 10 -39.955
v 41.945 10 -39.774
v 25.016 10 -36.266
v 23.436 10 -38.506
v 20.459 10 -36.921
v 17.313 10 -32.134
v 16.255 10 -31.712
v 14.779 10 -31.124
v 11.858 10 -30.034
v 11.324 10 -29.835
v 8.74 10 -28.232
v 6.206 10 -24.909
v 4.778 10 -29.621
v 4.046 10 -29.427
v 3.651 10 -28.271
v 3.445 10 -27.101
v 3.42 10 -27.044
v 2.806 10 -32.125
v 3.46 10 -34.085
v 5.909 10 -38.021
v 6.003 10 -38.2
v 35.688 10 -41.923
v 36.029 10 -41.924
v 42.399 10 -43.968
v 40.87 10 -46.949
v 38.129 10 -45.259
v 37.25 10 -44.809
v 34.521 10 -43.594
v 34.464 10 -43.575
v 16.244 10 -44.433
v 16.978 10 -43.657
v 34.534 10 -45.265
v 33.86 10 -45.8
v 33.79 10 -45.714
v 16.347 10 -44.912
v 4.281 10 -43.39
v 1.86 10 -40.542
v 0.981 10 -39.242
v 0.507 10 -38.635
v 0.16 10 -38.955
v 1.169 10 -41.918
v 4.042 10 -46.859
v 4.734 10 -47.741
v 7.213 10 -49.509
v 16.851 10 -49.324
v 18.312 10 -48.79
v 19.622 10 -47.732
v 19.721 10 -47.655
v 22.722 10 -46.661
v 23.652 10 -48.938
v 23.681 10 -49
v 24.042 10 -49.916
v 25.486 10 -53.456
v 25.733 10 -54.216
v 25.753 10 -54.251
v 28.702 10 -56.834
v 30.234 10 -58.754
v 31.159 10 -60.62
v 32.039 10 -61.944
v 56.76 10 -62.06
v 57.087 10 -61.622
v 58.814 10 -59.529
v 59.644 10 -58.463
v 59.736 10 -58.304
v 60.864 10 -56.509
v 61.774 10 -49.71
v 61.801 10 -49.595
v 62.365 10 -48.381
v 62.715 10 -47.639
v 64.414 10 -43.933
v 64.441 10 -43.787
v 64.976 10 -42.214
v 65.475 10 -41.235
v 67.191 10 -40.217
v 67.36 10 -40.092
v 70.487 10 -37.264
v 72.543 10 -37.141
v 73.159 10 -36.726
v 73.813 10 -36.44
v 75.66 10 -35.454
v 76.609 10 -34.955
v 81.21 10 -32.834
v 81.219 10 -34.718
v 81.551 10 -42.263
v 82.411 10 -46.571
v 81.788 10 -50.249
v 79.403 10 -58.582
v 78.298 10 -61.11
v 75.429 10 -62.88
v 75.338 10 -63.085
v 74.18 10 -65.357
v 73.56 10 -65.733
v 70.911 10 -67.088
v 67.611 10 -68.285
v 62.618 10 -67.227
v 61.936 10 -66.727
v 61.392 10 -66.384
v 60.036 10 -65.425
v 57.71 10 -64.04
v 31.838 10 -64.07
v 26.43 10 -66.574
v 25.412 10 -67.904
v 24.859 10 -67.69
v 23.234 10 -66.761
v 21.244 10 -65.681
v 19.494 10 -64.5
v 19.376 10 -64.367
v 18.603 10 -62.039
v 18.554 10 -61.978
v 16.764 10 -58.62
v 16.765 10 -58.479
v 7.147 10 -52.991
v 8.014 10 -53.79
v 8.787 10 -54.195
v 10.425 10 -62.851
v 21.439 10 -67.624
v 21.563 10 -67.721
v 22.376 10 -68.495
v 21.033 10 -69.584
v 9.569 10 -68.183
v 9.807 10 -69.623
v 12.593 10 -77.658
v 12.716 10 -77.781
v 13.088 10 -78.256
v 15.28 10 -80.359
v 16.354 10 -80.946
v 24.36 10 -78.43
v 27.011 10 -76.94
v 29.514 10 -75.003
v 31.241 10 -73.781
v 32.494 10 -72.875
v 37.27 10 -68.684
v 40.61 10 -72.168
v 43.339 10 -74.506
v 44.376 10 -75.364
v 45.237 10 -73.277
v 44.215 10 -71.956
v 43.75 10 -70.02
v 70.979 10 -70.39
v 69.871 10 -71.85
v 45.797 10 -72.826
v 48.05 10 -75.081
v 51.956 10 -79.938
v 53.277 10 -81.032
v 56.676 10 -79.384
v 55.498 10 -74.436
v 58.505 10 -74.79
v 60.39 10 -75.99
v 62.953 10 -77.441
v 68.552 10 -80.577
v 69.124 10 -80.921
v 70.022 10 -81.526
v 78.93 10 -84.052
v 78.95 10 -83.94
v 83.816 10 -76.424
v 84.214 10 -75.752
v 89.93 10 -52.98
v 93.366 10 -48.931
v 91.343 10 -42.912
v 91.541 10 -38.618
v 92.699 10 -26.676
v 93.086 10 -25.726
v 94.032 10 -23.269
v 98.754 10 -17.226
v 72.54 10 -14.92
v 66.738 10 -16.236
v 63.456 10 -17.41
v 67.569 10 -22.237
v 67.401 10 -27.945
v 63.709 10 -31.42
v 59.343 10 -38.27
v 56.686 10 -46.502
v 55.737 10 -48.152
v 48.868 10 -53.191
v 48.219 10 -53.329
v 47.74 10 -49.483
v 49.181 10 -39.706
v 50.085 10 -41.259
v 53.447 10 -43.077
v 55.678 10 -42.721
v 56.975 10 -40.104
v 52.421 10 -35.961
v 48.429 10 -31.387
v 49.648 10 -27.886
v 46.87 10 -25.113
v 40.196 10 -23.003
v 34.174 10 -16.74
v 26.133 10 -15.191
v 25.948 10 -15.176
v 23.186 10 -16.188
v 24.322 10 -19.924
v 25.336 10 -23.129
v 25.035 10 -23.104
v 28.677 10 -27.849
v 28.406 10 -31.257
v 27.244 10 -33.066
v 25.479 10 -35.546
v 45.197 10 -38.199
v 45.224 10 -40.351
v 45.228 10 -42.966
v 44.688 10 -42.713
v 40.657 10 -38.283
v 40.513 10 -38.127
v 23.969 10 -38.6
v 23.774 10 -38.614
v 20.391 10 -37.15
v 10.856 10 -29.772
v 4.003 10 -29.323
v 2.833 10 -32.18
v 5.977 10 -38.102
v 37.373 10 -42.297
v 39.198 10 -45.846
v 38.038 10 -45.226
v 33.096 10 -43.684
v 33.023 10 -43.673
v 16.311 10 -44.207
v 17.006 10 -43.581
v 33.836 10 -44.805
v 1.781 10 -40.443
v 0.936 10 -39.21
v 0.697 10 -40.592
v 4.124 10 -46.943
v 4.204 10 -47.036
v 7.094 10 -49.361
v 21.066 10 -46.751
v 24.004 10 -49.823
v 24.336 10 -50.715
v 30.344 10 -58.94
v 59.171 10 -59.097
v 59.684 10 -58.39
v 61.386 10 -50.486
v 61.985 10 -49.09
v 62.014 10 -49.022
v 62.728 10 -47.577
v 64.425 10 -43.854
v 64.56 10 -43.406
v 64.991 10 -42.139
v 68.001 10 -39.71
v 68.075 10 -39.645
v 70.254 10 -37.263
v 70.348 10 -37.226
v 71.534 10 -37.43
v 73.915 10 -36.374
v 81.467 10 -33.937
v 81.872 10 -39.439
v 82.485 10 -46.828
v 78.35 10 -61.12
v 74.939 10 -63.868
v 73.51 10 -65.771
v 71.664 10 -66.665
v 61.35 10 -66.366
v 57.336 10 -64.027
v 24.954 10 -67.747
v 15.513 10 -53.42
v 21.495 10 -67.662
v 21.133 10 -69.672
v 10.549 10 -73.463
v 12.659 10 -77.719
v 13.579 10 -78.721
v 16.272 10 -80.9
v 31.103 10 -73.88
v 37.227 10 -68.641
v 44.97 10 -72.948
v 43.693 10 -69.96
v 70.683 10 -70.778
v 50.439 10 -79.237
v 51.854 10 -79.799
v 53.316 10 -81.08
v 56.591 10 -79.183
v 55.597 10 -73.052
v 78.917 10 -84.026
v 82.177 10 -79.937
v 84.243 10 -75.651
v 86.474 10 -68.594
v 86.5 10 -68.485
v 87.361 10 -61.501
v 90.188 10 -50.696
v 92.544 10 -49.451
v 91.3 10 -42.97
v 94.468 10 -22.463
v 98.696 10 -17.271
v 80.771 10 -14.903
v 69.34 10 -16.104
v 67.741 10 -22.423
v 68.072 10 -27.314
v 48.669 10 -53.281
v 47.81 10 -51.245
v 48.251 10 -46.387
v 49.195 10 -39.593
v 50.09 10 -41.06
v 53.548 10 -43.004
v 53.66 10 -42.94
v 49.342 10 -27.667
v 43.08 10 -24.62
v 39.691 10 -22.289
v 28.433 10 -15.466
v 23.379 10 -15.916
v 22.324 10 -15.446
v 22.263 10 -15.405
v 22.484 10 -17.129
v 24.399 10 -19.985
v 25.374 10 -23.222
v 25.277 10 -23.273
v 28.424 10 -31.21
v 28.038 10 -31.89
v 39.581 10 -36.049
v 44.249 10 -36.672
v 45.182 10 -40.182
v 45.22 10 -43.054
v 43.451 10 -41.464
v 25.034 10 -36.217
v 20.548 10 -37.748
v 10.797 10 -29.8
v 7.793 10 -27.563
v 37.592 10 -42.272
v 41.805 10 -43.2
v 39.007 10 -45.748
v 37.961 10 -45.193
v 16.4 10 -44
v 17.01 10 -43.55
v 34.29 10 -46.404
v 16.298 10 -44.984
v 0.897 10 -39.175
v 6.927 10 -49.265
v 21.109 10 -46.694
v 24.38 10 -50.805
v 59.206 10 -59.039
v 61.785 10 -49.65
v 62.749 10 -47.519
v 65.014 10 -42.069
v 67.275 10 -40.147
v 72.581 10 -37.097
v 74.041 10 -36.3
v 76.575 10 -34.978
v 79.787 10 -32.904
v 81.923 10 -40.284
v 74.915 10 -63.93
v 67.557 10 -68.339
v 61.306 10 -66.339
v 57.459 10 -64.072
v 31.886 10 -64.085
v 24.171 10 -67.326
v 22.527 10 -66.382
v 20.206 10 -65.045
v 15.74 10 -53.693
v 15.618 10 -53.58
v 7.317 10 -52.248
v 8.823 10 -54.646
v 23.255 10 -70.236
v 21.235 10 -69.729
v 25.572 10 -77.915
v 32.398 10 -72.944
v 46.381 10 -74.723
v 43.63 10 -69.9
v 70.64 10 -70.86
v 49.89 10 -78.147
v 50.293 10 -78.89
v 55.841 10 -77.055
v 55.57 10 -72.984
v 78.91 10 -84
v 82.254 10 -79.76
v 83.835 10 -76.367
v 85.738 10 -70.961
v 87.04 10 -64.12
v 89.134 10 -58.719
v 91.251 10 -43.089
v 91.47 10 -31.691
v 93.979 10 -23.367
v 95.499 10 -20.854
v 80.689 10 -14.936
v 79.136 10 -14.979
v 69.18 10 -16.27
v 63.99 10 -18.098
v 67.188 10 -28.183
v 63.638 10 -31.514
v 58.374 10 -42.567
v 48.476 10 -53.345
v 47.76 10 -51.139
v 48.207 10 -46.073
v 49.21 10 -39.52
v 50.077 10 -40.834
v 55.229 10 -43.184
v 55.213 10 -38.305
v 52.71 10 -36.12
v 48.251 10 -31.521
v 47.017 10 -25.131
v 42.484 10 -24.586
v 39.589 10 -22.128
v 22.701 10 -17.346
v 24.488 10 -20.063
v 25.393 10 -23.284
v 25.675 10 -25.119
v 28.011 10 -31.959
v 44.479 10 -36.699
v 45.2 10 -37.91
v 20.431 10 -37.728
v 20.346 10 -37.369
v 7.739 10 -27.518
v 3.618 10 -28.144
v 35.952 10 -41.906
v 44.22 10 -46.007
v 16.493 10 -43.85
v 16.921 10 -43.533
v 1.214 10 -41.97
v 1.253 10 -42.024
v 21.147 10 -46.649
v 60.588 10 -53.2
v 73.224 10 -36.688
v 80.063 10 -32.669
v 81.482 10 -34.024
v 81.935 10 -40.165
v 81.828 10 -50.228
v 78.468 10 -61.095
v 67.482 10 -68.396
v 32.351 10 -63.135
v 31.92 10 -64.08
v 25.05 10 -67.8
v 22.43 10 -66.359
v 17.439 10 -61.38
v 7.359 10 -52.257
v 21.353 10 -69.761
v 21.488 10 -79.972
v 28.467 10 -75.824
v 43.545 10 -69.831
v 48.116 10 -75.111
v 50.101 10 -78.51
v 51.281 10 -80.88
v 52.47 10 -79.964
v 52.629 10 -79.843
v 55.805 10 -76.986
v 55.56 10 -72.95
v 68.629 10 -80.613
v 91.734 10 -40.393
v 94.577 10 -22.253
v 97.855 10 -18.043
v 80.572 10 -14.961
v 79.43 10 -15
v 69.003 10 -16.386
v 58.33 10 -42.836
v 47.726 10 -51.007
v 48.179 10 -45.67
v 50.034 10 -40.599
v 52.642 10 -36.12
v 48.281 10 -31.942
v 48.16 10 -31.62
v 42.037 10 -24.532
v 23.404 10 -16.073
v 24.586 10 -20.152
v 44.678 10 -36.724
v 45.206 10 -40.264
v 20.33 10 -37.56
v 19.314 10 -35.942
v 14.625 10 -31.073
v 44.263 10 -49.636
v 16.598 10 -43.723
v 32.219 10 -44.572
v 15.074 10 -51.219
v 26.656 10 -55.833
v 29.519 10 -57.232
v 60.517 10 -53.173
v 70.268 10 -37.236
v 70.28 10 -37.22
v 81.91 10 -39.56
v 81.941 10 -40.035
v 81.88 10 -50.18
v 78.593 10 -61.036
v 67.393 10 -68.455
v 64.22 10 -68.45
v 57.586 10 -64.077
v 24.117 10 -67.316
v 22.326 10 -66.322
v 7.4 10 -52.26
v 8.861 10 -54.47
v 23.75 10 -69.443
v 71.37 10 -69.556
v 43.47 10 -69.783
v 51.257 10 -80.754
v 52.476 10 -79.866
v 52.595 10 -79.804
v 57.317 10 -80.376
v 69.933 10 -81.449
v 91.214 10 -43.286
v 93.489 10 -24.482
v 80.414 10 -14.978
v 68.18 10 -16.488
v 48.17 10 -45.23
v 49.97 10 -40.379
v 52.54 10 -36.062
v 49.48 10 -27.796
v 39.634 10 -22.206
v 35.161 10 -17.176
v 23.41 10 -16.209
v 23.321 10 -16.286
v 25.39 10 -23.31
v 28.888 10 -28.027
v 45.2 10 -36.84
v 20.337 10 -37.637
v 10.726 10 -29.821
v 10.27 10 -29.834
v 16.709 10 -43.625
v 32.271 10 -44.429
v 15.095 10 -51.077
v 26.713 10 -55.852
v 29.486 10 -57.194
v 72.621 10 -37.059
v 80.313 10 -32.478
v 81.931 10 -39.71
v 81.924 10 -44.054
v 81.925 10 -50.114
v 67.294 10 -68.511
v 24.071 10 -67.3
v 22.22 10 -66.274
v 17.316 10 -61.189
v 7.452 10 -52.251
v 8.85 10 -54.31
v 21.567 10 -79.9
v 23.626 10 -78.7
v 28.589 10 -75.657
v 71.419 10 -69.548
v 43.401 10 -69.755
v 52.56 10 -79.78
v 60.572 10 -76.086
v 87.263 10 -61.674
v 89.991 10 -50.831
v 97.928 10 -17.966
v 79.777 10 -15.003
v 53.621 10 -42.957
v 41.699 10 -24.444
v 36.64 10 -17.585
v 28.384 10 -15.497
v 23.39 10 -16.3
v 24.69 10 -20.25
v 20.366 10 -37.692
v 10.353 10 -29.847
v 35.86 10 -41.9
v 16.819 10 -43.56
v 32.33 10 -44.292
v 35.107 10 -47.351
v 2.342 10 -41.204
v 56.893 10 -61.869
v 65.541 10 -41.151
v 82.04 10 -44.443
v 67.19 10 -68.56
v 21.69 10 -79.811
v 23.53 10 -78.747
v 36.57 10 -68.93
v 43.337 10 -69.747
v 51.236 10 -80.6
v 52.493 10 -79.806
v 89.749 10 -52.782
v 89.819 10 -50.987
v 80.21 10 -14.99
v 68.307 10 -16.498
v 36.511 10 -17.556
v 22.538 10 -17.172
v 24.802 10 -20.377
v 44.904 10 -42.916
v 10.646 10 -29.837
v 4.747 10 -30.094
v 4.429 10 -30.565
v 44.358 10 -49.693
v 32.389 10 -44.178
v 35.182 10 -47.399
v 22.106 10 -45.84
v 80.531 10 -32.335
v 81.94 10 -39.9
v 81.969 10 -50.009
v 78.713 10 -60.952
v 64.466 10 -68.563
v 20.243 10 -66.958
v 23.386 10 -70.235
v 21.85 10 -79.71
v 36.615 10 -68.74
v 43.254 10 -70.783
v 69.21 10 -71
v 51.217 10 -80.426
v 52.521 10 -79.778
v 86.944 10 -64.066
v 91.188 10 -43.594
v 68.438 10 -16.499
v 55.08 10 -38.216
v 48.152 10 -31.701
v 24.89 10 -20.488
v 45.373 10 -41.135
v 45.086 10 -43.07
v 10.47 10 -29.85
v 4.498 10 -30.722
v 32.441 10 -44.099
v 15.528 10 -50.302
v 60.468 10 -53.103
v 82.01 10 -49.871
v 64.77 10 -68.634
v 19.421 10 -64.431
v 7.487 10 -52.222
v 20.307 10 -66.981
v 23.499 10 -70.191
v 36.666 10 -68.584
v 43.149 10 -70.549
v 69.245 10 -70.951
v 86.875 10 -63.988
v 89.621 10 -52.626
v 91.208 10 -47.901
v 91.514 10 -38.165
v 95.347 10 -21.044
v 68.57 10 -16.49
v 58.233 10 -43.156
v 54.966 10 -38.132
v 48.173 10 -31.788
v 24.99 10 -20.669
v 45.385 10 -41.385
v 45.19 10 -43.13
v 10.559 10 -29.847
v 4.565 10 -30.836
v 32.48 10 -44.07
v 3.833 10 -42.95
v 22.364 10 -45.82
v 60.45 10 -52.99
v 79.464 10 -58.784
v 74.152 10 -65.401
v 32.25 10 -63.533
v 20.397 10 -67.018
v 28.507 10 -75.756
v 36.722 10 -68.469
v 43.088 10 -70.306
v 69.29 10 -70.907
v 51.2 10 -80.24
v 86.836 10 -63.895
v 89.537 10 -52.493
v 91.173 10 -47.625
v 91.493 10 -37.475
v 68.802 10 -16.457
v 49.379 10 -39.403
v 48.217 10 -31.871
v 24.952 10 -20.585
v 29.676 10 -29.095
v 4.62 10 -30.88
v 60.47 10 -52.797
v 80.712 10 -32.244
v 79.474 10 -59.028
v 78.814 10 -60.854
v 32.102 10 -63.872
v 7.513 10 -52.075
v 7.508 10 -52.165
v 20.51 10 -67.066
v 23.595 10 -70.103
v 28.549 10 -75.7
v 36.78 10 -68.399
v 43.075 10 -70.081
v 51.176 10 -79.953
v 51.204 10 -79.599
v 55.953 10 -73.027
v 89.489 10 -52.364
v 91.152 10 -47.149
v 91.475 10 -36.51
v 41.426 10 -24.304
v 29.139 10 -28.269
v 29.694 10 -29.032
v 32.515 10 -44.079
v 4.057 10 -43.181
v 60.524 10 -52.551
v 82.519 10 -47.143
v 79.432 10 -59.306
v 20.639 10 -67.124
v 23.68 10 -69.97
v 43.114 10 -69.9
v 51.166 10 -79.761
v 89.466 10 -52.223
v 91.169 10 -44.044
v 49.314 10 -39.39
v 29.386 10 -28.53
v 29.698 10 -28.976
v 4.709 10 -30.496
v 32.577 10 -44.103
v 22.254 10 -45.79
v 60.607 10 -52.272
v 20.78 10 -67.19
v 23.765 10 -69.787
v 43.21 10 -69.79
v 51.174 10 -79.649
v 91.145 10 -46.448
v 91.46 10 -35.23
v 41.177 10 -24.098
v 29.584 10 -28.765
v 29.69 10 -28.93
v 4.665 10 -30.775
v 32.662 10 -44.141
v 60.712 10 -51.983
v 65.166 10 -68.675
v 23.806 10 -69.643
v 43.274 10 -69.759
v 89.46 10 -52.05
v 89.509 10 -51.647
v 91.445 10 -33.815
v 49.257 10 -39.428
v 22.59 10 -17.22
v 39.899 10 -36.051
v 32.766 10 -44.19
v 5.9 10 -44.739
v 65.69 10 -68.7
v 70.839 10 -70.272
v 89.464 10 -51.932
v 91.15 10 -45.5
v 91.44 10 -32.803
v 6.054 10 -44.844
v 66.094 10 -68.71
v 23.802 10 -69.531
v 70.928 10 -70.263
v 89.474 10 -51.823
v 91.157 10 -44.669
v 91.448 10 -32.119
v 22.661 10 -17.293
v 32.883 10 -44.247
v 6.186 10 -44.916
v 25.369 10 -67.919
v 89.49 10 -51.726
v 33.01 10 -44.31
v 6.29 10 -44.95
v 71.387 10 -69.937
v 23.93 10 -38.64
v 33.301 10 -44.476
v 70.982 10 -70.286
v 53.686 10 -51.27
v 47.711 10 -49.838
v 23.952 10 -38.625
v 33.583 10 -44.644
v 71 10 -70.34
v 55.596 10 -72.921
v 70.994 10 -70.365
v 44.835 10 -36.748
v 55.687 10 -72.93
v 44.94 10 -36.77
v 34.757 10 -45.433
v 25.198 10 -67.867
v 55.814 10 -72.967
v 35.76 10 -41.908
v 35.016 10 -45.664
v 25.301 10 -67.906
v 35.27 10 -45.917
v 35.257 10 -47.406
v 47.7 10 -50.3
v 20.911 10 -67.256
v 69.968 10 -71.83
v 47.699 10 -50.603
v 21.03 10 -67.322
v 47.707 10 -50.834
v 41.34 10 -42.71
v 35.95 10 -46.708
v 35.941 10 -47.155
v 21.131 10 -67.385
v 41.514 10 -42.884
v 35.995 10 -46.806
v 35.969 10 -47.139
v 71.407 10 -69.904
v 41.671 10 -43.05
v 36.023 10 -46.915
v 35.992 10 -47.12
v 71.43 10 -69.85
v 36.03 10 -47.019
v 36.01 10 -47.1
v 71.461 10 -69.738
v 71.468 10 -69.646
v 45.208 10 -43.11
v 71.452 10 -69.58
v 44.35 10 -46.245
v 44.436 10 -49.711
v 44.509 10 -49.69
v 66.41 10 -68.708
v 48.23 10 -53.35
v 44.587 10 -49.63
v 66.658 10 -68.694
v 44.44 10 -46.58
v 66.857 10 -68.665
v 67.027 10 -68.621
v 44.798 10 -49.091
v 44.803 10 -49.207
v 44.794 10 -49.304
v 44.77 10 -49.386
v 44.733 10 -49.46
v 44.68 10 -49.53
v 48.319 10 -53.372
v 52.138 10 -52.202
v 82.512 10 -47.489
v 53.547 10 -51.402
v 81.185 10 -32.737
v 81.151 10 -32.638
v 81.11 10 -32.54
v 81.064 10 -32.449
v 81.016 10 -32.368
v 80.969 10 -32.3
v 80.924 10 -32.249
v 80.85 10 -32.21
v 80.884 10 -32.218
f 1 2 3
f 2 4 3
f 5 6 7
f 8 5 9
f 10 8 11
f 12 13 14
f 15 12 16
f 17 15 18
f 19 20 21
f 22 19 23
f 24 22 25
f 26 27 28
f 29 26 30
f 31 29 32
f 33 34 35
f 36 33 37
f 38 36 39
f 40 38 41
f 42 40 43
f 44 42 45
f 46 44 47
f 48 46 49
f 50 51 52
f 53 50 54
f 55 53 56
f 57 55 58
f 59 60 61
f 62 59 63
f 64 62 65
f 66 67 68
f 69 66 70
f 71 69 72
f 73 71 74
f 75 76 77
f 78 75 79
f 80 78 81
f 82 83 84
f 85 82 86
f 87 85 88
f 89 90 91
f 92 89 93
f 94 95 96
f 97 94 98
f 99 97 100
f 101 102 103
f 104 105 106
f 107 104 108
f 109 107 110
f 111 109 112
f 113 114 115
f 116 113 117
f 118 116 119
f 120 118 121
f 122 123 124
f 125 122 126
f 127 125 128
f 129 130 131
f 132 129 133
f 134 132 135
f 136 137 138
f 139 136 140
f 141 139 142
f 103 143 101
f 144 145 146
f 147 144 148
f 149 147 150
f 151 152 153
f 154 151 155
f 156 154 157
f 158 159 160
f 161 158 162
f 163 161 164
f 165 166 167
f 168 165 169
f 170 168 171
f 172 173 174
f 175 172 176
f 177 175 178
f 179 177 180
f 181 179 182
f 183 181 184
f 185 186 187
f 188 185 189
f 190 188 191
f 192 190 193
f 194 195 196
f 197 194 198
f 199 197 200
f 201 199 202
f 203 204 205
f 206 203 207
f 208 206 209
f 210 211 212
f 213 210 214
f 215 213 216
f 217 218 219
f 220 217 221
f 222 220 223
f 224 222 225
f 226 224 227
f 228 226 229
f 230 228 231
f 232 233 234
f 235 232 236
f 237 238 239
f 240 237 241
f 242 240 243
f 244 242 245
f 246 244 247
f 248 246 249
f 250 251 252
f 253 250 254
f 255 253 256
f 257 258 259
f 260 257 261
f 262 260 263
f 264 265 266
f 267 264 268
f 269 267 270
f 271 269 272
f 273 274 275
f 276 273 277
f 278 276 279
f 280 278 281
f 282 283 284
f 285 282 286
f 287 285 288
f 289 290 291
f 292 289 293
f 294 292 295
f 296 294 297
f 298 296 299
f 300 298 301
f 302 300 303
f 304 305 306
f 307 304 308
f 309 307 310
f 311 312 313
f 314 311 315
f 316 314 317
f 318 319 320
f 321 318 322
f 323 321 324
f 325 326 327
f 328 325 329
f 330 328 331
f 332 333 334
f 335 332 336
f 337 335 338
f 339 337 340
f 341 339 342
f 343 341 344
f 345 343 346
f 347 345 348
f 349 347 350
f 351 352 353
f 354 351 355
f 356 354 357
f 358 359 360
f 361 358 362
f 363 361 364
f 365 363 366
f 367 368 369
f 370 367 371
f 372 370 373
f 374 375 376
f 377 374 378
f 379 377 380
f 381 382 383
f 384 381 385
f 386 384 387
f 388 386 389
f 390 391 392
f 393 390 394
f 395 393 396
f 397 398 399
f 400 397 401
f 402 400 403
f 404 405 406
f 407 404 408
f 409 407 410
f 411 412 413
f 414 411 415
f 416 414 417
f 418 416 419
f 420 421 422
f 423 420 424
f 425 423 426
f 427 425 428
f 429 430 431
f 432 429 433
f 434 432 435
f 436 434 437
f 438 439 440
f 441 438 442
f 443 441 444
f 445 446 447
f 448 445 449
f 450 448 451
f 452 453 454
f 455 452 456
f 457 455 458
f 459 460 461
f 462 459 463
f 464 462 465
f 466 467 468
f 469 466 470
f 471 469 472
f 473 474 475
f 476 473 477
f 478 476 479
f 480 478 481
f 482 483 484
f 485 482 486
f 487 485 488
f 489 487 490
f 491 492 493
f 494 491 495
f 496 494 497
f 498 499 500
f 501 498 502
f 503 501 504
f 505 503 506
f 507 508 509
f 510 507 511
f 512 510 513
f 514 512 515
f 516 517 518
f 519 516 520
f 521 519 522
f 523 521 524
f 525 526 527
f 528 525 529
f 530 528 531
f 532 530 533
f 534 535 536
f 537 534 538
f 539 537 540
f 541 539 542
f 543 544 545
f 546 543 547
f 548 546 549
f 550 548 551
f 552 553 554
f 555 552 556
f 557 555 558
f 559 560 561
f 562 559 563
f 564 562 565
f 566 567 568
f 569 566 570
f 571 569 572
f 573 571 574
f 575 576 577
f 578 575 579
f 580 578 581
f 582 580 583
f 584 585 586
f 587 584 588
f 589 587 590
f 591 592 593
f 594 591 595
f 596 594 597
f 598 599 600
f 601 598 602
f 603 601 604
f 605 603 606
f 607 608 609
f 610 607 611
f 612 610 613
f 614 615 616
f 617 614 618
f 619 617 620
f 621 619 622
f 623 621 624
f 625 623 626
f 627 628 629
f 630 627 631
f 632 630 633
f 634 635 636
f 637 634 638
f 639 637 640
f 641 639 642
f 643 644 645
f 646 643 647
f 648 646 649
f 650 651 652
f 653 650 654
f 655 653 656
f 657 658 659
f 660 657 661
f 662 660 663
f 664 665 666
f 667 664 668
f 669 667 670
f 671 669 672
f 673 671 674
f 675 673 676
f 677 678 679
f 680 677 681
f 682 680 683
f 684 685 686
f 687 684 688
f 689 687 690
f 691 692 693
f 694 691 695
f 696 694 697
f 698 699 700
f 701 698 702
f 703 701 704
f 705 703 706
f 707 708 709
f 710 707 711
f 712 710 713
f 714 712 715
f 716 717 718
f 719 716 720
f 721 719 722
f 723 721 724
f 725 726 727
f 728 725 729
f 730 728 731
f 732 730 733
f 734 732 735
f 736 734 737
f 738 736 739
f 740 738 741
f 742 740 743
f 744 742 745
f 746 747 748
f 749 746 750
f 751 749 752
f 753 751 754
f 755 753 756
f 757 755 758
f 759 757 760
f 761 759 762
f 763 761 764
f 765 763 766
f 767 768 769
f 770 767 771
f 772 770 773
f 774 775 776
f 777 774 778
f 779 777 780
f 781 782 783
f 784 781 785
f 786 784 787
f 788 786 789
f 790 788 791
f 792 790 793
f 794 795 796
f 797 794 798
f 799 797 800
f 801 799 802
f 803 804 805
f 806 803 807
f 808 806 809
f 810 811 812
f 813 810 814
f 815 813 816
f 817 815 818
f 819 820 821
f 822 819 823
f 824 822 825
f 826 827 828
f 829 826 830
f 831 829 832
f 833 834 835
f 836 833 837
f 838 836 839
f 840 841 842
f 843 840 844
f 845 843 846
f 847 848 849
f 850 847 851
f 852 850 853
f 854 852 855
f 856 857 858
f 859 856 860
f 861 859 862
f 863 864 865
f 866 863 867
f 868 866 869
f 870 871 872
f 873 870 874
f 875 873 876
f 877 875 878
f 879 877 880
f 881 879 882
f 883 881 884
f 885 883 886
f 887 885 888
f 889 887 890
f 891 892 893
f 894 891 895
f 896 894 897
f 898 896 899
f 900 901 902
f 903 900 904
f 905 903 906
f 907 905 908
f 909 907 910
f 911 909 912
f 913 911 914
f 915 913 916
f 917 915 918
f 919 920 921
f 922 919 923
f 924 922 925
f 926 924 927
f 928 929 930
f 931 928 932
f 933 931 934
f 935 936 937
f 938 935 939
f 940 938 941
f 942 940 943
f 944 942 945
f 946 947 948
f 949 946 950
f 951 949 952
f 953 951 954
f 955 956 957
f 958 955 959
f 960 958 961
f 962 963 964
f 965 962 966
f 967 965 968
f 969 970 971
f 972 969 973
f 974 972 975
f 976 974 977
f 978 976 979
f 980 978 981
f 982 980 983
f 984 982 985
f 986 984 987
f 988 986 989
f 990 991 992
f 993 990 994
f 995 993 996
f 997 995 998
f 999 1000 1001
f 1002 999 1003
f 1004 1002 1005
f 1006 1007 1008
f 1009 1006 1010
f 1011 1009 1012
f 1013 1011 1014
f 1015 1016 1017
f 1018 1015 1019
f 1020 1018 1021
f 1022 1020 1023
f 1024 1025 1026
f 1027 1024 1028
f 1029 1027 1030
f 1031 1032 1033
f 1034 1031 1035
f 1036 1034 1037
f 1038 1039 1040
f 1041 1038 1042
f 1043 1041 1044
f 1045 1046 1047
f 1048 1045 1049
f 1050 1048 1051
f 1052 1053 1054
f 1055 1052 1056
f 1057 1055 1058
f 1059 1060 1061
f 1062 1059 1063
f 1064 1062 1065
f 1066 1067 1068
f 1069 1066 1070
f 1071 1069 1072
f 1073 1074 1075
f 1076 1073 1077
f 1078 1076 1079
f 1080 1078 1081
f 1082 1083 1084
f 1085 1082 1086
f 1087 1085 1088
f 1089 1090 1091
f 1092 1089 1093
f 1094 1092 1095
f 1096 1094 1097
f 1098 1096 1099
f 1100 1098 1101
f 1102 1103 1104
f 1105 1102 1106
f 1107 1105 1108
f 1109 1110 1111
f 1112 1109 1113
f 1114 1112 1115
f 1116 1117 1118
f 1119 1116 1120
f 1121 1119 1122
f 1123 1124 1125
f 1126 1123 1127
f 1128 1126 1129
f 1130 1131 1132
f 1133 1130 1134
f 1135 1133 1136
f 1137 1138 1139
f 1140 1137 1141
f 1142 1140 1143
f 1144 1145 1146
f 1147 1144 1148
f 1149 1147 1150
f 1151 1152 1153
f 1154 1151 1155
f 1156 1154 1157
f 1158 1159 1160
f 1161 1158 1162
f 1163 1161 1164
f 1165 1166 1167
f 1168 1165 1169
f 1170 1168 1171
f 1172 1173 1174
f 1175 1172 1176
f 1177 1175 1178
f 1179 1180 1181
f 1182 1179 1183
f 1184 1182 1185
f 1186 1184 1187
f 1188 1186 1189
f 1190 1188 1191
f 1192 1193 1194
f 1195 1192 1196
f 1197 1195 1198
f 1199 1200 1201
f 1202 1199 1203
f 1204 1202 1205
f 1206 1207 1208
f 1209 1206 1210
f 1211 1209 1212
f 1213 1214 1215
f 1216 1213 1217
f 1218 1216 1219
f 1220 1218 1221
f 1222 1220 1223
f 1224 1222 1225
f 1226 1224 1227
f 1228 1226 1229
f 1230 1228 1231
f 1232 1233 1234
f 1235 1232 1236
f 1237 1235 1238
f 1239 1237 1240
f 1241 1242 1243
f 1244 1241 1245
f 1246 1244 1247
f 1248 1246 1249
f 1250 1251 1252
f 1253 1250 1254
f 1255 1253 1256
f 1257 1258 1259
f 1260 1257 1261
f 1262 1260 1263
f 1264 1262 1265
f 1266 1267 1268
f 1269 1266 1270
f 1271 1269 1272
f 1273 1271 1274
f 1275 1273 1276
f 1277 1275 1278
f 1279 1280 1281
f 1282 1279 1283
f 1284 1282 1285
f 1286 1284 1287
f 1288 1289 1290
f 1291 1288 1292
f 1293 1291 1294
f 1295 1296 1297
f 1298 1295 1299
f 1300 1298 1301
f 1302 1303 1304
f 1305 1302 1306
f 1307 1305 1308
f 1309 1310 1311
f 1312 1309 1313
f 1314 1312 1315
f 1316 1314 1317
f 1318 1319 1320
f 1321 1318 1322
f 1323 1321 1324
f 1325 1323 1326
f 1327 1328 1329
f 1330 1327 1331
f 1332 1330 1333
f 1334 1332 1335
f 1336 1334 1337
f 1338 1336 1339
f 1340 1338 1341
f 1342 1340 1343
f 1344 1342 1345
f 1346 1347 1348
f 1349 1346 1350
f 1351 1349 1352
f 1353 1354 1355
f 1356 1353 1357
f 1358 1356 1359
f 1360 1361 1362
f 1363 1360 1364
f 1365 1363 1366
f 1367 1365 1368
f 1369 1367 1370
f 1371 1369 1372
f 1373 1371 1374
f 1375 1376 1377
f 1378 1375 1379
f 1380 1378 1381
f 1382 1380 1383
f 1384 1385 1386
f 1387 1384 1388
f 1389 1387 1390
f 1391 1392 1393
f 1394 1391 1395
f 1396 1394 1397
f 1398 1399 1400
f 1401 1398 1402
f 1403 1401 1404
f 1405 1406 1407
f 1408 1405 1409
f 1410 1408 1411
f 1412 1413 1414
f 1415 1412 1416
f 1417 1415 1418
f 1419 1417 1420
f 1421 1419 1422
f 1423 1421 1424
f 1425 1423 1426
f 1427 1428 1429
f 1430 1427 1431
f 1432 1430 1433
f 1434 1435 1436
f 1437 1434 1438
f 1439 1437 1440
f 1441 1442 1443
f 1444 1441 1445
f 1446 1444 1447
f 1448 1446 1449
f 1450 1448 1451
f 1452 1450 1453
f 1454 1452 1455
f 1456 1454 1457
f 1458 1456 1459
f 1460 1458 1461
f 1462 1463 1464
f 1465 1462 1466
f 1467 1465 1468
f 1469 1467 1470
f 1471 1472 1473
f 1474 1471 1475
f 1476 1477 1478
f 1479 1480 1481
f 1482 1479 1483
f 1484 1482 1485
f 1486 1487 1488
f 1489 1486 1490
f 1491 1489 1492
f 1493 1491 1494
f 1495 1493 1496
f 1497 1495 1498
f 1499 1497 1500
f 1501 1499 1502
f 1503 1501 1504
f 1505 1506 1507
f 1508 1505 1509
f 1510 1508 1511
f 1512 1513 1514
f 1515 1512 1516
f 1517 1515 1518
f 1519 1520 1521
f 1522 1519 1523
f 1524 1522 1525
f 1526 1524 1527
f 1528 1526 1529
f 1530 1528 1531
f 1532 1530 1533
f 1534 1532 1535
f 1536 1534 1537
f 1538 1536 1539
f 1540 1538 1541
f 1542 1540 1543
f 1544 1542 1545
f 1546 1547 1548
f 1549 1546 1550
f 1551 1549 1552
f 1553 1551 1554
f 1555 1556 1557
f 1558 1555 1559
f 1560 1558 1561
f 1562 1560 1563
f 1564 1565 1566
f 1567 1564 1568
f 1569 1567 1570
f 1571 1572 1573
f 1574 1571 1575
f 1576 1574 1577
f 1578 1576 1579
f 1580 1578 1581
f 1582 1580 1583
f 1584 1582 1585
f 1586 1587 1588
f 1589 1586 1590
f 1591 1589 1592
f 1593 1591 1594
f 1595 1593 1596
f 1597 1595 1598
f 1599 1600 1601
f 1602 1599 1603
f 1604 1602 1605
f 1606 1604 1607
f 1608 1606 1609
f 1610 1608 1611
f 1612 1613 1614
f 1615 1612 1616
f 1617 1615 1618
f 1619 1620 1621
f 1622 1619 1623
f 1624 1622 1625
f 1626 1624 1627
f 1628 1629 1630
f 1631 1628 1632
f 1633 1631 1634
f 1635 1633 1636
f 1637 1638 1639
f 1640 1637 1641
f 1642 1640 1643
f 1644 1645 1646
f 1647 1644 1648
f 1649 1647 1650
f 1651 1649 1652
f 1653 1654 1655
f 1656 1653 1657
f 1658 1656 1659
f 1660 1661 1662
f 1663 1660 1664
f 1665 1663 1666
f 1667 1665 1668
f 1669 1670 1671
f 1672 1669 1673
f 1674 1672 1675
f 1676 1677 1678
f 1679 1676 1680
f 1681 1679 1682
f 1683 1684 1685
f 1686 1683 1687
f 1688 1686 1689
f 1690 1691 1692
f 1693 1690 1694
f 1695 1693 1696
f 1697 1698 1699
f 1700 1697 1701
f 1702 1700 1703
f 1704 1705 1706
f 1707 1704 1708
f 1709 1707 1710
f 1711 1712 1713
f 1714 1711 1715
f 1716 1714 1717
f 1718 1716 1719
f 1720 1721 1722
f 1723 1720 1724
f 1725 1723 1726
f 1727 1728 1729
f 1730 1727 1731
f 1732 1730 1733
f 1734 1735 1736
f 1737 1734 1738
f 1739 1737 1740
f 1741 1742 1743
f 1744 1741 1745
f 1746 1744 1747
f 1748 1749 1750
f 1751 1748 1752
f 1753 1751 1754
f 1755 1756 1757
f 1758 1755 1759
f 1760 1758 1761
f 1762 1763 1764
f 1765 1762 1766
f 1767 1765 1768
f 1769 1770 1771
f 1772 1769 1773
f 1774 1772 1775
f 1776 1777 1778
f 1779 1776 1780
f 1781 1779 1782
f 1716 1783 1719
f 1784 1785 1786
f 1787 1784 1788
f 1789 1787 1790
f 1791 1789 1792
f 1793 1794 1795
f 1796 1793 1797
f 1798 1796 1799
f 1800 1798 1801
f 1802 1803 1804
f 1805 1802 1806
f 1807 1805 1808
f 1809 1807 1810
f 1811 1809 1812
f 1813 1811 1814
f 1815 1813 1816
f 1817 1815 1818
f 1819 1817 1820
f 1821 1822 1823
f 1824 1821 1825
f 1826 1824 1827
f 1828 1826 1829
f 1830 1831 1832
f 1833 1830 1834
f 1835 1833 1836
f 1837 1835 1838
f 1839 1840 1841
f 1842 1839 1843
f 1844 1842 1845
f 1846 1847 1848
f 1849 1846 1850
f 1851 1849 1852
f 1853 1854 1855
f 1856 1853 1857
f 1858 1856 1859
f 1860 1861 1862
f 1863 1860 1864
f 1865 1863 1866
f 1867 1868 1869
f 1870 1867 1871
f 1872 1870 1873
f 1874 1875 1876
f 1877 1874 1878
f 1879 1877 1880
f 1881 1879 1882
f 1883 1884 1885
f 1886 1883 1887
f 1888 1886 1889
f 1890 1891 1892
f 1893 1890 1894
f 1895 1893 1896
f 1897 1898 1899
f 1900 1897 1901
f 1902 1900 1903
f 1904 1905 1906
f 1907 1904 1908
f 1909 1907 1910
f 1911 1909 1912
f 1913 1914 1915
f 1916 1913 1917
f 1918 1916 1919
f 1920 1921 1922
f 1923 1920 1924
f 1925 1923 1926
f 1927 1928 1929
f 1930 1927 1931
f 1932 1930 1933
f 1934 1935 1936
f 1937 1934 1938
f 1939 1937 1940
f 1941 1942 1943
f 1944 1941 1945
f 1946 1944 1947
f 1948 1946 1949
f 1950 1948 1951
f 1952 1950 1953
f 1954 1952 1955
f 1956 1954 1957
f 1958 1956 1959
f 1960 1958 1961
f 1962 1960 1963
f 1964 1962 1965
f 1966 1967 1968
f 1969 1966 1970
f 1971 1969 1972
f 1973 1974 1975
f 1976 1973 1977
f 1978 1976 1979
f 1980 1978 1981
f 1982 1983 1984
f 1985 1982 1986
f 1987 1985 1988
f 1989 1987 1990
f 1991 1992 1993
f 1994 1991 1995
f 1996 1994 1997
f 1998 1996 1999
f 2000 2001 2002
f 2003 2000 2004
f 2005 2003 2006
f 2007 2008 2009
f 2010 2007 2011
f 2012 2010 2013
f 2014 2012 2015
f 2016 2014 2017
f 2018 2016 2019
f 2020 2021 2022
f 2023 2024 2025
f 2026 2023 2027
f 2028 2026 2029
f 2030 2028 2031
f 2032 2033 2034
f 2035 2032 2036
f 2037 2035 2038
f 2039 2040 2041
f 2042 2039 2043
f 2044 2042 2045
f 2046 2047 2048
f 2049 2046 2050
f 2051 2049 2052
f 2053 2054 2055
f 2056 2053 2057
f 2058 2056 2059
f 2060 2058 2061
f 2062 2063 2064
f 2065 2062 2066
f 2067 2068 2069
f 2070 2067 2071
f 2072 2070 2073
f 2074 2075 2076
f 2077 2074 2078
f 2079 2077 2080
f 2081 2079 2082
f 2083 2084 2085
f 2086 2083 2087
f 2088 2086 2089
f 2090 2091 2092
f 2093 2090 2094
f 2095 2093 2096
f 2097 2098 2099
f 2100 2097 2101
f 2102 2100 2103
f 2104 2105 2106
f 2107 2104 2108
f 2109 2107 2110
f 2111 2112 2113
f 2114 2111 2115
f 2116 2114 2117
f 2118 2116 2119
f 2120 2121 2122
f 2123 2120 2124
f 2125 2123 2126
f 2022 2127 2020
f 2128 2129 2130
f 2131 2132 2133
f 2134 2135 2136
f 2137 2138 2139
f 2140 2137 2141
f 2142 2140 2143
f 2144 2145 2146
f 2147 2144 2148
f 2149 2147 2150
f 2151 2152 2153
f 2154 2151 2155
f 2156 2154 2157
f 2158 2156 2159
f 2160 2161 2162
f 2163 2164 2165
f 2166 2163 2167
f 2168 2166 2169
f 2170 2171 2172
f 2173 2170 2174
f 2175 2173 2176
f 2136 2177 2134
f 2130 2178 2128
f 2179 2180 2181
f 2182 2179 2183
f 2184 2182 2185
f 2186 2187 2188
f 2189 2186 2190
f 2191 2189 2192
f 2193 2194 2195
f 2196 2193 2197
f 2198 2196 2199
f 2200 2201 2202
f 2203 2200 2204
f 2205 2203 2206
f 2207 2208 2209
f 2210 2207 2211
f 2212 2210 2213
f 2214 2215 2216
f 2217 2214 2218
f 2219 2217 2220
f 2221 2219 2222
f 2223 2221 2224
f 2225 2223 2226
f 2227 2225 2228
f 2229 2230 2231
f 2232 2229 2233
f 2234 2232 2235
f 2236 2237 2238
f 2239 2236 2240
f 2241 2239 2242
f 2243 2244 2245
f 2246 2243 2247
f 2248 2246 2249
f 2250 2248 2251
f 2252 2253 2254
f 2255 2252 2256
f 2257 2255 2258
f 2259 2257 2260
f 2261 2262 2263
f 2264 2261 2265
f 2266 2264 2267
f 2268 2269 2270
f 2271 2268 2272
f 2273 2271 2274
f 2275 2276 2277
f 2278 2275 2279
f 2280 2278 2281
f 2282 2280 2283
f 2284 2285 2286
f 2287 2284 2288
f 2289 2287 2290
f 2291 2292 2293
f 2294 2291 2295
f 2296 2294 2297
f 2298 2299 2300
f 2301 2298 2302
f 2303 2301 2304
f 2305 2306 2307
f 2308 2305 2309
f 2310 2308 2311
f 2312 2310 2313
f 2314 2315 2316
f 2317 2314 2318
f 2319 2317 2320
f 2321 2319 2322
f 2323 2324 2325
f 2326 2323 2327
f 2328 2326 2329
f 2330 2331 2332
f 2333 2330 2334
f 2335 2333 2336
f 2337 2338 2339
f 2340 2337 2341
f 2342 2340 2343
f 2344 2345 2346
f 2347 2344 2348
f 2349 2347 2350
f 2351 2352 2353
f 2354 2351 2355
f 2356 2354 2357
f 2358 2356 2359
f 2360 2361 2362
f 2363 2360 2364
f 2365 2363 2366
f 2367 2365 2368
f 2369 2370 2371
f 2372 2369 2373
f 2374 2372 2375
f 2376 2377 2378
f 2379 2376 2380
f 2381 2379 2382
f 2383 2384 2385
f 2386 2383 2387
f 2388 2386 2389
f 2390 2388 2391
f 2392 2393 2394
f 2395 2392 2396
f 2397 2395 2398
f 2399 2400 2401
f 2402 2399 2403
f 2404 2402 2405
f 2406 2404 2407
f 2408 2409 2410
f 2411 2408 2412
f 2413 2411 2414
f 2415 2416 2417
f 2418 2415 2419
f 2420 2418 2421
f 2422 2420 2423
f 2424 2425 2426
f 2427 2424 2428
f 2429 2427 2430
f 2431 2429 2432
f 2433 2434 2435
f 2436 2433 2437
f 2438 2436 2439
f 2440 2441 2442
f 2443 2440 2444
f 2445 2443 2446
f 2447 2448 2449
f 2450 2447 2451
f 2452 2450 2453
f 2454 2455 2456
f 2457 2454 2458
f 2459 2457 2460
f 2461 2459 2462
f 2463 2464 2465
f 2466 2463 2467
f 2468 2466 2469
f 2470 2468 2471
f 2472 2473 2474
f 2475 2472 2476
f 2477 2475 2478
f 2479 2480 2481
f 2482 2479 2483
f 2484 2482 2485
f 2486 2484 2487
f 2488 2489 2490
f 2491 2488 2492
f 2493 2491 2494
f 2495 2496 2497
f 2498 2495 2499
f 2500 2498 2501
f 2502 2503 2504
f 2505 2502 2506
f 2507 2505 2508
f 2509 2510 2511
f 2512 2509 2513
f 2514 2515 2516
f 2517 2514 2518
f 2519 2517 2520
f 2521 2522 2523
f 2524 2521 2525
f 2526 2524 2527
f 2528 2526 2529
f 2530 2528 2531
f 2532 2530 2533
f 2534 2532 2535
f 2536 2534 2537
f 2538 2536 2539
f 2540 2538 2541
f 2542 2540 2543
f 2544 2542 2545
f 2546 2547 2548
f 2549 2546 2550
f 2551 2549 2552
f 2553 2554 2555
f 2556 2553 2557
f 2558 2556 2559
f 2560 2561 2562
f 2563 2560 2564
f 2565 2563 2566
f 2567 2568 2569
f 2570 2567 2571
f 2572 2570 2573
f 2574 2575 2576
f 2577 2574 2578
f 2579 2577 2580
f 2581 2582 2583
f 2584 2581 2585
f 2586 2584 2587
f 2588 2586 2589
f 2590 2591 2592
f 2593 2590 2594
f 2595 2593 2596
f 2597 2595 2598
f 2599 2600 2601
f 2602 2599 2603
f 2604 2602 2605
f 2606 2607 2608
f 2609 2606 2610
f 2611 2609 2612
f 2613 2614 2615
f 2616 2613 2617
f 2618 2616 2619
f 2620 2621 2622
f 2623 2620 2624
f 2625 2623 2626
f 2627 2628 2629
f 2630 2627 2631
f 2632 2630 2633
f 2634 2632 2635
f 2636 2637 2638
f 2639 2636 2640
f 2641 2639 2642
f 2643 2644 2645
f 2646 2643 2647
f 2648 2646 2649
f 2650 2651 2652
f 2653 2650 2654
f 2655 2653 2656
f 2657 2658 2659
f 2660 2657 2661
f 2662 2660 2663
f 2664 2662 2665
f 2666 2667 2668
f 2669 2666 2670
f 2671 2669 2672
f 2673 2674 2675
f 2676 2673 2677
f 2678 2676 2679
f 2680 2681 2682
f 2683 2680 2684
f 2685 2683 2686
f 2687 2688 2689
f 2690 2687 2691
f 2692 2690 2693
f 2694 2695 2696
f 2697 2694 2698
f 2699 2697 2700
f 2701 2702 2703
f 2704 2701 2705
f 2706 2704 2707
f 2708 2706 2709
f 2710 2711 2712
f 2713 2710 2714
f 2715 2713 2716
f 2717 2718 2719
f 2720 2717 2721
f 2722 2720 2723
f 2724 2722 2725
f 2726 2727 2728
f 2729 2726 2730
f 2731 2729 2732
f 2733 2734 2735
f 2736 2733 2737
f 2738 2736 2739
f 2740 2741 2742
f 2743 2740 2744
f 2745 2743 2746
f 2747 2745 2748
f 2749 2747 2750
f 2751 2749 2752
f 2753 2751 2754
f 2755 2753 2756
f 2757 2755 2758
f 2759 2760 2761
f 2762 2759 2763
f 2764 2762 2765
f 2766 2767 2768
f 2769 2766 2770
f 2771 2769 2772
f 2773 2774 2775
f 2776 2773 2777
f 2778 2776 2779
f 2780 2781 2782
f 2783 2780 2784
f 2785 2783 2786
f 2787 2788 2789
f 2790 2787 2791
f 2792 2790 2793
f 2794 2792 2795
f 2796 2797 2798
f 2799 2796 2800
f 2801 2799 2802
f 2803 2801 2804
f 2805 2806 2807
f 2808 2805 2809
f 2810 2808 2811
f 2812 2810 2813
f 2814 2815 2816
f 2817 2814 2818
f 2819 2817 2820
f 2821 2819 2822
f 2823 2821 2824
f 2825 2823 2826
f 2827 2825 2828
f 2829 2830 2831
f 2832 2829 2833
f 2834 2832 2835
f 2836 2834 2837
f 2838 2839 2840
f 2841 2838 2842
f 2843 2841 2844
f 2845 2846 2847
f 2848 2845 2849
f 2850 2848 2851
f 2852 2853 2854
f 2855 2852 2856
f 2857 2855 2858
f 2859 2857 2860
f 2861 2859 2862
f 2863 2861 2864
f 2865 2863 2866
f 2867 2868 2869
f 2870 2867 2871
f 2872 2870 2873
f 2874 2875 2876
f 2877 2874 2878
f 2879 2877 2880
f 2881 2882 2883
f 2884 2881 2885
f 2886 2884 2887
f 2888 2889 2890
f 2891 2888 2892
f 2893 2891 2894
f 2895 2896 2897
f 2898 2895 2899
f 2900 2898 2901
f 2902 2900 2903
f 2904 2905 2906
f 2907 2904 2908
f 2909 2907 2910
f 2911 2912 2913
f 2914 2911 2915
f 2916 2914 2917
f 2918 2916 2919
f 2920 2921 2922
f 2923 2920 2924
f 2925 2923 2926
f 2927 2925 2928
f 2929 2930 2931
f 2932 2929 2933
f 2934 2932 2935
f 2936 2937 2938
f 2939 2936 2940
f 2941 2939 2942
f 2943 2944 2945
f 2946 2943 2947
f 2948 2946 2949
f 2950 2948 2951
f 2952 2953 2954
f 2955 2952 2956
f 2957 2955 2958
f 2959 2957 2960
f 2961 2962 2963
f 2964 2961 2965
f 2966 2964 2967
f 2968 2969 2970
f 2971 2968 2972
f 2973 2971 2974
f 2975 2973 2976
f 2977 2978 2979
f 2980 2977 2981
f 2982 2980 2983
f 2984 2985 2986
f 2987 2984 2988
f 2989 2987 2990
f 2991 2989 2992
f 2993 2994 2995
f 2996 2993 2997
f 2998 2996 2999
f 3000 2998 3001
f 3002 3000 3003
f 3004 3002 3005
f 3006 3007 3008
f 3009 3006 3010
f 3011 3009 3012
f 2471 3013 2470
f 3014 3015 3016
f 3017 3014 3018
f 3019 3017 3020
f 3021 3019 3022
f 3023 3021 3024
f 3025 3023 3026
f 3027 3028 3029
f 3030 3027 3031
f 3032 3030 3033
f 3034 3032 3035
f 3036 3037 3038
f 3039 3036 3040
f 3041 3039 3042
f 3043 3044 3045
f 3046 3043 3047
f 3048 3046 3049
f 3050 3048 3051
f 3052 3053 3054
f 3055 3052 3056
f 3057 3055 3058
f 3059 3060 3061
f 3062 3059 3063
f 3064 3062 3065
f 3066 3067 3068
f 3069 3066 3070
f 3071 3069 3072
f 3073 3074 3075
f 3076 3073 3077
f 3078 3076 3079
f 3080 3081 3082
f 3083 3080 3084
f 3085 3083 3086
f 3087 3085 3088
f 3089 3090 3091
f 3092 3089 3093
f 3094 3092 3095
f 3096 3097 3098
f 3099 3096 3100
f 3101 3099 3102
f 3103 3101 3104
f 3105 3106 3107
f 3108 3105 3109
f 3110 3108 3111
f 3112 3113 3114
f 3115 3112 3116
f 3117 3115 3118
f 3119 3117 3120
f 3121 3122 3123
f 3124 3121 3125
f 3126 3124 3127
f 3128 3129 3130
f 3131 3128 3132
f 3133 3131 3134
f 3135 3133 3136
f 3137 3135 3138
f 3139 3137 3140
f 3141 3139 3142
f 3143 3141 3144
f 3145 3143 3146
f 3147 3148 3149
f 3150 3147 3151
f 3152 3150 3153
f 2297 3154 2296
f 3155 2297 3156
f 3157 3158 3159
f 3160 3157 3161
f 3162 3160 3163
f 3164 3162 3165
f 3166 3167 3168
f 3169 3166 3170
f 3171 3169 3172
f 3173 3171 3174
f 3175 3173 3176
f 3177 3175 3178
f 3179 3177 3180
f 3181 3179 3182
f 3183 3181 3184
f 3185 3186 3187
f 3188 3185 3189
f 3190 3188 3191
f 3192 3190 3193
f 3194 3195 3196
f 3197 3194 3198
f 3199 3197 3200
f 3201 3199 3202
f 3203 3204 3205
f 3206 3203 3207
f 3208 3206 3209
f 3210 3211 3212
f 3213 3210 3214
f 3215 3213 3216
f 3217 3218 3219
f 3220 3217 3221
f 3222 3220 3223
f 3224 3225 3226
f 3227 3224 3228
f 3229 3227 3230
f 3231 3229 3232
f 3233 3231 3234
f 3235 3233 3236
f 3237 3238 3239
f 3240 3237 3241
f 3242 3240 3243
f 3244 3242 3245
f 3246 3247 3248
f 3249 3246 3250
f 3251 3249 3252
f 3253 3251 3254
f 3255 3253 3256
f 3257 3255 3258
f 3259 3257 3260
f 3261 3262 3263
f 3264 3261 3265
f 3266 3264 3267
f 3268 3269 3270
f 3271 3268 3272
f 3273 3271 3274
f 3275 3276 3277
f 3278 3275 3279
f 3280 3278 3281
f 3282 3280 3283
f 3284 3285 3286
f 3287 3284 3288
f 3289 3287 3290
f 3291 3292 3293
f 3294 3291 3295
f 3296 3294 3297
f 3257 3298 3260
f 3299 3257 3300
f 3301 3299 3302
f 3303 3304 3305
f 3306 3303 3307
f 3308 3306 3309
f 3310 3308 3311
f 3312 3313 3314
f 3315 3312 3316
f 3317 3315 3318
f 3319 3317 3320
f 3321 3322 3323
f 3324 3321 3325
f 3326 3324 3327
f 3328 3329 3330
f 3331 3328 3332
f 3333 3331 3334
f 3335 3333 3336
f 3337 3338 3339
f 3340 3337 3341
f 3342 3340 3343
f 3344 3345 3346
f 3347 3344 3348
f 3349 3347 3350
f 3351 3352 3353
f 3354 3351 3355
f 3356 3354 3357
f 3358 3356 3359
f 3360 3361 3362
f 3363 3360 3364
f 3365 3363 3366
f 3367 3365 3368
f 3369 3370 3371
f 3372 3369 3373
f 3374 3372 3375
f 3376 3377 3378
f 3379 3376 3380
f 3381 3379 3382
f 3383 3384 3385
f 3386 3383 3387
f 3388 3386 3389
f 3390 3388 3391
f 3392 3393 3394
f 3395 3392 3396
f 3397 3395 3398
f 3399 3397 3400
f 3401 3402 3403
f 3404 3401 3405
f 3406 3404 3407
f 3408 3409 3410
f 3411 3408 3412
f 3413 3411 3414
f 3415 3416 3417
f 3418 3415 3419
f 3420 3418 3421
f 3422 3423 3424
f 3425 3422 3426
f 3427 3425 3428
f 3429 3427 3430
f 3431 3432 3433
f 3434 3435 3436
f 3437 3438 3439
f 3440 3437 3441
f 3442 3440 3443
f 3444 3445 3446
f 3447 3444 3448
f 3449 3447 3450
f 3451 3452 3453
f 3454 3451 3455
f 3456 3454 3457
f 3458 3459 3460
f 3461 3458 3462
f 3463 3461 3464
f 3465 3466 3467
f 3468 3465 3469
f 3470 3468 3471
f 3472 3470 3473
f 3474 3475 3476
f 3477 3474 3478
f 3479 3477 3480
f 3481 3479 3482
f 3483 3484 3485
f 3486 3483 3487
f 3488 3486 3489
f 3490 3491 3492
f 3493 3490 3494
f 3495 3493 3496
f 3497 3498 3499
f 3500 3497 3501
f 3502 3500 3503
f 1 3504 2
f 2 3505 4
f 8 6 5
f 3506 8 10
f 15 13 12
f 3507 15 17
f 19 3508 20
f 24 19 22
f 29 27 26
f 3509 29 31
f 33 3510 34
f 38 33 36
f 42 38 40
f 46 42 44
f 51 46 48
f 53 51 50
f 57 53 55
f 62 60 59
f 3511 62 64
f 69 67 66
f 73 69 71
f 78 76 75
f 85 83 82
f 3512 85 87
f 92 90 89
f 97 95 94
f 3513 97 99
f 101 3514 102
f 107 105 104
f 111 107 109
f 116 114 113
f 120 116 118
f 122 3515 123
f 127 122 125
f 129 3516 130
f 134 129 132
f 139 137 136
f 3517 139 141
f 103 3518 143
f 144 3519 145
f 149 144 147
f 151 3520 152
f 156 151 154
f 161 159 158
f 3521 161 163
f 165 3522 166
f 170 165 168
f 172 3523 173
f 177 172 175
f 181 177 179
f 3524 181 183
f 188 186 185
f 192 188 190
f 197 195 194
f 201 197 199
f 206 204 203
f 3525 206 208
f 213 211 210
f 3526 213 215
f 220 218 217
f 224 220 222
f 228 224 226
f 235 233 232
f 240 238 237
f 244 240 242
f 248 244 246
f 250 3527 251
f 255 250 253
f 260 258 257
f 3528 260 262
f 264 3529 265
f 269 264 267
f 273 3530 274
f 278 273 276
f 285 283 282
f 3531 285 287
f 292 290 289
f 296 292 294
f 300 296 298
f 304 3532 305
f 309 304 307
f 314 312 311
f 3533 314 316
f 321 319 318
f 328 326 325
f 3534 328 330
f 335 333 332
f 339 335 337
f 343 339 341
f 347 343 345
f 3535 347 349
f 354 352 351
f 3536 354 356
f 361 359 358
f 365 361 363
f 367 3537 368
f 372 367 370
f 374 3538 375
f 379 374 377
f 384 382 381
f 388 384 386
f 393 391 390
f 3539 393 395
f 400 398 397
f 3540 400 402
f 407 405 404
f 3541 407 409
f 414 412 411
f 418 414 416
f 423 421 420
f 427 423 425
f 432 430 429
f 436 432 434
f 441 439 438
f 3542 441 443
f 445 3543 446
f 450 445 448
f 452 3544 453
f 457 452 455
f 462 460 459
f 3545 462 464
f 469 467 466
f 3546 469 471
f 476 474 473
f 480 476 478
f 485 483 482
f 489 485 487
f 491 3547 492
f 496 491 494
f 498 3548 499
f 503 498 501
f 3549 503 505
f 510 508 507
f 514 510 512
f 519 517 516
f 523 519 521
f 528 526 525
f 532 528 530
f 534 3550 535
f 539 534 537
f 546 544 543
f 550 546 548
f 552 3551 553
f 557 552 555
f 559 3552 560
f 564 559 562
f 569 567 566
f 573 569 571
f 578 576 575
f 582 578 580
f 587 585 584
f 3553 587 589
f 594 592 591
f 3554 594 596
f 601 599 598
f 605 601 603
f 610 608 607
f 3555 610 612
f 617 615 614
f 621 617 619
f 625 621 623
f 630 628 627
f 3556 630 632
f 637 635 634
f 641 637 639
f 646 644 643
f 3557 646 648
f 650 3558 651
f 655 650 653
f 657 3559 658
f 662 657 660
f 667 665 664
f 671 667 669
f 675 671 673
f 680 678 677
f 687 685 684
f 3560 687 689
f 694 692 691
f 701 699 698
f 705 701 703
f 710 708 707
f 714 710 712
f 719 717 716
f 723 719 721
f 725 3561 726
f 730 725 728
f 734 730 732
f 738 734 736
f 742 738 740
f 749 747 746
f 753 749 751
f 757 753 755
f 761 757 759
f 765 761 763
f 770 768 767
f 3562 770 772
f 777 775 774
f 3563 777 779
f 781 3564 782
f 786 781 784
f 790 786 788
f 3565 790 792
f 797 795 794
f 801 797 799
f 803 3566 804
f 808 803 806
f 813 811 810
f 817 813 815
f 822 820 819
f 3567 822 824
f 826 3568 827
f 831 826 829
f 836 834 833
f 3569 836 838
f 840 3570 841
f 845 840 843
f 850 848 847
f 854 850 852
f 859 857 856
f 863 3571 864
f 868 863 866
f 873 871 870
f 877 873 875
f 881 877 879
f 887 883 885
f 3572 887 889
f 894 892 891
f 898 894 896
f 903 901 900
f 907 903 905
f 911 907 909
f 915 911 913
f 3573 915 917
f 922 920 919
f 926 922 924
f 931 929 928
f 3574 931 933
f 935 3574 936
f 940 935 938
f 944 940 942
f 949 947 946
f 953 949 951
f 955 3575 956
f 960 955 958
f 965 963 962
f 3576 965 967
f 972 970 969
f 976 972 974
f 980 976 978
f 984 980 982
f 988 984 986
f 993 991 990
f 997 993 995
f 999 3577 1000
f 1004 999 1002
f 1009 1007 1006
f 1013 1009 1011
f 1018 1016 1015
f 1022 1018 1020
f 1024 3578 1025
f 1029 1024 1027
f 1031 3579 1032
f 1036 1031 1034
f 1038 3580 1039
f 1043 1038 1041
f 1048 1046 1045
f 3581 1048 1050
f 1055 1053 1052
f 3582 1055 1057
f 1059 3583 1060
f 1064 1059 1062
f 1069 1067 1066
f 1076 1074 1073
f 1080 1076 1078
f 1085 1083 1082
f 3584 1085 1087
f 1089 3585 1090
f 1094 1089 1092
f 1098 1094 1096
f 3586 1098 1100
f 1102 3587 1103
f 1107 1102 1105
f 1112 1110 1109
f 3588 1112 1114
f 1119 1117 1116
f 3589 1119 1121
f 1126 1124 1123
f 3590 1126 1128
f 1133 1131 1130
f 3591 1133 1135
f 1140 1138 1137
f 3592 1140 1142
f 1144 3593 1145
f 1149 1144 1147
f 1151 3594 1152
f 1156 1151 1154
f 1158 3595 1159
f 1163 1158 1161
f 1165 3596 1166
f 1170 1165 1168
f 1172 3597 1173
f 1177 1172 1175
f 1182 1180 1179
f 1186 1182 1184
f 1190 1186 1188
f 1195 1193 1192
f 1200 1195 1197
f 1202 1200 1199
f 3598 1202 1204
f 1209 1207 1206
f 3599 1209 1211
f 1213 3600 1214
f 1218 1213 1216
f 1222 1218 1220
f 1226 1222 1224
f 1230 1226 1228
f 1235 1233 1232
f 1239 1235 1237
f 1241 3601 1242
f 1246 1241 1244
f 1253 1251 1250
f 3602 1253 1255
f 1260 1258 1257
f 1264 1260 1262
f 1269 1267 1266
f 1273 1269 1271
f 1277 1273 1275
f 1282 1280 1279
f 1286 1282 1284
f 1291 1289 1288
f 1295 3603 1296
f 1300 1295 1298
f 1305 1303 1302
f 3604 1305 1307
f 1312 1310 1309
f 1316 1312 1314
f 1321 1319 1318
f 1325 1321 1323
f 1330 1328 1327
f 1334 1330 1332
f 1338 1334 1336
f 1342 1338 1340
f 3605 1342 1344
f 1349 1347 1346
f 3606 1349 1351
f 1356 1354 1353
f 3607 1356 1358
f 1363 1361 1360
f 1367 1363 1365
f 1371 1367 1369
f 1378 1376 1375
f 1382 1378 1380
f 1384 3608 1385
f 1389 1384 1387
f 1394 1392 1391
f 1401 1399 1398
f 3609 1401 1403
f 1405 3610 1406
f 1410 1405 1408
f 1415 1413 1412
f 1419 1415 1417
f 1423 1419 1421
f 1427 3611 1428
f 1432 1427 1430
f 1437 1435 1434
f 3612 1437 1439
f 1444 1442 1441
f 1448 1444 1446
f 1452 1448 1450
f 1456 1452 1454
f 1460 1456 1458
f 1465 1463 1462
f 1469 1465 1467
f 1474 1472 1471
f 1476 1474 1477
f 1479 3613 1480
f 1484 1479 1482
f 1489 1487 1486
f 1493 1489 1491
f 1497 1493 1495
f 1501 1497 1499
f 3614 1501 1503
f 1505 3615 1506
f 1510 1505 1508
f 1515 1513 1512
f 3616 1515 1517
f 1522 1520 1519
f 1526 1522 1524
f 1530 1526 1528
f 1534 1530 1532
f 1538 1534 1536
f 1542 1538 1540
f 1549 1547 1546
f 1553 1549 1551
f 1558 1556 1555
f 1562 1558 1560
f 1564 3617 1565
f 1569 1564 1567
f 1574 1572 1571
f 1578 1574 1576
f 1582 1578 1580
f 1589 1587 1586
f 1593 1589 1591
f 1597 1593 1595
f 1599 3618 1600
f 1604 1599 1602
f 1608 1604 1606
f 3619 1608 1610
f 1612 3620 1613
f 1617 1612 1615
f 1622 1620 1619
f 1626 1622 1624
f 1631 1629 1628
f 1635 1631 1633
f 1640 1638 1637
f 1647 1645 1644
f 1651 1647 1649
f 1656 1654 1653
f 1663 1661 1660
f 1667 1663 1665
f 1672 1670 1669
f 3621 1672 1674
f 1676 3622 1677
f 1681 1676 1679
f 1686 1684 1683
f 3623 1686 1688
f 1693 1691 1690
f 3624 1693 1695
f 1697 3625 1698
f 1702 1697 1700
f 1707 1705 1704
f 3626 1707 1709
f 1714 1712 1711
f 1718 1714 1716
f 1723 1721 1720
f 3627 1723 1725
f 1727 3628 1728
f 1732 1727 1730
f 1734 3629 1735
f 1739 1734 1737
f 1744 1742 1741
f 1748 3630 1749
f 1753 1748 1751
f 1755 3631 1756
f 1760 1755 1758
f 1765 1763 1762
f 3632 1765 1767
f 1769 3633 1770
f 1774 1769 1772
f 1776 3634 1777
f 1781 1776 1779
f 1716 3635 1783
f 1787 1785 1784
f 1791 1787 1789
f 1796 1794 1793
f 1800 1796 1798
f 1805 1803 1802
f 1809 1805 1807
f 1813 1809 1811
f 1817 1813 1815
f 3636 1817 1819
f 1824 1822 1821
f 1828 1824 1826
f 1833 1831 1830
f 1837 1833 1835
f 1839 3637 1840
f 1844 1839 1842
f 1849 1847 1846
f 3638 1849 1851
f 1856 1854 1853
f 3639 1856 1858
f 1863 1861 1860
f 3640 1863 1865
f 1867 3641 1868
f 1872 1867 1870
f 1877 1875 1874
f 1881 1877 1879
f 1886 1884 1883
f 3642 1886 1888
f 1893 1891 1890
f 3643 1893 1895
f 1897 3644 1898
f 1902 1897 1900
f 1907 1905 1904
f 1911 1907 1909
f 1916 1914 1913
f 1920 3645 1921
f 1925 1920 1923
f 1927 3646 1928
f 1932 1927 1930
f 1934 3647 1935
f 1939 1934 1937
f 1944 1942 1941
f 1948 1944 1946
f 1952 1948 1950
f 1956 1952 1954
f 1960 1956 1958
f 1964 1960 1962
f 1966 3648 1967
f 1971 1966 1969
f 1976 1974 1973
f 1980 1976 1978
f 1985 1983 1982
f 1989 1985 1987
f 1994 1992 1991
f 1998 1994 1996
f 2003 2001 2000
f 3649 2003 2005
f 2007 3650 2008
f 2012 2007 2010
f 2016 2012 2014
f 3651 2016 2018
f 2020 3651 2021
f 2026 2024 2023
f 2030 2026 2028
f 2035 2033 2032
f 3652 2035 2037
f 2039 3653 2040
f 2044 2039 2042
f 2049 2047 2046
f 3654 2049 2051
f 2056 2054 2053
f 2060 2056 2058
f 2065 2063 2062
f 2070 2068 2067
f 3655 2070 2072
f 2077 2075 2074
f 2081 2077 2079
f 2083 3656 2084
f 2088 2083 2086
f 2090 3657 2091
f 2095 2090 2093
f 2097 3658 2098
f 2102 2097 2100
f 2104 3659 2105
f 2109 2104 2107
f 2114 2112 2111
f 2118 2114 2116
f 2120 3660 2121
f 2125 2120 2123
f 2022 3661 2127
f 2128 3662 2129
f 2134 2131 2135
f 2140 2138 2137
f 2147 2145 2144
f 3663 2147 2149
f 2154 2152 2151
f 2158 2154 2156
f 2160 3664 2161
f 2166 2164 2163
f 3665 2166 2168
f 2173 2171 2170
f 3666 2173 2175
f 2136 3667 2177
f 2130 3668 2178
f 2182 2180 2179
f 3669 2182 2184
f 2186 3670 2187
f 2191 2186 2189
f 2196 2194 2193
f 2200 3671 2201
f 2205 2200 2203
f 2207 3672 2208
f 2212 2207 2210
f 2217 2215 2214
f 2221 2217 2219
f 2225 2221 2223
f 2232 2230 2229
f 3673 2232 2234
f 2239 2237 2236
f 3674 2239 2241
f 2246 2244 2243
f 2250 2246 2248
f 2255 2253 2252
f 2259 2255 2257
f 2261 3675 2262
f 2266 2261 2264
f 2268 3676 2269
f 2273 2268 2271
f 2278 2276 2275
f 2282 2278 2280
f 2284 3677 2285
f 2289 2284 2287
f 2294 2292 2291
f 3678 2294 2296
f 2298 3679 2299
f 2303 2298 2301
f 2308 2306 2305
f 2312 2308 2310
f 2317 2315 2314
f 2321 2317 2319
f 2326 2324 2323
f 3680 2326 2328
f 2330 3681 2331
f 2335 2330 2333
f 2340 2338 2337
f 3682 2340 2342
f 2347 2345 2344
f 3683 2347 2349
f 2354 2352 2351
f 2358 2354 2356
f 2363 2361 2360
f 2367 2363 2365
f 2369 3684 2370
f 2374 2369 2372
f 2376 3685 2377
f 2381 2376 2379
f 2386 2384 2383
f 2390 2386 2388
f 2395 2393 2392
f 2402 2400 2399
f 2406 2402 2404
f 2408 3686 2409
f 2413 2408 2411
f 2418 2416 2415
f 2422 2418 2420
f 2427 2425 2424
f 2431 2427 2429
f 2433 3687 2434
f 2438 2433 2436
f 2443 2441 2440
f 3688 2443 2445
f 2447 3689 2448
f 2452 2447 2450
f 2457 2455 2454
f 2461 2457 2459
f 2463 3690 2464
f 2468 2463 2466
f 3691 2468 2470
f 2472 3692 2473
f 2477 2472 2475
f 2482 2480 2479
f 2486 2482 2484
f 2488 3693 2489
f 2493 2488 2491
f 2495 3694 2496
f 2500 2495 2498
f 2505 2503 2502
f 2510 2505 2507
f 2512 2510 2509
f 2514 2512 2515
f 2519 2514 2517
f 2524 2522 2521
f 2528 2524 2526
f 2532 2528 2530
f 2536 2532 2534
f 2540 2536 2538
f 2544 2540 2542
f 2546 3695 2547
f 2551 2546 2549
f 2553 3696 2554
f 2558 2553 2556
f 2560 3697 2561
f 2565 2560 2563
f 2567 3698 2568
f 2572 2567 2570
f 2577 2575 2574
f 3699 2577 2579
f 2584 2582 2581
f 2588 2584 2586
f 2593 2591 2590
f 2597 2593 2595
f 2599 3700 2600
f 2604 2599 2602
f 2606 3701 2607
f 2611 2606 2609
f 2613 3702 2614
f 2618 2613 2616
f 2620 3703 2621
f 2625 2620 2623
f 2630 2628 2627
f 2634 2630 2632
f 2636 3704 2637
f 2641 2636 2639
f 2643 3705 2644
f 2648 2643 2646
f 2653 2651 2650
f 3706 2653 2655
f 2657 3707 2658
f 2662 2657 2660
f 3708 2662 2664
f 2669 2667 2666
f 3709 2669 2671
f 2673 3710 2674
f 2678 2673 2676
f 2683 2681 2680
f 3711 2683 2685
f 2687 3712 2688
f 2692 2687 2690
f 2697 2695 2694
f 3713 2697 2699
f 2704 2702 2701
f 2708 2704 2706
f 2710 3714 2711
f 2715 2710 2713
f 2722 2717 2720
f 2726 3715 2727
f 2731 2726 2729
f 2736 2734 2733
f 3716 2736 2738
f 2740 3717 2741
f 2745 2740 2743
f 2749 2745 2747
f 2753 2749 2751
f 2757 2753 2755
f 2759 3718 2760
f 2764 2759 2762
f 2769 2767 2766
f 3719 2769 2771
f 2776 2774 2773
f 2783 2781 2780
f 3720 2783 2785
f 2787 3721 2788
f 2792 2787 2790
f 3722 2792 2794
f 2796 3723 2797
f 2801 2796 2799
f 3724 2801 2803
f 2808 2806 2805
f 2812 2808 2810
f 2814 3725 2815
f 2819 2814 2817
f 2823 2819 2821
f 2827 2823 2825
f 2832 2830 2829
f 2836 2832 2834
f 2838 3726 2839
f 2843 2838 2841
f 2848 2846 2845
f 3727 2848 2850
f 2852 3728 2853
f 2857 2852 2855
f 2861 2857 2859
f 2865 2861 2863
f 2870 2868 2867
f 3729 2870 2872
f 2874 3730 2875
f 2879 2874 2877
f 2881 3731 2882
f 2886 2881 2884
f 2891 2889 2888
f 3732 2891 2893
f 2898 2896 2895
f 2902 2898 2900
f 2907 2905 2904
f 3733 2907 2909
f 2914 2912 2911
f 2918 2914 2916
f 2923 2921 2920
f 2927 2923 2925
f 2929 3734 2930
f 2934 2929 2932
f 2936 3735 2937
f 2941 2936 2939
f 2946 2944 2943
f 2950 2946 2948
f 2955 2953 2952
f 2959 2955 2957
f 2964 2962 2961
f 3736 2964 2966
f 2971 2969 2968
f 2975 2971 2973
f 2980 2978 2977
f 3737 2980 2982
f 2987 2985 2984
f 2991 2987 2989
f 2996 2994 2993
f 3000 2996 2998
f 3004 3000 3002
f 3009 3007 3006
f 3738 3009 3011
f 2471 3739 3013
f 3014 3740 3015
f 3019 3014 3017
f 3023 3019 3021
f 3741 3023 3025
f 3030 3028 3027
f 3034 3030 3032
f 3039 3037 3036
f 3742 3039 3041
f 3046 3044 3043
f 3050 3046 3048
f 3052 3743 3053
f 3057 3052 3055
f 3062 3060 3059
f 3744 3062 3064
f 3066 3745 3067
f 3071 3066 3069
f 3076 3074 3073
f 3083 3081 3080
f 3087 3083 3085
f 3092 3090 3089
f 3746 3092 3094
f 3099 3097 3096
f 3103 3099 3101
f 3105 3747 3106
f 3110 3105 3108
f 3115 3113 3112
f 3119 3115 3117
f 3124 3122 3121
f 3748 3124 3126
f 3131 3129 3128
f 3135 3131 3133
f 3139 3135 3137
f 3143 3139 3141
f 3749 3143 3145
f 3150 3148 3147
f 2297 3750 3154
f 3160 3158 3157
f 3164 3160 3162
f 3169 3167 3166
f 3173 3169 3171
f 3177 3173 3175
f 3181 3177 3179
f 3751 3181 3183
f 3188 3186 3185
f 3192 3188 3190
f 3197 3195 3194
f 3201 3197 3199
f 3203 3752 3204
f 3208 3203 3206
f 3213 3211 3210
f 3753 3213 3215
f 3220 3218 3217
f 3754 3220 3222
f 3224 3755 3225
f 3229 3224 3227
f 3233 3229 3231
f 3238 3233 3235
f 3240 3238 3237
f 3244 3240 3242
f 3251 3246 3249
f 3255 3251 3253
f 3259 3255 3257
f 3264 3262 3261
f 3268 3756 3269
f 3273 3268 3271
f 3278 3276 3275
f 3282 3278 3280
f 3284 3757 3285
f 3289 3284 3287
f 3294 3292 3291
f 3758 3294 3296
f 3257 3759 3298
f 3301 3257 3299
f 3306 3304 3303
f 3310 3306 3308
f 3315 3313 3312
f 3319 3315 3317
f 3321 3760 3322
f 3326 3321 3324
f 3331 3329 3328
f 3335 3331 3333
f 3337 3761 3338
f 3342 3337 3340
f 3344 3762 3345
f 3349 3344 3347
f 3354 3352 3351
f 3358 3354 3356
f 3363 3361 3360
f 3367 3363 3365
f 3369 3763 3370
f 3374 3369 3372
f 3379 3377 3376
f 3764 3379 3381
f 3386 3384 3383
f 3390 3386 3388
f 3395 3393 3392
f 3399 3395 3397
f 3401 3765 3402
f 3406 3401 3404
f 3411 3409 3408
f 3766 3411 3413
f 3415 3767 3416
f 3420 3415 3418
f 3425 3423 3422
f 3429 3425 3427
f 3768 3432 3431
f 3434 3769 3435
f 3437 3770 3438
f 3442 3437 3440
f 3444 3771 3445
f 3449 3444 3447
f 3451 3772 3452
f 3456 3451 3454
f 3461 3459 3458
f 3773 3461 3463
f 3468 3466 3465
f 3472 3468 3470
f 3474 3774 3475
f 3479 3474 3477
f 3483 3775 3484
f 3488 3483 3486
f 3493 3491 3490
f 3500 3498 3497
f 3776 3500 3502
f 1 3776 3504
f 2 3777 3505
f 8 3778 6
f 15 3779 13
f 24 3508 19
f 29 3780 27
f 3781 29 3509
f 38 3510 33
f 46 38 42
f 53 46 51
f 3782 53 57
f 62 3783 60
f 3784 62 3511
f 73 67 69
f 78 3785 76
f 85 3786 83
f 3787 85 3512
f 92 3788 90
f 3513 95 97
f 101 3513 3514
f 111 105 107
f 116 3789 114
f 127 3515 122
f 134 3516 129
f 139 3790 137
f 103 3517 3518
f 149 3519 144
f 156 3520 151
f 161 3791 159
f 3792 161 3521
f 170 3522 165
f 177 3523 172
f 3524 177 181
f 192 186 188
f 201 195 197
f 206 3793 204
f 3526 211 213
f 220 3794 218
f 228 220 224
f 235 3795 233
f 244 238 240
f 3796 244 248
f 255 3527 250
f 260 3797 258
f 264 3798 3529
f 271 264 269
f 278 3530 273
f 285 3799 283
f 3800 285 3531
f 292 3801 290
f 300 292 296
f 309 3532 304
f 314 3802 312
f 3803 314 3533
f 321 3804 319
f 328 3805 326
f 3806 328 3534
f 335 3807 333
f 343 335 339
f 3535 343 347
f 354 3808 352
f 361 3809 359
f 3810 361 365
f 372 3537 367
f 379 3538 374
f 388 382 384
f 393 3811 391
f 3540 398 400
f 407 3812 405
f 414 3813 412
f 3814 414 418
f 423 3815 421
f 3816 423 427
f 436 430 432
f 441 3817 439
f 3818 441 3542
f 450 3543 445
f 457 3544 452
f 3545 460 462
f 469 3819 467
f 3820 469 3546
f 476 3821 474
f 3822 476 480
f 485 3823 483
f 3824 485 489
f 496 3547 491
f 503 3548 498
f 3825 503 3549
f 510 3826 508
f 3827 510 514
f 519 3828 517
f 3829 519 523
f 528 3830 526
f 3831 528 532
f 539 3550 534
f 550 544 546
f 557 3551 552
f 564 3552 559
f 573 567 569
f 578 3832 576
f 587 3833 585
f 3834 587 3553
f 3554 592 594
f 601 3835 599
f 3555 608 610
f 617 3836 615
f 625 617 621
f 3556 628 630
f 641 635 637
f 646 3837 644
f 3838 646 3557
f 655 3558 650
f 662 3559 657
f 667 3839 665
f 675 667 671
f 680 3840 678
f 687 3841 685
f 694 3842 692
f 701 3843 699
f 714 708 710
f 719 3844 717
f 730 3561 725
f 738 730 734
f 744 738 742
f 749 3845 747
f 757 749 753
f 765 757 761
f 3562 768 770
f 3563 775 777
f 786 3564 781
f 3565 786 790
f 797 3846 795
f 3847 797 801
f 808 3566 803
f 817 811 813
f 3567 820 822
f 831 3568 826
f 3569 834 836
f 845 3570 840
f 854 848 850
f 859 3848 857
f 868 3571 863
f 873 3849 871
f 881 873 877
f 3572 883 887
f 898 892 894
f 903 3850 901
f 911 903 907
f 3573 911 915
f 926 920 922
f 931 3851 929
f 935 931 3574
f 944 935 940
f 953 947 949
f 960 3575 955
f 3576 963 965
f 972 3852 970
f 980 972 976
f 988 980 984
f 993 3853 991
f 1004 3577 999
f 1009 3854 1007
f 1022 1016 1018
f 1029 3578 1024
f 1036 3579 1031
f 1043 3580 1038
f 3581 1046 1048
f 3582 1053 1055
f 1064 3583 1059
f 1069 3855 1067
f 1076 3856 1074
f 3857 1076 1080
f 1085 3858 1083
f 1094 3585 1089
f 3586 1094 1098
f 1107 3587 1102
f 1112 3859 1110
f 3860 1112 3588
f 1119 3861 1117
f 1126 3862 1124
f 1133 3863 1131
f 3864 1133 3591
f 1140 3865 1138
f 3866 1140 3592
f 1149 3593 1144
f 1156 3594 1151
f 1163 3595 1158
f 1170 3596 1165
f 1177 3597 1172
f 1186 1180 1182
f 3867 1186 1190
f 1195 3868 1193
f 3598 1200 1202
f 1209 3869 1207
f 1218 3600 1213
f 1226 1218 1222
f 3870 1226 1230
f 1235 3871 1233
f 3872 1235 1239
f 1246 3601 1241
f 1253 3873 1251
f 1260 3874 1258
f 3875 1260 1264
f 1269 3876 1267
f 1277 1269 1273
f 1282 3877 1280
f 3878 1282 1286
f 1293 1289 1291
f 1300 3603 1295
f 3604 1303 1305
f 1312 3879 1310
f 3880 1312 1316
f 1321 3881 1319
f 1330 3882 1328
f 1338 1330 1334
f 3605 1338 1342
f 1349 3883 1347
f 3884 1349 3606
f 1356 3885 1354
f 1363 3886 1361
f 1371 1363 1367
f 1378 3887 1376
f 3888 1378 1382
f 1389 3608 1384
f 1396 1392 1394
f 1401 3889 1399
f 1410 3610 1405
f 1415 3890 1413
f 1423 1415 1419
f 1432 3611 1427
f 3612 1435 1437
f 1448 1442 1444
f 1456 1448 1452
f 1465 3891 1463
f 3892 1465 1469
f 1474 3893 1472
f 3894 1474 1476
f 1484 3613 1479
f 1493 1487 1489
f 1501 1493 1497
f 3895 1501 3614
f 1510 3615 1505
f 1515 3896 1513
f 1522 3897 1520
f 1530 1522 1526
f 1538 1530 1534
f 1544 1538 1542
f 1549 3898 1547
f 3899 1549 1553
f 1558 3900 1556
f 3901 1558 1562
f 1569 3617 1564
f 1574 3902 1572
f 1582 1574 1578
f 1589 3903 1587
f 1597 1589 1593
f 1604 3618 1599
f 3619 1604 1608
f 1617 3620 1612
f 1626 1620 1622
f 1631 3904 1629
f 3905 1631 1635
f 1640 3906 1638
f 1647 3907 1645
f 3908 1647 1651
f 1656 3909 1654
f 1667 1661 1663
f 1672 3910 1670
f 3911 1672 3621
f 1681 3622 1676
f 3623 1684 1686
f 3624 1691 1693
f 1702 3625 1697
f 1707 3912 1705
f 1714 3913 1712
f 3914 1714 1718
f 1723 3915 1721
f 1732 3628 1727
f 1739 3629 1734
f 1744 3916 1742
f 1753 3630 1748
f 1760 3631 1755
f 3632 1763 1765
f 1774 3633 1769
f 1781 3634 1776
f 1716 3917 3635
f 1787 3918 1785
f 3919 1787 1791
f 1796 3920 1794
f 1809 1803 1805
f 1817 1809 1813
f 1828 1822 1824
f 1833 3921 1831
f 3922 1833 1837
f 1844 3637 1839
f 1849 3923 1847
f 3924 1849 3638
f 1856 3925 1854
f 1863 3926 1861
f 3927 1863 3640
f 1872 3641 1867
f 1877 3928 1875
f 3929 1877 1881
f 1886 3930 1884
f 1893 3931 1891
f 3932 1893 3643
f 1902 3644 1897
f 1907 3933 1905
f 1914 1907 1911
f 1918 1914 1916
f 1925 3645 1920
f 1932 3646 1927
f 1939 3647 1934
f 1944 3934 1942
f 1952 1944 1948
f 1960 1952 1956
f 3935 1960 1964
f 1971 3648 1966
f 1976 3936 1974
f 1985 3937 1983
f 3938 1985 1989
f 1994 3939 1992
f 3940 1994 1998
f 2003 3941 2001
f 2012 3650 2007
f 3651 2012 2016
f 2024 3651 2020
f 2030 2024 2026
f 2035 3942 2033
f 3943 2035 3652
f 2044 3653 2039
f 2049 3944 2047
f 2056 3945 2054
f 2065 3946 2063
f 3655 2068 2070
f 2081 2075 2077
f 2088 3656 2083
f 2095 3657 2090
f 2102 3658 2097
f 2109 3659 2104
f 2114 3947 2112
f 3948 2114 2118
f 2125 3660 2120
f 2022 3949 3661
f 2128 3950 3662
f 2134 2132 2131
f 2140 3951 2138
f 2147 3952 2145
f 2158 2152 2154
f 3665 2164 2166
f 2173 3953 2171
f 3954 2173 3666
f 2136 3955 3667
f 3956 3668 2130
f 2182 3957 2180
f 2191 3670 2186
f 2196 3958 2194
f 2205 3671 2200
f 2212 3672 2207
f 2217 3959 2215
f 2225 2217 2221
f 2232 3960 2230
f 3961 2232 3673
f 3674 2237 2239
f 2250 2244 2246
f 2255 3962 2253
f 3963 2255 2259
f 2266 3675 2261
f 2273 3676 2268
f 2278 3964 2276
f 3965 2278 2282
f 2289 3677 2284
f 3678 2292 2294
f 2303 3679 2298
f 2308 3966 2306
f 2321 2315 2317
f 2326 3967 2324
f 3968 2326 3680
f 2335 3681 2330
f 3682 2338 2340
f 2347 3969 2345
f 2358 2352 2354
f 2367 2361 2363
f 2374 3684 2369
f 2381 3685 2376
f 2390 2384 2386
f 2395 3970 2393
f 2402 3971 2400
f 3972 2402 2406
f 2413 3686 2408
f 2418 3973 2416
f 3974 2418 2422
f 2427 3975 2425
f 3976 2427 2431
f 2438 3687 2433
f 2443 3977 2441
f 2452 3689 2447
f 2457 3978 2455
f 3979 2457 2461
f 2468 3690 2463
f 3980 2468 3691
f 2477 3692 2472
f 2482 3981 2480
f 3982 2482 2486
f 2493 3693 2488
f 2500 3694 2495
f 2510 2503 2505
f 2514 2510 2512
f 3983 2514 2519
f 2524 3984 2522
f 2532 2524 2528
f 2540 2532 2536
f 3985 2540 2544
f 2551 3695 2546
f 2558 3696 2553
f 2565 3697 2560
f 2572 3698 2567
f 3699 2575 2577
f 2588 2582 2584
f 2593 3986 2591
f 3987 2593 2597
f 2604 3700 2599
f 2611 3701 2606
f 2618 3702 2613
f 2625 3703 2620
f 2634 2628 2630
f 2641 3704 2636
f 2648 3705 2643
f 2653 3988 2651
f 2662 3707 2657
f 3989 2662 3708
f 2669 3990 2667
f 3991 2669 3709
f 2678 3710 2673
f 3711 2681 2683
f 2692 3712 2687
f 3713 2695 2697
f 2704 3992 2702
f 3993 2704 2708
f 2715 3714 2710
f 2722 2718 2717
f 2731 3715 2726
f 3716 2734 2736
f 2745 3717 2740
f 2753 2745 2749
f 3994 2753 2757
f 2764 3718 2759
f 2769 3995 2767
f 3996 2769 3719
f 2776 3997 2774
f 2783 3998 2781
f 2787 3999 3721
f 3722 2787 2792
f 2801 3723 2796
f 2808 4000 2806
f 4001 2808 2812
f 2819 3725 2814
f 2827 2819 2823
f 2832 4002 2830
f 4003 2832 2836
f 2843 3726 2838
f 3727 2846 2848
f 2857 3728 2852
f 2865 2857 2861
f 3729 2868 2870
f 2879 3730 2874
f 2886 3731 2881
f 3732 2889 2891
f 2902 2896 2898
f 2907 4004 2905
f 4005 2907 3733
f 2918 2912 2914
f 2923 4006 2921
f 4007 2923 2927
f 2934 3734 2929
f 2941 3735 2936
f 2946 4008 2944
f 2959 2953 2955
f 3736 2962 2964
f 2975 2969 2971
f 2980 4009 2978
f 4010 2980 3737
f 2987 4011 2985
f 4012 2987 2991
f 2996 4013 2994
f 3004 2996 3000
f 3738 3007 3009
f 2471 4014 3739
f 3019 3740 3014
f 3741 3019 3023
f 3030 4015 3028
f 4016 3030 3034
f 3039 4017 3037
f 3050 3044 3046
f 3057 3743 3052
f 3744 3060 3062
f 3071 3745 3066
f 3076 4018 3074
f 3083 4019 3081
f 4020 3083 3087
f 3746 3090 3092
f 3103 3097 3099
f 3110 3747 3105
f 3115 4021 3113
f 3748 3122 3124
f 3135 3129 3131
f 3143 3135 3139
f 4022 3143 3749
f 3150 4023 3148
f 2297 4024 3750
f 3160 4025 3158
f 4026 3160 3164
f 3169 4027 3167
f 3177 3169 3173
f 3751 3177 3181
f 3188 4028 3186
f 3201 3195 3197
f 3208 3752 3203
f 3753 3211 3213
f 3220 4029 3218
f 4030 3220 3754
f 3229 3755 3224
f 3238 3229 3233
f 3244 3238 3240
f 3255 3246 3251
f 3264 4031 3262
f 3273 3756 3268
f 3278 4032 3276
f 3289 3757 3284
f 3294 4033 3292
f 4034 3294 3758
f 3257 4035 3759
f 3306 4036 3304
f 3315 4037 3313
f 4038 3315 3319
f 3326 3760 3321
f 3331 4039 3329
f 4040 3331 3335
f 3342 3761 3337
f 3349 3762 3344
f 3354 4041 3352
f 4042 3354 3358
f 3363 4043 3361
f 4044 3363 3367
f 3374 3763 3369
f 3379 4045 3377
f 3386 4046 3384
f 4047 3386 3390
f 3395 4048 3393
f 4049 3395 3399
f 3401 4050 3765
f 4051 3401 3406
f 3766 3409 3411
f 3420 3767 3415
f 3425 4052 3423
f 4053 3425 3429
f 4054 3432 3768
f 3434 4054 3769
f 3442 3770 3437
f 3449 3771 3444
f 3456 3772 3451
f 3461 4055 3459
f 3468 4056 3466
f 4057 3468 3472
f 3474 4057 3774
f 3481 3474 3479
f 3488 3775 3483
f 3495 3491 3493
f 3776 3498 3500
f 4058 3776 1
f 2 4059 3777
f 3506 3778 8
f 3507 3779 15
f 24 4060 3508
f 3781 3780 29
f 38 4061 3510
f 53 38 46
f 62 4062 3783
f 73 4063 67
f 80 3785 78
f 3787 3786 85
f 92 4064 3788
f 3513 4065 95
f 4066 3513 101
f 111 4067 105
f 120 3789 116
f 127 4068 3515
f 134 4069 3516
f 3517 3790 139
f 4070 3517 103
f 149 4070 3519
f 156 4071 3520
f 3792 3791 161
f 170 4072 3522
f 177 4073 3523
f 4074 177 3524
f 192 4075 186
f 201 4076 195
f 3525 3793 206
f 4077 211 3526
f 220 4078 3794
f 230 220 228
f 4079 3795 235
f 244 4080 238
f 4081 244 3796
f 255 4082 3527
f 3528 3797 260
f 264 4083 3798
f 4084 264 271
f 278 4085 3530
f 3800 3799 285
f 300 3801 292
f 309 4086 3532
f 3803 3802 314
f 321 4087 3804
f 3806 3805 328
f 343 3807 335
f 4088 343 3535
f 3536 3808 354
f 3810 3809 361
f 372 4089 3537
f 379 4090 3538
f 388 4091 382
f 3539 3811 393
f 3540 4092 398
f 3541 3812 407
f 3814 3813 414
f 3816 3815 423
f 436 4093 430
f 3818 3817 441
f 450 4094 3543
f 457 4095 3544
f 3545 4096 460
f 3820 3819 469
f 3822 3821 476
f 485 4097 3823
f 4098 485 3824
f 496 4099 3547
f 503 4100 3548
f 3827 3826 510
f 3829 3828 519
f 3831 3830 528
f 539 4101 3550
f 550 4102 544
f 557 4103 3551
f 564 4104 3552
f 573 4105 567
f 578 4106 3832
f 3834 3833 587
f 3554 4107 592
f 605 3835 601
f 3555 4108 608
f 625 3836 617
f 3556 4109 628
f 641 4110 635
f 646 4111 3837
f 655 4112 3558
f 662 4113 3559
f 675 3839 667
f 682 3840 680
f 3560 3841 687
f 696 3842 694
f 705 3843 701
f 714 4114 708
f 723 3844 719
f 730 4115 3561
f 744 730 738
f 749 4116 3845
f 765 749 757
f 3562 4117 768
f 3563 4118 775
f 786 4119 3564
f 3847 3846 797
f 808 4120 3566
f 817 4121 811
f 831 4122 3568
f 3569 4123 834
f 4124 3570 845
f 854 4125 848
f 861 3848 859
f 868 4126 3571
f 873 4127 3849
f 883 873 881
f 4128 883 3572
f 898 4129 892
f 911 3850 903
f 4130 911 3573
f 926 4131 920
f 935 3851 931
f 4132 935 944
f 953 4133 947
f 960 4134 3575
f 3576 4135 963
f 980 3852 972
f 4136 980 988
f 993 4137 3853
f 1004 4138 3577
f 1009 4139 3854
f 1022 4140 1016
f 1029 4141 3578
f 4142 3579 1036
f 4143 3580 1043
f 3581 4144 1046
f 3582 4145 1053
f 1064 4146 3583
f 1071 3855 1069
f 1076 4147 3856
f 4148 1076 3857
f 3584 3858 1085
f 1094 4149 3585
f 4150 1094 3586
f 4151 3587 1107
f 3860 3859 1112
f 3589 3861 1119
f 1126 4152 3862
f 3864 3863 1133
f 3866 3865 1140
f 4153 3593 1149
f 1156 4154 3594
f 1163 4155 3595
f 1170 4156 3596
f 1177 4157 3597
f 1186 4158 1180
f 1200 3868 1195
f 4159 1200 3598
f 3599 3869 1209
f 1218 4160 3600
f 3870 1218 1226
f 3872 3871 1235
f 1246 4161 3601
f 3602 3873 1253
f 3875 3874 1260
f 1277 3876 1269
f 3878 3877 1282
f 1300 4162 3603
f 3604 4163 1303
f 3880 3879 1312
f 1325 3881 1321
f 1338 3882 1330
f 4164 1338 3605
f 1349 4165 3883
f 3607 3885 1356
f 1371 3886 1363
f 3888 3887 1378
f 1389 3888 3608
f 4166 1392 1396
f 3609 3889 1401
f 4167 3610 1410
f 1423 3890 1415
f 1432 4168 3611
f 3612 4169 1435
f 1448 4170 1442
f 1460 1448 1456
f 3892 3891 1465
f 3894 3893 1474
f 1484 4171 3613
f 1493 4172 1487
f 3895 1493 1501
f 1510 4173 3615
f 3616 3896 1515
f 1530 3897 1522
f 1544 1530 1538
f 3899 3898 1549
f 3901 3900 1558
f 1569 4174 3617
f 1582 3902 1574
f 1597 3903 1589
f 1604 4175 3618
f 4176 1604 3619
f 1617 4177 3620
f 1626 4178 1620
f 3905 3904 1631
f 1642 3906 1640
f 3908 3907 1647
f 1658 3909 1656
f 1667 4179 1661
f 3911 3910 1672
f 1681 4180 3622
f 3623 4181 1684
f 3624 4182 1691
f 1702 4183 3625
f 3626 3912 1707
f 3914 3913 1714
f 3627 3915 1723
f 1732 4184 3628
f 1739 4185 3629
f 1746 3916 1744
f 1753 4186 3630
f 1760 4187 3631
f 3632 4188 1763
f 1774 4189 3633
f 1781 4190 3634
f 1716 4191 3917
f 1787 4192 3918
f 4193 1787 3919
f 1796 4194 3920
f 1809 4195 1803
f 3636 1809 1817
f 1828 4196 1822
f 3922 3921 1833
f 1844 4197 3637
f 3924 3923 1849
f 3639 3925 1856
f 3927 3926 1863
f 1872 4198 3641
f 3929 3928 1877
f 3642 3930 1886
f 3932 3931 1893
f 1902 4199 3644
f 1907 4200 3933
f 1918 1907 1914
f 1925 4201 3645
f 1932 4202 3646
f 1939 4203 3647
f 1952 3934 1944
f 3935 1952 1960
f 1971 4204 3648
f 1980 3936 1976
f 1985 4205 3937
f 3940 3939 1994
f 3649 3941 2003
f 2012 4206 3650
f 2024 2012 3651
f 4207 2024 2030
f 3943 3942 2035
f 2044 4208 3653
f 3654 3944 2049
f 2060 3945 2056
f 2065 4209 3946
f 4210 2068 3655
f 2081 4211 2075
f 2088 4212 3656
f 2095 4213 3657
f 4214 3658 2102
f 2109 4215 3659
f 2114 4216 3947
f 4217 3660 2125
f 2022 4218 3949
f 2128 4219 3950
f 2134 4220 2132
f 2142 3951 2140
f 3663 3952 2147
f 2158 4221 2152
f 3665 4222 2164
f 2173 4223 3953
f 2136 4224 3955
f 4225 3668 3956
f 3669 3957 2182
f 4226 3670 2191
f 2198 3958 2196
f 2205 4227 3671
f 2212 4228 3672
f 2217 4229 3959
f 2227 2217 2225
f 3961 3960 2232
f 3674 4230 2237
f 2250 4231 2244
f 3963 3962 2255
f 2266 4232 3675
f 2273 4233 3676
f 2278 4234 3964
f 2289 4235 3677
f 3678 4236 2292
f 4237 3679 2303
f 2312 3966 2308
f 2321 4238 2315
f 3968 3967 2326
f 2335 4239 3681
f 4240 2338 3682
f 3683 3969 2347
f 2358 4241 2352
f 2367 4242 2361
f 2374 4243 3684
f 2381 4244 3685
f 2390 4245 2384
f 2397 3970 2395
f 2402 4246 3971
f 2413 4247 3686
f 3974 3973 2418
f 3976 3975 2427
f 2438 4248 3687
f 3688 3977 2443
f 2452 4249 3689
f 3979 3978 2457
f 2468 4250 3690
f 4251 2468 3980
f 2477 4252 3692
f 3982 3981 2482
f 2493 4253 3693
f 2500 4254 3694
f 2514 2503 2510
f 4255 2514 3983
f 2524 4256 3984
f 2540 2524 2532
f 4257 2540 3985
f 4258 3695 2551
f 2558 4259 3696
f 2565 4260 3697
f 2572 4261 3698
f 3699 4262 2575
f 2588 4263 2582
f 3987 3986 2593
f 2604 4264 3700
f 2611 4265 3701
f 2618 4266 3702
f 2625 4267 3703
f 2634 4268 2628
f 2641 4269 3704
f 2648 4270 3705
f 3706 3988 2653
f 2662 4271 3707
f 3991 3990 2669
f 2678 4272 3710
f 3711 4273 2681
f 2692 4274 3712
f 4275 2695 3713
f 3993 3992 2704
f 4276 3714 2715
f 2722 4277 2718
f 2731 4278 3715
f 3716 4279 2734
f 2745 4280 3717
f 3994 2745 2753
f 2764 4281 3718
f 2769 4282 3995
f 2778 3997 2776
f 3720 3998 2783
f 2787 4283 3999
f 4284 2787 3722
f 2801 4285 3723
f 4001 4000 2808
f 2819 4286 3725
f 4287 2819 2827
f 4003 4002 2832
f 2843 4288 3726
f 3727 4289 2846
f 2857 4290 3728
f 4291 2857 2865
f 3729 4292 2868
f 2879 4293 3730
f 2886 4294 3731
f 3732 4295 2889
f 2902 4296 2896
f 4005 4004 2907
f 2918 4297 2912
f 4007 4006 2923
f 2934 4298 3734
f 4299 3735 2941
f 2950 4008 2946
f 2959 4300 2953
f 3736 4301 2962
f 2975 4302 2969
f 2980 4303 4009
f 4012 4011 2987
f 3004 4013 2996
f 3738 4304 3007
f 2471 4305 4014
f 3019 4306 3740
f 4307 3019 3741
f 3030 4308 4015
f 4309 3030 4016
f 3742 4017 3039
f 3050 4310 3044
f 3057 4311 3743
f 3744 4312 3060
f 3071 4313 3745
f 3078 4018 3076
f 4020 4019 3083
f 3746 4314 3090
f 4315 3097 3103
f 3110 4316 3747
f 3115 4317 4021
f 3748 4318 3122
f 3135 4319 3129
f 4022 3135 3143
f 3152 4023 3150
f 2297 4320 4024
f 4026 4025 3160
f 3169 4321 4027
f 3751 3169 3177
f 3192 4028 3188
f 3201 4322 3195
f 3208 4323 3752
f 3753 4324 3211
f 3220 4325 4029
f 4326 3220 4030
f 3229 4327 3755
f 4328 3238 3244
f 3259 3246 3255
f 3266 4031 3264
f 3273 4329 3756
f 3282 4032 3278
f 4330 3757 3289
f 3294 4331 4033
f 3257 4332 4035
f 3310 4036 3306
f 4038 4037 3315
f 3326 4333 3760
f 3331 4334 4039
f 4335 3331 4040
f 3342 4336 3761
f 3349 4337 3762
f 4042 4041 3354
f 4044 4043 3363
f 3374 4338 3763
f 3379 4339 4045
f 4047 4046 3386
f 3395 4340 4048
f 4050 3395 4049
f 4051 4050 3401
f 4341 3409 3766
f 3420 4342 3767
f 3425 4343 4052
f 4344 3425 4053
f 3434 3432 4054
f 3442 4345 3770
f 4346 3771 3449
f 3456 4347 3772
f 3773 4055 3461
f 4057 4056 3468
f 3481 4057 3474
f 3488 4348 3775
f 3495 4349 3491
f 3776 4350 3498
f 4351 3776 4058
f 2 4352 4059
f 3506 4353 3778
f 3507 4354 3779
f 24 4355 4060
f 3781 4356 3780
f 53 4061 38
f 3784 4062 62
f 73 4357 4063
f 80 4358 3785
f 3787 4359 3786
f 4360 4064 92
f 4066 4065 3513
f 111 4361 4067
f 120 4362 3789
f 127 4363 4068
f 4364 4069 134
f 4070 3790 3517
f 4365 4070 149
f 4366 4071 156
f 3792 4367 3791
f 4368 4072 170
f 4074 4073 177
f 4369 4075 192
f 4370 4076 201
f 3525 4371 3793
f 230 4078 220
f 4372 3795 4079
f 244 4373 4080
f 255 4374 4082
f 3528 4375 3797
f 4084 4083 264
f 280 4085 278
f 3800 4376 3799
f 300 4377 3801
f 4378 4086 309
f 3803 4379 3802
f 323 4087 321
f 3806 4380 3805
f 343 4381 3807
f 4382 343 4088
f 4383 3808 3536
f 3810 4384 3809
f 4385 4089 372
f 4386 4090 379
f 388 4387 4091
f 3539 4388 3811
f 4389 4092 3540
f 3541 4390 3812
f 3814 4391 3813
f 3816 4392 3815
f 436 4393 4093
f 3818 4394 3817
f 450 4395 4094
f 4396 4095 457
f 4397 4096 3545
f 3820 4398 3819
f 4097 3821 3822
f 4098 4097 485
f 4399 4099 496
f 503 4400 4100
f 3827 3825 3826
f 3829 4401 3828
f 3831 4402 3830
f 539 4403 4101
f 4404 4102 550
f 557 4405 4103
f 4406 4104 564
f 4407 4105 573
f 582 4106 578
f 3834 4408 3833
f 4409 4107 3554
f 605 4410 3835
f 4411 4108 3555
f 625 4412 3836
f 4413 4109 3556
f 4414 4110 641
f 3838 4111 646
f 4415 4112 655
f 662 4416 4113
f 675 4417 3839
f 4418 3840 682
f 4419 3841 3560
f 696 4420 3842
f 705 4421 3843
f 714 4422 4114
f 723 4423 3844
f 730 4424 4115
f 765 4116 749
f 4425 4117 3562
f 4426 4118 3563
f 786 4427 4119
f 3847 4428 3846
f 4429 4120 808
f 4430 4121 817
f 831 4431 4122
f 4432 4123 3569
f 4124 4433 3570
f 854 4434 4125
f 868 4435 4126
f 883 4127 873
f 4436 883 4128
f 898 4437 4129
f 911 4438 3850
f 4439 4131 926
f 935 4440 3851
f 4441 935 4132
f 953 4442 4133
f 4443 4134 960
f 4444 4135 3576
f 980 4445 3852
f 4137 980 4136
f 997 4137 993
f 1004 4446 4138
f 1013 4139 1009
f 1022 4447 4140
f 1029 4448 4141
f 4142 4449 3579
f 3581 4450 4144
f 4451 4145 3582
f 1064 4452 4146
f 4453 3855 1071
f 1076 4454 4147
f 4455 3858 3584
f 1094 4455 4149
f 4456 3587 4151
f 3860 4457 3859
f 3589 4458 3861
f 3590 4152 1126
f 3864 4459 3863
f 3866 4460 3865
f 4461 3593 4153
f 4462 4154 1156
f 4463 4155 1163
f 4464 4156 1170
f 1177 4465 4157
f 1186 4466 4158
f 4467 1200 4159
f 4468 3869 3599
f 1218 4469 4160
f 4470 1218 3870
f 3872 4471 3871
f 1246 4472 4161
f 3602 4473 3873
f 3875 4474 3874
f 1277 4475 3876
f 3878 4476 3877
f 1300 4477 4162
f 4478 4163 3604
f 3880 4479 3879
f 1325 4480 3881
f 1338 4481 3882
f 4165 1338 4164
f 3884 4165 1349
f 4482 3885 3607
f 1371 4483 3886
f 1389 3887 3888
f 3609 4484 3889
f 1423 4485 3890
f 4486 4168 1432
f 4487 4169 3612
f 1460 4170 1448
f 3892 4488 3891
f 4171 3893 3894
f 4489 4171 1484
f 1493 4490 4172
f 4491 1493 3895
f 1510 4492 4173
f 3616 4493 3896
f 1530 4494 3897
f 4495 1530 1544
f 3899 4496 3898
f 3901 4497 3900
f 4498 4174 1569
f 1582 4499 3902
f 4500 3903 1597
f 1604 4501 4175
f 4502 1604 4176
f 4503 4177 1617
f 1626 4504 4178
f 3905 4505 3904
f 4506 3906 1642
f 3908 4507 3907
f 1658 4508 3909
f 4509 4179 1667
f 3911 4510 3910
f 1681 4511 4180
f 3623 4512 4181
f 4513 4182 3624
f 4514 4183 1702
f 3626 4515 3912
f 3914 4516 3913
f 4517 3915 3627
f 1732 4518 4184
f 1739 4519 4185
f 1746 4520 3916
f 4521 4186 1753
f 4522 4187 1760
f 4523 4188 3632
f 4524 4189 1774
f 4525 4190 1781
f 1716 4525 4191
f 4193 4192 1787
f 1800 4194 1796
f 1809 4526 4195
f 4527 1809 3636
f 4528 4196 1828
f 3922 4529 3921
f 4530 4197 1844
f 3924 4531 3923
f 3639 4532 3925
f 3927 4533 3926
f 1872 4534 4198
f 3929 4535 3928
f 3642 4536 3930
f 4537 3931 3932
f 1902 4538 4199
f 1907 4539 4200
f 4540 1907 1918
f 4541 4201 1925
f 4542 4202 1932
f 4543 4203 1939
f 1952 4544 3934
f 4545 1952 3935
f 1971 4546 4204
f 1980 4547 3936
f 3938 4205 1985
f 3940 4548 3939
f 3649 4549 3941
f 2024 4206 2012
f 4550 2024 4207
f 3943 4551 3942
f 4552 4208 2044
f 3654 4553 3944
f 2060 4554 3945
f 4555 4209 2065
f 2081 4556 4211
f 2088 4557 4212
f 2095 4558 4213
f 4214 4559 3658
f 2109 4560 4215
f 3948 4216 2114
f 4218 3660 4217
f 4219 4218 2022
f 4561 4219 2128
f 2134 4562 4220
f 2142 4563 3951
f 3665 4564 4222
f 3954 4223 2173
f 2136 3954 4224
f 4565 3668 4225
f 3669 4566 3957
f 4567 3670 4226
f 2198 4568 3958
f 2205 4569 4227
f 4570 4228 2212
f 2227 4229 2217
f 3961 4571 3960
f 3674 4572 4230
f 4573 4231 2250
f 3963 4574 3962
f 2266 4575 4232
f 4576 4233 2273
f 3965 4234 2278
f 2289 4577 4235
f 3678 4578 4236
f 4237 4579 3679
f 2312 4580 3966
f 2321 4581 4238
f 3968 4582 3967
f 4583 4239 2335
f 4584 3969 3683
f 4585 4241 2358
f 2367 4586 4242
f 4587 4243 2374
f 4588 4244 2381
f 4589 4245 2390
f 2397 4590 3970
f 3972 4246 2402
f 2413 4591 4247
f 3974 4592 3973
f 3976 4593 3975
f 4594 4248 2438
f 3688 4595 3977
f 4596 4249 2452
f 3979 4597 3978
f 4251 4250 2468
f 2477 4251 4252
f 3982 4598 3981
f 4599 4253 2493
f 4600 4254 2500
f 4255 2503 2514
f 2540 4256 2524
f 4601 2540 4257
f 2558 4602 4259
f 4603 4260 2565
f 4604 4261 2572
f 3699 4605 4262
f 4606 4263 2588
f 3987 4607 3986
f 2604 4608 4264
f 4609 4265 2611
f 2618 4610 4266
f 4611 4267 2625
f 4612 4268 2634
f 2641 4613 4269
f 4614 4270 2648
f 3706 4615 3988
f 2662 4616 4271
f 3991 4617 3990
f 2678 4618 4272
f 4619 4273 3711
f 4620 4274 2692
f 3993 4621 3992
f 4622 3714 4276
f 2722 4622 4277
f 4623 4278 2731
f 4624 4279 3716
f 2745 4625 4280
f 4626 2745 3994
f 4627 4281 2764
f 3996 4282 2769
f 2778 4628 3997
f 4629 3998 3720
f 4284 4283 2787
f 2801 4284 4285
f 4001 4630 4000
f 2819 4001 4286
f 4631 2819 4287
f 4003 4631 4002
f 2843 4632 4288
f 2857 4633 4290
f 4634 2857 4291
f 4635 4292 3729
f 4636 4293 2879
f 4637 4294 2886
f 4638 4295 3732
f 4639 4296 2902
f 4005 4640 4004
f 2918 4641 4297
f 4007 4642 4006
f 2934 4643 4298
f 4644 3735 4299
f 2950 4645 4008
f 2959 4646 4300
f 3736 4647 4301
f 4648 4302 2975
f 4010 4303 2980
f 4012 4649 4011
f 3004 4650 4013
f 4305 4304 3738
f 4651 4305 2471
f 3019 4652 4306
f 4308 3019 4307
f 4309 4308 3030
f 3742 4653 4017
f 3050 4654 4310
f 3057 4655 4311
f 4656 4312 3744
f 3071 4657 4313
f 4658 4018 3078
f 4020 4659 4019
f 4660 4314 3746
f 4661 3097 4315
f 3110 4661 4316
f 3119 4317 3115
f 4662 4318 3748
f 4022 4319 3135
f 4663 4023 3152
f 2297 4663 4320
f 4026 4664 4025
f 3169 4665 4321
f 4666 3169 3751
f 3192 4667 4028
f 3201 4668 4322
f 3208 4669 4323
f 4670 4324 3753
f 3220 4670 4325
f 3229 4671 4327
f 4672 3238 4328
f 3259 3247 3246
f 3266 4673 4031
f 4674 4329 3273
f 3282 4675 4032
f 4676 3757 4330
f 4034 4331 3294
f 3257 4677 4332
f 3310 4678 4036
f 4038 4679 4037
f 4680 4333 3326
f 3331 4681 4334
f 3342 4335 4336
f 4682 4337 3349
f 4042 4683 4041
f 4684 4043 4044
f 4685 4338 3374
f 3764 4339 3379
f 4047 4686 4046
f 3395 4047 4340
f 4051 3395 4050
f 4687 4342 3420
f 4344 4343 3425
f 3442 4688 4345
f 4689 3771 4346
f 4690 4347 3456
f 3773 4691 4055
f 4057 4692 4056
f 4693 4057 3481
f 3488 4693 4348
f 4694 4349 3495
f 4351 4350 3776
f 2 4695 4352
f 3506 4696 4353
f 3507 4697 4354
f 4698 4355 24
f 4699 4356 3781
f 53 4700 4061
f 3784 3782 4062
f 4701 4357 73
f 4702 4358 80
f 4703 4359 3787
f 4704 4064 4360
f 4066 4705 4065
f 4706 4361 111
f 4707 4362 120
f 4708 4363 127
f 4070 4709 3790
f 4710 4070 4365
f 4366 4711 4071
f 4712 4367 3792
f 4368 4713 4072
f 4074 4714 4073
f 4715 4075 4369
f 4371 4076 4370
f 4716 4371 3525
f 230 4077 4078
f 4081 4373 244
f 4717 4374 255
f 4083 4375 3528
f 4718 4085 280
f 3800 4718 4376
f 300 4719 4377
f 4378 4720 4086
f 4721 4379 3803
f 323 4721 4087
f 4722 4380 3806
f 4382 4381 343
f 4723 4384 3810
f 4724 4089 4385
f 4386 4725 4090
f 4726 4387 388
f 4727 4388 3539
f 4728 4092 4389
f 3541 4729 4390
f 4392 4391 3814
f 4393 4392 3816
f 4730 4393 436
f 4731 4394 3818
f 4732 4395 450
f 4733 4095 4396
f 4734 4398 3820
f 4098 3821 4097
f 4400 4099 4399
f 3825 4400 503
f 4401 3825 3827
f 4402 4401 3829
f 4735 4402 3831
f 541 4403 539
f 557 4404 4405
f 4406 4736 4104
f 4106 4105 4407
f 4737 4106 582
f 3834 4738 4408
f 4739 4107 4409
f 605 4739 4410
f 4740 4108 4411
f 625 4740 4412
f 4111 4110 4414
f 4741 4111 3838
f 4742 4112 4415
f 4743 4416 662
f 675 4744 4417
f 4745 3841 4419
f 696 4745 4420
f 705 4746 4421
f 4747 4422 714
f 4424 4423 723
f 744 4424 730
f 765 4748 4116
f 4425 4749 4117
f 786 4426 4427
f 3847 4750 4428
f 4751 4120 4429
f 4752 4121 4430
f 4753 4431 831
f 4754 4433 4124
f 4755 4434 854
f 4756 4435 868
f 883 4757 4127
f 4437 883 4436
f 4758 4437 898
f 911 4758 4438
f 4759 4131 4439
f 4441 4440 935
f 4760 4442 953
f 4761 4134 4443
f 980 4762 4445
f 997 980 4137
f 4763 4446 1004
f 4764 4139 1013
f 4765 4447 1022
f 4766 4448 1029
f 4767 4450 3581
f 4768 4145 4451
f 4769 4452 1064
f 4453 4770 3855
f 4148 4454 1076
f 1094 3858 4455
f 4457 3587 4456
f 4771 4457 3860
f 4772 4458 3589
f 3590 4773 4152
f 4774 4459 3864
f 4775 4460 3866
f 4776 3593 4461
f 4777 4154 4462
f 4778 4155 4463
f 4464 4779 4156
f 4780 4465 1177
f 3867 4466 1186
f 4781 1200 4467
f 4468 4782 3869
f 4470 4469 1218
f 3872 4783 4471
f 1246 4784 4472
f 3602 4785 4473
f 4475 4474 3875
f 4786 4475 1277
f 3878 4787 4476
f 1300 4788 4477
f 4789 4163 4478
f 4480 4479 3880
f 1338 4790 4481
f 3884 1338 4165
f 4483 3885 4482
f 1373 4483 1371
f 1389 4791 3887
f 4792 4484 3609
f 1423 4793 4485
f 4794 4168 4486
f 1460 4795 4170
f 3892 4796 4488
f 4489 3893 4171
f 4491 4490 1493
f 4797 4492 1510
f 4798 4493 3616
f 1530 4798 4494
f 4496 1530 4495
f 4799 4496 3899
f 4800 4497 3901
f 4801 4174 4498
f 1584 4499 1582
f 4802 3903 4500
f 4502 4501 1604
f 4803 4177 4503
f 4804 4504 1626
f 3905 4804 4505
f 4506 4805 3906
f 3908 4806 4507
f 1658 4807 4508
f 4808 4510 3911
f 1681 4808 4511
f 4809 4512 3623
f 4810 4182 4513
f 4811 4183 4514
f 3626 4812 4515
f 3914 4813 4516
f 4518 3915 4517
f 4814 4518 1732
f 1739 4815 4519
f 4816 4520 1746
f 4817 4186 4521
f 4818 4187 4522
f 4819 4188 4523
f 4524 4820 4189
f 1716 4190 4525
f 4193 4821 4192
f 1800 4822 4194
f 1809 4823 4526
f 4529 4196 4528
f 4824 4529 3922
f 4825 4197 4530
f 4826 4531 3924
f 4827 4532 3639
f 3927 4827 4533
f 1872 4828 4534
f 4829 4535 3929
f 3642 4829 4536
f 4538 3931 4537
f 4830 4538 1902
f 1907 4830 4539
f 4831 1907 4540
f 4832 4201 4541
f 4833 4202 4542
f 4834 4203 4543
f 1952 4835 4544
f 4546 1952 4545
f 4836 4546 1971
f 4837 4547 1980
f 3938 4837 4205
f 3940 3938 4548
f 4838 4549 3649
f 2024 4839 4206
f 4840 2024 4550
f 3943 4841 4551
f 4842 4553 3654
f 2060 4842 4554
f 4843 4556 2081
f 2088 4843 4557
f 4844 4558 2095
f 4845 4559 4214
f 4846 4560 2109
f 3948 4847 4216
f 4219 3660 4218
f 4848 4219 4561
f 2134 4849 4562
f 4850 4563 2142
f 4851 4564 3665
f 3954 4852 4223
f 4853 3954 2136
f 4854 4566 3669
f 4855 4568 2198
f 4856 4569 2205
f 4857 4228 4570
f 2227 4857 4229
f 3961 4858 4571
f 4859 4572 3674
f 4574 4231 4573
f 4575 4574 3963
f 4860 4575 2266
f 4861 4233 4576
f 3965 4861 4234
f 2289 3965 4577
f 3678 4862 4578
f 4863 4580 2312
f 4864 4581 2321
f 4865 4582 3968
f 4583 4866 4239
f 4867 3969 4584
f 4585 4867 4241
f 4868 4586 2367
f 4587 4869 4243
f 4588 4870 4244
f 4871 4245 4589
f 4872 4590 2397
f 3972 4873 4246
f 2413 3972 4591
f 4593 4592 3974
f 4874 4593 3976
f 4875 4595 3688
f 4876 4249 4596
f 3979 4876 4597
f 4251 4877 4250
f 4878 4251 2477
f 3982 4879 4598
f 4599 4880 4253
f 4881 4254 4600
f 4255 4882 2503
f 2540 4883 4256
f 4884 4602 2558
f 4603 4885 4260
f 4886 4261 4604
f 4887 4605 3699
f 4607 4263 4606
f 4608 4607 3987
f 4888 4608 2604
f 4609 4889 4265
f 4890 4610 2618
f 4891 4267 4611
f 4892 4613 2641
f 4614 4893 4270
f 4616 4615 3706
f 3989 4616 2662
f 3991 4894 4617
f 4895 4618 2678
f 4896 4273 4619
f 4897 4274 4620
f 3993 4898 4621
f 4622 4899 3714
f 2724 4622 2722
f 4623 4900 4278
f 4901 4279 4624
f 4626 4625 2745
f 4902 4281 4627
f 3996 4902 4282
f 4903 4628 2778
f 4284 4904 4283
f 3724 4284 2801
f 4001 3724 4630
f 4631 4001 2819
f 4632 4631 4003
f 4905 4632 2843
f 2857 4906 4633
f 4292 2857 4634
f 4907 4292 4635
f 4636 4908 4293
f 4909 4294 4637
f 4910 4295 4638
f 4005 4639 4640
f 4911 4641 2918
f 4643 4642 4007
f 4912 4643 2934
f 4645 3735 4644
f 4913 4645 2950
f 4914 4646 2959
f 4915 4647 3736
f 4303 4302 4648
f 4916 4303 4010
f 4650 4649 4012
f 4917 4650 3004
f 4651 4304 4305
f 3019 4918 4652
f 4309 3019 4308
f 4919 4653 3742
f 4920 4654 3050
f 3057 4921 4655
f 4922 4312 4656
f 3071 4922 4657
f 4020 4923 4659
f 4924 4314 4660
f 4661 4925 3097
f 4926 4661 3110
f 3119 4927 4317
f 4928 4318 4662
f 4022 4929 4319
f 2297 4023 4663
f 4665 4664 4026
f 4666 4665 3169
f 4930 4667 3192
f 4931 4668 3201
f 4932 4669 3208
f 3220 4324 4670
f 3229 4326 4671
f 4933 3238 4672
f 3259 4933 3247
f 4934 4673 3266
f 4674 4935 4329
f 3282 4936 4675
f 4034 4676 4331
f 3257 4937 4677
f 3310 4938 4678
f 4038 4939 4679
f 4681 4333 4680
f 4335 4681 3331
f 4940 4335 3342
f 4682 4941 4337
f 4042 4942 4683
f 4685 4684 4338
f 3764 4943 4339
f 4047 4944 4686
f 4051 4047 3395
f 4945 4342 4687
f 4344 4945 4343
f 3442 4946 4688
f 4947 3771 4689
f 4690 4947 4347
f 3773 4948 4691
f 4057 4949 4692
f 3488 4057 4693
f 4351 4950 4350
f 4951 4696 3506
f 4952 4697 3507
f 4953 4355 4698
f 4699 4953 4356
f 53 4699 4700
f 3784 53 3782
f 4954 4357 4701
f 4702 4954 4358
f 4955 4359 4703
f 4066 4956 4705
f 4708 4957 4363
f 4070 4958 4709
f 4711 4070 4710
f 4959 4711 4366
f 4713 4367 4712
f 4714 4713 4368
f 4960 4714 4074
f 4076 4075 4715
f 4716 4076 4371
f 230 211 4077
f 4081 4961 4373
f 4962 4374 4717
f 4084 4375 4083
f 3800 4085 4718
f 300 3800 4719
f 4963 4720 4378
f 323 4379 4721
f 4382 4964 4381
f 4089 4384 4723
f 4725 4089 4724
f 4965 4725 4386
f 4388 4387 4726
f 4966 4388 4727
f 4967 4729 3541
f 4392 4967 4391
f 4730 4392 4393
f 4731 4730 4394
f 4968 4395 4732
f 4969 4095 4733
f 4734 4970 4398
f 4098 4734 3821
f 3825 4099 4400
f 4402 3825 4401
f 4971 4402 4735
f 541 4972 4403
f 4973 4404 557
f 4974 4736 4406
f 4737 4105 4106
f 3834 4737 4738
f 605 4107 4739
f 625 4108 4740
f 4741 4110 4111
f 4744 4416 4743
f 4975 4744 675
f 696 3841 4745
f 4976 4746 705
f 4423 4422 4747
f 744 4423 4424
f 765 4977 4748
f 4978 4749 4425
f 786 4118 4426
f 4979 4750 3847
f 4980 4120 4751
f 4753 4981 4431
f 4434 4433 4754
f 4756 4982 4435
f 883 4756 4757
f 4758 883 4437
f 4130 4758 911
f 4440 4131 4759
f 4983 4440 4441
f 4760 4983 4442
f 4984 4134 4761
f 980 4444 4762
f 4985 980 997
f 4763 4985 4446
f 4447 4139 4764
f 4448 4447 4765
f 4986 4448 4766
f 4987 4450 4767
f 4452 4145 4768
f 4988 4452 4769
f 4454 4770 4453
f 4989 4454 4148
f 1094 4989 3858
f 4990 4457 4771
f 4773 4458 4772
f 4991 4773 3590
f 4460 4459 4774
f 4154 3593 4776
f 4992 4779 4464
f 4780 4993 4465
f 3867 4994 4466
f 4995 1200 4781
f 4470 4996 4469
f 4997 4783 3872
f 1248 4784 1246
f 4998 4785 3602
f 4786 4474 4475
f 3878 4999 4787
f 1300 1293 4788
f 4789 5000 4163
f 1325 4479 4480
f 1338 5001 4790
f 5002 1338 3884
f 1373 3885 4483
f 1389 5003 4791
f 4792 5004 4484
f 1423 4167 4793
f 1460 5005 4795
f 3892 1460 4796
f 5006 3893 4489
f 4491 5007 4490
f 4797 5008 4492
f 1530 4493 4798
f 4799 1530 4496
f 4174 4497 4800
f 5009 4499 1584
f 5010 3903 4802
f 4502 5011 4501
f 4504 4177 4803
f 3905 4504 4804
f 4806 4805 4506
f 4807 4806 3908
f 5012 4807 1658
f 1681 4510 4808
f 4809 5013 4512
f 5014 4182 4810
f 4812 4183 4811
f 5015 4812 3626
f 3914 5015 4813
f 4814 3915 4518
f 1739 5016 4815
f 4816 5017 4520
f 5018 4186 4817
f 4818 5019 4187
f 4820 4188 4819
f 5020 4820 4524
f 1716 5021 4190
f 5022 4821 4193
f 1800 5023 4822
f 1809 5024 4823
f 4824 4196 4529
f 4826 4825 4531
f 4828 4827 3927
f 5025 4828 1872
f 3642 4535 4829
f 4830 3931 4538
f 4831 4830 1907
f 5026 4201 4832
f 4835 4203 4834
f 4546 4835 1952
f 5027 4546 4836
f 3938 4547 4837
f 4549 3938 3940
f 2024 5028 4839
f 5029 4841 3943
f 2060 4553 4842
f 4843 4210 4556
f 5030 4843 2088
f 5031 4558 4844
f 4560 4559 4845
f 4847 4560 4846
f 5032 4847 3948
f 4219 5033 3660
f 5034 4219 4848
f 2134 5035 4849
f 4850 5036 4563
f 4852 4564 4851
f 4853 4852 3954
f 5037 4568 4855
f 5038 4569 4856
f 2227 4228 4857
f 5039 4858 3961
f 4859 5039 4572
f 4575 4231 4574
f 5040 4575 4860
f 4861 5041 4233
f 2289 4861 3965
f 3678 5042 4862
f 4582 4581 4864
f 5043 4866 4583
f 4585 3969 4867
f 4869 4586 4868
f 5044 4869 4587
f 5045 4870 4588
f 4873 4590 4872
f 2413 4873 3972
f 4874 4592 4593
f 5046 4595 4875
f 4876 5046 4249
f 4877 4876 3979
f 4878 4877 4251
f 4880 4879 3982
f 5047 4880 4599
f 5048 4254 4881
f 4883 4882 4255
f 4601 4883 2540
f 4884 5049 4602
f 5050 4885 4603
f 4886 5051 4261
f 5052 4605 4887
f 4608 4263 4607
f 5053 4608 4888
f 5054 4889 4609
f 5055 4610 4890
f 4892 4612 4613
f 5056 4893 4614
f 4616 5057 4615
f 5058 4616 3989
f 3991 5059 4894
f 4895 5060 4618
f 5061 4274 4897
f 3993 4275 4898
f 2724 4899 4622
f 5062 4900 4623
f 4625 4279 4901
f 5063 4625 4626
f 3996 4281 4902
f 5064 4628 4903
f 3724 4904 4284
f 4631 3724 4001
f 4905 4631 4632
f 2857 5065 4906
f 4907 2857 4292
f 5066 4908 4636
f 5067 4295 4910
f 5068 4639 4005
f 4642 4641 4911
f 4912 4642 4643
f 4913 3735 4645
f 4647 4646 4914
f 5069 4647 4915
f 4916 4302 4303
f 4917 4649 4650
f 4651 5070 4304
f 4309 4918 3019
f 4654 4653 4919
f 3057 5071 4921
f 3071 4312 4922
f 4020 4658 4923
f 4926 4925 4661
f 3119 4926 4927
f 4022 4928 4929
f 2297 5072 4023
f 4666 4664 4665
f 4669 4668 4931
f 4326 4324 3220
f 3238 4326 3229
f 3259 3238 4933
f 5073 4673 4934
f 4936 4935 4674
f 4034 3757 4676
f 3257 5074 4937
f 4939 4938 3310
f 5075 4939 4038
f 4335 4333 4681
f 5076 4335 4940
f 4942 4941 4682
f 5077 4942 4042
f 4943 4684 4685
f 5078 4943 3764
f 4051 4944 4047
f 4344 4342 4945
f 3442 3434 4946
f 5079 4947 4690
f 3773 5079 4948
f 3488 4949 4057
f 4351 5080 4950
f 4697 4696 4951
f 4355 4697 4952
f 4699 4355 4953
f 3784 4699 53
f 5081 4954 4702
f 4064 4359 4955
f 4066 5082 4956
f 5083 4957 4708
f 4711 4958 4070
f 4367 4711 4959
f 4960 4713 4714
f 4716 4075 4076
f 230 5084 211
f 4081 5085 4961
f 5086 4374 4962
f 4084 5086 4375
f 300 4085 3800
f 323 5087 4379
f 5088 4964 4382
f 4725 4384 4089
f 4966 4387 4388
f 4392 4729 4967
f 4731 4392 4730
f 4968 4731 4395
f 4096 4095 4969
f 4099 4734 4098
f 4402 4099 3825
f 5089 4402 4971
f 5090 4972 541
f 4973 4102 4404
f 5091 4736 4974
f 3834 4105 4737
f 5092 4107 605
f 625 5093 4108
f 4741 5094 4110
f 4975 4416 4744
f 696 5095 3841
f 4976 5096 4746
f 744 4422 4423
f 765 5097 4977
f 3565 4118 786
f 4120 4750 4979
f 4121 4120 4980
f 5098 4981 4753
f 4755 4433 4434
f 4756 5099 4982
f 4758 4756 883
f 5100 4758 4130
f 4983 4131 4440
f 5101 4983 4760
f 980 4135 4444
f 4763 980 4985
f 4448 4139 4447
f 5102 4448 4986
f 4987 5103 4450
f 4988 4145 4452
f 4989 4770 4454
f 4150 4989 1094
f 4991 4458 4773
f 4777 3593 4154
f 5104 4779 4992
f 5105 4993 4780
f 5106 4994 3867
f 5107 1200 4995
f 4470 5108 4996
f 5109 4783 4997
f 1248 5110 4784
f 4786 4998 4474
f 3878 4786 4999
f 1300 1289 1293
f 1325 4789 4479
f 5002 5001 1338
f 1373 5111 3885
f 5112 5003 1389
f 5113 5004 4792
f 1423 3610 4167
f 1460 4487 5005
f 5114 1460 3892
f 5007 3893 5006
f 5115 5007 4491
f 5116 5008 4797
f 1530 5117 4493
f 5118 1530 4799
f 4801 4497 4174
f 5119 4499 5009
f 5120 3903 5010
f 4502 5121 5011
f 3905 4177 4504
f 4807 4805 4806
f 5122 4510 1681
f 5123 5013 4809
f 5015 4183 4812
f 5124 5015 3914
f 5125 3915 4814
f 5126 5016 1739
f 5127 4186 5018
f 5128 5019 4818
f 5021 4820 5020
f 5129 5021 1716
f 5130 5023 1800
f 4527 5024 1809
f 4197 4196 4824
f 4826 4197 4825
f 4828 4532 4827
f 5131 4828 5025
f 5132 4535 3642
f 4831 3931 4830
f 4202 4201 5026
f 4546 4203 4835
f 4547 4546 5027
f 4549 4547 3938
f 2024 4838 5028
f 5133 4841 5029
f 2060 5134 4553
f 5030 4210 4843
f 5031 5135 4558
f 4560 5136 4559
f 5032 4560 4847
f 4219 5032 5033
f 5137 4219 5034
f 2134 5138 5035
f 4852 5139 4564
f 5140 4852 4853
f 5038 5037 4569
f 2227 5141 4228
f 4859 4858 5039
f 5040 4231 4575
f 2289 5041 4861
f 3678 5142 5042
f 4865 4581 4582
f 5143 4866 5043
f 4586 3969 4585
f 4870 4869 5044
f 5144 4870 5045
f 2413 4590 4873
f 4248 4592 4874
f 4876 4595 5046
f 4878 4876 4877
f 5145 4880 5047
f 5048 5145 4254
f 4601 4882 4883
f 5146 5049 4884
f 4605 5051 4886
f 5147 4605 5052
f 4608 5147 4263
f 4889 4608 5053
f 4610 4889 5054
f 5148 4610 5055
f 5149 4612 4892
f 5057 4893 5056
f 5058 5057 4616
f 5060 5059 3991
f 5150 5060 4895
f 5151 4274 5061
f 5152 4275 3993
f 5153 4899 2724
f 5063 4279 4625
f 3996 5154 4281
f 4631 4904 3724
f 4907 5065 2857
f 5155 4908 5066
f 4641 4639 5068
f 5156 4642 4912
f 4646 3735 4913
f 5069 4646 4647
f 4916 5157 4302
f 4917 4916 4649
f 4651 5158 5070
f 4309 5159 4918
f 4654 4309 4653
f 5160 5071 3057
f 5161 4312 3071
f 5162 4658 4020
f 3119 4925 4926
f 5163 4928 4022
f 2297 5164 5072
f 4666 5165 4664
f 4932 4668 4669
f 4326 5166 4324
f 3259 4326 3238
f 3282 4935 4936
f 4034 5167 3757
f 3257 5168 5074
f 5075 4938 4939
f 4335 5075 4333
f 4941 4335 5076
f 5077 4941 4942
f 5078 4684 4943
f 4051 5078 4944
f 5169 4342 4344
f 3442 3432 3434
f 3773 4947 5079
f 3488 5170 4949
f 4351 4694 5080
f 4697 2 4696
f 4699 4697 4355
f 5171 4699 3784
f 5081 4357 4954
f 4704 4359 4064
f 4066 5172 5082
f 5173 4957 5083
f 4367 4958 4711
f 4960 4367 4713
f 5174 4075 4716
f 230 5175 5084
f 4081 4372 5085
f 4084 4374 5086
f 300 4084 4085
f 5176 5087 323
f 5177 4964 5088
f 4965 4384 4725
f 4966 4965 4387
f 4392 4728 4729
f 4968 4392 4731
f 4402 4734 4099
f 5178 4402 5089
f 5179 4972 5090
f 5180 4102 4973
f 4105 4736 5091
f 5181 4105 3834
f 5093 4107 5092
f 5182 5093 625
f 5183 5094 4741
f 4975 4742 4416
f 5096 5095 696
f 744 4976 4422
f 765 5184 5097
f 3565 5185 4118
f 4121 4750 4120
f 5098 5186 4981
f 4755 5187 4433
f 4758 5099 4756
f 5188 4758 5100
f 4983 5189 4131
f 5190 4983 5101
f 980 4984 4135
f 5191 980 4763
f 5102 4139 4448
f 5192 5103 4987
f 5193 4145 4988
f 4989 5193 4770
f 5194 4989 4150
f 5195 4779 5104
f 5196 4993 5105
f 5197 4994 5106
f 5198 1200 5107
f 4470 5199 5108
f 5200 5110 1248
f 4786 4785 4998
f 5201 4786 3878
f 5202 1289 1300
f 1325 5000 4789
f 5002 5203 5001
f 5204 5111 1373
f 5205 5003 5112
f 1423 5206 3610
f 5114 4487 1460
f 5115 3893 5007
f 5117 5008 5116
f 5118 5117 1530
f 4801 5207 4497
f 5208 4499 5119
f 5209 3903 5120
f 4177 5121 4502
f 5210 4177 3905
f 4807 5210 4805
f 5013 4510 5122
f 5211 5013 5123
f 5124 4183 5015
f 5212 3915 5125
f 5126 5213 5016
f 5129 4820 5021
f 5214 5023 5130
f 4527 5215 5024
f 4826 4196 4197
f 5131 4532 4828
f 5216 4535 5132
f 4831 5216 3931
f 4546 5217 4203
f 4549 4546 4547
f 2024 4549 4838
f 5133 5218 4841
f 5219 5134 2060
f 5030 2068 4210
f 5136 5135 5031
f 5032 5136 4560
f 5220 4219 5137
f 2134 5221 5138
f 5140 5139 4852
f 5141 5037 5038
f 4858 5141 2227
f 5222 4858 4859
f 5040 5223 4231
f 2289 5040 5041
f 3678 2289 5142
f 4865 4863 4581
f 5224 4866 5143
f 4869 3969 4586
f 4245 4870 5144
f 2413 4871 4590
f 4594 4592 4248
f 4878 4595 4876
f 5145 4879 4880
f 4882 5145 5048
f 5225 4882 4601
f 4885 5049 5146
f 5147 5051 4605
f 4889 5147 4608
f 5149 4268 4612
f 5058 4893 5057
f 5150 5059 5060
f 5151 5226 4274
f 4899 4275 5152
f 5227 4899 5153
f 5063 5228 4279
f 3996 5229 5154
f 4631 5230 4904
f 4907 5231 5065
f 4294 4908 5155
f 4642 4639 4641
f 5232 4642 5156
f 5069 3735 4646
f 4917 5157 4916
f 5233 5158 4651
f 4309 5234 5159
f 4920 4309 4654
f 5160 5235 5071
f 5236 4312 5161
f 4314 4658 5162
f 5237 4925 3119
f 5163 4318 4928
f 2297 5163 5164
f 4666 5238 5165
f 3259 5166 4326
f 3282 5073 4935
f 5239 5167 4034
f 3257 5239 5168
f 4335 4938 5075
f 5077 4335 4941
f 5078 4043 4684
f 5240 5078 4051
f 3432 4342 5169
f 5241 3432 3442
f 3773 3771 4947
f 3488 3773 5170
f 4351 4349 4694
f 4699 2 4697
f 4357 4699 5171
f 4359 4357 5081
f 4066 5242 5172
f 4069 4957 5173
f 5243 4367 4960
f 5244 4075 5174
f 5245 5175 230
f 5246 4372 4081
f 4084 5247 4374
f 302 4084 300
f 5248 5087 5176
f 5249 4964 5177
f 4966 4384 4965
f 4392 4092 4728
f 5250 4392 4968
f 4402 4970 4734
f 4102 4972 5179
f 5181 4736 4105
f 5182 4107 5093
f 4112 5094 5183
f 4975 4112 4742
f 4976 5095 5096
f 5251 5184 765
f 4752 4750 4121
f 5252 5186 5098
f 5253 5187 4755
f 4758 861 5099
f 5254 4758 5188
f 4983 5255 5189
f 5256 4983 5190
f 980 4134 4984
f 4139 980 5191
f 4449 4139 5102
f 4145 5103 5192
f 4989 4145 5193
f 5257 4989 5194
f 5258 4993 5196
f 5259 4994 5197
f 4470 5260 5199
f 4785 5110 5200
f 5201 4785 4786
f 5261 1289 5202
f 5262 5000 1325
f 5002 5263 5203
f 5003 5111 5204
f 5264 5003 5205
f 1425 5206 1423
f 5114 4169 4487
f 5265 3893 5115
f 5118 5008 5117
f 4499 5207 4801
f 5266 4499 5208
f 5210 5121 4177
f 5012 5210 4807
f 5211 4510 5013
f 5124 5014 4183
f 5267 3915 5212
f 5268 5213 5126
f 5129 4188 4820
f 4527 5269 5215
f 4826 5270 4196
f 5131 5271 4532
f 4831 4535 5216
f 4546 4833 5217
f 2024 4546 4549
f 4208 5218 5133
f 5030 5272 2068
f 5032 5135 5136
f 5273 4219 5220
f 5274 5221 2134
f 5140 2160 5139
f 4858 5037 5141
f 5223 4858 5222
f 2289 5223 5040
f 5275 2289 3678
f 4866 4863 4865
f 2338 4866 5224
f 4871 4870 4245
f 5276 4871 2413
f 4878 5277 4595
f 4882 4879 5145
f 5278 4882 5225
f 5050 5049 4885
f 4889 5051 5147
f 4893 4268 5149
f 5279 4893 5058
f 5150 5280 5059
f 2695 5226 5151
f 5227 4275 4899
f 5281 5228 5063
f 3996 5282 5229
f 4631 5283 5230
f 4907 5284 5231
f 4642 4296 4639
f 5285 4642 5232
f 5069 5286 3735
f 5287 5157 4917
f 5233 5287 5158
f 4920 5234 4309
f 5288 5235 5160
f 5289 4312 5236
f 2297 4318 5163
f 4666 5290 5238
f 3259 5291 5166
f 5292 5073 3282
f 3257 5167 5239
f 4335 3301 4938
f 4043 4335 5077
f 5240 4043 5078
f 5241 4342 3432
f 3488 3771 3773
f 5293 4349 4351
f 4357 2 4699
f 4066 5294 5242
f 4364 4957 4069
f 5295 5175 5245
f 5296 4372 5246
f 4084 5297 5247
f 5298 4084 302
f 4966 4383 4384
f 4095 4392 5250
f 4402 5299 4970
f 5180 4972 4102
f 5181 5180 4736
f 5182 5181 4107
f 4975 5094 4112
f 744 5095 4976
f 5251 5300 5184
f 5301 4750 4752
f 4758 3848 861
f 5302 4758 5254
f 5256 5255 4983
f 980 5303 4134
f 4449 980 4139
f 4989 5103 4145
f 5304 4994 5259
f 4470 5305 5260
f 5201 5110 4785
f 5306 1289 5261
f 5307 5263 5002
f 5264 5111 5003
f 1425 5308 5206
f 5114 5309 4169
f 5310 3893 5265
f 5118 5311 5008
f 5266 5207 4499
f 5210 5312 5121
f 5313 5210 5012
f 5124 4182 5014
f 5268 5314 5213
f 5129 5128 4188
f 4527 5315 5269
f 5271 5270 4826
f 5316 5271 5131
f 4831 5317 4535
f 4546 4202 4833
f 4552 5218 4208
f 5135 5272 5030
f 5318 4219 5273
f 5319 5221 5274
f 5140 3664 2160
f 4858 4568 5037
f 2289 4858 5223
f 5320 2289 5275
f 2338 4863 4866
f 4871 4869 4870
f 5321 4871 5276
f 4878 5322 5277
f 5278 4879 4882
f 5050 4258 5049
f 4610 5051 4889
f 5279 4268 4893
f 5323 5280 5150
f 4275 5226 2695
f 5324 4275 5227
f 5325 5228 5281
f 5326 5282 3996
f 4631 5327 5283
f 4908 5284 4907
f 5328 4642 5285
f 5157 5286 5069
f 5233 5157 5287
f 5329 5235 5288
f 5330 4312 5289
f 2297 5331 4318
f 4666 5332 5290
f 3259 5333 5291
f 3301 5167 3257
f 4043 3301 4335
f 5334 4043 5240
f 5241 5335 4342
f 3488 5336 3771
f 5337 4349 5293
f 4359 2 4357
f 4066 5338 5294
f 5295 5244 5175
f 5296 3795 4372
f 4084 5339 5297
f 4720 4084 5298
f 5340 4383 4966
f 4402 4397 5299
f 5180 5178 4972
f 5182 5180 5181
f 4975 5341 5094
f 744 5342 5095
f 4749 5300 5251
f 820 4750 5301
f 4758 5343 3848
f 5256 5344 5255
f 4449 5303 980
f 4989 4143 5103
f 3868 4994 5304
f 4470 4468 5305
f 5201 5345 5110
f 5000 1289 5306
f 5111 5263 5307
f 5346 5111 5264
f 5347 5308 1425
f 5114 4794 5309
f 5310 5348 3893
f 5118 5349 5311
f 5350 5207 5266
f 5210 5209 5312
f 5124 5211 4182
f 5017 5314 5268
f 5129 5019 5128
f 4527 5351 5315
f 5316 5270 5271
f 4831 5352 5317
f 4546 4201 4202
f 4552 5353 5218
f 5032 5272 5135
f 5354 4219 5318
f 5355 5221 5319
f 5140 5356 3664
f 4858 5357 4568
f 4579 2289 5320
f 4240 4863 2338
f 4871 3969 4869
f 4592 4871 5321
f 4878 4594 5322
f 5278 5358 4879
f 5050 3695 4258
f 5148 5051 4610
f 5279 5359 4268
f 4273 5280 5323
f 5324 5226 4275
f 5360 5282 5326
f 4905 5327 4631
f 4294 5284 4908
f 5361 4642 5328
f 5233 5286 5157
f 2297 5237 5331
f 4667 5332 4666
f 3259 4932 5333
f 4043 5167 3301
f 5362 4043 5334
f 5241 5363 5335
f 5364 5336 3488
f 4704 2 4359
f 4066 5365 5338
f 5366 5244 5295
f 5367 3795 5296
f 4720 5339 4084
f 4092 4383 5340
f 4402 4096 4397
f 5182 5178 5180
f 5368 5341 4975
f 744 5369 5342
f 4978 5300 4749
f 4758 5253 5343
f 5256 5370 5344
f 4449 5371 5303
f 5257 4143 4989
f 1200 4994 3868
f 4783 4468 4470
f 5201 5109 5345
f 5346 5263 5111
f 5372 5308 5347
f 5114 4168 4794
f 5349 5348 5310
f 5373 5349 5118
f 5374 5207 5350
f 5210 3903 5209
f 5124 4510 5211
f 4816 5314 5017
f 5129 5375 5019
f 5270 5351 4527
f 5376 5270 5316
f 5377 5352 4831
f 4546 5378 4201
f 5032 5379 5272
f 5221 4219 5354
f 5380 5221 5355
f 5140 5381 5356
f 4858 4567 5357
f 4237 2289 4579
f 5382 4863 4240
f 4592 3969 4871
f 4878 4592 4594
f 5278 4878 5358
f 5051 3695 5050
f 5280 5359 5279
f 4896 5280 4273
f 5383 5226 5324
f 5360 5384 5282
f 4905 5385 5327
f 4294 5386 5284
f 5233 5387 5286
f 2297 4925 5237
f 4930 5332 4667
f 5388 4932 3259
f 4043 5389 5167
f 5390 4043 5362
f 5241 4341 5363
f 5391 5336 5364
f 5392 2 4704
f 5393 5365 4066
f 5394 5244 5366
f 5395 3795 5367
f 4963 5339 4720
f 4392 4383 4092
f 4402 4095 4096
f 5396 5178 5182
f 5368 4413 5341
f 744 4418 5369
f 4978 5397 5300
f 4758 5187 5253
f 5256 5302 5370
f 4449 5398 5371
f 5257 3580 4143
f 5109 4468 4783
f 5399 5109 5201
f 5346 5400 5263
f 4168 5308 5372
f 5348 4168 5114
f 5373 5348 5349
f 5401 5207 5374
f 5313 3903 5210
f 5124 4509 4510
f 5402 5314 4816
f 5129 5403 5375
f 5376 5351 5270
f 5377 5404 5352
f 4546 5405 5378
f 5221 5032 4219
f 5406 5221 5380
f 3668 5381 5140
f 4858 3670 4567
f 5407 2289 4237
f 4878 3969 4592
f 5408 4878 5278
f 5148 3695 5051
f 5226 5280 4896
f 4628 5384 5360
f 4905 5409 5385
f 4909 5386 4294
f 5233 5410 5387
f 2297 5411 4925
f 4930 5412 5332
f 5413 4932 5388
f 4043 5414 5389
f 3409 4043 5390
f 5241 3409 4341
f 5415 5336 5391
f 5416 2 5392
f 5417 5365 5393
f 5394 4075 5244
f 5339 3795 5395
f 5087 5339 4963
f 4392 3808 4383
f 4402 4392 4095
f 5418 5178 5396
f 5419 4413 5368
f 5420 4418 744
f 5421 5397 4978
f 4758 5422 5187
f 5256 4758 5302
f 4449 5423 5398
f 5424 3580 5257
f 5109 4782 4468
f 5425 5109 5399
f 5346 5426 5400
f 4168 5113 5308
f 5373 4168 5348
f 5313 5427 3903
f 5124 4179 4509
f 5428 5314 5402
f 5129 5429 5403
f 5430 5351 5376
f 5377 5430 5404
f 4546 5431 5405
f 5432 5221 5406
f 4858 5433 3670
f 4580 2289 5407
f 4878 5434 3969
f 5435 4878 5408
f 5383 5280 5226
f 5064 5384 4628
f 5436 5409 4905
f 5437 5386 4909
f 5438 5410 5233
f 3155 5411 2297
f 4668 5412 4930
f 5439 4932 5413
f 3409 5414 4043
f 5440 3409 5241
f 5441 5336 5415
f 5442 2 5416
f 5443 5365 5417
f 5444 4075 5394
f 5087 3795 5339
f 4402 3808 4392
f 5445 5178 5418
f 5446 4413 5419
f 5447 4418 5420
f 5448 5397 5421
f 4758 4432 5422
f 5449 4758 5256
f 4449 5449 5423
f 3587 3580 5424
f 5109 5450 4782
f 1289 5109 5425
f 5346 5451 5426
f 5373 5113 4168
f 5313 5452 5427
f 5124 5453 4179
f 4821 5429 5129
f 5377 5351 5430
f 4546 5454 5431
f 5432 5032 5221
f 2289 5433 4858
f 4863 2289 4580
f 5455 4878 5435
f 5456 5280 5383
f 5064 5325 5384
f 5457 5409 5436
f 5437 5458 5386
f 5459 5410 5438
f 5460 5411 3155
f 4668 5461 5412
f 5462 4932 5439
f 3409 5463 5414
f 5464 3409 5440
f 5465 5336 5441
f 5466 2 5442
f 4361 5365 5443
f 5467 4075 5444
f 5087 5468 3795
f 4402 5469 3808
f 4109 5178 5445
f 5470 4413 5446
f 5471 4418 5447
f 5472 5397 5448
f 4758 4123 4432
f 4449 4758 5449
f 4457 3580 3587
f 1289 5450 5109
f 5473 5451 5346
f 5373 5004 5113
f 5474 5452 5313
f 5124 5475 5453
f 5377 5214 5351
f 5476 5032 5432
f 2289 5477 5433
f 5382 2289 4863
f 5478 4878 5455
f 5479 5325 5064
f 5480 5409 5457
f 5234 5410 5459
f 5461 5411 5460
f 4932 5461 4668
f 5481 4932 5462
f 3409 5482 5463
f 5336 3409 5464
f 5483 2 5466
f 4706 5365 4361
f 5484 4075 5467
f 5248 5468 5087
f 5178 5469 4402
f 4413 5178 4109
f 5485 4413 5470
f 5471 3840 4418
f 5472 5486 5397
f 4758 5252 4123
f 4142 4758 4449
f 4990 3580 4457
f 1289 5487 5450
f 5473 5262 5451
f 5373 4166 5004
f 5488 5452 5474
f 5124 5489 5475
f 5490 5214 5377
f 5491 5032 5476
f 2289 4854 5477
f 5492 2289 5382
f 5493 4878 5478
f 5479 5228 5325
f 4920 5410 5234
f 4932 5411 5461
f 5494 4932 5481
f 3409 5495 5482
f 5465 3409 5336
f 5496 2 5483
f 4362 5365 4706
f 5497 4075 5484
f 4380 5468 5248
f 5485 5178 4413
f 5498 3840 5471
f 5499 5486 5472
f 4758 5186 5252
f 3580 4758 4142
f 4458 3580 4990
f 5000 5487 1289
f 5500 5262 5473
f 5373 1392 4166
f 5501 5452 5488
f 5124 5502 5489
f 5503 5214 5490
f 5504 5032 5491
f 2289 4566 4854
f 5505 4878 5493
f 4920 5506 5410
f 5494 5411 4932
f 3409 5507 5495
f 5508 2 5496
f 4707 5365 4362
f 5468 4075 5497
f 4722 5468 4380
f 5509 5178 5485
f 5498 5510 3840
f 5511 5486 5499
f 4758 3567 5186
f 4458 4758 3580
f 5000 5512 5487
f 1392 5262 5500
f 5513 1392 5373
f 5502 5452 5501
f 5514 5502 5124
f 5454 5214 5503
f 5515 5032 5504
f 2289 5516 4566
f 4920 5517 5506
f 5494 4924 5411
f 5465 5507 3409
f 5365 2 5508
f 5518 5365 4707
f 4722 4075 5468
f 5519 5178 5509
f 5520 5510 5498
f 5521 5486 5511
f 4758 820 3567
f 4991 4758 4458
f 5262 5512 5000
f 5513 5262 1392
f 5514 5452 5502
f 4546 5214 5454
f 5515 5379 5032
f 2289 5522 5516
f 4920 5523 5517
f 5494 4314 4924
f 5465 5524 5507
f 5365 4695 2
f 5525 5365 5518
f 4722 5243 4075
f 5526 5178 5519
f 5527 5510 5520
f 5528 5486 5521
f 4758 4750 820
f 4459 4758 4991
f 5262 5198 5512
f 5529 5262 5513
f 5514 5401 5452
f 2024 5214 4546
f 5530 5379 5515
f 2289 5531 5522
f 5532 5523 4920
f 5494 4658 4314
f 5465 5292 5524
f 5525 4695 5365
f 4722 4367 5243
f 5533 5178 5526
f 5527 5533 5510
f 4758 3565 4750
f 4460 4758 4459
f 5262 1200 5198
f 5207 5262 5529
f 5514 5207 5401
f 2024 5023 5214
f 5534 5379 5530
f 2289 5535 5531
f 5494 4018 4658
f 4349 5292 5465
f 5525 5536 4695
f 4964 4367 4722
f 5527 5178 5533
f 4758 5185 3565
f 4775 4758 4460
f 5262 4994 1200
f 5514 5262 5207
f 2024 5537 5023
f 5538 5379 5534
f 2289 4565 5535
f 5494 5330 4018
f 5539 5536 5525
f 5249 4367 4964
f 5486 5178 5527
f 4758 5528 5185
f 5540 4758 4775
f 5262 5541 4994
f 3915 5262 5514
f 2024 5542 5537
f 5543 5379 5538
f 2289 3668 4565
f 5494 4312 5330
f 5544 5536 5539
f 5545 4367 5249
f 5528 5178 5486
f 5267 5262 3915
f 2024 5022 5542
f 5036 5379 5543
f 5492 3668 2289
f 5494 5329 4312
f 5546 5536 5544
f 5545 4958 4367
f 4758 5178 5528
f 5547 5262 5267
f 2024 4821 5022
f 4850 5379 5036
f 5492 5381 3668
f 5494 5235 5329
f 4957 5536 5546
f 5548 4958 5545
f 5549 5262 5547
f 4840 4821 2024
f 5550 5379 4850
f 5434 5381 5492
f 5494 5551 5235
f 4364 5536 4957
f 5552 4958 5548
f 5314 5262 5549
f 5553 4821 4840
f 5554 5379 5550
f 4878 5381 5434
f 5494 5555 5551
f 5469 4958 5552
f 5314 5541 5262
f 5353 4821 5553
f 5556 5379 5554
f 4878 5557 5381
f 5494 5532 5555
f 5178 4958 5469
f 5314 5558 5541
f 4552 4821 5353
f 3952 5379 5556
f 4878 2158 5557
f 5559 5532 5494
f 5178 5560 4958
f 5314 5561 5558
f 4552 5429 4821
f 3663 5379 3952
f 4878 4221 2158
f 5562 5532 5559
f 5178 4364 5560
f 5314 5563 5561
f 5564 5429 4552
f 5565 5379 3663
f 4878 5566 4221
f 5567 5532 5562
f 5178 5536 4364
f 5314 5258 5563
f 5568 5429 5564
f 5569 5379 5565
f 4878 5570 5566
f 4673 5532 5567
f 5178 5571 5536
f 5428 5258 5314
f 5572 5429 5568
f 5573 5379 5569
f 4878 5574 5570
f 5073 5532 4673
f 5178 5575 5571
f 5428 4993 5258
f 5134 5429 5572
f 5576 5379 5573
f 4878 5577 5574
f 5292 5532 5073
f 5178 5578 5575
f 4186 4993 5428
f 5219 5429 5134
f 5577 5379 5576
f 4349 5532 5292
f 5178 5579 5578
f 5127 4993 4186
f 5219 5580 5429
f 4878 5379 5577
f 4349 5523 5532
f 5178 5581 5579
f 5580 4993 5127
f 5582 5580 5219
f 4878 5583 5379
f 5337 5523 4349
f 5582 4993 5580
f 4878 5584 5583
f 5337 5585 5523
f 5582 5586 4993
f 4878 5587 5584
f 5337 5588 5585
f 5589 5586 5582
f 5337 5590 5588
f 4209 5586 5589
f 5337 5591 5590
f 4555 5586 4209
f 5337 5361 5591
f 5592 5586 4555
f 5337 4642 5361
f 5593 5586 5592
f 5337 4296 4642
f 5594 5586 5593
f 5337 5067 4296
f 5595 5586 5594
f 5337 4295 5067
f 5596 5586 5595
f 5337 5437 4295
f 5597 5586 5596
f 5337 5458 5437
f 5587 5586 5597
f 5581 5458 5337
f 4878 5586 5587
f 5178 5458 5581
f 4878 5598 5586
f 5178 3727 5458
f 4878 5195 5598
f 5178 4289 3727
f 4878 4779 5195
f 5178 5480 4289
f 4878 4778 4779
f 5178 5409 5480
f 4878 4155 4778
f 5178 4629 5409
f 4878 5599 4155
f 5178 3998 4629
f 4878 4777 5599
f 5178 5600 3998
f 4878 3593 4777
f 4758 5600 5178
f 4878 5601 3593
f 4758 5479 5600
f 4878 5540 5601
f 4758 5228 5479
f 5505 5540 4878
f 4758 5062 5228
f 3695 5540 5505
f 4758 4900 5062
f 5148 5540 3695
f 4758 5602 4900
f 4267 5540 5148
f 4758 5603 5602
f 4891 5540 4267
f 4758 5604 5603
f 4891 4758 5540
f 4758 5605 5604
f 5359 4758 4891
f 4758 5606 5605
f 5280 4758 5359
f 4758 5607 5606
f 5456 4758 5280
f 4758 5608 5607
f 5609 4758 5456
f 4758 5610 5608
f 5610 4758 5609
f 5611 5612 5613
f 5614 5611 5613
f 5615 5616 5617
f 5616 5618 5619
f 5618 5620 5621
f 5622 5623 5624
f 5623 5625 5626
f 5625 5627 5628
f 5629 5630 5631
f 5630 5632 5633
f 5632 5634 5635
f 5636 5637 5638
f 5637 5639 5640
f 5639 5641 5642
f 5643 5644 5645
f 5644 5646 5647
f 5646 5648 5649
f 5648 5650 5651
f 5650 5652 5653
f 5652 5654 5655
f 5654 5656 5657
f 5656 5658 5659
f 5660 5661 5662
f 5661 5663 5664
f 5663 5665 5666
f 5665 5667 5668
f 5669 5670 5671
f 5670 5672 5673
f 5672 5674 5675
f 5676 5677 5678
f 5677 5679 5680
f 5679 5681 5682
f 5681 5683 5684
f 5685 5686 5687
f 5686 5688 5689
f 5688 5690 5691
f 5692 5693 5694
f 5693 5695 5696
f 5695 5697 5698
f 5699 5700 5701
f 5700 5702 5703
f 5704 5705 5706
f 5705 5707 5708
f 5707 5709 5710
f 5711 5712 5713
f 5714 5715 5716
f 5715 5717 5718
f 5717 5719 5720
f 5719 5721 5722
f 5723 5724 5725
f 5724 5726 5727
f 5726 5728 5729
f 5728 5730 5731
f 5732 5733 5734
f 5733 5735 5736
f 5735 5737 5738
f 5739 5740 5741
f 5740 5742 5743
f 5742 5744 5745
f 5746 5747 5748
f 5747 5749 5750
f 5749 5751 5752
f 5753 5713 5712
f 5754 5755 5756
f 5755 5757 5758
f 5757 5759 5760
f 5761 5762 5763
f 5762 5764 5765
f 5764 5766 5767
f 5768 5769 5770
f 5769 5771 5772
f 5771 5773 5774
f 5775 5776 5777
f 5776 5778 5779
f 5778 5780 5781
f 5782 5783 5784
f 5783 5785 5786
f 5785 5787 5788
f 5787 5789 5790
f 5789 5791 5792
f 5791 5793 5794
f 5795 5796 5797
f 5796 5798 5799
f 5798 5800 5801
f 5800 5802 5803
f 5804 5805 5806
f 5805 5807 5808
f 5807 5809 5810
f 5809 5811 5812
f 5813 5814 5815
f 5814 5816 5817
f 5816 5818 5819
f 5820 5821 5822
f 5821 5823 5824
f 5823 5825 5826
f 5827 5828 5829
f 5828 5830 5831
f 5830 5832 5833
f 5832 5834 5835
f 5834 5836 5837
f 5836 5838 5839
f 5838 5840 5841
f 5842 5843 5844
f 5843 5845 5846
f 5847 5848 5849
f 5848 5850 5851
f 5850 5852 5853
f 5852 5854 5855
f 5854 5856 5857
f 5856 5858 5859
f 5860 5861 5862
f 5861 5863 5864
f 5863 5865 5866
f 5867 5868 5869
f 5868 5870 5871
f 5870 5872 5873
f 5874 5875 5876
f 5875 5877 5878
f 5877 5879 5880
f 5879 5881 5882
f 5883 5884 5885
f 5884 5886 5887
f 5886 5888 5889
f 5888 5890 5891
f 5892 5893 5894
f 5893 5895 5896
f 5895 5897 5898
f 5899 5900 5901
f 5900 5902 5903
f 5902 5904 5905
f 5904 5906 5907
f 5906 5908 5909
f 5908 5910 5911
f 5910 5912 5913
f 5914 5915 5916
f 5915 5917 5918
f 5917 5919 5920
f 5921 5922 5923
f 5922 5924 5925
f 5924 5926 5927
f 5928 5929 5930
f 5929 5931 5932
f 5931 5933 5934
f 5935 5936 5937
f 5936 5938 5939
f 5938 5940 5941
f 5942 5943 5944
f 5943 5945 5946
f 5945 5947 5948
f 5947 5949 5950
f 5949 5951 5952
f 5951 5953 5954
f 5953 5955 5956
f 5955 5957 5958
f 5957 5959 5960
f 5961 5962 5963
f 5962 5964 5965
f 5964 5966 5967
f 5968 5969 5970
f 5969 5971 5972
f 5971 5973 5974
f 5973 5975 5976
f 5977 5978 5979
f 5978 5980 5981
f 5980 5982 5983
f 5984 5985 5986
f 5985 5987 5988
f 5987 5989 5990
f 5991 5992 5993
f 5992 5994 5995
f 5994 5996 5997
f 5996 5998 5999
f 6000 6001 6002
f 6001 6003 6004
f 6003 6005 6006
f 6007 6008 6009
f 6008 6010 6011
f 6010 6012 6013
f 6014 6015 6016
f 6015 6017 6018
f 6017 6019 6020
f 6021 6022 6023
f 6022 6024 6025
f 6024 6026 6027
f 6026 6028 6029
f 6030 6031 6032
f 6031 6033 6034
f 6033 6035 6036
f 6035 6037 6038
f 6039 6040 6041
f 6040 6042 6043
f 6042 6044 6045
f 6044 6046 6047
f 6048 6049 6050
f 6049 6051 6052
f 6051 6053 6054
f 6055 6056 6057
f 6056 6058 6059
f 6058 6060 6061
f 6062 6063 6064
f 6063 6065 6066
f 6065 6067 6068
f 6069 6070 6071
f 6070 6072 6073
f 6072 6074 6075
f 6076 6077 6078
f 6077 6079 6080
f 6079 6081 6082
f 6083 6084 6085
f 6084 6086 6087
f 6086 6088 6089
f 6088 6090 6091
f 6092 6093 6094
f 6093 6095 6096
f 6095 6097 6098
f 6097 6099 6100
f 6101 6102 6103
f 6102 6104 6105
f 6104 6106 6107
f 6108 6109 6110
f 6109 6111 6112
f 6111 6113 6114
f 6113 6115 6116
f 6117 6118 6119
f 6118 6120 6121
f 6120 6122 6123
f 6122 6124 6125
f 6126 6127 6128
f 6127 6129 6130
f 6129 6131 6132
f 6131 6133 6134
f 6135 6136 6137
f 6136 6138 6139
f 6138 6140 6141
f 6140 6142 6143
f 6144 6145 6146
f 6145 6147 6148
f 6147 6149 6150
f 6149 6151 6152
f 6153 6154 6155
f 6154 6156 6157
f 6156 6158 6159
f 6158 6160 6161
f 6162 6163 6164
f 6163 6165 6166
f 6165 6167 6168
f 6169 6170 6171
f 6170 6172 6173
f 6172 6174 6175
f 6176 6177 6178
f 6177 6179 6180
f 6179 6181 6182
f 6181 6183 6184
f 6185 6186 6187
f 6186 6188 6189
f 6188 6190 6191
f 6190 6192 6193
f 6194 6195 6196
f 6195 6197 6198
f 6197 6199 6200
f 6201 6202 6203
f 6202 6204 6205
f 6204 6206 6207
f 6208 6209 6210
f 6209 6211 6212
f 6211 6213 6214
f 6213 6215 6216
f 6217 6218 6219
f 6218 6220 6221
f 6220 6222 6223
f 6224 6225 6226
f 6225 6227 6228
f 6227 6229 6230
f 6229 6231 6232
f 6231 6233 6234
f 6233 6235 6236
f 6237 6238 6239
f 6238 6240 6241
f 6240 6242 6243
f 6244 6245 6246
f 6245 6247 6248
f 6247 6249 6250
f 6249 6251 6252
f 6253 6254 6255
f 6254 6256 6257
f 6256 6258 6259
f 6260 6261 6262
f 6261 6263 6264
f 6263 6265 6266
f 6267 6268 6269
f 6268 6270 6271
f 6270 6272 6273
f 6274 6275 6276
f 6275 6277 6278
f 6277 6279 6280
f 6279 6281 6282
f 6281 6283 6284
f 6283 6285 6286
f 6287 6288 6289
f 6288 6290 6291
f 6290 6292 6293
f 6294 6295 6296
f 6295 6297 6298
f 6297 6299 6300
f 6301 6302 6303
f 6302 6304 6305
f 6304 6306 6307
f 6308 6309 6310
f 6309 6311 6312
f 6311 6313 6314
f 6313 6315 6316
f 6317 6318 6319
f 6318 6320 6321
f 6320 6322 6323
f 6322 6324 6325
f 6326 6327 6328
f 6327 6329 6330
f 6329 6331 6332
f 6331 6333 6334
f 6335 6336 6337
f 6336 6338 6339
f 6338 6340 6341
f 6340 6342 6343
f 6342 6344 6345
f 6344 6346 6347
f 6346 6348 6349
f 6348 6350 6351
f 6350 6352 6353
f 6352 6354 6355
f 6356 6357 6358
f 6357 6359 6360
f 6359 6361 6362
f 6361 6363 6364
f 6363 6365 6366
f 6365 6367 6368
f 6367 6369 6370
f 6369 6371 6372
f 6371 6373 6374
f 6373 6375 6376
f 6377 6378 6379
f 6378 6380 6381
f 6380 6382 6383
f 6384 6385 6386
f 6385 6387 6388
f 6387 6389 6390
f 6391 6392 6393
f 6392 6394 6395
f 6394 6396 6397
f 6396 6398 6399
f 6398 6400 6401
f 6400 6402 6403
f 6404 6405 6406
f 6405 6407 6408
f 6407 6409 6410
f 6409 6411 6412
f 6413 6414 6415
f 6414 6416 6417
f 6416 6418 6419
f 6420 6421 6422
f 6421 6423 6424
f 6423 6425 6426
f 6425 6427 6428
f 6429 6430 6431
f 6430 6432 6433
f 6432 6434 6435
f 6436 6437 6438
f 6437 6439 6440
f 6439 6441 6442
f 6443 6444 6445
f 6444 6446 6447
f 6446 6448 6449
f 6450 6451 6452
f 6451 6453 6454
f 6453 6455 6456
f 6457 6458 6459
f 6458 6460 6461
f 6460 6462 6463
f 6462 6464 6465
f 6466 6467 6468
f 6467 6469 6470
f 6469 6471 6472
f 6473 6474 6475
f 6474 6476 6477
f 6476 6478 6479
f 6480 6481 6482
f 6481 6483 6484
f 6483 6485 6486
f 6485 6487 6488
f 6487 6489 6490
f 6489 6491 6492
f 6491 6493 6494
f 6493 6495 6496
f 6495 6497 6498
f 6497 6499 6500
f 6501 6502 6503
f 6502 6504 6505
f 6504 6506 6507
f 6506 6508 6509
f 6510 6511 6512
f 6511 6513 6514
f 6513 6515 6516
f 6515 6517 6518
f 6517 6519 6520
f 6519 6521 6522
f 6521 6523 6524
f 6523 6525 6526
f 6525 6527 6528
f 6529 6530 6531
f 6530 6532 6533
f 6532 6534 6535
f 6534 6536 6537
f 6538 6539 6540
f 6539 6541 6542
f 6541 6543 6544
f 6545 6546 6547
f 6546 6548 6549
f 6548 6550 6551
f 6550 6552 6553
f 6552 6554 6555
f 6556 6557 6558
f 6557 6559 6560
f 6559 6561 6562
f 6561 6563 6564
f 6565 6566 6567
f 6566 6568 6569
f 6568 6570 6571
f 6572 6573 6574
f 6573 6575 6576
f 6575 6577 6578
f 6579 6580 6581
f 6580 6582 6583
f 6582 6584 6585
f 6584 6586 6587
f 6586 6588 6589
f 6588 6590 6591
f 6590 6592 6593
f 6592 6594 6595
f 6594 6596 6597
f 6596 6598 6599
f 6600 6601 6602
f 6601 6603 6604
f 6603 6605 6606
f 6605 6607 6608
f 6609 6610 6611
f 6610 6612 6613
f 6612 6614 6615
f 6616 6617 6618
f 6617 6619 6620
f 6619 6621 6622
f 6621 6623 6624
f 6625 6626 6627
f 6626 6628 6629
f 6628 6630 6631
f 6630 6632 6633
f 6634 6635 6636
f 6635 6637 6638
f 6637 6639 6640
f 6641 6642 6643
f 6642 6644 6645
f 6644 6646 6647
f 6648 6649 6650
f 6649 6651 6652
f 6651 6653 6654
f 6655 6656 6657
f 6656 6658 6659
f 6658 6660 6661
f 6662 6663 6664
f 6663 6665 6666
f 6665 6667 6668
f 6669 6670 6671
f 6670 6672 6673
f 6672 6674 6675
f 6676 6677 6678
f 6677 6679 6680
f 6679 6681 6682
f 6683 6684 6685
f 6684 6686 6687
f 6686 6688 6689
f 6688 6690 6691
f 6692 6693 6694
f 6693 6695 6696
f 6695 6697 6698
f 6699 6700 6701
f 6700 6702 6703
f 6702 6704 6705
f 6704 6706 6707
f 6706 6708 6709
f 6708 6710 6711
f 6712 6713 6714
f 6713 6715 6716
f 6715 6717 6718
f 6719 6720 6721
f 6720 6722 6723
f 6722 6724 6725
f 6726 6727 6728
f 6727 6729 6730
f 6729 6731 6732
f 6733 6734 6735
f 6734 6736 6737
f 6736 6738 6739
f 6740 6741 6742
f 6741 6743 6744
f 6743 6745 6746
f 6747 6748 6749
f 6748 6750 6751
f 6750 6752 6753
f 6754 6755 6756
f 6755 6757 6758
f 6757 6759 6760
f 6761 6762 6763
f 6762 6764 6765
f 6764 6766 6767
f 6768 6769 6770
f 6769 6771 6772
f 6771 6773 6774
f 6775 6776 6777
f 6776 6778 6779
f 6778 6780 6781
f 6782 6783 6784
f 6783 6785 6786
f 6785 6787 6788
f 6789 6790 6791
f 6790 6792 6793
f 6792 6794 6795
f 6794 6796 6797
f 6796 6798 6799
f 6798 6800 6801
f 6802 6803 6804
f 6803 6805 6806
f 6805 6807 6808
f 6809 6810 6811
f 6810 6812 6813
f 6812 6814 6815
f 6816 6817 6818
f 6817 6819 6820
f 6819 6821 6822
f 6823 6824 6825
f 6824 6826 6827
f 6826 6828 6829
f 6828 6830 6831
f 6830 6832 6833
f 6832 6834 6835
f 6834 6836 6837
f 6836 6838 6839
f 6838 6840 6841
f 6842 6843 6844
f 6843 6845 6846
f 6845 6847 6848
f 6847 6849 6850
f 6851 6852 6853
f 6852 6854 6855
f 6854 6856 6857
f 6856 6858 6859
f 6860 6861 6862
f 6861 6863 6864
f 6863 6865 6866
f 6867 6868 6869
f 6868 6870 6871
f 6870 6872 6873
f 6872 6874 6875
f 6876 6877 6878
f 6877 6879 6880
f 6879 6881 6882
f 6881 6883 6884
f 6883 6885 6886
f 6885 6887 6888
f 6889 6890 6891
f 6890 6892 6893
f 6892 6894 6895
f 6894 6896 6897
f 6898 6899 6900
f 6899 6901 6902
f 6901 6903 6904
f 6905 6906 6907
f 6906 6908 6909
f 6908 6910 6911
f 6912 6913 6914
f 6913 6915 6916
f 6915 6917 6918
f 6919 6920 6921
f 6920 6922 6923
f 6922 6924 6925
f 6924 6926 6927
f 6928 6929 6930
f 6929 6931 6932
f 6931 6933 6934
f 6933 6935 6936
f 6937 6938 6939
f 6938 6940 6941
f 6940 6942 6943
f 6942 6944 6945
f 6944 6946 6947
f 6946 6948 6949
f 6948 6950 6951
f 6950 6952 6953
f 6952 6954 6955
f 6956 6957 6958
f 6957 6959 6960
f 6959 6961 6962
f 6963 6964 6965
f 6964 6966 6967
f 6966 6968 6969
f 6970 6971 6972
f 6971 6973 6974
f 6973 6975 6976
f 6975 6977 6978
f 6977 6979 6980
f 6979 6981 6982
f 6981 6983 6984
f 6985 6986 6987
f 6986 6988 6989
f 6988 6990 6991
f 6990 6992 6993
f 6994 6995 6996
f 6995 6997 6998
f 6997 6999 7000
f 7001 7002 7003
f 7002 7004 7005
f 7004 7006 7007
f 7008 7009 7010
f 7009 7011 7012
f 7011 7013 7014
f 7015 7016 7017
f 7016 7018 7019
f 7018 7020 7021
f 7022 7023 7024
f 7023 7025 7026
f 7025 7027 7028
f 7027 7029 7030
f 7029 7031 7032
f 7031 7033 7034
f 7033 7035 7036
f 7037 7038 7039
f 7038 7040 7041
f 7040 7042 7043
f 7044 7045 7046
f 7045 7047 7048
f 7047 7049 7050
f 7051 7052 7053
f 7052 7054 7055
f 7054 7056 7057
f 7056 7058 7059
f 7058 7060 7061
f 7060 7062 7063
f 7062 7064 7065
f 7064 7066 7067
f 7066 7068 7069
f 7068 7070 7071
f 7072 7073 7074
f 7073 7075 7076
f 7075 7077 7078
f 7077 7079 7080
f 7081 7082 7083
f 7082 7084 7085
f 7086 7087 7088
f 7089 7090 7091
f 7090 7092 7093
f 7092 7094 7095
f 7096 7097 7098
f 7097 7099 7100
f 7099 7101 7102
f 7101 7103 7104
f 7103 7105 7106
f 7105 7107 7108
f 7107 7109 7110
f 7109 7111 7112
f 7111 7113 7114
f 7115 7116 7117
f 7116 7118 7119
f 7118 7120 7121
f 7122 7123 7124
f 7123 7125 7126
f 7125 7127 7128
f 7129 7130 7131
f 7130 7132 7133
f 7132 7134 7135
f 7134 7136 7137
f 7136 7138 7139
f 7138 7140 7141
f 7140 7142 7143
f 7142 7144 7145
f 7144 7146 7147
f 7146 7148 7149
f 7148 7150 7151
f 7150 7152 7153
f 7152 7154 7155
f 7156 7157 7158
f 7157 7159 7160
f 7159 7161 7162
f 7161 7163 7164
f 7165 7166 7167
f 7166 7168 7169
f 7168 7170 7171
f 7170 7172 7173
f 7174 7175 7176
f 7175 7177 7178
f 7177 7179 7180
f 7181 7182 7183
f 7182 7184 7185
f 7184 7186 7187
f 7186 7188 7189
f 7188 7190 7191
f 7190 7192 7193
f 7192 7194 7195
f 7196 7197 7198
f 7197 7199 7200
f 7199 7201 7202
f 7201 7203 7204
f 7203 7205 7206
f 7205 7207 7208
f 7209 7210 7211
f 7210 7212 7213
f 7212 7214 7215
f 7214 7216 7217
f 7216 7218 7219
f 7218 7220 7221
f 7222 7223 7224
f 7223 7225 7226
f 7225 7227 7228
f 7229 7230 7231
f 7230 7232 7233
f 7232 7234 7235
f 7234 7236 7237
f 7238 7239 7240
f 7239 7241 7242
f 7241 7243 7244
f 7243 7245 7246
f 7247 7248 7249
f 7248 7250 7251
f 7250 7252 7253
f 7254 7255 7256
f 7255 7257 7258
f 7257 7259 7260
f 7259 7261 7262
f 7263 7264 7265
f 7264 7266 7267
f 7266 7268 7269
f 7270 7271 7272
f 7271 7273 7274
f 7273 7275 7276
f 7275 7277 7278
f 7279 7280 7281
f 7280 7282 7283
f 7282 7284 7285
f 7286 7287 7288
f 7287 7289 7290
f 7289 7291 7292
f 7293 7294 7295
f 7294 7296 7297
f 7296 7298 7299
f 7300 7301 7302
f 7301 7303 7304
f 7303 7305 7306
f 7307 7308 7309
f 7308 7310 7311
f 7310 7312 7313
f 7314 7315 7316
f 7315 7317 7318
f 7317 7319 7320
f 7321 7322 7323
f 7322 7324 7325
f 7324 7326 7327
f 7326 7328 7329
f 7330 7331 7332
f 7331 7333 7334
f 7333 7335 7336
f 7337 7338 7339
f 7338 7340 7341
f 7340 7342 7343
f 7344 7345 7346
f 7345 7347 7348
f 7347 7349 7350
f 7351 7352 7353
f 7352 7354 7355
f 7354 7356 7357
f 7358 7359 7360
f 7359 7361 7362
f 7361 7363 7364
f 7365 7366 7367
f 7366 7368 7369
f 7368 7370 7371
f 7372 7373 7374
f 7373 7375 7376
f 7375 7377 7378
f 7379 7380 7381
f 7380 7382 7383
f 7382 7384 7385
f 7386 7387 7388
f 7387 7389 7390
f 7389 7391 7392
f 7393 7326 7329
f 7394 7395 7396
f 7395 7397 7398
f 7397 7399 7400
f 7399 7401 7402
f 7403 7404 7405
f 7404 7406 7407
f 7406 7408 7409
f 7408 7410 7411
f 7412 7413 7414
f 7413 7415 7416
f 7415 7417 7418
f 7417 7419 7420
f 7419 7421 7422
f 7421 7423 7424
f 7423 7425 7426
f 7425 7427 7428
f 7427 7429 7430
f 7431 7432 7433
f 7432 7434 7435
f 7434 7436 7437
f 7436 7438 7439
f 7440 7441 7442
f 7441 7443 7444
f 7443 7445 7446
f 7445 7447 7448
f 7449 7450 7451
f 7450 7452 7453
f 7452 7454 7455
f 7456 7457 7458
f 7457 7459 7460
f 7459 7461 7462
f 7463 7464 7465
f 7464 7466 7467
f 7466 7468 7469
f 7470 7471 7472
f 7471 7473 7474
f 7473 7475 7476
f 7477 7478 7479
f 7478 7480 7481
f 7480 7482 7483
f 7484 7485 7486
f 7485 7487 7488
f 7487 7489 7490
f 7489 7491 7492
f 7493 7494 7495
f 7494 7496 7497
f 7496 7498 7499
f 7500 7501 7502
f 7501 7503 7504
f 7503 7505 7506
f 7507 7508 7509
f 7508 7510 7511
f 7510 7512 7513
f 7514 7515 7516
f 7515 7517 7518
f 7517 7519 7520
f 7519 7521 7522
f 7523 7524 7525
f 7524 7526 7527
f 7526 7528 7529
f 7530 7531 7532
f 7531 7533 7534
f 7533 7535 7536
f 7537 7538 7539
f 7538 7540 7541
f 7540 7542 7543
f 7544 7545 7546
f 7545 7547 7548
f 7547 7549 7550
f 7551 7552 7553
f 7552 7554 7555
f 7554 7556 7557
f 7556 7558 7559
f 7558 7560 7561
f 7560 7562 7563
f 7562 7564 7565
f 7564 7566 7567
f 7566 7568 7569
f 7568 7570 7571
f 7570 7572 7573
f 7572 7574 7575
f 7576 7577 7578
f 7577 7579 7580
f 7579 7581 7582
f 7583 7584 7585
f 7584 7586 7587
f 7586 7588 7589
f 7588 7590 7591
f 7592 7593 7594
f 7593 7595 7596
f 7595 7597 7598
f 7597 7599 7600
f 7601 7602 7603
f 7602 7604 7605
f 7604 7606 7607
f 7606 7608 7609
f 7610 7611 7612
f 7611 7613 7614
f 7613 7615 7616
f 7617 7618 7619
f 7618 7620 7621
f 7620 7622 7623
f 7622 7624 7625
f 7624 7626 7627
f 7626 7628 7629
f 7630 7631 7632
f 7633 7634 7635
f 7634 7636 7637
f 7636 7638 7639
f 7638 7640 7641
f 7642 7643 7644
f 7643 7645 7646
f 7645 7647 7648
f 7649 7650 7651
f 7650 7652 7653
f 7652 7654 7655
f 7656 7657 7658
f 7657 7659 7660
f 7659 7661 7662
f 7663 7664 7665
f 7664 7666 7667
f 7666 7668 7669
f 7668 7670 7671
f 7672 7673 7674
f 7673 7675 7676
f 7677 7678 7679
f 7678 7680 7681
f 7680 7682 7683
f 7684 7685 7686
f 7685 7687 7688
f 7687 7689 7690
f 7689 7691 7692
f 7693 7694 7695
f 7694 7696 7697
f 7696 7698 7699
f 7700 7701 7702
f 7701 7703 7704
f 7703 7705 7706
f 7707 7708 7709
f 7708 7710 7711
f 7710 7712 7713
f 7714 7715 7716
f 7715 7717 7718
f 7717 7719 7720
f 7721 7722 7723
f 7722 7724 7725
f 7724 7726 7727
f 7726 7728 7729
f 7730 7731 7732
f 7731 7733 7734
f 7733 7735 7736
f 7737 7632 7631
f 7738 7739 7740
f 7741 7742 7743
f 7744 7745 7746
f 7747 7748 7749
f 7748 7750 7751
f 7750 7752 7753
f 7754 7755 7756
f 7755 7757 7758
f 7757 7759 7760
f 7761 7762 7763
f 7762 7764 7765
f 7764 7766 7767
f 7766 7768 7769
f 7770 7771 7772
f 7773 7774 7775
f 7774 7776 7777
f 7776 7778 7779
f 7780 7781 7782
f 7781 7783 7784
f 7783 7785 7786
f 7787 7746 7745
f 7788 7740 7739
f 7789 7790 7791
f 7790 7792 7793
f 7792 7794 7795
f 7796 7797 7798
f 7797 7799 7800
f 7799 7801 7802
f 7803 7804 7805
f 7804 7806 7807
f 7806 7808 7809
f 7810 7811 7812
f 7811 7813 7814
f 7813 7815 7816
f 7817 7818 7819
f 7818 7820 7821
f 7820 7822 7823
f 7824 7825 7826
f 7825 7827 7828
f 7827 7829 7830
f 7829 7831 7832
f 7831 7833 7834
f 7833 7835 7836
f 7835 7837 7838
f 7839 7840 7841
f 7840 7842 7843
f 7842 7844 7845
f 7846 7847 7848
f 7847 7849 7850
f 7849 7851 7852
f 7853 7854 7855
f 7854 7856 7857
f 7856 7858 7859
f 7858 7860 7861
f 7862 7863 7864
f 7863 7865 7866
f 7865 7867 7868
f 7867 7869 7870
f 7871 7872 7873
f 7872 7874 7875
f 7874 7876 7877
f 7878 7879 7880
f 7879 7881 7882
f 7881 7883 7884
f 7885 7886 7887
f 7886 7888 7889
f 7888 7890 7891
f 7890 7892 7893
f 7894 7895 7896
f 7895 7897 7898
f 7897 7899 7900
f 7901 7902 7903
f 7902 7904 7905
f 7904 7906 7907
f 7908 7909 7910
f 7909 7911 7912
f 7911 7913 7914
f 7915 7916 7917
f 7916 7918 7919
f 7918 7920 7921
f 7920 7922 7923
f 7924 7925 7926
f 7925 7927 7928
f 7927 7929 7930
f 7929 7931 7932
f 7933 7934 7935
f 7934 7936 7937
f 7936 7938 7939
f 7940 7941 7942
f 7941 7943 7944
f 7943 7945 7946
f 7947 7948 7949
f 7948 7950 7951
f 7950 7952 7953
f 7954 7955 7956
f 7955 7957 7958
f 7957 7959 7960
f 7961 7962 7963
f 7962 7964 7965
f 7964 7966 7967
f 7966 7968 7969
f 7970 7971 7972
f 7971 7973 7974
f 7973 7975 7976
f 7975 7977 7978
f 7979 7980 7981
f 7980 7982 7983
f 7982 7984 7985
f 7986 7987 7988
f 7987 7989 7990
f 7989 7991 7992
f 7993 7994 7995
f 7994 7996 7997
f 7996 7998 7999
f 7998 8000 8001
f 8002 8003 8004
f 8003 8005 8006
f 8005 8007 8008
f 8009 8010 8011
f 8010 8012 8013
f 8012 8014 8015
f 8014 8016 8017
f 8018 8019 8020
f 8019 8021 8022
f 8021 8023 8024
f 8025 8026 8027
f 8026 8028 8029
f 8028 8030 8031
f 8030 8032 8033
f 8034 8035 8036
f 8035 8037 8038
f 8037 8039 8040
f 8039 8041 8042
f 8043 8044 8045
f 8044 8046 8047
f 8046 8048 8049
f 8050 8051 8052
f 8051 8053 8054
f 8053 8055 8056
f 8057 8058 8059
f 8058 8060 8061
f 8060 8062 8063
f 8064 8065 8066
f 8065 8067 8068
f 8067 8069 8070
f 8069 8071 8072
f 8073 8074 8075
f 8074 8076 8077
f 8076 8078 8079
f 8078 8080 8081
f 8082 8083 8084
f 8083 8085 8086
f 8085 8087 8088
f 8089 8090 8091
f 8090 8092 8093
f 8092 8094 8095
f 8094 8096 8097
f 8098 8099 8100
f 8099 8101 8102
f 8101 8103 8104
f 8105 8106 8107
f 8106 8108 8109
f 8108 8110 8111
f 8112 8113 8114
f 8113 8115 8116
f 8115 8117 8118
f 8119 8120 8121
f 8120 8122 8123
f 8124 8125 8126
f 8125 8127 8128
f 8127 8129 8130
f 8131 8132 8133
f 8132 8134 8135
f 8134 8136 8137
f 8136 8138 8139
f 8138 8140 8141
f 8140 8142 8143
f 8142 8144 8145
f 8144 8146 8147
f 8146 8148 8149
f 8148 8150 8151
f 8150 8152 8153
f 8152 8154 8155
f 8156 8157 8158
f 8157 8159 8160
f 8159 8161 8162
f 8163 8164 8165
f 8164 8166 8167
f 8166 8168 8169
f 8170 8171 8172
f 8171 8173 8174
f 8173 8175 8176
f 8177 8178 8179
f 8178 8180 8181
f 8180 8182 8183
f 8184 8185 8186
f 8185 8187 8188
f 8187 8189 8190
f 8191 8192 8193
f 8192 8194 8195
f 8194 8196 8197
f 8196 8198 8199
f 8200 8201 8202
f 8201 8203 8204
f 8203 8205 8206
f 8205 8207 8208
f 8209 8210 8211
f 8210 8212 8213
f 8212 8214 8215
f 8216 8217 8218
f 8217 8219 8220
f 8219 8221 8222
f 8223 8224 8225
f 8224 8226 8227
f 8226 8228 8229
f 8230 8231 8232
f 8231 8233 8234
f 8233 8235 8236
f 8237 8238 8239
f 8238 8240 8241
f 8240 8242 8243
f 8242 8244 8245
f 8246 8247 8248
f 8247 8249 8250
f 8249 8251 8252
f 8253 8254 8255
f 8254 8256 8257
f 8256 8258 8259
f 8260 8261 8262
f 8261 8263 8264
f 8263 8265 8266
f 8267 8268 8269
f 8268 8270 8271
f 8270 8272 8273
f 8272 8274 8275
f 8276 8277 8278
f 8277 8279 8280
f 8279 8281 8282
f 8283 8284 8285
f 8284 8286 8287
f 8286 8288 8289
f 8290 8291 8292
f 8291 8293 8294
f 8293 8295 8296
f 8297 8298 8299
f 8298 8300 8301
f 8300 8302 8303
f 8304 8305 8306
f 8305 8307 8308
f 8307 8309 8310
f 8311 8312 8313
f 8312 8314 8315
f 8314 8316 8317
f 8316 8318 8319
f 8320 8321 8322
f 8321 8323 8324
f 8323 8325 8326
f 8327 8328 8329
f 8328 8330 8331
f 8330 8332 8333
f 8332 8334 8335
f 8336 8337 8338
f 8337 8339 8340
f 8339 8341 8342
f 8343 8344 8345
f 8344 8346 8347
f 8346 8348 8349
f 8350 8351 8352
f 8351 8353 8354
f 8353 8355 8356
f 8355 8357 8358
f 8357 8359 8360
f 8359 8361 8362
f 8361 8363 8364
f 8363 8365 8366
f 8365 8367 8368
f 8369 8370 8371
f 8370 8372 8373
f 8372 8374 8375
f 8376 8377 8378
f 8377 8379 8380
f 8379 8381 8382
f 8383 8384 8385
f 8384 8386 8387
f 8386 8388 8389
f 8390 8391 8392
f 8391 8393 8394
f 8393 8395 8396
f 8397 8398 8399
f 8398 8400 8401
f 8400 8402 8403
f 8402 8404 8405
f 8406 8407 8408
f 8407 8409 8410
f 8409 8411 8412
f 8411 8413 8414
f 8415 8416 8417
f 8416 8418 8419
f 8418 8420 8421
f 8420 8422 8423
f 8424 8425 8426
f 8425 8427 8428
f 8427 8429 8430
f 8429 8431 8432
f 8431 8433 8434
f 8433 8435 8436
f 8435 8437 8438
f 8439 8440 8441
f 8440 8442 8443
f 8442 8444 8445
f 8444 8446 8447
f 8448 8449 8450
f 8449 8451 8452
f 8451 8453 8454
f 8455 8456 8457
f 8456 8458 8459
f 8458 8460 8461
f 8462 8463 8464
f 8463 8465 8466
f 8465 8467 8468
f 8467 8469 8470
f 8469 8471 8472
f 8471 8473 8474
f 8473 8475 8476
f 8477 8478 8479
f 8478 8480 8481
f 8480 8482 8483
f 8484 8485 8486
f 8485 8487 8488
f 8487 8489 8490
f 8491 8492 8493
f 8492 8494 8495
f 8494 8496 8497
f 8498 8499 8500
f 8499 8501 8502
f 8501 8503 8504
f 8505 8506 8507
f 8506 8508 8509
f 8508 8510 8511
f 8510 8512 8513
f 8514 8515 8516
f 8515 8517 8518
f 8517 8519 8520
f 8521 8522 8523
f 8522 8524 8525
f 8524 8526 8527
f 8526 8528 8529
f 8530 8531 8532
f 8531 8533 8534
f 8533 8535 8536
f 8535 8537 8538
f 8539 8540 8541
f 8540 8542 8543
f 8542 8544 8545
f 8546 8547 8548
f 8547 8549 8550
f 8549 8551 8552
f 8553 8554 8555
f 8554 8556 8557
f 8556 8558 8559
f 8558 8560 8561
f 8562 8563 8564
f 8563 8565 8566
f 8565 8567 8568
f 8567 8569 8570
f 8571 8572 8573
f 8572 8574 8575
f 8574 8576 8577
f 8578 8579 8580
f 8579 8581 8582
f 8581 8583 8584
f 8583 8585 8586
f 8587 8588 8589
f 8588 8590 8591
f 8590 8592 8593
f 8594 8595 8596
f 8595 8597 8598
f 8597 8599 8600
f 8599 8601 8602
f 8603 8604 8605
f 8604 8606 8607
f 8606 8608 8609
f 8608 8610 8611
f 8610 8612 8613
f 8612 8614 8615
f 8616 8617 8618
f 8617 8619 8620
f 8619 8621 8622
f 8623 8081 8080
f 8624 8625 8626
f 8625 8627 8628
f 8627 8629 8630
f 8629 8631 8632
f 8631 8633 8634
f 8633 8635 8636
f 8637 8638 8639
f 8638 8640 8641
f 8640 8642 8643
f 8642 8644 8645
f 8646 8647 8648
f 8647 8649 8650
f 8649 8651 8652
f 8653 8654 8655
f 8654 8656 8657
f 8656 8658 8659
f 8658 8660 8661
f 8662 8663 8664
f 8663 8665 8666
f 8665 8667 8668
f 8669 8670 8671
f 8670 8672 8673
f 8672 8674 8675
f 8676 8677 8678
f 8677 8679 8680
f 8679 8681 8682
f 8683 8684 8685
f 8684 8686 8687
f 8686 8688 8689
f 8690 8691 8692
f 8691 8693 8694
f 8693 8695 8696
f 8695 8697 8698
f 8699 8700 8701
f 8700 8702 8703
f 8702 8704 8705
f 8706 8707 8708
f 8707 8709 8710
f 8709 8711 8712
f 8711 8713 8714
f 8715 8716 8717
f 8716 8718 8719
f 8718 8720 8721
f 8722 8723 8724
f 8723 8725 8726
f 8725 8727 8728
f 8727 8729 8730
f 8731 8732 8733
f 8732 8734 8735
f 8734 8736 8737
f 8738 8739 8740
f 8739 8741 8742
f 8741 8743 8744
f 8743 8745 8746
f 8745 8747 8748
f 8747 8749 8750
f 8749 8751 8752
f 8751 8753 8754
f 8753 8755 8756
f 8757 8758 8759
f 8758 8760 8761
f 8760 8762 8763
f 8764 7907 7906
f 7907 8765 8766
f 8767 8768 8769
f 8768 8770 8771
f 8770 8772 8773
f 8772 8774 8775
f 8776 8777 8778
f 8777 8779 8780
f 8779 8781 8782
f 8781 8783 8784
f 8783 8785 8786
f 8785 8787 8788
f 8787 8789 8790
f 8789 8791 8792
f 8791 8793 8794
f 8795 8796 8797
f 8796 8798 8799
f 8798 8800 8801
f 8800 8802 8803
f 8804 8805 8806
f 8805 8807 8808
f 8807 8809 8810
f 8809 8811 8812
f 8813 8814 8815
f 8814 8816 8817
f 8816 8818 8819
f 8820 8821 8822
f 8821 8823 8824
f 8823 8825 8826
f 8827 8828 8829
f 8828 8830 8831
f 8830 8832 8833
f 8834 8835 8836
f 8835 8837 8838
f 8837 8839 8840
f 8839 8841 8842
f 8841 8843 8844
f 8843 8845 8846
f 8847 8848 8849
f 8848 8850 8851
f 8850 8852 8853
f 8852 8854 8855
f 8856 8857 8858
f 8857 8859 8860
f 8859 8861 8862
f 8861 8863 8864
f 8863 8865 8866
f 8865 8867 8868
f 8867 8869 8870
f 8871 8872 8873
f 8872 8874 8875
f 8874 8876 8877
f 8878 8879 8880
f 8879 8881 8882
f 8881 8883 8884
f 8885 8886 8887
f 8886 8888 8889
f 8888 8890 8891
f 8890 8892 8893
f 8894 8895 8896
f 8895 8897 8898
f 8897 8899 8900
f 8901 8902 8903
f 8902 8904 8905
f 8904 8906 8907
f 8908 8867 8870
f 8867 8909 8910
f 8909 8911 8912
f 8913 8914 8915
f 8914 8916 8917
f 8916 8918 8919
f 8918 8920 8921
f 8922 8923 8924
f 8923 8925 8926
f 8925 8927 8928
f 8927 8929 8930
f 8931 8932 8933
f 8932 8934 8935
f 8934 8936 8937
f 8938 8939 8940
f 8939 8941 8942
f 8941 8943 8944
f 8943 8945 8946
f 8947 8948 8949
f 8948 8950 8951
f 8950 8952 8953
f 8954 8955 8956
f 8955 8957 8958
f 8957 8959 8960
f 8961 8962 8963
f 8962 8964 8965
f 8964 8966 8967
f 8966 8968 8969
f 8970 8971 8972
f 8971 8973 8974
f 8973 8975 8976
f 8975 8977 8978
f 8979 8980 8981
f 8980 8982 8983
f 8982 8984 8985
f 8986 8987 8988
f 8987 8989 8990
f 8989 8991 8992
f 8993 8994 8995
f 8994 8996 8997
f 8996 8998 8999
f 8998 9000 9001
f 9002 9003 9004
f 9003 9005 9006
f 9005 9007 9008
f 9007 9009 9010
f 9011 9012 9013
f 9012 9014 9015
f 9014 9016 9017
f 9018 9019 9020
f 9019 9021 9022
f 9021 9023 9024
f 9025 9026 9027
f 9026 9028 9029
f 9028 9030 9031
f 9032 9033 9034
f 9033 9035 9036
f 9035 9037 9038
f 9037 9039 9040
f 9041 9042 9043
f 9044 9045 9046
f 9047 9048 9049
f 9048 9050 9051
f 9050 9052 9053
f 9054 9055 9056
f 9055 9057 9058
f 9057 9059 9060
f 9061 9062 9063
f 9062 9064 9065
f 9064 9066 9067
f 9068 9069 9070
f 9069 9071 9072
f 9071 9073 9074
f 9075 9076 9077
f 9076 9078 9079
f 9078 9080 9081
f 9080 9082 9083
f 9084 9085 9086
f 9085 9087 9088
f 9087 9089 9090
f 9089 9091 9092
f 9093 9094 9095
f 9094 9096 9097
f 9096 9098 9099
f 9100 9101 9102
f 9101 9103 9104
f 9103 9105 9106
f 9107 9108 9109
f 9108 9110 9111
f 9110 9112 9113
f 9114 5612 5611
f 9115 5611 5614
f 5615 5618 5616
f 5618 9116 5620
f 5622 5625 5623
f 5625 9117 5627
f 9118 5630 5629
f 5630 5634 5632
f 5636 5639 5637
f 5639 9119 5641
f 9120 5644 5643
f 5644 5648 5646
f 5648 5652 5650
f 5652 5656 5654
f 5656 5660 5658
f 5660 5663 5661
f 5663 5667 5665
f 5669 5672 5670
f 5672 9121 5674
f 5676 5679 5677
f 5679 5683 5681
f 5685 5688 5686
f 5692 5695 5693
f 5695 9122 5697
f 5699 5702 5700
f 5704 5707 5705
f 5707 9123 5709
f 9124 5712 5711
f 5714 5717 5715
f 5717 5721 5719
f 5723 5726 5724
f 5726 5730 5728
f 9125 5733 5732
f 5733 5737 5735
f 9126 5740 5739
f 5740 5744 5742
f 5746 5749 5747
f 5749 9127 5751
f 9128 5713 5753
f 9129 5755 5754
f 5755 5759 5757
f 9130 5762 5761
f 5762 5766 5764
f 5768 5771 5769
f 5771 9131 5773
f 9132 5776 5775
f 5776 5780 5778
f 9133 5783 5782
f 5783 5787 5785
f 5787 5791 5789
f 5791 9134 5793
f 5795 5798 5796
f 5798 5802 5800
f 5804 5807 5805
f 5807 5811 5809
f 5813 5816 5814
f 5816 9135 5818
f 5820 5823 5821
f 5823 9136 5825
f 5827 5830 5828
f 5830 5834 5832
f 5834 5838 5836
f 5842 5845 5843
f 5847 5850 5848
f 5850 5854 5852
f 5854 5858 5856
f 9137 5861 5860
f 5861 5865 5863
f 5867 5870 5868
f 5870 9138 5872
f 9139 5875 5874
f 5875 5879 5877
f 9140 5884 5883
f 5884 5888 5886
f 5892 5895 5893
f 5895 9141 5897
f 5899 5902 5900
f 5902 5906 5904
f 5906 5910 5908
f 9142 5915 5914
f 5915 5919 5917
f 5921 5924 5922
f 5924 9143 5926
f 5928 5931 5929
f 5935 5938 5936
f 5938 9144 5940
f 5942 5945 5943
f 5945 5949 5947
f 5949 5953 5951
f 5953 5957 5955
f 5957 9145 5959
f 5961 5964 5962
f 5964 9146 5966
f 5968 5971 5969
f 5971 5975 5973
f 9147 5978 5977
f 5978 5982 5980
f 9148 5985 5984
f 5985 5989 5987
f 5991 5994 5992
f 5994 5998 5996
f 6000 6003 6001
f 6003 9149 6005
f 6007 6010 6008
f 6010 9150 6012
f 6014 6017 6015
f 6017 9151 6019
f 6021 6024 6022
f 6024 6028 6026
f 6030 6033 6031
f 6033 6037 6035
f 6039 6042 6040
f 6042 6046 6044
f 6048 6051 6049
f 6051 9152 6053
f 9153 6056 6055
f 6056 6060 6058
f 9154 6063 6062
f 6063 6067 6065
f 6069 6072 6070
f 6072 9155 6074
f 6076 6079 6077
f 6079 9156 6081
f 6083 6086 6084
f 6086 6090 6088
f 6092 6095 6093
f 6095 6099 6097
f 9157 6102 6101
f 6102 6106 6104
f 9158 6109 6108
f 6109 6113 6111
f 6113 9159 6115
f 6117 6120 6118
f 6120 6124 6122
f 6126 6129 6127
f 6129 6133 6131
f 6135 6138 6136
f 6138 6142 6140
f 9160 6145 6144
f 6145 6149 6147
f 6153 6156 6154
f 6156 6160 6158
f 9161 6163 6162
f 6163 6167 6165
f 9162 6170 6169
f 6170 6174 6172
f 6176 6179 6177
f 6179 6183 6181
f 6185 6188 6186
f 6188 6192 6190
f 6194 6197 6195
f 6197 9163 6199
f 6201 6204 6202
f 6204 9164 6206
f 6208 6211 6209
f 6211 6215 6213
f 6217 6220 6218
f 6220 9165 6222
f 6224 6227 6225
f 6227 6231 6229
f 6231 6235 6233
f 6237 6240 6238
f 6240 9166 6242
f 6244 6247 6245
f 6247 6251 6249
f 6253 6256 6254
f 6256 9167 6258
f 9168 6261 6260
f 6261 6265 6263
f 9169 6268 6267
f 6268 6272 6270
f 6274 6277 6275
f 6277 6281 6279
f 6281 6285 6283
f 6287 6290 6288
f 6294 6297 6295
f 6297 9170 6299
f 6301 6304 6302
f 6308 6311 6309
f 6311 6315 6313
f 6317 6320 6318
f 6320 6324 6322
f 6326 6329 6327
f 6329 6333 6331
f 9171 6336 6335
f 6336 6340 6338
f 6340 6344 6342
f 6344 6348 6346
f 6348 6352 6350
f 6356 6359 6357
f 6359 6363 6361
f 6363 6367 6365
f 6367 6371 6369
f 6371 6375 6373
f 6377 6380 6378
f 6380 9172 6382
f 6384 6387 6385
f 6387 9173 6389
f 9174 6392 6391
f 6392 6396 6394
f 6396 6400 6398
f 6400 9175 6402
f 6404 6407 6405
f 6407 6411 6409
f 9176 6414 6413
f 6414 6418 6416
f 6420 6423 6421
f 6423 6427 6425
f 6429 6432 6430
f 6432 9177 6434
f 9178 6437 6436
f 6437 6441 6439
f 6443 6446 6444
f 6446 9179 6448
f 9180 6451 6450
f 6451 6455 6453
f 6457 6460 6458
f 6460 6464 6462
f 6466 6469 6467
f 9181 6474 6473
f 6474 6478 6476
f 6480 6483 6481
f 6483 6487 6485
f 6487 6491 6489
f 6493 6497 6495
f 6497 9182 6499
f 6501 6504 6502
f 6504 6508 6506
f 6510 6513 6511
f 6513 6517 6515
f 6517 6521 6519
f 6521 6525 6523
f 6525 9183 6527
f 6529 6532 6530
f 6532 6536 6534
f 6538 6541 6539
f 6541 9184 6543
f 9184 6546 6545
f 6546 6550 6548
f 6550 6554 6552
f 6556 6559 6557
f 6559 6563 6561
f 9185 6566 6565
f 6566 6570 6568
f 6572 6575 6573
f 6575 9186 6577
f 6579 6582 6580
f 6582 6586 6584
f 6586 6590 6588
f 6590 6594 6592
f 6594 6598 6596
f 6600 6603 6601
f 6603 6607 6605
f 9187 6610 6609
f 6610 6614 6612
f 6616 6619 6617
f 6619 6623 6621
f 6625 6628 6626
f 6628 6632 6630
f 9188 6635 6634
f 6635 6639 6637
f 9189 6642 6641
f 6642 6646 6644
f 9190 6649 6648
f 6649 6653 6651
f 6655 6658 6656
f 6658 9191 6660
f 6662 6665 6663
f 6665 9192 6667
f 9193 6670 6669
f 6670 6674 6672
f 6676 6679 6677
f 6683 6686 6684
f 6686 6690 6688
f 6692 6695 6693
f 6695 9194 6697
f 9195 6700 6699
f 6700 6704 6702
f 6704 6708 6706
f 6708 9196 6710
f 9197 6713 6712
f 6713 6717 6715
f 6719 6722 6720
f 6722 9198 6724
f 6726 6729 6727
f 6729 9199 6731
f 6733 6736 6734
f 6736 9200 6738
f 6740 6743 6741
f 6743 9201 6745
f 6747 6750 6748
f 6750 9202 6752
f 9203 6755 6754
f 6755 6759 6757
f 9204 6762 6761
f 6762 6766 6764
f 9205 6769 6768
f 6769 6773 6771
f 9206 6776 6775
f 6776 6780 6778
f 9207 6783 6782
f 6783 6787 6785
f 6789 6792 6790
f 6792 6796 6794
f 6796 6800 6798
f 6802 6805 6803
f 6805 6809 6807
f 6809 6812 6810
f 6812 9208 6814
f 6816 6819 6817
f 6819 9209 6821
f 9210 6824 6823
f 6824 6828 6826
f 6828 6832 6830
f 6832 6836 6834
f 6836 6840 6838
f 6842 6845 6843
f 6845 6849 6847
f 9211 6852 6851
f 6852 6856 6854
f 6860 6863 6861
f 6863 9212 6865
f 6867 6870 6868
f 6870 6874 6872
f 6876 6879 6877
f 6879 6883 6881
f 6883 6887 6885
f 6889 6892 6890
f 6892 6896 6894
f 6898 6901 6899
f 9213 6906 6905
f 6906 6910 6908
f 6912 6915 6913
f 6915 9214 6917
f 6919 6922 6920
f 6922 6926 6924
f 6928 6931 6929
f 6931 6935 6933
f 6937 6940 6938
f 6940 6944 6942
f 6944 6948 6946
f 6948 6952 6950
f 6952 9215 6954
f 6956 6959 6957
f 6959 9216 6961
f 6963 6966 6964
f 6966 9217 6968
f 6970 6973 6971
f 6973 6977 6975
f 6977 6981 6979
f 6985 6988 6986
f 6988 6992 6990
f 9218 6995 6994
f 6995 6999 6997
f 7001 7004 7002
f 7008 7011 7009
f 7011 9219 7013
f 9220 7016 7015
f 7016 7020 7018
f 7022 7025 7023
f 7025 7029 7027
f 7029 7033 7031
f 9221 7038 7037
f 7038 7042 7040
f 7044 7047 7045
f 7047 9222 7049
f 7051 7054 7052
f 7054 7058 7056
f 7058 7062 7060
f 7062 7066 7064
f 7066 7070 7068
f 7072 7075 7073
f 7075 7079 7077
f 7081 7084 7082
f 7084 7087 7086
f 9223 7090 7089
f 7090 7094 7092
f 7096 7099 7097
f 7099 7103 7101
f 7103 7107 7105
f 7107 7111 7109
f 7111 9224 7113
f 9225 7116 7115
f 7116 7120 7118
f 7122 7125 7123
f 7125 9226 7127
f 7129 7132 7130
f 7132 7136 7134
f 7136 7140 7138
f 7140 7144 7142
f 7144 7148 7146
f 7148 7152 7150
f 7156 7159 7157
f 7159 7163 7161
f 7165 7168 7166
f 7168 7172 7170
f 9227 7175 7174
f 7175 7179 7177
f 7181 7184 7182
f 7184 7188 7186
f 7188 7192 7190
f 7196 7199 7197
f 7199 7203 7201
f 7203 7207 7205
f 9228 7210 7209
f 7210 7214 7212
f 7214 7218 7216
f 7218 9229 7220
f 9230 7223 7222
f 7223 7227 7225
f 7229 7232 7230
f 7232 7236 7234
f 7238 7241 7239
f 7241 7245 7243
f 7247 7250 7248
f 7254 7257 7255
f 7257 7261 7259
f 7263 7266 7264
f 7270 7273 7271
f 7273 7277 7275
f 7279 7282 7280
f 7282 9231 7284
f 9232 7287 7286
f 7287 7291 7289
f 7293 7296 7294
f 7296 9233 7298
f 7300 7303 7301
f 7303 9234 7305
f 9235 7308 7307
f 7308 7312 7310
f 7314 7317 7315
f 7317 9236 7319
f 7321 7324 7322
f 7324 7328 7326
f 7330 7333 7331
f 7333 9237 7335
f 9238 7338 7337
f 7338 7342 7340
f 9239 7345 7344
f 7345 7349 7347
f 7351 7354 7352
f 9240 7359 7358
f 7359 7363 7361
f 9241 7366 7365
f 7366 7370 7368
f 7372 7375 7373
f 7375 9242 7377
f 9243 7380 7379
f 7380 7384 7382
f 9244 7387 7386
f 7387 7391 7389
f 9245 7326 7393
f 7394 7397 7395
f 7397 7401 7399
f 7403 7406 7404
f 7406 7410 7408
f 7412 7415 7413
f 7415 7419 7417
f 7419 7423 7421
f 7423 7427 7425
f 7427 9246 7429
f 7431 7434 7432
f 7434 7438 7436
f 7440 7443 7441
f 7443 7447 7445
f 9247 7450 7449
f 7450 7454 7452
f 7456 7459 7457
f 7459 9248 7461
f 7463 7466 7464
f 7466 9249 7468
f 7470 7473 7471
f 7473 9250 7475
f 9251 7478 7477
f 7478 7482 7480
f 7484 7487 7485
f 7487 7491 7489
f 7493 7496 7494
f 7496 9252 7498
f 7500 7503 7501
f 7503 9253 7505
f 9254 7508 7507
f 7508 7512 7510
f 7514 7517 7515
f 7517 7521 7519
f 7523 7526 7524
f 9255 7531 7530
f 7531 7535 7533
f 9256 7538 7537
f 7538 7542 7540
f 9257 7545 7544
f 7545 7549 7547
f 7551 7554 7552
f 7554 7558 7556
f 7558 7562 7560
f 7562 7566 7564
f 7566 7570 7568
f 7570 7574 7572
f 9258 7577 7576
f 7577 7581 7579
f 7583 7586 7584
f 7586 7590 7588
f 7592 7595 7593
f 7595 7599 7597
f 7601 7604 7602
f 7604 7608 7606
f 7610 7613 7611
f 7613 9259 7615
f 9260 7618 7617
f 7618 7622 7620
f 7622 7626 7624
f 7626 9261 7628
f 9261 7631 7630
f 7633 7636 7634
f 7636 7640 7638
f 7642 7645 7643
f 7645 9262 7647
f 9263 7650 7649
f 7650 7654 7652
f 7656 7659 7657
f 7659 9264 7661
f 7663 7666 7664
f 7666 7670 7668
f 7672 7675 7673
f 7677 7680 7678
f 7680 9265 7682
f 7684 7687 7685
f 7687 7691 7689
f 9266 7694 7693
f 7694 7698 7696
f 9267 7701 7700
f 7701 7705 7703
f 9268 7708 7707
f 7708 7712 7710
f 9269 7715 7714
f 7715 7719 7717
f 7721 7724 7722
f 7724 7728 7726
f 9270 7731 7730
f 7731 7735 7733
f 9271 7632 7737
f 9272 7739 7738
f 7742 7745 7744
f 7747 7750 7748
f 7754 7757 7755
f 7757 9273 7759
f 7761 7764 7762
f 7764 7768 7766
f 9274 7771 7770
f 7773 7776 7774
f 7776 9275 7778
f 7780 7783 7781
f 7783 9276 7785
f 9277 7746 7787
f 9278 7740 7788
f 7789 7792 7790
f 7792 9279 7794
f 9280 7797 7796
f 7797 7801 7799
f 7803 7806 7804
f 9281 7811 7810
f 7811 7815 7813
f 9282 7818 7817
f 7818 7822 7820
f 7824 7827 7825
f 7827 7831 7829
f 7831 7835 7833
f 7839 7842 7840
f 7842 9283 7844
f 7846 7849 7847
f 7849 9284 7851
f 7853 7856 7854
f 7856 7860 7858
f 7862 7865 7863
f 7865 7869 7867
f 9285 7872 7871
f 7872 7876 7874
f 9286 7879 7878
f 7879 7883 7881
f 7885 7888 7886
f 7888 7892 7890
f 9287 7895 7894
f 7895 7899 7897
f 7901 7904 7902
f 7904 9288 7906
f 9289 7909 7908
f 7909 7913 7911
f 7915 7918 7916
f 7918 7922 7920
f 7924 7927 7925
f 7927 7931 7929
f 7933 7936 7934
f 7936 9290 7938
f 9291 7941 7940
f 7941 7945 7943
f 7947 7950 7948
f 7950 9292 7952
f 7954 7957 7955
f 7957 9293 7959
f 7961 7964 7962
f 7964 7968 7966
f 7970 7973 7971
f 7973 7977 7975
f 9294 7980 7979
f 7980 7984 7982
f 9295 7987 7986
f 7987 7991 7989
f 7993 7996 7994
f 7996 8000 7998
f 8002 8005 8003
f 8009 8012 8010
f 8012 8016 8014
f 9296 8019 8018
f 8019 8023 8021
f 8025 8028 8026
f 8028 8032 8030
f 8034 8037 8035
f 8037 8041 8039
f 9297 8044 8043
f 8044 8048 8046
f 8050 8053 8051
f 8053 9298 8055
f 9299 8058 8057
f 8058 8062 8060
f 8064 8067 8065
f 8067 8071 8069
f 9300 8074 8073
f 8074 8078 8076
f 8078 9301 8080
f 9302 8083 8082
f 8083 8087 8085
f 8089 8092 8090
f 8092 8096 8094
f 9303 8099 8098
f 8099 8103 8101
f 9304 8106 8105
f 8106 8110 8108
f 8112 8115 8113
f 8115 8119 8117
f 8119 8122 8120
f 8122 8125 8124
f 8125 8129 8127
f 8131 8134 8132
f 8134 8138 8136
f 8138 8142 8140
f 8142 8146 8144
f 8146 8150 8148
f 8150 8154 8152
f 9305 8157 8156
f 8157 8161 8159
f 9306 8164 8163
f 8164 8168 8166
f 9307 8171 8170
f 8171 8175 8173
f 9308 8178 8177
f 8178 8182 8180
f 8184 8187 8185
f 8187 9309 8189
f 8191 8194 8192
f 8194 8198 8196
f 8200 8203 8201
f 8203 8207 8205
f 9310 8210 8209
f 8210 8214 8212
f 9311 8217 8216
f 8217 8221 8219
f 9312 8224 8223
f 8224 8228 8226
f 9313 8231 8230
f 8231 8235 8233
f 8237 8240 8238
f 8240 8244 8242
f 9314 8247 8246
f 8247 8251 8249
f 9315 8254 8253
f 8254 8258 8256
f 8260 8263 8261
f 8263 9316 8265
f 9317 8268 8267
f 8268 8272 8270
f 8272 9318 8274
f 8276 8279 8277
f 8279 9319 8281
f 9320 8284 8283
f 8284 8288 8286
f 8290 8293 8291
f 8293 9321 8295
f 9322 8298 8297
f 8298 8302 8300
f 8304 8307 8305
f 8307 9323 8309
f 8311 8314 8312
f 8314 8318 8316
f 9324 8321 8320
f 8321 8325 8323
f 8328 8332 8330
f 9325 8337 8336
f 8337 8341 8339
f 8343 8346 8344
f 8346 9326 8348
f 9327 8351 8350
f 8351 8355 8353
f 8355 8359 8357
f 8359 8363 8361
f 8363 8367 8365
f 9328 8370 8369
f 8370 8374 8372
f 8376 8379 8377
f 8379 9329 8381
f 8383 8386 8384
f 8390 8393 8391
f 8393 9330 8395
f 9331 8398 8397
f 8398 8402 8400
f 8402 9332 8404
f 9333 8407 8406
f 8407 8411 8409
f 8411 9334 8413
f 8415 8418 8416
f 8418 8422 8420
f 9335 8425 8424
f 8425 8429 8427
f 8429 8433 8431
f 8433 8437 8435
f 8439 8442 8440
f 8442 8446 8444
f 9336 8449 8448
f 8449 8453 8451
f 8455 8458 8456
f 8458 9337 8460
f 9338 8463 8462
f 8463 8467 8465
f 8467 8471 8469
f 8471 8475 8473
f 8477 8480 8478
f 8480 9339 8482
f 9340 8485 8484
f 8485 8489 8487
f 9341 8492 8491
f 8492 8496 8494
f 8498 8501 8499
f 8501 9342 8503
f 8505 8508 8506
f 8508 8512 8510
f 8514 8517 8515
f 8517 9343 8519
f 8521 8524 8522
f 8524 8528 8526
f 8530 8533 8531
f 8533 8537 8535
f 9344 8540 8539
f 8540 8544 8542
f 9345 8547 8546
f 8547 8551 8549
f 8553 8556 8554
f 8556 8560 8558
f 8562 8565 8563
f 8565 8569 8567
f 8571 8574 8572
f 8574 9346 8576
f 8578 8581 8579
f 8581 8585 8583
f 8587 8590 8588
f 8590 9347 8592
f 8594 8597 8595
f 8597 8601 8599
f 8603 8606 8604
f 8606 8610 8608
f 8610 8614 8612
f 8616 8619 8617
f 8619 9348 8621
f 9349 8081 8623
f 9350 8625 8624
f 8625 8629 8627
f 8629 8633 8631
f 8633 9351 8635
f 8637 8640 8638
f 8640 8644 8642
f 8646 8649 8647
f 8649 9352 8651
f 8653 8656 8654
f 8656 8660 8658
f 9353 8663 8662
f 8663 8667 8665
f 8669 8672 8670
f 8672 9354 8674
f 9355 8677 8676
f 8677 8681 8679
f 8683 8686 8684
f 8690 8693 8691
f 8693 8697 8695
f 8699 8702 8700
f 8702 9356 8704
f 8706 8709 8707
f 8709 8713 8711
f 9357 8716 8715
f 8716 8720 8718
f 8722 8725 8723
f 8725 8729 8727
f 8731 8734 8732
f 8734 9358 8736
f 8738 8741 8739
f 8741 8745 8743
f 8745 8749 8747
f 8749 8753 8751
f 8753 9359 8755
f 8757 8760 8758
f 9360 7907 8764
f 8767 8770 8768
f 8770 8774 8772
f 8776 8779 8777
f 8779 8783 8781
f 8783 8787 8785
f 8787 8791 8789
f 8791 9361 8793
f 8795 8798 8796
f 8798 8802 8800
f 8804 8807 8805
f 8807 8811 8809
f 9362 8814 8813
f 8814 8818 8816
f 8820 8823 8821
f 8823 9363 8825
f 8827 8830 8828
f 8830 9364 8832
f 9365 8835 8834
f 8835 8839 8837
f 8839 8843 8841
f 8843 8847 8845
f 8847 8850 8848
f 8850 8854 8852
f 8857 8861 8859
f 8861 8865 8863
f 8865 8869 8867
f 8871 8874 8872
f 9366 8879 8878
f 8879 8883 8881
f 8885 8888 8886
f 8888 8892 8890
f 9367 8895 8894
f 8895 8899 8897
f 8901 8904 8902
f 8904 9368 8906
f 9369 8867 8908
f 8867 8911 8909
f 8913 8916 8914
f 8916 8920 8918
f 8922 8925 8923
f 8925 8929 8927
f 9370 8932 8931
f 8932 8936 8934
f 8938 8941 8939
f 8941 8945 8943
f 9371 8948 8947
f 8948 8952 8950
f 9372 8955 8954
f 8955 8959 8957
f 8961 8964 8962
f 8964 8968 8966
f 8970 8973 8971
f 8973 8977 8975
f 9373 8980 8979
f 8980 8984 8982
f 8986 8989 8987
f 8989 9374 8991
f 8993 8996 8994
f 8996 9000 8998
f 9002 9005 9003
f 9005 9009 9007
f 9375 9012 9011
f 9012 9016 9014
f 9018 9021 9019
f 9021 9376 9023
f 9377 9026 9025
f 9026 9030 9028
f 9032 9035 9033
f 9035 9039 9037
f 9041 9378 9042
f 9379 9045 9044
f 9380 9048 9047
f 9048 9052 9050
f 9381 9055 9054
f 9055 9059 9057
f 9382 9062 9061
f 9062 9066 9064
f 9068 9071 9069
f 9071 9383 9073
f 9075 9078 9076
f 9078 9082 9080
f 9384 9085 9084
f 9085 9089 9087
f 9385 9094 9093
f 9094 9098 9096
f 9100 9103 9101
f 9107 9110 9108
f 9110 9386 9112
f 9386 5612 9114
f 9387 5611 9115
f 9388 5618 5615
f 9389 5625 5622
f 9118 5634 5630
f 9390 5639 5636
f 5639 9391 9119
f 9120 5648 5644
f 5648 5656 5652
f 5656 5663 5660
f 5663 9392 5667
f 9393 5672 5669
f 5672 9394 9121
f 5676 5683 5679
f 9395 5688 5685
f 9396 5695 5692
f 5695 9397 9122
f 9398 5702 5699
f 5704 9123 5707
f 9123 5712 9124
f 5714 5721 5717
f 9399 5726 5723
f 9125 5737 5733
f 9126 5744 5740
f 9400 5749 5746
f 9127 5713 9128
f 9129 5759 5755
f 9130 5766 5762
f 9401 5771 5768
f 5771 9402 9131
f 9132 5780 5776
f 9133 5787 5783
f 5787 9134 5791
f 5795 5802 5798
f 5804 5811 5807
f 9403 5816 5813
f 5820 9136 5823
f 9404 5830 5827
f 5830 5838 5834
f 9405 5845 5842
f 5847 5854 5850
f 5854 9406 5858
f 9137 5865 5861
f 9407 5870 5867
f 9408 5875 9139
f 5875 5881 5879
f 9140 5888 5884
f 9409 5895 5892
f 5895 9410 9141
f 9411 5902 5899
f 5902 5910 5906
f 9142 5919 5915
f 9412 5924 5921
f 5924 9413 9143
f 9414 5931 5928
f 9415 5938 5935
f 5938 9416 9144
f 9417 5945 5942
f 5945 5953 5949
f 5953 9145 5957
f 9418 5964 5961
f 9419 5971 5968
f 5971 9420 5975
f 9147 5982 5978
f 9148 5989 5985
f 5991 5998 5994
f 9421 6003 6000
f 6007 9150 6010
f 9422 6017 6014
f 9423 6024 6021
f 6024 9424 6028
f 9425 6033 6030
f 6033 9426 6037
f 6039 6046 6042
f 9427 6051 6048
f 6051 9428 9152
f 9153 6060 6056
f 9154 6067 6063
f 6069 9155 6072
f 9429 6079 6076
f 6079 9430 9156
f 9431 6086 6083
f 6086 9432 6090
f 9433 6095 6092
f 6095 9434 6099
f 9157 6106 6102
f 9158 6113 6109
f 6113 9435 9159
f 9436 6120 6117
f 6120 9437 6124
f 9438 6129 6126
f 6129 9439 6133
f 9440 6138 6135
f 6138 9441 6142
f 9160 6149 6145
f 6153 6160 6156
f 9161 6167 6163
f 9162 6174 6170
f 6176 6183 6179
f 9442 6188 6185
f 9443 6197 6194
f 6197 9444 9163
f 6201 9164 6204
f 9445 6211 6208
f 6217 9165 6220
f 9446 6227 6224
f 6227 6235 6231
f 6237 9166 6240
f 6244 6251 6247
f 9447 6256 6253
f 6256 9448 9167
f 9168 6265 6261
f 9169 6272 6268
f 9449 6277 6274
f 6277 6285 6281
f 9450 6290 6287
f 9451 6297 6294
f 9452 6304 6301
f 9453 6311 6308
f 6317 6324 6320
f 9454 6329 6326
f 9171 6340 6336
f 6340 6348 6344
f 6348 6354 6352
f 9455 6359 6356
f 6359 6367 6363
f 6367 6375 6371
f 6377 9172 6380
f 6384 9173 6387
f 9174 6396 6392
f 6396 9175 6400
f 9456 6407 6404
f 6407 9457 6411
f 9176 6418 6414
f 6420 6427 6423
f 6429 9177 6432
f 9178 6441 6437
f 6443 9179 6446
f 9180 6455 6451
f 6457 6464 6460
f 9458 6469 6466
f 9181 6478 6474
f 9459 6483 6480
f 6483 6491 6487
f 6493 9182 6497
f 6501 6508 6504
f 9460 6513 6510
f 6513 6521 6517
f 6521 9183 6525
f 6529 6536 6532
f 9461 6541 6538
f 6541 6546 9184
f 6546 6554 6550
f 6556 6563 6559
f 9185 6570 6566
f 6572 9186 6575
f 9462 6582 6579
f 6582 6590 6586
f 6590 6598 6594
f 9463 6603 6600
f 9187 6614 6610
f 9464 6619 6616
f 6625 6632 6628
f 9188 6639 6635
f 9189 6646 6642
f 9190 6653 6649
f 6655 9191 6658
f 6662 9192 6665
f 9193 6674 6670
f 9465 6679 6676
f 9466 6686 6683
f 6686 9467 6690
f 9468 6695 6692
f 9195 6704 6700
f 6704 9196 6708
f 9197 6717 6713
f 9469 6722 6719
f 6722 9470 9198
f 9471 6729 6726
f 9472 6736 6733
f 9473 6743 6740
f 6743 9474 9201
f 9475 6750 6747
f 6750 9476 9202
f 9203 6759 6755
f 9204 6766 6762
f 9205 6773 6769
f 9206 6780 6776
f 9207 6787 6783
f 6789 6796 6792
f 6796 9477 6800
f 9478 6805 6802
f 6809 9208 6812
f 9479 6819 6816
f 9210 6828 6824
f 6828 6836 6832
f 6836 9480 6840
f 9481 6845 6842
f 6845 9482 6849
f 9211 6856 6852
f 9483 6863 6860
f 9484 6870 6867
f 6870 9485 6874
f 9486 6879 6876
f 6879 6887 6883
f 9487 6892 6889
f 6892 9488 6896
f 6898 6903 6901
f 9213 6910 6906
f 6912 9214 6915
f 9489 6922 6919
f 6922 9490 6926
f 9491 6931 6928
f 9492 6940 6937
f 6940 6948 6944
f 6948 9215 6952
f 9493 6959 6956
f 6959 9494 9216
f 9495 6966 6963
f 9496 6973 6970
f 6973 6981 6977
f 9497 6988 6985
f 6988 9498 6992
f 9218 6999 6995
f 7001 7006 7004
f 9499 7011 7008
f 9220 7020 7016
f 9500 7025 7022
f 7025 7033 7029
f 9221 7042 7038
f 7044 9222 7047
f 7051 7058 7054
f 7058 7066 7062
f 9501 7075 7072
f 7075 9502 7079
f 9503 7084 7081
f 7084 9504 7087
f 9223 7094 7090
f 7096 7103 7099
f 7103 7111 7107
f 7111 9505 9224
f 9225 7120 7116
f 9506 7125 7122
f 9507 7132 7129
f 7132 7140 7136
f 7140 7148 7144
f 7148 7154 7152
f 9508 7159 7156
f 7159 9509 7163
f 9510 7168 7165
f 7168 9511 7172
f 9227 7179 7175
f 9512 7184 7181
f 7184 7192 7188
f 9513 7199 7196
f 7199 7207 7203
f 9228 7214 7210
f 7214 9229 7218
f 9230 7227 7223
f 7229 7236 7232
f 9514 7241 7238
f 7241 9515 7245
f 9516 7250 7247
f 9517 7257 7254
f 7257 9518 7261
f 9519 7266 7263
f 7270 7277 7273
f 9520 7282 7279
f 7282 9521 9231
f 9232 7291 7287
f 7293 9233 7296
f 7300 9234 7303
f 9235 7312 7308
f 9522 7317 7314
f 9523 7324 7321
f 7324 9524 7328
f 9525 7333 7330
f 9238 7342 7338
f 9239 7349 7345
f 9526 7354 7351
f 9240 7363 7359
f 9241 7370 7366
f 7372 9242 7375
f 9243 7384 7380
f 9244 7391 7387
f 9527 7326 9245
f 9528 7397 7394
f 7397 9529 7401
f 9530 7406 7403
f 7412 7419 7415
f 7419 7427 7423
f 7431 7438 7434
f 9531 7443 7440
f 7443 9532 7447
f 9247 7454 7450
f 9533 7459 7456
f 7459 9534 9248
f 9535 7466 7463
f 9536 7473 7470
f 7473 9537 9250
f 9251 7482 7478
f 9538 7487 7484
f 7487 9539 7491
f 9540 7496 7493
f 9541 7503 7500
f 7503 9542 9253
f 9254 7512 7508
f 9543 7517 7514
f 7517 7523 7521
f 7523 7528 7526
f 9255 7535 7531
f 9256 7542 7538
f 9257 7549 7545
f 9544 7554 7551
f 7554 7562 7558
f 7562 7570 7566
f 7570 9545 7574
f 9258 7581 7577
f 9546 7586 7583
f 9547 7595 7592
f 7595 9548 7599
f 9549 7604 7601
f 7604 9550 7608
f 9551 7613 7610
f 9260 7622 7618
f 7622 9261 7626
f 9261 7633 7631
f 7633 7640 7636
f 9552 7645 7642
f 7645 9553 9262
f 9263 7654 7650
f 9554 7659 7656
f 9555 7666 7663
f 9556 7675 7672
f 7677 9265 7680
f 7684 7691 7687
f 9266 7698 7694
f 9267 7705 7701
f 9268 7712 7708
f 9269 7719 7715
f 9557 7724 7721
f 7724 9558 7728
f 9270 7735 7731
f 9559 7632 9271
f 9560 7739 9272
f 7741 7745 7742
f 9561 7750 7747
f 9562 7757 7754
f 7761 7768 7764
f 7773 9275 7776
f 9563 7783 7780
f 7783 9564 9276
f 9565 7746 9277
f 9278 9566 7740
f 9567 7792 7789
f 9280 7801 7797
f 9568 7806 7803
f 9281 7815 7811
f 9282 7822 7818
f 9569 7827 7824
f 7827 7835 7831
f 9570 7842 7839
f 7842 9571 9283
f 7846 9284 7849
f 7853 7860 7856
f 9572 7865 7862
f 7865 9573 7869
f 9285 7876 7872
f 9286 7883 7879
f 9574 7888 7885
f 7888 9575 7892
f 9287 7899 7895
f 7901 9288 7904
f 9289 7913 7909
f 9576 7918 7915
f 7924 7931 7927
f 9577 7936 7933
f 7936 9578 9290
f 9291 7945 7941
f 7947 9292 7950
f 9579 7957 7954
f 7961 7968 7964
f 7970 7977 7973
f 9294 7984 7980
f 9295 7991 7987
f 7993 8000 7996
f 9580 8005 8002
f 9581 8012 8009
f 8012 9582 8016
f 9296 8023 8019
f 9583 8028 8025
f 8028 9584 8032
f 9585 8037 8034
f 8037 9586 8041
f 9297 8048 8044
f 9587 8053 8050
f 9299 8062 8058
f 9588 8067 8064
f 8067 9589 8071
f 9300 8078 8074
f 8078 9590 9301
f 9302 8087 8083
f 9591 8092 8089
f 8092 9592 8096
f 9303 8103 8099
f 9304 8110 8106
f 8112 8119 8115
f 8119 8125 8122
f 8125 9593 8129
f 9594 8134 8131
f 8134 8142 8138
f 8142 8150 8146
f 8150 9595 8154
f 9305 8161 8157
f 9306 8168 8164
f 9307 8175 8171
f 9308 8182 8178
f 8184 9309 8187
f 8191 8198 8194
f 9596 8203 8200
f 8203 9597 8207
f 9310 8214 8210
f 9311 8221 8217
f 9312 8228 8224
f 9313 8235 8231
f 8237 8244 8240
f 9314 8251 8247
f 9315 8258 8254
f 9598 8263 8260
f 9317 8272 8268
f 8272 9599 9318
f 9600 8279 8276
f 8279 9601 9319
f 9320 8288 8284
f 8290 9321 8293
f 9322 8302 8298
f 8304 9323 8307
f 9602 8314 8311
f 8314 9603 8318
f 9324 8325 8321
f 8327 8332 8328
f 9325 8341 8337
f 8343 9326 8346
f 9327 8355 8351
f 8355 8363 8359
f 8363 9604 8367
f 9328 8374 8370
f 9605 8379 8376
f 8379 9606 9329
f 9607 8386 8383
f 9608 8393 8390
f 9609 8398 9331
f 8398 9332 8402
f 9333 8411 8407
f 9610 8418 8415
f 8418 9611 8422
f 9335 8429 8425
f 8429 8437 8433
f 9612 8442 8439
f 8442 9613 8446
f 9336 8453 8449
f 8455 9337 8458
f 9338 8467 8463
f 8467 8475 8471
f 8477 9339 8480
f 9340 8489 8485
f 9341 8496 8492
f 8498 9342 8501
f 8505 8512 8508
f 9614 8517 8514
f 8517 9615 9343
f 8521 8528 8524
f 9616 8533 8530
f 8533 9617 8537
f 9344 8544 8540
f 9345 8551 8547
f 9618 8556 8553
f 8562 8569 8565
f 8571 9346 8574
f 8578 8585 8581
f 9619 8590 8587
f 8590 9620 9347
f 9621 8597 8594
f 8597 9622 8601
f 9623 8606 8603
f 8606 8614 8610
f 8616 9348 8619
f 9624 8081 9349
f 9350 8629 8625
f 8629 9351 8633
f 9625 8640 8637
f 8640 9626 8644
f 9627 8649 8646
f 8653 8660 8656
f 9353 8667 8663
f 8669 9354 8672
f 9355 8681 8677
f 9628 8686 8683
f 9629 8693 8690
f 8693 9630 8697
f 8699 9356 8702
f 8706 8713 8709
f 9357 8720 8716
f 9631 8725 8722
f 8731 9358 8734
f 8738 8745 8741
f 8745 8753 8749
f 8753 9632 9359
f 9633 8760 8757
f 9634 7907 9360
f 9635 8770 8767
f 8770 9636 8774
f 9637 8779 8776
f 8779 8787 8783
f 8787 9361 8791
f 9638 8798 8795
f 8804 8811 8807
f 9362 8818 8814
f 8820 9363 8823
f 9639 8830 8827
f 8830 9640 9364
f 9365 8839 8835
f 8839 8847 8843
f 8847 8854 8850
f 8857 8865 8861
f 9641 8874 8871
f 9366 8883 8879
f 9642 8888 8885
f 9367 8899 8895
f 9643 8904 8901
f 8904 9644 9368
f 9645 8867 9369
f 9646 8916 8913
f 9647 8925 8922
f 8925 9648 8929
f 9370 8936 8932
f 9649 8941 8938
f 8941 9650 8945
f 9371 8952 8948
f 9372 8959 8955
f 9651 8964 8961
f 8964 9652 8968
f 9653 8973 8970
f 8973 9654 8977
f 9373 8984 8980
f 9655 8989 8986
f 9656 8996 8993
f 8996 9657 9000
f 9658 9005 9002
f 9005 9659 9009
f 9660 9012 9375
f 9012 9661 9016
f 9018 9376 9021
f 9377 9030 9026
f 9662 9035 9032
f 9035 9663 9039
f 9041 9664 9378
f 9664 9045 9379
f 9380 9052 9048
f 9381 9059 9055
f 9382 9066 9062
f 9665 9071 9068
f 9666 9078 9075
f 9078 9667 9082
f 9667 9085 9384
f 9085 9091 9089
f 9385 9098 9094
f 9100 9105 9103
f 9107 9386 9110
f 9386 9668 5612
f 9669 5611 9387
f 9388 9116 5618
f 9389 9117 5625
f 9670 5634 9118
f 9390 9391 5639
f 9671 5648 9120
f 5648 5663 5656
f 9672 5672 9393
f 9673 5683 5676
f 9395 5690 5688
f 9396 9397 5695
f 9674 5702 9398
f 9675 9123 5704
f 9123 9676 5712
f 9677 5721 5714
f 9399 5730 5726
f 9678 5737 9125
f 9679 5744 9126
f 9400 9127 5749
f 9127 9680 5713
f 9680 5759 9129
f 9681 5766 9130
f 9401 9402 5771
f 9682 5780 9132
f 9683 5787 9133
f 5787 9684 9134
f 9685 5802 5795
f 9686 5811 5804
f 9403 9135 5816
f 5820 9687 9136
f 9688 5830 9404
f 5830 5840 5838
f 9405 9689 5845
f 9690 5854 5847
f 5854 9691 9406
f 9692 5865 9137
f 9407 9138 5870
f 9693 5875 9408
f 5875 9694 5881
f 9695 5888 9140
f 9409 9410 5895
f 9411 5910 5902
f 9696 5919 9142
f 9412 9413 5924
f 9697 5931 9414
f 9415 9416 5938
f 9417 5953 5945
f 5953 9698 9145
f 9418 9146 5964
f 9419 9420 5971
f 9699 5982 9147
f 9700 5989 9148
f 9701 5998 5991
f 9421 9149 6003
f 9702 9150 6007
f 9422 9151 6017
f 9423 9424 6024
f 9425 9426 6033
f 9703 6046 6039
f 9427 9428 6051
f 9704 6060 9153
f 9705 6067 9154
f 9706 9155 6069
f 9429 9430 6079
f 9431 9432 6086
f 9707 6095 9433
f 6095 9708 9434
f 9709 6106 9157
f 9710 6113 9158
f 9436 9437 6120
f 9438 9439 6129
f 9440 9441 6138
f 9711 6149 9160
f 9712 6160 6153
f 9713 6167 9161
f 9714 6174 9162
f 9715 6183 6176
f 9716 6188 9442
f 9443 9444 6197
f 9717 9164 6201
f 9445 6215 6211
f 9718 9165 6217
f 9446 6235 6227
f 9719 9166 6237
f 9720 6251 6244
f 9721 6256 9447
f 9722 6265 9168
f 9723 6272 9169
f 9449 6285 6277
f 9450 6292 6290
f 9451 9170 6297
f 9452 6306 6304
f 9453 6315 6311
f 9724 6324 6317
f 9454 6333 6329
f 9725 6340 9171
f 6340 6354 6348
f 9726 6359 9455
f 6359 6375 6367
f 9727 9172 6377
f 9728 9173 6384
f 9729 6396 9174
f 9456 9457 6407
f 9730 6418 9176
f 9731 6427 6420
f 9732 6441 9178
f 9733 9179 6443
f 9180 9734 6455
f 9735 6464 6457
f 9458 6471 6469
f 9736 6478 9181
f 9737 6483 9459
f 6483 6493 6491
f 6493 9738 9182
f 9739 6508 6501
f 9460 6521 6513
f 6521 9740 9183
f 9741 6536 6529
f 9461 6546 6541
f 6546 9742 6554
f 9743 6563 6556
f 9744 6570 9185
f 9745 9186 6572
f 9462 6590 6582
f 6590 9746 6598
f 9747 6603 9463
f 9748 6614 9187
f 9749 6619 9464
f 9750 6632 6625
f 9751 6639 9188
f 9189 9752 6646
f 9190 9753 6653
f 9754 9191 6655
f 9755 9192 6662
f 9756 6674 9193
f 9465 6681 6679
f 9757 6686 9466
f 6686 9758 9467
f 9468 9194 6695
f 9759 6704 9195
f 6704 9760 9196
f 9197 9761 6717
f 9469 9470 6722
f 9471 9199 6729
f 9762 6736 9472
f 9473 9474 6743
f 9475 9476 6750
f 9203 9763 6759
f 9764 6766 9204
f 9765 6773 9205
f 9766 6780 9206
f 9767 6787 9207
f 9768 6796 6789
f 9478 6809 6805
f 6809 9769 9208
f 9479 9209 6819
f 9770 6828 9210
f 6828 9480 6836
f 9481 9482 6845
f 9771 6856 9211
f 9483 9212 6863
f 9484 9485 6870
f 9486 6887 6879
f 9487 9488 6892
f 9772 6910 9213
f 9773 9214 6912
f 9489 9490 6922
f 9491 6935 6931
f 9492 6948 6940
f 6948 9774 9215
f 9775 6959 9493
f 9495 9217 6966
f 9496 6981 6973
f 9497 9498 6988
f 9498 6999 9218
f 7001 9776 7006
f 9499 9219 7011
f 9220 9777 7020
f 9500 7033 7025
f 9778 7042 9221
f 9779 9222 7044
f 9780 7058 7051
f 7058 7070 7066
f 9501 9502 7075
f 9503 9504 7084
f 9781 7094 9223
f 9782 7103 7096
f 7103 9505 7111
f 9783 7120 9225
f 9506 9226 7125
f 9507 7140 7132
f 7140 7154 7148
f 9508 9509 7159
f 9510 9511 7168
f 9784 7179 9227
f 9512 7192 7184
f 9513 7207 7199
f 9785 7214 9228
f 7214 9786 9229
f 9787 7227 9230
f 9788 7236 7229
f 9514 9515 7241
f 9516 7252 7250
f 9517 9518 7257
f 9519 7268 7266
f 9789 7277 7270
f 9520 9521 7282
f 9790 7291 9232
f 9791 9233 7293
f 9792 9234 7300
f 9793 7312 9235
f 9522 9236 7317
f 9523 9524 7324
f 9525 9237 7333
f 9794 7342 9238
f 9795 7349 9239
f 9526 7356 7354
f 9796 7363 9240
f 9797 7370 9241
f 9798 9242 7372
f 9799 7384 9243
f 9800 7391 9244
f 9801 7326 9527
f 9802 7397 9528
f 7397 9803 9529
f 9804 7406 9530
f 9805 7419 7412
f 7419 9246 7427
f 9806 7438 7431
f 9531 9532 7443
f 9807 7454 9247
f 9533 9534 7459
f 9535 9249 7466
f 9536 9537 7473
f 9808 7482 9251
f 9538 9539 7487
f 9540 9252 7496
f 9541 9542 7503
f 9809 7512 9254
f 9810 7517 9543
f 7517 7528 7523
f 9811 7535 9255
f 9812 7542 9256
f 9813 7549 9257
f 9544 7562 7554
f 7562 9545 7570
f 9814 7581 9258
f 9546 7590 7586
f 9815 7595 9547
f 9549 9550 7604
f 9551 9259 7613
f 9816 7622 9260
f 7622 7633 9261
f 7633 9817 7640
f 9552 9553 7645
f 9818 7654 9263
f 9554 9264 7659
f 9555 7670 7666
f 9819 7675 9556
f 7677 9820 9265
f 9821 7691 7684
f 9822 7698 9266
f 9823 7705 9267
f 9268 9824 7712
f 9825 7719 9269
f 9826 7724 9557
f 9270 9827 7735
f 9828 7632 9559
f 9829 7739 9560
f 9830 7745 7741
f 9561 7752 7750
f 9562 9273 7757
f 9831 7768 7761
f 9832 9275 7773
f 9833 7783 9563
f 9834 7746 9565
f 9278 9835 9566
f 9567 9279 7792
f 9280 9836 7801
f 9568 7808 7806
f 9837 7815 9281
f 9838 7822 9282
f 9839 7827 9569
f 7827 7837 7835
f 9570 9571 7842
f 9840 9284 7846
f 9841 7860 7853
f 9572 9573 7865
f 9842 7876 9285
f 9843 7883 9286
f 9844 7888 9574
f 9845 7899 9287
f 9846 9288 7901
f 9289 9847 7913
f 9576 7922 7918
f 9848 7931 7924
f 9577 9578 7936
f 9849 7945 9291
f 7947 9850 9292
f 9579 9293 7957
f 9851 7968 7961
f 9852 7977 7970
f 9853 7984 9294
f 9854 7991 9295
f 9855 8000 7993
f 9580 8007 8005
f 9856 8012 9581
f 9857 8023 9296
f 9583 9584 8028
f 9585 9586 8037
f 9858 8048 9297
f 9587 9298 8053
f 9859 8062 9299
f 9588 9589 8067
f 9860 8078 9300
f 8078 9861 9590
f 9862 8087 9302
f 9591 9592 8092
f 9863 8103 9303
f 9864 8110 9304
f 8112 8125 8119
f 8125 9865 9593
f 9866 8134 9594
f 8134 8150 8142
f 8150 9867 9595
f 9305 9868 8161
f 9869 8168 9306
f 9870 8175 9307
f 9871 8182 9308
f 9872 9309 8184
f 9873 8198 8191
f 9596 9597 8203
f 9874 8214 9310
f 9875 8221 9311
f 9876 8228 9312
f 9877 8235 9313
f 9878 8244 8237
f 9879 8251 9314
f 9880 8258 9315
f 9598 9316 8263
f 9881 8272 9317
f 9600 9601 8279
f 9882 8288 9320
f 9883 9321 8290
f 9884 8302 9322
f 8304 9885 9323
f 9602 9603 8314
f 9324 9886 8325
f 9887 8332 8327
f 9888 8341 9325
f 9889 9326 8343
f 9890 8355 9327
f 8355 9604 8363
f 9891 8374 9328
f 9892 8379 9605
f 9607 8388 8386
f 9608 9330 8393
f 9893 8398 9609
f 8398 9894 9332
f 9895 8411 9333
f 9610 9611 8418
f 9896 8429 9335
f 8429 9897 8437
f 9612 9613 8442
f 9898 8453 9336
f 9899 9337 8455
f 9900 8467 9338
f 8467 9901 8475
f 9902 9339 8477
f 9903 8489 9340
f 9904 8496 9341
f 9905 9342 8498
f 9906 8512 8505
f 9614 9615 8517
f 9907 8528 8521
f 9616 9617 8533
f 9908 8544 9344
f 9345 9909 8551
f 9618 8560 8556
f 9910 8569 8562
f 9911 9346 8571
f 9912 8585 8578
f 9913 8590 9619
f 9621 9622 8597
f 9623 8614 8606
f 9914 9348 8616
f 9915 8081 9624
f 9916 8629 9350
f 8629 9917 9351
f 9918 8640 9625
f 8640 9919 9626
f 9627 9352 8649
f 9920 8660 8653
f 9921 8667 9353
f 9922 9354 8669
f 9923 8681 9355
f 9628 8688 8686
f 9629 9630 8693
f 9924 9356 8699
f 8706 9925 8713
f 9926 8720 9357
f 9927 8725 9631
f 9928 9358 8731
f 9929 8745 8738
f 8745 9632 8753
f 9633 8762 8760
f 9930 7907 9634
f 9635 9636 8770
f 9931 8779 9637
f 8779 9361 8787
f 9638 8802 8798
f 9932 8811 8804
f 9933 8818 9362
f 9934 9363 8820
f 9935 8830 9639
f 8830 9936 9640
f 9937 8839 9365
f 8847 9938 8854
f 8857 8869 8865
f 9641 8876 8874
f 9939 8883 9366
f 9642 8892 8888
f 9367 9940 8899
f 9941 8904 9643
f 9942 8867 9645
f 9646 8920 8916
f 9647 9648 8925
f 9943 8936 9370
f 9944 8941 9649
f 8941 9945 9650
f 9946 8952 9371
f 9947 8959 9372
f 9651 9652 8964
f 9653 9654 8973
f 9948 8984 9373
f 9949 8989 9655
f 9656 9657 8996
f 9950 9005 9658
f 9005 9660 9659
f 9660 9661 9012
f 9018 9951 9376
f 9952 9030 9377
f 9953 9035 9662
f 9035 9954 9663
f 9041 9045 9664
f 9955 9052 9380
f 9381 9956 9059
f 9957 9066 9382
f 9665 9383 9071
f 9666 9667 9078
f 9667 9091 9085
f 9958 9098 9385
f 9959 9105 9100
f 9960 9386 9107
f 9386 9961 9668
f 9962 5611 9669
f 9963 9116 9388
f 9964 9117 9389
f 9965 5634 9670
f 9966 9391 9390
f 9671 5663 5648
f 9672 9394 5672
f 9967 5683 9673
f 9968 5690 9395
f 9969 9397 9396
f 9674 9970 5702
f 9675 9676 9123
f 9971 5721 9677
f 9972 5730 9399
f 9973 5737 9678
f 9679 9974 5744
f 9400 9680 9127
f 9680 9975 5759
f 9681 9976 5766
f 9977 9402 9401
f 9682 9978 5780
f 9683 9684 5787
f 9685 9979 5802
f 9686 9980 5811
f 9981 9135 9403
f 9688 5840 5830
f 9405 9982 9689
f 9983 5854 9690
f 9984 5865 9692
f 9985 9138 9407
f 9693 9694 5875
f 9695 5890 5888
f 9986 9410 9409
f 9987 5910 9411
f 9696 9988 5919
f 9989 9413 9412
f 9697 5933 5931
f 9990 9416 9415
f 9991 5953 9417
f 5953 9992 9698
f 9418 9993 9146
f 9994 9420 9419
f 9699 9995 5982
f 9700 9996 5989
f 9997 5998 9701
f 9998 9149 9421
f 9702 9999 9150
f 10000 9151 9422
f 10001 9424 9423
f 10002 9426 9425
f 10003 6046 9703
f 10004 9428 9427
f 10005 6060 9704
f 9705 10006 6067
f 9706 10007 9155
f 10008 9430 9429
f 9431 9707 9432
f 9707 9708 6095
f 9709 10009 6106
f 10010 6113 9710
f 9435 9437 9436
f 10011 9439 9438
f 10012 9441 9440
f 10013 6149 9711
f 9712 10014 6160
f 10015 6167 9713
f 9714 10016 6174
f 9715 10017 6183
f 9716 6192 6188
f 10018 9444 9443
f 9717 10019 9164
f 10020 6215 9445
f 9718 10021 9165
f 10022 6235 9446
f 9719 10023 9166
f 9720 10024 6251
f 9721 9448 6256
f 9722 10025 6265
f 10026 6272 9723
f 10027 6285 9449
f 9450 10028 6292
f 9451 10029 9170
f 10030 6306 9452
f 10031 6315 9453
f 10032 6324 9724
f 10033 6333 9454
f 10034 6340 9725
f 9726 6375 6359
f 9727 10035 9172
f 9728 10036 9173
f 10037 6396 9729
f 10038 9457 9456
f 9730 10039 6418
f 9731 10040 6427
f 10041 6441 9732
f 9733 10042 9179
f 10043 9734 9180
f 10044 6464 9735
f 10045 6478 9736
f 9737 6493 6483
f 6493 10046 9738
f 10047 6508 9739
f 10048 6521 9460
f 9741 10049 6536
f 10050 6546 9461
f 6546 10051 9742
f 10052 6563 9743
f 9744 10053 6570
f 9745 10054 9186
f 10055 6590 9462
f 6590 9747 9746
f 9747 6607 6603
f 10056 6614 9748
f 9749 6623 6619
f 10057 6632 9750
f 10058 6639 9751
f 10059 9752 9189
f 10060 9191 9754
f 9755 10061 9192
f 10062 6674 9756
f 9465 10063 6681
f 10064 6686 9757
f 9468 10065 9194
f 10065 6704 9759
f 9197 10066 9761
f 10067 9470 9469
f 10068 9199 9471
f 9762 9200 6736
f 10069 9474 9473
f 10070 9476 9475
f 9203 10071 9763
f 9764 10072 6766
f 9765 10073 6773
f 9766 10074 6780
f 10075 6787 9767
f 10076 6796 9768
f 6809 10077 9769
f 9479 10078 9209
f 10079 6828 9770
f 6828 10080 9480
f 10081 9482 9481
f 10082 6856 9771
f 10083 9212 9483
f 10084 9485 9484
f 10085 6887 9486
f 10086 9488 9487
f 10087 6910 9772
f 9773 10088 9214
f 10089 9490 9489
f 10090 6935 9491
f 10091 6948 9492
f 6948 9775 9774
f 9775 9494 6959
f 9495 10092 9217
f 10093 6981 9496
f 9497 6999 9498
f 10094 9219 9499
f 10095 7033 9500
f 9778 10096 7042
f 9779 10097 9222
f 9780 7070 7058
f 10098 9502 9501
f 9503 9781 9504
f 9781 10099 7094
f 10100 7103 9782
f 7103 10101 9505
f 10102 7120 9783
f 10103 9226 9506
f 10104 7140 9507
f 7140 10105 7154
f 10106 9509 9508
f 10107 9511 9510
f 9784 10108 7179
f 10109 7192 9512
f 9513 10110 7207
f 10111 7214 9785
f 7214 10112 9786
f 9787 10113 7227
f 10114 7236 9788
f 10115 9515 9514
f 9516 10116 7252
f 10117 9518 9517
f 10118 7268 9519
f 9789 10119 7277
f 10120 9521 9520
f 10121 7291 9790
f 10122 9233 9791
f 9792 10123 9234
f 9793 10124 7312
f 10125 9236 9522
f 10126 9524 9523
f 9525 10127 9237
f 10128 7342 9794
f 10129 7349 9795
f 10130 7356 9526
f 9796 10131 7363
f 9797 10132 7370
f 9798 10133 9242
f 9799 10134 7384
f 9800 10135 7391
f 10135 7326 9801
f 9802 9803 7397
f 9804 7410 7406
f 10136 7419 9805
f 7419 10137 9246
f 9806 10138 7438
f 10139 9532 9531
f 9807 10140 7454
f 10141 9534 9533
f 10142 9249 9535
f 10143 9537 9536
f 10144 7482 9808
f 10145 9539 9538
f 10146 9252 9540
f 9541 10147 9542
f 10148 7512 9809
f 10149 7517 9810
f 7517 10150 7528
f 9811 10151 7535
f 9812 10152 7542
f 9813 10153 7549
f 10154 7562 9544
f 7562 10155 9545
f 10156 7581 9814
f 10157 7590 9546
f 9815 9548 7595
f 10158 9550 9549
f 10159 9259 9551
f 9816 7633 7622
f 7633 10160 9817
f 10161 9553 9552
f 9818 10162 7654
f 10163 9264 9554
f 10164 7670 9555
f 9819 10165 7675
f 10166 7691 9821
f 10167 7698 9822
f 10168 7705 9823
f 10169 9824 9268
f 10170 7719 9825
f 9826 9558 7724
f 9270 9828 9827
f 9828 9829 7632
f 9829 10171 7739
f 10172 7745 9830
f 10173 7752 9561
f 10174 9275 9832
f 9833 9564 7783
f 9564 7746 9834
f 9278 10175 9835
f 10176 9279 9567
f 9280 10177 9836
f 10178 7808 9568
f 10179 7815 9837
f 9838 10180 7822
f 9839 7837 7827
f 10181 9571 9570
f 10182 9284 9840
f 9841 10183 7860
f 10184 9573 9572
f 10185 7876 9842
f 9843 10186 7883
f 9844 9575 7888
f 10187 7899 9845
f 10188 9288 9846
f 10189 9847 9289
f 10190 7922 9576
f 10191 7931 9848
f 10192 9578 9577
f 9849 10193 7945
f 9579 10194 9293
f 9851 10195 7968
f 10196 7977 9852
f 9853 10197 7984
f 9854 10198 7991
f 9855 10199 8000
f 10200 8007 9580
f 9856 9582 8012
f 10201 8023 9857
f 10202 9584 9583
f 10203 9586 9585
f 9858 10204 8048
f 10205 9298 9587
f 9859 10206 8062
f 10207 9589 9588
f 9860 9861 8078
f 9861 8087 9862
f 10208 9592 9591
f 9863 10209 8103
f 9864 10210 8110
f 8112 9865 8125
f 9866 8150 8134
f 8150 10211 9867
f 10212 8168 9869
f 9870 10213 8175
f 9871 10214 8182
f 10215 9309 9872
f 9873 10216 8198
f 10217 9597 9596
f 10218 8214 9874
f 9875 10219 8221
f 10220 8228 9876
f 9877 10221 8235
f 9878 10222 8244
f 10223 8251 9879
f 9880 10224 8258
f 10225 9316 9598
f 10226 8272 9881
f 10227 9601 9600
f 10228 8288 9882
f 9883 10229 9321
f 9884 10230 8302
f 10231 9603 9602
f 9324 10232 9886
f 10232 8332 9887
f 9888 10233 8341
f 9889 10234 9326
f 10235 8355 9890
f 8355 10236 9604
f 9891 10237 8374
f 9892 9606 8379
f 10238 8388 9607
f 9608 10239 9330
f 9893 9894 8398
f 9894 8411 9895
f 10240 9611 9610
f 9611 8429 9896
f 8429 10241 9897
f 10241 9613 9612
f 10242 8453 9898
f 10243 8467 9900
f 8467 10244 9901
f 9902 10245 9339
f 9903 10246 8489
f 9904 10247 8496
f 9905 10248 9342
f 9906 10249 8512
f 10250 9615 9614
f 10251 8528 9907
f 10252 9617 9616
f 10253 8544 9908
f 9345 10254 9909
f 10255 8560 9618
f 10256 8569 9910
f 10257 9346 9911
f 9912 10258 8585
f 9913 9620 8590
f 10259 9622 9621
f 10260 8614 9623
f 9914 9915 9348
f 9915 10261 8081
f 10262 8629 9916
f 8629 9918 9917
f 9918 9919 8640
f 10263 9352 9627
f 10264 8660 9920
f 10265 8667 9921
f 9922 10266 9354
f 10267 8681 9923
f 9628 10268 8688
f 10269 9630 9629
f 9924 10270 9356
f 8706 10271 9925
f 10271 8720 9926
f 9927 8729 8725
f 9928 10272 9358
f 9929 9632 8745
f 9633 10273 8762
f 10273 7907 9930
f 10274 9636 9635
f 10275 8779 9931
f 8779 10276 9361
f 10277 8802 9638
f 10278 8811 9932
f 10279 8818 9933
f 9934 10280 9363
f 10280 8830 9935
f 10281 8839 9937
f 8847 10282 9938
f 8856 8869 8857
f 10283 8876 9641
f 9939 10284 8883
f 10285 8892 9642
f 9367 10286 9940
f 9941 9644 8904
f 10287 8867 9942
f 10288 8920 9646
f 10289 9648 9647
f 9943 10290 8936
f 10291 8941 9944
f 9945 8952 9946
f 9947 10292 8959
f 10293 9652 9651
f 9653 10294 9654
f 9948 10295 8984
f 9949 9374 8989
f 10296 9657 9656
f 9657 9005 9950
f 9005 9661 9660
f 9952 10297 9030
f 9953 9954 9035
f 10298 9052 9955
f 9381 10299 9956
f 9957 10300 9066
f 10301 9383 9665
f 10302 9667 9666
f 9667 10303 9091
f 10303 9098 9958
f 9959 10304 9105
f 9960 9961 9386
f 10305 5611 9962
f 10306 9116 9963
f 10307 9117 9964
f 9965 10308 5634
f 9966 10309 9391
f 10310 5663 9671
f 9392 9394 9672
f 9967 10311 5683
f 9968 10312 5690
f 9969 10313 9397
f 9674 10314 9970
f 10315 9676 9675
f 9971 10316 5721
f 9972 10317 5730
f 9973 10318 5737
f 10319 9680 9400
f 9680 10320 9975
f 10321 9976 9681
f 9977 10322 9402
f 10323 9978 9682
f 10324 9684 9683
f 9685 10325 9979
f 9686 9981 9980
f 9981 10326 9135
f 9687 5840 9688
f 9983 9691 5854
f 9984 10327 5865
f 9985 9693 9138
f 9695 10328 5890
f 10328 9410 9986
f 10329 5910 9987
f 10330 9988 9696
f 9989 10331 9413
f 10331 5933 9697
f 9990 10332 9416
f 9991 9992 5953
f 9994 10333 9420
f 9699 10334 9995
f 10335 9996 9700
f 9997 10336 5998
f 9998 10337 9149
f 9702 10338 9999
f 10339 9151 10000
f 10001 10002 9424
f 10002 10003 9426
f 10003 10340 6046
f 10004 10341 9428
f 10005 10342 6060
f 9705 10343 10006
f 10008 10344 9430
f 9431 9708 9707
f 9709 10010 10009
f 10010 9435 6113
f 9435 10011 9437
f 10011 10012 9439
f 10012 10345 9441
f 10013 6151 6149
f 10014 6167 10015
f 10346 10016 9714
f 9715 9716 10017
f 9716 10347 6192
f 10348 9444 10018
f 9717 10349 10019
f 10349 6215 10020
f 9718 10350 10021
f 10350 6235 10022
f 9720 9721 10024
f 9721 10351 9448
f 9722 10352 10025
f 10026 10353 6272
f 10354 6285 10027
f 9451 10355 10029
f 10355 6306 10030
f 10356 6315 10031
f 10032 10357 6324
f 10033 10034 6333
f 10034 6354 6340
f 10358 6375 9726
f 10359 10035 9727
f 10036 6396 10037
f 10360 9457 10038
f 9730 10361 10039
f 9731 10362 10040
f 10041 10363 6441
f 10043 10364 9734
f 10044 10365 6464
f 10045 10366 6478
f 10367 6493 9737
f 6493 10047 10046
f 10047 10368 6508
f 10368 6521 10048
f 9741 10369 10049
f 10050 10051 6546
f 10052 10370 6563
f 9744 10371 10053
f 10372 6590 10055
f 6590 6607 9747
f 10056 10373 6614
f 9749 10374 6623
f 10057 10375 6632
f 10058 10376 6639
f 10060 10377 9191
f 9755 10378 10061
f 10062 10379 6674
f 10380 10063 9465
f 10064 9758 6686
f 9468 6704 10065
f 9197 10067 10066
f 10067 10381 9470
f 10068 10382 9199
f 10383 9200 9762
f 10069 10384 9474
f 10070 10385 9476
f 9203 10386 10071
f 9764 10387 10072
f 9765 10388 10073
f 10389 10074 9766
f 10075 10390 6787
f 10076 9477 6796
f 6809 10391 10077
f 10392 10078 9479
f 10079 10080 6828
f 10393 9482 10081
f 10394 6856 10082
f 10395 9212 10083
f 10084 10085 9485
f 10085 10396 6887
f 10397 9488 10086
f 10398 6910 10087
f 9773 10399 10088
f 10089 10090 9490
f 10400 6948 10091
f 6948 9494 9775
f 9495 10093 10092
f 10093 6983 6981
f 10401 6999 9497
f 10094 10402 9219
f 10403 7033 10095
f 9778 10404 10096
f 10405 7070 9780
f 10406 9502 10098
f 9503 10099 9781
f 10100 10101 7103
f 10102 10407 7120
f 10103 10408 9226
f 10408 7140 10104
f 7140 10106 10105
f 10106 10409 9509
f 10107 10410 9511
f 9784 10411 10108
f 10109 7194 7192
f 9513 10412 10110
f 10111 10112 7214
f 9787 10413 10113
f 10114 10414 7236
f 10414 9515 10115
f 10415 10116 9516
f 10416 9518 10117
f 10417 7268 10118
f 10120 10418 9521
f 10418 7291 10121
f 10122 10419 9233
f 9792 10420 10123
f 9793 10421 10124
f 10422 9236 10125
f 10423 9524 10126
f 9525 10128 10127
f 10128 10424 7342
f 10425 7349 10129
f 10130 10426 7356
f 9796 10427 10131
f 9797 10428 10132
f 9798 10429 10133
f 10430 10134 9799
f 9800 7326 10135
f 10431 9803 9802
f 10432 7410 9804
f 10433 7419 10136
f 9806 10139 10138
f 10139 10434 9532
f 9807 10435 10140
f 10141 10436 9534
f 10142 10437 9249
f 10437 9537 10143
f 10438 7482 10144
f 10145 10439 9539
f 10439 9252 10146
f 9541 10148 10147
f 10148 10440 7512
f 10440 7517 10149
f 7517 10441 10150
f 9811 10442 10151
f 9812 10443 10152
f 9813 10444 10153
f 10445 7562 10154
f 7562 10156 10155
f 10156 10446 7581
f 10157 10447 7590
f 10447 9548 9815
f 9548 9550 10158
f 10159 10448 9259
f 10449 7633 9816
f 7633 10450 10160
f 10451 9553 10161
f 10163 10452 9264
f 10452 7670 10164
f 10166 10453 7691
f 10453 7698 10167
f 10168 10454 7705
f 10169 10455 9824
f 10170 10456 7719
f 10457 9558 9826
f 9270 9829 9828
f 9829 10458 10171
f 10459 7745 10172
f 10173 10460 7752
f 10174 10461 9275
f 10462 9564 9833
f 9564 10463 7746
f 10176 10464 9279
f 10178 10465 7808
f 10179 10466 7815
f 9838 10467 10180
f 10467 7837 9839
f 10468 9571 10181
f 10182 10469 9284
f 9841 10184 10183
f 10184 10185 9573
f 10185 10470 7876
f 9843 10471 10186
f 10471 9575 9844
f 9575 7899 10187
f 10472 9288 10188
f 10190 10473 7922
f 10191 10474 7931
f 10192 10475 9578
f 10476 10193 9849
f 9579 10477 10194
f 10477 10195 9851
f 10196 10478 7977
f 10479 10197 9853
f 10480 10198 9854
f 9855 10481 10199
f 10200 10482 8007
f 10483 9582 9856
f 9582 8023 10201
f 10202 10203 9584
f 10203 10484 9586
f 10205 10485 9298
f 9859 10486 10206
f 10486 9589 10207
f 10487 9861 9860
f 9861 10488 8087
f 10489 9592 10208
f 10490 10209 9863
f 9864 10491 10210
f 10492 9865 8112
f 10493 8150 9866
f 10212 10494 8168
f 10495 10213 9870
f 9871 10496 10214
f 10215 10497 9309
f 9873 10217 10216
f 10217 10218 9597
f 10218 10498 8214
f 10499 10219 9875
f 10220 10500 8228
f 9877 10501 10221
f 10223 10502 8251
f 10503 10224 9880
f 10225 10226 9316
f 10226 9599 8272
f 10504 9601 10227
f 10228 10505 8288
f 9883 10506 10229
f 9884 10507 10230
f 10508 9603 10231
f 10509 10232 9324
f 10232 8334 8332
f 10510 10233 9888
f 9889 10511 10234
f 10235 10236 8355
f 9891 10512 10237
f 10512 9606 9892
f 10238 10513 8388
f 10514 9894 9893
f 9894 9334 8411
f 9334 9611 10240
f 9611 10241 8429
f 10241 10242 9613
f 10242 10515 8453
f 10516 8467 10243
f 8467 9902 10244
f 9902 10517 10245
f 10518 10246 9903
f 9904 10519 10247
f 9905 10520 10248
f 10249 9615 10250
f 10251 10521 8528
f 10252 10253 9617
f 10253 10522 8544
f 9345 10255 10254
f 10255 10523 8560
f 10256 10524 8569
f 10257 10525 9346
f 9912 9913 10258
f 9913 10526 9620
f 10259 10260 9622
f 10260 10527 8614
f 9914 10261 9915
f 10528 8629 10262
f 8629 9919 9918
f 10263 10529 9352
f 10264 10530 8660
f 10531 8667 10265
f 9922 10532 10266
f 10532 8681 10267
f 10533 9630 10269
f 9924 10534 10270
f 10535 10271 8706
f 10271 10536 8720
f 10537 8729 9927
f 9928 10538 10272
f 10539 9632 9929
f 9633 7907 10273
f 10274 10275 9636
f 10275 10276 8779
f 10277 10540 8802
f 10278 10541 8811
f 10279 10542 8818
f 9934 8830 10280
f 9936 8839 10281
f 8847 10543 10282
f 10543 8869 8856
f 10283 10544 8876
f 10545 10284 9939
f 10546 8892 10285
f 10286 9644 9941
f 10547 8867 10287
f 10548 8920 10288
f 10549 9648 10289
f 9943 10291 10290
f 10291 9945 8941
f 9945 10550 8952
f 10551 10292 9947
f 10552 9652 10293
f 10294 10295 9948
f 10553 9374 9949
f 10554 9657 10296
f 9657 9661 9005
f 9952 10555 10297
f 10555 9954 9953
f 10556 9052 10298
f 9381 10557 10299
f 10557 10300 9957
f 10558 9383 10301
f 10559 9667 10302
f 9667 9098 10303
f 10560 9961 9960
f 10306 10561 9116
f 10307 10562 9117
f 9965 10563 10308
f 10563 10309 9966
f 10309 5663 10310
f 5663 9394 9392
f 9967 10564 10311
f 10564 10312 9968
f 9969 10565 10313
f 10566 9676 10315
f 10567 10318 9973
f 10568 9680 10319
f 9680 10321 10320
f 10321 10569 9976
f 9977 10323 10322
f 10323 10324 9978
f 10324 10570 9684
f 9685 9686 10325
f 9686 10326 9981
f 5820 5840 9687
f 10571 9691 9983
f 9984 10572 10327
f 9985 9694 9693
f 9695 9410 10328
f 9410 5910 10329
f 10330 10573 9988
f 9989 5933 10331
f 10574 9992 9991
f 9994 9699 10333
f 9699 10335 10334
f 10335 10575 9996
f 9997 9998 10336
f 9998 10576 10337
f 10339 10577 9151
f 10577 10002 10001
f 10002 10340 10003
f 10340 10341 10004
f 10005 10578 10342
f 9705 10579 10343
f 10580 10344 10008
f 10344 9708 9431
f 9709 9435 10010
f 9435 10012 10011
f 10012 10581 10345
f 10582 6151 10013
f 10014 10583 6167
f 10346 10584 10016
f 9715 10347 9716
f 10347 9444 10348
f 9717 6215 10349
f 9718 6235 10350
f 9720 10351 9721
f 10026 10354 10353
f 10354 10585 6285
f 9451 6306 10355
f 10356 10586 6315
f 10032 10033 10357
f 10033 6354 10034
f 10587 6375 10358
f 10359 10588 10035
f 9728 6396 10036
f 10360 10589 9457
f 9730 10590 10361
f 10591 10363 10041
f 10043 10044 10364
f 10592 10366 10045
f 10366 6493 10367
f 6493 10368 10047
f 10368 9740 6521
f 9741 10050 10369
f 10050 10593 10051
f 10593 10370 10052
f 9744 10594 10371
f 10054 6590 10372
f 6590 10595 6607
f 10595 10373 10056
f 9749 10057 10374
f 10057 10058 10375
f 10058 10596 10376
f 10060 10597 10377
f 9755 10062 10378
f 10062 10598 10379
f 10380 10064 10063
f 10064 10599 9758
f 10599 6704 9468
f 10067 10600 10381
f 10068 10383 10382
f 10383 10601 9200
f 10069 10070 10384
f 9203 9764 10386
f 10389 10602 10074
f 10603 10390 10075
f 10604 9477 10076
f 6809 10605 10391
f 10606 10080 10079
f 10393 10607 9482
f 10394 6858 6856
f 10395 10608 9212
f 10084 10396 10085
f 10609 9488 10397
f 6903 6910 10398
f 10610 10399 9773
f 10089 6935 10090
f 10611 6948 10400
f 6948 10612 9494
f 9495 6983 10093
f 10613 6999 10401
f 10614 10402 10094
f 9777 7033 10403
f 10615 7070 10405
f 7070 9502 10406
f 9503 10616 10099
f 10617 10101 10100
f 10618 10407 10102
f 10103 7140 10408
f 7140 10409 10106
f 10107 9784 10410
f 10109 10619 7194
f 9513 10620 10412
f 10621 10112 10111
f 9787 10114 10413
f 10114 9515 10414
f 10415 10416 10116
f 10416 10417 9518
f 10417 10622 7268
f 10120 7291 10418
f 10623 10419 10122
f 9792 10624 10420
f 9793 10422 10421
f 10422 10625 9236
f 10625 9524 10423
f 9525 10424 10128
f 10626 7349 10425
f 10627 10426 10130
f 9796 10628 10427
f 10629 10428 9797
f 9798 10430 10429
f 10430 10630 10134
f 10631 7326 9800
f 10431 10632 9803
f 10633 7410 10432
f 10634 7419 10433
f 9806 10434 10139
f 10435 10436 10141
f 10437 10438 9537
f 10438 10635 7482
f 10145 9252 10439
f 9541 10440 10148
f 10440 10441 7517
f 9811 10636 10442
f 9813 10445 10444
f 10445 10156 7562
f 10156 10637 10446
f 10157 9548 10447
f 9548 10159 9550
f 10638 7633 10449
f 10451 10639 9553
f 10163 7670 10452
f 9820 10453 10166
f 10453 10640 7698
f 10168 10641 10454
f 10169 10170 10455
f 10170 10457 10456
f 10457 10642 9558
f 10643 9829 9270
f 9829 10644 10458
f 10645 7745 10459
f 10646 10460 10173
f 10174 10462 10461
f 10462 10463 9564
f 10178 10647 10465
f 10179 10648 10466
f 9838 7837 10467
f 10468 10649 9571
f 10649 10469 10182
f 9841 10185 10184
f 10185 10650 10470
f 10651 10471 9843
f 10471 7899 9575
f 10652 9288 10472
f 10191 10192 10474
f 10476 10653 10193
f 9579 10195 10477
f 10196 10479 10478
f 10479 10654 10197
f 10480 10655 10198
f 10200 10483 10482
f 10483 8023 9582
f 10202 10484 10203
f 10205 10656 10485
f 10656 10486 9859
f 10486 10487 9589
f 10487 10488 9861
f 10489 10490 9592
f 10490 10657 10209
f 9864 10658 10491
f 10492 10493 9865
f 10493 10211 8150
f 10659 10494 10212
f 10495 10660 10213
f 10661 10496 9871
f 10215 10662 10497
f 9873 10218 10217
f 10218 10663 10498
f 10499 10664 10219
f 10220 10665 10500
f 10222 10502 10223
f 10503 10666 10224
f 10667 10226 10225
f 10226 10668 9599
f 10669 9601 10504
f 10670 10505 10228
f 9884 10671 10507
f 9885 9603 10508
f 10509 8334 10232
f 10510 10672 10233
f 9889 10235 10511
f 10235 10673 10236
f 9891 9606 10512
f 10238 10674 10513
f 10514 9334 9894
f 9334 10241 9611
f 10241 10515 10242
f 10675 8467 10516
f 8467 10517 9902
f 10518 10676 10246
f 9905 10677 10520
f 10249 10678 9615
f 10251 10252 10521
f 10252 10522 10253
f 9345 10523 10255
f 10256 10257 10524
f 10257 10679 10525
f 9912 10526 9913
f 10259 10527 10260
f 10680 10261 9914
f 10528 9919 8629
f 10263 10264 10529
f 10681 8667 10531
f 9922 8681 10532
f 10268 9630 10533
f 10535 10536 10271
f 10536 8729 10537
f 10538 9632 10539
f 10682 7907 9633
f 10274 10276 10275
f 10278 10279 10541
f 9934 9936 8830
f 9936 8847 8839
f 8847 8869 10543
f 10283 10683 10544
f 10545 10546 10284
f 9367 9644 10286
f 10684 8867 10547
f 10548 10549 8920
f 10549 10685 9648
f 9943 9945 10291
f 9945 10686 10550
f 10551 10552 10292
f 10552 10687 9652
f 10294 10553 10295
f 10553 10688 9374
f 10554 9661 9657
f 9952 9954 10555
f 9045 9052 10556
f 10557 10689 10300
f 10689 9383 10558
f 10559 9098 9667
f 10690 9961 10560
f 10306 10307 10561
f 10307 9965 10562
f 9965 10309 10563
f 10309 9394 5663
f 10564 10691 10312
f 9969 9674 10565
f 10692 9676 10566
f 10567 10693 10318
f 10568 10321 9680
f 10321 9977 10569
f 10323 10570 10324
f 9685 10326 9686
f 10694 5840 5820
f 10695 9691 10571
f 9984 10696 10572
f 10696 9694 9985
f 9695 5910 9410
f 10697 5933 9989
f 10574 10698 9992
f 9994 10335 9699
f 9997 10576 9998
f 10339 10002 10577
f 10002 10341 10340
f 10341 10578 10005
f 9705 9706 10579
f 10344 9709 9708
f 9709 10012 9435
f 10012 10699 10581
f 10582 10700 6151
f 9712 10583 10014
f 10346 10701 10584
f 9715 9444 10347
f 9717 10702 6215
f 10703 6235 9718
f 10704 10351 9720
f 10026 10585 10354
f 10705 6306 9451
f 10706 10586 10356
f 10032 6354 10033
f 10707 6375 10587
f 9728 9175 6396
f 10360 9730 10589
f 9730 9731 10590
f 10591 10708 10363
f 10043 10365 10044
f 10709 10366 10592
f 10366 10368 6493
f 10368 10710 9740
f 9741 10593 10050
f 10593 10711 10370
f 9745 6590 10054
f 6590 10373 10595
f 9749 10058 10057
f 10058 10712 10596
f 10713 10597 10060
f 9755 10598 10062
f 10380 10599 10064
f 10599 9760 6704
f 10068 10601 10383
f 9203 10387 9764
f 10389 10714 10602
f 10603 10715 10390
f 10604 10716 9477
f 6809 10717 10605
f 10718 10080 10606
f 10393 10719 10607
f 10720 6858 10394
f 10608 10396 10084
f 10396 9488 10609
f 6898 6910 6903
f 10399 6935 10089
f 10611 10612 6948
f 10721 6983 9495
f 10613 10722 6999
f 10614 10723 10402
f 9220 7033 9777
f 10097 7070 10615
f 7070 10724 9502
f 9503 10617 10616
f 10617 10725 10101
f 10618 10726 10407
f 10727 7140 10103
f 7140 10728 10409
f 10107 10411 9784
f 10109 10729 10619
f 9513 10730 10620
f 10731 10112 10621
f 9787 9515 10114
f 10415 10417 10416
f 10120 10732 7291
f 10623 10733 10419
f 9793 10625 10422
f 10625 10734 9524
f 9525 10735 10424
f 10626 10736 7349
f 9796 10737 10628
f 10629 10738 10428
f 10430 10631 10630
f 10631 10739 7326
f 10633 10740 7410
f 10634 10137 7419
f 9806 9807 10434
f 9807 10436 10435
f 10142 10438 10437
f 10438 10741 10635
f 10145 10742 9252
f 9541 10441 10440
f 9811 9812 10636
f 9813 10156 10445
f 10156 10157 10637
f 10157 10159 9548
f 10448 7633 10638
f 10451 10743 10639
f 10744 7670 10163
f 9820 10640 10453
f 10745 10641 10168
f 10746 10170 10169
f 10170 10642 10457
f 10642 9829 10643
f 9829 10747 10644
f 10748 7745 10645
f 10749 10462 10174
f 10462 10750 10463
f 10647 10648 10179
f 10751 7837 9838
f 10468 10469 10649
f 9841 10650 10185
f 10651 7899 10471
f 10752 9288 10652
f 10191 10475 10192
f 10476 10753 10653
f 9579 10196 10195
f 10479 10480 10654
f 10480 10754 10655
f 10200 8023 10483
f 10202 9858 10484
f 10205 10486 10656
f 10486 10488 10487
f 10490 10755 10657
f 10755 10658 9864
f 10492 10211 10493
f 10659 10756 10494
f 10661 10215 10496
f 10215 10757 10662
f 10757 10218 9873
f 10218 10499 10663
f 10499 10220 10664
f 10220 10758 10665
f 10222 10759 10502
f 10503 10667 10666
f 10667 10668 10226
f 10669 10670 9601
f 10670 10760 10505
f 9884 10761 10671
f 9885 10762 9603
f 10509 10763 8334
f 9889 10673 10235
f 10764 9606 9891
f 10514 10241 9334
f 10675 10517 8467
f 10518 10765 10676
f 10249 10251 10678
f 10252 10766 10522
f 9345 10256 10523
f 10256 10679 10257
f 10767 10526 9912
f 10526 10527 10259
f 10768 10261 10680
f 10769 9919 10528
f 9919 10264 10263
f 10681 10770 8667
f 9922 10771 8681
f 10268 10772 9630
f 10535 8729 10536
f 10538 10773 9632
f 10774 7907 10682
f 10775 10276 10274
f 10278 10542 10279
f 10776 9936 9934
f 9936 8869 8847
f 10545 8892 10546
f 10777 9644 9367
f 10778 8867 10684
f 10548 10685 10549
f 10685 9945 9943
f 9945 10551 10686
f 10551 10687 10552
f 10294 10688 10553
f 10688 9661 10554
f 9952 10779 9954
f 9041 9052 9045
f 10557 9383 10689
f 10780 9098 10559
f 10304 9961 10690
f 5611 10307 10306
f 10307 10309 9965
f 10309 10781 9394
f 9967 10691 10564
f 9969 10314 9674
f 10782 9676 10692
f 10567 10783 10693
f 10568 9977 10321
f 9977 10570 10323
f 9685 10784 10326
f 10785 5840 10694
f 9982 9691 10695
f 9984 9694 10696
f 9694 5910 9695
f 10697 10786 5933
f 10574 10787 10698
f 9994 10575 10335
f 10575 10576 9997
f 10338 10002 10339
f 10002 10578 10341
f 10344 10012 9709
f 10012 10788 10699
f 10582 10789 10700
f 9712 10790 10583
f 10346 9715 10701
f 9715 10791 9444
f 9717 10703 10702
f 10703 10792 6235
f 10704 10793 10351
f 10352 10585 10026
f 10705 10706 6306
f 10586 6354 10032
f 10794 6375 10707
f 10795 9175 9728
f 10360 9731 9730
f 10796 10708 10591
f 10797 10365 10043
f 10709 10368 10366
f 10368 10798 10710
f 10799 10593 9741
f 10593 10800 10711
f 10594 6590 9745
f 6590 10801 10373
f 9749 10712 10058
f 10713 10802 10597
f 9755 10803 10598
f 10803 10599 10380
f 10599 10804 9760
f 10389 10805 10714
f 10603 10806 10715
f 10604 10807 10716
f 6809 10808 10717
f 10809 10080 10718
f 10720 10810 6858
f 10395 10396 10608
f 10396 10811 9488
f 6898 10812 6910
f 10610 6935 10399
f 10813 10612 10611
f 10721 10814 6983
f 10613 10815 10722
f 10816 7033 9220
f 10097 10724 7070
f 9503 10725 10617
f 10618 10727 10726
f 10727 10728 7140
f 10817 10411 10107
f 10109 10818 10729
f 9513 10819 10730
f 10731 9787 10112
f 9787 10820 9515
f 10820 10417 10415
f 10120 10623 10732
f 10623 10821 10733
f 9793 10734 10625
f 9525 10822 10735
f 10823 10736 10626
f 10430 10739 10631
f 10633 10824 10740
f 10825 10137 10634
f 9806 10436 9807
f 10142 10741 10438
f 10145 10826 10742
f 10826 10441 9541
f 10827 10156 9813
f 10156 10159 10157
f 10159 7633 10448
f 10828 10743 10451
f 10744 10829 7670
f 7677 10640 9820
f 10745 10746 10641
f 10746 10642 10170
f 9829 10830 10747
f 10831 7745 10748
f 10749 10750 10462
f 10647 10751 10648
f 10751 10468 7837
f 10468 10832 10469
f 10833 10650 9841
f 10650 7899 10651
f 7899 9288 10752
f 10473 10475 10191
f 10476 10834 10753
f 9579 10479 10196
f 10480 9855 10754
f 10481 8023 10200
f 10202 10204 9858
f 10205 10488 10486
f 10489 10755 10490
f 10755 10492 10658
f 10492 10835 10211
f 10659 10495 10756
f 10661 10757 10215
f 10757 10499 10218
f 9878 10759 10222
f 10503 10668 10667
f 10669 10760 10670
f 10836 10761 9884
f 9885 10509 10762
f 10509 10837 10763
f 10838 10673 9889
f 10839 9606 10764
f 10840 10241 10514
f 10841 10517 10675
f 10518 9904 10765
f 10249 10252 10251
f 10252 10842 10766
f 9345 10679 10256
f 10767 10527 10526
f 10768 10843 10261
f 10844 9919 10769
f 9919 10530 10264
f 10845 10770 10681
f 9922 10846 10771
f 10268 9924 10772
f 10535 10847 8729
f 9928 10773 10538
f 10773 7907 10774
f 10848 10276 10775
f 10776 8869 9936
f 10683 8892 10545
f 10777 10849 9644
f 10849 8867 10778
f 10548 9945 10685
f 9945 10687 10551
f 9653 10688 10294
f 10688 10850 9661
f 9952 9041 10779
f 9041 10851 9052
f 9381 9383 10557
f 9383 9098 10780
f 9959 9961 10304
f 5611 10309 10307
f 10309 9967 10781
f 9967 9969 10691
f 10852 9676 10782
f 10567 9679 10783
f 9977 10853 10570
f 9685 10854 10784
f 10785 10855 5840
f 9982 10856 9691
f 10857 9694 9984
f 9694 5912 5910
f 10697 10858 10786
f 10574 10859 10787
f 9994 10576 10575
f 9702 10002 10338
f 10002 10860 10578
f 10580 10012 10344
f 10582 9712 10789
f 10346 10791 9715
f 9717 10792 10703
f 10704 9722 10793
f 9722 10585 10352
f 10705 10586 10706
f 10794 10861 6375
f 10360 10362 9731
f 10796 10862 10708
f 10797 10863 10365
f 6471 10368 10709
f 10368 10864 10798
f 10865 10593 10799
f 10593 10866 10800
f 9744 6590 10594
f 6590 9749 10801
f 9749 10059 10712
f 10713 9755 10802
f 9755 10599 10803
f 10599 10867 10804
f 10603 10868 10806
f 10604 10869 10807
f 10870 10080 10809
f 10720 10395 10810
f 10395 10811 10396
f 6898 10871 10812
f 10610 10872 6935
f 10873 10612 10813
f 10721 10613 10814
f 10613 10874 10815
f 10816 7035 7033
f 9779 10724 10097
f 9503 10875 10725
f 10618 10728 10727
f 10817 10109 10411
f 10109 10876 10818
f 10731 10820 9787
f 10820 10622 10417
f 10120 10821 10623
f 10624 10734 9793
f 9525 10877 10822
f 10823 10878 10736
f 9798 10739 10430
f 10879 10137 10825
f 10880 10436 9806
f 10881 10741 10142
f 10145 10441 10826
f 10443 10156 10827
f 10156 7633 10159
f 10828 9818 10743
f 10882 10640 7677
f 10745 10642 10746
f 9829 10883 10830
f 10831 10884 7745
f 7771 10750 10749
f 10647 10468 10751
f 10468 10833 10832
f 10833 7899 10650
f 7899 10885 9288
f 10473 10476 10475
f 10476 7947 10834
f 10480 10481 9855
f 10481 10886 8023
f 10887 10488 10205
f 10489 10492 10755
f 10492 10888 10835
f 10659 10660 10495
f 10661 10499 10757
f 9878 10503 10759
f 10503 10889 10668
f 10890 10760 10669
f 10836 8304 10761
f 9885 10837 10509
f 10838 10891 10673
f 10892 9606 10839
f 10893 10241 10840
f 10894 10517 10841
f 9906 10252 10249
f 10252 10895 10842
f 10896 10679 9345
f 10767 10897 10527
f 10897 10843 10768
f 10844 10530 9919
f 10845 10898 10770
f 9922 10899 10846
f 9928 7907 10773
f 10900 10276 10848
f 10901 8869 10776
f 10683 10902 8892
f 10777 8867 10849
f 8911 9945 10548
f 9945 9653 10687
f 9653 10850 10688
f 9952 10851 9041
f 9381 9098 9383
f 9959 10903 9961
f 5611 9967 10309
f 10904 9676 10852
f 10567 9974 9679
f 10785 10905 10855
f 9982 10906 10856
f 10907 9694 10857
f 9694 10908 5912
f 9993 10576 9994
f 10002 9705 10860
f 10909 10012 10580
f 10582 10790 9712
f 10790 10791 10346
f 10791 10792 9717
f 10704 10585 9722
f 10705 6354 10586
f 10910 10861 10794
f 10360 10911 10362
f 9458 10368 6471
f 10368 10912 10864
f 10865 10866 10593
f 10913 6590 9744
f 6590 10059 9749
f 10713 10599 9755
f 10604 10914 10869
f 10915 10080 10870
f 10720 10811 10395
f 6898 10916 10871
f 10873 10917 10612
f 10721 10874 10613
f 10918 7035 10816
f 10919 10724 9779
f 9503 10920 10875
f 10921 10728 10618
f 10817 10876 10109
f 10922 10820 10731
f 10820 10923 10622
f 9792 10734 10624
f 10924 10878 10823
f 10738 10739 9798
f 10925 10137 10879
f 10880 10881 10436
f 10881 10926 10741
f 10927 10441 10145
f 9812 10156 10443
f 10828 10162 9818
f 10882 10745 10640
f 9829 10928 10883
f 10831 10929 10884
f 9274 10750 7771
f 10178 10468 10647
f 10468 7899 10833
f 7899 10930 10885
f 10473 7947 10476
f 10479 10481 10480
f 10481 10931 10886
f 10932 10488 10887
f 10489 10888 10492
f 9868 10660 10659
f 10661 10220 10499
f 9878 10889 10503
f 10890 10933 10760
f 10836 9885 8304
f 9885 10934 10837
f 10838 10935 10891
f 10892 10936 9606
f 10937 10241 10893
f 10894 10518 10517
f 10252 10938 10895
f 10896 10767 10679
f 10767 10843 10897
f 10845 10939 10898
f 9922 10940 10899
f 10941 7907 9928
f 10942 10276 10900
f 10943 8869 10901
f 10777 8911 8867
f 8911 9653 9945
f 9653 10944 10850
f 10945 10851 9952
f 10946 9098 9381
f 9959 10947 10903
f 5611 9969 9967
f 10948 9676 10904
f 10854 10905 10785
f 9405 10906 9982
f 10949 9694 10907
f 9694 10330 10908
f 9993 10950 10576
f 10007 10012 10909
f 10788 10790 10582
f 10790 10792 10791
f 10951 10585 10704
f 10952 6354 10705
f 10910 10359 10861
f 10360 6429 10911
f 10953 10368 9458
f 10954 10866 10865
f 10913 10059 6590
f 9753 10599 10713
f 10604 9478 10914
f 10078 10080 10915
f 10955 10811 10720
f 6898 10610 10916
f 10873 10721 10917
f 10721 10956 10874
f 10918 10957 7035
f 10404 10724 10919
f 10958 10920 9503
f 10959 10728 10921
f 10817 10960 10876
f 10819 10820 10922
f 10821 10734 9792
f 10924 10627 10878
f 10629 10739 10738
f 10961 10137 10925
f 10880 10926 10881
f 10962 10441 10927
f 9811 10156 9812
f 10963 10162 10828
f 10882 10642 10745
f 9829 10964 10928
f 10831 10965 10929
f 10966 10750 9274
f 10967 10468 10178
f 7899 10189 10930
f 10473 9850 7947
f 9579 10481 10479
f 10481 10202 10931
f 10204 10488 10932
f 10968 10888 10489
f 9305 10660 9868
f 10661 10758 10220
f 10969 10889 9878
f 10890 9883 10933
f 10836 10934 9885
f 10892 10970 10936
f 10937 10515 10241
f 10894 9904 10518
f 10252 10971 10938
f 10896 10843 10767
f 10847 7907 10941
f 10942 10277 10276
f 10542 8869 10943
f 10777 9653 8911
f 9653 10972 10944
f 10973 10851 10945
f 10946 10974 9098
f 5611 10314 9969
f 10975 9676 10948
f 10854 10976 10905
f 9405 10977 10906
f 10949 10330 9694
f 9993 9702 10950
f 9706 10012 10007
f 10788 10792 10790
f 10951 10978 10585
f 10979 6354 10952
f 10910 10588 10359
f 10863 10368 10953
f 10980 10866 10954
f 10981 10059 10913
f 9753 10867 10599
f 10604 6809 9478
f 10078 10393 10080
f 10719 10811 10955
f 10873 10956 10721
f 10918 10982 10957
f 9778 10724 10404
f 10958 10959 10920
f 10959 10983 10728
f 10817 10984 10960
f 9513 10820 10819
f 10120 10734 10821
f 10924 10426 10627
f 10985 10739 10629
f 10961 10880 10137
f 10880 10986 10926
f 10962 10987 10441
f 10988 10156 9811
f 10989 10642 10882
f 9829 10831 10964
f 10831 10990 10965
f 10991 10750 10966
f 10177 10468 10967
f 7899 9847 10189
f 10473 10992 9850
f 9579 10202 10481
f 10202 10488 10204
f 10488 10888 10968
f 9305 10661 10660
f 10969 10890 10889
f 10890 10506 9883
f 10836 10993 10934
f 10994 10970 10892
f 10995 10515 10937
f 10996 9904 10894
f 10997 10843 10896
f 10535 7907 10847
f 10942 10540 10277
f 10542 10998 8869
f 10999 9653 10777
f 9653 11000 10972
f 9951 10851 10973
f 10946 11001 10974
f 5611 11002 10314
f 10975 11003 9676
f 10854 11004 10976
f 9405 11005 10977
f 10949 10573 10330
f 9993 10002 9702
f 9705 10012 9706
f 10788 11006 10792
f 10023 10978 10951
f 10028 6354 10979
f 11007 10588 10910
f 10797 10368 10863
f 10912 10866 10980
f 11008 10059 10981
f 9190 10867 9753
f 10078 10719 10393
f 10719 11009 10811
f 11010 10956 10873
f 10918 9778 10982
f 9778 10958 10724
f 10958 10983 10959
f 10817 11011 10984
f 9513 10923 10820
f 10119 10734 10120
f 10924 11012 10426
f 11013 10739 10985
f 10961 10986 10880
f 11014 10987 10962
f 11015 10156 10988
f 10642 10831 9829
f 10831 11016 10990
f 10991 9278 10750
f 9280 10468 10177
f 7899 11017 9847
f 9579 10488 10202
f 10488 11018 10888
f 9305 10758 10661
f 10890 10836 10506
f 10994 10238 10970
f 11019 10515 10995
f 10996 10519 9904
f 11020 10843 10997
f 11021 7907 10535
f 11022 10540 10942
f 10542 11023 10998
f 11024 9653 10999
f 9653 9018 11000
f 9018 10851 9951
f 10946 11025 11001
f 5611 11026 11002
f 10975 11027 11003
f 9685 11004 10854
f 9405 10949 11005
f 10949 10697 10573
f 9418 10002 9993
f 10002 10012 9705
f 10788 11028 11006
f 10023 11029 10978
f 10028 11030 6354
f 11007 11031 10588
f 11032 10368 10797
f 10368 10866 10912
f 11033 10059 11008
f 9190 11034 10867
f 10392 10719 10078
f 10719 11035 11009
f 11036 10956 11010
f 10723 9778 10918
f 9778 10983 10958
f 11037 10923 9513
f 9789 10734 10119
f 10924 11038 11012
f 11039 10739 11013
f 10961 11040 10986
f 11040 10987 11014
f 11041 10156 11015
f 10831 11042 11016
f 11043 10468 9280
f 7899 10190 11017
f 11044 10488 9579
f 10488 11045 11018
f 10890 10993 10836
f 10994 10674 10238
f 11019 11046 10515
f 10996 11047 10519
f 11020 11048 10843
f 11021 8765 7907
f 11022 10278 10540
f 10542 11049 11023
f 11024 9018 9653
f 9018 11050 10851
f 10946 11051 11025
f 5611 11052 11026
f 10975 11053 11027
f 9685 11054 11004
f 9405 10697 10949
f 9418 10012 10002
f 10788 11055 11028
f 10023 11056 11029
f 10028 11057 11030
f 11007 11058 11031
f 10042 10368 11032
f 10368 11059 10866
f 11059 10059 11033
f 9190 9197 11034
f 11060 10719 10392
f 10719 6898 11035
f 11061 10956 11036
f 10723 10983 9778
f 11062 10923 11037
f 11063 10734 9789
f 11039 10431 10739
f 10961 10987 11040
f 11064 10156 11041
f 10642 11042 10831
f 11043 7899 10468
f 7899 10473 10190
f 10488 11065 11045
f 10890 11066 10993
f 10935 10674 10994
f 11019 11067 11046
f 11068 11047 10996
f 11020 11069 11048
f 11021 11070 8765
f 11071 10278 11022
f 10542 11072 11049
f 11073 9018 11024
f 9018 11074 11050
f 10946 11075 11051
f 5611 11076 11052
f 10975 9971 11053
f 9685 11077 11054
f 11078 10697 9405
f 11079 10012 9418
f 10788 9719 11055
f 10023 11080 11056
f 10028 11081 11057
f 11007 11082 11058
f 9733 10368 10042
f 10368 10059 11059
f 9190 10067 9197
f 11060 6898 10719
f 11061 11083 10956
f 10614 10983 10723
f 11062 11084 10923
f 11085 10734 11063
f 10824 10987 10961
f 10642 11086 11042
f 11087 7899 11043
f 7899 10992 10473
f 10488 11088 11065
f 10935 11089 10674
f 11019 11090 11067
f 11020 10844 11069
f 11021 11071 11070
f 11071 10542 10278
f 10542 11091 11072
f 11092 9018 11073
f 9018 10946 11074
f 5611 11093 11076
f 10975 10316 9971
f 9685 11094 11077
f 11078 10858 10697
f 11079 10788 10012
f 10788 10023 9719
f 10023 11095 11080
f 9450 11081 10028
f 11096 11082 11007
f 10862 10368 9733
f 10368 9752 10059
f 9190 10600 10067
f 11097 6898 11060
f 10872 11083 11061
f 9776 10983 10614
f 11062 11098 11084
f 11099 10734 11085
f 10824 11100 10987
f 10642 11101 11086
f 10464 7899 11087
f 7899 11102 10992
f 10488 11103 11088
f 10838 11089 10935
f 11020 10530 10844
f 11021 10542 11071
f 10542 11104 11091
f 11105 9018 11092
f 9018 11075 10946
f 5611 11106 11093
f 10975 9972 10316
f 9685 11107 11094
f 11078 9990 10858
f 10788 11095 10023
f 9450 11108 11081
f 11096 11109 11082
f 10796 10368 10862
f 10368 9190 9752
f 9190 10068 10600
f 11097 10610 6898
f 10872 11110 11083
f 7001 10983 9776
f 11062 11111 11098
f 11112 10734 11099
f 10824 11113 11100
f 10642 11114 11101
f 10176 7899 10464
f 10488 11115 11103
f 11116 10530 11020
f 11021 11104 10542
f 11117 9018 11105
f 5611 11118 11106
f 10975 10317 9972
f 9685 11078 11107
f 11078 10332 9990
f 10788 11119 11095
f 11120 11108 9450
f 11096 11121 11109
f 9177 10368 10796
f 10368 10068 9190
f 11122 10610 11097
f 10872 7001 11110
f 7001 11123 10983
f 11062 11112 11111
f 11112 11124 10734
f 10824 11064 11113
f 10642 11125 11114
f 11126 7899 10176
f 11127 10530 11116
f 10534 11104 11021
f 11117 11075 9018
f 5611 10975 11118
f 10975 11128 10317
f 9685 10332 11078
f 10788 11129 11119
f 11120 11130 11108
f 11096 11131 11121
f 6429 10368 9177
f 10368 10601 10068
f 11122 10872 10610
f 10872 11123 7001
f 11062 11124 11112
f 10824 10156 11064
f 10989 11125 10642
f 11132 7899 11126
f 11133 10530 11127
f 9924 11104 10534
f 11134 11075 11117
f 10305 10975 5611
f 10975 11135 11128
f 10853 10332 9685
f 10788 11136 11129
f 11120 11137 11130
f 11096 11138 11131
f 10360 10368 6429
f 10368 10069 10601
f 10808 10872 11122
f 10872 11139 11123
f 11011 11124 11062
f 10824 7633 10156
f 10989 11140 11125
f 11141 7899 11132
f 11133 11142 10530
f 10268 11104 9924
f 10902 11075 11134
f 10305 11135 10975
f 9977 10332 10853
f 10788 11143 11136
f 11143 11137 11120
f 9175 10368 10360
f 10368 10070 10069
f 6809 10872 10808
f 10872 10817 11139
f 10817 11124 11011
f 10633 7633 10824
f 10989 11144 11140
f 11145 7899 11141
f 9628 11104 10268
f 10902 9959 11075
f 11146 11135 10305
f 9977 10574 10332
f 10788 11137 11143
f 10795 10368 9175
f 10368 10385 10070
f 10604 10872 6809
f 10872 11124 10817
f 11147 7633 10633
f 10989 11148 11144
f 10175 7899 11145
f 10940 11104 9628
f 11146 11149 11135
f 9977 10859 10574
f 10788 11096 11137
f 11138 10368 10795
f 10368 11150 10385
f 11151 10872 10604
f 10872 9525 11124
f 11152 7633 11147
f 10989 11153 11148
f 9278 7899 10175
f 9922 11104 10940
f 11146 11154 11149
f 9977 11155 10859
f 10788 11138 11096
f 10872 10877 9525
f 10632 7633 11152
f 10989 10646 11153
f 9278 11102 7899
f 10939 11104 9922
f 11146 11156 11154
f 10568 11155 9977
f 10788 10368 11138
f 10872 11157 10877
f 10431 7633 10632
f 10989 10460 10646
f 10991 11102 9278
f 10845 11104 10939
f 11146 10567 11156
f 10568 11158 11155
f 10872 11159 11157
f 10431 10450 7633
f 10989 11160 10460
f 10991 11044 11102
f 11161 11104 10845
f 11146 9974 10567
f 10568 11162 11158
f 10872 10924 11159
f 10431 11163 10450
f 10989 11164 11160
f 10991 10488 11044
f 11165 11104 11161
f 10568 11079 11162
f 11151 10924 10872
f 10431 10963 11163
f 10989 11166 11164
f 11167 10488 10991
f 11142 11104 11165
f 10568 10788 11079
f 11168 10924 11151
f 10431 10162 10963
f 10989 9562 11166
f 7768 10488 11167
f 11142 11169 11104
f 11170 10788 10568
f 11171 10924 11168
f 11039 10162 10431
f 10989 9273 9562
f 9831 10488 7768
f 11142 11172 11169
f 9974 10788 11170
f 11173 10924 11171
f 11039 11174 10162
f 10989 11175 9273
f 11176 10488 9831
f 11142 11177 11172
f 11146 10788 9974
f 10868 10924 11173
f 11039 11178 11174
f 10989 11179 11175
f 11180 10488 11176
f 11142 10283 11177
f 11181 10788 11146
f 10868 11038 10924
f 11039 11182 11178
f 10989 11183 11179
f 11184 10488 11180
f 11142 10683 10283
f 11185 10788 11181
f 10603 11038 10868
f 11039 10744 11182
f 10989 11186 11183
f 11187 10488 11184
f 11142 10902 10683
f 11188 10788 11185
f 10603 9796 11038
f 11039 10829 10744
f 10989 11187 11186
f 11142 9959 10902
f 11189 10788 11188
f 10603 10737 9796
f 11190 10829 11039
f 10989 10488 11187
f 11133 9959 11142
f 11191 10788 11189
f 10603 11190 10737
f 11190 11192 10829
f 11193 10488 10989
f 11133 10947 9959
f 10603 11192 11190
f 11194 10488 11193
f 11195 10947 11133
f 11196 11192 10603
f 11197 10488 11194
f 11198 10947 11195
f 11196 11199 11192
f 11200 10947 11198
f 11196 9819 11199
f 11201 10947 11200
f 11196 10165 9819
f 10971 10947 11201
f 11196 11202 10165
f 10252 10947 10971
f 11196 11203 11202
f 9906 10947 10252
f 11196 11204 11203
f 10677 10947 9906
f 11196 11205 11204
f 9905 10947 10677
f 11196 11206 11205
f 11047 10947 9905
f 11196 11207 11206
f 11068 10947 11047
f 11196 11197 11207
f 11068 11191 10947
f 11196 10488 11197
f 11068 10788 11191
f 11208 10488 11196
f 9337 10788 11068
f 10805 10488 11208
f 9899 10788 9337
f 10389 10488 10805
f 11090 10788 9899
f 10388 10488 10389
f 11019 10788 11090
f 9765 10488 10388
f 10239 10788 11019
f 11209 10488 9765
f 9608 10788 10239
f 10387 10488 11209
f 11210 10788 9608
f 9203 10488 10387
f 11210 10368 10788
f 11211 10488 9203
f 11089 10368 11210
f 11150 10488 11211
f 10838 10368 11089
f 11150 11115 10488
f 10672 10368 10838
f 11150 9305 11115
f 10510 10368 10672
f 11150 10758 9305
f 11212 10368 10510
f 11150 9877 10758
f 11213 10368 11212
f 11150 10501 9877
f 11214 10368 11213
f 10368 10501 11150
f 11215 10368 11214
f 10368 10969 10501
f 11216 10368 11215
f 10368 10890 10969
f 11217 10368 11216
f 10368 11066 10890
f 11218 10368 11217
f 10368 11219 11066
f 11220 10368 11218
f 10368 11220 11219
f 1533 7143 1532
f 1532 7143 7142
f 1532 7142 1535
f 1535 7142 7145
f 1535 7145 1534
f 1534 7145 7144
f 1534 7144 1537
f 1537 7144 7147
f 1537 7147 1536
f 1536 7147 7146
f 1536 7146 1539
f 1539 7146 7149
f 1539 7149 1538
f 1538 7149 7148
f 1538 7148 1541
f 1541 7148 7151
f 1541 7151 1540
f 1540 7151 7150
f 1540 7150 1543
f 1543 7150 7153
f 1543 7153 1542
f 1542 7153 7152
f 1542 7152 1545
f 1545 7152 7155
f 1545 7155 1544
f 1544 7155 7154
f 1544 7154 4495
f 4495 7154 10105
f 4495 10105 4496
f 4496 10105 10106
f 4496 10106 3898
f 3898 10106 9508
f 3898 9508 1547
f 1547 9508 7156
f 1547 7156 1548
f 1548 7156 7158
f 1548 7158 1546
f 1546 7158 7157
f 1546 7157 1550
f 1550 7157 7160
f 1550 7160 1549
f 1549 7160 7159
f 1549 7159 1552
f 1552 7159 7162
f 1552 7162 1551
f 1551 7162 7161
f 1551 7161 1554
f 1554 7161 7164
f 1554 7164 1553
f 1553 7164 7163
f 1553 7163 3899
f 3899 7163 9509
f 3899 9509 4799
f 4799 9509 10409
f 4799 10409 5118
f 5118 10409 10728
f 5118 10728 5373
f 5373 10728 10983
f 5373 10983 5513
f 5513 10983 11123
f 5513 11123 5529
f 5529 11123 11139
f 5529 11139 5207
f 5207 11139 10817
f 5207 10817 4497
f 4497 10817 10107
f 4497 10107 3900
f 3900 10107 9510
f 3900 9510 1556
f 1556 9510 7165
f 1556 7165 1557
f 1557 7165 7167
f 1557 7167 1555
f 1555 7167 7166
f 1555 7166 1559
f 1559 7166 7169
f 1559 7169 1558
f 1558 7169 7168
f 1558 7168 1561
f 1561 7168 7171
f 1561 7171 1560
f 1560 7171 7170
f 1560 7170 1563
f 1563 7170 7173
f 1563 7173 1562
f 1562 7173 7172
f 1562 7172 3901
f 3901 7172 9511
f 3901 9511 4800
f 4800 9511 10410
f 4800 10410 4174
f 4174 10410 9784
f 4174 9784 3617
f 3617 9784 9227
f 3617 9227 1565
f 1565 9227 7174
f 1565 7174 1566
f 1566 7174 7176
f 1566 7176 1564
f 1564 7176 7175
f 1564 7175 1568
f 1568 7175 7178
f 1568 7178 1567
f 1567 7178 7177
f 1567 7177 1570
f 1570 7177 7180
f 1570 7180 1569
f 1569 7180 7179
f 1569 7179 4498
f 4498 7179 10108
f 4498 10108 4801
f 4801 10108 10411
f 4801 10411 4499
f 4499 10411 10109
f 4499 10109 3902
f 3902 10109 9512
f 3902 9512 1572
f 1572 9512 7181
f 1572 7181 1573
f 1573 7181 7183
f 1573 7183 1571
f 1571 7183 7182
f 1571 7182 1575
f 1575 7182 7185
f 1575 7185 1574
f 1574 7185 7184
f 1574 7184 1577
f 1577 7184 7187
f 1577 7187 1576
f 1576 7187 7186
f 1576 7186 1579
f 1579 7186 7189
f 1579 7189 1578
f 1578 7189 7188
f 1578 7188 1581
f 1581 7188 7191
f 1581 7191 1580
f 1580 7191 7190
f 1580 7190 1583
f 1583 7190 7193
f 1583 7193 1582
f 1582 7193 7192
f 1582 7192 1585
f 1585 7192 7195
f 1585 7195 1584
f 1584 7195 7194
f 1584 7194 5009
f 5009 7194 10619
f 5009 10619 5119
f 5119 10619 10729
f 5119 10729 5208
f 5208 10729 10818
f 5208 10818 5266
f 5266 10818 10876
f 5266 10876 5350
f 5350 10876 10960
f 5350 10960 5374
f 5374 10960 10984
f 5374 10984 5401
f 5401 10984 11011
f 5401 11011 5452
f 5452 11011 11062
f 5452 11062 5427
f 5427 11062 11037
f 5427 11037 3903
f 3903 11037 9513
f 3903 9513 1587
f 1587 9513 7196
f 1587 7196 1588
f 1588 7196 7198
f 1588 7198 1586
f 1586 7198 7197
f 1586 7197 1590
f 1590 7197 7200
f 1590 7200 1589
f 1589 7200 7199
f 1589 7199 1592
f 1592 7199 7202
f 1592 7202 1591
f 1591 7202 7201
f 1591 7201 1594
f 1594 7201 7204
f 1594 7204 1593
f 1593 7204 7203
f 1593 7203 1596
f 1596 7203 7206
f 1596 7206 1595
f 1595 7206 7205
f 1595 7205 1598
f 1598 7205 7208
f 1598 7208 1597
f 1597 7208 7207
f 1597 7207 4500
f 4500 7207 10110
f 4500 10110 4802
f 4802 10110 10412
f 4802 10412 5010
f 5010 10412 10620
f 5010 10620 5120
f 5120 10620 10730
f 5120 10730 5209
f 5209 10730 10819
f 5209 10819 5312
f 5312 10819 10922
f 5312 10922 5121
f 5121 10922 10731
f 5121 10731 5011
f 5011 10731 10621
f 5011 10621 4501
f 4501 10621 10111
f 4501 10111 4175
f 4175 10111 9785
f 4175 9785 3618
f 3618 9785 9228
f 3618 9228 1600
f 1600 9228 7209
f 1600 7209 1601
f 1601 7209 7211
f 1601 7211 1599
f 1599 7211 7210
f 1599 7210 1603
f 1603 7210 7213
f 1603 7213 1602
f 1602 7213 7212
f 1602 7212 1605
f 1605 7212 7215
f 1605 7215 1604
f 1604 7215 7214
f 1604 7214 1607
f 1607 7214 7217
f 1607 7217 1606
f 1606 7217 7216
f 1606 7216 1609
f 1609 7216 7219
f 1609 7219 1608
f 1608 7219 7218
f 1608 7218 1611
f 1611 7218 7221
f 1611 7221 1610
f 1610 7221 7220
f 1610 7220 3619
f 3619 7220 9229
f 3619 9229 4176
f 4176 9229 9786
f 4176 9786 4502
f 4502 9786 10112
f 4502 10112 4177
f 4177 10112 9787
f 4177 9787 3620
f 3620 9787 9230
f 3620 9230 1613
f 1613 9230 7222
f 1613 7222 1614
f 1614 7222 7224
f 1614 7224 1612
f 1612 7224 7223
f 1612 7223 1616
f 1616 7223 7226
f 1616 7226 1615
f 1615 7226 7225
f 1615 7225 1618
f 1618 7225 7228
f 1618 7228 1617
f 1617 7228 7227
f 1617 7227 4503
f 4503 7227 10113
f 4503 10113 4803
f 4803 10113 10413
f 4803 10413 4504
f 4504 10413 10114
f 4504 10114 4178
f 4178 10114 9788
f 4178 9788 1620
f 1620 9788 7229
f 1620 7229 1621
f 1621 7229 7231
f 1621 7231 1619
f 1619 7231 7230
f 1619 7230 1623
f 1623 7230 7233
f 1623 7233 1622
f 1622 7233 7232
f 1622 7232 1625
f 1625 7232 7235
f 1625 7235 1624
f 1624 7235 7234
f 1624 7234 1627
f 1627 7234 7237
f 1627 7237 1626
f 1626 7237 7236
f 1626 7236 4804
f 4804 7236 10414
f 4804 10414 4505
f 4505 10414 10115
f 4505 10115 3904
f 3904 10115 9514
f 3904 9514 1629
f 1629 9514 7238
f 1629 7238 1630
f 1630 7238 7240
f 1630 7240 1628
f 1628 7240 7239
f 1628 7239 1632
f 1632 7239 7242
f 1632 7242 1631
f 1631 7242 7241
f 1631 7241 1634
f 1634 7241 7244
f 1634 7244 1633
f 1633 7244 7243
f 1633 7243 1636
f 1636 7243 7246
f 1636 7246 1635
f 1635 7246 7245
f 1635 7245 3905
f 3905 7245 9515
f 3905 9515 5210
f 5210 9515 10820
f 5210 10820 4805
f 4805 10820 10415
f 4805 10415 3906
f 3906 10415 9516
f 3906 9516 1638
f 1638 9516 7247
f 1638 7247 1639
f 1639 7247 7249
f 1639 7249 1637
f 1637 7249 7248
f 1637 7248 1641
f 1641 7248 7251
f 1641 7251 1640
f 1640 7251 7250
f 1640 7250 1643
f 1643 7250 7253
f 1643 7253 1642
f 1642 7253 7252
f 1642 7252 4506
f 4506 7252 10116
f 4506 10116 4806
f 4806 10116 10416
f 4806 10416 4507
f 4507 10416 10117
f 4507 10117 3907
f 3907 10117 9517
f 3907 9517 1645
f 1645 9517 7254
f 1645 7254 1646
f 1646 7254 7256
f 1646 7256 1644
f 1644 7256 7255
f 1644 7255 1648
f 1648 7255 7258
f 1648 7258 1647
f 1647 7258 7257
f 1647 7257 1650
f 1650 7257 7260
f 1650 7260 1649
f 1649 7260 7259
f 1649 7259 1652
f 1652 7259 7262
f 1652 7262 1651
f 1651 7262 7261
f 1651 7261 3908
f 3908 7261 9518
f 3908 9518 4807
f 4807 9518 10417
f 4807 10417 4508
f 4508 10417 10118
f 4508 10118 3909
f 3909 10118 9519
f 3909 9519 1654
f 1654 9519 7263
f 1654 7263 1655
f 1655 7263 7265
f 1655 7265 1653
f 1653 7265 7264
f 1653 7264 1657
f 1657 7264 7267
f 1657 7267 1656
f 1656 7267 7266
f 1656 7266 1659
f 1659 7266 7269
f 1659 7269 1658
f 1658 7269 7268
f 1658 7268 5012
f 5012 7268 10622
f 5012 10622 5313
f 5313 10622 10923
f 5313 10923 5474
f 5474 10923 11084
f 5474 11084 5488
f 5488 11084 11098
f 5488 11098 5501
f 5501 11098 11111
f 5501 11111 5502
f 5502 11111 11112
f 5502 11112 5489
f 5489 11112 11099
f 5489 11099 5475
f 5475 11099 11085
f 5475 11085 5453
f 5453 11085 11063
f 5453 11063 4179
f 4179 11063 9789
f 4179 9789 1661
f 1661 9789 7270
f 1661 7270 1662
f 1662 7270 7272
f 1662 7272 1660
f 1660 7272 7271
f 1660 7271 1664
f 1664 7271 7274
f 1664 7274 1663
f 1663 7274 7273
f 1663 7273 1666
f 1666 7273 7276
f 1666 7276 1665
f 1665 7276 7275
f 1665 7275 1668
f 1668 7275 7278
f 1668 7278 1667
f 1667 7278 7277
f 1667 7277 4509
f 4509 7277 10119
f 4509 10119 4510
f 4510 10119 10120
f 4510 10120 3910
f 3910 10120 9520
f 3910 9520 1670
f 1670 9520 7279
f 1670 7279 1671
f 1671 7279 7281
f 1671 7281 1669
f 1669 7281 7280
f 1669 7280 1673
f 1673 7280 7283
f 1673 7283 1672
f 1672 7283 7282
f 1672 7282 1675
f 1675 7282 7285
f 1675 7285 1674
f 1674 7285 7284
f 1674 7284 3621
f 3621 7284 9231
f 3621 9231 3911
f 3911 9231 9521
f 3911 9521 4808
f 4808 9521 10418
f 4808 10418 4511
f 4511 10418 10121
f 4511 10121 4180
f 4180 10121 9790
f 4180 9790 3622
f 3622 9790 9232
f 3622 9232 1677
f 1677 9232 7286
f 1677 7286 1678
f 1678 7286 7288
f 1678 7288 1676
f 1676 7288 7287
f 1676 7287 1680
f 1680 7287 7290
f 1680 7290 1679
f 1679 7290 7289
f 1679 7289 1682
f 1682 7289 7292
f 1682 7292 1681
f 1681 7292 7291
f 1681 7291 5122
f 5122 7291 10732
f 5122 10732 5013
f 5013 10732 10623
f 5013 10623 4512
f 4512 10623 10122
f 4512 10122 4181
f 4181 10122 9791
f 4181 9791 1684
f 1684 9791 7293
f 1684 7293 1685
f 1685 7293 7295
f 1685 7295 1683
f 1683 7295 7294
f 1683 7294 1687
f 1687 7294 7297
f 1687 7297 1686
f 1686 7297 7296
f 1686 7296 1689
f 1689 7296 7299
f 1689 7299 1688
f 1688 7299 7298
f 1688 7298 3623
f 3623 7298 9233
f 3623 9233 4809
f 4809 9233 10419
f 4809 10419 5123
f 5123 10419 10733
f 5123 10733 5211
f 5211 10733 10821
f 5211 10821 4182
f 4182 10821 9792
f 4182 9792 1691
f 1691 9792 7300
f 1691 7300 1692
f 1692 7300 7302
f 1692 7302 1690
f 1690 7302 7301
f 1690 7301 1694
f 1694 7301 7304
f 1694 7304 1693
f 1693 7304 7303
f 1693 7303 1696
f 1696 7303 7306
f 1696 7306 1695
f 1695 7306 7305
f 1695 7305 3624
f 3624 7305 9234
f 3624 9234 4513
f 4513 9234 10123
f 4513 10123 4810
f 4810 10123 10420
f 4810 10420 5014
f 5014 10420 10624
f 5014 10624 4183
f 4183 10624 9793
f 4183 9793 3625
f 3625 9793 9235
f 3625 9235 1698
f 1698 9235 7307
f 1698 7307 1699
f 1699 7307 7309
f 1699 7309 1697
f 1697 7309 7308
f 1697 7308 1701
f 1701 7308 7311
f 1701 7311 1700
f 1700 7311 7310
f 1700 7310 1703
f 1703 7310 7313
f 1703 7313 1702
f 1702 7313 7312
f 1702 7312 4514
f 4514 7312 10124
f 4514 10124 4811
f 4811 10124 10421
f 4811 10421 4812
f 4812 10421 10422
f 4812 10422 4515
f 4515 10422 10125
f 4515 10125 3912
f 3912 10125 9522
f 3912 9522 1705
f 1705 9522 7314
f 1705 7314 1706
f 1706 7314 7316
f 1706 7316 1704
f 1704 7316 7315
f 1704 7315 1708
f 1708 7315 7318
f 1708 7318 1707
f 1707 7318 7317
f 1707 7317 1710
f 1710 7317 7320
f 1710 7320 1709
f 1709 7320 7319
f 1709 7319 3626
f 3626 7319 9236
f 3626 9236 5015
f 5015 9236 10625
f 5015 10625 4813
f 4813 10625 10423
f 4813 10423 4516
f 4516 10423 10126
f 4516 10126 3913
f 3913 10126 9523
f 3913 9523 1712
f 1712 9523 7321
f 1712 7321 1713
f 1713 7321 7323
f 1713 7323 1711
f 1711 7323 7322
f 1711 7322 1715
f 1715 7322 7325
f 1715 7325 1714
f 1714 7325 7324
f 1714 7324 1717
f 1717 7324 7327
f 1717 7327 1716
f 1716 7327 7326
f 1716 7326 5129
f 5129 7326 10739
f 5129 10739 4821
f 4821 10739 10431
f 4821 10431 4192
f 4192 10431 9802
f 4192 9802 3918
f 3918 9802 9528
f 3918 9528 1785
f 1785 9528 7394
f 1785 7394 1786
f 1786 7394 7396
f 1786 7396 1784
f 1784 7396 7395
f 1784 7395 1788
f 1788 7395 7398
f 1788 7398 1787
f 1787 7398 7397
f 1787 7397 1790
f 1790 7397 7400
f 1790 7400 1789
f 1789 7400 7399
f 1789 7399 1792
f 1792 7399 7402
f 1792 7402 1791
f 1791 7402 7401
f 1791 7401 3919
f 3919 7401 9529
f 3919 9529 4193
f 4193 9529 9803
f 4193 9803 5022
f 5022 9803 10632
f 5022 10632 5542
f 5542 10632 11152
f 5542 11152 5537
f 5537 11152 11147
f 5537 11147 5023
f 5023 11147 10633
f 5023 10633 4822
f 4822 10633 10432
f 4822 10432 4194
f 4194 10432 9804
f 4194 9804 3920
f 3920 9804 9530
f 3920 9530 1794
f 1794 9530 7403
f 1794 7403 1795
f 1795 7403 7405
f 1795 7405 1793
f 1793 7405 7404
f 1793 7404 1797
f 1797 7404 7407
f 1797 7407 1796
f 1796 7407 7406
f 1796 7406 1799
f 1799 7406 7409
f 1799 7409 1798
f 1798 7409 7408
f 1798 7408 1801
f 1801 7408 7411
f 1801 7411 1800
f 1800 7411 7410
f 1800 7410 5130
f 5130 7410 10740
f 5130 10740 5214
f 5214 10740 10824
f 5214 10824 5351
f 5351 10824 10961
f 5351 10961 5315
f 5315 10961 10925
f 5315 10925 5269
f 5269 10925 10879
f 5269 10879 5215
f 5215 10879 10825
f 5215 10825 5024
f 5024 10825 10634
f 5024 10634 4823
f 4823 10634 10433
f 4823 10433 4526
f 4526 10433 10136
f 4526 10136 4195
f 4195 10136 9805
f 4195 9805 1803
f 1803 9805 7412
f 1803 7412 1804
f 1804 7412 7414
f 1804 7414 1802
f 1802 7414 7413
f 1802 7413 1806
f 1806 7413 7416
f 1806 7416 1805
f 1805 7416 7415
f 1805 7415 1808
f 1808 7415 7418
f 1808 7418 1807
f 1807 7418 7417
f 1807 7417 1810
f 1810 7417 7420
f 1810 7420 1809
f 1809 7420 7419
f 1809 7419 1812
f 1812 7419 7422
f 1812 7422 1811
f 1811 7422 7421
f 1811 7421 1814
f 1814 7421 7424
f 1814 7424 1813
f 1813 7424 7423
f 1813 7423 1816
f 1816 7423 7426
f 1816 7426 1815
f 1815 7426 7425
f 1815 7425 1818
f 1818 7425 7428
f 1818 7428 1817
f 1817 7428 7427
f 1817 7427 1820
f 1820 7427 7430
f 1820 7430 1819
f 1819 7430 7429
f 1819 7429 3636
f 3636 7429 9246
f 3636 9246 4527
f 4527 9246 10137
f 4527 10137 5270
f 5270 10137 10880
f 5270 10880 4196
f 4196 10880 9806
f 4196 9806 1822
f 1822 9806 7431
f 1822 7431 1823
f 1823 7431 7433
f 1823 7433 1821
f 1821 7433 7432
f 1821 7432 1825
f 1825 7432 7435
f 1825 7435 1824
f 1824 7435 7434
f 1824 7434 1827
f 1827 7434 7437
f 1827 7437 1826
f 1826 7437 7436
f 1826 7436 1829
f 1829 7436 7439
f 1829 7439 1828
f 1828 7439 7438
f 1828 7438 4528
f 4528 7438 10138
f 4528 10138 4529
f 4529 10138 10139
f 4529 10139 3921
f 3921 10139 9531
f 3921 9531 1831
f 1831 9531 7440
f 1831 7440 1832
f 1832 7440 7442
f 1832 7442 1830
f 1830 7442 7441
f 1830 7441 1834
f 1834 7441 7444
f 1834 7444 1833
f 1833 7444 7443
f 1833 7443 1836
f 1836 7443 7446
f 1836 7446 1835
f 1835 7446 7445
f 1835 7445 1838
f 1838 7445 7448
f 1838 7448 1837
f 1837 7448 7447
f 1837 7447 3922
f 3922 7447 9532
f 3922 9532 4824
f 4824 9532 10434
f 4824 10434 4197
f 4197 10434 9807
f 4197 9807 3637
f 3637 9807 9247
f 3637 9247 1840
f 1840 9247 7449
f 1840 7449 1841
f 1841 7449 7451
f 1841 7451 1839
f 1839 7451 7450
f 1839 7450 1843
f 1843 7450 7453
f 1843 7453 1842
f 1842 7453 7452
f 1842 7452 1845
f 1845 7452 7455
f 1845 7455 1844
f 1844 7455 7454
f 1844 7454 4530
f 4530 7454 10140
f 4530 10140 4825
f 4825 10140 10435
f 4825 10435 4531
f 4531 10435 10141
f 4531 10141 3923
f 3923 10141 9533
f 3923 9533 1847
f 1847 9533 7456
f 1847 7456 1848
f 1848 7456 7458
f 1848 7458 1846
f 1846 7458 7457
f 1846 7457 1850
f 1850 7457 7460
f 1850 7460 1849
f 1849 7460 7459
f 1849 7459 1852
f 1852 7459 7462
f 1852 7462 1851
f 1851 7462 7461
f 1851 7461 3638
f 3638 7461 9248
f 3638 9248 3924
f 3924 9248 9534
f 3924 9534 4826
f 4826 9534 10436
f 4826 10436 5271
f 5271 10436 10881
f 5271 10881 4532
f 4532 10881 10142
f 4532 10142 3925
f 3925 10142 9535
f 3925 9535 1854
f 1854 9535 7463
f 1854 7463 1855
f 1855 7463 7465
f 1855 7465 1853
f 1853 7465 7464
f 1853 7464 1857
f 1857 7464 7467
f 1857 7467 1856
f 1856 7467 7466
f 1856 7466 1859
f 1859 7466 7469
f 1859 7469 1858
f 1858 7469 7468
f 1858 7468 3639
f 3639 7468 9249
f 3639 9249 4827
f 4827 9249 10437
f 4827 10437 4533
f 4533 10437 10143
f 4533 10143 3926
f 3926 10143 9536
f 3926 9536 1861
f 1861 9536 7470
f 1861 7470 1862
f 1862 7470 7472
f 1862 7472 1860
f 1860 7472 7471
f 1860 7471 1864
f 1864 7471 7474
f 1864 7474 1863
f 1863 7474 7473
f 1863 7473 1866
f 1866 7473 7476
f 1866 7476 1865
f 1865 7476 7475
f 1865 7475 3640
f 3640 7475 9250
f 3640 9250 3927
f 3927 9250 9537
f 3927 9537 4828
f 4828 9537 10438
f 4828 10438 4534
f 4534 10438 10144
f 4534 10144 4198
f 4198 10144 9808
f 4198 9808 3641
f 3641 9808 9251
f 3641 9251 1868
f 1868 9251 7477
f 1868 7477 1869
f 1869 7477 7479
f 1869 7479 1867
f 1867 7479 7478
f 1867 7478 1871
f 1871 7478 7481
f 1871 7481 1870
f 1870 7481 7480
f 1870 7480 1873
f 1873 7480 7483
f 1873 7483 1872
f 1872 7483 7482
f 1872 7482 5025
f 5025 7482 10635
f 5025 10635 5131
f 5131 10635 10741
f 5131 10741 5316
f 5316 10741 10926
f 5316 10926 5376
f 5376 10926 10986
f 5376 10986 5430
f 5430 10986 11040
f 5430 11040 5404
f 5404 11040 11014
f 5404 11014 5352
f 5352 11014 10962
f 5352 10962 5317
f 5317 10962 10927
f 5317 10927 4535
f 4535 10927 10145
f 4535 10145 3928
f 3928 10145 9538
f 3928 9538 1875
f 1875 9538 7484
f 1875 7484 1876
f 1876 7484 7486
f 1876 7486 1874
f 1874 7486 7485
f 1874 7485 1878
f 1878 7485 7488
f 1878 7488 1877
f 1877 7488 7487
f 1877 7487 1880
f 1880 7487 7490
f 1880 7490 1879
f 1879 7490 7489
f 1879 7489 1882
f 1882 7489 7492
f 1882 7492 1881
f 1881 7492 7491
f 1881 7491 3929
f 3929 7491 9539
f 3929 9539 4829
f 4829 9539 10439
f 4829 10439 4536
f 4536 10439 10146
f 4536 10146 3930
f 3930 10146 9540
f 3930 9540 1884
f 1884 9540 7493
f 1884 7493 1885
f 1885 7493 7495
f 1885 7495 1883
f 1883 7495 7494
f 1883 7494 1887
f 1887 7494 7497
f 1887 7497 1886
f 1886 7497 7496
f 1886 7496 1889
f 1889 7496 7499
f 1889 7499 1888
f 1888 7499 7498
f 1888 7498 3642
f 3642 7498 9252
f 3642 9252 5132
f 5132 9252 10742
f 5132 10742 5216
f 5216 10742 10826
f 5216 10826 3931
f 3931 10826 9541
f 3931 9541 1891
f 1891 9541 7500
f 1891 7500 1892
f 1892 7500 7502
f 1892 7502 1890
f 1890 7502 7501
f 1890 7501 1894
f 1894 7501 7504
f 1894 7504 1893
f 1893 7504 7503
f 1893 7503 1896
f 1896 7503 7506
f 1896 7506 1895
f 1895 7506 7505
f 1895 7505 3643
f 3643 7505 9253
f 3643 9253 3932
f 3932 9253 9542
f 3932 9542 4537
f 4537 9542 10147
f 4537 10147 4538
f 4538 10147 10148
f 4538 10148 4199
f 4199 10148 9809
f 4199 9809 3644
f 3644 9809 9254
f 3644 9254 1898
f 1898 9254 7507
f 1898 7507 1899
f 1899 7507 7509
f 1899 7509 1897
f 1897 7509 7508
f 1897 7508 1901
f 1901 7508 7511
f 1901 7511 1900
f 1900 7511 7510
f 1900 7510 1903
f 1903 7510 7513
f 1903 7513 1902
f 1902 7513 7512
f 1902 7512 4830
f 4830 7512 10440
f 4830 10440 4539
f 4539 10440 10149
f 4539 10149 4200
f 4200 10149 9810
f 4200 9810 3933
f 3933 9810 9543
f 3933 9543 1905
f 1905 9543 7514
f 1905 7514 1906
f 1906 7514 7516
f 1906 7516 1904
f 1904 7516 7515
f 1904 7515 1908
f 1908 7515 7518
f 1908 7518 1907
f 1907 7518 7517
f 1907 7517 1910
f 1910 7517 7520
f 1910 7520 1909
f 1909 7520 7519
f 1909 7519 1912
f 1912 7519 7522
f 1912 7522 1911
f 1911 7522 7521
f 1911 7521 1914
f 1914 7521 7523
f 1914 7523 1915
f 1915 7523 7525
f 1915 7525 1913
f 1913 7525 7524
f 1913 7524 1917
f 1917 7524 7527
f 1917 7527 1916
f 1916 7527 7526
f 1916 7526 1919
f 1919 7526 7529
f 1919 7529 1918
f 1918 7529 7528
f 1918 7528 4540
f 4540 7528 10150
f 4540 10150 4831
f 4831 10150 10441
f 4831 10441 5377
f 5377 10441 10987
f 5377 10987 5490
f 5490 10987 11100
f 5490 11100 5503
f 5503 11100 11113
f 5503 11113 5454
f 5454 11113 11064
f 5454 11064 5431
f 5431 11064 11041
f 5431 11041 5405
f 5405 11041 11015
f 5405 11015 5378
f 5378 11015 10988
f 5378 10988 4201
f 4201 10988 9811
f 4201 9811 3645
f 3645 9811 9255
f 3645 9255 1921
f 1921 9255 7530
f 1921 7530 1922
f 1922 7530 7532
f 1922 7532 1920
f 1920 7532 7531
f 1920 7531 1924
f 1924 7531 7534
f 1924 7534 1923
f 1923 7534 7533
f 1923 7533 1926
f 1926 7533 7536
f 1926 7536 1925
f 1925 7536 7535
f 1925 7535 4541
f 4541 7535 10151
f 4541 10151 4832
f 4832 10151 10442
f 4832 10442 5026
f 5026 10442 10636
f 5026 10636 4202
f 4202 10636 9812
f 4202 9812 3646
f 3646 9812 9256
f 3646 9256 1928
f 1928 9256 7537
f 1928 7537 1929
f 1929 7537 7539
f 1929 7539 1927
f 1927 7539 7538
f 1927 7538 1931
f 1931 7538 7541
f 1931 7541 1930
f 1930 7541 7540
f 1930 7540 1933
f 1933 7540 7543
f 1933 7543 1932
f 1932 7543 7542
f 1932 7542 4542
f 4542 7542 10152
f 4542 10152 4833
f 4833 10152 10443
f 4833 10443 5217
f 5217 10443 10827
f 5217 10827 4203
f 4203 10827 9813
f 4203 9813 3647
f 3647 9813 9257
f 3647 9257 1935
f 1935 9257 7544
f 1935 7544 1936
f 1936 7544 7546
f 1936 7546 1934
f 1934 7546 7545
f 1934 7545 1938
f 1938 7545 7548
f 1938 7548 1937
f 1937 7548 7547
f 1937 7547 1940
f 1940 7547 7550
f 1940 7550 1939
f 1939 7550 7549
f 1939 7549 4543
f 4543 7549 10153
f 4543 10153 4834
f 4834 10153 10444
f 4834 10444 4835
f 4835 10444 10445
f 4835 10445 4544
f 4544 10445 10154
f 4544 10154 3934
f 3934 10154 9544
f 3934 9544 1942
f 1942 9544 7551
f 1942 7551 1943
f 1943 7551 7553
f 1943 7553 1941
f 1941 7553 7552
f 1941 7552 1945
f 1945 7552 7555
f 1945 7555 1944
f 1944 7555 7554
f 1944 7554 1947
f 1947 7554 7557
f 1947 7557 1946
f 1946 7557 7556
f 1946 7556 1949
f 1949 7556 7559
f 1949 7559 1948
f 1948 7559 7558
f 1948 7558 1951
f 1951 7558 7561
f 1951 7561 1950
f 1950 7561 7560
f 1950 7560 1953
f 1953 7560 7563
f 1953 7563 1952
f 1952 7563 7562
f 1952 7562 1955
f 1955 7562 7565
f 1955 7565 1954
f 1954 7565 7564
f 1954 7564 1957
f 1957 7564 7567
f 1957 7567 1956
f 1956 7567 7566
f 1956 7566 1959
f 1959 7566 7569
f 1959 7569 1958
f 1958 7569 7568
f 1958 7568 1961
f 1961 7568 7571
f 1961 7571 1960
f 1960 7571 7570
f 1960 7570 1963
f 1963 7570 7573
f 1963 7573 1962
f 1962 7573 7572
f 1962 7572 1965
f 1965 7572 7575
f 1965 7575 1964
f 1964 7575 7574
f 1964 7574 3935
f 3935 7574 9545
f 3935 9545 4545
f 4545 9545 10155
f 4545 10155 4546
f 4546 10155 10156
f 4546 10156 4204
f 4204 10156 9814
f 4204 9814 3648
f 3648 9814 9258
f 3648 9258 1967
f 1967 9258 7576
f 1967 7576 1968
f 1968 7576 7578
f 1968 7578 1966
f 1966 7578 7577
f 1966 7577 1970
f 1970 7577 7580
f 1970 7580 1969
f 1969 7580 7579
f 1969 7579 1972
f 1972 7579 7582
f 1972 7582 1971
f 1971 7582 7581
f 1971 7581 4836
f 4836 7581 10446
f 4836 10446 5027
f 5027 10446 10637
f 5027 10637 4547
f 4547 10637 10157
f 4547 10157 3936
f 3936 10157 9546
f 3936 9546 1974
f 1974 9546 7583
f 1974 7583 1975
f 1975 7583 7585
f 1975 7585 1973
f 1973 7585 7584
f 1973 7584 1977
f 1977 7584 7587
f 1977 7587 1976
f 1976 7587 7586
f 1976 7586 1979
f 1979 7586 7589
f 1979 7589 1978
f 1978 7589 7588
f 1978 7588 1981
f 1981 7588 7591
f 1981 7591 1980
f 1980 7591 7590
f 1980 7590 4837
f 4837 7590 10447
f 4837 10447 4205
f 4205 10447 9815
f 4205 9815 3937
f 3937 9815 9547
f 3937 9547 1983
f 1983 9547 7592
f 1983 7592 1984
f 1984 7592 7594
f 1984 7594 1982
f 1982 7594 7593
f 1982 7593 1986
f 1986 7593 7596
f 1986 7596 1985
f 1985 7596 7595
f 1985 7595 1988
f 1988 7595 7598
f 1988 7598 1987
f 1987 7598 7597
f 1987 7597 1990
f 1990 7597 7600
f 1990 7600 1989
f 1989 7600 7599
f 1989 7599 3938
f 3938 7599 9548
f 3938 9548 4548
f 4548 9548 10158
f 4548 10158 3939
f 3939 10158 9549
f 3939 9549 1992
f 1992 9549 7601
f 1992 7601 1993
f 1993 7601 7603
f 1993 7603 1991
f 1991 7603 7602
f 1991 7602 1995
f 1995 7602 7605
f 1995 7605 1994
f 1994 7605 7604
f 1994 7604 1997
f 1997 7604 7607
f 1997 7607 1996
f 1996 7607 7606
f 1996 7606 1999
f 1999 7606 7609
f 1999 7609 1998
f 1998 7609 7608
f 1998 7608 3940
f 3940 7608 9550
f 3940 9550 4549
f 4549 9550 10159
f 4549 10159 3941
f 3941 10159 9551
f 3941 9551 2001
f 2001 9551 7610
f 2001 7610 2002
f 2002 7610 7612
f 2002 7612 2000
f 2000 7612 7611
f 2000 7611 2004
f 2004 7611 7614
f 2004 7614 2003
f 2003 7614 7613
f 2003 7613 2006
f 2006 7613 7616
f 2006 7616 2005
f 2005 7616 7615
f 2005 7615 3649
f 3649 7615 9259
f 3649 9259 4838
f 4838 9259 10448
f 4838 10448 5028
f 5028 10448 10638
f 5028 10638 4839
f 4839 10638 10449
f 4839 10449 4206
f 4206 10449 9816
f 4206 9816 3650
f 3650 9816 9260
f 3650 9260 2008
f 2008 9260 7617
f 2008 7617 2009
f 2009 7617 7619
f 2009 7619 2007
f 2007 7619 7618
f 2007 7618 2011
f 2011 7618 7621
f 2011 7621 2010
f 2010 7621 7620
f 2010 7620 2013
f 2013 7620 7623
f 2013 7623 2012
f 2012 7623 7622
f 2012 7622 2015
f 2015 7622 7625
f 2015 7625 2014
f 2014 7625 7624
f 2014 7624 2017
f 2017 7624 7627
f 2017 7627 2016
f 2016 7627 7626
f 2016 7626 2019
f 2019 7626 7629
f 2019 7629 2018
f 2018 7629 7628
f 2018 7628 3651
f 3651 7628 9261
f 3651 9261 2021
f 2021 9261 7630
f 2021 7630 2022
f 2022 7630 7632
f 2022 7632 4219
f 4219 7632 9829
f 4219 9829 3950
f 3950 9829 9560
f 3950 9560 3662
f 3662 9560 9272
f 3662 9272 2129
f 2129 9272 7738
f 2129 7738 2130
f 2130 7738 7740
f 2130 7740 3956
f 3956 7740 9566
f 3956 9566 4225
f 4225 9566 9835
f 4225 9835 4565
f 4565 9835 10175
f 4565 10175 5535
f 5535 10175 11145
f 5535 11145 5531
f 5531 11145 11141
f 5531 11141 5522
f 5522 11141 11132
f 5522 11132 5516
f 5516 11132 11126
f 5516 11126 4566
f 4566 11126 10176
f 4566 10176 3957
f 3957 10176 9567
f 3957 9567 2180
f 2180 9567 7789
f 2180 7789 2181
f 2181 7789 7791
f 2181 7791 2179
f 2179 7791 7790
f 2179 7790 2183
f 2183 7790 7793
f 2183 7793 2182
f 2182 7793 7792
f 2182 7792 2185
f 2185 7792 7795
f 2185 7795 2184
f 2184 7795 7794
f 2184 7794 3669
f 3669 7794 9279
f 3669 9279 4854
f 4854 9279 10464
f 4854 10464 5477
f 5477 10464 11087
f 5477 11087 5433
f 5433 11087 11043
f 5433 11043 3670
f 3670 11043 9280
f 3670 9280 2187
f 2187 9280 7796
f 2187 7796 2188
f 2188 7796 7798
f 2188 7798 2186
f 2186 7798 7797
f 2186 7797 2190
f 2190 7797 7800
f 2190 7800 2189
f 2189 7800 7799
f 2189 7799 2192
f 2192 7799 7802
f 2192 7802 2191
f 2191 7802 7801
f 2191 7801 4226
f 4226 7801 9836
f 4226 9836 4567
f 4567 9836 10177
f 4567 10177 5357
f 5357 10177 10967
f 5357 10967 4568
f 4568 10967 10178
f 4568 10178 3958
f 3958 10178 9568
f 3958 9568 2194
f 2194 9568 7803
f 2194 7803 2195
f 2195 7803 7805
f 2195 7805 2193
f 2193 7805 7804
f 2193 7804 2197
f 2197 7804 7807
f 2197 7807 2196
f 2196 7807 7806
f 2196 7806 2199
f 2199 7806 7809
f 2199 7809 2198
f 2198 7809 7808
f 2198 7808 4855
f 4855 7808 10465
f 4855 10465 5037
f 5037 10465 10647
f 5037 10647 4569
f 4569 10647 10179
f 4569 10179 4227
f 4227 10179 9837
f 4227 9837 3671
f 3671 9837 9281
f 3671 9281 2201
f 2201 9281 7810
f 2201 7810 2202
f 2202 7810 7812
f 2202 7812 2200
f 2200 7812 7811
f 2200 7811 2204
f 2204 7811 7814
f 2204 7814 2203
f 2203 7814 7813
f 2203 7813 2206
f 2206 7813 7816
f 2206 7816 2205
f 2205 7816 7815
f 2205 7815 4856
f 4856 7815 10466
f 4856 10466 5038
f 5038 10466 10648
f 5038 10648 5141
f 5141 10648 10751
f 5141 10751 4228
f 4228 10751 9838
f 4228 9838 3672
f 3672 9838 9282
f 3672 9282 2208
f 2208 9282 7817
f 2208 7817 2209
f 2209 7817 7819
f 2209 7819 2207
f 2207 7819 7818
f 2207 7818 2211
f 2211 7818 7821
f 2211 7821 2210
f 2210 7821 7820
f 2210 7820 2213
f 2213 7820 7823
f 2213 7823 2212
f 2212 7823 7822
f 2212 7822 4570
f 4570 7822 10180
f 4570 10180 4857
f 4857 10180 10467
f 4857 10467 4229
f 4229 10467 9839
f 4229 9839 3959
f 3959 9839 9569
f 3959 9569 2215
f 2215 9569 7824
f 2215 7824 2216
f 2216 7824 7826
f 2216 7826 2214
f 2214 7826 7825
f 2214 7825 2218
f 2218 7825 7828
f 2218 7828 2217
f 2217 7828 7827
f 2217 7827 2220
f 2220 7827 7830
f 2220 7830 2219
f 2219 7830 7829
f 2219 7829 2222
f 2222 7829 7832
f 2222 7832 2221
f 2221 7832 7831
f 2221 7831 2224
f 2224 7831 7834
f 2224 7834 2223
f 2223 7834 7833
f 2223 7833 2226
f 2226 7833 7836
f 2226 7836 2225
f 2225 7836 7835
f 2225 7835 2228
f 2228 7835 7838
f 2228 7838 2227
f 2227 7838 7837
f 2227 7837 4858
f 4858 7837 10468
f 4858 10468 4571
f 4571 10468 10181
f 4571 10181 3960
f 3960 10181 9570
f 3960 9570 2230
f 2230 9570 7839
f 2230 7839 2231
f 2231 7839 7841
f 2231 7841 2229
f 2229 7841 7840
f 2229 7840 2233
f 2233 7840 7843
f 2233 7843 2232
f 2232 7843 7842
f 2232 7842 2235
f 2235 7842 7845
f 2235 7845 2234
f 2234 7845 7844
f 2234 7844 3673
f 3673 7844 9283
f 3673 9283 3961
f 3961 9283 9571
f 3961 9571 5039
f 5039 9571 10649
f 5039 10649 4572
f 4572 10649 10182
f 4572 10182 4230
f 4230 10182 9840
f 4230 9840 2237
f 2237 9840 7846
f 2237 7846 2238
f 2238 7846 7848
f 2238 7848 2236
f 2236 7848 7847
f 2236 7847 2240
f 2240 7847 7850
f 2240 7850 2239
f 2239 7850 7849
f 2239 7849 2242
f 2242 7849 7852
f 2242 7852 2241
f 2241 7852 7851
f 2241 7851 3674
f 3674 7851 9284
f 3674 9284 4859
f 4859 9284 10469
f 4859 10469 5222
f 5222 10469 10832
f 5222 10832 5223
f 5223 10832 10833
f 5223 10833 4231
f 4231 10833 9841
f 4231 9841 2244
f 2244 9841 7853
f 2244 7853 2245
f 2245 7853 7855
f 2245 7855 2243
f 2243 7855 7854
f 2243 7854 2247
f 2247 7854 7857
f 2247 7857 2246
f 2246 7857 7856
f 2246 7856 2249
f 2249 7856 7859
f 2249 7859 2248
f 2248 7859 7858
f 2248 7858 2251
f 2251 7858 7861
f 2251 7861 2250
f 2250 7861 7860
f 2250 7860 4573
f 4573 7860 10183
f 4573 10183 4574
f 4574 10183 10184
f 4574 10184 3962
f 3962 10184 9572
f 3962 9572 2253
f 2253 9572 7862
f 2253 7862 2254
f 2254 7862 7864
f 2254 7864 2252
f 2252 7864 7863
f 2252 7863 2256
f 2256 7863 7866
f 2256 7866 2255
f 2255 7866 7865
f 2255 7865 2258
f 2258 7865 7868
f 2258 7868 2257
f 2257 7868 7867
f 2257 7867 2260
f 2260 7867 7870
f 2260 7870 2259
f 2259 7870 7869
f 2259 7869 3963
f 3963 7869 9573
f 3963 9573 4575
f 4575 9573 10185
f 4575 10185 4232
f 4232 10185 9842
f 4232 9842 3675
f 3675 9842 9285
f 3675 9285 2262
f 2262 9285 7871
f 2262 7871 2263
f 2263 7871 7873
f 2263 7873 2261
f 2261 7873 7872
f 2261 7872 2265
f 2265 7872 7875
f 2265 7875 2264
f 2264 7875 7874
f 2264 7874 2267
f 2267 7874 7877
f 2267 7877 2266
f 2266 7877 7876
f 2266 7876 4860
f 4860 7876 10470
f 4860 10470 5040
f 5040 10470 10650
f 5040 10650 5041
f 5041 10650 10651
f 5041 10651 4233
f 4233 10651 9843
f 4233 9843 3676
f 3676 9843 9286
f 3676 9286 2269
f 2269 9286 7878
f 2269 7878 2270
f 2270 7878 7880
f 2270 7880 2268
f 2268 7880 7879
f 2268 7879 2272
f 2272 7879 7882
f 2272 7882 2271
f 2271 7882 7881
f 2271 7881 2274
f 2274 7881 7884
f 2274 7884 2273
f 2273 7884 7883
f 2273 7883 4576
f 4576 7883 10186
f 4576 10186 4861
f 4861 10186 10471
f 4861 10471 4234
f 4234 10471 9844
f 4234 9844 3964
f 3964 9844 9574
f 3964 9574 2276
f 2276 9574 7885
f 2276 7885 2277
f 2277 7885 7887
f 2277 7887 2275
f 2275 7887 7886
f 2275 7886 2279
f 2279 7886 7889
f 2279 7889 2278
f 2278 7889 7888
f 2278 7888 2281
f 2281 7888 7891
f 2281 7891 2280
f 2280 7891 7890
f 2280 7890 2283
f 2283 7890 7893
f 2283 7893 2282
f 2282 7893 7892
f 2282 7892 3965
f 3965 7892 9575
f 3965 9575 4577
f 4577 9575 10187
f 4577 10187 4235
f 4235 10187 9845
f 4235 9845 3677
f 3677 9845 9287
f 3677 9287 2285
f 2285 9287 7894
f 2285 7894 2286
f 2286 7894 7896
f 2286 7896 2284
f 2284 7896 7895
f 2284 7895 2288
f 2288 7895 7898
f 2288 7898 2287
f 2287 7898 7897
f 2287 7897 2290
f 2290 7897 7900
f 2290 7900 2289
f 2289 7900 7899
f 2289 7899 5142
f 5142 7899 10752
f 5142 10752 5042
f 5042 10752 10652
f 5042 10652 4862
f 4862 10652 10472
f 4862 10472 4578
f 4578 10472 10188
f 4578 10188 4236
f 4236 10188 9846
f 4236 9846 2292
f 2292 9846 7901
f 2292 7901 2293
f 2293 7901 7903
f 2293 7903 2291
f 2291 7903 7902
f 2291 7902 2295
f 2295 7902 7905
f 2295 7905 2294
f 2294 7905 7904
f 2294 7904 2297
f 2297 7904 7907
f 2297 7907 3156
f 3156 7907 8766
f 3156 8766 3155
f 3155 8766 8765
f 3155 8765 5460
f 5460 8765 11070
f 5460 11070 5461
f 5461 11070 11071
f 5461 11071 5412
f 5412 11071 11022
f 5412 11022 5332
f 5332 11022 10942
f 5332 10942 5290
f 5290 10942 10900
f 5290 10900 5238
f 5238 10900 10848
f 5238 10848 5165
f 5165 10848 10775
f 5165 10775 4664
f 4664 10775 10274
f 4664 10274 4025
f 4025 10274 9635
f 4025 9635 3158
f 3158 9635 8767
f 3158 8767 3159
f 3159 8767 8769
f 3159 8769 3157
f 3157 8769 8768
f 3157 8768 3161
f 3161 8768 8771
f 3161 8771 3160
f 3160 8771 8770
f 3160 8770 3163
f 3163 8770 8773
f 3163 8773 3162
f 3162 8773 8772
f 3162 8772 3165
f 3165 8772 8775
f 3165 8775 3164
f 3164 8775 8774
f 3164 8774 4026
f 4026 8774 9636
f 4026 9636 4665
f 4665 9636 10275
f 4665 10275 4321
f 4321 10275 9931
f 4321 9931 4027
f 4027 9931 9637
f 4027 9637 3167
f 3167 9637 8776
f 3167 8776 3168
f 3168 8776 8778
f 3168 8778 3166
f 3166 8778 8777
f 3166 8777 3170
f 3170 8777 8780
f 3170 8780 3169
f 3169 8780 8779
f 3169 8779 3172
f 3172 8779 8782
f 3172 8782 3171
f 3171 8782 8781
f 3171 8781 3174
f 3174 8781 8784
f 3174 8784 3173
f 3173 8784 8783
f 3173 8783 3176
f 3176 8783 8786
f 3176 8786 3175
f 3175 8786 8785
f 3175 8785 3178
f 3178 8785 8788
f 3178 8788 3177
f 3177 8788 8787
f 3177 8787 3180
f 3180 8787 8790
f 3180 8790 3179
f 3179 8790 8789
f 3179 8789 3182
f 3182 8789 8792
f 3182 8792 3181
f 3181 8792 8791
f 3181 8791 3184
f 3184 8791 8794
f 3184 8794 3183
f 3183 8794 8793
f 3183 8793 3751
f 3751 8793 9361
f 3751 9361 4666
f 4666 9361 10276
f 4666 10276 4667
f 4667 10276 10277
f 4667 10277 4028
f 4028 10277 9638
f 4028 9638 3186
f 3186 9638 8795
f 3186 8795 3187
f 3187 8795 8797
f 3187 8797 3185
f 3185 8797 8796
f 3185 8796 3189
f 3189 8796 8799
f 3189 8799 3188
f 3188 8799 8798
f 3188 8798 3191
f 3191 8798 8801
f 3191 8801 3190
f 3190 8801 8800
f 3190 8800 3193
f 3193 8800 8803
f 3193 8803 3192
f 3192 8803 8802
f 3192 8802 4930
f 4930 8802 10540
f 4930 10540 4668
f 4668 10540 10278
f 4668 10278 4322
f 4322 10278 9932
f 4322 9932 3195
f 3195 9932 8804
f 3195 8804 3196
f 3196 8804 8806
f 3196 8806 3194
f 3194 8806 8805
f 3194 8805 3198
f 3198 8805 8808
f 3198 8808 3197
f 3197 8808 8807
f 3197 8807 3200
f 3200 8807 8810
f 3200 8810 3199
f 3199 8810 8809
f 3199 8809 3202
f 3202 8809 8812
f 3202 8812 3201
f 3201 8812 8811
f 3201 8811 4931
f 4931 8811 10541
f 4931 10541 4669
f 4669 10541 10279
f 4669 10279 4323
f 4323 10279 9933
f 4323 9933 3752
f 3752 9933 9362
f 3752 9362 3204
f 3204 9362 8813
f 3204 8813 3205
f 3205 8813 8815
f 3205 8815 3203
f 3203 8815 8814
f 3203 8814 3207
f 3207 8814 8817
f 3207 8817 3206
f 3206 8817 8816
f 3206 8816 3209
f 3209 8816 8819
f 3209 8819 3208
f 3208 8819 8818
f 3208 8818 4932
f 4932 8818 10542
f 4932 10542 5333
f 5333 10542 10943
f 5333 10943 5291
f 5291 10943 10901
f 5291 10901 5166
f 5166 10901 10776
f 5166 10776 4324
f 4324 10776 9934
f 4324 9934 3211
f 3211 9934 8820
f 3211 8820 3212
f 3212 8820 8822
f 3212 8822 3210
f 3210 8822 8821
f 3210 8821 3214
f 3214 8821 8824
f 3214 8824 3213
f 3213 8824 8823
f 3213 8823 3216
f 3216 8823 8826
f 3216 8826 3215
f 3215 8826 8825
f 3215 8825 3753
f 3753 8825 9363
f 3753 9363 4670
f 4670 9363 10280
f 4670 10280 4325
f 4325 10280 9935
f 4325 9935 4029
f 4029 9935 9639
f 4029 9639 3218
f 3218 9639 8827
f 3218 8827 3219
f 3219 8827 8829
f 3219 8829 3217
f 3217 8829 8828
f 3217 8828 3221
f 3221 8828 8831
f 3221 8831 3220
f 3220 8831 8830
f 3220 8830 3223
f 3223 8830 8833
f 3223 8833 3222
f 3222 8833 8832
f 3222 8832 3754
f 3754 8832 9364
f 3754 9364 4030
f 4030 9364 9640
f 4030 9640 4326
f 4326 9640 9936
f 4326 9936 4671
f 4671 9936 10281
f 4671 10281 4327
f 4327 10281 9937
f 4327 9937 3755
f 3755 9937 9365
f 3755 9365 3225
f 3225 9365 8834
f 3225 8834 3226
f 3226 8834 8836
f 3226 8836 3224
f 3224 8836 8835
f 3224 8835 3228
f 3228 8835 8838
f 3228 8838 3227
f 3227 8838 8837
f 3227 8837 3230
f 3230 8837 8840
f 3230 8840 3229
f 3229 8840 8839
f 3229 8839 3232
f 3232 8839 8842
f 3232 8842 3231
f 3231 8842 8841
f 3231 8841 3234
f 3234 8841 8844
f 3234 8844 3233
f 3233 8844 8843
f 3233 8843 3236
f 3236 8843 8846
f 3236 8846 3235
f 3235 8846 8845
f 3235 8845 3238
f 3238 8845 8847
f 3238 8847 3239
f 3239 8847 8849
f 3239 8849 3237
f 3237 8849 8848
f 3237 8848 3241
f 3241 8848 8851
f 3241 8851 3240
f 3240 8851 8850
f 3240 8850 3243
f 3243 8850 8853
f 3243 8853 3242
f 3242 8853 8852
f 3242 8852 3245
f 3245 8852 8855
f 3245 8855 3244
f 3244 8855 8854
f 3244 8854 4328
f 4328 8854 9938
f 4328 9938 4672
f 4672 9938 10282
f 4672 10282 4933
f 4933 10282 10543
f 4933 10543 3247
f 3247 10543 8856
f 3247 8856 3248
f 3248 8856 8858
f 3248 8858 3246
f 3246 8858 8857
f 3246 8857 3250
f 3250 8857 8860
f 3250 8860 3249
f 3249 8860 8859
f 3249 8859 3252
f 3252 8859 8862
f 3252 8862 3251
f 3251 8862 8861
f 3251 8861 3254
f 3254 8861 8864
f 3254 8864 3253
f 3253 8864 8863
f 3253 8863 3256
f 3256 8863 8866
f 3256 8866 3255
f 3255 8866 8865
f 3255 8865 3258
f 3258 8865 8868
f 3258 8868 3257
f 3257 8868 8867
f 3257 8867 3300
f 3300 8867 8910
f 3300 8910 3299
f 3299 8910 8909
f 3299 8909 3302
f 3302 8909 8912
f 3302 8912 3301
f 3301 8912 8911
f 3301 8911 4938
f 4938 8911 10548
f 4938 10548 4678
f 4678 10548 10288
f 4678 10288 4036
f 4036 10288 9646
f 4036 9646 3304
f 3304 9646 8913
f 3304 8913 3305
f 3305 8913 8915
f 3305 8915 3303
f 3303 8915 8914
f 3303 8914 3307
f 3307 8914 8917
f 3307 8917 3306
f 3306 8917 8916
f 3306 8916 3309
f 3309 8916 8919
f 3309 8919 3308
f 3308 8919 8918
f 3308 8918 3311
f 3311 8918 8921
f 3311 8921 3310
f 3310 8921 8920
f 3310 8920 4939
f 4939 8920 10549
f 4939 10549 4679
f 4679 10549 10289
f 4679 10289 4037
f 4037 10289 9647
f 4037 9647 3313
f 3313 9647 8922
f 3313 8922 3314
f 3314 8922 8924
f 3314 8924 3312
f 3312 8924 8923
f 3312 8923 3316
f 3316 8923 8926
f 3316 8926 3315
f 3315 8926 8925
f 3315 8925 3318
f 3318 8925 8928
f 3318 8928 3317
f 3317 8928 8927
f 3317 8927 3320
f 3320 8927 8930
f 3320 8930 3319
f 3319 8930 8929
f 3319 8929 4038
f 4038 8929 9648
f 4038 9648 5075
f 5075 9648 10685
f 5075 10685 4333
f 4333 10685 9943
f 4333 9943 3760
f 3760 9943 9370
f 3760 9370 3322
f 3322 9370 8931
f 3322 8931 3323
f 3323 8931 8933
f 3323 8933 3321
f 3321 8933 8932
f 3321 8932 3325
f 3325 8932 8935
f 3325 8935 3324
f 3324 8935 8934
f 3324 8934 3327
f 3327 8934 8937
f 3327 8937 3326
f 3326 8937 8936
f 3326 8936 4680
f 4680 8936 10290
f 4680 10290 4681
f 4681 10290 10291
f 4681 10291 4334
f 4334 10291 9944
f 4334 9944 4039
f 4039 9944 9649
f 4039 9649 3329
f 3329 9649 8938
f 3329 8938 3330
f 3330 8938 8940
f 3330 8940 3328
f 3328 8940 8939
f 3328 8939 3332
f 3332 8939 8942
f 3332 8942 3331
f 3331 8942 8941
f 3331 8941 3334
f 3334 8941 8944
f 3334 8944 3333
f 3333 8944 8943
f 3333 8943 3336
f 3336 8943 8946
f 3336 8946 3335
f 3335 8946 8945
f 3335 8945 4040
f 4040 8945 9650
f 4040 9650 4335
f 4335 9650 9945
f 4335 9945 4336
f 4336 9945 9946
f 4336 9946 3761
f 3761 9946 9371
f 3761 9371 3338
f 3338 9371 8947
f 3338 8947 3339
f 3339 8947 8949
f 3339 8949 3337
f 3337 8949 8948
f 3337 8948 3341
f 3341 8948 8951
f 3341 8951 3340
f 3340 8951 8950
f 3340 8950 3343
f 3343 8950 8953
f 3343 8953 3342
f 3342 8953 8952
f 3342 8952 4940
f 4940 8952 10550
f 4940 10550 5076
f 5076 10550 10686
f 5076 10686 4941
f 4941 10686 10551
f 4941 10551 4337
f 4337 10551 9947
f 4337 9947 3762
f 3762 9947 9372
f 3762 9372 3345
f 3345 9372 8954
f 3345 8954 3346
f 3346 8954 8956
f 3346 8956 3344
f 3344 8956 8955
f 3344 8955 3348
f 3348 8955 8958
f 3348 8958 3347
f 3347 8958 8957
f 3347 8957 3350
f 3350 8957 8960
f 3350 8960 3349
f 3349 8960 8959
f 3349 8959 4682
f 4682 8959 10292
f 4682 10292 4942
f 4942 10292 10552
f 4942 10552 4683
f 4683 10552 10293
f 4683 10293 4041
f 4041 10293 9651
f 4041 9651 3352
f 3352 9651 8961
f 3352 8961 3353
f 3353 8961 8963
f 3353 8963 3351
f 3351 8963 8962
f 3351 8962 3355
f 3355 8962 8965
f 3355 8965 3354
f 3354 8965 8964
f 3354 8964 3357
f 3357 8964 8967
f 3357 8967 3356
f 3356 8967 8966
f 3356 8966 3359
f 3359 8966 8969
f 3359 8969 3358
f 3358 8969 8968
f 3358 8968 4042
f 4042 8968 9652
f 4042 9652 5077
f 5077 9652 10687
f 5077 10687 4043
f 4043 10687 9653
f 4043 9653 3361
f 3361 9653 8970
f 3361 8970 3362
f 3362 8970 8972
f 3362 8972 3360
f 3360 8972 8971
f 3360 8971 3364
f 3364 8971 8974
f 3364 8974 3363
f 3363 8974 8973
f 3363 8973 3366
f 3366 8973 8976
f 3366 8976 3365
f 3365 8976 8975
f 3365 8975 3368
f 3368 8975 8978
f 3368 8978 3367
f 3367 8978 8977
f 3367 8977 4044
f 4044 8977 9654
f 4044 9654 4684
f 4684 9654 10294
f 4684 10294 4338
f 4338 10294 9948
f 4338 9948 3763
f 3763 9948 9373
f 3763 9373 3370
f 3370 9373 8979
f 3370 8979 3371
f 3371 8979 8981
f 3371 8981 3369
f 3369 8981 8980
f 3369 8980 3373
f 3373 8980 8983
f 3373 8983 3372
f 3372 8983 8982
f 3372 8982 3375
f 3375 8982 8985
f 3375 8985 3374
f 3374 8985 8984
f 3374 8984 4685
f 4685 8984 10295
f 4685 10295 4943
f 4943 10295 10553
f 4943 10553 4339
f 4339 10553 9949
f 4339 9949 4045
f 4045 9949 9655
f 4045 9655 3377
f 3377 9655 8986
f 3377 8986 3378
f 3378 8986 8988
f 3378 8988 3376
f 3376 8988 8987
f 3376 8987 3380
f 3380 8987 8990
f 3380 8990 3379
f 3379 8990 8989
f 3379 8989 3382
f 3382 8989 8992
f 3382 8992 3381
f 3381 8992 8991
f 3381 8991 3764
f 3764 8991 9374
f 3764 9374 5078
f 5078 9374 10688
f 5078 10688 4944
f 4944 10688 10554
f 4944 10554 4686
f 4686 10554 10296
f 4686 10296 4046
f 4046 10296 9656
f 4046 9656 3384
f 3384 9656 8993
f 3384 8993 3385
f 3385 8993 8995
f 3385 8995 3383
f 3383 8995 8994
f 3383 8994 3387
f 3387 8994 8997
f 3387 8997 3386
f 3386 8997 8996
f 3386 8996 3389
f 3389 8996 8999
f 3389 8999 3388
f 3388 8999 8998
f 3388 8998 3391
f 3391 8998 9001
f 3391 9001 3390
f 3390 9001 9000
f 3390 9000 4047
f 4047 9000 9657
f 4047 9657 4340
f 4340 9657 9950
f 4340 9950 4048
f 4048 9950 9658
f 4048 9658 3393
f 3393 9658 9002
f 3393 9002 3394
f 3394 9002 9004
f 3394 9004 3392
f 3392 9004 9003
f 3392 9003 3396
f 3396 9003 9006
f 3396 9006 3395
f 3395 9006 9005
f 3395 9005 3398
f 3398 9005 9008
f 3398 9008 3397
f 3397 9008 9007
f 3397 9007 3400
f 3400 9007 9010
f 3400 9010 3399
f 3399 9010 9009
f 3399 9009 4049
f 4049 9009 9659
f 4049 9659 4050
f 4050 9659 9660
f 4050 9660 3765
f 3765 9660 9375
f 3765 9375 3402
f 3402 9375 9011
f 3402 9011 3403
f 3403 9011 9013
f 3403 9013 3401
f 3401 9013 9012
f 3401 9012 3405
f 3405 9012 9015
f 3405 9015 3404
f 3404 9015 9014
f 3404 9014 3407
f 3407 9014 9017
f 3407 9017 3406
f 3406 9017 9016
f 3406 9016 4051
f 4051 9016 9661
f 4051 9661 5240
f 5240 9661 10850
f 5240 10850 5334
f 5334 10850 10944
f 5334 10944 5362
f 5362 10944 10972
f 5362 10972 5390
f 5390 10972 11000
f 5390 11000 3409
f 3409 11000 9018
f 3409 9018 3410
f 3410 9018 9020
f 3410 9020 3408
f 3408 9020 9019
f 3408 9019 3412
f 3412 9019 9022
f 3412 9022 3411
f 3411 9022 9021
f 3411 9021 3414
f 3414 9021 9024
f 3414 9024 3413
f 3413 9024 9023
f 3413 9023 3766
f 3766 9023 9376
f 3766 9376 4341
f 4341 9376 9951
f 4341 9951 5363
f 5363 9951 10973
f 5363 10973 5335
f 5335 10973 10945
f 5335 10945 4342
f 4342 10945 9952
f 4342 9952 3767
f 3767 9952 9377
f 3767 9377 3416
f 3416 9377 9025
f 3416 9025 3417
f 3417 9025 9027
f 3417 9027 3415
f 3415 9027 9026
f 3415 9026 3419
f 3419 9026 9029
f 3419 9029 3418
f 3418 9029 9028
f 3418 9028 3421
f 3421 9028 9031
f 3421 9031 3420
f 3420 9031 9030
f 3420 9030 4687
f 4687 9030 10297
f 4687 10297 4945
f 4945 10297 10555
f 4945 10555 4343
f 4343 10555 9953
f 4343 9953 4052
f 4052 9953 9662
f 4052 9662 3423
f 3423 9662 9032
f 3423 9032 3424
f 3424 9032 9034
f 3424 9034 3422
f 3422 9034 9033
f 3422 9033 3426
f 3426 9033 9036
f 3426 9036 3425
f 3425 9036 9035
f 3425 9035 3428
f 3428 9035 9038
f 3428 9038 3427
f 3427 9038 9037
f 3427 9037 3430
f 3430 9037 9040
f 3430 9040 3429
f 3429 9040 9039
f 3429 9039 4053
f 4053 9039 9663
f 4053 9663 4344
f 4344 9663 9954
f 4344 9954 5169
f 5169 9954 10779
f 5169 10779 3432
f 3432 10779 9041
f 3432 9041 3433
f 3433 9041 9043
f 3433 9043 3431
f 3431 9043 9042
f 3431 9042 3768
f 3768 9042 9378
f 3768 9378 4054
f 4054 9378 9664
f 4054 9664 3769
f 3769 9664 9379
f 3769 9379 3435
f 3435 9379 9044
f 3435 9044 3436
f 3436 9044 9046
f 3436 9046 3434
f 3434 9046 9045
f 3434 9045 4946
f 4946 9045 10556
f 4946 10556 4688
f 4688 10556 10298
f 4688 10298 4345
f 4345 10298 9955
f 4345 9955 3770
f 3770 9955 9380
f 3770 9380 3438
f 3438 9380 9047
f 3438 9047 3439
f 3439 9047 9049
f 3439 9049 3437
f 3437 9049 9048
f 3437 9048 3441
f 3441 9048 9051
f 3441 9051 3440
f 3440 9051 9050
f 3440 9050 3443
f 3443 9050 9053
f 3443 9053 3442
f 3442 9053 9052
f 3442 9052 5241
f 5241 9052 10851
f 5241 10851 5440
f 5440 10851 11050
f 5440 11050 5464
f 5464 11050 11074
f 5464 11074 5336
f 5336 11074 10946
f 5336 10946 3771
f 3771 10946 9381
f 3771 9381 3445
f 3445 9381 9054
f 3445 9054 3446
f 3446 9054 9056
f 3446 9056 3444
f 3444 9056 9055
f 3444 9055 3448
f 3448 9055 9058
f 3448 9058 3447
f 3447 9058 9057
f 3447 9057 3450
f 3450 9057 9060
f 3450 9060 3449
f 3449 9060 9059
f 3449 9059 4346
f 4346 9059 9956
f 4346 9956 4689
f 4689 9956 10299
f 4689 10299 4947
f 4947 10299 10557
f 4947 10557 4347
f 4347 10557 9957
f 4347 9957 3772
f 3772 9957 9382
f 3772 9382 3452
f 3452 9382 9061
f 3452 9061 3453
f 3453 9061 9063
f 3453 9063 3451
f 3451 9063 9062
f 3451 9062 3455
f 3455 9062 9065
f 3455 9065 3454
f 3454 9065 9064
f 3454 9064 3457
f 3457 9064 9067
f 3457 9067 3456
f 3456 9067 9066
f 3456 9066 4690
f 4690 9066 10300
f 4690 10300 5079
f 5079 10300 10689
f 5079 10689 4948
f 4948 10689 10558
f 4948 10558 4691
f 4691 10558 10301
f 4691 10301 4055
f 4055 10301 9665
f 4055 9665 3459
f 3459 9665 9068
f 3459 9068 3460
f 3460 9068 9070
f 3460 9070 3458
f 3458 9070 9069
f 3458 9069 3462
f 3462 9069 9072
f 3462 9072 3461
f 3461 9072 9071
f 3461 9071 3464
f 3464 9071 9074
f 3464 9074 3463
f 3463 9074 9073
f 3463 9073 3773
f 3773 9073 9383
f 3773 9383 5170
f 5170 9383 10780
f 5170 10780 4949
f 4949 10780 10559
f 4949 10559 4692
f 4692 10559 10302
f 4692 10302 4056
f 4056 10302 9666
f 4056 9666 3466
f 3466 9666 9075
f 3466 9075 3467
f 3467 9075 9077
f 3467 9077 3465
f 3465 9077 9076
f 3465 9076 3469
f 3469 9076 9079
f 3469 9079 3468
f 3468 9079 9078
f 3468 9078 3471
f 3471 9078 9081
f 3471 9081 3470
f 3470 9081 9080
f 3470 9080 3473
f 3473 9080 9083
f 3473 9083 3472
f 3472 9083 9082
f 3472 9082 4057
f 4057 9082 9667
f 4057 9667 3774
f 3774 9667 9384
f 3774 9384 3475
f 3475 9384 9084
f 3475 9084 3476
f 3476 9084 9086
f 3476 9086 3474
f 3474 9086 9085
f 3474 9085 3478
f 3478 9085 9088
f 3478 9088 3477
f 3477 9088 9087
f 3477 9087 3480
f 3480 9087 9090
f 3480 9090 3479
f 3479 9090 9089
f 3479 9089 3482
f 3482 9089 9092
f 3482 9092 3481
f 3481 9092 9091
f 3481 9091 4693
f 4693 9091 10303
f 4693 10303 4348
f 4348 10303 9958
f 4348 9958 3775
f 3775 9958 9385
f 3775 9385 3484
f 3484 9385 9093
f 3484 9093 3485
f 3485 9093 9095
f 3485 9095 3483
f 3483 9095 9094
f 3483 9094 3487
f 3487 9094 9097
f 3487 9097 3486
f 3486 9097 9096
f 3486 9096 3489
f 3489 9096 9099
f 3489 9099 3488
f 3488 9099 9098
f 3488 9098 5364
f 5364 9098 10974
f 5364 10974 5391
f 5391 10974 11001
f 5391 11001 5415
f 5415 11001 11025
f 5415 11025 5441
f 5441 11025 11051
f 5441 11051 5465
f 5465 11051 11075
f 5465 11075 4349
f 4349 11075 9959
f 4349 9959 3491
f 3491 9959 9100
f 3491 9100 3492
f 3492 9100 9102
f 3492 9102 3490
f 3490 9102 9101
f 3490 9101 3494
f 3494 9101 9104
f 3494 9104 3493
f 3493 9104 9103
f 3493 9103 3496
f 3496 9103 9106
f 3496 9106 3495
f 3495 9106 9105
f 3495 9105 4694
f 4694 9105 10304
f 4694 10304 5080
f 5080 10304 10690
f 5080 10690 4950
f 4950 10690 10560
f 4950 10560 4350
f 4350 10560 9960
f 4350 9960 3498
f 3498 9960 9107
f 3498 9107 3499
f 3499 9107 9109
f 3499 9109 3497
f 3497 9109 9108
f 3497 9108 3501
f 3501 9108 9111
f 3501 9111 3500
f 3500 9111 9110
f 3500 9110 3503
f 3503 9110 9113
f 3503 9113 3502
f 3502 9113 9112
f 3502 9112 3776
f 3776 9112 9386
f 3776 9386 3504
f 3504 9386 9114
f 3504 9114 2
f 2 9114 5611
f 2 5611 4696
f 4696 5611 10306
f 4696 10306 4353
f 4353 10306 9963
f 4353 9963 3778
f 3778 9963 9388
f 3778 9388 6
f 6 9388 5615
f 6 5615 7
f 7 5615 5617
f 7 5617 5
f 5 5617 5616
f 5 5616 9
f 9 5616 5619
f 9 5619 8
f 8 5619 5618
f 8 5618 11
f 11 5618 5621
f 11 5621 10
f 10 5621 5620
f 10 5620 3506
f 3506 5620 9116
f 3506 9116 4951
f 4951 9116 10561
f 4951 10561 4697
f 4697 10561 10307
f 4697 10307 4354
f 4354 10307 9964
f 4354 9964 3779
f 3779 9964 9389
f 3779 9389 13
f 13 9389 5622
f 13 5622 14
f 14 5622 5624
f 14 5624 12
f 12 5624 5623
f 12 5623 16
f 16 5623 5626
f 16 5626 15
f 15 5626 5625
f 15 5625 18
f 18 5625 5628
f 18 5628 17
f 17 5628 5627
f 17 5627 3507
f 3507 5627 9117
f 3507 9117 4952
f 4952 9117 10562
f 4952 10562 4355
f 4355 10562 9965
f 4355 9965 4060
f 4060 9965 9670
f 4060 9670 3508
f 3508 9670 9118
f 3508 9118 20
f 20 9118 5629
f 20 5629 21
f 21 5629 5631
f 21 5631 19
f 19 5631 5630
f 19 5630 23
f 23 5630 5633
f 23 5633 22
f 22 5633 5632
f 22 5632 25
f 25 5632 5635
f 25 5635 24
f 24 5635 5634
f 24 5634 4698
f 4698 5634 10308
f 4698 10308 4953
f 4953 10308 10563
f 4953 10563 4356
f 4356 10563 9966
f 4356 9966 3780
f 3780 9966 9390
f 3780 9390 27
f 27 9390 5636
f 27 5636 28
f 28 5636 5638
f 28 5638 26
f 26 5638 5637
f 26 5637 30
f 30 5637 5640
f 30 5640 29
f 29 5640 5639
f 29 5639 32
f 32 5639 5642
f 32 5642 31
f 31 5642 5641
f 31 5641 3509
f 3509 5641 9119
f 3509 9119 3781
f 3781 9119 9391
f 3781 9391 4699
f 4699 9391 10309
f 4699 10309 4700
f 4700 10309 10310
f 4700 10310 4061
f 4061 10310 9671
f 4061 9671 3510
f 3510 9671 9120
f 3510 9120 34
f 34 9120 5643
f 34 5643 35
f 35 5643 5645
f 35 5645 33
f 33 5645 5644
f 33 5644 37
f 37 5644 5647
f 37 5647 36
f 36 5647 5646
f 36 5646 39
f 39 5646 5649
f 39 5649 38
f 38 5649 5648
f 38 5648 41
f 41 5648 5651
f 41 5651 40
f 40 5651 5650
f 40 5650 43
f 43 5650 5653
f 43 5653 42
f 42 5653 5652
f 42 5652 45
f 45 5652 5655
f 45 5655 44
f 44 5655 5654
f 44 5654 47
f 47 5654 5657
f 47 5657 46
f 46 5657 5656
f 46 5656 49
f 49 5656 5659
f 49 5659 48
f 48 5659 5658
f 48 5658 51
f 51 5658 5660
f 51 5660 52
f 52 5660 5662
f 52 5662 50
f 50 5662 5661
f 50 5661 54
f 54 5661 5664
f 54 5664 53
f 53 5664 5663
f 53 5663 56
f 56 5663 5666
f 56 5666 55
f 55 5666 5665
f 55 5665 58
f 58 5665 5668
f 58 5668 57
f 57 5668 5667
f 57 5667 3782
f 3782 5667 9392
f 3782 9392 4062
f 4062 9392 9672
f 4062 9672 3783
f 3783 9672 9393
f 3783 9393 60
f 60 9393 5669
f 60 5669 61
f 61 5669 5671
f 61 5671 59
f 59 5671 5670
f 59 5670 63
f 63 5670 5673
f 63 5673 62
f 62 5673 5672
f 62 5672 65
f 65 5672 5675
f 65 5675 64
f 64 5675 5674
f 64 5674 3511
f 3511 5674 9121
f 3511 9121 3784
f 3784 9121 9394
f 3784 9394 5171
f 5171 9394 10781
f 5171 10781 4357
f 4357 10781 9967
f 4357 9967 4063
f 4063 9967 9673
f 4063 9673 67
f 67 9673 5676
f 67 5676 68
f 68 5676 5678
f 68 5678 66
f 66 5678 5677
f 66 5677 70
f 70 5677 5680
f 70 5680 69
f 69 5680 5679
f 69 5679 72
f 72 5679 5682
f 72 5682 71
f 71 5682 5681
f 71 5681 74
f 74 5681 5684
f 74 5684 73
f 73 5684 5683
f 73 5683 4701
f 4701 5683 10311
f 4701 10311 4954
f 4954 10311 10564
f 4954 10564 4358
f 4358 10564 9968
f 4358 9968 3785
f 3785 9968 9395
f 3785 9395 76
f 76 9395 5685
f 76 5685 77
f 77 5685 5687
f 77 5687 75
f 75 5687 5686
f 75 5686 79
f 79 5686 5689
f 79 5689 78
f 78 5689 5688
f 78 5688 81
f 81 5688 5691
f 81 5691 80
f 80 5691 5690
f 80 5690 4702
f 4702 5690 10312
f 4702 10312 5081
f 5081 10312 10691
f 5081 10691 4359
f 4359 10691 9969
f 4359 9969 3786
f 3786 9969 9396
f 3786 9396 83
f 83 9396 5692
f 83 5692 84
f 84 5692 5694
f 84 5694 82
f 82 5694 5693
f 82 5693 86
f 86 5693 5696
f 86 5696 85
f 85 5696 5695
f 85 5695 88
f 88 5695 5698
f 88 5698 87
f 87 5698 5697
f 87 5697 3512
f 3512 5697 9122
f 3512 9122 3787
f 3787 9122 9397
f 3787 9397 4703
f 4703 9397 10313
f 4703 10313 4955
f 4955 10313 10565
f 4955 10565 4064
f 4064 10565 9674
f 4064 9674 3788
f 3788 9674 9398
f 3788 9398 90
f 90 9398 5699
f 90 5699 91
f 91 5699 5701
f 91 5701 89
f 89 5701 5700
f 89 5700 93
f 93 5700 5703
f 93 5703 92
f 92 5703 5702
f 92 5702 4360
f 4360 5702 9970
f 4360 9970 4704
f 4704 9970 10314
f 4704 10314 5392
f 5392 10314 11002
f 5392 11002 5416
f 5416 11002 11026
f 5416 11026 5442
f 5442 11026 11052
f 5442 11052 5466
f 5466 11052 11076
f 5466 11076 5483
f 5483 11076 11093
f 5483 11093 5496
f 5496 11093 11106
f 5496 11106 5508
f 5508 11106 11118
f 5508 11118 5365
f 5365 11118 10975
f 5365 10975 5338
f 5338 10975 10948
f 5338 10948 5294
f 5294 10948 10904
f 5294 10904 5242
f 5242 10904 10852
f 5242 10852 5172
f 5172 10852 10782
f 5172 10782 5082
f 5082 10782 10692
f 5082 10692 4956
f 4956 10692 10566
f 4956 10566 4705
f 4705 10566 10315
f 4705 10315 4065
f 4065 10315 9675
f 4065 9675 95
f 95 9675 5704
f 95 5704 96
f 96 5704 5706
f 96 5706 94
f 94 5706 5705
f 94 5705 98
f 98 5705 5708
f 98 5708 97
f 97 5708 5707
f 97 5707 100
f 100 5707 5710
f 100 5710 99
f 99 5710 5709
f 99 5709 3513
f 3513 5709 9123
f 3513 9123 3514
f 3514 9123 9124
f 3514 9124 102
f 102 9124 5711
f 102 5711 103
f 103 5711 5713
f 103 5713 4070
f 4070 5713 9680
f 4070 9680 3519
f 3519 9680 9129
f 3519 9129 145
f 145 9129 5754
f 145 5754 146
f 146 5754 5756
f 146 5756 144
f 144 5756 5755
f 144 5755 148
f 148 5755 5758
f 148 5758 147
f 147 5758 5757
f 147 5757 150
f 150 5757 5760
f 150 5760 149
f 149 5760 5759
f 149 5759 4365
f 4365 5759 9975
f 4365 9975 4710
f 4710 9975 10320
f 4710 10320 4711
f 4711 10320 10321
f 4711 10321 4071
f 4071 10321 9681
f 4071 9681 3520
f 3520 9681 9130
f 3520 9130 152
f 152 9130 5761
f 152 5761 153
f 153 5761 5763
f 153 5763 151
f 151 5763 5762
f 151 5762 155
f 155 5762 5765
f 155 5765 154
f 154 5765 5764
f 154 5764 157
f 157 5764 5767
f 157 5767 156
f 156 5767 5766
f 156 5766 4366
f 4366 5766 9976
f 4366 9976 4959
f 4959 9976 10569
f 4959 10569 4367
f 4367 10569 9977
f 4367 9977 3791
f 3791 9977 9401
f 3791 9401 159
f 159 9401 5768
f 159 5768 160
f 160 5768 5770
f 160 5770 158
f 158 5770 5769
f 158 5769 162
f 162 5769 5772
f 162 5772 161
f 161 5772 5771
f 161 5771 164
f 164 5771 5774
f 164 5774 163
f 163 5774 5773
f 163 5773 3521
f 3521 5773 9131
f 3521 9131 3792
f 3792 9131 9402
f 3792 9402 4712
f 4712 9402 10322
f 4712 10322 4713
f 4713 10322 10323
f 4713 10323 4072
f 4072 10323 9682
f 4072 9682 3522
f 3522 9682 9132
f 3522 9132 166
f 166 9132 5775
f 166 5775 167
f 167 5775 5777
f 167 5777 165
f 165 5777 5776
f 165 5776 169
f 169 5776 5779
f 169 5779 168
f 168 5779 5778
f 168 5778 171
f 171 5778 5781
f 171 5781 170
f 170 5781 5780
f 170 5780 4368
f 4368 5780 9978
f 4368 9978 4714
f 4714 9978 10324
f 4714 10324 4073
f 4073 10324 9683
f 4073 9683 3523
f 3523 9683 9133
f 3523 9133 173
f 173 9133 5782
f 173 5782 174
f 174 5782 5784
f 174 5784 172
f 172 5784 5783
f 172 5783 176
f 176 5783 5786
f 176 5786 175
f 175 5786 5785
f 175 5785 178
f 178 5785 5788
f 178 5788 177
f 177 5788 5787
f 177 5787 180
f 180 5787 5790
f 180 5790 179
f 179 5790 5789
f 179 5789 182
f 182 5789 5792
f 182 5792 181
f 181 5792 5791
f 181 5791 184
f 184 5791 5794
f 184 5794 183
f 183 5794 5793
f 183 5793 3524
f 3524 5793 9134
f 3524 9134 4074
f 4074 9134 9684
f 4074 9684 4960
f 4960 9684 10570
f 4960 10570 5243
f 5243 10570 10853
f 5243 10853 4075
f 4075 10853 9685
f 4075 9685 186
f 186 9685 5795
f 186 5795 187
f 187 5795 5797
f 187 5797 185
f 185 5797 5796
f 185 5796 189
f 189 5796 5799
f 189 5799 188
f 188 5799 5798
f 188 5798 191
f 191 5798 5801
f 191 5801 190
f 190 5801 5800
f 190 5800 193
f 193 5800 5803
f 193 5803 192
f 192 5803 5802
f 192 5802 4369
f 4369 5802 9979
f 4369 9979 4715
f 4715 9979 10325
f 4715 10325 4076
f 4076 10325 9686
f 4076 9686 195
f 195 9686 5804
f 195 5804 196
f 196 5804 5806
f 196 5806 194
f 194 5806 5805
f 194 5805 198
f 198 5805 5808
f 198 5808 197
f 197 5808 5807
f 197 5807 200
f 200 5807 5810
f 200 5810 199
f 199 5810 5809
f 199 5809 202
f 202 5809 5812
f 202 5812 201
f 201 5812 5811
f 201 5811 4370
f 4370 5811 9980
f 4370 9980 4371
f 4371 9980 9981
f 4371 9981 3793
f 3793 9981 9403
f 3793 9403 204
f 204 9403 5813
f 204 5813 205
f 205 5813 5815
f 205 5815 203
f 203 5815 5814
f 203 5814 207
f 207 5814 5817
f 207 5817 206
f 206 5817 5816
f 206 5816 209
f 209 5816 5819
f 209 5819 208
f 208 5819 5818
f 208 5818 3525
f 3525 5818 9135
f 3525 9135 4716
f 4716 9135 10326
f 4716 10326 5174
f 5174 10326 10784
f 5174 10784 5244
f 5244 10784 10854
f 5244 10854 5175
f 5175 10854 10785
f 5175 10785 5084
f 5084 10785 10694
f 5084 10694 211
f 211 10694 5820
f 211 5820 212
f 212 5820 5822
f 212 5822 210
f 210 5822 5821
f 210 5821 214
f 214 5821 5824
f 214 5824 213
f 213 5824 5823
f 213 5823 216
f 216 5823 5826
f 216 5826 215
f 215 5826 5825
f 215 5825 3526
f 3526 5825 9136
f 3526 9136 4077
f 4077 9136 9687
f 4077 9687 4078
f 4078 9687 9688
f 4078 9688 3794
f 3794 9688 9404
f 3794 9404 218
f 218 9404 5827
f 218 5827 219
f 219 5827 5829
f 219 5829 217
f 217 5829 5828
f 217 5828 221
f 221 5828 5831
f 221 5831 220
f 220 5831 5830
f 220 5830 223
f 223 5830 5833
f 223 5833 222
f 222 5833 5832
f 222 5832 225
f 225 5832 5835
f 225 5835 224
f 224 5835 5834
f 224 5834 227
f 227 5834 5837
f 227 5837 226
f 226 5837 5836
f 226 5836 229
f 229 5836 5839
f 229 5839 228
f 228 5839 5838
f 228 5838 231
f 231 5838 5841
f 231 5841 230
f 230 5841 5840
f 230 5840 5245
f 5245 5840 10855
f 5245 10855 5295
f 5295 10855 10905
f 5295 10905 5366
f 5366 10905 10976
f 5366 10976 5394
f 5394 10976 11004
f 5394 11004 5444
f 5444 11004 11054
f 5444 11054 5467
f 5467 11054 11077
f 5467 11077 5484
f 5484 11077 11094
f 5484 11094 5497
f 5497 11094 11107
f 5497 11107 5468
f 5468 11107 11078
f 5468 11078 3795
f 3795 11078 9405
f 3795 9405 233
f 233 9405 5842
f 233 5842 234
f 234 5842 5844
f 234 5844 232
f 232 5844 5843
f 232 5843 236
f 236 5843 5846
f 236 5846 235
f 235 5846 5845
f 235 5845 4079
f 4079 5845 9689
f 4079 9689 4372
f 4372 9689 9982
f 4372 9982 5085
f 5085 9982 10695
f 5085 10695 4961
f 4961 10695 10571
f 4961 10571 4373
f 4373 10571 9983
f 4373 9983 4080
f 4080 9983 9690
f 4080 9690 238
f 238 9690 5847
f 238 5847 239
f 239 5847 5849
f 239 5849 237
f 237 5849 5848
f 237 5848 241
f 241 5848 5851
f 241 5851 240
f 240 5851 5850
f 240 5850 243
f 243 5850 5853
f 243 5853 242
f 242 5853 5852
f 242 5852 245
f 245 5852 5855
f 245 5855 244
f 244 5855 5854
f 244 5854 247
f 247 5854 5857
f 247 5857 246
f 246 5857 5856
f 246 5856 249
f 249 5856 5859
f 249 5859 248
f 248 5859 5858
f 248 5858 3796
f 3796 5858 9406
f 3796 9406 4081
f 4081 9406 9691
f 4081 9691 5246
f 5246 9691 10856
f 5246 10856 5296
f 5296 10856 10906
f 5296 10906 5367
f 5367 10906 10977
f 5367 10977 5395
f 5395 10977 11005
f 5395 11005 5339
f 5339 11005 10949
f 5339 10949 5297
f 5297 10949 10907
f 5297 10907 5247
f 5247 10907 10857
f 5247 10857 4374
f 4374 10857 9984
f 4374 9984 4082
f 4082 9984 9692
f 4082 9692 3527
f 3527 9692 9137
f 3527 9137 251
f 251 9137 5860
f 251 5860 252
f 252 5860 5862
f 252 5862 250
f 250 5862 5861
f 250 5861 254
f 254 5861 5864
f 254 5864 253
f 253 5864 5863
f 253 5863 256
f 256 5863 5866
f 256 5866 255
f 255 5866 5865
f 255 5865 4717
f 4717 5865 10327
f 4717 10327 4962
f 4962 10327 10572
f 4962 10572 5086
f 5086 10572 10696
f 5086 10696 4375
f 4375 10696 9985
f 4375 9985 3797
f 3797 9985 9407
f 3797 9407 258
f 258 9407 5867
f 258 5867 259
f 259 5867 5869
f 259 5869 257
f 257 5869 5868
f 257 5868 261
f 261 5868 5871
f 261 5871 260
f 260 5871 5870
f 260 5870 263
f 263 5870 5873
f 263 5873 262
f 262 5873 5872
f 262 5872 3528
f 3528 5872 9138
f 3528 9138 4083
f 4083 9138 9693
f 4083 9693 3798
f 3798 9693 9408
f 3798 9408 3529
f 3529 9408 9139
f 3529 9139 265
f 265 9139 5874
f 265 5874 266
f 266 5874 5876
f 266 5876 264
f 264 5876 5875
f 264 5875 268
f 268 5875 5878
f 268 5878 267
f 267 5878 5877
f 267 5877 270
f 270 5877 5880
f 270 5880 269
f 269 5880 5879
f 269 5879 272
f 272 5879 5882
f 272 5882 271
f 271 5882 5881
f 271 5881 4084
f 4084 5881 9694
f 4084 9694 4085
f 4085 9694 9695
f 4085 9695 3530
f 3530 9695 9140
f 3530 9140 274
f 274 9140 5883
f 274 5883 275
f 275 5883 5885
f 275 5885 273
f 273 5885 5884
f 273 5884 277
f 277 5884 5887
f 277 5887 276
f 276 5887 5886
f 276 5886 279
f 279 5886 5889
f 279 5889 278
f 278 5889 5888
f 278 5888 281
f 281 5888 5891
f 281 5891 280
f 280 5891 5890
f 280 5890 4718
f 4718 5890 10328
f 4718 10328 4376
f 4376 10328 9986
f 4376 9986 3799
f 3799 9986 9409
f 3799 9409 283
f 283 9409 5892
f 283 5892 284
f 284 5892 5894
f 284 5894 282
f 282 5894 5893
f 282 5893 286
f 286 5893 5896
f 286 5896 285
f 285 5896 5895
f 285 5895 288
f 288 5895 5898
f 288 5898 287
f 287 5898 5897
f 287 5897 3531
f 3531 5897 9141
f 3531 9141 3800
f 3800 9141 9410
f 3800 9410 4719
f 4719 9410 10329
f 4719 10329 4377
f 4377 10329 9987
f 4377 9987 3801
f 3801 9987 9411
f 3801 9411 290
f 290 9411 5899
f 290 5899 291
f 291 5899 5901
f 291 5901 289
f 289 5901 5900
f 289 5900 293
f 293 5900 5903
f 293 5903 292
f 292 5903 5902
f 292 5902 295
f 295 5902 5905
f 295 5905 294
f 294 5905 5904
f 294 5904 297
f 297 5904 5907
f 297 5907 296
f 296 5907 5906
f 296 5906 299
f 299 5906 5909
f 299 5909 298
f 298 5909 5908
f 298 5908 301
f 301 5908 5911
f 301 5911 300
f 300 5911 5910
f 300 5910 303
f 303 5910 5913
f 303 5913 302
f 302 5913 5912
f 302 5912 5298
f 5298 5912 10908
f 5298 10908 4720
f 4720 10908 10330
f 4720 10330 4086
f 4086 10330 9696
f 4086 9696 3532
f 3532 9696 9142
f 3532 9142 305
f 305 9142 5914
f 305 5914 306
f 306 5914 5916
f 306 5916 304
f 304 5916 5915
f 304 5915 308
f 308 5915 5918
f 308 5918 307
f 307 5918 5917
f 307 5917 310
f 310 5917 5920
f 310 5920 309
f 309 5920 5919
f 309 5919 4378
f 4378 5919 9988
f 4378 9988 4963
f 4963 9988 10573
f 4963 10573 5087
f 5087 10573 10697
f 5087 10697 4379
f 4379 10697 9989
f 4379 9989 3802
f 3802 9989 9412
f 3802 9412 312
f 312 9412 5921
f 312 5921 313
f 313 5921 5923
f 313 5923 311
f 311 5923 5922
f 311 5922 315
f 315 5922 5925
f 315 5925 314
f 314 5925 5924
f 314 5924 317
f 317 5924 5927
f 317 5927 316
f 316 5927 5926
f 316 5926 3533
f 3533 5926 9143
f 3533 9143 3803
f 3803 9143 9413
f 3803 9413 4721
f 4721 9413 10331
f 4721 10331 4087
f 4087 10331 9697
f 4087 9697 3804
f 3804 9697 9414
f 3804 9414 319
f 319 9414 5928
f 319 5928 320
f 320 5928 5930
f 320 5930 318
f 318 5930 5929
f 318 5929 322
f 322 5929 5932
f 322 5932 321
f 321 5932 5931
f 321 5931 324
f 324 5931 5934
f 324 5934 323
f 323 5934 5933
f 323 5933 5176
f 5176 5933 10786
f 5176 10786 5248
f 5248 10786 10858
f 5248 10858 4380
f 4380 10858 9990
f 4380 9990 3805
f 3805 9990 9415
f 3805 9415 326
f 326 9415 5935
f 326 5935 327
f 327 5935 5937
f 327 5937 325
f 325 5937 5936
f 325 5936 329
f 329 5936 5939
f 329 5939 328
f 328 5939 5938
f 328 5938 331
f 331 5938 5941
f 331 5941 330
f 330 5941 5940
f 330 5940 3534
f 3534 5940 9144
f 3534 9144 3806
f 3806 9144 9416
f 3806 9416 4722
f 4722 9416 10332
f 4722 10332 4964
f 4964 10332 10574
f 4964 10574 4381
f 4381 10574 9991
f 4381 9991 3807
f 3807 9991 9417
f 3807 9417 333
f 333 9417 5942
f 333 5942 334
f 334 5942 5944
f 334 5944 332
f 332 5944 5943
f 332 5943 336
f 336 5943 5946
f 336 5946 335
f 335 5946 5945
f 335 5945 338
f 338 5945 5948
f 338 5948 337
f 337 5948 5947
f 337 5947 340
f 340 5947 5950
f 340 5950 339
f 339 5950 5949
f 339 5949 342
f 342 5949 5952
f 342 5952 341
f 341 5952 5951
f 341 5951 344
f 344 5951 5954
f 344 5954 343
f 343 5954 5953
f 343 5953 346
f 346 5953 5956
f 346 5956 345
f 345 5956 5955
f 345 5955 348
f 348 5955 5958
f 348 5958 347
f 347 5958 5957
f 347 5957 350
f 350 5957 5960
f 350 5960 349
f 349 5960 5959
f 349 5959 3535
f 3535 5959 9145
f 3535 9145 4088
f 4088 9145 9698
f 4088 9698 4382
f 4382 9698 9992
f 4382 9992 5088
f 5088 9992 10698
f 5088 10698 5177
f 5177 10698 10787
f 5177 10787 5249
f 5249 10787 10859
f 5249 10859 5545
f 5545 10859 11155
f 5545 11155 5548
f 5548 11155 11158
f 5548 11158 5552
f 5552 11158 11162
f 5552 11162 5469
f 5469 11162 11079
f 5469 11079 3808
f 3808 11079 9418
f 3808 9418 352
f 352 9418 5961
f 352 5961 353
f 353 5961 5963
f 353 5963 351
f 351 5963 5962
f 351 5962 355
f 355 5962 5965
f 355 5965 354
f 354 5965 5964
f 354 5964 357
f 357 5964 5967
f 357 5967 356
f 356 5967 5966
f 356 5966 3536
f 3536 5966 9146
f 3536 9146 4383
f 4383 9146 9993
f 4383 9993 4384
f 4384 9993 9994
f 4384 9994 3809
f 3809 9994 9419
f 3809 9419 359
f 359 9419 5968
f 359 5968 360
f 360 5968 5970
f 360 5970 358
f 358 5970 5969
f 358 5969 362
f 362 5969 5972
f 362 5972 361
f 361 5972 5971
f 361 5971 364
f 364 5971 5974
f 364 5974 363
f 363 5974 5973
f 363 5973 366
f 366 5973 5976
f 366 5976 365
f 365 5976 5975
f 365 5975 3810
f 3810 5975 9420
f 3810 9420 4723
f 4723 9420 10333
f 4723 10333 4089
f 4089 10333 9699
f 4089 9699 3537
f 3537 9699 9147
f 3537 9147 368
f 368 9147 5977
f 368 5977 369
f 369 5977 5979
f 369 5979 367
f 367 5979 5978
f 367 5978 371
f 371 5978 5981
f 371 5981 370
f 370 5981 5980
f 370 5980 373
f 373 5980 5983
f 373 5983 372
f 372 5983 5982
f 372 5982 4385
f 4385 5982 9995
f 4385 9995 4724
f 4724 9995 10334
f 4724 10334 4725
f 4725 10334 10335
f 4725 10335 4090
f 4090 10335 9700
f 4090 9700 3538
f 3538 9700 9148
f 3538 9148 375
f 375 9148 5984
f 375 5984 376
f 376 5984 5986
f 376 5986 374
f 374 5986 5985
f 374 5985 378
f 378 5985 5988
f 378 5988 377
f 377 5988 5987
f 377 5987 380
f 380 5987 5990
f 380 5990 379
f 379 5990 5989
f 379 5989 4386
f 4386 5989 9996
f 4386 9996 4965
f 4965 9996 10575
f 4965 10575 4387
f 4387 10575 9997
f 4387 9997 4091
f 4091 9997 9701
f 4091 9701 382
f 382 9701 5991
f 382 5991 383
f 383 5991 5993
f 383 5993 381
f 381 5993 5992
f 381 5992 385
f 385 5992 5995
f 385 5995 384
f 384 5995 5994
f 384 5994 387
f 387 5994 5997
f 387 5997 386
f 386 5997 5996
f 386 5996 389
f 389 5996 5999
f 389 5999 388
f 388 5999 5998
f 388 5998 4726
f 4726 5998 10336
f 4726 10336 4388
f 4388 10336 9998
f 4388 9998 3811
f 3811 9998 9421
f 3811 9421 391
f 391 9421 6000
f 391 6000 392
f 392 6000 6002
f 392 6002 390
f 390 6002 6001
f 390 6001 394
f 394 6001 6004
f 394 6004 393
f 393 6004 6003
f 393 6003 396
f 396 6003 6006
f 396 6006 395
f 395 6006 6005
f 395 6005 3539
f 3539 6005 9149
f 3539 9149 4727
f 4727 9149 10337
f 4727 10337 4966
f 4966 10337 10576
f 4966 10576 5340
f 5340 10576 10950
f 5340 10950 4092
f 4092 10950 9702
f 4092 9702 398
f 398 9702 6007
f 398 6007 399
f 399 6007 6009
f 399 6009 397
f 397 6009 6008
f 397 6008 401
f 401 6008 6011
f 401 6011 400
f 400 6011 6010
f 400 6010 403
f 403 6010 6013
f 403 6013 402
f 402 6013 6012
f 402 6012 3540
f 3540 6012 9150
f 3540 9150 4389
f 4389 9150 9999
f 4389 9999 4728
f 4728 9999 10338
f 4728 10338 4729
f 4729 10338 10339
f 4729 10339 4390
f 4390 10339 10000
f 4390 10000 3812
f 3812 10000 9422
f 3812 9422 405
f 405 9422 6014
f 405 6014 406
f 406 6014 6016
f 406 6016 404
f 404 6016 6015
f 404 6015 408
f 408 6015 6018
f 408 6018 407
f 407 6018 6017
f 407 6017 410
f 410 6017 6020
f 410 6020 409
f 409 6020 6019
f 409 6019 3541
f 3541 6019 9151
f 3541 9151 4967
f 4967 9151 10577
f 4967 10577 4391
f 4391 10577 10001
f 4391 10001 3813
f 3813 10001 9423
f 3813 9423 412
f 412 9423 6021
f 412 6021 413
f 413 6021 6023
f 413 6023 411
f 411 6023 6022
f 411 6022 415
f 415 6022 6025
f 415 6025 414
f 414 6025 6024
f 414 6024 417
f 417 6024 6027
f 417 6027 416
f 416 6027 6026
f 416 6026 419
f 419 6026 6029
f 419 6029 418
f 418 6029 6028
f 418 6028 3814
f 3814 6028 9424
f 3814 9424 4392
f 4392 9424 10002
f 4392 10002 3815
f 3815 10002 9425
f 3815 9425 421
f 421 9425 6030
f 421 6030 422
f 422 6030 6032
f 422 6032 420
f 420 6032 6031
f 420 6031 424
f 424 6031 6034
f 424 6034 423
f 423 6034 6033
f 423 6033 426
f 426 6033 6036
f 426 6036 425
f 425 6036 6035
f 425 6035 428
f 428 6035 6038
f 428 6038 427
f 427 6038 6037
f 427 6037 3816
f 3816 6037 9426
f 3816 9426 4393
f 4393 9426 10003
f 4393 10003 4093
f 4093 10003 9703
f 4093 9703 430
f 430 9703 6039
f 430 6039 431
f 431 6039 6041
f 431 6041 429
f 429 6041 6040
f 429 6040 433
f 433 6040 6043
f 433 6043 432
f 432 6043 6042
f 432 6042 435
f 435 6042 6045
f 435 6045 434
f 434 6045 6044
f 434 6044 437
f 437 6044 6047
f 437 6047 436
f 436 6047 6046
f 436 6046 4730
f 4730 6046 10340
f 4730 10340 4394
f 4394 10340 10004
f 4394 10004 3817
f 3817 10004 9427
f 3817 9427 439
f 439 9427 6048
f 439 6048 440
f 440 6048 6050
f 440 6050 438
f 438 6050 6049
f 438 6049 442
f 442 6049 6052
f 442 6052 441
f 441 6052 6051
f 441 6051 444
f 444 6051 6054
f 444 6054 443
f 443 6054 6053
f 443 6053 3542
f 3542 6053 9152
f 3542 9152 3818
f 3818 9152 9428
f 3818 9428 4731
f 4731 9428 10341
f 4731 10341 4395
f 4395 10341 10005
f 4395 10005 4094
f 4094 10005 9704
f 4094 9704 3543
f 3543 9704 9153
f 3543 9153 446
f 446 9153 6055
f 446 6055 447
f 447 6055 6057
f 447 6057 445
f 445 6057 6056
f 445 6056 449
f 449 6056 6059
f 449 6059 448
f 448 6059 6058
f 448 6058 451
f 451 6058 6061
f 451 6061 450
f 450 6061 6060
f 450 6060 4732
f 4732 6060 10342
f 4732 10342 4968
f 4968 10342 10578
f 4968 10578 5250
f 5250 10578 10860
f 5250 10860 4095
f 4095 10860 9705
f 4095 9705 3544
f 3544 9705 9154
f 3544 9154 453
f 453 9154 6062
f 453 6062 454
f 454 6062 6064
f 454 6064 452
f 452 6064 6063
f 452 6063 456
f 456 6063 6066
f 456 6066 455
f 455 6066 6065
f 455 6065 458
f 458 6065 6068
f 458 6068 457
f 457 6068 6067
f 457 6067 4396
f 4396 6067 10006
f 4396 10006 4733
f 4733 10006 10343
f 4733 10343 4969
f 4969 10343 10579
f 4969 10579 4096
f 4096 10579 9706
f 4096 9706 460
f 460 9706 6069
f 460 6069 461
f 461 6069 6071
f 461 6071 459
f 459 6071 6070
f 459 6070 463
f 463 6070 6073
f 463 6073 462
f 462 6073 6072
f 462 6072 465
f 465 6072 6075
f 465 6075 464
f 464 6075 6074
f 464 6074 3545
f 3545 6074 9155
f 3545 9155 4397
f 4397 9155 10007
f 4397 10007 5299
f 5299 10007 10909
f 5299 10909 4970
f 4970 10909 10580
f 4970 10580 4398
f 4398 10580 10008
f 4398 10008 3819
f 3819 10008 9429
f 3819 9429 467
f 467 9429 6076
f 467 6076 468
f 468 6076 6078
f 468 6078 466
f 466 6078 6077
f 466 6077 470
f 470 6077 6080
f 470 6080 469
f 469 6080 6079
f 469 6079 472
f 472 6079 6082
f 472 6082 471
f 471 6082 6081
f 471 6081 3546
f 3546 6081 9156
f 3546 9156 3820
f 3820 9156 9430
f 3820 9430 4734
f 4734 9430 10344
f 4734 10344 3821
f 3821 10344 9431
f 3821 9431 474
f 474 9431 6083
f 474 6083 475
f 475 6083 6085
f 475 6085 473
f 473 6085 6084
f 473 6084 477
f 477 6084 6087
f 477 6087 476
f 476 6087 6086
f 476 6086 479
f 479 6086 6089
f 479 6089 478
f 478 6089 6088
f 478 6088 481
f 481 6088 6091
f 481 6091 480
f 480 6091 6090
f 480 6090 3822
f 3822 6090 9432
f 3822 9432 4097
f 4097 9432 9707
f 4097 9707 3823
f 3823 9707 9433
f 3823 9433 483
f 483 9433 6092
f 483 6092 484
f 484 6092 6094
f 484 6094 482
f 482 6094 6093
f 482 6093 486
f 486 6093 6096
f 486 6096 485
f 485 6096 6095
f 485 6095 488
f 488 6095 6098
f 488 6098 487
f 487 6098 6097
f 487 6097 490
f 490 6097 6100
f 490 6100 489
f 489 6100 6099
f 489 6099 3824
f 3824 6099 9434
f 3824 9434 4098
f 4098 9434 9708
f 4098 9708 4099
f 4099 9708 9709
f 4099 9709 3547
f 3547 9709 9157
f 3547 9157 492
f 492 9157 6101
f 492 6101 493
f 493 6101 6103
f 493 6103 491
f 491 6103 6102
f 491 6102 495
f 495 6102 6105
f 495 6105 494
f 494 6105 6104
f 494 6104 497
f 497 6104 6107
f 497 6107 496
f 496 6107 6106
f 496 6106 4399
f 4399 6106 10009
f 4399 10009 4400
f 4400 10009 10010
f 4400 10010 4100
f 4100 10010 9710
f 4100 9710 3548
f 3548 9710 9158
f 3548 9158 499
f 499 9158 6108
f 499 6108 500
f 500 6108 6110
f 500 6110 498
f 498 6110 6109
f 498 6109 502
f 502 6109 6112
f 502 6112 501
f 501 6112 6111
f 501 6111 504
f 504 6111 6114
f 504 6114 503
f 503 6114 6113
f 503 6113 506
f 506 6113 6116
f 506 6116 505
f 505 6116 6115
f 505 6115 3549
f 3549 6115 9159
f 3549 9159 3825
f 3825 9159 9435
f 3825 9435 3826
f 3826 9435 9436
f 3826 9436 508
f 508 9436 6117
f 508 6117 509
f 509 6117 6119
f 509 6119 507
f 507 6119 6118
f 507 6118 511
f 511 6118 6121
f 511 6121 510
f 510 6121 6120
f 510 6120 513
f 513 6120 6123
f 513 6123 512
f 512 6123 6122
f 512 6122 515
f 515 6122 6125
f 515 6125 514
f 514 6125 6124
f 514 6124 3827
f 3827 6124 9437
f 3827 9437 4401
f 4401 9437 10011
f 4401 10011 3828
f 3828 10011 9438
f 3828 9438 517
f 517 9438 6126
f 517 6126 518
f 518 6126 6128
f 518 6128 516
f 516 6128 6127
f 516 6127 520
f 520 6127 6130
f 520 6130 519
f 519 6130 6129
f 519 6129 522
f 522 6129 6132
f 522 6132 521
f 521 6132 6131
f 521 6131 524
f 524 6131 6134
f 524 6134 523
f 523 6134 6133
f 523 6133 3829
f 3829 6133 9439
f 3829 9439 4402
f 4402 9439 10012
f 4402 10012 3830
f 3830 10012 9440
f 3830 9440 526
f 526 9440 6135
f 526 6135 527
f 527 6135 6137
f 527 6137 525
f 525 6137 6136
f 525 6136 529
f 529 6136 6139
f 529 6139 528
f 528 6139 6138
f 528 6138 531
f 531 6138 6141
f 531 6141 530
f 530 6141 6140
f 530 6140 533
f 533 6140 6143
f 533 6143 532
f 532 6143 6142
f 532 6142 3831
f 3831 6142 9441
f 3831 9441 4735
f 4735 9441 10345
f 4735 10345 4971
f 4971 10345 10581
f 4971 10581 5089
f 5089 10581 10699
f 5089 10699 5178
f 5178 10699 10788
f 5178 10788 4972
f 4972 10788 10582
f 4972 10582 4403
f 4403 10582 10013
f 4403 10013 4101
f 4101 10013 9711
f 4101 9711 3550
f 3550 9711 9160
f 3550 9160 535
f 535 9160 6144
f 535 6144 536
f 536 6144 6146
f 536 6146 534
f 534 6146 6145
f 534 6145 538
f 538 6145 6148
f 538 6148 537
f 537 6148 6147
f 537 6147 540
f 540 6147 6150
f 540 6150 539
f 539 6150 6149
f 539 6149 542
f 542 6149 6152
f 542 6152 541
f 541 6152 6151
f 541 6151 5090
f 5090 6151 10700
f 5090 10700 5179
f 5179 10700 10789
f 5179 10789 4102
f 4102 10789 9712
f 4102 9712 544
f 544 9712 6153
f 544 6153 545
f 545 6153 6155
f 545 6155 543
f 543 6155 6154
f 543 6154 547
f 547 6154 6157
f 547 6157 546
f 546 6157 6156
f 546 6156 549
f 549 6156 6159
f 549 6159 548
f 548 6159 6158
f 548 6158 551
f 551 6158 6161
f 551 6161 550
f 550 6161 6160
f 550 6160 4404
f 4404 6160 10014
f 4404 10014 4405
f 4405 10014 10015
f 4405 10015 4103
f 4103 10015 9713
f 4103 9713 3551
f 3551 9713 9161
f 3551 9161 553
f 553 9161 6162
f 553 6162 554
f 554 6162 6164
f 554 6164 552
f 552 6164 6163
f 552 6163 556
f 556 6163 6166
f 556 6166 555
f 555 6166 6165
f 555 6165 558
f 558 6165 6168
f 558 6168 557
f 557 6168 6167
f 557 6167 4973
f 4973 6167 10583
f 4973 10583 5180
f 5180 10583 10790
f 5180 10790 4736
f 4736 10790 10346
f 4736 10346 4104
f 4104 10346 9714
f 4104 9714 3552
f 3552 9714 9162
f 3552 9162 560
f 560 9162 6169
f 560 6169 561
f 561 6169 6171
f 561 6171 559
f 559 6171 6170
f 559 6170 563
f 563 6170 6173
f 563 6173 562
f 562 6173 6172
f 562 6172 565
f 565 6172 6175
f 565 6175 564
f 564 6175 6174
f 564 6174 4406
f 4406 6174 10016
f 4406 10016 4974
f 4974 10016 10584
f 4974 10584 5091
f 5091 10584 10701
f 5091 10701 4105
f 4105 10701 9715
f 4105 9715 567
f 567 9715 6176
f 567 6176 568
f 568 6176 6178
f 568 6178 566
f 566 6178 6177
f 566 6177 570
f 570 6177 6180
f 570 6180 569
f 569 6180 6179
f 569 6179 572
f 572 6179 6182
f 572 6182 571
f 571 6182 6181
f 571 6181 574
f 574 6181 6184
f 574 6184 573
f 573 6184 6183
f 573 6183 4407
f 4407 6183 10017
f 4407 10017 4106
f 4106 10017 9716
f 4106 9716 3832
f 3832 9716 9442
f 3832 9442 576
f 576 9442 6185
f 576 6185 577
f 577 6185 6187
f 577 6187 575
f 575 6187 6186
f 575 6186 579
f 579 6186 6189
f 579 6189 578
f 578 6189 6188
f 578 6188 581
f 581 6188 6191
f 581 6191 580
f 580 6191 6190
f 580 6190 583
f 583 6190 6193
f 583 6193 582
f 582 6193 6192
f 582 6192 4737
f 4737 6192 10347
f 4737 10347 4738
f 4738 10347 10348
f 4738 10348 4408
f 4408 10348 10018
f 4408 10018 3833
f 3833 10018 9443
f 3833 9443 585
f 585 9443 6194
f 585 6194 586
f 586 6194 6196
f 586 6196 584
f 584 6196 6195
f 584 6195 588
f 588 6195 6198
f 588 6198 587
f 587 6198 6197
f 587 6197 590
f 590 6197 6200
f 590 6200 589
f 589 6200 6199
f 589 6199 3553
f 3553 6199 9163
f 3553 9163 3834
f 3834 9163 9444
f 3834 9444 5181
f 5181 9444 10791
f 5181 10791 4107
f 4107 10791 9717
f 4107 9717 592
f 592 9717 6201
f 592 6201 593
f 593 6201 6203
f 593 6203 591
f 591 6203 6202
f 591 6202 595
f 595 6202 6205
f 595 6205 594
f 594 6205 6204
f 594 6204 597
f 597 6204 6207
f 597 6207 596
f 596 6207 6206
f 596 6206 3554
f 3554 6206 9164
f 3554 9164 4409
f 4409 9164 10019
f 4409 10019 4739
f 4739 10019 10349
f 4739 10349 4410
f 4410 10349 10020
f 4410 10020 3835
f 3835 10020 9445
f 3835 9445 599
f 599 9445 6208
f 599 6208 600
f 600 6208 6210
f 600 6210 598
f 598 6210 6209
f 598 6209 602
f 602 6209 6212
f 602 6212 601
f 601 6212 6211
f 601 6211 604
f 604 6211 6214
f 604 6214 603
f 603 6214 6213
f 603 6213 606
f 606 6213 6216
f 606 6216 605
f 605 6216 6215
f 605 6215 5092
f 5092 6215 10702
f 5092 10702 5093
f 5093 10702 10703
f 5093 10703 4108
f 4108 10703 9718
f 4108 9718 608
f 608 9718 6217
f 608 6217 609
f 609 6217 6219
f 609 6219 607
f 607 6219 6218
f 607 6218 611
f 611 6218 6221
f 611 6221 610
f 610 6221 6220
f 610 6220 613
f 613 6220 6223
f 613 6223 612
f 612 6223 6222
f 612 6222 3555
f 3555 6222 9165
f 3555 9165 4411
f 4411 9165 10021
f 4411 10021 4740
f 4740 10021 10350
f 4740 10350 4412
f 4412 10350 10022
f 4412 10022 3836
f 3836 10022 9446
f 3836 9446 615
f 615 9446 6224
f 615 6224 616
f 616 6224 6226
f 616 6226 614
f 614 6226 6225
f 614 6225 618
f 618 6225 6228
f 618 6228 617
f 617 6228 6227
f 617 6227 620
f 620 6227 6230
f 620 6230 619
f 619 6230 6229
f 619 6229 622
f 622 6229 6232
f 622 6232 621
f 621 6232 6231
f 621 6231 624
f 624 6231 6234
f 624 6234 623
f 623 6234 6233
f 623 6233 626
f 626 6233 6236
f 626 6236 625
f 625 6236 6235
f 625 6235 5182
f 5182 6235 10792
f 5182 10792 5396
f 5396 10792 11006
f 5396 11006 5418
f 5418 11006 11028
f 5418 11028 5445
f 5445 11028 11055
f 5445 11055 4109
f 4109 11055 9719
f 4109 9719 628
f 628 9719 6237
f 628 6237 629
f 629 6237 6239
f 629 6239 627
f 627 6239 6238
f 627 6238 631
f 631 6238 6241
f 631 6241 630
f 630 6241 6240
f 630 6240 633
f 633 6240 6243
f 633 6243 632
f 632 6243 6242
f 632 6242 3556
f 3556 6242 9166
f 3556 9166 4413
f 4413 9166 10023
f 4413 10023 5341
f 5341 10023 10951
f 5341 10951 5094
f 5094 10951 10704
f 5094 10704 4110
f 4110 10704 9720
f 4110 9720 635
f 635 9720 6244
f 635 6244 636
f 636 6244 6246
f 636 6246 634
f 634 6246 6245
f 634 6245 638
f 638 6245 6248
f 638 6248 637
f 637 6248 6247
f 637 6247 640
f 640 6247 6250
f 640 6250 639
f 639 6250 6249
f 639 6249 642
f 642 6249 6252
f 642 6252 641
f 641 6252 6251
f 641 6251 4414
f 4414 6251 10024
f 4414 10024 4111
f 4111 10024 9721
f 4111 9721 3837
f 3837 9721 9447
f 3837 9447 644
f 644 9447 6253
f 644 6253 645
f 645 6253 6255
f 645 6255 643
f 643 6255 6254
f 643 6254 647
f 647 6254 6257
f 647 6257 646
f 646 6257 6256
f 646 6256 649
f 649 6256 6259
f 649 6259 648
f 648 6259 6258
f 648 6258 3557
f 3557 6258 9167
f 3557 9167 3838
f 3838 9167 9448
f 3838 9448 4741
f 4741 9448 10351
f 4741 10351 5183
f 5183 10351 10793
f 5183 10793 4112
f 4112 10793 9722
f 4112 9722 3558
f 3558 9722 9168
f 3558 9168 651
f 651 9168 6260
f 651 6260 652
f 652 6260 6262
f 652 6262 650
f 650 6262 6261
f 650 6261 654
f 654 6261 6264
f 654 6264 653
f 653 6264 6263
f 653 6263 656
f 656 6263 6266
f 656 6266 655
f 655 6266 6265
f 655 6265 4415
f 4415 6265 10025
f 4415 10025 4742
f 4742 10025 10352
f 4742 10352 4416
f 4416 10352 10026
f 4416 10026 4113
f 4113 10026 9723
f 4113 9723 3559
f 3559 9723 9169
f 3559 9169 658
f 658 9169 6267
f 658 6267 659
f 659 6267 6269
f 659 6269 657
f 657 6269 6268
f 657 6268 661
f 661 6268 6271
f 661 6271 660
f 660 6271 6270
f 660 6270 663
f 663 6270 6273
f 663 6273 662
f 662 6273 6272
f 662 6272 4743
f 4743 6272 10353
f 4743 10353 4744
f 4744 10353 10354
f 4744 10354 4417
f 4417 10354 10027
f 4417 10027 3839
f 3839 10027 9449
f 3839 9449 665
f 665 9449 6274
f 665 6274 666
f 666 6274 6276
f 666 6276 664
f 664 6276 6275
f 664 6275 668
f 668 6275 6278
f 668 6278 667
f 667 6278 6277
f 667 6277 670
f 670 6277 6280
f 670 6280 669
f 669 6280 6279
f 669 6279 672
f 672 6279 6282
f 672 6282 671
f 671 6282 6281
f 671 6281 674
f 674 6281 6284
f 674 6284 673
f 673 6284 6283
f 673 6283 676
f 676 6283 6286
f 676 6286 675
f 675 6286 6285
f 675 6285 4975
f 4975 6285 10585
f 4975 10585 5368
f 5368 10585 10978
f 5368 10978 5419
f 5419 10978 11029
f 5419 11029 5446
f 5446 11029 11056
f 5446 11056 5470
f 5470 11056 11080
f 5470 11080 5485
f 5485 11080 11095
f 5485 11095 5509
f 5509 11095 11119
f 5509 11119 5519
f 5519 11119 11129
f 5519 11129 5526
f 5526 11129 11136
f 5526 11136 5533
f 5533 11136 11143
f 5533 11143 5510
f 5510 11143 11120
f 5510 11120 3840
f 3840 11120 9450
f 3840 9450 678
f 678 9450 6287
f 678 6287 679
f 679 6287 6289
f 679 6289 677
f 677 6289 6288
f 677 6288 681
f 681 6288 6291
f 681 6291 680
f 680 6291 6290
f 680 6290 683
f 683 6290 6293
f 683 6293 682
f 682 6293 6292
f 682 6292 4418
f 4418 6292 10028
f 4418 10028 5369
f 5369 10028 10979
f 5369 10979 5342
f 5342 10979 10952
f 5342 10952 5095
f 5095 10952 10705
f 5095 10705 3841
f 3841 10705 9451
f 3841 9451 685
f 685 9451 6294
f 685 6294 686
f 686 6294 6296
f 686 6296 684
f 684 6296 6295
f 684 6295 688
f 688 6295 6298
f 688 6298 687
f 687 6298 6297
f 687 6297 690
f 690 6297 6300
f 690 6300 689
f 689 6300 6299
f 689 6299 3560
f 3560 6299 9170
f 3560 9170 4419
f 4419 9170 10029
f 4419 10029 4745
f 4745 10029 10355
f 4745 10355 4420
f 4420 10355 10030
f 4420 10030 3842
f 3842 10030 9452
f 3842 9452 692
f 692 9452 6301
f 692 6301 693
f 693 6301 6303
f 693 6303 691
f 691 6303 6302
f 691 6302 695
f 695 6302 6305
f 695 6305 694
f 694 6305 6304
f 694 6304 697
f 697 6304 6307
f 697 6307 696
f 696 6307 6306
f 696 6306 5096
f 5096 6306 10706
f 5096 10706 4746
f 4746 10706 10356
f 4746 10356 4421
f 4421 10356 10031
f 4421 10031 3843
f 3843 10031 9453
f 3843 9453 699
f 699 9453 6308
f 699 6308 700
f 700 6308 6310
f 700 6310 698
f 698 6310 6309
f 698 6309 702
f 702 6309 6312
f 702 6312 701
f 701 6312 6311
f 701 6311 704
f 704 6311 6314
f 704 6314 703
f 703 6314 6313
f 703 6313 706
f 706 6313 6316
f 706 6316 705
f 705 6316 6315
f 705 6315 4976
f 4976 6315 10586
f 4976 10586 4422
f 4422 10586 10032
f 4422 10032 4114
f 4114 10032 9724
f 4114 9724 708
f 708 9724 6317
f 708 6317 709
f 709 6317 6319
f 709 6319 707
f 707 6319 6318
f 707 6318 711
f 711 6318 6321
f 711 6321 710
f 710 6321 6320
f 710 6320 713
f 713 6320 6323
f 713 6323 712
f 712 6323 6322
f 712 6322 715
f 715 6322 6325
f 715 6325 714
f 714 6325 6324
f 714 6324 4747
f 4747 6324 10357
f 4747 10357 4423
f 4423 10357 10033
f 4423 10033 3844
f 3844 10033 9454
f 3844 9454 717
f 717 9454 6326
f 717 6326 718
f 718 6326 6328
f 718 6328 716
f 716 6328 6327
f 716 6327 720
f 720 6327 6330
f 720 6330 719
f 719 6330 6329
f 719 6329 722
f 722 6329 6332
f 722 6332 721
f 721 6332 6331
f 721 6331 724
f 724 6331 6334
f 724 6334 723
f 723 6334 6333
f 723 6333 4424
f 4424 6333 10034
f 4424 10034 4115
f 4115 10034 9725
f 4115 9725 3561
f 3561 9725 9171
f 3561 9171 726
f 726 9171 6335
f 726 6335 727
f 727 6335 6337
f 727 6337 725
f 725 6337 6336
f 725 6336 729
f 729 6336 6339
f 729 6339 728
f 728 6339 6338
f 728 6338 731
f 731 6338 6341
f 731 6341 730
f 730 6341 6340
f 730 6340 733
f 733 6340 6343
f 733 6343 732
f 732 6343 6342
f 732 6342 735
f 735 6342 6345
f 735 6345 734
f 734 6345 6344
f 734 6344 737
f 737 6344 6347
f 737 6347 736
f 736 6347 6346
f 736 6346 739
f 739 6346 6349
f 739 6349 738
f 738 6349 6348
f 738 6348 741
f 741 6348 6351
f 741 6351 740
f 740 6351 6350
f 740 6350 743
f 743 6350 6353
f 743 6353 742
f 742 6353 6352
f 742 6352 745
f 745 6352 6355
f 745 6355 744
f 744 6355 6354
f 744 6354 5420
f 5420 6354 11030
f 5420 11030 5447
f 5447 11030 11057
f 5447 11057 5471
f 5471 11057 11081
f 5471 11081 5498
f 5498 11081 11108
f 5498 11108 5520
f 5520 11108 11130
f 5520 11130 5527
f 5527 11130 11137
f 5527 11137 5486
f 5486 11137 11096
f 5486 11096 5397
f 5397 11096 11007
f 5397 11007 5300
f 5300 11007 10910
f 5300 10910 5184
f 5184 10910 10794
f 5184 10794 5097
f 5097 10794 10707
f 5097 10707 4977
f 4977 10707 10587
f 4977 10587 4748
f 4748 10587 10358
f 4748 10358 4116
f 4116 10358 9726
f 4116 9726 3845
f 3845 9726 9455
f 3845 9455 747
f 747 9455 6356
f 747 6356 748
f 748 6356 6358
f 748 6358 746
f 746 6358 6357
f 746 6357 750
f 750 6357 6360
f 750 6360 749
f 749 6360 6359
f 749 6359 752
f 752 6359 6362
f 752 6362 751
f 751 6362 6361
f 751 6361 754
f 754 6361 6364
f 754 6364 753
f 753 6364 6363
f 753 6363 756
f 756 6363 6366
f 756 6366 755
f 755 6366 6365
f 755 6365 758
f 758 6365 6368
f 758 6368 757
f 757 6368 6367
f 757 6367 760
f 760 6367 6370
f 760 6370 759
f 759 6370 6369
f 759 6369 762
f 762 6369 6372
f 762 6372 761
f 761 6372 6371
f 761 6371 764
f 764 6371 6374
f 764 6374 763
f 763 6374 6373
f 763 6373 766
f 766 6373 6376
f 766 6376 765
f 765 6376 6375
f 765 6375 5251
f 5251 6375 10861
f 5251 10861 4749
f 4749 10861 10359
f 4749 10359 4117
f 4117 10359 9727
f 4117 9727 768
f 768 9727 6377
f 768 6377 769
f 769 6377 6379
f 769 6379 767
f 767 6379 6378
f 767 6378 771
f 771 6378 6381
f 771 6381 770
f 770 6381 6380
f 770 6380 773
f 773 6380 6383
f 773 6383 772
f 772 6383 6382
f 772 6382 3562
f 3562 6382 9172
f 3562 9172 4425
f 4425 9172 10035
f 4425 10035 4978
f 4978 10035 10588
f 4978 10588 5421
f 5421 10588 11031
f 5421 11031 5448
f 5448 11031 11058
f 5448 11058 5472
f 5472 11058 11082
f 5472 11082 5499
f 5499 11082 11109
f 5499 11109 5511
f 5511 11109 11121
f 5511 11121 5521
f 5521 11121 11131
f 5521 11131 5528
f 5528 11131 11138
f 5528 11138 5185
f 5185 11138 10795
f 5185 10795 4118
f 4118 10795 9728
f 4118 9728 775
f 775 9728 6384
f 775 6384 776
f 776 6384 6386
f 776 6386 774
f 774 6386 6385
f 774 6385 778
f 778 6385 6388
f 778 6388 777
f 777 6388 6387
f 777 6387 780
f 780 6387 6390
f 780 6390 779
f 779 6390 6389
f 779 6389 3563
f 3563 6389 9173
f 3563 9173 4426
f 4426 9173 10036
f 4426 10036 4427
f 4427 10036 10037
f 4427 10037 4119
f 4119 10037 9729
f 4119 9729 3564
f 3564 9729 9174
f 3564 9174 782
f 782 9174 6391
f 782 6391 783
f 783 6391 6393
f 783 6393 781
f 781 6393 6392
f 781 6392 785
f 785 6392 6395
f 785 6395 784
f 784 6395 6394
f 784 6394 787
f 787 6394 6397
f 787 6397 786
f 786 6397 6396
f 786 6396 789
f 789 6396 6399
f 789 6399 788
f 788 6399 6398
f 788 6398 791
f 791 6398 6401
f 791 6401 790
f 790 6401 6400
f 790 6400 793
f 793 6400 6403
f 793 6403 792
f 792 6403 6402
f 792 6402 3565
f 3565 6402 9175
f 3565 9175 4750
f 4750 9175 10360
f 4750 10360 4428
f 4428 10360 10038
f 4428 10038 3846
f 3846 10038 9456
f 3846 9456 795
f 795 9456 6404
f 795 6404 796
f 796 6404 6406
f 796 6406 794
f 794 6406 6405
f 794 6405 798
f 798 6405 6408
f 798 6408 797
f 797 6408 6407
f 797 6407 800
f 800 6407 6410
f 800 6410 799
f 799 6410 6409
f 799 6409 802
f 802 6409 6412
f 802 6412 801
f 801 6412 6411
f 801 6411 3847
f 3847 6411 9457
f 3847 9457 4979
f 4979 9457 10589
f 4979 10589 4120
f 4120 10589 9730
f 4120 9730 3566
f 3566 9730 9176
f 3566 9176 804
f 804 9176 6413
f 804 6413 805
f 805 6413 6415
f 805 6415 803
f 803 6415 6414
f 803 6414 807
f 807 6414 6417
f 807 6417 806
f 806 6417 6416
f 806 6416 809
f 809 6416 6419
f 809 6419 808
f 808 6419 6418
f 808 6418 4429
f 4429 6418 10039
f 4429 10039 4751
f 4751 10039 10361
f 4751 10361 4980
f 4980 10361 10590
f 4980 10590 4121
f 4121 10590 9731
f 4121 9731 811
f 811 9731 6420
f 811 6420 812
f 812 6420 6422
f 812 6422 810
f 810 6422 6421
f 810 6421 814
f 814 6421 6424
f 814 6424 813
f 813 6424 6423
f 813 6423 816
f 816 6423 6426
f 816 6426 815
f 815 6426 6425
f 815 6425 818
f 818 6425 6428
f 818 6428 817
f 817 6428 6427
f 817 6427 4430
f 4430 6427 10040
f 4430 10040 4752
f 4752 10040 10362
f 4752 10362 5301
f 5301 10362 10911
f 5301 10911 820
f 820 10911 6429
f 820 6429 821
f 821 6429 6431
f 821 6431 819
f 819 6431 6430
f 819 6430 823
f 823 6430 6433
f 823 6433 822
f 822 6433 6432
f 822 6432 825
f 825 6432 6435
f 825 6435 824
f 824 6435 6434
f 824 6434 3567
f 3567 6434 9177
f 3567 9177 5186
f 5186 9177 10796
f 5186 10796 4981
f 4981 10796 10591
f 4981 10591 4431
f 4431 10591 10041
f 4431 10041 4122
f 4122 10041 9732
f 4122 9732 3568
f 3568 9732 9178
f 3568 9178 827
f 827 9178 6436
f 827 6436 828
f 828 6436 6438
f 828 6438 826
f 826 6438 6437
f 826 6437 830
f 830 6437 6440
f 830 6440 829
f 829 6440 6439
f 829 6439 832
f 832 6439 6442
f 832 6442 831
f 831 6442 6441
f 831 6441 4753
f 4753 6441 10363
f 4753 10363 5098
f 5098 10363 10708
f 5098 10708 5252
f 5252 10708 10862
f 5252 10862 4123
f 4123 10862 9733
f 4123 9733 834
f 834 9733 6443
f 834 6443 835
f 835 6443 6445
f 835 6445 833
f 833 6445 6444
f 833 6444 837
f 837 6444 6447
f 837 6447 836
f 836 6447 6446
f 836 6446 839
f 839 6446 6449
f 839 6449 838
f 838 6449 6448
f 838 6448 3569
f 3569 6448 9179
f 3569 9179 4432
f 4432 9179 10042
f 4432 10042 5422
f 5422 10042 11032
f 5422 11032 5187
f 5187 11032 10797
f 5187 10797 4433
f 4433 10797 10043
f 4433 10043 3570
f 3570 10043 9180
f 3570 9180 841
f 841 9180 6450
f 841 6450 842
f 842 6450 6452
f 842 6452 840
f 840 6452 6451
f 840 6451 844
f 844 6451 6454
f 844 6454 843
f 843 6454 6453
f 843 6453 846
f 846 6453 6456
f 846 6456 845
f 845 6456 6455
f 845 6455 4124
f 4124 6455 9734
f 4124 9734 4754
f 4754 9734 10364
f 4754 10364 4434
f 4434 10364 10044
f 4434 10044 4125
f 4125 10044 9735
f 4125 9735 848
f 848 9735 6457
f 848 6457 849
f 849 6457 6459
f 849 6459 847
f 847 6459 6458
f 847 6458 851
f 851 6458 6461
f 851 6461 850
f 850 6461 6460
f 850 6460 853
f 853 6460 6463
f 853 6463 852
f 852 6463 6462
f 852 6462 855
f 855 6462 6465
f 855 6465 854
f 854 6465 6464
f 854 6464 4755
f 4755 6464 10365
f 4755 10365 5253
f 5253 10365 10863
f 5253 10863 5343
f 5343 10863 10953
f 5343 10953 3848
f 3848 10953 9458
f 3848 9458 857
f 857 9458 6466
f 857 6466 858
f 858 6466 6468
f 858 6468 856
f 856 6468 6467
f 856 6467 860
f 860 6467 6470
f 860 6470 859
f 859 6470 6469
f 859 6469 862
f 862 6469 6472
f 862 6472 861
f 861 6472 6471
f 861 6471 5099
f 5099 6471 10709
f 5099 10709 4982
f 4982 10709 10592
f 4982 10592 4435
f 4435 10592 10045
f 4435 10045 4126
f 4126 10045 9736
f 4126 9736 3571
f 3571 9736 9181
f 3571 9181 864
f 864 9181 6473
f 864 6473 865
f 865 6473 6475
f 865 6475 863
f 863 6475 6474
f 863 6474 867
f 867 6474 6477
f 867 6477 866
f 866 6477 6476
f 866 6476 869
f 869 6476 6479
f 869 6479 868
f 868 6479 6478
f 868 6478 4756
f 4756 6478 10366
f 4756 10366 4757
f 4757 10366 10367
f 4757 10367 4127
f 4127 10367 9737
f 4127 9737 3849
f 3849 9737 9459
f 3849 9459 871
f 871 9459 6480
f 871 6480 872
f 872 6480 6482
f 872 6482 870
f 870 6482 6481
f 870 6481 874
f 874 6481 6484
f 874 6484 873
f 873 6484 6483
f 873 6483 876
f 876 6483 6486
f 876 6486 875
f 875 6486 6485
f 875 6485 878
f 878 6485 6488
f 878 6488 877
f 877 6488 6487
f 877 6487 880
f 880 6487 6490
f 880 6490 879
f 879 6490 6489
f 879 6489 882
f 882 6489 6492
f 882 6492 881
f 881 6492 6491
f 881 6491 884
f 884 6491 6494
f 884 6494 883
f 883 6494 6493
f 883 6493 886
f 886 6493 6496
f 886 6496 885
f 885 6496 6495
f 885 6495 888
f 888 6495 6498
f 888 6498 887
f 887 6498 6497
f 887 6497 890
f 890 6497 6500
f 890 6500 889
f 889 6500 6499
f 889 6499 3572
f 3572 6499 9182
f 3572 9182 4128
f 4128 9182 9738
f 4128 9738 4436
f 4436 9738 10046
f 4436 10046 4437
f 4437 10046 10047
f 4437 10047 4129
f 4129 10047 9739
f 4129 9739 892
f 892 9739 6501
f 892 6501 893
f 893 6501 6503
f 893 6503 891
f 891 6503 6502
f 891 6502 895
f 895 6502 6505
f 895 6505 894
f 894 6505 6504
f 894 6504 897
f 897 6504 6507
f 897 6507 896
f 896 6507 6506
f 896 6506 899
f 899 6506 6509
f 899 6509 898
f 898 6509 6508
f 898 6508 4758
f 4758 6508 10368
f 4758 10368 4438
f 4438 10368 10048
f 4438 10048 3850
f 3850 10048 9460
f 3850 9460 901
f 901 9460 6510
f 901 6510 902
f 902 6510 6512
f 902 6512 900
f 900 6512 6511
f 900 6511 904
f 904 6511 6514
f 904 6514 903
f 903 6514 6513
f 903 6513 906
f 906 6513 6516
f 906 6516 905
f 905 6516 6515
f 905 6515 908
f 908 6515 6518
f 908 6518 907
f 907 6518 6517
f 907 6517 910
f 910 6517 6520
f 910 6520 909
f 909 6520 6519
f 909 6519 912
f 912 6519 6522
f 912 6522 911
f 911 6522 6521
f 911 6521 914
f 914 6521 6524
f 914 6524 913
f 913 6524 6523
f 913 6523 916
f 916 6523 6526
f 916 6526 915
f 915 6526 6525
f 915 6525 918
f 918 6525 6528
f 918 6528 917
f 917 6528 6527
f 917 6527 3573
f 3573 6527 9183
f 3573 9183 4130
f 4130 9183 9740
f 4130 9740 5100
f 5100 9740 10710
f 5100 10710 5188
f 5188 10710 10798
f 5188 10798 5254
f 5254 10798 10864
f 5254 10864 5302
f 5302 10864 10912
f 5302 10912 5370
f 5370 10912 10980
f 5370 10980 5344
f 5344 10980 10954
f 5344 10954 5255
f 5255 10954 10865
f 5255 10865 5189
f 5189 10865 10799
f 5189 10799 4131
f 4131 10799 9741
f 4131 9741 920
f 920 9741 6529
f 920 6529 921
f 921 6529 6531
f 921 6531 919
f 919 6531 6530
f 919 6530 923
f 923 6530 6533
f 923 6533 922
f 922 6533 6532
f 922 6532 925
f 925 6532 6535
f 925 6535 924
f 924 6535 6534
f 924 6534 927
f 927 6534 6537
f 927 6537 926
f 926 6537 6536
f 926 6536 4439
f 4439 6536 10049
f 4439 10049 4759
f 4759 10049 10369
f 4759 10369 4440
f 4440 10369 10050
f 4440 10050 3851
f 3851 10050 9461
f 3851 9461 929
f 929 9461 6538
f 929 6538 930
f 930 6538 6540
f 930 6540 928
f 928 6540 6539
f 928 6539 932
f 932 6539 6542
f 932 6542 931
f 931 6542 6541
f 931 6541 934
f 934 6541 6544
f 934 6544 933
f 933 6544 6543
f 933 6543 3574
f 3574 6543 9184
f 3574 9184 936
f 936 9184 6545
f 936 6545 937
f 937 6545 6547
f 937 6547 935
f 935 6547 6546
f 935 6546 939
f 939 6546 6549
f 939 6549 938
f 938 6549 6548
f 938 6548 941
f 941 6548 6551
f 941 6551 940
f 940 6551 6550
f 940 6550 943
f 943 6550 6553
f 943 6553 942
f 942 6553 6552
f 942 6552 945
f 945 6552 6555
f 945 6555 944
f 944 6555 6554
f 944 6554 4132
f 4132 6554 9742
f 4132 9742 4441
f 4441 9742 10051
f 4441 10051 4983
f 4983 10051 10593
f 4983 10593 4442
f 4442 10593 10052
f 4442 10052 4133
f 4133 10052 9743
f 4133 9743 947
f 947 9743 6556
f 947 6556 948
f 948 6556 6558
f 948 6558 946
f 946 6558 6557
f 946 6557 950
f 950 6557 6560
f 950 6560 949
f 949 6560 6559
f 949 6559 952
f 952 6559 6562
f 952 6562 951
f 951 6562 6561
f 951 6561 954
f 954 6561 6564
f 954 6564 953
f 953 6564 6563
f 953 6563 4760
f 4760 6563 10370
f 4760 10370 5101
f 5101 10370 10711
f 5101 10711 5190
f 5190 10711 10800
f 5190 10800 5256
f 5256 10800 10866
f 5256 10866 5449
f 5449 10866 11059
f 5449 11059 5423
f 5423 11059 11033
f 5423 11033 5398
f 5398 11033 11008
f 5398 11008 5371
f 5371 11008 10981
f 5371 10981 5303
f 5303 10981 10913
f 5303 10913 4134
f 4134 10913 9744
f 4134 9744 3575
f 3575 9744 9185
f 3575 9185 956
f 956 9185 6565
f 956 6565 957
f 957 6565 6567
f 957 6567 955
f 955 6567 6566
f 955 6566 959
f 959 6566 6569
f 959 6569 958
f 958 6569 6568
f 958 6568 961
f 961 6568 6571
f 961 6571 960
f 960 6571 6570
f 960 6570 4443
f 4443 6570 10053
f 4443 10053 4761
f 4761 10053 10371
f 4761 10371 4984
f 4984 10371 10594
f 4984 10594 4135
f 4135 10594 9745
f 4135 9745 963
f 963 9745 6572
f 963 6572 964
f 964 6572 6574
f 964 6574 962
f 962 6574 6573
f 962 6573 966
f 966 6573 6576
f 966 6576 965
f 965 6576 6575
f 965 6575 968
f 968 6575 6578
f 968 6578 967
f 967 6578 6577
f 967 6577 3576
f 3576 6577 9186
f 3576 9186 4444
f 4444 9186 10054
f 4444 10054 4762
f 4762 10054 10372
f 4762 10372 4445
f 4445 10372 10055
f 4445 10055 3852
f 3852 10055 9462
f 3852 9462 970
f 970 9462 6579
f 970 6579 971
f 971 6579 6581
f 971 6581 969
f 969 6581 6580
f 969 6580 973
f 973 6580 6583
f 973 6583 972
f 972 6583 6582
f 972 6582 975
f 975 6582 6585
f 975 6585 974
f 974 6585 6584
f 974 6584 977
f 977 6584 6587
f 977 6587 976
f 976 6587 6586
f 976 6586 979
f 979 6586 6589
f 979 6589 978
f 978 6589 6588
f 978 6588 981
f 981 6588 6591
f 981 6591 980
f 980 6591 6590
f 980 6590 983
f 983 6590 6593
f 983 6593 982
f 982 6593 6592
f 982 6592 985
f 985 6592 6595
f 985 6595 984
f 984 6595 6594
f 984 6594 987
f 987 6594 6597
f 987 6597 986
f 986 6597 6596
f 986 6596 989
f 989 6596 6599
f 989 6599 988
f 988 6599 6598
f 988 6598 4136
f 4136 6598 9746
f 4136 9746 4137
f 4137 9746 9747
f 4137 9747 3853
f 3853 9747 9463
f 3853 9463 991
f 991 9463 6600
f 991 6600 992
f 992 6600 6602
f 992 6602 990
f 990 6602 6601
f 990 6601 994
f 994 6601 6604
f 994 6604 993
f 993 6604 6603
f 993 6603 996
f 996 6603 6606
f 996 6606 995
f 995 6606 6605
f 995 6605 998
f 998 6605 6608
f 998 6608 997
f 997 6608 6607
f 997 6607 4985
f 4985 6607 10595
f 4985 10595 4446
f 4446 10595 10056
f 4446 10056 4138
f 4138 10056 9748
f 4138 9748 3577
f 3577 9748 9187
f 3577 9187 1000
f 1000 9187 6609
f 1000 6609 1001
f 1001 6609 6611
f 1001 6611 999
f 999 6611 6610
f 999 6610 1003
f 1003 6610 6613
f 1003 6613 1002
f 1002 6613 6612
f 1002 6612 1005
f 1005 6612 6615
f 1005 6615 1004
f 1004 6615 6614
f 1004 6614 4763
f 4763 6614 10373
f 4763 10373 5191
f 5191 10373 10801
f 5191 10801 4139
f 4139 10801 9749
f 4139 9749 3854
f 3854 9749 9464
f 3854 9464 1007
f 1007 9464 6616
f 1007 6616 1008
f 1008 6616 6618
f 1008 6618 1006
f 1006 6618 6617
f 1006 6617 1010
f 1010 6617 6620
f 1010 6620 1009
f 1009 6620 6619
f 1009 6619 1012
f 1012 6619 6622
f 1012 6622 1011
f 1011 6622 6621
f 1011 6621 1014
f 1014 6621 6624
f 1014 6624 1013
f 1013 6624 6623
f 1013 6623 4764
f 4764 6623 10374
f 4764 10374 4447
f 4447 10374 10057
f 4447 10057 4140
f 4140 10057 9750
f 4140 9750 1016
f 1016 9750 6625
f 1016 6625 1017
f 1017 6625 6627
f 1017 6627 1015
f 1015 6627 6626
f 1015 6626 1019
f 1019 6626 6629
f 1019 6629 1018
f 1018 6629 6628
f 1018 6628 1021
f 1021 6628 6631
f 1021 6631 1020
f 1020 6631 6630
f 1020 6630 1023
f 1023 6630 6633
f 1023 6633 1022
f 1022 6633 6632
f 1022 6632 4765
f 4765 6632 10375
f 4765 10375 4448
f 4448 10375 10058
f 4448 10058 4141
f 4141 10058 9751
f 4141 9751 3578
f 3578 9751 9188
f 3578 9188 1025
f 1025 9188 6634
f 1025 6634 1026
f 1026 6634 6636
f 1026 6636 1024
f 1024 6636 6635
f 1024 6635 1028
f 1028 6635 6638
f 1028 6638 1027
f 1027 6638 6637
f 1027 6637 1030
f 1030 6637 6640
f 1030 6640 1029
f 1029 6640 6639
f 1029 6639 4766
f 4766 6639 10376
f 4766 10376 4986
f 4986 10376 10596
f 4986 10596 5102
f 5102 10596 10712
f 5102 10712 4449
f 4449 10712 10059
f 4449 10059 3579
f 3579 10059 9189
f 3579 9189 1032
f 1032 9189 6641
f 1032 6641 1033
f 1033 6641 6643
f 1033 6643 1031
f 1031 6643 6642
f 1031 6642 1035
f 1035 6642 6645
f 1035 6645 1034
f 1034 6645 6644
f 1034 6644 1037
f 1037 6644 6647
f 1037 6647 1036
f 1036 6647 6646
f 1036 6646 4142
f 4142 6646 9752
f 4142 9752 3580
f 3580 9752 9190
f 3580 9190 1039
f 1039 9190 6648
f 1039 6648 1040
f 1040 6648 6650
f 1040 6650 1038
f 1038 6650 6649
f 1038 6649 1042
f 1042 6649 6652
f 1042 6652 1041
f 1041 6652 6651
f 1041 6651 1044
f 1044 6651 6654
f 1044 6654 1043
f 1043 6654 6653
f 1043 6653 4143
f 4143 6653 9753
f 4143 9753 5103
f 5103 9753 10713
f 5103 10713 4450
f 4450 10713 10060
f 4450 10060 4144
f 4144 10060 9754
f 4144 9754 1046
f 1046 9754 6655
f 1046 6655 1047
f 1047 6655 6657
f 1047 6657 1045
f 1045 6657 6656
f 1045 6656 1049
f 1049 6656 6659
f 1049 6659 1048
f 1048 6659 6658
f 1048 6658 1051
f 1051 6658 6661
f 1051 6661 1050
f 1050 6661 6660
f 1050 6660 3581
f 3581 6660 9191
f 3581 9191 4767
f 4767 9191 10377
f 4767 10377 4987
f 4987 10377 10597
f 4987 10597 5192
f 5192 10597 10802
f 5192 10802 4145
f 4145 10802 9755
f 4145 9755 1053
f 1053 9755 6662
f 1053 6662 1054
f 1054 6662 6664
f 1054 6664 1052
f 1052 6664 6663
f 1052 6663 1056
f 1056 6663 6666
f 1056 6666 1055
f 1055 6666 6665
f 1055 6665 1058
f 1058 6665 6668
f 1058 6668 1057
f 1057 6668 6667
f 1057 6667 3582
f 3582 6667 9192
f 3582 9192 4451
f 4451 9192 10061
f 4451 10061 4768
f 4768 10061 10378
f 4768 10378 4452
f 4452 10378 10062
f 4452 10062 4146
f 4146 10062 9756
f 4146 9756 3583
f 3583 9756 9193
f 3583 9193 1060
f 1060 9193 6669
f 1060 6669 1061
f 1061 6669 6671
f 1061 6671 1059
f 1059 6671 6670
f 1059 6670 1063
f 1063 6670 6673
f 1063 6673 1062
f 1062 6673 6672
f 1062 6672 1065
f 1065 6672 6675
f 1065 6675 1064
f 1064 6675 6674
f 1064 6674 4769
f 4769 6674 10379
f 4769 10379 4988
f 4988 10379 10598
f 4988 10598 5193
f 5193 10598 10803
f 5193 10803 4770
f 4770 10803 10380
f 4770 10380 3855
f 3855 10380 9465
f 3855 9465 1067
f 1067 9465 6676
f 1067 6676 1068
f 1068 6676 6678
f 1068 6678 1066
f 1066 6678 6677
f 1066 6677 1070
f 1070 6677 6680
f 1070 6680 1069
f 1069 6680 6679
f 1069 6679 1072
f 1072 6679 6682
f 1072 6682 1071
f 1071 6682 6681
f 1071 6681 4453
f 4453 6681 10063
f 4453 10063 4454
f 4454 10063 10064
f 4454 10064 4147
f 4147 10064 9757
f 4147 9757 3856
f 3856 9757 9466
f 3856 9466 1074
f 1074 9466 6683
f 1074 6683 1075
f 1075 6683 6685
f 1075 6685 1073
f 1073 6685 6684
f 1073 6684 1077
f 1077 6684 6687
f 1077 6687 1076
f 1076 6687 6686
f 1076 6686 1079
f 1079 6686 6689
f 1079 6689 1078
f 1078 6689 6688
f 1078 6688 1081
f 1081 6688 6691
f 1081 6691 1080
f 1080 6691 6690
f 1080 6690 3857
f 3857 6690 9467
f 3857 9467 4148
f 4148 9467 9758
f 4148 9758 4989
f 4989 9758 10599
f 4989 10599 3858
f 3858 10599 9468
f 3858 9468 1083
f 1083 9468 6692
f 1083 6692 1084
f 1084 6692 6694
f 1084 6694 1082
f 1082 6694 6693
f 1082 6693 1086
f 1086 6693 6696
f 1086 6696 1085
f 1085 6696 6695
f 1085 6695 1088
f 1088 6695 6698
f 1088 6698 1087
f 1087 6698 6697
f 1087 6697 3584
f 3584 6697 9194
f 3584 9194 4455
f 4455 9194 10065
f 4455 10065 4149
f 4149 10065 9759
f 4149 9759 3585
f 3585 9759 9195
f 3585 9195 1090
f 1090 9195 6699
f 1090 6699 1091
f 1091 6699 6701
f 1091 6701 1089
f 1089 6701 6700
f 1089 6700 1093
f 1093 6700 6703
f 1093 6703 1092
f 1092 6703 6702
f 1092 6702 1095
f 1095 6702 6705
f 1095 6705 1094
f 1094 6705 6704
f 1094 6704 1097
f 1097 6704 6707
f 1097 6707 1096
f 1096 6707 6706
f 1096 6706 1099
f 1099 6706 6709
f 1099 6709 1098
f 1098 6709 6708
f 1098 6708 1101
f 1101 6708 6711
f 1101 6711 1100
f 1100 6711 6710
f 1100 6710 3586
f 3586 6710 9196
f 3586 9196 4150
f 4150 9196 9760
f 4150 9760 5194
f 5194 9760 10804
f 5194 10804 5257
f 5257 10804 10867
f 5257 10867 5424
f 5424 10867 11034
f 5424 11034 3587
f 3587 11034 9197
f 3587 9197 1103
f 1103 9197 6712
f 1103 6712 1104
f 1104 6712 6714
f 1104 6714 1102
f 1102 6714 6713
f 1102 6713 1106
f 1106 6713 6716
f 1106 6716 1105
f 1105 6716 6715
f 1105 6715 1108
f 1108 6715 6718
f 1108 6718 1107
f 1107 6718 6717
f 1107 6717 4151
f 4151 6717 9761
f 4151 9761 4456
f 4456 9761 10066
f 4456 10066 4457
f 4457 10066 10067
f 4457 10067 3859
f 3859 10067 9469
f 3859 9469 1110
f 1110 9469 6719
f 1110 6719 1111
f 1111 6719 6721
f 1111 6721 1109
f 1109 6721 6720
f 1109 6720 1113
f 1113 6720 6723
f 1113 6723 1112
f 1112 6723 6722
f 1112 6722 1115
f 1115 6722 6725
f 1115 6725 1114
f 1114 6725 6724
f 1114 6724 3588
f 3588 6724 9198
f 3588 9198 3860
f 3860 9198 9470
f 3860 9470 4771
f 4771 9470 10381
f 4771 10381 4990
f 4990 10381 10600
f 4990 10600 4458
f 4458 10600 10068
f 4458 10068 3861
f 3861 10068 9471
f 3861 9471 1117
f 1117 9471 6726
f 1117 6726 1118
f 1118 6726 6728
f 1118 6728 1116
f 1116 6728 6727
f 1116 6727 1120
f 1120 6727 6730
f 1120 6730 1119
f 1119 6730 6729
f 1119 6729 1122
f 1122 6729 6732
f 1122 6732 1121
f 1121 6732 6731
f 1121 6731 3589
f 3589 6731 9199
f 3589 9199 4772
f 4772 9199 10382
f 4772 10382 4773
f 4773 10382 10383
f 4773 10383 4152
f 4152 10383 9762
f 4152 9762 3862
f 3862 9762 9472
f 3862 9472 1124
f 1124 9472 6733
f 1124 6733 1125
f 1125 6733 6735
f 1125 6735 1123
f 1123 6735 6734
f 1123 6734 1127
f 1127 6734 6737
f 1127 6737 1126
f 1126 6737 6736
f 1126 6736 1129
f 1129 6736 6739
f 1129 6739 1128
f 1128 6739 6738
f 1128 6738 3590
f 3590 6738 9200
f 3590 9200 4991
f 4991 9200 10601
f 4991 10601 4459
f 4459 10601 10069
f 4459 10069 3863
f 3863 10069 9473
f 3863 9473 1131
f 1131 9473 6740
f 1131 6740 1132
f 1132 6740 6742
f 1132 6742 1130
f 1130 6742 6741
f 1130 6741 1134
f 1134 6741 6744
f 1134 6744 1133
f 1133 6744 6743
f 1133 6743 1136
f 1136 6743 6746
f 1136 6746 1135
f 1135 6746 6745
f 1135 6745 3591
f 3591 6745 9201
f 3591 9201 3864
f 3864 9201 9474
f 3864 9474 4774
f 4774 9474 10384
f 4774 10384 4460
f 4460 10384 10070
f 4460 10070 3865
f 3865 10070 9475
f 3865 9475 1138
f 1138 9475 6747
f 1138 6747 1139
f 1139 6747 6749
f 1139 6749 1137
f 1137 6749 6748
f 1137 6748 1141
f 1141 6748 6751
f 1141 6751 1140
f 1140 6751 6750
f 1140 6750 1143
f 1143 6750 6753
f 1143 6753 1142
f 1142 6753 6752
f 1142 6752 3592
f 3592 6752 9202
f 3592 9202 3866
f 3866 9202 9476
f 3866 9476 4775
f 4775 9476 10385
f 4775 10385 5540
f 5540 10385 11150
f 5540 11150 5601
f 5601 11150 11211
f 5601 11211 3593
f 3593 11211 9203
f 3593 9203 1145
f 1145 9203 6754
f 1145 6754 1146
f 1146 6754 6756
f 1146 6756 1144
f 1144 6756 6755
f 1144 6755 1148
f 1148 6755 6758
f 1148 6758 1147
f 1147 6758 6757
f 1147 6757 1150
f 1150 6757 6760
f 1150 6760 1149
f 1149 6760 6759
f 1149 6759 4153
f 4153 6759 9763
f 4153 9763 4461
f 4461 9763 10071
f 4461 10071 4776
f 4776 10071 10386
f 4776 10386 4154
f 4154 10386 9764
f 4154 9764 3594
f 3594 9764 9204
f 3594 9204 1152
f 1152 9204 6761
f 1152 6761 1153
f 1153 6761 6763
f 1153 6763 1151
f 1151 6763 6762
f 1151 6762 1155
f 1155 6762 6765
f 1155 6765 1154
f 1154 6765 6764
f 1154 6764 1157
f 1157 6764 6767
f 1157 6767 1156
f 1156 6767 6766
f 1156 6766 4462
f 4462 6766 10072
f 4462 10072 4777
f 4777 10072 10387
f 4777 10387 5599
f 5599 10387 11209
f 5599 11209 4155
f 4155 11209 9765
f 4155 9765 3595
f 3595 9765 9205
f 3595 9205 1159
f 1159 9205 6768
f 1159 6768 1160
f 1160 6768 6770
f 1160 6770 1158
f 1158 6770 6769
f 1158 6769 1162
f 1162 6769 6772
f 1162 6772 1161
f 1161 6772 6771
f 1161 6771 1164
f 1164 6771 6774
f 1164 6774 1163
f 1163 6774 6773
f 1163 6773 4463
f 4463 6773 10073
f 4463 10073 4778
f 4778 10073 10388
f 4778 10388 4779
f 4779 10388 10389
f 4779 10389 4156
f 4156 10389 9766
f 4156 9766 3596
f 3596 9766 9206
f 3596 9206 1166
f 1166 9206 6775
f 1166 6775 1167
f 1167 6775 6777
f 1167 6777 1165
f 1165 6777 6776
f 1165 6776 1169
f 1169 6776 6779
f 1169 6779 1168
f 1168 6779 6778
f 1168 6778 1171
f 1171 6778 6781
f 1171 6781 1170
f 1170 6781 6780
f 1170 6780 4464
f 4464 6780 10074
f 4464 10074 4992
f 4992 10074 10602
f 4992 10602 5104
f 5104 10602 10714
f 5104 10714 5195
f 5195 10714 10805
f 5195 10805 5598
f 5598 10805 11208
f 5598 11208 5586
f 5586 11208 11196
f 5586 11196 4993
f 4993 11196 10603
f 4993 10603 4465
f 4465 10603 10075
f 4465 10075 4157
f 4157 10075 9767
f 4157 9767 3597
f 3597 9767 9207
f 3597 9207 1173
f 1173 9207 6782
f 1173 6782 1174
f 1174 6782 6784
f 1174 6784 1172
f 1172 6784 6783
f 1172 6783 1176
f 1176 6783 6786
f 1176 6786 1175
f 1175 6786 6785
f 1175 6785 1178
f 1178 6785 6788
f 1178 6788 1177
f 1177 6788 6787
f 1177 6787 4780
f 4780 6787 10390
f 4780 10390 5105
f 5105 10390 10715
f 5105 10715 5196
f 5196 10715 10806
f 5196 10806 5258
f 5258 10806 10868
f 5258 10868 5563
f 5563 10868 11173
f 5563 11173 5561
f 5561 11173 11171
f 5561 11171 5558
f 5558 11171 11168
f 5558 11168 5541
f 5541 11168 11151
f 5541 11151 4994
f 4994 11151 10604
f 4994 10604 4466
f 4466 10604 10076
f 4466 10076 4158
f 4158 10076 9768
f 4158 9768 1180
f 1180 9768 6789
f 1180 6789 1181
f 1181 6789 6791
f 1181 6791 1179
f 1179 6791 6790
f 1179 6790 1183
f 1183 6790 6793
f 1183 6793 1182
f 1182 6793 6792
f 1182 6792 1185
f 1185 6792 6795
f 1185 6795 1184
f 1184 6795 6794
f 1184 6794 1187
f 1187 6794 6797
f 1187 6797 1186
f 1186 6797 6796
f 1186 6796 1189
f 1189 6796 6799
f 1189 6799 1188
f 1188 6799 6798
f 1188 6798 1191
f 1191 6798 6801
f 1191 6801 1190
f 1190 6801 6800
f 1190 6800 3867
f 3867 6800 9477
f 3867 9477 5106
f 5106 9477 10716
f 5106 10716 5197
f 5197 10716 10807
f 5197 10807 5259
f 5259 10807 10869
f 5259 10869 5304
f 5304 10869 10914
f 5304 10914 3868
f 3868 10914 9478
f 3868 9478 1193
f 1193 9478 6802
f 1193 6802 1194
f 1194 6802 6804
f 1194 6804 1192
f 1192 6804 6803
f 1192 6803 1196
f 1196 6803 6806
f 1196 6806 1195
f 1195 6806 6805
f 1195 6805 1198
f 1198 6805 6808
f 1198 6808 1197
f 1197 6808 6807
f 1197 6807 1200
f 1200 6807 6809
f 1200 6809 1201
f 1201 6809 6811
f 1201 6811 1199
f 1199 6811 6810
f 1199 6810 1203
f 1203 6810 6813
f 1203 6813 1202
f 1202 6813 6812
f 1202 6812 1205
f 1205 6812 6815
f 1205 6815 1204
f 1204 6815 6814
f 1204 6814 3598
f 3598 6814 9208
f 3598 9208 4159
f 4159 9208 9769
f 4159 9769 4467
f 4467 9769 10077
f 4467 10077 4781
f 4781 10077 10391
f 4781 10391 4995
f 4995 10391 10605
f 4995 10605 5107
f 5107 10605 10717
f 5107 10717 5198
f 5198 10717 10808
f 5198 10808 5512
f 5512 10808 11122
f 5512 11122 5487
f 5487 11122 11097
f 5487 11097 5450
f 5450 11097 11060
f 5450 11060 4782
f 4782 11060 10392
f 4782 10392 3869
f 3869 10392 9479
f 3869 9479 1207
f 1207 9479 6816
f 1207 6816 1208
f 1208 6816 6818
f 1208 6818 1206
f 1206 6818 6817
f 1206 6817 1210
f 1210 6817 6820
f 1210 6820 1209
f 1209 6820 6819
f 1209 6819 1212
f 1212 6819 6822
f 1212 6822 1211
f 1211 6822 6821
f 1211 6821 3599
f 3599 6821 9209
f 3599 9209 4468
f 4468 9209 10078
f 4468 10078 5305
f 5305 10078 10915
f 5305 10915 5260
f 5260 10915 10870
f 5260 10870 5199
f 5199 10870 10809
f 5199 10809 5108
f 5108 10809 10718
f 5108 10718 4996
f 4996 10718 10606
f 4996 10606 4469
f 4469 10606 10079
f 4469 10079 4160
f 4160 10079 9770
f 4160 9770 3600
f 3600 9770 9210
f 3600 9210 1214
f 1214 9210 6823
f 1214 6823 1215
f 1215 6823 6825
f 1215 6825 1213
f 1213 6825 6824
f 1213 6824 1217
f 1217 6824 6827
f 1217 6827 1216
f 1216 6827 6826
f 1216 6826 1219
f 1219 6826 6829
f 1219 6829 1218
f 1218 6829 6828
f 1218 6828 1221
f 1221 6828 6831
f 1221 6831 1220
f 1220 6831 6830
f 1220 6830 1223
f 1223 6830 6833
f 1223 6833 1222
f 1222 6833 6832
f 1222 6832 1225
f 1225 6832 6835
f 1225 6835 1224
f 1224 6835 6834
f 1224 6834 1227
f 1227 6834 6837
f 1227 6837 1226
f 1226 6837 6836
f 1226 6836 1229
f 1229 6836 6839
f 1229 6839 1228
f 1228 6839 6838
f 1228 6838 1231
f 1231 6838 6841
f 1231 6841 1230
f 1230 6841 6840
f 1230 6840 3870
f 3870 6840 9480
f 3870 9480 4470
f 4470 9480 10080
f 4470 10080 4783
f 4783 10080 10393
f 4783 10393 4471
f 4471 10393 10081
f 4471 10081 3871
f 3871 10081 9481
f 3871 9481 1233
f 1233 9481 6842
f 1233 6842 1234
f 1234 6842 6844
f 1234 6844 1232
f 1232 6844 6843
f 1232 6843 1236
f 1236 6843 6846
f 1236 6846 1235
f 1235 6846 6845
f 1235 6845 1238
f 1238 6845 6848
f 1238 6848 1237
f 1237 6848 6847
f 1237 6847 1240
f 1240 6847 6850
f 1240 6850 1239
f 1239 6850 6849
f 1239 6849 3872
f 3872 6849 9482
f 3872 9482 4997
f 4997 9482 10607
f 4997 10607 5109
f 5109 10607 10719
f 5109 10719 5345
f 5345 10719 10955
f 5345 10955 5110
f 5110 10955 10720
f 5110 10720 4784
f 4784 10720 10394
f 4784 10394 4472
f 4472 10394 10082
f 4472 10082 4161
f 4161 10082 9771
f 4161 9771 3601
f 3601 9771 9211
f 3601 9211 1242
f 1242 9211 6851
f 1242 6851 1243
f 1243 6851 6853
f 1243 6853 1241
f 1241 6853 6852
f 1241 6852 1245
f 1245 6852 6855
f 1245 6855 1244
f 1244 6855 6854
f 1244 6854 1247
f 1247 6854 6857
f 1247 6857 1246
f 1246 6857 6856
f 1246 6856 1249
f 1249 6856 6859
f 1249 6859 1248
f 1248 6859 6858
f 1248 6858 5200
f 5200 6858 10810
f 5200 10810 4785
f 4785 10810 10395
f 4785 10395 4473
f 4473 10395 10083
f 4473 10083 3873
f 3873 10083 9483
f 3873 9483 1251
f 1251 9483 6860
f 1251 6860 1252
f 1252 6860 6862
f 1252 6862 1250
f 1250 6862 6861
f 1250 6861 1254
f 1254 6861 6864
f 1254 6864 1253
f 1253 6864 6863
f 1253 6863 1256
f 1256 6863 6866
f 1256 6866 1255
f 1255 6866 6865
f 1255 6865 3602
f 3602 6865 9212
f 3602 9212 4998
f 4998 9212 10608
f 4998 10608 4474
f 4474 10608 10084
f 4474 10084 3874
f 3874 10084 9484
f 3874 9484 1258
f 1258 9484 6867
f 1258 6867 1259
f 1259 6867 6869
f 1259 6869 1257
f 1257 6869 6868
f 1257 6868 1261
f 1261 6868 6871
f 1261 6871 1260
f 1260 6871 6870
f 1260 6870 1263
f 1263 6870 6873
f 1263 6873 1262
f 1262 6873 6872
f 1262 6872 1265
f 1265 6872 6875
f 1265 6875 1264
f 1264 6875 6874
f 1264 6874 3875
f 3875 6874 9485
f 3875 9485 4475
f 4475 9485 10085
f 4475 10085 3876
f 3876 10085 9486
f 3876 9486 1267
f 1267 9486 6876
f 1267 6876 1268
f 1268 6876 6878
f 1268 6878 1266
f 1266 6878 6877
f 1266 6877 1270
f 1270 6877 6880
f 1270 6880 1269
f 1269 6880 6879
f 1269 6879 1272
f 1272 6879 6882
f 1272 6882 1271
f 1271 6882 6881
f 1271 6881 1274
f 1274 6881 6884
f 1274 6884 1273
f 1273 6884 6883
f 1273 6883 1276
f 1276 6883 6886
f 1276 6886 1275
f 1275 6886 6885
f 1275 6885 1278
f 1278 6885 6888
f 1278 6888 1277
f 1277 6888 6887
f 1277 6887 4786
f 4786 6887 10396
f 4786 10396 4999
f 4999 10396 10609
f 4999 10609 4787
f 4787 10609 10397
f 4787 10397 4476
f 4476 10397 10086
f 4476 10086 3877
f 3877 10086 9487
f 3877 9487 1280
f 1280 9487 6889
f 1280 6889 1281
f 1281 6889 6891
f 1281 6891 1279
f 1279 6891 6890
f 1279 6890 1283
f 1283 6890 6893
f 1283 6893 1282
f 1282 6893 6892
f 1282 6892 1285
f 1285 6892 6895
f 1285 6895 1284
f 1284 6895 6894
f 1284 6894 1287
f 1287 6894 6897
f 1287 6897 1286
f 1286 6897 6896
f 1286 6896 3878
f 3878 6896 9488
f 3878 9488 5201
f 5201 9488 10811
f 5201 10811 5399
f 5399 10811 11009
f 5399 11009 5425
f 5425 11009 11035
f 5425 11035 1289
f 1289 11035 6898
f 1289 6898 1290
f 1290 6898 6900
f 1290 6900 1288
f 1288 6900 6899
f 1288 6899 1292
f 1292 6899 6902
f 1292 6902 1291
f 1291 6902 6901
f 1291 6901 1294
f 1294 6901 6904
f 1294 6904 1293
f 1293 6904 6903
f 1293 6903 4788
f 4788 6903 10398
f 4788 10398 4477
f 4477 10398 10087
f 4477 10087 4162
f 4162 10087 9772
f 4162 9772 3603
f 3603 9772 9213
f 3603 9213 1296
f 1296 9213 6905
f 1296 6905 1297
f 1297 6905 6907
f 1297 6907 1295
f 1295 6907 6906
f 1295 6906 1299
f 1299 6906 6909
f 1299 6909 1298
f 1298 6909 6908
f 1298 6908 1301
f 1301 6908 6911
f 1301 6911 1300
f 1300 6911 6910
f 1300 6910 5202
f 5202 6910 10812
f 5202 10812 5261
f 5261 10812 10871
f 5261 10871 5306
f 5306 10871 10916
f 5306 10916 5000
f 5000 10916 10610
f 5000 10610 4163
f 4163 10610 9773
f 4163 9773 1303
f 1303 9773 6912
f 1303 6912 1304
f 1304 6912 6914
f 1304 6914 1302
f 1302 6914 6913
f 1302 6913 1306
f 1306 6913 6916
f 1306 6916 1305
f 1305 6916 6915
f 1305 6915 1308
f 1308 6915 6918
f 1308 6918 1307
f 1307 6918 6917
f 1307 6917 3604
f 3604 6917 9214
f 3604 9214 4478
f 4478 9214 10088
f 4478 10088 4789
f 4789 10088 10399
f 4789 10399 4479
f 4479 10399 10089
f 4479 10089 3879
f 3879 10089 9489
f 3879 9489 1310
f 1310 9489 6919
f 1310 6919 1311
f 1311 6919 6921
f 1311 6921 1309
f 1309 6921 6920
f 1309 6920 1313
f 1313 6920 6923
f 1313 6923 1312
f 1312 6923 6922
f 1312 6922 1315
f 1315 6922 6925
f 1315 6925 1314
f 1314 6925 6924
f 1314 6924 1317
f 1317 6924 6927
f 1317 6927 1316
f 1316 6927 6926
f 1316 6926 3880
f 3880 6926 9490
f 3880 9490 4480
f 4480 9490 10090
f 4480 10090 3881
f 3881 10090 9491
f 3881 9491 1319
f 1319 9491 6928
f 1319 6928 1320
f 1320 6928 6930
f 1320 6930 1318
f 1318 6930 6929
f 1318 6929 1322
f 1322 6929 6932
f 1322 6932 1321
f 1321 6932 6931
f 1321 6931 1324
f 1324 6931 6934
f 1324 6934 1323
f 1323 6934 6933
f 1323 6933 1326
f 1326 6933 6936
f 1326 6936 1325
f 1325 6936 6935
f 1325 6935 5262
f 5262 6935 10872
f 5262 10872 5451
f 5451 10872 11061
f 5451 11061 5426
f 5426 11061 11036
f 5426 11036 5400
f 5400 11036 11010
f 5400 11010 5263
f 5263 11010 10873
f 5263 10873 5203
f 5203 10873 10813
f 5203 10813 5001
f 5001 10813 10611
f 5001 10611 4790
f 4790 10611 10400
f 4790 10400 4481
f 4481 10400 10091
f 4481 10091 3882
f 3882 10091 9492
f 3882 9492 1328
f 1328 9492 6937
f 1328 6937 1329
f 1329 6937 6939
f 1329 6939 1327
f 1327 6939 6938
f 1327 6938 1331
f 1331 6938 6941
f 1331 6941 1330
f 1330 6941 6940
f 1330 6940 1333
f 1333 6940 6943
f 1333 6943 1332
f 1332 6943 6942
f 1332 6942 1335
f 1335 6942 6945
f 1335 6945 1334
f 1334 6945 6944
f 1334 6944 1337
f 1337 6944 6947
f 1337 6947 1336
f 1336 6947 6946
f 1336 6946 1339
f 1339 6946 6949
f 1339 6949 1338
f 1338 6949 6948
f 1338 6948 1341
f 1341 6948 6951
f 1341 6951 1340
f 1340 6951 6950
f 1340 6950 1343
f 1343 6950 6953
f 1343 6953 1342
f 1342 6953 6952
f 1342 6952 1345
f 1345 6952 6955
f 1345 6955 1344
f 1344 6955 6954
f 1344 6954 3605
f 3605 6954 9215
f 3605 9215 4164
f 4164 9215 9774
f 4164 9774 4165
f 4165 9774 9775
f 4165 9775 3883
f 3883 9775 9493
f 3883 9493 1347
f 1347 9493 6956
f 1347 6956 1348
f 1348 6956 6958
f 1348 6958 1346
f 1346 6958 6957
f 1346 6957 1350
f 1350 6957 6960
f 1350 6960 1349
f 1349 6960 6959
f 1349 6959 1352
f 1352 6959 6962
f 1352 6962 1351
f 1351 6962 6961
f 1351 6961 3606
f 3606 6961 9216
f 3606 9216 3884
f 3884 9216 9494
f 3884 9494 5002
f 5002 9494 10612
f 5002 10612 5307
f 5307 10612 10917
f 5307 10917 5111
f 5111 10917 10721
f 5111 10721 3885
f 3885 10721 9495
f 3885 9495 1354
f 1354 9495 6963
f 1354 6963 1355
f 1355 6963 6965
f 1355 6965 1353
f 1353 6965 6964
f 1353 6964 1357
f 1357 6964 6967
f 1357 6967 1356
f 1356 6967 6966
f 1356 6966 1359
f 1359 6966 6969
f 1359 6969 1358
f 1358 6969 6968
f 1358 6968 3607
f 3607 6968 9217
f 3607 9217 4482
f 4482 9217 10092
f 4482 10092 4483
f 4483 10092 10093
f 4483 10093 3886
f 3886 10093 9496
f 3886 9496 1361
f 1361 9496 6970
f 1361 6970 1362
f 1362 6970 6972
f 1362 6972 1360
f 1360 6972 6971
f 1360 6971 1364
f 1364 6971 6974
f 1364 6974 1363
f 1363 6974 6973
f 1363 6973 1366
f 1366 6973 6976
f 1366 6976 1365
f 1365 6976 6975
f 1365 6975 1368
f 1368 6975 6978
f 1368 6978 1367
f 1367 6978 6977
f 1367 6977 1370
f 1370 6977 6980
f 1370 6980 1369
f 1369 6980 6979
f 1369 6979 1372
f 1372 6979 6982
f 1372 6982 1371
f 1371 6982 6981
f 1371 6981 1374
f 1374 6981 6984
f 1374 6984 1373
f 1373 6984 6983
f 1373 6983 5204
f 5204 6983 10814
f 5204 10814 5003
f 5003 10814 10613
f 5003 10613 4791
f 4791 10613 10401
f 4791 10401 3887
f 3887 10401 9497
f 3887 9497 1376
f 1376 9497 6985
f 1376 6985 1377
f 1377 6985 6987
f 1377 6987 1375
f 1375 6987 6986
f 1375 6986 1379
f 1379 6986 6989
f 1379 6989 1378
f 1378 6989 6988
f 1378 6988 1381
f 1381 6988 6991
f 1381 6991 1380
f 1380 6991 6990
f 1380 6990 1383
f 1383 6990 6993
f 1383 6993 1382
f 1382 6993 6992
f 1382 6992 3888
f 3888 6992 9498
f 3888 9498 3608
f 3608 9498 9218
f 3608 9218 1385
f 1385 9218 6994
f 1385 6994 1386
f 1386 6994 6996
f 1386 6996 1384
f 1384 6996 6995
f 1384 6995 1388
f 1388 6995 6998
f 1388 6998 1387
f 1387 6998 6997
f 1387 6997 1390
f 1390 6997 7000
f 1390 7000 1389
f 1389 7000 6999
f 1389 6999 5112
f 5112 6999 10722
f 5112 10722 5205
f 5205 10722 10815
f 5205 10815 5264
f 5264 10815 10874
f 5264 10874 5346
f 5346 10874 10956
f 5346 10956 5473
f 5473 10956 11083
f 5473 11083 5500
f 5500 11083 11110
f 5500 11110 1392
f 1392 11110 7001
f 1392 7001 1393
f 1393 7001 7003
f 1393 7003 1391
f 1391 7003 7002
f 1391 7002 1395
f 1395 7002 7005
f 1395 7005 1394
f 1394 7005 7004
f 1394 7004 1397
f 1397 7004 7007
f 1397 7007 1396
f 1396 7007 7006
f 1396 7006 4166
f 4166 7006 9776
f 4166 9776 5004
f 5004 9776 10614
f 5004 10614 4484
f 4484 10614 10094
f 4484 10094 3889
f 3889 10094 9499
f 3889 9499 1399
f 1399 9499 7008
f 1399 7008 1400
f 1400 7008 7010
f 1400 7010 1398
f 1398 7010 7009
f 1398 7009 1402
f 1402 7009 7012
f 1402 7012 1401
f 1401 7012 7011
f 1401 7011 1404
f 1404 7011 7014
f 1404 7014 1403
f 1403 7014 7013
f 1403 7013 3609
f 3609 7013 9219
f 3609 9219 4792
f 4792 9219 10402
f 4792 10402 5113
f 5113 10402 10723
f 5113 10723 5308
f 5308 10723 10918
f 5308 10918 5206
f 5206 10918 10816
f 5206 10816 3610
f 3610 10816 9220
f 3610 9220 1406
f 1406 9220 7015
f 1406 7015 1407
f 1407 7015 7017
f 1407 7017 1405
f 1405 7017 7016
f 1405 7016 1409
f 1409 7016 7019
f 1409 7019 1408
f 1408 7019 7018
f 1408 7018 1411
f 1411 7018 7021
f 1411 7021 1410
f 1410 7021 7020
f 1410 7020 4167
f 4167 7020 9777
f 4167 9777 4793
f 4793 9777 10403
f 4793 10403 4485
f 4485 10403 10095
f 4485 10095 3890
f 3890 10095 9500
f 3890 9500 1413
f 1413 9500 7022
f 1413 7022 1414
f 1414 7022 7024
f 1414 7024 1412
f 1412 7024 7023
f 1412 7023 1416
f 1416 7023 7026
f 1416 7026 1415
f 1415 7026 7025
f 1415 7025 1418
f 1418 7025 7028
f 1418 7028 1417
f 1417 7028 7027
f 1417 7027 1420
f 1420 7027 7030
f 1420 7030 1419
f 1419 7030 7029
f 1419 7029 1422
f 1422 7029 7032
f 1422 7032 1421
f 1421 7032 7031
f 1421 7031 1424
f 1424 7031 7034
f 1424 7034 1423
f 1423 7034 7033
f 1423 7033 1426
f 1426 7033 7036
f 1426 7036 1425
f 1425 7036 7035
f 1425 7035 5347
f 5347 7035 10957
f 5347 10957 5372
f 5372 10957 10982
f 5372 10982 4168
f 4168 10982 9778
f 4168 9778 3611
f 3611 9778 9221
f 3611 9221 1428
f 1428 9221 7037
f 1428 7037 1429
f 1429 7037 7039
f 1429 7039 1427
f 1427 7039 7038
f 1427 7038 1431
f 1431 7038 7041
f 1431 7041 1430
f 1430 7041 7040
f 1430 7040 1433
f 1433 7040 7043
f 1433 7043 1432
f 1432 7043 7042
f 1432 7042 4486
f 4486 7042 10096
f 4486 10096 4794
f 4794 10096 10404
f 4794 10404 5309
f 5309 10404 10919
f 5309 10919 4169
f 4169 10919 9779
f 4169 9779 1435
f 1435 9779 7044
f 1435 7044 1436
f 1436 7044 7046
f 1436 7046 1434
f 1434 7046 7045
f 1434 7045 1438
f 1438 7045 7048
f 1438 7048 1437
f 1437 7048 7047
f 1437 7047 1440
f 1440 7047 7050
f 1440 7050 1439
f 1439 7050 7049
f 1439 7049 3612
f 3612 7049 9222
f 3612 9222 4487
f 4487 9222 10097
f 4487 10097 5005
f 5005 10097 10615
f 5005 10615 4795
f 4795 10615 10405
f 4795 10405 4170
f 4170 10405 9780
f 4170 9780 1442
f 1442 9780 7051
f 1442 7051 1443
f 1443 7051 7053
f 1443 7053 1441
f 1441 7053 7052
f 1441 7052 1445
f 1445 7052 7055
f 1445 7055 1444
f 1444 7055 7054
f 1444 7054 1447
f 1447 7054 7057
f 1447 7057 1446
f 1446 7057 7056
f 1446 7056 1449
f 1449 7056 7059
f 1449 7059 1448
f 1448 7059 7058
f 1448 7058 1451
f 1451 7058 7061
f 1451 7061 1450
f 1450 7061 7060
f 1450 7060 1453
f 1453 7060 7063
f 1453 7063 1452
f 1452 7063 7062
f 1452 7062 1455
f 1455 7062 7065
f 1455 7065 1454
f 1454 7065 7064
f 1454 7064 1457
f 1457 7064 7067
f 1457 7067 1456
f 1456 7067 7066
f 1456 7066 1459
f 1459 7066 7069
f 1459 7069 1458
f 1458 7069 7068
f 1458 7068 1461
f 1461 7068 7071
f 1461 7071 1460
f 1460 7071 7070
f 1460 7070 4796
f 4796 7070 10406
f 4796 10406 4488
f 4488 10406 10098
f 4488 10098 3891
f 3891 10098 9501
f 3891 9501 1463
f 1463 9501 7072
f 1463 7072 1464
f 1464 7072 7074
f 1464 7074 1462
f 1462 7074 7073
f 1462 7073 1466
f 1466 7073 7076
f 1466 7076 1465
f 1465 7076 7075
f 1465 7075 1468
f 1468 7075 7078
f 1468 7078 1467
f 1467 7078 7077
f 1467 7077 1470
f 1470 7077 7080
f 1470 7080 1469
f 1469 7080 7079
f 1469 7079 3892
f 3892 7079 9502
f 3892 9502 5114
f 5114 9502 10724
f 5114 10724 5348
f 5348 10724 10958
f 5348 10958 3893
f 3893 10958 9503
f 3893 9503 1472
f 1472 9503 7081
f 1472 7081 1473
f 1473 7081 7083
f 1473 7083 1471
f 1471 7083 7082
f 1471 7082 1475
f 1475 7082 7085
f 1475 7085 1474
f 1474 7085 7084
f 1474 7084 1477
f 1477 7084 7086
f 1477 7086 1478
f 1478 7086 7088
f 1478 7088 1476
f 1476 7088 7087
f 1476 7087 3894
f 3894 7087 9504
f 3894 9504 4171
f 4171 9504 9781
f 4171 9781 3613
f 3613 9781 9223
f 3613 9223 1480
f 1480 9223 7089
f 1480 7089 1481
f 1481 7089 7091
f 1481 7091 1479
f 1479 7091 7090
f 1479 7090 1483
f 1483 7090 7093
f 1483 7093 1482
f 1482 7093 7092
f 1482 7092 1485
f 1485 7092 7095
f 1485 7095 1484
f 1484 7095 7094
f 1484 7094 4489
f 4489 7094 10099
f 4489 10099 5006
f 5006 10099 10616
f 5006 10616 5007
f 5007 10616 10617
f 5007 10617 4490
f 4490 10617 10100
f 4490 10100 4172
f 4172 10100 9782
f 4172 9782 1487
f 1487 9782 7096
f 1487 7096 1488
f 1488 7096 7098
f 1488 7098 1486
f 1486 7098 7097
f 1486 7097 1490
f 1490 7097 7100
f 1490 7100 1489
f 1489 7100 7099
f 1489 7099 1492
f 1492 7099 7102
f 1492 7102 1491
f 1491 7102 7101
f 1491 7101 1494
f 1494 7101 7104
f 1494 7104 1493
f 1493 7104 7103
f 1493 7103 1496
f 1496 7103 7106
f 1496 7106 1495
f 1495 7106 7105
f 1495 7105 1498
f 1498 7105 7108
f 1498 7108 1497
f 1497 7108 7107
f 1497 7107 1500
f 1500 7107 7110
f 1500 7110 1499
f 1499 7110 7109
f 1499 7109 1502
f 1502 7109 7112
f 1502 7112 1501
f 1501 7112 7111
f 1501 7111 1504
f 1504 7111 7114
f 1504 7114 1503
f 1503 7114 7113
f 1503 7113 3614
f 3614 7113 9224
f 3614 9224 3895
f 3895 9224 9505
f 3895 9505 4491
f 4491 9505 10101
f 4491 10101 5115
f 5115 10101 10725
f 5115 10725 5265
f 5265 10725 10875
f 5265 10875 5310
f 5310 10875 10920
f 5310 10920 5349
f 5349 10920 10959
f 5349 10959 5311
f 5311 10959 10921
f 5311 10921 5008
f 5008 10921 10618
f 5008 10618 4492
f 4492 10618 10102
f 4492 10102 4173
f 4173 10102 9783
f 4173 9783 3615
f 3615 9783 9225
f 3615 9225 1506
f 1506 9225 7115
f 1506 7115 1507
f 1507 7115 7117
f 1507 7117 1505
f 1505 7117 7116
f 1505 7116 1509
f 1509 7116 7119
f 1509 7119 1508
f 1508 7119 7118
f 1508 7118 1511
f 1511 7118 7121
f 1511 7121 1510
f 1510 7121 7120
f 1510 7120 4797
f 4797 7120 10407
f 4797 10407 5116
f 5116 10407 10726
f 5116 10726 5117
f 5117 10726 10727
f 5117 10727 4493
f 4493 10727 10103
f 4493 10103 3896
f 3896 10103 9506
f 3896 9506 1513
f 1513 9506 7122
f 1513 7122 1514
f 1514 7122 7124
f 1514 7124 1512
f 1512 7124 7123
f 1512 7123 1516
f 1516 7123 7126
f 1516 7126 1515
f 1515 7126 7125
f 1515 7125 1518
f 1518 7125 7128
f 1518 7128 1517
f 1517 7128 7127
f 1517 7127 3616
f 3616 7127 9226
f 3616 9226 4798
f 4798 9226 10408
f 4798 10408 4494
f 4494 10408 10104
f 4494 10104 3897
f 3897 10104 9507
f 3897 9507 1520
f 1520 9507 7129
f 1520 7129 1521
f 1521 7129 7131
f 1521 7131 1519
f 1519 7131 7130
f 1519 7130 1523
f 1523 7130 7133
f 1523 7133 1522
f 1522 7133 7132
f 1522 7132 1525
f 1525 7132 7135
f 1525 7135 1524
f 1524 7135 7134
f 1524 7134 1527
f 1527 7134 7137
f 1527 7137 1526
f 1526 7137 7136
f 1526 7136 1529
f 1529 7136 7139
f 1529 7139 1528
f 1528 7139 7138
f 1528 7138 1531
f 1531 7138 7141
f 1531 7141 1530
f 1530 7141 7140
f 1530 7140 1533
f 1533 7140 7143
f 5604 11214 5603
f 5603 11214 11213
f 5603 11213 5602
f 5602 11213 11212
f 5602 11212 4900
f 4900 11212 10510
f 4900 10510 4278
f 4278 10510 9888
f 4278 9888 3715
f 3715 9888 9325
f 3715 9325 2727
f 2727 9325 8336
f 2727 8336 2728
f 2728 8336 8338
f 2728 8338 2726
f 2726 8338 8337
f 2726 8337 2730
f 2730 8337 8340
f 2730 8340 2729
f 2729 8340 8339
f 2729 8339 2732
f 2732 8339 8342
f 2732 8342 2731
f 2731 8342 8341
f 2731 8341 4623
f 4623 8341 10233
f 4623 10233 5062
f 5062 10233 10672
f 5062 10672 5228
f 5228 10672 10838
f 5228 10838 4279
f 4279 10838 9889
f 4279 9889 2734
f 2734 9889 8343
f 2734 8343 2735
f 2735 8343 8345
f 2735 8345 2733
f 2733 8345 8344
f 2733 8344 2737
f 2737 8344 8347
f 2737 8347 2736
f 2736 8347 8346
f 2736 8346 2739
f 2739 8346 8349
f 2739 8349 2738
f 2738 8349 8348
f 2738 8348 3716
f 3716 8348 9326
f 3716 9326 4624
f 4624 9326 10234
f 4624 10234 4901
f 4901 10234 10511
f 4901 10511 4625
f 4625 10511 10235
f 4625 10235 4280
f 4280 10235 9890
f 4280 9890 3717
f 3717 9890 9327
f 3717 9327 2741
f 2741 9327 8350
f 2741 8350 2742
f 2742 8350 8352
f 2742 8352 2740
f 2740 8352 8351
f 2740 8351 2744
f 2744 8351 8354
f 2744 8354 2743
f 2743 8354 8353
f 2743 8353 2746
f 2746 8353 8356
f 2746 8356 2745
f 2745 8356 8355
f 2745 8355 2748
f 2748 8355 8358
f 2748 8358 2747
f 2747 8358 8357
f 2747 8357 2750
f 2750 8357 8360
f 2750 8360 2749
f 2749 8360 8359
f 2749 8359 2752
f 2752 8359 8362
f 2752 8362 2751
f 2751 8362 8361
f 2751 8361 2754
f 2754 8361 8364
f 2754 8364 2753
f 2753 8364 8363
f 2753 8363 2756
f 2756 8363 8366
f 2756 8366 2755
f 2755 8366 8365
f 2755 8365 2758
f 2758 8365 8368
f 2758 8368 2757
f 2757 8368 8367
f 2757 8367 3994
f 3994 8367 9604
f 3994 9604 4626
f 4626 9604 10236
f 4626 10236 5063
f 5063 10236 10673
f 5063 10673 5281
f 5281 10673 10891
f 5281 10891 5325
f 5325 10891 10935
f 5325 10935 5384
f 5384 10935 10994
f 5384 10994 5282
f 5282 10994 10892
f 5282 10892 5229
f 5229 10892 10839
f 5229 10839 5154
f 5154 10839 10764
f 5154 10764 4281
f 4281 10764 9891
f 4281 9891 3718
f 3718 9891 9328
f 3718 9328 2760
f 2760 9328 8369
f 2760 8369 2761
f 2761 8369 8371
f 2761 8371 2759
f 2759 8371 8370
f 2759 8370 2763
f 2763 8370 8373
f 2763 8373 2762
f 2762 8373 8372
f 2762 8372 2765
f 2765 8372 8375
f 2765 8375 2764
f 2764 8375 8374
f 2764 8374 4627
f 4627 8374 10237
f 4627 10237 4902
f 4902 10237 10512
f 4902 10512 4282
f 4282 10512 9892
f 4282 9892 3995
f 3995 9892 9605
f 3995 9605 2767
f 2767 9605 8376
f 2767 8376 2768
f 2768 8376 8378
f 2768 8378 2766
f 2766 8378 8377
f 2766 8377 2770
f 2770 8377 8380
f 2770 8380 2769
f 2769 8380 8379
f 2769 8379 2772
f 2772 8379 8382
f 2772 8382 2771
f 2771 8382 8381
f 2771 8381 3719
f 3719 8381 9329
f 3719 9329 3996
f 3996 9329 9606
f 3996 9606 5326
f 5326 9606 10936
f 5326 10936 5360
f 5360 10936 10970
f 5360 10970 4628
f 4628 10970 10238
f 4628 10238 3997
f 3997 10238 9607
f 3997 9607 2774
f 2774 9607 8383
f 2774 8383 2775
f 2775 8383 8385
f 2775 8385 2773
f 2773 8385 8384
f 2773 8384 2777
f 2777 8384 8387
f 2777 8387 2776
f 2776 8387 8386
f 2776 8386 2779
f 2779 8386 8389
f 2779 8389 2778
f 2778 8389 8388
f 2778 8388 4903
f 4903 8388 10513
f 4903 10513 5064
f 5064 10513 10674
f 5064 10674 5479
f 5479 10674 11089
f 5479 11089 5600
f 5600 11089 11210
f 5600 11210 3998
f 3998 11210 9608
f 3998 9608 2781
f 2781 9608 8390
f 2781 8390 2782
f 2782 8390 8392
f 2782 8392 2780
f 2780 8392 8391
f 2780 8391 2784
f 2784 8391 8394
f 2784 8394 2783
f 2783 8394 8393
f 2783 8393 2786
f 2786 8393 8396
f 2786 8396 2785
f 2785 8396 8395
f 2785 8395 3720
f 3720 8395 9330
f 3720 9330 4629
f 4629 9330 10239
f 4629 10239 5409
f 5409 10239 11019
f 5409 11019 5385
f 5385 11019 10995
f 5385 10995 5327
f 5327 10995 10937
f 5327 10937 5283
f 5283 10937 10893
f 5283 10893 5230
f 5230 10893 10840
f 5230 10840 4904
f 4904 10840 10514
f 4904 10514 4283
f 4283 10514 9893
f 4283 9893 3999
f 3999 9893 9609
f 3999 9609 3721
f 3721 9609 9331
f 3721 9331 2788
f 2788 9331 8397
f 2788 8397 2789
f 2789 8397 8399
f 2789 8399 2787
f 2787 8399 8398
f 2787 8398 2791
f 2791 8398 8401
f 2791 8401 2790
f 2790 8401 8400
f 2790 8400 2793
f 2793 8400 8403
f 2793 8403 2792
f 2792 8403 8402
f 2792 8402 2795
f 2795 8402 8405
f 2795 8405 2794
f 2794 8405 8404
f 2794 8404 3722
f 3722 8404 9332
f 3722 9332 4284
f 4284 9332 9894
f 4284 9894 4285
f 4285 9894 9895
f 4285 9895 3723
f 3723 9895 9333
f 3723 9333 2797
f 2797 9333 8406
f 2797 8406 2798
f 2798 8406 8408
f 2798 8408 2796
f 2796 8408 8407
f 2796 8407 2800
f 2800 8407 8410
f 2800 8410 2799
f 2799 8410 8409
f 2799 8409 2802
f 2802 8409 8412
f 2802 8412 2801
f 2801 8412 8411
f 2801 8411 2804
f 2804 8411 8414
f 2804 8414 2803
f 2803 8414 8413
f 2803 8413 3724
f 3724 8413 9334
f 3724 9334 4630
f 4630 9334 10240
f 4630 10240 4000
f 4000 10240 9610
f 4000 9610 2806
f 2806 9610 8415
f 2806 8415 2807
f 2807 8415 8417
f 2807 8417 2805
f 2805 8417 8416
f 2805 8416 2809
f 2809 8416 8419
f 2809 8419 2808
f 2808 8419 8418
f 2808 8418 2811
f 2811 8418 8421
f 2811 8421 2810
f 2810 8421 8420
f 2810 8420 2813
f 2813 8420 8423
f 2813 8423 2812
f 2812 8423 8422
f 2812 8422 4001
f 4001 8422 9611
f 4001 9611 4286
f 4286 9611 9896
f 4286 9896 3725
f 3725 9896 9335
f 3725 9335 2815
f 2815 9335 8424
f 2815 8424 2816
f 2816 8424 8426
f 2816 8426 2814
f 2814 8426 8425
f 2814 8425 2818
f 2818 8425 8428
f 2818 8428 2817
f 2817 8428 8427
f 2817 8427 2820
f 2820 8427 8430
f 2820 8430 2819
f 2819 8430 8429
f 2819 8429 2822
f 2822 8429 8432
f 2822 8432 2821
f 2821 8432 8431
f 2821 8431 2824
f 2824 8431 8434
f 2824 8434 2823
f 2823 8434 8433
f 2823 8433 2826
f 2826 8433 8436
f 2826 8436 2825
f 2825 8436 8435
f 2825 8435 2828
f 2828 8435 8438
f 2828 8438 2827
f 2827 8438 8437
f 2827 8437 4287
f 4287 8437 9897
f 4287 9897 4631
f 4631 9897 10241
f 4631 10241 4002
f 4002 10241 9612
f 4002 9612 2830
f 2830 9612 8439
f 2830 8439 2831
f 2831 8439 8441
f 2831 8441 2829
f 2829 8441 8440
f 2829 8440 2833
f 2833 8440 8443
f 2833 8443 2832
f 2832 8443 8442
f 2832 8442 2835
f 2835 8442 8445
f 2835 8445 2834
f 2834 8445 8444
f 2834 8444 2837
f 2837 8444 8447
f 2837 8447 2836
f 2836 8447 8446
f 2836 8446 4003
f 4003 8446 9613
f 4003 9613 4632
f 4632 9613 10242
f 4632 10242 4288
f 4288 10242 9898
f 4288 9898 3726
f 3726 9898 9336
f 3726 9336 2839
f 2839 9336 8448
f 2839 8448 2840
f 2840 8448 8450
f 2840 8450 2838
f 2838 8450 8449
f 2838 8449 2842
f 2842 8449 8452
f 2842 8452 2841
f 2841 8452 8451
f 2841 8451 2844
f 2844 8451 8454
f 2844 8454 2843
f 2843 8454 8453
f 2843 8453 4905
f 4905 8453 10515
f 4905 10515 5436
f 5436 10515 11046
f 5436 11046 5457
f 5457 11046 11067
f 5457 11067 5480
f 5480 11067 11090
f 5480 11090 4289
f 4289 11090 9899
f 4289 9899 2846
f 2846 9899 8455
f 2846 8455 2847
f 2847 8455 8457
f 2847 8457 2845
f 2845 8457 8456
f 2845 8456 2849
f 2849 8456 8459
f 2849 8459 2848
f 2848 8459 8458
f 2848 8458 2851
f 2851 8458 8461
f 2851 8461 2850
f 2850 8461 8460
f 2850 8460 3727
f 3727 8460 9337
f 3727 9337 5458
f 5458 9337 11068
f 5458 11068 5386
f 5386 11068 10996
f 5386 10996 5284
f 5284 10996 10894
f 5284 10894 5231
f 5231 10894 10841
f 5231 10841 5065
f 5065 10841 10675
f 5065 10675 4906
f 4906 10675 10516
f 4906 10516 4633
f 4633 10516 10243
f 4633 10243 4290
f 4290 10243 9900
f 4290 9900 3728
f 3728 9900 9338
f 3728 9338 2853
f 2853 9338 8462
f 2853 8462 2854
f 2854 8462 8464
f 2854 8464 2852
f 2852 8464 8463
f 2852 8463 2856
f 2856 8463 8466
f 2856 8466 2855
f 2855 8466 8465
f 2855 8465 2858
f 2858 8465 8468
f 2858 8468 2857
f 2857 8468 8467
f 2857 8467 2860
f 2860 8467 8470
f 2860 8470 2859
f 2859 8470 8469
f 2859 8469 2862
f 2862 8469 8472
f 2862 8472 2861
f 2861 8472 8471
f 2861 8471 2864
f 2864 8471 8474
f 2864 8474 2863
f 2863 8474 8473
f 2863 8473 2866
f 2866 8473 8476
f 2866 8476 2865
f 2865 8476 8475
f 2865 8475 4291
f 4291 8475 9901
f 4291 9901 4634
f 4634 9901 10244
f 4634 10244 4292
f 4292 10244 9902
f 4292 9902 2868
f 2868 9902 8477
f 2868 8477 2869
f 2869 8477 8479
f 2869 8479 2867
f 2867 8479 8478
f 2867 8478 2871
f 2871 8478 8481
f 2871 8481 2870
f 2870 8481 8480
f 2870 8480 2873
f 2873 8480 8483
f 2873 8483 2872
f 2872 8483 8482
f 2872 8482 3729
f 3729 8482 9339
f 3729 9339 4635
f 4635 9339 10245
f 4635 10245 4907
f 4907 10245 10517
f 4907 10517 4908
f 4908 10517 10518
f 4908 10518 4293
f 4293 10518 9903
f 4293 9903 3730
f 3730 9903 9340
f 3730 9340 2875
f 2875 9340 8484
f 2875 8484 2876
f 2876 8484 8486
f 2876 8486 2874
f 2874 8486 8485
f 2874 8485 2878
f 2878 8485 8488
f 2878 8488 2877
f 2877 8488 8487
f 2877 8487 2880
f 2880 8487 8490
f 2880 8490 2879
f 2879 8490 8489
f 2879 8489 4636
f 4636 8489 10246
f 4636 10246 5066
f 5066 10246 10676
f 5066 10676 5155
f 5155 10676 10765
f 5155 10765 4294
f 4294 10765 9904
f 4294 9904 3731
f 3731 9904 9341
f 3731 9341 2882
f 2882 9341 8491
f 2882 8491 2883
f 2883 8491 8493
f 2883 8493 2881
f 2881 8493 8492
f 2881 8492 2885
f 2885 8492 8495
f 2885 8495 2884
f 2884 8495 8494
f 2884 8494 2887
f 2887 8494 8497
f 2887 8497 2886
f 2886 8497 8496
f 2886 8496 4637
f 4637 8496 10247
f 4637 10247 4909
f 4909 10247 10519
f 4909 10519 5437
f 5437 10519 11047
f 5437 11047 4295
f 4295 11047 9905
f 4295 9905 2889
f 2889 9905 8498
f 2889 8498 2890
f 2890 8498 8500
f 2890 8500 2888
f 2888 8500 8499
f 2888 8499 2892
f 2892 8499 8502
f 2892 8502 2891
f 2891 8502 8501
f 2891 8501 2894
f 2894 8501 8504
f 2894 8504 2893
f 2893 8504 8503
f 2893 8503 3732
f 3732 8503 9342
f 3732 9342 4638
f 4638 9342 10248
f 4638 10248 4910
f 4910 10248 10520
f 4910 10520 5067
f 5067 10520 10677
f 5067 10677 4296
f 4296 10677 9906
f 4296 9906 2896
f 2896 9906 8505
f 2896 8505 2897
f 2897 8505 8507
f 2897 8507 2895
f 2895 8507 8506
f 2895 8506 2899
f 2899 8506 8509
f 2899 8509 2898
f 2898 8509 8508
f 2898 8508 2901
f 2901 8508 8511
f 2901 8511 2900
f 2900 8511 8510
f 2900 8510 2903
f 2903 8510 8513
f 2903 8513 2902
f 2902 8513 8512
f 2902 8512 4639
f 4639 8512 10249
f 4639 10249 4640
f 4640 10249 10250
f 4640 10250 4004
f 4004 10250 9614
f 4004 9614 2905
f 2905 9614 8514
f 2905 8514 2906
f 2906 8514 8516
f 2906 8516 2904
f 2904 8516 8515
f 2904 8515 2908
f 2908 8515 8518
f 2908 8518 2907
f 2907 8518 8517
f 2907 8517 2910
f 2910 8517 8520
f 2910 8520 2909
f 2909 8520 8519
f 2909 8519 3733
f 3733 8519 9343
f 3733 9343 4005
f 4005 9343 9615
f 4005 9615 5068
f 5068 9615 10678
f 5068 10678 4641
f 4641 10678 10251
f 4641 10251 4297
f 4297 10251 9907
f 4297 9907 2912
f 2912 9907 8521
f 2912 8521 2913
f 2913 8521 8523
f 2913 8523 2911
f 2911 8523 8522
f 2911 8522 2915
f 2915 8522 8525
f 2915 8525 2914
f 2914 8525 8524
f 2914 8524 2917
f 2917 8524 8527
f 2917 8527 2916
f 2916 8527 8526
f 2916 8526 2919
f 2919 8526 8529
f 2919 8529 2918
f 2918 8529 8528
f 2918 8528 4911
f 4911 8528 10521
f 4911 10521 4642
f 4642 10521 10252
f 4642 10252 4006
f 4006 10252 9616
f 4006 9616 2921
f 2921 9616 8530
f 2921 8530 2922
f 2922 8530 8532
f 2922 8532 2920
f 2920 8532 8531
f 2920 8531 2924
f 2924 8531 8534
f 2924 8534 2923
f 2923 8534 8533
f 2923 8533 2926
f 2926 8533 8536
f 2926 8536 2925
f 2925 8536 8535
f 2925 8535 2928
f 2928 8535 8538
f 2928 8538 2927
f 2927 8538 8537
f 2927 8537 4007
f 4007 8537 9617
f 4007 9617 4643
f 4643 9617 10253
f 4643 10253 4298
f 4298 10253 9908
f 4298 9908 3734
f 3734 9908 9344
f 3734 9344 2930
f 2930 9344 8539
f 2930 8539 2931
f 2931 8539 8541
f 2931 8541 2929
f 2929 8541 8540
f 2929 8540 2933
f 2933 8540 8543
f 2933 8543 2932
f 2932 8543 8542
f 2932 8542 2935
f 2935 8542 8545
f 2935 8545 2934
f 2934 8545 8544
f 2934 8544 4912
f 4912 8544 10522
f 4912 10522 5156
f 5156 10522 10766
f 5156 10766 5232
f 5232 10766 10842
f 5232 10842 5285
f 5285 10842 10895
f 5285 10895 5328
f 5328 10895 10938
f 5328 10938 5361
f 5361 10938 10971
f 5361 10971 5591
f 5591 10971 11201
f 5591 11201 5590
f 5590 11201 11200
f 5590 11200 5588
f 5588 11200 11198
f 5588 11198 5585
f 5585 11198 11195
f 5585 11195 5523
f 5523 11195 11133
f 5523 11133 5517
f 5517 11133 11127
f 5517 11127 5506
f 5506 11127 11116
f 5506 11116 5410
f 5410 11116 11020
f 5410 11020 5387
f 5387 11020 10997
f 5387 10997 5286
f 5286 10997 10896
f 5286 10896 3735
f 3735 10896 9345
f 3735 9345 2937
f 2937 9345 8546
f 2937 8546 2938
f 2938 8546 8548
f 2938 8548 2936
f 2936 8548 8547
f 2936 8547 2940
f 2940 8547 8550
f 2940 8550 2939
f 2939 8550 8549
f 2939 8549 2942
f 2942 8549 8552
f 2942 8552 2941
f 2941 8552 8551
f 2941 8551 4299
f 4299 8551 9909
f 4299 9909 4644
f 4644 9909 10254
f 4644 10254 4645
f 4645 10254 10255
f 4645 10255 4008
f 4008 10255 9618
f 4008 9618 2944
f 2944 9618 8553
f 2944 8553 2945
f 2945 8553 8555
f 2945 8555 2943
f 2943 8555 8554
f 2943 8554 2947
f 2947 8554 8557
f 2947 8557 2946
f 2946 8557 8556
f 2946 8556 2949
f 2949 8556 8559
f 2949 8559 2948
f 2948 8559 8558
f 2948 8558 2951
f 2951 8558 8561
f 2951 8561 2950
f 2950 8561 8560
f 2950 8560 4913
f 4913 8560 10523
f 4913 10523 4646
f 4646 10523 10256
f 4646 10256 4300
f 4300 10256 9910
f 4300 9910 2953
f 2953 9910 8562
f 2953 8562 2954
f 2954 8562 8564
f 2954 8564 2952
f 2952 8564 8563
f 2952 8563 2956
f 2956 8563 8566
f 2956 8566 2955
f 2955 8566 8565
f 2955 8565 2958
f 2958 8565 8568
f 2958 8568 2957
f 2957 8568 8567
f 2957 8567 2960
f 2960 8567 8570
f 2960 8570 2959
f 2959 8570 8569
f 2959 8569 4914
f 4914 8569 10524
f 4914 10524 4647
f 4647 10524 10257
f 4647 10257 4301
f 4301 10257 9911
f 4301 9911 2962
f 2962 9911 8571
f 2962 8571 2963
f 2963 8571 8573
f 2963 8573 2961
f 2961 8573 8572
f 2961 8572 2965
f 2965 8572 8575
f 2965 8575 2964
f 2964 8575 8574
f 2964 8574 2967
f 2967 8574 8577
f 2967 8577 2966
f 2966 8577 8576
f 2966 8576 3736
f 3736 8576 9346
f 3736 9346 4915
f 4915 9346 10525
f 4915 10525 5069
f 5069 10525 10679
f 5069 10679 5157
f 5157 10679 10767
f 5157 10767 4302
f 4302 10767 9912
f 4302 9912 2969
f 2969 9912 8578
f 2969 8578 2970
f 2970 8578 8580
f 2970 8580 2968
f 2968 8580 8579
f 2968 8579 2972
f 2972 8579 8582
f 2972 8582 2971
f 2971 8582 8581
f 2971 8581 2974
f 2974 8581 8584
f 2974 8584 2973
f 2973 8584 8583
f 2973 8583 2976
f 2976 8583 8586
f 2976 8586 2975
f 2975 8586 8585
f 2975 8585 4648
f 4648 8585 10258
f 4648 10258 4303
f 4303 10258 9913
f 4303 9913 4009
f 4009 9913 9619
f 4009 9619 2978
f 2978 9619 8587
f 2978 8587 2979
f 2979 8587 8589
f 2979 8589 2977
f 2977 8589 8588
f 2977 8588 2981
f 2981 8588 8591
f 2981 8591 2980
f 2980 8591 8590
f 2980 8590 2983
f 2983 8590 8593
f 2983 8593 2982
f 2982 8593 8592
f 2982 8592 3737
f 3737 8592 9347
f 3737 9347 4010
f 4010 9347 9620
f 4010 9620 4916
f 4916 9620 10526
f 4916 10526 4649
f 4649 10526 10259
f 4649 10259 4011
f 4011 10259 9621
f 4011 9621 2985
f 2985 9621 8594
f 2985 8594 2986
f 2986 8594 8596
f 2986 8596 2984
f 2984 8596 8595
f 2984 8595 2988
f 2988 8595 8598
f 2988 8598 2987
f 2987 8598 8597
f 2987 8597 2990
f 2990 8597 8600
f 2990 8600 2989
f 2989 8600 8599
f 2989 8599 2992
f 2992 8599 8602
f 2992 8602 2991
f 2991 8602 8601
f 2991 8601 4012
f 4012 8601 9622
f 4012 9622 4650
f 4650 9622 10260
f 4650 10260 4013
f 4013 10260 9623
f 4013 9623 2994
f 2994 9623 8603
f 2994 8603 2995
f 2995 8603 8605
f 2995 8605 2993
f 2993 8605 8604
f 2993 8604 2997
f 2997 8604 8607
f 2997 8607 2996
f 2996 8607 8606
f 2996 8606 2999
f 2999 8606 8609
f 2999 8609 2998
f 2998 8609 8608
f 2998 8608 3001
f 3001 8608 8611
f 3001 8611 3000
f 3000 8611 8610
f 3000 8610 3003
f 3003 8610 8613
f 3003 8613 3002
f 3002 8613 8612
f 3002 8612 3005
f 3005 8612 8615
f 3005 8615 3004
f 3004 8615 8614
f 3004 8614 4917
f 4917 8614 10527
f 4917 10527 5287
f 5287 10527 10897
f 5287 10897 5158
f 5158 10897 10768
f 5158 10768 5070
f 5070 10768 10680
f 5070 10680 4304
f 4304 10680 9914
f 4304 9914 3007
f 3007 9914 8616
f 3007 8616 3008
f 3008 8616 8618
f 3008 8618 3006
f 3006 8618 8617
f 3006 8617 3010
f 3010 8617 8620
f 3010 8620 3009
f 3009 8620 8619
f 3009 8619 3012
f 3012 8619 8622
f 3012 8622 3011
f 3011 8622 8621
f 3011 8621 3738
f 3738 8621 9348
f 3738 9348 4305
f 4305 9348 9915
f 4305 9915 4014
f 4014 9915 9624
f 4014 9624 3739
f 3739 9624 9349
f 3739 9349 3013
f 3013 9349 8623
f 3013 8623 2470
f 2470 8623 8080
f 2470 8080 3691
f 3691 8080 9301
f 3691 9301 3980
f 3980 9301 9590
f 3980 9590 4251
f 4251 9590 9861
f 4251 9861 4252
f 4252 9861 9862
f 4252 9862 3692
f 3692 9862 9302
f 3692 9302 2473
f 2473 9302 8082
f 2473 8082 2474
f 2474 8082 8084
f 2474 8084 2472
f 2472 8084 8083
f 2472 8083 2476
f 2476 8083 8086
f 2476 8086 2475
f 2475 8086 8085
f 2475 8085 2478
f 2478 8085 8088
f 2478 8088 2477
f 2477 8088 8087
f 2477 8087 4878
f 4878 8087 10488
f 4878 10488 5358
f 5358 10488 10968
f 5358 10968 4879
f 4879 10968 10489
f 4879 10489 4598
f 4598 10489 10208
f 4598 10208 3981
f 3981 10208 9591
f 3981 9591 2480
f 2480 9591 8089
f 2480 8089 2481
f 2481 8089 8091
f 2481 8091 2479
f 2479 8091 8090
f 2479 8090 2483
f 2483 8090 8093
f 2483 8093 2482
f 2482 8093 8092
f 2482 8092 2485
f 2485 8092 8095
f 2485 8095 2484
f 2484 8095 8094
f 2484 8094 2487
f 2487 8094 8097
f 2487 8097 2486
f 2486 8097 8096
f 2486 8096 3982
f 3982 8096 9592
f 3982 9592 4880
f 4880 9592 10490
f 4880 10490 4253
f 4253 10490 9863
f 4253 9863 3693
f 3693 9863 9303
f 3693 9303 2489
f 2489 9303 8098
f 2489 8098 2490
f 2490 8098 8100
f 2490 8100 2488
f 2488 8100 8099
f 2488 8099 2492
f 2492 8099 8102
f 2492 8102 2491
f 2491 8102 8101
f 2491 8101 2494
f 2494 8101 8104
f 2494 8104 2493
f 2493 8104 8103
f 2493 8103 4599
f 4599 8103 10209
f 4599 10209 5047
f 5047 10209 10657
f 5047 10657 5145
f 5145 10657 10755
f 5145 10755 4254
f 4254 10755 9864
f 4254 9864 3694
f 3694 9864 9304
f 3694 9304 2496
f 2496 9304 8105
f 2496 8105 2497
f 2497 8105 8107
f 2497 8107 2495
f 2495 8107 8106
f 2495 8106 2499
f 2499 8106 8109
f 2499 8109 2498
f 2498 8109 8108
f 2498 8108 2501
f 2501 8108 8111
f 2501 8111 2500
f 2500 8111 8110
f 2500 8110 4600
f 4600 8110 10210
f 4600 10210 4881
f 4881 10210 10491
f 4881 10491 5048
f 5048 10491 10658
f 5048 10658 4882
f 4882 10658 10492
f 4882 10492 2503
f 2503 10492 8112
f 2503 8112 2504
f 2504 8112 8114
f 2504 8114 2502
f 2502 8114 8113
f 2502 8113 2506
f 2506 8113 8116
f 2506 8116 2505
f 2505 8116 8115
f 2505 8115 2508
f 2508 8115 8118
f 2508 8118 2507
f 2507 8118 8117
f 2507 8117 2510
f 2510 8117 8119
f 2510 8119 2511
f 2511 8119 8121
f 2511 8121 2509
f 2509 8121 8120
f 2509 8120 2513
f 2513 8120 8123
f 2513 8123 2512
f 2512 8123 8122
f 2512 8122 2515
f 2515 8122 8124
f 2515 8124 2516
f 2516 8124 8126
f 2516 8126 2514
f 2514 8126 8125
f 2514 8125 2518
f 2518 8125 8128
f 2518 8128 2517
f 2517 8128 8127
f 2517 8127 2520
f 2520 8127 8130
f 2520 8130 2519
f 2519 8130 8129
f 2519 8129 3983
f 3983 8129 9593
f 3983 9593 4255
f 4255 9593 9865
f 4255 9865 4883
f 4883 9865 10493
f 4883 10493 4256
f 4256 10493 9866
f 4256 9866 3984
f 3984 9866 9594
f 3984 9594 2522
f 2522 9594 8131
f 2522 8131 2523
f 2523 8131 8133
f 2523 8133 2521
f 2521 8133 8132
f 2521 8132 2525
f 2525 8132 8135
f 2525 8135 2524
f 2524 8135 8134
f 2524 8134 2527
f 2527 8134 8137
f 2527 8137 2526
f 2526 8137 8136
f 2526 8136 2529
f 2529 8136 8139
f 2529 8139 2528
f 2528 8139 8138
f 2528 8138 2531
f 2531 8138 8141
f 2531 8141 2530
f 2530 8141 8140
f 2530 8140 2533
f 2533 8140 8143
f 2533 8143 2532
f 2532 8143 8142
f 2532 8142 2535
f 2535 8142 8145
f 2535 8145 2534
f 2534 8145 8144
f 2534 8144 2537
f 2537 8144 8147
f 2537 8147 2536
f 2536 8147 8146
f 2536 8146 2539
f 2539 8146 8149
f 2539 8149 2538
f 2538 8149 8148
f 2538 8148 2541
f 2541 8148 8151
f 2541 8151 2540
f 2540 8151 8150
f 2540 8150 2543
f 2543 8150 8153
f 2543 8153 2542
f 2542 8153 8152
f 2542 8152 2545
f 2545 8152 8155
f 2545 8155 2544
f 2544 8155 8154
f 2544 8154 3985
f 3985 8154 9595
f 3985 9595 4257
f 4257 9595 9867
f 4257 9867 4601
f 4601 9867 10211
f 4601 10211 5225
f 5225 10211 10835
f 5225 10835 5278
f 5278 10835 10888
f 5278 10888 5408
f 5408 10888 11018
f 5408 11018 5435
f 5435 11018 11045
f 5435 11045 5455
f 5455 11045 11065
f 5455 11065 5478
f 5478 11065 11088
f 5478 11088 5493
f 5493 11088 11103
f 5493 11103 5505
f 5505 11103 11115
f 5505 11115 3695
f 3695 11115 9305
f 3695 9305 2547
f 2547 9305 8156
f 2547 8156 2548
f 2548 8156 8158
f 2548 8158 2546
f 2546 8158 8157
f 2546 8157 2550
f 2550 8157 8160
f 2550 8160 2549
f 2549 8160 8159
f 2549 8159 2552
f 2552 8159 8162
f 2552 8162 2551
f 2551 8162 8161
f 2551 8161 4258
f 4258 8161 9868
f 4258 9868 5049
f 5049 9868 10659
f 5049 10659 4602
f 4602 10659 10212
f 4602 10212 4259
f 4259 10212 9869
f 4259 9869 3696
f 3696 9869 9306
f 3696 9306 2554
f 2554 9306 8163
f 2554 8163 2555
f 2555 8163 8165
f 2555 8165 2553
f 2553 8165 8164
f 2553 8164 2557
f 2557 8164 8167
f 2557 8167 2556
f 2556 8167 8166
f 2556 8166 2559
f 2559 8166 8169
f 2559 8169 2558
f 2558 8169 8168
f 2558 8168 4884
f 4884 8168 10494
f 4884 10494 5146
f 5146 10494 10756
f 5146 10756 4885
f 4885 10756 10495
f 4885 10495 4260
f 4260 10495 9870
f 4260 9870 3697
f 3697 9870 9307
f 3697 9307 2561
f 2561 9307 8170
f 2561 8170 2562
f 2562 8170 8172
f 2562 8172 2560
f 2560 8172 8171
f 2560 8171 2564
f 2564 8171 8174
f 2564 8174 2563
f 2563 8174 8173
f 2563 8173 2566
f 2566 8173 8176
f 2566 8176 2565
f 2565 8176 8175
f 2565 8175 4603
f 4603 8175 10213
f 4603 10213 5050
f 5050 10213 10660
f 5050 10660 5051
f 5051 10660 10661
f 5051 10661 4261
f 4261 10661 9871
f 4261 9871 3698
f 3698 9871 9308
f 3698 9308 2568
f 2568 9308 8177
f 2568 8177 2569
f 2569 8177 8179
f 2569 8179 2567
f 2567 8179 8178
f 2567 8178 2571
f 2571 8178 8181
f 2571 8181 2570
f 2570 8181 8180
f 2570 8180 2573
f 2573 8180 8183
f 2573 8183 2572
f 2572 8183 8182
f 2572 8182 4604
f 4604 8182 10214
f 4604 10214 4886
f 4886 10214 10496
f 4886 10496 4605
f 4605 10496 10215
f 4605 10215 4262
f 4262 10215 9872
f 4262 9872 2575
f 2575 9872 8184
f 2575 8184 2576
f 2576 8184 8186
f 2576 8186 2574
f 2574 8186 8185
f 2574 8185 2578
f 2578 8185 8188
f 2578 8188 2577
f 2577 8188 8187
f 2577 8187 2580
f 2580 8187 8190
f 2580 8190 2579
f 2579 8190 8189
f 2579 8189 3699
f 3699 8189 9309
f 3699 9309 4887
f 4887 9309 10497
f 4887 10497 5052
f 5052 10497 10662
f 5052 10662 5147
f 5147 10662 10757
f 5147 10757 4263
f 4263 10757 9873
f 4263 9873 2582
f 2582 9873 8191
f 2582 8191 2583
f 2583 8191 8193
f 2583 8193 2581
f 2581 8193 8192
f 2581 8192 2585
f 2585 8192 8195
f 2585 8195 2584
f 2584 8195 8194
f 2584 8194 2587
f 2587 8194 8197
f 2587 8197 2586
f 2586 8197 8196
f 2586 8196 2589
f 2589 8196 8199
f 2589 8199 2588
f 2588 8199 8198
f 2588 8198 4606
f 4606 8198 10216
f 4606 10216 4607
f 4607 10216 10217
f 4607 10217 3986
f 3986 10217 9596
f 3986 9596 2591
f 2591 9596 8200
f 2591 8200 2592
f 2592 8200 8202
f 2592 8202 2590
f 2590 8202 8201
f 2590 8201 2594
f 2594 8201 8204
f 2594 8204 2593
f 2593 8204 8203
f 2593 8203 2596
f 2596 8203 8206
f 2596 8206 2595
f 2595 8206 8205
f 2595 8205 2598
f 2598 8205 8208
f 2598 8208 2597
f 2597 8208 8207
f 2597 8207 3987
f 3987 8207 9597
f 3987 9597 4608
f 4608 9597 10218
f 4608 10218 4264
f 4264 10218 9874
f 4264 9874 3700
f 3700 9874 9310
f 3700 9310 2600
f 2600 9310 8209
f 2600 8209 2601
f 2601 8209 8211
f 2601 8211 2599
f 2599 8211 8210
f 2599 8210 2603
f 2603 8210 8213
f 2603 8213 2602
f 2602 8213 8212
f 2602 8212 2605
f 2605 8212 8215
f 2605 8215 2604
f 2604 8215 8214
f 2604 8214 4888
f 4888 8214 10498
f 4888 10498 5053
f 5053 10498 10663
f 5053 10663 4889
f 4889 10663 10499
f 4889 10499 4265
f 4265 10499 9875
f 4265 9875 3701
f 3701 9875 9311
f 3701 9311 2607
f 2607 9311 8216
f 2607 8216 2608
f 2608 8216 8218
f 2608 8218 2606
f 2606 8218 8217
f 2606 8217 2610
f 2610 8217 8220
f 2610 8220 2609
f 2609 8220 8219
f 2609 8219 2612
f 2612 8219 8222
f 2612 8222 2611
f 2611 8222 8221
f 2611 8221 4609
f 4609 8221 10219
f 4609 10219 5054
f 5054 10219 10664
f 5054 10664 4610
f 4610 10664 10220
f 4610 10220 4266
f 4266 10220 9876
f 4266 9876 3702
f 3702 9876 9312
f 3702 9312 2614
f 2614 9312 8223
f 2614 8223 2615
f 2615 8223 8225
f 2615 8225 2613
f 2613 8225 8224
f 2613 8224 2617
f 2617 8224 8227
f 2617 8227 2616
f 2616 8227 8226
f 2616 8226 2619
f 2619 8226 8229
f 2619 8229 2618
f 2618 8229 8228
f 2618 8228 4890
f 4890 8228 10500
f 4890 10500 5055
f 5055 10500 10665
f 5055 10665 5148
f 5148 10665 10758
f 5148 10758 4267
f 4267 10758 9877
f 4267 9877 3703
f 3703 9877 9313
f 3703 9313 2621
f 2621 9313 8230
f 2621 8230 2622
f 2622 8230 8232
f 2622 8232 2620
f 2620 8232 8231
f 2620 8231 2624
f 2624 8231 8234
f 2624 8234 2623
f 2623 8234 8233
f 2623 8233 2626
f 2626 8233 8236
f 2626 8236 2625
f 2625 8236 8235
f 2625 8235 4611
f 4611 8235 10221
f 4611 10221 4891
f 4891 10221 10501
f 4891 10501 5359
f 5359 10501 10969
f 5359 10969 4268
f 4268 10969 9878
f 4268 9878 2628
f 2628 9878 8237
f 2628 8237 2629
f 2629 8237 8239
f 2629 8239 2627
f 2627 8239 8238
f 2627 8238 2631
f 2631 8238 8241
f 2631 8241 2630
f 2630 8241 8240
f 2630 8240 2633
f 2633 8240 8243
f 2633 8243 2632
f 2632 8243 8242
f 2632 8242 2635
f 2635 8242 8245
f 2635 8245 2634
f 2634 8245 8244
f 2634 8244 4612
f 4612 8244 10222
f 4612 10222 4613
f 4613 10222 10223
f 4613 10223 4269
f 4269 10223 9879
f 4269 9879 3704
f 3704 9879 9314
f 3704 9314 2637
f 2637 9314 8246
f 2637 8246 2638
f 2638 8246 8248
f 2638 8248 2636
f 2636 8248 8247
f 2636 8247 2640
f 2640 8247 8250
f 2640 8250 2639
f 2639 8250 8249
f 2639 8249 2642
f 2642 8249 8252
f 2642 8252 2641
f 2641 8252 8251
f 2641 8251 4892
f 4892 8251 10502
f 4892 10502 5149
f 5149 10502 10759
f 5149 10759 4893
f 4893 10759 10503
f 4893 10503 4270
f 4270 10503 9880
f 4270 9880 3705
f 3705 9880 9315
f 3705 9315 2644
f 2644 9315 8253
f 2644 8253 2645
f 2645 8253 8255
f 2645 8255 2643
f 2643 8255 8254
f 2643 8254 2647
f 2647 8254 8257
f 2647 8257 2646
f 2646 8257 8256
f 2646 8256 2649
f 2649 8256 8259
f 2649 8259 2648
f 2648 8259 8258
f 2648 8258 4614
f 4614 8258 10224
f 4614 10224 5056
f 5056 10224 10666
f 5056 10666 5057
f 5057 10666 10667
f 5057 10667 4615
f 4615 10667 10225
f 4615 10225 3988
f 3988 10225 9598
f 3988 9598 2651
f 2651 9598 8260
f 2651 8260 2652
f 2652 8260 8262
f 2652 8262 2650
f 2650 8262 8261
f 2650 8261 2654
f 2654 8261 8264
f 2654 8264 2653
f 2653 8264 8263
f 2653 8263 2656
f 2656 8263 8266
f 2656 8266 2655
f 2655 8266 8265
f 2655 8265 3706
f 3706 8265 9316
f 3706 9316 4616
f 4616 9316 10226
f 4616 10226 4271
f 4271 10226 9881
f 4271 9881 3707
f 3707 9881 9317
f 3707 9317 2658
f 2658 9317 8267
f 2658 8267 2659
f 2659 8267 8269
f 2659 8269 2657
f 2657 8269 8268
f 2657 8268 2661
f 2661 8268 8271
f 2661 8271 2660
f 2660 8271 8270
f 2660 8270 2663
f 2663 8270 8273
f 2663 8273 2662
f 2662 8273 8272
f 2662 8272 2665
f 2665 8272 8275
f 2665 8275 2664
f 2664 8275 8274
f 2664 8274 3708
f 3708 8274 9318
f 3708 9318 3989
f 3989 9318 9599
f 3989 9599 5058
f 5058 9599 10668
f 5058 10668 5279
f 5279 10668 10889
f 5279 10889 5280
f 5280 10889 10890
f 5280 10890 5059
f 5059 10890 10669
f 5059 10669 4894
f 4894 10669 10504
f 4894 10504 4617
f 4617 10504 10227
f 4617 10227 3990
f 3990 10227 9600
f 3990 9600 2667
f 2667 9600 8276
f 2667 8276 2668
f 2668 8276 8278
f 2668 8278 2666
f 2666 8278 8277
f 2666 8277 2670
f 2670 8277 8280
f 2670 8280 2669
f 2669 8280 8279
f 2669 8279 2672
f 2672 8279 8282
f 2672 8282 2671
f 2671 8282 8281
f 2671 8281 3709
f 3709 8281 9319
f 3709 9319 3991
f 3991 9319 9601
f 3991 9601 5060
f 5060 9601 10670
f 5060 10670 4618
f 4618 10670 10228
f 4618 10228 4272
f 4272 10228 9882
f 4272 9882 3710
f 3710 9882 9320
f 3710 9320 2674
f 2674 9320 8283
f 2674 8283 2675
f 2675 8283 8285
f 2675 8285 2673
f 2673 8285 8284
f 2673 8284 2677
f 2677 8284 8287
f 2677 8287 2676
f 2676 8287 8286
f 2676 8286 2679
f 2679 8286 8289
f 2679 8289 2678
f 2678 8289 8288
f 2678 8288 4895
f 4895 8288 10505
f 4895 10505 5150
f 5150 10505 10760
f 5150 10760 5323
f 5323 10760 10933
f 5323 10933 4273
f 4273 10933 9883
f 4273 9883 2681
f 2681 9883 8290
f 2681 8290 2682
f 2682 8290 8292
f 2682 8292 2680
f 2680 8292 8291
f 2680 8291 2684
f 2684 8291 8294
f 2684 8294 2683
f 2683 8294 8293
f 2683 8293 2686
f 2686 8293 8296
f 2686 8296 2685
f 2685 8296 8295
f 2685 8295 3711
f 3711 8295 9321
f 3711 9321 4619
f 4619 9321 10229
f 4619 10229 4896
f 4896 10229 10506
f 4896 10506 5226
f 5226 10506 10836
f 5226 10836 4274
f 4274 10836 9884
f 4274 9884 3712
f 3712 9884 9322
f 3712 9322 2688
f 2688 9322 8297
f 2688 8297 2689
f 2689 8297 8299
f 2689 8299 2687
f 2687 8299 8298
f 2687 8298 2691
f 2691 8298 8301
f 2691 8301 2690
f 2690 8301 8300
f 2690 8300 2693
f 2693 8300 8303
f 2693 8303 2692
f 2692 8303 8302
f 2692 8302 4620
f 4620 8302 10230
f 4620 10230 4897
f 4897 10230 10507
f 4897 10507 5061
f 5061 10507 10671
f 5061 10671 5151
f 5151 10671 10761
f 5151 10761 2695
f 2695 10761 8304
f 2695 8304 2696
f 2696 8304 8306
f 2696 8306 2694
f 2694 8306 8305
f 2694 8305 2698
f 2698 8305 8308
f 2698 8308 2697
f 2697 8308 8307
f 2697 8307 2700
f 2700 8307 8310
f 2700 8310 2699
f 2699 8310 8309
f 2699 8309 3713
f 3713 8309 9323
f 3713 9323 4275
f 4275 9323 9885
f 4275 9885 4898
f 4898 9885 10508
f 4898 10508 4621
f 4621 10508 10231
f 4621 10231 3992
f 3992 10231 9602
f 3992 9602 2702
f 2702 9602 8311
f 2702 8311 2703
f 2703 8311 8313
f 2703 8313 2701
f 2701 8313 8312
f 2701 8312 2705
f 2705 8312 8315
f 2705 8315 2704
f 2704 8315 8314
f 2704 8314 2707
f 2707 8314 8317
f 2707 8317 2706
f 2706 8317 8316
f 2706 8316 2709
f 2709 8316 8319
f 2709 8319 2708
f 2708 8319 8318
f 2708 8318 3993
f 3993 8318 9603
f 3993 9603 5152
f 5152 9603 10762
f 5152 10762 4899
f 4899 10762 10509
f 4899 10509 3714
f 3714 10509 9324
f 3714 9324 2711
f 2711 9324 8320
f 2711 8320 2712
f 2712 8320 8322
f 2712 8322 2710
f 2710 8322 8321
f 2710 8321 2714
f 2714 8321 8324
f 2714 8324 2713
f 2713 8324 8323
f 2713 8323 2716
f 2716 8323 8326
f 2716 8326 2715
f 2715 8326 8325
f 2715 8325 4276
f 4276 8325 9886
f 4276 9886 4622
f 4622 9886 10232
f 4622 10232 4277
f 4277 10232 9887
f 4277 9887 2718
f 2718 9887 8327
f 2718 8327 2719
f 2719 8327 8329
f 2719 8329 2717
f 2717 8329 8328
f 2717 8328 2721
f 2721 8328 8331
f 2721 8331 2720
f 2720 8331 8330
f 2720 8330 2723
f 2723 8330 8333
f 2723 8333 2722
f 2722 8333 8332
f 2722 8332 2725
f 2725 8332 8335
f 2725 8335 2724
f 2724 8335 8334
f 2724 8334 5153
f 5153 8334 10763
f 5153 10763 5227
f 5227 10763 10837
f 5227 10837 5324
f 5324 10837 10934
f 5324 10934 5383
f 5383 10934 10993
f 5383 10993 5456
f 5456 10993 11066
f 5456 11066 5609
f 5609 11066 11219
f 5609 11219 5610
f 5610 11219 11220
f 5610 11220 5608
f 5608 11220 11218
f 5608 11218 5607
f 5607 11218 11217
f 5607 11217 5606
f 5606 11217 11216
f 5606 11216 5605
f 5605 11216 11215
f 5605 11215 5604
f 5604 11215 11214
f 2345 7954 2346
f 2346 7954 7956
f 2346 7956 2344
f 2344 7956 7955
f 2344 7955 2348
f 2348 7955 7958
f 2348 7958 2347
f 2347 7958 7957
f 2347 7957 2350
f 2350 7957 7960
f 2350 7960 2349
f 2349 7960 7959
f 2349 7959 3683
f 3683 7959 9293
f 3683 9293 4584
f 4584 9293 10194
f 4584 10194 4867
f 4867 10194 10477
f 4867 10477 4241
f 4241 10477 9851
f 4241 9851 2352
f 2352 9851 7961
f 2352 7961 2353
f 2353 7961 7963
f 2353 7963 2351
f 2351 7963 7962
f 2351 7962 2355
f 2355 7962 7965
f 2355 7965 2354
f 2354 7965 7964
f 2354 7964 2357
f 2357 7964 7967
f 2357 7967 2356
f 2356 7967 7966
f 2356 7966 2359
f 2359 7966 7969
f 2359 7969 2358
f 2358 7969 7968
f 2358 7968 4585
f 4585 7968 10195
f 4585 10195 4586
f 4586 10195 10196
f 4586 10196 4242
f 4242 10196 9852
f 4242 9852 2361
f 2361 9852 7970
f 2361 7970 2362
f 2362 7970 7972
f 2362 7972 2360
f 2360 7972 7971
f 2360 7971 2364
f 2364 7971 7974
f 2364 7974 2363
f 2363 7974 7973
f 2363 7973 2366
f 2366 7973 7976
f 2366 7976 2365
f 2365 7976 7975
f 2365 7975 2368
f 2368 7975 7978
f 2368 7978 2367
f 2367 7978 7977
f 2367 7977 4868
f 4868 7977 10478
f 4868 10478 4869
f 4869 10478 10479
f 4869 10479 4243
f 4243 10479 9853
f 4243 9853 3684
f 3684 9853 9294
f 3684 9294 2370
f 2370 9294 7979
f 2370 7979 2371
f 2371 7979 7981
f 2371 7981 2369
f 2369 7981 7980
f 2369 7980 2373
f 2373 7980 7983
f 2373 7983 2372
f 2372 7983 7982
f 2372 7982 2375
f 2375 7982 7985
f 2375 7985 2374
f 2374 7985 7984
f 2374 7984 4587
f 4587 7984 10197
f 4587 10197 5044
f 5044 10197 10654
f 5044 10654 4870
f 4870 10654 10480
f 4870 10480 4244
f 4244 10480 9854
f 4244 9854 3685
f 3685 9854 9295
f 3685 9295 2377
f 2377 9295 7986
f 2377 7986 2378
f 2378 7986 7988
f 2378 7988 2376
f 2376 7988 7987
f 2376 7987 2380
f 2380 7987 7990
f 2380 7990 2379
f 2379 7990 7989
f 2379 7989 2382
f 2382 7989 7992
f 2382 7992 2381
f 2381 7992 7991
f 2381 7991 4588
f 4588 7991 10198
f 4588 10198 5045
f 5045 10198 10655
f 5045 10655 5144
f 5144 10655 10754
f 5144 10754 4245
f 4245 10754 9855
f 4245 9855 2384
f 2384 9855 7993
f 2384 7993 2385
f 2385 7993 7995
f 2385 7995 2383
f 2383 7995 7994
f 2383 7994 2387
f 2387 7994 7997
f 2387 7997 2386
f 2386 7997 7996
f 2386 7996 2389
f 2389 7996 7999
f 2389 7999 2388
f 2388 7999 7998
f 2388 7998 2391
f 2391 7998 8001
f 2391 8001 2390
f 2390 8001 8000
f 2390 8000 4589
f 4589 8000 10199
f 4589 10199 4871
f 4871 10199 10481
f 4871 10481 4590
f 4590 10481 10200
f 4590 10200 3970
f 3970 10200 9580
f 3970 9580 2393
f 2393 9580 8002
f 2393 8002 2394
f 2394 8002 8004
f 2394 8004 2392
f 2392 8004 8003
f 2392 8003 2396
f 2396 8003 8006
f 2396 8006 2395
f 2395 8006 8005
f 2395 8005 2398
f 2398 8005 8008
f 2398 8008 2397
f 2397 8008 8007
f 2397 8007 4872
f 4872 8007 10482
f 4872 10482 4873
f 4873 10482 10483
f 4873 10483 4246
f 4246 10483 9856
f 4246 9856 3971
f 3971 9856 9581
f 3971 9581 2400
f 2400 9581 8009
f 2400 8009 2401
f 2401 8009 8011
f 2401 8011 2399
f 2399 8011 8010
f 2399 8010 2403
f 2403 8010 8013
f 2403 8013 2402
f 2402 8013 8012
f 2402 8012 2405
f 2405 8012 8015
f 2405 8015 2404
f 2404 8015 8014
f 2404 8014 2407
f 2407 8014 8017
f 2407 8017 2406
f 2406 8017 8016
f 2406 8016 3972
f 3972 8016 9582
f 3972 9582 4591
f 4591 9582 10201
f 4591 10201 4247
f 4247 10201 9857
f 4247 9857 3686
f 3686 9857 9296
f 3686 9296 2409
f 2409 9296 8018
f 2409 8018 2410
f 2410 8018 8020
f 2410 8020 2408
f 2408 8020 8019
f 2408 8019 2412
f 2412 8019 8022
f 2412 8022 2411
f 2411 8022 8021
f 2411 8021 2414
f 2414 8021 8024
f 2414 8024 2413
f 2413 8024 8023
f 2413 8023 5276
f 5276 8023 10886
f 5276 10886 5321
f 5321 10886 10931
f 5321 10931 4592
f 4592 10931 10202
f 4592 10202 3973
f 3973 10202 9583
f 3973 9583 2416
f 2416 9583 8025
f 2416 8025 2417
f 2417 8025 8027
f 2417 8027 2415
f 2415 8027 8026
f 2415 8026 2419
f 2419 8026 8029
f 2419 8029 2418
f 2418 8029 8028
f 2418 8028 2421
f 2421 8028 8031
f 2421 8031 2420
f 2420 8031 8030
f 2420 8030 2423
f 2423 8030 8033
f 2423 8033 2422
f 2422 8033 8032
f 2422 8032 3974
f 3974 8032 9584
f 3974 9584 4593
f 4593 9584 10203
f 4593 10203 3975
f 3975 10203 9585
f 3975 9585 2425
f 2425 9585 8034
f 2425 8034 2426
f 2426 8034 8036
f 2426 8036 2424
f 2424 8036 8035
f 2424 8035 2428
f 2428 8035 8038
f 2428 8038 2427
f 2427 8038 8037
f 2427 8037 2430
f 2430 8037 8040
f 2430 8040 2429
f 2429 8040 8039
f 2429 8039 2432
f 2432 8039 8042
f 2432 8042 2431
f 2431 8042 8041
f 2431 8041 3976
f 3976 8041 9586
f 3976 9586 4874
f 4874 9586 10484
f 4874 10484 4248
f 4248 10484 9858
f 4248 9858 3687
f 3687 9858 9297
f 3687 9297 2434
f 2434 9297 8043
f 2434 8043 2435
f 2435 8043 8045
f 2435 8045 2433
f 2433 8045 8044
f 2433 8044 2437
f 2437 8044 8047
f 2437 8047 2436
f 2436 8047 8046
f 2436 8046 2439
f 2439 8046 8049
f 2439 8049 2438
f 2438 8049 8048
f 2438 8048 4594
f 4594 8048 10204
f 4594 10204 5322
f 5322 10204 10932
f 5322 10932 5277
f 5277 10932 10887
f 5277 10887 4595
f 4595 10887 10205
f 4595 10205 3977
f 3977 10205 9587
f 3977 9587 2441
f 2441 9587 8050
f 2441 8050 2442
f 2442 8050 8052
f 2442 8052 2440
f 2440 8052 8051
f 2440 8051 2444
f 2444 8051 8054
f 2444 8054 2443
f 2443 8054 8053
f 2443 8053 2446
f 2446 8053 8056
f 2446 8056 2445
f 2445 8056 8055
f 2445 8055 3688
f 3688 8055 9298
f 3688 9298 4875
f 4875 9298 10485
f 4875 10485 5046
f 5046 10485 10656
f 5046 10656 4249
f 4249 10656 9859
f 4249 9859 3689
f 3689 9859 9299
f 3689 9299 2448
f 2448 9299 8057
f 2448 8057 2449
f 2449 8057 8059
f 2449 8059 2447
f 2447 8059 8058
f 2447 8058 2451
f 2451 8058 8061
f 2451 8061 2450
f 2450 8061 8060
f 2450 8060 2453
f 2453 8060 8063
f 2453 8063 2452
f 2452 8063 8062
f 2452 8062 4596
f 4596 8062 10206
f 4596 10206 4876
f 4876 10206 10486
f 4876 10486 4597
f 4597 10486 10207
f 4597 10207 3978
f 3978 10207 9588
f 3978 9588 2455
f 2455 9588 8064
f 2455 8064 2456
f 2456 8064 8066
f 2456 8066 2454
f 2454 8066 8065
f 2454 8065 2458
f 2458 8065 8068
f 2458 8068 2457
f 2457 8068 8067
f 2457 8067 2460
f 2460 8067 8070
f 2460 8070 2459
f 2459 8070 8069
f 2459 8069 2462
f 2462 8069 8072
f 2462 8072 2461
f 2461 8072 8071
f 2461 8071 3979
f 3979 8071 9589
f 3979 9589 4877
f 4877 9589 10487
f 4877 10487 4250
f 4250 10487 9860
f 4250 9860 3690
f 3690 9860 9300
f 3690 9300 2464
f 2464 9300 8073
f 2464 8073 2465
f 2465 8073 8075
f 2465 8075 2463
f 2463 8075 8074
f 2463 8074 2467
f 2467 8074 8077
f 2467 8077 2466
f 2466 8077 8076
f 2466 8076 2469
f 2469 8076 8079
f 2469 8079 2468
f 2468 8079 8078
f 2468 8078 2471
f 2471 8078 8081
f 2471 8081 4651
f 4651 8081 10261
f 4651 10261 5233
f 5233 10261 10843
f 5233 10843 5438
f 5438 10843 11048
f 5438 11048 5459
f 5459 11048 11069
f 5459 11069 5234
f 5234 11069 10844
f 5234 10844 5159
f 5159 10844 10769
f 5159 10769 4918
f 4918 10769 10528
f 4918 10528 4652
f 4652 10528 10262
f 4652 10262 4306
f 4306 10262 9916
f 4306 9916 3740
f 3740 9916 9350
f 3740 9350 3015
f 3015 9350 8624
f 3015 8624 3016
f 3016 8624 8626
f 3016 8626 3014
f 3014 8626 8625
f 3014 8625 3018
f 3018 8625 8628
f 3018 8628 3017
f 3017 8628 8627
f 3017 8627 3020
f 3020 8627 8630
f 3020 8630 3019
f 3019 8630 8629
f 3019 8629 3022
f 3022 8629 8632
f 3022 8632 3021
f 3021 8632 8631
f 3021 8631 3024
f 3024 8631 8634
f 3024 8634 3023
f 3023 8634 8633
f 3023 8633 3026
f 3026 8633 8636
f 3026 8636 3025
f 3025 8636 8635
f 3025 8635 3741
f 3741 8635 9351
f 3741 9351 4307
f 4307 9351 9917
f 4307 9917 4308
f 4308 9917 9918
f 4308 9918 4015
f 4015 9918 9625
f 4015 9625 3028
f 3028 9625 8637
f 3028 8637 3029
f 3029 8637 8639
f 3029 8639 3027
f 3027 8639 8638
f 3027 8638 3031
f 3031 8638 8641
f 3031 8641 3030
f 3030 8641 8640
f 3030 8640 3033
f 3033 8640 8643
f 3033 8643 3032
f 3032 8643 8642
f 3032 8642 3035
f 3035 8642 8645
f 3035 8645 3034
f 3034 8645 8644
f 3034 8644 4016
f 4016 8644 9626
f 4016 9626 4309
f 4309 9626 9919
f 4309 9919 4653
f 4653 9919 10263
f 4653 10263 4017
f 4017 10263 9627
f 4017 9627 3037
f 3037 9627 8646
f 3037 8646 3038
f 3038 8646 8648
f 3038 8648 3036
f 3036 8648 8647
f 3036 8647 3040
f 3040 8647 8650
f 3040 8650 3039
f 3039 8650 8649
f 3039 8649 3042
f 3042 8649 8652
f 3042 8652 3041
f 3041 8652 8651
f 3041 8651 3742
f 3742 8651 9352
f 3742 9352 4919
f 4919 9352 10529
f 4919 10529 4654
f 4654 10529 10264
f 4654 10264 4310
f 4310 10264 9920
f 4310 9920 3044
f 3044 9920 8653
f 3044 8653 3045
f 3045 8653 8655
f 3045 8655 3043
f 3043 8655 8654
f 3043 8654 3047
f 3047 8654 8657
f 3047 8657 3046
f 3046 8657 8656
f 3046 8656 3049
f 3049 8656 8659
f 3049 8659 3048
f 3048 8659 8658
f 3048 8658 3051
f 3051 8658 8661
f 3051 8661 3050
f 3050 8661 8660
f 3050 8660 4920
f 4920 8660 10530
f 4920 10530 5532
f 5532 10530 11142
f 5532 11142 5555
f 5555 11142 11165
f 5555 11165 5551
f 5551 11165 11161
f 5551 11161 5235
f 5235 11161 10845
f 5235 10845 5071
f 5071 10845 10681
f 5071 10681 4921
f 4921 10681 10531
f 4921 10531 4655
f 4655 10531 10265
f 4655 10265 4311
f 4311 10265 9921
f 4311 9921 3743
f 3743 9921 9353
f 3743 9353 3053
f 3053 9353 8662
f 3053 8662 3054
f 3054 8662 8664
f 3054 8664 3052
f 3052 8664 8663
f 3052 8663 3056
f 3056 8663 8666
f 3056 8666 3055
f 3055 8666 8665
f 3055 8665 3058
f 3058 8665 8668
f 3058 8668 3057
f 3057 8668 8667
f 3057 8667 5160
f 5160 8667 10770
f 5160 10770 5288
f 5288 10770 10898
f 5288 10898 5329
f 5329 10898 10939
f 5329 10939 4312
f 4312 10939 9922
f 4312 9922 3060
f 3060 9922 8669
f 3060 8669 3061
f 3061 8669 8671
f 3061 8671 3059
f 3059 8671 8670
f 3059 8670 3063
f 3063 8670 8673
f 3063 8673 3062
f 3062 8673 8672
f 3062 8672 3065
f 3065 8672 8675
f 3065 8675 3064
f 3064 8675 8674
f 3064 8674 3744
f 3744 8674 9354
f 3744 9354 4656
f 4656 9354 10266
f 4656 10266 4922
f 4922 10266 10532
f 4922 10532 4657
f 4657 10532 10267
f 4657 10267 4313
f 4313 10267 9923
f 4313 9923 3745
f 3745 9923 9355
f 3745 9355 3067
f 3067 9355 8676
f 3067 8676 3068
f 3068 8676 8678
f 3068 8678 3066
f 3066 8678 8677
f 3066 8677 3070
f 3070 8677 8680
f 3070 8680 3069
f 3069 8680 8679
f 3069 8679 3072
f 3072 8679 8682
f 3072 8682 3071
f 3071 8682 8681
f 3071 8681 5161
f 5161 8681 10771
f 5161 10771 5236
f 5236 10771 10846
f 5236 10846 5289
f 5289 10846 10899
f 5289 10899 5330
f 5330 10899 10940
f 5330 10940 4018
f 4018 10940 9628
f 4018 9628 3074
f 3074 9628 8683
f 3074 8683 3075
f 3075 8683 8685
f 3075 8685 3073
f 3073 8685 8684
f 3073 8684 3077
f 3077 8684 8687
f 3077 8687 3076
f 3076 8687 8686
f 3076 8686 3079
f 3079 8686 8689
f 3079 8689 3078
f 3078 8689 8688
f 3078 8688 4658
f 4658 8688 10268
f 4658 10268 4923
f 4923 10268 10533
f 4923 10533 4659
f 4659 10533 10269
f 4659 10269 4019
f 4019 10269 9629
f 4019 9629 3081
f 3081 9629 8690
f 3081 8690 3082
f 3082 8690 8692
f 3082 8692 3080
f 3080 8692 8691
f 3080 8691 3084
f 3084 8691 8694
f 3084 8694 3083
f 3083 8694 8693
f 3083 8693 3086
f 3086 8693 8696
f 3086 8696 3085
f 3085 8696 8695
f 3085 8695 3088
f 3088 8695 8698
f 3088 8698 3087
f 3087 8698 8697
f 3087 8697 4020
f 4020 8697 9630
f 4020 9630 5162
f 5162 9630 10772
f 5162 10772 4314
f 4314 10772 9924
f 4314 9924 3090
f 3090 9924 8699
f 3090 8699 3091
f 3091 8699 8701
f 3091 8701 3089
f 3089 8701 8700
f 3089 8700 3093
f 3093 8700 8703
f 3093 8703 3092
f 3092 8703 8702
f 3092 8702 3095
f 3095 8702 8705
f 3095 8705 3094
f 3094 8705 8704
f 3094 8704 3746
f 3746 8704 9356
f 3746 9356 4660
f 4660 9356 10270
f 4660 10270 4924
f 4924 10270 10534
f 4924 10534 5411
f 5411 10534 11021
f 5411 11021 4925
f 4925 11021 10535
f 4925 10535 3097
f 3097 10535 8706
f 3097 8706 3098
f 3098 8706 8708
f 3098 8708 3096
f 3096 8708 8707
f 3096 8707 3100
f 3100 8707 8710
f 3100 8710 3099
f 3099 8710 8709
f 3099 8709 3102
f 3102 8709 8712
f 3102 8712 3101
f 3101 8712 8711
f 3101 8711 3104
f 3104 8711 8714
f 3104 8714 3103
f 3103 8714 8713
f 3103 8713 4315
f 4315 8713 9925
f 4315 9925 4661
f 4661 9925 10271
f 4661 10271 4316
f 4316 10271 9926
f 4316 9926 3747
f 3747 9926 9357
f 3747 9357 3106
f 3106 9357 8715
f 3106 8715 3107
f 3107 8715 8717
f 3107 8717 3105
f 3105 8717 8716
f 3105 8716 3109
f 3109 8716 8719
f 3109 8719 3108
f 3108 8719 8718
f 3108 8718 3111
f 3111 8718 8721
f 3111 8721 3110
f 3110 8721 8720
f 3110 8720 4926
f 4926 8720 10536
f 4926 10536 4927
f 4927 10536 10537
f 4927 10537 4317
f 4317 10537 9927
f 4317 9927 4021
f 4021 9927 9631
f 4021 9631 3113
f 3113 9631 8722
f 3113 8722 3114
f 3114 8722 8724
f 3114 8724 3112
f 3112 8724 8723
f 3112 8723 3116
f 3116 8723 8726
f 3116 8726 3115
f 3115 8726 8725
f 3115 8725 3118
f 3118 8725 8728
f 3118 8728 3117
f 3117 8728 8727
f 3117 8727 3120
f 3120 8727 8730
f 3120 8730 3119
f 3119 8730 8729
f 3119 8729 5237
f 5237 8729 10847
f 5237 10847 5331
f 5331 10847 10941
f 5331 10941 4318
f 4318 10941 9928
f 4318 9928 3122
f 3122 9928 8731
f 3122 8731 3123
f 3123 8731 8733
f 3123 8733 3121
f 3121 8733 8732
f 3121 8732 3125
f 3125 8732 8735
f 3125 8735 3124
f 3124 8735 8734
f 3124 8734 3127
f 3127 8734 8737
f 3127 8737 3126
f 3126 8737 8736
f 3126 8736 3748
f 3748 8736 9358
f 3748 9358 4662
f 4662 9358 10272
f 4662 10272 4928
f 4928 10272 10538
f 4928 10538 4929
f 4929 10538 10539
f 4929 10539 4319
f 4319 10539 9929
f 4319 9929 3129
f 3129 9929 8738
f 3129 8738 3130
f 3130 8738 8740
f 3130 8740 3128
f 3128 8740 8739
f 3128 8739 3132
f 3132 8739 8742
f 3132 8742 3131
f 3131 8742 8741
f 3131 8741 3134
f 3134 8741 8744
f 3134 8744 3133
f 3133 8744 8743
f 3133 8743 3136
f 3136 8743 8746
f 3136 8746 3135
f 3135 8746 8745
f 3135 8745 3138
f 3138 8745 8748
f 3138 8748 3137
f 3137 8748 8747
f 3137 8747 3140
f 3140 8747 8750
f 3140 8750 3139
f 3139 8750 8749
f 3139 8749 3142
f 3142 8749 8752
f 3142 8752 3141
f 3141 8752 8751
f 3141 8751 3144
f 3144 8751 8754
f 3144 8754 3143
f 3143 8754 8753
f 3143 8753 3146
f 3146 8753 8756
f 3146 8756 3145
f 3145 8756 8755
f 3145 8755 3749
f 3749 8755 9359
f 3749 9359 4022
f 4022 9359 9632
f 4022 9632 5163
f 5163 9632 10773
f 5163 10773 5164
f 5164 10773 10774
f 5164 10774 5072
f 5072 10774 10682
f 5072 10682 4023
f 4023 10682 9633
f 4023 9633 3148
f 3148 9633 8757
f 3148 8757 3149
f 3149 8757 8759
f 3149 8759 3147
f 3147 8759 8758
f 3147 8758 3151
f 3151 8758 8761
f 3151 8761 3150
f 3150 8761 8760
f 3150 8760 3153
f 3153 8760 8763
f 3153 8763 3152
f 3152 8763 8762
f 3152 8762 4663
f 4663 8762 10273
f 4663 10273 4320
f 4320 10273 9930
f 4320 9930 4024
f 4024 9930 9634
f 4024 9634 3750
f 3750 9634 9360
f 3750 9360 3154
f 3154 9360 8764
f 3154 8764 2296
f 2296 8764 7906
f 2296 7906 3678
f 3678 7906 9288
f 3678 9288 5275
f 5275 9288 10885
f 5275 10885 5320
f 5320 10885 10930
f 5320 10930 4579
f 4579 10930 10189
f 4579 10189 3679
f 3679 10189 9289
f 3679 9289 2299
f 2299 9289 7908
f 2299 7908 2300
f 2300 7908 7910
f 2300 7910 2298
f 2298 7910 7909
f 2298 7909 2302
f 2302 7909 7912
f 2302 7912 2301
f 2301 7912 7911
f 2301 7911 2304
f 2304 7911 7914
f 2304 7914 2303
f 2303 7914 7913
f 2303 7913 4237
f 4237 7913 9847
f 4237 9847 5407
f 5407 9847 11017
f 5407 11017 4580
f 4580 11017 10190
f 4580 10190 3966
f 3966 10190 9576
f 3966 9576 2306
f 2306 9576 7915
f 2306 7915 2307
f 2307 7915 7917
f 2307 7917 2305
f 2305 7917 7916
f 2305 7916 2309
f 2309 7916 7919
f 2309 7919 2308
f 2308 7919 7918
f 2308 7918 2311
f 2311 7918 7921
f 2311 7921 2310
f 2310 7921 7920
f 2310 7920 2313
f 2313 7920 7923
f 2313 7923 2312
f 2312 7923 7922
f 2312 7922 4863
f 4863 7922 10473
f 4863 10473 4581
f 4581 10473 10191
f 4581 10191 4238
f 4238 10191 9848
f 4238 9848 2315
f 2315 9848 7924
f 2315 7924 2316
f 2316 7924 7926
f 2316 7926 2314
f 2314 7926 7925
f 2314 7925 2318
f 2318 7925 7928
f 2318 7928 2317
f 2317 7928 7927
f 2317 7927 2320
f 2320 7927 7930
f 2320 7930 2319
f 2319 7930 7929
f 2319 7929 2322
f 2322 7929 7932
f 2322 7932 2321
f 2321 7932 7931
f 2321 7931 4864
f 4864 7931 10474
f 4864 10474 4582
f 4582 10474 10192
f 4582 10192 3967
f 3967 10192 9577
f 3967 9577 2324
f 2324 9577 7933
f 2324 7933 2325
f 2325 7933 7935
f 2325 7935 2323
f 2323 7935 7934
f 2323 7934 2327
f 2327 7934 7937
f 2327 7937 2326
f 2326 7937 7936
f 2326 7936 2329
f 2329 7936 7939
f 2329 7939 2328
f 2328 7939 7938
f 2328 7938 3680
f 3680 7938 9290
f 3680 9290 3968
f 3968 9290 9578
f 3968 9578 4865
f 4865 9578 10475
f 4865 10475 4866
f 4866 10475 10476
f 4866 10476 4239
f 4239 10476 9849
f 4239 9849 3681
f 3681 9849 9291
f 3681 9291 2331
f 2331 9291 7940
f 2331 7940 2332
f 2332 7940 7942
f 2332 7942 2330
f 2330 7942 7941
f 2330 7941 2334
f 2334 7941 7944
f 2334 7944 2333
f 2333 7944 7943
f 2333 7943 2336
f 2336 7943 7946
f 2336 7946 2335
f 2335 7946 7945
f 2335 7945 4583
f 4583 7945 10193
f 4583 10193 5043
f 5043 10193 10653
f 5043 10653 5143
f 5143 10653 10753
f 5143 10753 5224
f 5224 10753 10834
f 5224 10834 2338
f 2338 10834 7947
f 2338 7947 2339
f 2339 7947 7949
f 2339 7949 2337
f 2337 7949 7948
f 2337 7948 2341
f 2341 7948 7951
f 2341 7951 2340
f 2340 7951 7950
f 2340 7950 2343
f 2343 7950 7953
f 2343 7953 2342
f 2342 7953 7952
f 2342 7952 3682
f 3682 7952 9292
f 3682 9292 4240
f 4240 9292 9850
f 4240 9850 5382
f 5382 9850 10992
f 5382 10992 5492
f 5492 10992 11102
f 5492 11102 5434
f 5434 11102 11044
f 5434 11044 3969
f 3969 11044 9579
f 3969 9579 2345
f 2345 9579 7954
f 2034 7644 2032
f 2032 7644 7643
f 2032 7643 2036
f 2036 7643 7646
f 2036 7646 2035
f 2035 7646 7645
f 2035 7645 2038
f 2038 7645 7648
f 2038 7648 2037
f 2037 7648 7647
f 2037 7647 3652
f 3652 7647 9262
f 3652 9262 3943
f 3943 9262 9553
f 3943 9553 5029
f 5029 9553 10639
f 5029 10639 5133
f 5133 10639 10743
f 5133 10743 4208
f 4208 10743 9818
f 4208 9818 3653
f 3653 9818 9263
f 3653 9263 2040
f 2040 9263 7649
f 2040 7649 2041
f 2041 7649 7651
f 2041 7651 2039
f 2039 7651 7650
f 2039 7650 2043
f 2043 7650 7653
f 2043 7653 2042
f 2042 7653 7652
f 2042 7652 2045
f 2045 7652 7655
f 2045 7655 2044
f 2044 7655 7654
f 2044 7654 4552
f 4552 7654 10162
f 4552 10162 5564
f 5564 10162 11174
f 5564 11174 5568
f 5568 11174 11178
f 5568 11178 5572
f 5572 11178 11182
f 5572 11182 5134
f 5134 11182 10744
f 5134 10744 4553
f 4553 10744 10163
f 4553 10163 3944
f 3944 10163 9554
f 3944 9554 2047
f 2047 9554 7656
f 2047 7656 2048
f 2048 7656 7658
f 2048 7658 2046
f 2046 7658 7657
f 2046 7657 2050
f 2050 7657 7660
f 2050 7660 2049
f 2049 7660 7659
f 2049 7659 2052
f 2052 7659 7662
f 2052 7662 2051
f 2051 7662 7661
f 2051 7661 3654
f 3654 7661 9264
f 3654 9264 4842
f 4842 9264 10452
f 4842 10452 4554
f 4554 10452 10164
f 4554 10164 3945
f 3945 10164 9555
f 3945 9555 2054
f 2054 9555 7663
f 2054 7663 2055
f 2055 7663 7665
f 2055 7665 2053
f 2053 7665 7664
f 2053 7664 2057
f 2057 7664 7667
f 2057 7667 2056
f 2056 7667 7666
f 2056 7666 2059
f 2059 7666 7669
f 2059 7669 2058
f 2058 7669 7668
f 2058 7668 2061
f 2061 7668 7671
f 2061 7671 2060
f 2060 7671 7670
f 2060 7670 5219
f 5219 7670 10829
f 5219 10829 5582
f 5582 10829 11192
f 5582 11192 5589
f 5589 11192 11199
f 5589 11199 4209
f 4209 11199 9819
f 4209 9819 3946
f 3946 9819 9556
f 3946 9556 2063
f 2063 9556 7672
f 2063 7672 2064
f 2064 7672 7674
f 2064 7674 2062
f 2062 7674 7673
f 2062 7673 2066
f 2066 7673 7676
f 2066 7676 2065
f 2065 7676 7675
f 2065 7675 4555
f 4555 7675 10165
f 4555 10165 5592
f 5592 10165 11202
f 5592 11202 5593
f 5593 11202 11203
f 5593 11203 5594
f 5594 11203 11204
f 5594 11204 5595
f 5595 11204 11205
f 5595 11205 5596
f 5596 11205 11206
f 5596 11206 5597
f 5597 11206 11207
f 5597 11207 5587
f 5587 11207 11197
f 5587 11197 5584
f 5584 11197 11194
f 5584 11194 5583
f 5583 11194 11193
f 5583 11193 5379
f 5379 11193 10989
f 5379 10989 5272
f 5272 10989 10882
f 5272 10882 2068
f 2068 10882 7677
f 2068 7677 2069
f 2069 7677 7679
f 2069 7679 2067
f 2067 7679 7678
f 2067 7678 2071
f 2071 7678 7681
f 2071 7681 2070
f 2070 7681 7680
f 2070 7680 2073
f 2073 7680 7683
f 2073 7683 2072
f 2072 7683 7682
f 2072 7682 3655
f 3655 7682 9265
f 3655 9265 4210
f 4210 9265 9820
f 4210 9820 4556
f 4556 9820 10166
f 4556 10166 4211
f 4211 10166 9821
f 4211 9821 2075
f 2075 9821 7684
f 2075 7684 2076
f 2076 7684 7686
f 2076 7686 2074
f 2074 7686 7685
f 2074 7685 2078
f 2078 7685 7688
f 2078 7688 2077
f 2077 7688 7687
f 2077 7687 2080
f 2080 7687 7690
f 2080 7690 2079
f 2079 7690 7689
f 2079 7689 2082
f 2082 7689 7692
f 2082 7692 2081
f 2081 7692 7691
f 2081 7691 4843
f 4843 7691 10453
f 4843 10453 4557
f 4557 10453 10167
f 4557 10167 4212
f 4212 10167 9822
f 4212 9822 3656
f 3656 9822 9266
f 3656 9266 2084
f 2084 9266 7693
f 2084 7693 2085
f 2085 7693 7695
f 2085 7695 2083
f 2083 7695 7694
f 2083 7694 2087
f 2087 7694 7697
f 2087 7697 2086
f 2086 7697 7696
f 2086 7696 2089
f 2089 7696 7699
f 2089 7699 2088
f 2088 7699 7698
f 2088 7698 5030
f 5030 7698 10640
f 5030 10640 5135
f 5135 10640 10745
f 5135 10745 4558
f 4558 10745 10168
f 4558 10168 4213
f 4213 10168 9823
f 4213 9823 3657
f 3657 9823 9267
f 3657 9267 2091
f 2091 9267 7700
f 2091 7700 2092
f 2092 7700 7702
f 2092 7702 2090
f 2090 7702 7701
f 2090 7701 2094
f 2094 7701 7704
f 2094 7704 2093
f 2093 7704 7703
f 2093 7703 2096
f 2096 7703 7706
f 2096 7706 2095
f 2095 7706 7705
f 2095 7705 4844
f 4844 7705 10454
f 4844 10454 5031
f 5031 10454 10641
f 5031 10641 5136
f 5136 10641 10746
f 5136 10746 4559
f 4559 10746 10169
f 4559 10169 3658
f 3658 10169 9268
f 3658 9268 2098
f 2098 9268 7707
f 2098 7707 2099
f 2099 7707 7709
f 2099 7709 2097
f 2097 7709 7708
f 2097 7708 2101
f 2101 7708 7711
f 2101 7711 2100
f 2100 7711 7710
f 2100 7710 2103
f 2103 7710 7713
f 2103 7713 2102
f 2102 7713 7712
f 2102 7712 4214
f 4214 7712 9824
f 4214 9824 4845
f 4845 9824 10455
f 4845 10455 4560
f 4560 10455 10170
f 4560 10170 4215
f 4215 10170 9825
f 4215 9825 3659
f 3659 9825 9269
f 3659 9269 2105
f 2105 9269 7714
f 2105 7714 2106
f 2106 7714 7716
f 2106 7716 2104
f 2104 7716 7715
f 2104 7715 2108
f 2108 7715 7718
f 2108 7718 2107
f 2107 7718 7717
f 2107 7717 2110
f 2110 7717 7720
f 2110 7720 2109
f 2109 7720 7719
f 2109 7719 4846
f 4846 7719 10456
f 4846 10456 4847
f 4847 10456 10457
f 4847 10457 4216
f 4216 10457 9826
f 4216 9826 3947
f 3947 9826 9557
f 3947 9557 2112
f 2112 9557 7721
f 2112 7721 2113
f 2113 7721 7723
f 2113 7723 2111
f 2111 7723 7722
f 2111 7722 2115
f 2115 7722 7725
f 2115 7725 2114
f 2114 7725 7724
f 2114 7724 2117
f 2117 7724 7727
f 2117 7727 2116
f 2116 7727 7726
f 2116 7726 2119
f 2119 7726 7729
f 2119 7729 2118
f 2118 7729 7728
f 2118 7728 3948
f 3948 7728 9558
f 3948 9558 5032
f 5032 9558 10642
f 5032 10642 5033
f 5033 10642 10643
f 5033 10643 3660
f 3660 10643 9270
f 3660 9270 2121
f 2121 9270 7730
f 2121 7730 2122
f 2122 7730 7732
f 2122 7732 2120
f 2120 7732 7731
f 2120 7731 2124
f 2124 7731 7734
f 2124 7734 2123
f 2123 7734 7733
f 2123 7733 2126
f 2126 7733 7736
f 2126 7736 2125
f 2125 7736 7735
f 2125 7735 4217
f 4217 7735 9827
f 4217 9827 4218
f 4218 9827 9828
f 4218 9828 3949
f 3949 9828 9559
f 3949 9559 3661
f 3661 9559 9271
f 3661 9271 2127
f 2127 9271 7737
f 2127 7737 2020
f 2020 7737 7631
f 2020 7631 2024
f 2024 7631 7633
f 2024 7633 2025
f 2025 7633 7635
f 2025 7635 2023
f 2023 7635 7634
f 2023 7634 2027
f 2027 7634 7637
f 2027 7637 2026
f 2026 7637 7636
f 2026 7636 2029
f 2029 7636 7639
f 2029 7639 2028
f 2028 7639 7638
f 2028 7638 2031
f 2031 7638 7641
f 2031 7641 2030
f 2030 7641 7640
f 2030 7640 4207
f 4207 7640 9817
f 4207 9817 4550
f 4550 9817 10160
f 4550 10160 4840
f 4840 10160 10450
f 4840 10450 5553
f 5553 10450 11163
f 5553 11163 5353
f 5353 11163 10963
f 5353 10963 5218
f 5218 10963 10828
f 5218 10828 4841
f 4841 10828 10451
f 4841 10451 4551
f 4551 10451 10161
f 4551 10161 3942
f 3942 10161 9552
f 3942 9552 2033
f 2033 9552 7642
f 2033 7642 2034
f 2034 7642 7644
f 1725 7335 3627
f 3627 7335 9237
f 3627 9237 4517
f 4517 9237 10127
f 4517 10127 4518
f 4518 10127 10128
f 4518 10128 4184
f 4184 10128 9794
f 4184 9794 3628
f 3628 9794 9238
f 3628 9238 1728
f 1728 9238 7337
f 1728 7337 1729
f 1729 7337 7339
f 1729 7339 1727
f 1727 7339 7338
f 1727 7338 1731
f 1731 7338 7341
f 1731 7341 1730
f 1730 7341 7340
f 1730 7340 1733
f 1733 7340 7343
f 1733 7343 1732
f 1732 7343 7342
f 1732 7342 4814
f 4814 7342 10424
f 4814 10424 5125
f 5125 10424 10735
f 5125 10735 5212
f 5212 10735 10822
f 5212 10822 5267
f 5267 10822 10877
f 5267 10877 5547
f 5547 10877 11157
f 5547 11157 5549
f 5549 11157 11159
f 5549 11159 5314
f 5314 11159 10924
f 5314 10924 5213
f 5213 10924 10823
f 5213 10823 5016
f 5016 10823 10626
f 5016 10626 4815
f 4815 10626 10425
f 4815 10425 4519
f 4519 10425 10129
f 4519 10129 4185
f 4185 10129 9795
f 4185 9795 3629
f 3629 9795 9239
f 3629 9239 1735
f 1735 9239 7344
f 1735 7344 1736
f 1736 7344 7346
f 1736 7346 1734
f 1734 7346 7345
f 1734 7345 1738
f 1738 7345 7348
f 1738 7348 1737
f 1737 7348 7347
f 1737 7347 1740
f 1740 7347 7350
f 1740 7350 1739
f 1739 7350 7349
f 1739 7349 5126
f 5126 7349 10736
f 5126 10736 5268
f 5268 10736 10878
f 5268 10878 5017
f 5017 10878 10627
f 5017 10627 4520
f 4520 10627 10130
f 4520 10130 3916
f 3916 10130 9526
f 3916 9526 1742
f 1742 9526 7351
f 1742 7351 1743
f 1743 7351 7353
f 1743 7353 1741
f 1741 7353 7352
f 1741 7352 1745
f 1745 7352 7355
f 1745 7355 1744
f 1744 7355 7354
f 1744 7354 1747
f 1747 7354 7357
f 1747 7357 1746
f 1746 7357 7356
f 1746 7356 4816
f 4816 7356 10426
f 4816 10426 5402
f 5402 10426 11012
f 5402 11012 5428
f 5428 11012 11038
f 5428 11038 4186
f 4186 11038 9796
f 4186 9796 3630
f 3630 9796 9240
f 3630 9240 1749
f 1749 9240 7358
f 1749 7358 1750
f 1750 7358 7360
f 1750 7360 1748
f 1748 7360 7359
f 1748 7359 1752
f 1752 7359 7362
f 1752 7362 1751
f 1751 7362 7361
f 1751 7361 1754
f 1754 7361 7364
f 1754 7364 1753
f 1753 7364 7363
f 1753 7363 4521
f 4521 7363 10131
f 4521 10131 4817
f 4817 10131 10427
f 4817 10427 5018
f 5018 10427 10628
f 5018 10628 5127
f 5127 10628 10737
f 5127 10737 5580
f 5580 10737 11190
f 5580 11190 5429
f 5429 11190 11039
f 5429 11039 5403
f 5403 11039 11013
f 5403 11013 5375
f 5375 11013 10985
f 5375 10985 5019
f 5019 10985 10629
f 5019 10629 4187
f 4187 10629 9797
f 4187 9797 3631
f 3631 9797 9241
f 3631 9241 1756
f 1756 9241 7365
f 1756 7365 1757
f 1757 7365 7367
f 1757 7367 1755
f 1755 7367 7366
f 1755 7366 1759
f 1759 7366 7369
f 1759 7369 1758
f 1758 7369 7368
f 1758 7368 1761
f 1761 7368 7371
f 1761 7371 1760
f 1760 7371 7370
f 1760 7370 4522
f 4522 7370 10132
f 4522 10132 4818
f 4818 10132 10428
f 4818 10428 5128
f 5128 10428 10738
f 5128 10738 4188
f 4188 10738 9798
f 4188 9798 1763
f 1763 9798 7372
f 1763 7372 1764
f 1764 7372 7374
f 1764 7374 1762
f 1762 7374 7373
f 1762 7373 1766
f 1766 7373 7376
f 1766 7376 1765
f 1765 7376 7375
f 1765 7375 1768
f 1768 7375 7378
f 1768 7378 1767
f 1767 7378 7377
f 1767 7377 3632
f 3632 7377 9242
f 3632 9242 4523
f 4523 9242 10133
f 4523 10133 4819
f 4819 10133 10429
f 4819 10429 4820
f 4820 10429 10430
f 4820 10430 4189
f 4189 10430 9799
f 4189 9799 3633
f 3633 9799 9243
f 3633 9243 1770
f 1770 9243 7379
f 1770 7379 1771
f 1771 7379 7381
f 1771 7381 1769
f 1769 7381 7380
f 1769 7380 1773
f 1773 7380 7383
f 1773 7383 1772
f 1772 7383 7382
f 1772 7382 1775
f 1775 7382 7385
f 1775 7385 1774
f 1774 7385 7384
f 1774 7384 4524
f 4524 7384 10134
f 4524 10134 5020
f 5020 10134 10630
f 5020 10630 5021
f 5021 10630 10631
f 5021 10631 4190
f 4190 10631 9800
f 4190 9800 3634
f 3634 9800 9244
f 3634 9244 1777
f 1777 9244 7386
f 1777 7386 1778
f 1778 7386 7388
f 1778 7388 1776
f 1776 7388 7387
f 1776 7387 1780
f 1780 7387 7390
f 1780 7390 1779
f 1779 7390 7389
f 1779 7389 1782
f 1782 7389 7392
f 1782 7392 1781
f 1781 7392 7391
f 1781 7391 4525
f 4525 7391 10135
f 4525 10135 4191
f 4191 10135 9801
f 4191 9801 3917
f 3917 9801 9527
f 3917 9527 3635
f 3635 9527 9245
f 3635 9245 1783
f 1783 9245 7393
f 1783 7393 1719
f 1719 7393 7329
f 1719 7329 1718
f 1718 7329 7328
f 1718 7328 3914
f 3914 7328 9524
f 3914 9524 5124
f 5124 9524 10734
f 5124 10734 5514
f 5514 10734 11124
f 5514 11124 3915
f 3915 11124 9525
f 3915 9525 1721
f 1721 9525 7330
f 1721 7330 1722
f 1722 7330 7332
f 1722 7332 1720
f 1720 7332 7331
f 1720 7331 1724
f 1724 7331 7334
f 1724 7334 1723
f 1723 7334 7333
f 1723 7333 1726
f 1726 7333 7336
f 1726 7336 1725
f 1725 7336 7335
f 5494 11104 5559
f 5559 11104 11169
f 5559 11169 5562
f 5562 11169 11172
f 5562 11172 5567
f 5567 11172 11177
f 5567 11177 4673
f 4673 11177 10283
f 4673 10283 4031
f 4031 10283 9641
f 4031 9641 3262
f 3262 9641 8871
f 3262 8871 3263
f 3263 8871 8873
f 3263 8873 3261
f 3261 8873 8872
f 3261 8872 3265
f 3265 8872 8875
f 3265 8875 3264
f 3264 8875 8874
f 3264 8874 3267
f 3267 8874 8877
f 3267 8877 3266
f 3266 8877 8876
f 3266 8876 4934
f 4934 8876 10544
f 4934 10544 5073
f 5073 10544 10683
f 5073 10683 4935
f 4935 10683 10545
f 4935 10545 4329
f 4329 10545 9939
f 4329 9939 3756
f 3756 9939 9366
f 3756 9366 3269
f 3269 9366 8878
f 3269 8878 3270
f 3270 8878 8880
f 3270 8880 3268
f 3268 8880 8879
f 3268 8879 3272
f 3272 8879 8882
f 3272 8882 3271
f 3271 8882 8881
f 3271 8881 3274
f 3274 8881 8884
f 3274 8884 3273
f 3273 8884 8883
f 3273 8883 4674
f 4674 8883 10284
f 4674 10284 4936
f 4936 10284 10546
f 4936 10546 4675
f 4675 10546 10285
f 4675 10285 4032
f 4032 10285 9642
f 4032 9642 3276
f 3276 9642 8885
f 3276 8885 3277
f 3277 8885 8887
f 3277 8887 3275
f 3275 8887 8886
f 3275 8886 3279
f 3279 8886 8889
f 3279 8889 3278
f 3278 8889 8888
f 3278 8888 3281
f 3281 8888 8891
f 3281 8891 3280
f 3280 8891 8890
f 3280 8890 3283
f 3283 8890 8893
f 3283 8893 3282
f 3282 8893 8892
f 3282 8892 5292
f 5292 8892 10902
f 5292 10902 5524
f 5524 10902 11134
f 5524 11134 5507
f 5507 11134 11117
f 5507 11117 5495
f 5495 11117 11105
f 5495 11105 5482
f 5482 11105 11092
f 5482 11092 5463
f 5463 11092 11073
f 5463 11073 5414
f 5414 11073 11024
f 5414 11024 5389
f 5389 11024 10999
f 5389 10999 5167
f 5167 10999 10777
f 5167 10777 3757
f 3757 10777 9367
f 3757 9367 3285
f 3285 9367 8894
f 3285 8894 3286
f 3286 8894 8896
f 3286 8896 3284
f 3284 8896 8895
f 3284 8895 3288
f 3288 8895 8898
f 3288 8898 3287
f 3287 8898 8897
f 3287 8897 3290
f 3290 8897 8900
f 3290 8900 3289
f 3289 8900 8899
f 3289 8899 4330
f 4330 8899 9940
f 4330 9940 4676
f 4676 9940 10286
f 4676 10286 4331
f 4331 10286 9941
f 4331 9941 4033
f 4033 9941 9643
f 4033 9643 3292
f 3292 9643 8901
f 3292 8901 3293
f 3293 8901 8903
f 3293 8903 3291
f 3291 8903 8902
f 3291 8902 3295
f 3295 8902 8905
f 3295 8905 3294
f 3294 8905 8904
f 3294 8904 3297
f 3297 8904 8907
f 3297 8907 3296
f 3296 8907 8906
f 3296 8906 3758
f 3758 8906 9368
f 3758 9368 4034
f 4034 9368 9644
f 4034 9644 5239
f 5239 9644 10849
f 5239 10849 5168
f 5168 10849 10778
f 5168 10778 5074
f 5074 10778 10684
f 5074 10684 4937
f 4937 10684 10547
f 4937 10547 4677
f 4677 10547 10287
f 4677 10287 4332
f 4332 10287 9942
f 4332 9942 4035
f 4035 9942 9645
f 4035 9645 3759
f 3759 9645 9369
f 3759 9369 3298
f 3298 9369 8908
f 3298 8908 3260
f 3260 8908 8870
f 3260 8870 3259
f 3259 8870 8869
f 3259 8869 5388
f 5388 8869 10998
f 5388 10998 5413
f 5413 10998 11023
f 5413 11023 5439
f 5439 11023 11049
f 5439 11049 5462
f 5462 11049 11072
f 5462 11072 5481
f 5481 11072 11091
f 5481 11091 5494
f 5494 11091 11104
f 5534 11144 5538
f 5538 11144 11148
f 5538 11148 5543
f 5543 11148 11153
f 5543 11153 5036
f 5036 11153 10646
f 5036 10646 4563
f 4563 10646 10173
f 4563 10173 3951
f 3951 10173 9561
f 3951 9561 2138
f 2138 9561 7747
f 2138 7747 2139
f 2139 7747 7749
f 2139 7749 2137
f 2137 7749 7748
f 2137 7748 2141
f 2141 7748 7751
f 2141 7751 2140
f 2140 7751 7750
f 2140 7750 2143
f 2143 7750 7753
f 2143 7753 2142
f 2142 7753 7752
f 2142 7752 4850
f 4850 7752 10460
f 4850 10460 5550
f 5550 10460 11160
f 5550 11160 5554
f 5554 11160 11164
f 5554 11164 5556
f 5556 11164 11166
f 5556 11166 3952
f 3952 11166 9562
f 3952 9562 2145
f 2145 9562 7754
f 2145 7754 2146
f 2146 7754 7756
f 2146 7756 2144
f 2144 7756 7755
f 2144 7755 2148
f 2148 7755 7758
f 2148 7758 2147
f 2147 7758 7757
f 2147 7757 2150
f 2150 7757 7760
f 2150 7760 2149
f 2149 7760 7759
f 2149 7759 3663
f 3663 7759 9273
f 3663 9273 5565
f 5565 9273 11175
f 5565 11175 5569
f 5569 11175 11179
f 5569 11179 5573
f 5573 11179 11183
f 5573 11183 5576
f 5576 11183 11186
f 5576 11186 5577
f 5577 11186 11187
f 5577 11187 5574
f 5574 11187 11184
f 5574 11184 5570
f 5570 11184 11180
f 5570 11180 5566
f 5566 11180 11176
f 5566 11176 4221
f 4221 11176 9831
f 4221 9831 2152
f 2152 9831 7761
f 2152 7761 2153
f 2153 7761 7763
f 2153 7763 2151
f 2151 7763 7762
f 2151 7762 2155
f 2155 7762 7765
f 2155 7765 2154
f 2154 7765 7764
f 2154 7764 2157
f 2157 7764 7767
f 2157 7767 2156
f 2156 7767 7766
f 2156 7766 2159
f 2159 7766 7769
f 2159 7769 2158
f 2158 7769 7768
f 2158 7768 5557
f 5557 7768 11167
f 5557 11167 5381
f 5381 11167 10991
f 5381 10991 5356
f 5356 10991 10966
f 5356 10966 3664
f 3664 10966 9274
f 3664 9274 2161
f 2161 9274 7770
f 2161 7770 2162
f 2162 7770 7772
f 2162 7772 2160
f 2160 7772 7771
f 2160 7771 5139
f 5139 7771 10749
f 5139 10749 4564
f 4564 10749 10174
f 4564 10174 4222
f 4222 10174 9832
f 4222 9832 2164
f 2164 9832 7773
f 2164 7773 2165
f 2165 7773 7775
f 2165 7775 2163
f 2163 7775 7774
f 2163 7774 2167
f 2167 7774 7777
f 2167 7777 2166
f 2166 7777 7776
f 2166 7776 2169
f 2169 7776 7779
f 2169 7779 2168
f 2168 7779 7778
f 2168 7778 3665
f 3665 7778 9275
f 3665 9275 4851
f 4851 9275 10461
f 4851 10461 4852
f 4852 10461 10462
f 4852 10462 4223
f 4223 10462 9833
f 4223 9833 3953
f 3953 9833 9563
f 3953 9563 2171
f 2171 9563 7780
f 2171 7780 2172
f 2172 7780 7782
f 2172 7782 2170
f 2170 7782 7781
f 2170 7781 2174
f 2174 7781 7784
f 2174 7784 2173
f 2173 7784 7783
f 2173 7783 2176
f 2176 7783 7786
f 2176 7786 2175
f 2175 7786 7785
f 2175 7785 3666
f 3666 7785 9276
f 3666 9276 3954
f 3954 9276 9564
f 3954 9564 4224
f 4224 9564 9834
f 4224 9834 3955
f 3955 9834 9565
f 3955 9565 3667
f 3667 9565 9277
f 3667 9277 2177
f 2177 9277 7787
f 2177 7787 2134
f 2134 7787 7745
f 2134 7745 5274
f 5274 7745 10884
f 5274 10884 5319
f 5319 10884 10929
f 5319 10929 5355
f 5355 10929 10965
f 5355 10965 5380
f 5380 10965 10990
f 5380 10990 5406
f 5406 10990 11016
f 5406 11016 5432
f 5432 11016 11042
f 5432 11042 5476
f 5476 11042 11086
f 5476 11086 5491
f 5491 11086 11101
f 5491 11101 5504
f 5504 11101 11114
f 5504 11114 5515
f 5515 11114 11125
f 5515 11125 5530
f 5530 11125 11140
f 5530 11140 5534
f 5534 11140 11144
f 5544 11154 5546
f 5546 11154 11156
f 5546 11156 4957
f 4957 11156 10567
f 4957 10567 4363
f 4363 10567 9973
f 4363 9973 4068
f 4068 9973 9678
f 4068 9678 3515
f 3515 9678 9125
f 3515 9125 123
f 123 9125 5732
f 123 5732 124
f 124 5732 5734
f 124 5734 122
f 122 5734 5733
f 122 5733 126
f 126 5733 5736
f 126 5736 125
f 125 5736 5735
f 125 5735 128
f 128 5735 5738
f 128 5738 127
f 127 5738 5737
f 127 5737 4708
f 4708 5737 10318
f 4708 10318 5083
f 5083 10318 10693
f 5083 10693 5173
f 5173 10693 10783
f 5173 10783 4069
f 4069 10783 9679
f 4069 9679 3516
f 3516 9679 9126
f 3516 9126 130
f 130 9126 5739
f 130 5739 131
f 131 5739 5741
f 131 5741 129
f 129 5741 5740
f 129 5740 133
f 133 5740 5743
f 133 5743 132
f 132 5743 5742
f 132 5742 135
f 135 5742 5745
f 135 5745 134
f 134 5745 5744
f 134 5744 4364
f 4364 5744 9974
f 4364 9974 5560
f 5560 9974 11170
f 5560 11170 4958
f 4958 11170 10568
f 4958 10568 4709
f 4709 10568 10319
f 4709 10319 3790
f 3790 10319 9400
f 3790 9400 137
f 137 9400 5746
f 137 5746 138
f 138 5746 5748
f 138 5748 136
f 136 5748 5747
f 136 5747 140
f 140 5747 5750
f 140 5750 139
f 139 5750 5749
f 139 5749 142
f 142 5749 5752
f 142 5752 141
f 141 5752 5751
f 141 5751 3517
f 3517 5751 9127
f 3517 9127 3518
f 3518 9127 9128
f 3518 9128 143
f 143 9128 5753
f 143 5753 101
f 101 5753 5712
f 101 5712 4066
f 4066 5712 9676
f 4066 9676 5393
f 5393 9676 11003
f 5393 11003 5417
f 5417 11003 11027
f 5417 11027 5443
f 5443 11027 11053
f 5443 11053 4361
f 4361 11053 9971
f 4361 9971 4067
f 4067 9971 9677
f 4067 9677 105
f 105 9677 5714
f 105 5714 106
f 106 5714 5716
f 106 5716 104
f 104 5716 5715
f 104 5715 108
f 108 5715 5718
f 108 5718 107
f 107 5718 5717
f 107 5717 110
f 110 5717 5720
f 110 5720 109
f 109 5720 5719
f 109 5719 112
f 112 5719 5722
f 112 5722 111
f 111 5722 5721
f 111 5721 4706
f 4706 5721 10316
f 4706 10316 4362
f 4362 10316 9972
f 4362 9972 3789
f 3789 9972 9399
f 3789 9399 114
f 114 9399 5723
f 114 5723 115
f 115 5723 5725
f 115 5725 113
f 113 5725 5724
f 113 5724 117
f 117 5724 5727
f 117 5727 116
f 116 5727 5726
f 116 5726 119
f 119 5726 5729
f 119 5729 118
f 118 5729 5728
f 118 5728 121
f 121 5728 5731
f 121 5731 120
f 120 5731 5730
f 120 5730 4707
f 4707 5730 10317
f 4707 10317 5518
f 5518 10317 11128
f 5518 11128 5525
f 5525 11128 11135
f 5525 11135 5539
f 5539 11135 11149
f 5539 11149 5544
f 5544 11149 11154
f 2133 7743 2131
f 2131 7743 7742
f 2131 7742 2135
f 2135 7742 7744
f 2135 7744 2136
f 2136 7744 7746
f 2136 7746 4853
f 4853 7746 10463
f 4853 10463 5140
f 5140 10463 10750
f 5140 10750 3668
f 3668 10750 9278
f 3668 9278 2178
f 2178 9278 7788
f 2178 7788 2128
f 2128 7788 7739
f 2128 7739 4561
f 4561 7739 10171
f 4561 10171 4848
f 4848 10171 10458
f 4848 10458 5034
f 5034 10458 10644
f 5034 10644 5137
f 5137 10644 10747
f 5137 10747 5220
f 5220 10747 10830
f 5220 10830 5273
f 5273 10830 10883
f 5273 10883 5318
f 5318 10883 10928
f 5318 10928 5354
f 5354 10928 10964
f 5354 10964 5221
f 5221 10964 10831
f 5221 10831 5138
f 5138 10831 10748
f 5138 10748 5035
f 5035 10748 10645
f 5035 10645 4849
f 4849 10645 10459
f 4849 10459 4562
f 4562 10459 10172
f 4562 10172 4220
f 4220 10172 9830
f 4220 9830 2132
f 2132 9830 7741
f 2132 7741 2133
f 2133 7741 7743
f 5575 11185 5571
f 5571 11185 11181
f 5571 11181 5536
f 5536 11181 11146
f 5536 11146 4695
f 4695 11146 10305
f 4695 10305 4352
f 4352 10305 9962
f 4352 9962 4059
f 4059 9962 9669
f 4059 9669 3777
f 3777 9669 9387
f 3777 9387 3505
f 3505 9387 9115
f 3505 9115 4
f 4 9115 5614
f 4 5614 3
f 3 5614 5613
f 3 5613 1
f 1 5613 5612
f 1 5612 4058
f 4058 5612 9668
f 4058 9668 4351
f 4351 9668 9961
f 4351 9961 5293
f 5293 9961 10903
f 5293 10903 5337
f 5337 10903 10947
f 5337 10947 5581
f 5581 10947 11191
f 5581 11191 5579
f 5579 11191 11189
f 5579 11189 5578
f 5578 11189 11188
f 5578 11188 5575
f 5575 11188 11185
