o 
v 25.28 0 -48.88
v 13.283 0 -51.967
v 24.94 0 -51.86
v 29.131 0 -44.216
v 27.78 0 -44.8
v 28.598 0 -44.47
v 29.649 0 -43.554
v 29.456 0 -43.943
v 29.94 0 -42.05
v 29.785 0 -42.955
v 33.932 0 -43.359
v 33.043 0 -42.084
v 33.47 0 -42.7
v 35.571 0 -47.982
v 36.281 0 -47.948
v 35.77 0 -47.97
v 35.045 0 -48.066
v 35.324 0 -48.015
v 34.452 0 -48.207
v 34.749 0 -48.131
v 33.793 0 -48.431
v 34.17 0 -48.29
v 33.298 0 -48.739
v 33.511 0 -48.572
v 32.956 0 -49.256
v 33.122 0 -48.958
v 32.458 0 -50.651
v 32.77 0 -49.66
v 32.57 0 -52.651
v 32.391 0 -51.65
v 33.669 0 -54.642
v 32.996 0 -53.65
v 35.072 0 -56.035
v 34.59 0 -55.62
v 36.063 0 -56.605
v 35.552 0 -56.359
v 37.313 0 -56.922
v 36.638 0 -56.788
v 26.699 0 -54.288
v 27.4 0 -56.77
v 26.999 0 -55.309
v 26.241 0 -53.149
v 26.46 0 -53.603
v 25.7 0 -52.52
v 26.001 0 -52.822
v 8.34 0 -51.77
v 11.39 0 -51.16
v 9.95 0 -50.17
v 7.527 0 -52.595
v 7.912 0 -52.201
v 6.95 0 -53.205
v 7.201 0 -52.935
v 6.73 0 -53.47
v 6.787 0 -53.389
v 7.694 0 -54.684
v 6.992 0 -53.819
v 9.909 0 -57.353
v 8.709 0 -55.912
v 12.36 0 -60.26
v 11.169 0 -58.853
v 14.35 0 -60.17
v 13.23 0 -61.29
v 15.4 0 -57.13
v 15.49 0 -59.07
v 18.664 0 -55.936
v 18.544 0 -54.155
v 18.58 0 -54.74
v 19.013 0 -57.877
v 18.794 0 -56.933
v 19.888 0 -60.199
v 19.363 0 -58.917
v 21.11 0 -62.932
v 20.63 0 -61.87
v 21.836 0 -64.376
v 21.505 0 -63.755
v 22.392 0 -65.17
v 22.125 0 -64.835
v 22.906 0 -65.646
v 22.66 0 -65.42
v 26.533 0 -69.88
v 25.32 0 -68.42
v 25.986 0 -69.238
v 27.327 0 -70.7
v 26.975 0 -70.363
v 27.82 0 -71
v 27.604 0 -70.908
v 28.707 0 -71.196
v 28.347 0 -71.115
v 28.533 0 -71.157
v 31.545 0 -75.328
v 31.42 0 -74.64
v 31.479 0 -74.994
v 31.681 0 -75.879
v 31.614 0 -75.628
v 31.8 0 -76.18
v 31.745 0 -76.067
v 32.179 0 -76.495
v 31.921 0 -76.289
v 33.008 0 -77.119
v 32.549 0 -76.777
v 34.1 0 -77.9
v 33.533 0 -77.499
v 39.94 0 -79.55
v 36.22 0 -79.42
v 44.268 0 -81.242
v 43.64 0 -79.69
v 44.09 0 -80.82
v 44.67 0 -81.904
v 44.455 0 -81.594
v 45.259 0 -82.496
v 44.931 0 -82.196
v 46.555 0 -83.523
v 45.67 0 -82.83
v 46.909 0 -85.478
v 47.294 0 -84.8
v 47.05 0 -85.21
v 46.644 0 -86.1
v 46.771 0 -85.78
v 46.455 0 -86.722
v 46.536 0 -86.42
v 45.329 0 -88.119
v 45.867 0 -87.977
v 45.59 0 -88.05
v 44.964 0 -88.33
v 45.126 0 -88.207
v 44.702 0 -88.741
v 44.828 0 -88.503
v 44.437 0 -89.406
v 44.57 0 -89.06
v 43.117 0 -89.897
v 43.748 0 -89.885
v 43.39 0 -89.89
v 42.755 0 -89.949
v 42.906 0 -89.916
v 42.62 0 -90.051
v 42.66 0 -89.994
v 42.69 0 -90.267
v 42.63 0 -90.12
v 43.16 0 -91.481
v 42.803 0 -90.559
v 42.963 0 -90.973
v 43.64 0 -92.68
v 43.389 0 -92.058
v 45.86 0 -95.52
v 44.55 0 -94.99
v 47.81 0 -99.56
v 47.15 0 -97.61
v 47.11 0 -99.15
v 49.61 0 -98.84
v 48.51 0 -100
v 51.491 0 -99.417
v 51.38 0 -98.82
v 51.434 0 -99.167
v 51.652 0 -99.687
v 51.561 0 -99.585
v 51.93 0 -99.75
v 51.772 0 -99.737
v 52.209 0 -99.686
v 52.059 0 -99.733
v 52.541 0 -99.517
v 52.373 0 -99.613
v 52.86 0 -99.28
v 52.706 0 -99.405
v 55.68 0 -98.79
v 54.38 0 -99.2
v 54.94 0 -99.62
v 56.143 0 -98.248
v 55.898 0 -98.537
v 56.661 0 -97.629
v 56.401 0 -97.94
v 57.13 0 -97.06
v 56.908 0 -97.33
v 59.17 0 -94.54
v 58.43 0 -96.15
v 59.04 0 -96.15
v 61.006 0 -92.923
v 59.31 0 -92.93
v 60.52 0 -92.93
v 61.66 0 -92.824
v 61.372 0 -92.892
v 62.167 0 -92.521
v 61.911 0 -92.705
v 65.275 0 -90.854
v 64.26 0 -91.24
v 64.816 0 -91.038
v 65.892 0 -90.542
v 65.634 0 -90.689
v 66.1 0 -90.31
v 66.048 0 -90.416
v 66.014 0 -90.146
v 66.078 0 -90.248
v 65.789 0 -89.854
v 65.916 0 -90.012
v 65.47 0 -89.49
v 65.638 0 -89.677
v 65.119 0 -89.087
v 65.3 0 -89.293
v 64.765 0 -88.693
v 64.936 0 -88.884
v 64.12 0 -87.97
v 64.616 0 -88.525
v 64.5 0 -88.39
v 65.514 0 -86.576
v 65.11 0 -86.99
v 65.982 0 -85.94
v 65.795 0 -86.244
v 66.191 0 -85.184
v 66.105 0 -85.606
v 66.329 0 -84.087
v 66.27 0 -84.62
v 66.341 0 -83.269
v 66.353 0 -83.65
v 66.197 0 -82.514
v 66.29 0 -82.904
v 65.947 0 -81.748
v 66.06 0 -82.06
v 65.749 0 -81.209
v 65.842 0 -81.46
v 65.613 0 -80.866
v 65.671 0 -81.007
v 65.344 0 -80.937
v 65.58 0 -80.8
v 64.036 0 -82.174
v 64.801 0 -81.423
v 62.172 0 -84.141
v 63.132 0 -83.107
v 58.315 0 -85.555
v 58.364 0 -86.164
v 58.34 0 -85.76
v 58.185 0 -84.984
v 58.262 0 -85.29
v 57.975 0 -84.316
v 58.088 0 -84.653
v 57.39 0 -82.85
v 57.85 0 -83.99
v 58.62 0 -80.88
v 58.07 0 -82.45
v 58.74 0 -82.06
v 62.1 0 -78.598
v 60.92 0 -78.81
v 61.571 0 -78.708
v 63.016 0 -78.266
v 62.564 0 -78.458
v 64.11 0 -77.64
v 63.513 0 -78
v 65.062 0 -77.003
v 64.642 0 -77.299
v 65.641 0 -76.474
v 65.389 0 -76.734
v 66 0 -75.91
v 65.838 0 -76.206
v 68.991 0 -73.606
v 67.658 0 -74.393
v 68.43 0 -73.94
v 70.04 0 -72.912
v 69.536 0 -73.258
v 70.823 0 -72.305
v 70.477 0 -72.589
v 71.259 0 -71.849
v 71.05 0 -72.08
v 73.331 0 -69.637
v 72.571 0 -70.442
v 72.93 0 -70.07
v 74.345 0 -68.494
v 73.813 0 -69.101
v 75.439 0 -67.2
v 74.897 0 -67.849
v 80.551 0 -62.743
v 78.866 0 -63.737
v 79.68 0 -63.26
v 82.431 0 -61.447
v 81.426 0 -62.17
v 85.328 0 -59.185
v 83.69 0 -60.484
v 87.878 0 -57.121
v 87.47 0 -57.46
v 88.5 0 -56.545
v 88.225 0 -56.812
v 88.789 0 -56.182
v 88.691 0 -56.331
v 88.654 0 -56.073
v 88.78 0 -56.11
v 88.041 0 -55.969
v 88.4 0 -56.025
v 87.099 0 -55.848
v 87.6 0 -55.909
v 80.775 0 -47.013
v 79.972 0 -47.027
v 80.38 0 -47.02
v 81.308 0 -46.91
v 81.074 0 -46.981
v 81.713 0 -46.594
v 81.51 0 -46.786
v 82.54 0 -45.62
v 81.95 0 -46.32
v 87.591 0 -47.39
v 84.8 0 -46.42
v 91.329 0 -48.678
v 89.747 0 -48.136
v 93.023 0 -49.238
v 92.4 0 -49.038
v 93.272 0 -49.258
v 93.26 0 -49.3
v 93.143 0 -48.951
v 93.231 0 -49.138
v 92.847 0 -48.422
v 93.013 0 -48.709
v 92.435 0 -47.756
v 92.65 0 -48.1
v 91.006 0 -45.465
v 91.502 0 -46.247
v 91.32 0 -45.94
v 90.246 0 -44.624
v 90.657 0 -45.034
v 89.129 0 -43.766
v 89.746 0 -44.209
v 87.996 0 -43.048
v 88.37 0 -43.27
v 87.366 0 -42.774
v 87.673 0 -42.885
v 86.673 0 -42.67
v 87.044 0 -42.705
v 85.785 0 -42.668
v 86.22 0 -42.66
v 85.145 0 -42.749
v 85.435 0 -42.695
v 84.651 0 -42.96
v 84.892 0 -42.835
v 82.272 0 -42.641
v 82.685 0 -43.169
v 82.43 0 -42.83
v 81.631 0 -42.15
v 82.006 0 -42.414
v 80.554 0 -41.512
v 81.148 0 -41.849
v 77.57 0 -39.97
v 79.85 0 -41.14
v 71.84 0 -42.38
v 74.92 0 -40.42
v 72.28 0 -40.86
v 72.19 0 -44.56
v 71.43 0 -43.89
v 65.807 0 -37.937
v 64.96 0 -39.59
v 65.444 0 -38.672
v 66.24 0 -36.837
v 66.066 0 -37.34
v 66.4 0 -35.93
v 66.345 0 -36.382
v 70.336 0 -29.565
v 69.7 0 -30.16
v 70.077 0 -29.831
v 70.61 0 -29.001
v 70.505 0 -29.308
v 70.74 0 -28.02
v 70.68 0 -28.591
v 74.42 0 -18.19
v 72 0 -25.5
v 73.1 0 -24.36
v 75.099 0 -15.059
v 74.777 0 -16.547
v 75.584 0 -12.791
v 75.372 0 -13.786
v 75.77 0 -11.88
v 75.721 0 -12.136
v 78.39 0 -8.01
v 77.17 0 -10.34
v 78.6 0 -8.99
v 80.191 0 -5.372
v 78.26 0 -6.94
v 79.113 0 -6.254
v 82.342 0 -3.581
v 81.324 0 -4.434
v 83.36 0 -2.7
v 83.077 0 -2.956
v 83.303 0 -2.536
v 83.345 0 -2.647
v 83.157 0 -2.174
v 83.239 0 -2.375
v 82.796 0 -1.334
v 83.063 0 -1.943
v 82.96 0 -1.69
v 82.504 0 -0.894
v 82.65 0 -1.075
v 82.128 0 -0.69
v 82.336 0 -0.771
v 81.631 0 -0.591
v 81.86 0 -0.63
v 79.434 0 -0.171
v 80.253 0 -0.326
v 79.89 0 -0.25
v 78.191 0 -0.054
v 78.861 0 -0.105
v 76.645 0 0
v 77.446 0 -0.018
v 71.09 0 -0.93
v 75.81 0 0
v 73.02 0 0
v 69.604 0 -1.696
v 70.192 0 -1.364
v 69.146 0 -2.364
v 69.272 0 -2.004
v 69.3 0 -3.55
v 69.173 0 -2.854
v 65.24 0 -15.23
v 67.9 0 -7.44
v 66.34 0 -10.51
v 64.591 0 -18.286
v 64.894 0 -16.81
v 64.105 0 -21.011
v 64.33 0 -19.679
v 63.75 0 -23.58
v 63.913 0 -22.304
v 61.923 0 -29.387
v 62.42 0 -28.62
v 62.167 0 -29.01
v 55.896 0 -36.201
v 58.358 0 -33.616
v 56.69 0 -35.36
v 54.419 0 -37.8
v 55.127 0 -37.027
v 53.325 0 -39.026
v 53.806 0 -38.479
v 52.19 0 -40.4
v 53.01 0 -39.4
v 50.001 0 -40.203
v 51.04 0 -40.29
v 47.09 0 -39.999
v 48.615 0 -40.101
v 44.459 0 -39.844
v 45.635 0 -39.909
v 42.222 0 -29.017
v 41.087 0 -30.332
v 41.97 0 -29.31
v 42.498 0 -28.558
v 42.394 0 -28.776
v 42.54 0 -28.065
v 42.543 0 -28.331
v 46.075 0 -25.594
v 45.63 0 -25.21
v 45.858 0 -25.412
v 46.442 0 -25.866
v 46.272 0 -25.747
v 46.66 0 -25.97
v 46.574 0 -25.943
v 46.864 0 -25.841
v 46.736 0 -25.931
v 47.236 0 -25.536
v 47.035 0 -25.706
v 47.68 0 -25.12
v 47.454 0 -25.338
v 47.74 0 -23.33
v 48.53 0 -24.28
v 50.89 0 -21.32
v 49.12 0 -21.53
v 50.03 0 -22.27
v 50.85 0 -19.6
v 51.72 0 -20.37
v 54.72 0 -13.36
v 51.715 0 -16.601
v 52.35 0 -15.92
v 53.469 0 -12.214
v 53.73 0 -12.45
v 53.001 0 -11.82
v 53.222 0 -12.001
v 52.684 0 -11.586
v 52.818 0 -11.679
v 52.485 0 -11.642
v 52.61 0 -11.55
v 51.822 0 -12.305
v 52.214 0 -11.903
v 50.767 0 -13.434
v 51.332 0 -12.824
v 49.535 0 -14.786
v 50.15 0 -14.11
v 46.632 0 -15.964
v 47.036 0 -16.264
v 46.83 0 -16.11
v 46.272 0 -15.713
v 46.443 0 -15.829
v 46.027 0 -15.561
v 46.131 0 -15.621
v 45.908 0 -15.572
v 45.97 0 -15.54
v 45.671 0 -15.799
v 45.806 0 -15.661
v 45.331 0 -16.182
v 45.511 0 -15.976
v 44.42 0 -17.28
v 45.14 0 -16.41
v 43.368 0 -19.28
v 44.45 0 -20.35
v 43.62 0 -19.52
v 42.952 0 -18.954
v 43.144 0 -19.091
v 42.677 0 -18.837
v 42.796 0 -18.869
v 42.532 0 -18.942
v 42.6 0 -18.86
v 41.06 0 -20.7
v 41.933 0 -19.644
v 41.74 0 -19.86
v 35.56 0 -26.14
v 38.82 0 -24.57
v 37.55 0 -24.05
v 28.9 0 -16.73
v 29.6 0 -20.54
v 29.72 0 -17.91
v 28.405 0 -16.053
v 28.659 0 -16.398
v 27.915 0 -15.394
v 28.153 0 -15.713
v 27.359 0 -14.653
v 27.706 0 -15.114
v 27.54 0 -14.89
v 26.766 0 -12.404
v 26.89 0 -13.17
v 26.836 0 -12.731
v 26.467 0 -11.909
v 26.653 0 -12.145
v 25.77 0 -11.33
v 26.182 0 -11.652
v 25.036 0 -8.338
v 24.821 0 -9.424
v 24.96 0 -8.73
v 25.05 0 -7.809
v 25.069 0 -8.044
v 24.824 0 -7.357
v 24.971 0 -7.593
v 24.501 0 -3.732
v 24.038 0 -4.63
v 24.27 0 -4.19
v 24.747 0 -2.607
v 24.661 0 -3.183
v 24.681 0 -1.636
v 24.755 0 -2.07
v 24.41 0 -1.306
v 24.52 0 -1.37
v 23.965 0 -1.135
v 24.22 0 -1.226
v 23.32 0 -0.938
v 23.66 0 -1.037
v 22.408 0 -0.705
v 22.96 0 -0.84
v 21.29 0 -0.577
v 21.887 0 -0.618
v 19.426 0 -0.63
v 20.506 0 -0.582
v 15.891 0 -0.844
v 17.94 0 -0.72
v 16.907 0 -0.779
v 14.105 0 -0.97
v 14.941 0 -0.909
v 12.97 0 -1.06
v 13.432 0 -1.022
v 11.58 0 -1.9
v 11.7 0 -1.18
v 11.575 0 -2.479
v 11.554 0 -2.191
v 11.812 0 -3.201
v 11.656 0 -2.802
v 12.4 0 -4.38
v 12.055 0 -3.714
v 12.78 0 -8.9
v 13.35 0 -6.15
v 13.06 0 -7.51
v 14.609 0 -12.274
v 14.18 0 -11.5
v 15.621 0 -14.004
v 15.099 0 -13.124
v 16.65 0 -15.664
v 16.147 0 -14.866
v 18.64 0 -18.59
v 17.1 0 -16.35
v 18.49 0 -22.56
v 18.17 0 -19.44
v 17.69 0 -20.3
v 22.4 0 -27.49
v 19.28 0 -24.81
v 26.546 0 -34.975
v 27.55 0 -33.61
v 26.82 0 -34.6
v 26.214 0 -35.571
v 26.348 0 -35.289
v 26.091 0 -36.158
v 26.132 0 -35.851
v 26.071 0 -36.894
v 26.08 0 -36.52
v 24.142 0 -37.23
v 24.16 0 -37.86
v 24.155 0 -37.54
v 24.095 0 -36.697
v 24.121 0 -36.944
v 24.03 0 -36.38
v 24.064 0 -36.504
v 23.741 0 -36.031
v 23.935 0 -36.252
v 23.116 0 -35.382
v 23.462 0 -35.735
v 22.28 0 -34.58
v 22.717 0 -34.991
v 18.966 0 -31.513
v 20.286 0 -32.729
v 17.751 0 -30.5
v 18.17 0 -30.811
v 17.45 0 -30.56
v 17.561 0 -30.457
v 17.095 0 -30.975
v 17.326 0 -30.7
v 16.391 0 -31.835
v 16.778 0 -31.361
v 15.49 0 -32.95
v 15.956 0 -32.372
v 14.96 0 -36.17
v 13.77 0 -35.09
v 16.309 0 -37.414
v 15.333 0 -36.514
v 15.792 0 -36.937
v 17.401 0 -38.417
v 16.855 0 -37.916
v 18.419 0 -39.343
v 17.92 0 -38.89
v 19.369 0 -40.205
v 18.909 0 -39.789
v 20.102 0 -40.867
v 19.774 0 -40.571
v 20.29 0 -45.75
v 20.94 0 -41.62
v 20.61 0 -43.69
v 17.39 0 -47.44
v 18.87 0 -46.15
v 17.45 0 -46.55
v 16.089 0 -49.417
v 16.63 0 -48.94
v 16.396 0 -49.143
v 15.341 0 -50.103
v 15.73 0 -49.744
v 14.56 0 -50.84
v 14.944 0 -50.475
v 13.534 0 -51.764
v 27.3 0 -44.999
v 34.41 0 -44.043
v 27.816 0 -58.252
v 13.103 0 -52.097
v 11.782 0 -51.419
v 24.766 0 -67.748
v 28.86 0 -71.23
v 31.332 0 -74.133
v 46.41 0 -86.99
v 47.19 0 -96.07
v 49.93 0 -98.514
v 51.334 0 -98.563
v 53.141 0 -99.041
v 54.061 0 -98.989
v 58.21 0 -96.174
v 62.47 0 -92.26
v 59.968 0 -78.966
v 66.168 0 -75.599
v 72.207 0 -70.827
v 86.56 0 -55.79
v 92.199 0 -47.378
v 91.718 0 -46.602
v 72.94 0 -45.22
v 64.419 0 -40.646
v 69.396 0 -30.441
v 71.53 0 -25.989
v 76.799 0 -10.712
v 80.627 0 -0.402
v 69.352 0 -3.906
v 68.531 0 -6.192
v 63.33 0 -27.2
v 61.699 0 -29.735
v 43.77 0 -39.82
v 42.5 0 -27.73
v 45.404 0 -25.009
v 48.21 0 -20.79
v 50.622 0 -19.382
v 45.1 0 -17.96
v 42.116 0 -19.434
v 40.07 0 -25.08
v 29.552 0 -22.206
v 26.938 0 -13.532
v 24.6 0 -7.06
v 23.798 0 -28.704
v 20.33 0 -41.07
v 13.84 0 -51.499
v 26.853 0 -45.189
v 29.995 0 -41.799
v 34.881 0 -44.716
v 13.01 0 -52.14
v 12.146 0 -51.652
v 18.505 0 -53.627
v 28.161 0 -71.073
v 53.806 0 -98.867
v 58.011 0 -96.235
v 63.954 0 -91.357
v 58.584 0 -80.207
v 85.375 0 -55.653
v 91.955 0 -46.986
v 71.209 0 -26.362
v 76.465 0 -11.057
v 81.336 0 -0.538
v 80.995 0 -0.474
v 68.959 0 -5.307
v 59.536 0 -32.375
v 40.286 0 -31.305
v 42.461 0 -27.384
v 51.146 0 -17.227
v 48.973 0 -15.396
v 42.283 0 -19.24
v 35.024 0 -26.699
v 29.606 0 -23.457
v 24.173 0 -38.182
v 17.354 0 -47.78
v 14.188 0 -51.187
v 35.32 0 -45.344
v 38.12 0 -57.02
v 28.143 0 -59.335
v 12.466 0 -51.849
v 18.466 0 -53.176
v 24.221 0 -67.104
v 47.106 0 -83.974
v 47.421 0 -84.52
v 46.063 0 -87.893
v 44.003 0 -89.857
v 50.224 0 -98.241
v 51.279 0 -98.328
v 53.374 0 -98.893
v 53.586 0 -98.835
v 57.392 0 -96.744
v 57.818 0 -96.342
v 62.701 0 -92.073
v 61.24 0 -85.19
v 58.42 0 -86.474
v 58.656 0 -79.721
v 59.304 0 -79.142
v 66.379 0 -75.324
v 67.084 0 -74.753
v 71.855 0 -71.202
v 78.246 0 -64.141
v 79.663 0 -47.068
v 82.976 0 -43.394
v 72.45 0 -45.98
v 64.035 0 -41.471
v 69.075 0 -30.793
v 71.003 0 -26.685
v 76.181 0 -11.361
v 69.335 0 -4.256
v 69.215 0 -4.692
v 45.192 0 -24.832
v 47.528 0 -23.079
v 50.415 0 -19.175
v 50.665 0 -17.77
v 47.23 0 -16.402
v 45.407 0 -18.277
v 42.424 0 -19.073
v 34.531 0 -27.203
v 27.005 0 -13.854
v 24.766 0 -9.935
v 23.92 0 -5.09
v 24.786 0 -29.596
v 26.032 0 -37.189
v 17.297 0 -48.053
v 16.887 0 -48.705
v 26.459 0 -45.364
v 36.596 0 -47.862
v 38.663 0 -57.104
v 12.728 0 -52.001
v 15.3 0 -55.18
v 18.428 0 -52.827
v 23.265 0 -66.022
v 23.712 0 -66.519
v 31.234 0 -73.733
v 47.376 0 -84.275
v 46.349 0 -87.346
v 46.195 0 -87.775
v 50.485 0 -98.025
v 51.216 0 -98.124
v 57.616 0 -96.509
v 62.983 0 -91.878
v 63.627 0 -91.509
v 71.533 0 -71.55
v 79.401 0 -47.175
v 84.4 0 -43.13
v 66.458 0 -35.484
v 68.739 0 -31.213
v 75.962 0 -11.61
v 60.319 0 -31.537
v 39.604 0 -32.176
v 45.002 0 -24.685
v 47.337 0 -22.846
v 50.237 0 -18.988
v 50.294 0 -18.203
v 48.489 0 -15.916
v 47.403 0 -16.519
v 45.586 0 -18.508
v 34.101 0 -27.63
v 29.802 0 -24.419
v 27.095 0 -14.143
v 24.257 0 -6.553
v 25.478 0 -30.29
v 25.948 0 -37.439
v 24.19 0 -38.469
v 17.209 0 -48.284
v 26.137 0 -45.514
v 12.914 0 -52.101
v 16.78 0 -53.85
v 31.105 0 -73.397
v 46.284 0 -87.6
v 44.317 0 -89.64
v 44.182 0 -89.783
v 50.706 0 -97.873
v 51.147 0 -97.959
v 63.298 0 -91.686
v 66.671 0 -75.052
v 77.731 0 -64.549
v 83.299 0 -43.505
v 66.553 0 -35.069
v 68.388 0 -31.697
v 70.878 0 -27.024
v 75.82 0 -11.787
v 39.081 0 -32.895
v 50.098 0 -18.828
v 50.055 0 -18.499
v 48.103 0 -16.32
v 41.74 0 -21.51
v 33.756 0 -27.961
v 27.211 0 -14.406
v 24.814 0 -10.323
v 23.917 0 -5.565
v 24.212 0 -38.711
v 17.076 0 -48.493
v 25.908 0 -45.632
v 36.721 0 -47.685
v 17.178 0 -53.501
v 18.392 0 -52.6
v 27.982 0 -71.034
v 30.922 0 -73.084
v 60.644 0 -85.859
v 75.94 0 -66.58
v 77.234 0 -65.039
v 83.647 0 -43.499
v 66.702 0 -34.641
v 68.025 0 -32.244
v 78.331 0 -7.743
v 78.24 0 -6.998
v 38.757 0 -33.41
v 44.845 0 -24.574
v 50.006 0 -18.706
v 49.97 0 -18.63
v 47.84 0 -16.583
v 47.547 0 -16.608
v 42.062 0 -21.916
v 33.515 0 -28.174
v 24.03 0 -6.054
v 25.984 0 -30.907
v 24.24 0 -38.898
v 25.79 0 -45.71
v 36.66 0 -47.388
v 30.664 0 -72.749
v 51.075 0 -97.841
v 58.881 0 -79.38
v 76.666 0 -65.69
v 79.133 0 -47.379
v 72.298 0 -46.2
v 70.801 0 -27.447
v 78.285 0 -7.499
v 78.238 0 -7.117
v 42.469 0 -27.111
v 44.728 0 -24.507
v 47.58 0 -21.49
v 47.655 0 -16.663
v 42.236 0 -22.23
v 33.4 0 -28.25
v 25.297 0 -10.961
v 26.417 0 -31.57
v 24.272 0 -39.018
v 30.077 0 -41.589
v 39.143 0 -57.241
v 17.541 0 -53.185
v 18.36 0 -52.52
v 30.31 0 -72.35
v 51 0 -97.78
v 84.451 0 -55.436
v 84.016 0 -43.374
v 72.13 0 -46.433
v 67.65 0 -32.85
v 78.254 0 -7.287
v 42.55 0 -26.86
v 44.66 0 -24.49
v 47.408 0 -21.685
v 47.72 0 -16.68
v 42.245 0 -22.524
v 24.984 0 -10.645
v 26.89 0 -32.4
v 30.195 0 -41.405
v 39.542 0 -57.423
v 17.855 0 -52.915
v 30.05 0 -72.082
v 71.954 0 -46.665
v 47.175 0 -22.64
v 42.07 0 -22.866
v 24.31 0 -39.06
v 30.36 0 -41.234
v 39.847 0 -57.639
v 18.106 0 -52.705
v 29.779 0 -71.833
v 50.88 0 -97.789
v 83.582 0 -55.01
v 67.234 0 -33.575
v 47.05 0 -22.474
v 47.254 0 -21.867
v 45.629 0 -18.715
v 41.695 0 -23.328
v 30.184 0 -25.216
v 24.378 0 -39.031
v 40.042 0 -57.881
v 18.279 0 -52.569
v 29.037 0 -71.303
v 29.51 0 -71.614
v 60.186 0 -86.346
v 82.562 0 -54.248
v 78.807 0 -47.71
v 46.969 0 -22.361
v 47.125 0 -22.027
v 45.531 0 -18.959
v 41.1 0 -23.98
v 24.494 0 -38.95
v 29.258 0 -71.434
v 59.835 0 -86.675
v 81.184 0 -53.021
v 78.37 0 -48.2
v 66.924 0 -34.157
v 46.94 0 -22.31
v 47.026 0 -22.16
v 45.287 0 -19.3
v 30.793 0 -25.975
v 24.65 0 -38.825
v 59.561 0 -86.874
v 79.24 0 -51.2
v 77.33 0 -49.39
v 61.504 0 -30.036
v 44.595 0 -24.551
v 46.962 0 -22.256
v 44.89 0 -19.8
v 31.67 0 -26.82
v 24.836 0 -38.663
v 59.333 0 -86.971
v 71.78 0 -46.884
v 32.091 0 -27.2
v 25.042 0 -38.472
v 28.441 0 -60.161
v 59.12 0 -86.99
v 71.619 0 -47.076
v 32.481 0 -27.542
v 25.26 0 -38.26
v 28.77 0 -60.875
v 58.859 0 -86.948
v 63.792 0 -42.116
v 44.46 0 -24.684
v 32.824 0 -27.831
v 25.578 0 -37.94
v 29.19 0 -61.62
v 63.675 0 -42.636
v 44.268 0 -24.88
v 33.103 0 -28.055
v 25.801 0 -37.678
v 29.76 0 -62.54
v 58.66 0 -86.856
v 71.48 0 -47.23
v 63.666 0 -43.083
v 44.03 0 -25.126
v 33.3 0 -28.199
v 31.12 0 -64.72
v 71.279 0 -47.427
v 61.348 0 -30.274
v 43.76 0 -25.409
v 25.371 0 -48.079
v 58.516 0 -86.701
v 71.102 0 -47.554
v 61.24 0 -30.43
v 43.47 0 -25.72
v 25.468 0 -47.347
v 33.95 0 -66.22
v 70.897 0 -47.619
v 61.076 0 -30.666
v 43.026 0 -26.216
v 25.565 0 -46.714
v 34.705 0 -66.614
v 70.615 0 -47.629
v 63.75 0 -43.51
v 42.727 0 -26.579
v 25.656 0 -46.21
v 35.393 0 -66.968
v 60.8 0 -31.001
v 25.733 0 -45.865
v 35.985 0 -67.268
v 70.203 0 -47.594
v 36.454 0 -67.499
v 69.61 0 -47.52
v 36.771 0 -67.647
v 68.999 0 -47.422
v 63.853 0 -43.672
v 36.91 0 -67.7
v 68.521 0 -47.304
v 64.096 0 -43.934
v 38.67 0 -33.67
v 37.199 0 -67.021
v 68.081 0 -47.115
v 64.457 0 -44.278
v 37.806 0 -65.315
v 67.582 0 -46.802
v 64.914 0 -44.683
v 38.773 0 -33.85
v 38.566 0 -63.077
v 66.927 0 -46.314
v 65.442 0 -45.13
v 39.017 0 -34.211
v 39.314 0 -60.805
v 66.02 0 -45.6
v 30.582 0 -41.064
v 39.883 0 -58.994
v 39.38 0 -34.724
v 40.11 0 -58.14
v 30.87 0 -40.88
v 39.84 0 -35.359
v 31.085 0 -40.751
v 31.283 0 -40.637
v 36.418 0 -46.942
v 31.459 0 -40.54
v 36 0 -46.32
v 31.603 0 -40.463
v 35.701 0 -45.89
v 31.71 0 -40.409
v 40.374 0 -36.087
v 31.77 0 -40.38
v 32.651 0 -41.53
v 40.96 0 -36.88
v 32.313 0 -41.06
v 41.833 0 -38.046
v 32.042 0 -40.697
v 42.464 0 -38.856
v 31.856 0 -40.463
v 42.912 0 -39.374
v 43.239 0 -39.664
v 43.505 0 -39.792
v 13.283 10 -51.967
v 25.28 10 -48.88
v 24.94 10 -51.86
v 27.78 10 -44.8
v 29.131 10 -44.216
v 28.598 10 -44.47
v 29.649 10 -43.554
v 29.456 10 -43.943
v 29.94 10 -42.05
v 29.785 10 -42.955
v 33.043 10 -42.084
v 33.932 10 -43.359
v 33.47 10 -42.7
v 36.281 10 -47.948
v 35.571 10 -47.982
v 35.77 10 -47.97
v 35.045 10 -48.066
v 35.324 10 -48.015
v 34.452 10 -48.207
v 34.749 10 -48.131
v 33.793 10 -48.431
v 34.17 10 -48.29
v 33.298 10 -48.739
v 33.511 10 -48.572
v 32.956 10 -49.256
v 33.122 10 -48.958
v 32.458 10 -50.651
v 32.77 10 -49.66
v 32.57 10 -52.651
v 32.391 10 -51.65
v 33.669 10 -54.642
v 32.996 10 -53.65
v 35.072 10 -56.035
v 34.59 10 -55.62
v 36.063 10 -56.605
v 35.552 10 -56.359
v 37.313 10 -56.922
v 36.638 10 -56.788
v 27.4 10 -56.77
v 26.699 10 -54.288
v 26.999 10 -55.309
v 26.241 10 -53.149
v 26.46 10 -53.603
v 25.7 10 -52.52
v 26.001 10 -52.822
v 11.39 10 -51.16
v 8.34 10 -51.77
v 9.95 10 -50.17
v 7.527 10 -52.595
v 7.912 10 -52.201
v 6.95 10 -53.205
v 7.201 10 -52.935
v 6.73 10 -53.47
v 6.787 10 -53.389
v 7.694 10 -54.684
v 6.992 10 -53.819
v 9.909 10 -57.353
v 8.709 10 -55.912
v 12.36 10 -60.26
v 11.169 10 -58.853
v 14.35 10 -60.17
v 13.23 10 -61.29
v 15.4 10 -57.13
v 15.49 10 -59.07
v 18.544 10 -54.155
v 18.664 10 -55.936
v 18.58 10 -54.74
v 19.013 10 -57.877
v 18.794 10 -56.933
v 19.888 10 -60.199
v 19.363 10 -58.917
v 21.11 10 -62.932
v 20.63 10 -61.87
v 21.836 10 -64.376
v 21.505 10 -63.755
v 22.392 10 -65.17
v 22.125 10 -64.835
v 22.906 10 -65.646
v 22.66 10 -65.42
v 25.32 10 -68.42
v 26.533 10 -69.88
v 25.986 10 -69.238
v 27.327 10 -70.7
v 26.975 10 -70.363
v 27.82 10 -71
v 27.604 10 -70.908
v 28.347 10 -71.115
v 28.707 10 -71.196
v 28.533 10 -71.157
v 31.42 10 -74.64
v 31.545 10 -75.328
v 31.479 10 -74.994
v 31.681 10 -75.879
v 31.614 10 -75.628
v 31.8 10 -76.18
v 31.745 10 -76.067
v 32.179 10 -76.495
v 31.921 10 -76.289
v 33.008 10 -77.119
v 32.549 10 -76.777
v 34.1 10 -77.9
v 33.533 10 -77.499
v 39.94 10 -79.55
v 36.22 10 -79.42
v 43.64 10 -79.69
v 44.268 10 -81.242
v 44.09 10 -80.82
v 44.67 10 -81.904
v 44.455 10 -81.594
v 45.259 10 -82.496
v 44.931 10 -82.196
v 46.555 10 -83.523
v 45.67 10 -82.83
v 47.294 10 -84.8
v 46.909 10 -85.478
v 47.05 10 -85.21
v 46.644 10 -86.1
v 46.771 10 -85.78
v 46.455 10 -86.722
v 46.536 10 -86.42
v 45.867 10 -87.977
v 45.329 10 -88.119
v 45.59 10 -88.05
v 44.964 10 -88.33
v 45.126 10 -88.207
v 44.702 10 -88.741
v 44.828 10 -88.503
v 44.437 10 -89.406
v 44.57 10 -89.06
v 43.748 10 -89.885
v 43.117 10 -89.897
v 43.39 10 -89.89
v 42.755 10 -89.949
v 42.906 10 -89.916
v 42.62 10 -90.051
v 42.66 10 -89.994
v 42.69 10 -90.267
v 42.63 10 -90.12
v 42.803 10 -90.559
v 43.16 10 -91.481
v 42.963 10 -90.973
v 43.64 10 -92.68
v 43.389 10 -92.058
v 45.86 10 -95.52
v 44.55 10 -94.99
v 47.15 10 -97.61
v 47.81 10 -99.56
v 47.11 10 -99.15
v 49.61 10 -98.84
v 48.51 10 -100
v 51.38 10 -98.82
v 51.491 10 -99.417
v 51.434 10 -99.167
v 51.652 10 -99.687
v 51.561 10 -99.585
v 51.93 10 -99.75
v 51.772 10 -99.737
v 52.209 10 -99.686
v 52.059 10 -99.733
v 52.541 10 -99.517
v 52.373 10 -99.613
v 52.86 10 -99.28
v 52.706 10 -99.405
v 54.38 10 -99.2
v 55.68 10 -98.79
v 54.94 10 -99.62
v 56.143 10 -98.248
v 55.898 10 -98.537
v 56.661 10 -97.629
v 56.401 10 -97.94
v 57.13 10 -97.06
v 56.908 10 -97.33
v 58.43 10 -96.15
v 59.17 10 -94.54
v 59.04 10 -96.15
v 59.31 10 -92.93
v 61.006 10 -92.923
v 60.52 10 -92.93
v 61.66 10 -92.824
v 61.372 10 -92.892
v 62.167 10 -92.521
v 61.911 10 -92.705
v 64.26 10 -91.24
v 65.275 10 -90.854
v 64.816 10 -91.038
v 65.892 10 -90.542
v 65.634 10 -90.689
v 66.1 10 -90.31
v 66.048 10 -90.416
v 66.014 10 -90.146
v 66.078 10 -90.248
v 65.789 10 -89.854
v 65.916 10 -90.012
v 65.47 10 -89.49
v 65.638 10 -89.677
v 65.119 10 -89.087
v 65.3 10 -89.293
v 64.765 10 -88.693
v 64.936 10 -88.884
v 64.616 10 -88.525
v 64.12 10 -87.97
v 64.5 10 -88.39
v 65.514 10 -86.576
v 65.11 10 -86.99
v 65.982 10 -85.94
v 65.795 10 -86.244
v 66.191 10 -85.184
v 66.105 10 -85.606
v 66.329 10 -84.087
v 66.27 10 -84.62
v 66.341 10 -83.269
v 66.353 10 -83.65
v 66.197 10 -82.514
v 66.29 10 -82.904
v 65.947 10 -81.748
v 66.06 10 -82.06
v 65.749 10 -81.209
v 65.842 10 -81.46
v 65.613 10 -80.866
v 65.671 10 -81.007
v 65.344 10 -80.937
v 65.58 10 -80.8
v 64.036 10 -82.174
v 64.801 10 -81.423
v 62.172 10 -84.141
v 63.132 10 -83.107
v 58.364 10 -86.164
v 58.315 10 -85.555
v 58.34 10 -85.76
v 58.185 10 -84.984
v 58.262 10 -85.29
v 57.975 10 -84.316
v 58.088 10 -84.653
v 57.39 10 -82.85
v 57.85 10 -83.99
v 58.07 10 -82.45
v 58.62 10 -80.88
v 58.74 10 -82.06
v 60.92 10 -78.81
v 62.1 10 -78.598
v 61.571 10 -78.708
v 63.016 10 -78.266
v 62.564 10 -78.458
v 64.11 10 -77.64
v 63.513 10 -78
v 65.062 10 -77.003
v 64.642 10 -77.299
v 65.641 10 -76.474
v 65.389 10 -76.734
v 66 10 -75.91
v 65.838 10 -76.206
v 67.658 10 -74.393
v 68.991 10 -73.606
v 68.43 10 -73.94
v 70.04 10 -72.912
v 69.536 10 -73.258
v 70.823 10 -72.305
v 70.477 10 -72.589
v 71.259 10 -71.849
v 71.05 10 -72.08
v 72.571 10 -70.442
v 73.331 10 -69.637
v 72.93 10 -70.07
v 74.345 10 -68.494
v 73.813 10 -69.101
v 75.439 10 -67.2
v 74.897 10 -67.849
v 78.866 10 -63.737
v 80.551 10 -62.743
v 79.68 10 -63.26
v 82.431 10 -61.447
v 81.426 10 -62.17
v 85.328 10 -59.185
v 83.69 10 -60.484
v 87.878 10 -57.121
v 87.47 10 -57.46
v 88.5 10 -56.545
v 88.225 10 -56.812
v 88.789 10 -56.182
v 88.691 10 -56.331
v 88.654 10 -56.073
v 88.78 10 -56.11
v 88.041 10 -55.969
v 88.4 10 -56.025
v 87.099 10 -55.848
v 87.6 10 -55.909
v 79.972 10 -47.027
v 80.775 10 -47.013
v 80.38 10 -47.02
v 81.308 10 -46.91
v 81.074 10 -46.981
v 81.713 10 -46.594
v 81.51 10 -46.786
v 82.54 10 -45.62
v 81.95 10 -46.32
v 87.591 10 -47.39
v 84.8 10 -46.42
v 91.329 10 -48.678
v 89.747 10 -48.136
v 93.023 10 -49.238
v 92.4 10 -49.038
v 93.272 10 -49.258
v 93.26 10 -49.3
v 93.143 10 -48.951
v 93.231 10 -49.138
v 92.847 10 -48.422
v 93.013 10 -48.709
v 92.435 10 -47.756
v 92.65 10 -48.1
v 91.502 10 -46.247
v 91.006 10 -45.465
v 91.32 10 -45.94
v 90.246 10 -44.624
v 90.657 10 -45.034
v 89.129 10 -43.766
v 89.746 10 -44.209
v 87.996 10 -43.048
v 88.37 10 -43.27
v 87.366 10 -42.774
v 87.673 10 -42.885
v 86.673 10 -42.67
v 87.044 10 -42.705
v 85.785 10 -42.668
v 86.22 10 -42.66
v 85.145 10 -42.749
v 85.435 10 -42.695
v 84.651 10 -42.96
v 84.892 10 -42.835
v 82.685 10 -43.169
v 82.272 10 -42.641
v 82.43 10 -42.83
v 81.631 10 -42.15
v 82.006 10 -42.414
v 80.554 10 -41.512
v 81.148 10 -41.849
v 77.57 10 -39.97
v 79.85 10 -41.14
v 74.92 10 -40.42
v 71.84 10 -42.38
v 72.28 10 -40.86
v 72.19 10 -44.56
v 71.43 10 -43.89
v 64.96 10 -39.59
v 65.807 10 -37.937
v 65.444 10 -38.672
v 66.24 10 -36.837
v 66.066 10 -37.34
v 66.4 10 -35.93
v 66.345 10 -36.382
v 69.7 10 -30.16
v 70.336 10 -29.565
v 70.077 10 -29.831
v 70.61 10 -29.001
v 70.505 10 -29.308
v 70.74 10 -28.02
v 70.68 10 -28.591
v 72 10 -25.5
v 74.42 10 -18.19
v 73.1 10 -24.36
v 75.099 10 -15.059
v 74.777 10 -16.547
v 75.584 10 -12.791
v 75.372 10 -13.786
v 75.77 10 -11.88
v 75.721 10 -12.136
v 77.17 10 -10.34
v 78.39 10 -8.01
v 78.6 10 -8.99
v 78.26 10 -6.94
v 80.191 10 -5.372
v 79.113 10 -6.254
v 82.342 10 -3.581
v 81.324 10 -4.434
v 83.36 10 -2.7
v 83.077 10 -2.956
v 83.303 10 -2.536
v 83.345 10 -2.647
v 83.157 10 -2.174
v 83.239 10 -2.375
v 83.063 10 -1.943
v 82.796 10 -1.334
v 82.96 10 -1.69
v 82.504 10 -0.894
v 82.65 10 -1.075
v 82.128 10 -0.69
v 82.336 10 -0.771
v 81.631 10 -0.591
v 81.86 10 -0.63
v 80.253 10 -0.326
v 79.434 10 -0.171
v 79.89 10 -0.25
v 78.191 10 -0.054
v 78.861 10 -0.105
v 76.645 10 0
v 77.446 10 -0.018
v 75.81 10 0
v 71.09 10 -0.93
v 73.02 10 0
v 69.604 10 -1.696
v 70.192 10 -1.364
v 69.146 10 -2.364
v 69.272 10 -2.004
v 69.3 10 -3.55
v 69.173 10 -2.854
v 67.9 10 -7.44
v 65.24 10 -15.23
v 66.34 10 -10.51
v 64.591 10 -18.286
v 64.894 10 -16.81
v 64.105 10 -21.011
v 64.33 10 -19.679
v 63.75 10 -23.58
v 63.913 10 -22.304
v 62.42 10 -28.62
v 61.923 10 -29.387
v 62.167 10 -29.01
v 58.358 10 -33.616
v 55.896 10 -36.201
v 56.69 10 -35.36
v 54.419 10 -37.8
v 55.127 10 -37.027
v 53.325 10 -39.026
v 53.806 10 -38.479
v 52.19 10 -40.4
v 53.01 10 -39.4
v 50.001 10 -40.203
v 51.04 10 -40.29
v 47.09 10 -39.999
v 48.615 10 -40.101
v 44.459 10 -39.844
v 45.635 10 -39.909
v 41.087 10 -30.332
v 42.222 10 -29.017
v 41.97 10 -29.31
v 42.498 10 -28.558
v 42.394 10 -28.776
v 42.54 10 -28.065
v 42.543 10 -28.331
v 45.63 10 -25.21
v 46.075 10 -25.594
v 45.858 10 -25.412
v 46.442 10 -25.866
v 46.272 10 -25.747
v 46.66 10 -25.97
v 46.574 10 -25.943
v 46.864 10 -25.841
v 46.736 10 -25.931
v 47.236 10 -25.536
v 47.035 10 -25.706
v 47.68 10 -25.12
v 47.454 10 -25.338
v 47.74 10 -23.33
v 48.53 10 -24.28
v 49.12 10 -21.53
v 50.89 10 -21.32
v 50.03 10 -22.27
v 50.85 10 -19.6
v 51.72 10 -20.37
v 51.715 10 -16.601
v 54.72 10 -13.36
v 52.35 10 -15.92
v 53.469 10 -12.214
v 53.73 10 -12.45
v 53.001 10 -11.82
v 53.222 10 -12.001
v 52.684 10 -11.586
v 52.818 10 -11.679
v 52.485 10 -11.642
v 52.61 10 -11.55
v 51.822 10 -12.305
v 52.214 10 -11.903
v 50.767 10 -13.434
v 51.332 10 -12.824
v 49.535 10 -14.786
v 50.15 10 -14.11
v 47.036 10 -16.264
v 46.632 10 -15.964
v 46.83 10 -16.11
v 46.272 10 -15.713
v 46.443 10 -15.829
v 46.027 10 -15.561
v 46.131 10 -15.621
v 45.908 10 -15.572
v 45.97 10 -15.54
v 45.671 10 -15.799
v 45.806 10 -15.661
v 45.331 10 -16.182
v 45.511 10 -15.976
v 44.42 10 -17.28
v 45.14 10 -16.41
v 44.45 10 -20.35
v 43.368 10 -19.28
v 43.62 10 -19.52
v 42.952 10 -18.954
v 43.144 10 -19.091
v 42.677 10 -18.837
v 42.796 10 -18.869
v 42.532 10 -18.942
v 42.6 10 -18.86
v 41.933 10 -19.644
v 41.06 10 -20.7
v 41.74 10 -19.86
v 38.82 10 -24.57
v 35.56 10 -26.14
v 37.55 10 -24.05
v 29.6 10 -20.54
v 28.9 10 -16.73
v 29.72 10 -17.91
v 28.405 10 -16.053
v 28.659 10 -16.398
v 27.915 10 -15.394
v 28.153 10 -15.713
v 27.706 10 -15.114
v 27.359 10 -14.653
v 27.54 10 -14.89
v 26.89 10 -13.17
v 26.766 10 -12.404
v 26.836 10 -12.731
v 26.467 10 -11.909
v 26.653 10 -12.145
v 25.77 10 -11.33
v 26.182 10 -11.652
v 24.821 10 -9.424
v 25.036 10 -8.338
v 24.96 10 -8.73
v 25.05 10 -7.809
v 25.069 10 -8.044
v 24.824 10 -7.357
v 24.971 10 -7.593
v 24.038 10 -4.63
v 24.501 10 -3.732
v 24.27 10 -4.19
v 24.747 10 -2.607
v 24.661 10 -3.183
v 24.681 10 -1.636
v 24.755 10 -2.07
v 24.41 10 -1.306
v 24.52 10 -1.37
v 23.965 10 -1.135
v 24.22 10 -1.226
v 23.32 10 -0.938
v 23.66 10 -1.037
v 22.408 10 -0.705
v 22.96 10 -0.84
v 21.29 10 -0.577
v 21.887 10 -0.618
v 19.426 10 -0.63
v 20.506 10 -0.582
v 17.94 10 -0.72
v 15.891 10 -0.844
v 16.907 10 -0.779
v 14.105 10 -0.97
v 14.941 10 -0.909
v 12.97 10 -1.06
v 13.432 10 -1.022
v 11.58 10 -1.9
v 11.7 10 -1.18
v 11.575 10 -2.479
v 11.554 10 -2.191
v 11.812 10 -3.201
v 11.656 10 -2.802
v 12.4 10 -4.38
v 12.055 10 -3.714
v 13.35 10 -6.15
v 12.78 10 -8.9
v 13.06 10 -7.51
v 14.609 10 -12.274
v 14.18 10 -11.5
v 15.621 10 -14.004
v 15.099 10 -13.124
v 16.65 10 -15.664
v 16.147 10 -14.866
v 18.64 10 -18.59
v 17.1 10 -16.35
v 18.17 10 -19.44
v 18.49 10 -22.56
v 17.69 10 -20.3
v 22.4 10 -27.49
v 19.28 10 -24.81
v 27.55 10 -33.61
v 26.546 10 -34.975
v 26.82 10 -34.6
v 26.214 10 -35.571
v 26.348 10 -35.289
v 26.091 10 -36.158
v 26.132 10 -35.851
v 26.071 10 -36.894
v 26.08 10 -36.52
v 24.16 10 -37.86
v 24.142 10 -37.23
v 24.155 10 -37.54
v 24.095 10 -36.697
v 24.121 10 -36.944
v 24.03 10 -36.38
v 24.064 10 -36.504
v 23.741 10 -36.031
v 23.935 10 -36.252
v 23.116 10 -35.382
v 23.462 10 -35.735
v 22.28 10 -34.58
v 22.717 10 -34.991
v 18.966 10 -31.513
v 20.286 10 -32.729
v 17.751 10 -30.5
v 18.17 10 -30.811
v 17.45 10 -30.56
v 17.561 10 -30.457
v 17.095 10 -30.975
v 17.326 10 -30.7
v 16.391 10 -31.835
v 16.778 10 -31.361
v 15.49 10 -32.95
v 15.956 10 -32.372
v 14.96 10 -36.17
v 13.77 10 -35.09
v 15.333 10 -36.514
v 16.309 10 -37.414
v 15.792 10 -36.937
v 17.401 10 -38.417
v 16.855 10 -37.916
v 18.419 10 -39.343
v 17.92 10 -38.89
v 19.369 10 -40.205
v 18.909 10 -39.789
v 20.102 10 -40.867
v 19.774 10 -40.571
v 20.94 10 -41.62
v 20.29 10 -45.75
v 20.61 10 -43.69
v 18.87 10 -46.15
v 17.39 10 -47.44
v 17.45 10 -46.55
v 16.63 10 -48.94
v 16.089 10 -49.417
v 16.396 10 -49.143
v 15.341 10 -50.103
v 15.73 10 -49.744
v 14.56 10 -50.84
v 14.944 10 -50.475
v 13.534 10 -51.764
v 27.3 10 -44.999
v 34.41 10 -44.043
v 27.816 10 -58.252
v 13.103 10 -52.097
v 11.782 10 -51.419
v 24.766 10 -67.748
v 28.86 10 -71.23
v 31.332 10 -74.133
v 46.41 10 -86.99
v 47.19 10 -96.07
v 49.93 10 -98.514
v 51.334 10 -98.563
v 53.141 10 -99.041
v 54.061 10 -98.989
v 58.21 10 -96.174
v 62.47 10 -92.26
v 59.968 10 -78.966
v 66.168 10 -75.599
v 72.207 10 -70.827
v 86.56 10 -55.79
v 92.199 10 -47.378
v 91.718 10 -46.602
v 72.94 10 -45.22
v 64.419 10 -40.646
v 69.396 10 -30.441
v 71.53 10 -25.989
v 76.799 10 -10.712
v 80.627 10 -0.402
v 69.352 10 -3.906
v 68.531 10 -6.192
v 63.33 10 -27.2
v 61.699 10 -29.735
v 43.77 10 -39.82
v 42.5 10 -27.73
v 45.404 10 -25.009
v 48.21 10 -20.79
v 50.622 10 -19.382
v 45.1 10 -17.96
v 42.116 10 -19.434
v 40.07 10 -25.08
v 29.552 10 -22.206
v 26.938 10 -13.532
v 24.6 10 -7.06
v 23.798 10 -28.704
v 20.33 10 -41.07
v 13.84 10 -51.499
v 26.853 10 -45.189
v 29.995 10 -41.799
v 34.881 10 -44.716
v 13.01 10 -52.14
v 12.146 10 -51.652
v 18.505 10 -53.627
v 28.161 10 -71.073
v 53.806 10 -98.867
v 58.011 10 -96.235
v 63.954 10 -91.357
v 58.584 10 -80.207
v 85.375 10 -55.653
v 91.955 10 -46.986
v 71.209 10 -26.362
v 76.465 10 -11.057
v 81.336 10 -0.538
v 80.995 10 -0.474
v 68.959 10 -5.307
v 59.536 10 -32.375
v 40.286 10 -31.305
v 42.461 10 -27.384
v 51.146 10 -17.227
v 48.973 10 -15.396
v 42.283 10 -19.24
v 35.024 10 -26.699
v 29.606 10 -23.457
v 24.173 10 -38.182
v 17.354 10 -47.78
v 14.188 10 -51.187
v 35.32 10 -45.344
v 38.12 10 -57.02
v 28.143 10 -59.335
v 12.466 10 -51.849
v 18.466 10 -53.176
v 24.221 10 -67.104
v 47.106 10 -83.974
v 47.421 10 -84.52
v 46.063 10 -87.893
v 44.003 10 -89.857
v 50.224 10 -98.241
v 51.279 10 -98.328
v 53.374 10 -98.893
v 53.586 10 -98.835
v 57.392 10 -96.744
v 57.818 10 -96.342
v 62.701 10 -92.073
v 61.24 10 -85.19
v 58.42 10 -86.474
v 58.656 10 -79.721
v 59.304 10 -79.142
v 66.379 10 -75.324
v 67.084 10 -74.753
v 71.855 10 -71.202
v 78.246 10 -64.141
v 79.663 10 -47.068
v 82.976 10 -43.394
v 72.45 10 -45.98
v 64.035 10 -41.471
v 69.075 10 -30.793
v 71.003 10 -26.685
v 76.181 10 -11.361
v 69.335 10 -4.256
v 69.215 10 -4.692
v 45.192 10 -24.832
v 47.528 10 -23.079
v 50.415 10 -19.175
v 50.665 10 -17.77
v 47.23 10 -16.402
v 45.407 10 -18.277
v 42.424 10 -19.073
v 34.531 10 -27.203
v 27.005 10 -13.854
v 24.766 10 -9.935
v 23.92 10 -5.09
v 24.786 10 -29.596
v 26.032 10 -37.189
v 17.297 10 -48.053
v 16.887 10 -48.705
v 26.459 10 -45.364
v 36.596 10 -47.862
v 38.663 10 -57.104
v 12.728 10 -52.001
v 15.3 10 -55.18
v 18.428 10 -52.827
v 23.265 10 -66.022
v 23.712 10 -66.519
v 31.234 10 -73.733
v 47.376 10 -84.275
v 46.349 10 -87.346
v 46.195 10 -87.775
v 50.485 10 -98.025
v 51.216 10 -98.124
v 57.616 10 -96.509
v 62.983 10 -91.878
v 63.627 10 -91.509
v 71.533 10 -71.55
v 79.401 10 -47.175
v 84.4 10 -43.13
v 66.458 10 -35.484
v 68.739 10 -31.213
v 75.962 10 -11.61
v 60.319 10 -31.537
v 39.604 10 -32.176
v 45.002 10 -24.685
v 47.337 10 -22.846
v 50.237 10 -18.988
v 50.294 10 -18.203
v 48.489 10 -15.916
v 47.403 10 -16.519
v 45.586 10 -18.508
v 34.101 10 -27.63
v 29.802 10 -24.419
v 27.095 10 -14.143
v 24.257 10 -6.553
v 25.478 10 -30.29
v 25.948 10 -37.439
v 24.19 10 -38.469
v 17.209 10 -48.284
v 26.137 10 -45.514
v 12.914 10 -52.101
v 16.78 10 -53.85
v 31.105 10 -73.397
v 46.284 10 -87.6
v 44.317 10 -89.64
v 44.182 10 -89.783
v 50.706 10 -97.873
v 51.147 10 -97.959
v 63.298 10 -91.686
v 66.671 10 -75.052
v 77.731 10 -64.549
v 83.299 10 -43.505
v 66.553 10 -35.069
v 68.388 10 -31.697
v 70.878 10 -27.024
v 75.82 10 -11.787
v 39.081 10 -32.895
v 50.098 10 -18.828
v 50.055 10 -18.499
v 48.103 10 -16.32
v 41.74 10 -21.51
v 33.756 10 -27.961
v 27.211 10 -14.406
v 24.814 10 -10.323
v 23.917 10 -5.565
v 24.212 10 -38.711
v 17.076 10 -48.493
v 25.908 10 -45.632
v 36.721 10 -47.685
v 17.178 10 -53.501
v 18.392 10 -52.6
v 27.982 10 -71.034
v 30.922 10 -73.084
v 60.644 10 -85.859
v 75.94 10 -66.58
v 77.234 10 -65.039
v 83.647 10 -43.499
v 66.702 10 -34.641
v 68.025 10 -32.244
v 78.331 10 -7.743
v 78.24 10 -6.998
v 38.757 10 -33.41
v 44.845 10 -24.574
v 50.006 10 -18.706
v 49.97 10 -18.63
v 47.84 10 -16.583
v 47.547 10 -16.608
v 42.062 10 -21.916
v 33.515 10 -28.174
v 24.03 10 -6.054
v 25.984 10 -30.907
v 24.24 10 -38.898
v 25.79 10 -45.71
v 36.66 10 -47.388
v 30.664 10 -72.749
v 51.075 10 -97.841
v 58.881 10 -79.38
v 76.666 10 -65.69
v 79.133 10 -47.379
v 72.298 10 -46.2
v 70.801 10 -27.447
v 78.285 10 -7.499
v 78.238 10 -7.117
v 42.469 10 -27.111
v 44.728 10 -24.507
v 47.58 10 -21.49
v 47.655 10 -16.663
v 42.236 10 -22.23
v 33.4 10 -28.25
v 25.297 10 -10.961
v 26.417 10 -31.57
v 24.272 10 -39.018
v 30.077 10 -41.589
v 39.143 10 -57.241
v 17.541 10 -53.185
v 18.36 10 -52.52
v 30.31 10 -72.35
v 51 10 -97.78
v 84.451 10 -55.436
v 84.016 10 -43.374
v 72.13 10 -46.433
v 67.65 10 -32.85
v 78.254 10 -7.287
v 42.55 10 -26.86
v 44.66 10 -24.49
v 47.408 10 -21.685
v 47.72 10 -16.68
v 42.245 10 -22.524
v 24.984 10 -10.645
v 26.89 10 -32.4
v 30.195 10 -41.405
v 39.542 10 -57.423
v 17.855 10 -52.915
v 30.05 10 -72.082
v 71.954 10 -46.665
v 47.175 10 -22.64
v 42.07 10 -22.866
v 24.31 10 -39.06
v 30.36 10 -41.234
v 39.847 10 -57.639
v 18.106 10 -52.705
v 29.779 10 -71.833
v 50.88 10 -97.789
v 83.582 10 -55.01
v 67.234 10 -33.575
v 47.05 10 -22.474
v 47.254 10 -21.867
v 45.629 10 -18.715
v 41.695 10 -23.328
v 30.184 10 -25.216
v 24.378 10 -39.031
v 40.042 10 -57.881
v 18.279 10 -52.569
v 29.037 10 -71.303
v 29.51 10 -71.614
v 60.186 10 -86.346
v 82.562 10 -54.248
v 78.807 10 -47.71
v 46.969 10 -22.361
v 47.125 10 -22.027
v 45.531 10 -18.959
v 41.1 10 -23.98
v 24.494 10 -38.95
v 29.258 10 -71.434
v 59.835 10 -86.675
v 81.184 10 -53.021
v 78.37 10 -48.2
v 66.924 10 -34.157
v 46.94 10 -22.31
v 47.026 10 -22.16
v 45.287 10 -19.3
v 30.793 10 -25.975
v 24.65 10 -38.825
v 59.561 10 -86.874
v 79.24 10 -51.2
v 77.33 10 -49.39
v 61.504 10 -30.036
v 44.595 10 -24.551
v 46.962 10 -22.256
v 44.89 10 -19.8
v 31.67 10 -26.82
v 24.836 10 -38.663
v 59.333 10 -86.971
v 71.78 10 -46.884
v 32.091 10 -27.2
v 25.042 10 -38.472
v 28.441 10 -60.161
v 59.12 10 -86.99
v 71.619 10 -47.076
v 32.481 10 -27.542
v 25.26 10 -38.26
v 28.77 10 -60.875
v 58.859 10 -86.948
v 63.792 10 -42.116
v 44.46 10 -24.684
v 32.824 10 -27.831
v 25.578 10 -37.94
v 29.19 10 -61.62
v 63.675 10 -42.636
v 44.268 10 -24.88
v 33.103 10 -28.055
v 25.801 10 -37.678
v 29.76 10 -62.54
v 58.66 10 -86.856
v 71.48 10 -47.23
v 63.666 10 -43.083
v 44.03 10 -25.126
v 33.3 10 -28.199
v 31.12 10 -64.72
v 71.279 10 -47.427
v 61.348 10 -30.274
v 43.76 10 -25.409
v 25.371 10 -48.079
v 58.516 10 -86.701
v 71.102 10 -47.554
v 61.24 10 -30.43
v 43.47 10 -25.72
v 25.468 10 -47.347
v 33.95 10 -66.22
v 70.897 10 -47.619
v 61.076 10 -30.666
v 43.026 10 -26.216
v 25.565 10 -46.714
v 34.705 10 -66.614
v 70.615 10 -47.629
v 63.75 10 -43.51
v 42.727 10 -26.579
v 25.656 10 -46.21
v 35.393 10 -66.968
v 60.8 10 -31.001
v 25.733 10 -45.865
v 35.985 10 -67.268
v 70.203 10 -47.594
v 36.454 10 -67.499
v 69.61 10 -47.52
v 36.771 10 -67.647
v 68.999 10 -47.422
v 63.853 10 -43.672
v 36.91 10 -67.7
v 68.521 10 -47.304
v 64.096 10 -43.934
v 38.67 10 -33.67
v 37.199 10 -67.021
v 68.081 10 -47.115
v 64.457 10 -44.278
v 37.806 10 -65.315
v 67.582 10 -46.802
v 64.914 10 -44.683
v 38.773 10 -33.85
v 38.566 10 -63.077
v 66.927 10 -46.314
v 65.442 10 -45.13
v 39.017 10 -34.211
v 39.314 10 -60.805
v 66.02 10 -45.6
v 30.582 10 -41.064
v 39.883 10 -58.994
v 39.38 10 -34.724
v 40.11 10 -58.14
v 30.87 10 -40.88
v 39.84 10 -35.359
v 31.085 10 -40.751
v 31.283 10 -40.637
v 36.418 10 -46.942
v 31.459 10 -40.54
v 36 10 -46.32
v 31.603 10 -40.463
v 35.701 10 -45.89
v 31.71 10 -40.409
v 40.374 10 -36.087
v 31.77 10 -40.38
v 32.651 10 -41.53
v 40.96 10 -36.88
v 32.313 10 -41.06
v 41.833 10 -38.046
v 32.042 10 -40.697
v 42.464 10 -38.856
v 31.856 10 -40.463
v 42.912 10 -39.374
v 43.239 10 -39.664
v 43.505 10 -39.792
f 1 2 3
f 4 5 6
f 7 4 8
f 9 7 10
f 11 12 13
f 14 15 16
f 17 14 18
f 19 17 20
f 21 19 22
f 23 21 24
f 25 23 26
f 27 25 28
f 29 27 30
f 31 29 32
f 33 31 34
f 35 33 36
f 37 35 38
f 39 40 41
f 42 39 43
f 44 42 45
f 2 44 3
f 46 47 48
f 49 46 50
f 51 49 52
f 53 51 54
f 55 53 56
f 57 55 58
f 59 57 60
f 61 59 62
f 63 61 64
f 65 66 67
f 68 65 69
f 70 68 71
f 72 70 73
f 74 72 75
f 76 74 77
f 78 76 79
f 80 81 82
f 83 80 84
f 85 83 86
f 87 88 89
f 90 91 92
f 93 90 94
f 95 93 96
f 97 95 98
f 99 97 100
f 101 99 102
f 103 101 104
f 105 106 107
f 108 105 109
f 110 108 111
f 112 110 113
f 114 115 116
f 117 114 118
f 119 117 120
f 121 122 123
f 124 121 125
f 126 124 127
f 128 126 129
f 130 131 132
f 133 130 134
f 135 133 136
f 137 135 138
f 139 140 141
f 142 139 143
f 144 142 145
f 146 147 148
f 149 146 150
f 151 152 153
f 154 151 155
f 156 154 157
f 158 156 159
f 160 158 161
f 162 160 163
f 164 165 166
f 167 164 168
f 169 167 170
f 171 169 172
f 173 174 175
f 176 177 178
f 179 176 180
f 181 179 182
f 183 184 185
f 186 183 187
f 188 186 189
f 190 188 191
f 192 190 193
f 194 192 195
f 196 194 197
f 198 196 199
f 200 201 202
f 203 200 204
f 205 203 206
f 207 205 208
f 209 207 210
f 211 209 212
f 213 211 214
f 215 213 216
f 217 215 218
f 219 217 220
f 221 219 222
f 223 221 224
f 225 223 226
f 227 228 229
f 230 227 231
f 232 230 233
f 234 232 235
f 236 237 238
f 239 240 241
f 242 239 243
f 244 242 245
f 246 244 247
f 248 246 249
f 250 248 251
f 252 253 254
f 255 252 256
f 257 255 258
f 259 257 260
f 261 262 263
f 264 261 265
f 266 264 267
f 268 269 270
f 271 268 272
f 273 271 274
f 275 273 276
f 277 275 278
f 279 277 280
f 281 279 282
f 283 281 284
f 285 283 286
f 287 288 289
f 290 287 291
f 292 290 293
f 294 292 295
f 296 294 297
f 298 296 299
f 300 298 301
f 302 300 303
f 304 302 305
f 306 304 307
f 308 306 309
f 310 311 312
f 313 310 314
f 315 313 316
f 317 315 318
f 319 317 320
f 321 319 322
f 323 321 324
f 325 323 326
f 327 325 328
f 329 330 331
f 332 329 333
f 334 332 335
f 336 334 337
f 338 339 340
f 341 338 342
f 343 344 345
f 346 343 347
f 348 346 349
f 350 351 352
f 353 350 354
f 355 353 356
f 357 358 359
f 360 357 361
f 362 360 363
f 364 362 365
f 366 367 368
f 369 370 371
f 372 369 373
f 374 372 375
f 376 374 377
f 378 376 379
f 380 381 382
f 383 380 384
f 385 383 386
f 387 385 388
f 389 390 391
f 392 389 393
f 394 392 395
f 396 397 398
f 399 396 400
f 401 399 402
f 403 401 404
f 405 406 407
f 408 405 409
f 410 408 411
f 412 410 413
f 414 415 416
f 417 418 419
f 420 417 421
f 422 420 423
f 424 422 425
f 426 424 427
f 428 426 429
f 430 428 431
f 432 433 434
f 435 432 436
f 437 435 438
f 439 440 441
f 442 439 443
f 444 442 445
f 446 444 447
f 448 446 449
f 450 448 451
f 452 450 453
f 454 455 456
f 457 454 458
f 459 460 461
f 462 459 463
f 464 462 465
f 466 464 467
f 468 466 469
f 470 468 471
f 472 470 473
f 474 472 475
f 476 477 478
f 479 476 480
f 481 479 482
f 483 481 484
f 485 483 486
f 487 485 488
f 489 487 490
f 491 492 493
f 494 491 495
f 496 494 497
f 498 496 499
f 500 501 502
f 503 504 505
f 506 507 508
f 509 506 510
f 511 509 512
f 513 514 515
f 516 517 518
f 519 516 520
f 521 519 522
f 523 524 525
f 526 523 527
f 528 526 529
f 530 531 532
f 533 530 534
f 535 533 536
f 537 535 538
f 539 537 540
f 541 539 542
f 543 541 544
f 545 543 546
f 547 545 548
f 549 550 551
f 552 549 553
f 554 552 555
f 556 554 557
f 558 556 559
f 560 558 561
f 562 560 563
f 564 565 566
f 567 564 568
f 569 567 570
f 571 569 572
f 573 571 574
f 575 576 577
f 578 575 579
f 580 581 582
f 583 580 584
f 585 583 586
f 587 585 588
f 589 590 591
f 592 589 593
f 594 592 595
f 596 594 597
f 598 596 599
f 600 598 601
f 602 600 603
f 604 602 605
f 606 604 607
f 608 606 609
f 610 608 611
f 612 610 613
f 614 612 615
f 616 617 618
f 619 616 620
f 621 619 622
f 623 621 624
f 625 623 626
f 627 628 629
f 630 631 632
f 633 634 635
f 636 633 637
f 638 636 639
f 1 640 2
f 4 641 5
f 9 4 7
f 642 12 11
f 17 15 14
f 21 17 19
f 25 21 23
f 29 25 27
f 33 29 31
f 37 33 35
f 39 643 40
f 44 39 42
f 644 44 2
f 46 645 47
f 51 46 49
f 55 51 53
f 59 55 57
f 63 59 61
f 68 66 65
f 72 68 70
f 76 72 74
f 80 646 81
f 85 80 83
f 647 88 87
f 90 648 91
f 95 90 93
f 99 95 97
f 103 99 101
f 108 106 105
f 112 108 110
f 117 115 114
f 649 117 119
f 124 122 121
f 128 124 126
f 133 131 130
f 137 133 135
f 139 137 140
f 144 139 142
f 146 650 147
f 651 146 149
f 151 652 152
f 156 151 154
f 160 156 158
f 653 160 162
f 164 654 165
f 169 164 167
f 173 655 174
f 179 177 176
f 656 179 181
f 186 184 183
f 190 186 188
f 194 190 192
f 198 194 196
f 200 198 201
f 205 200 203
f 209 205 207
f 213 209 211
f 217 213 215
f 221 217 219
f 225 221 223
f 230 228 227
f 234 230 232
f 236 234 237
f 239 657 240
f 244 239 242
f 248 244 246
f 658 248 250
f 255 253 252
f 259 255 257
f 261 659 262
f 266 261 264
f 271 269 268
f 275 271 273
f 279 275 277
f 283 279 281
f 660 283 285
f 290 288 287
f 294 290 292
f 298 294 296
f 302 298 300
f 306 302 304
f 661 306 308
f 310 662 311
f 315 310 313
f 319 315 317
f 323 319 321
f 327 323 325
f 332 330 329
f 336 332 334
f 338 336 339
f 663 338 341
f 343 664 344
f 348 343 346
f 350 665 351
f 355 350 353
f 357 666 358
f 362 357 360
f 366 667 367
f 372 370 369
f 376 372 374
f 381 376 378
f 383 381 380
f 387 383 385
f 389 668 390
f 394 389 392
f 396 394 397
f 401 396 399
f 669 401 403
f 405 670 406
f 410 405 408
f 671 410 412
f 672 415 414
f 420 418 417
f 424 420 422
f 428 424 426
f 673 428 430
f 435 433 432
f 674 435 437
f 439 675 440
f 444 439 442
f 448 444 446
f 452 448 450
f 454 676 455
f 677 454 457
f 462 460 459
f 466 462 464
f 470 466 468
f 474 470 472
f 479 477 476
f 483 479 481
f 487 483 485
f 678 487 489
f 494 492 491
f 498 494 496
f 500 679 501
f 503 680 504
f 506 681 507
f 511 506 509
f 513 511 514
f 516 682 517
f 521 516 519
f 526 524 523
f 683 526 528
f 533 531 530
f 537 533 535
f 541 537 539
f 545 541 543
f 550 545 547
f 552 550 549
f 556 552 554
f 560 556 558
f 565 560 562
f 567 565 564
f 571 567 569
f 575 573 576
f 684 575 578
f 583 581 580
f 587 583 585
f 592 590 589
f 596 592 594
f 600 596 598
f 604 600 602
f 608 604 606
f 612 608 610
f 617 612 614
f 619 617 616
f 623 619 621
f 685 623 625
f 630 627 631
f 636 634 633
f 1 686 640
f 4 687 641
f 688 4 9
f 689 12 642
f 21 15 17
f 29 21 25
f 37 29 33
f 44 643 39
f 690 44 644
f 46 691 645
f 55 46 51
f 63 55 59
f 68 692 66
f 76 68 72
f 85 646 80
f 647 693 88
f 95 648 90
f 103 95 99
f 112 106 108
f 649 115 117
f 128 122 124
f 137 131 133
f 144 137 139
f 651 650 146
f 156 652 151
f 653 156 160
f 164 694 654
f 171 164 169
f 173 695 655
f 656 177 179
f 186 696 184
f 194 186 190
f 200 194 198
f 209 200 205
f 217 209 213
f 225 217 221
f 234 228 230
f 697 234 236
f 244 657 239
f 658 244 248
f 259 253 255
f 266 659 261
f 275 269 271
f 283 275 279
f 698 283 660
f 294 288 290
f 302 294 298
f 661 302 306
f 310 699 662
f 319 310 315
f 327 319 323
f 336 330 332
f 663 336 338
f 348 664 343
f 355 665 350
f 357 700 666
f 364 357 362
f 366 701 667
f 376 370 372
f 383 376 381
f 702 383 387
f 389 703 668
f 396 389 394
f 669 396 401
f 405 704 670
f 671 405 410
f 420 705 418
f 673 424 428
f 435 706 433
f 707 435 674
f 444 675 439
f 452 444 448
f 677 676 454
f 462 708 460
f 470 462 466
f 709 470 474
f 483 477 479
f 678 483 487
f 498 492 494
f 500 710 679
f 711 680 503
f 506 712 681
f 513 506 511
f 521 682 516
f 683 524 526
f 537 531 533
f 545 537 541
f 552 545 550
f 560 552 556
f 571 565 567
f 684 573 575
f 587 581 583
f 592 713 590
f 600 592 596
f 608 600 604
f 617 608 612
f 623 617 619
f 714 627 630
f 638 634 636
f 1 715 686
f 688 687 4
f 716 12 689
f 29 15 21
f 717 29 37
f 44 718 643
f 46 719 691
f 63 46 55
f 68 720 692
f 78 68 76
f 85 721 646
f 103 648 95
f 722 106 112
f 649 723 115
f 128 724 122
f 137 725 131
f 650 137 144
f 726 650 651
f 156 727 652
f 728 156 653
f 164 729 694
f 730 164 171
f 173 731 695
f 732 177 656
f 194 696 186
f 217 200 209
f 733 217 225
f 234 734 228
f 735 234 697
f 244 736 657
f 737 244 658
f 259 738 253
f 266 739 659
f 275 740 269
f 698 275 283
f 294 741 288
f 661 294 302
f 310 661 699
f 327 310 319
f 336 742 330
f 743 336 663
f 348 744 664
f 355 745 665
f 357 746 700
f 366 747 701
f 383 370 376
f 703 383 702
f 396 703 389
f 748 396 669
f 405 749 704
f 424 705 420
f 707 706 435
f 444 750 675
f 751 444 452
f 752 676 677
f 462 753 708
f 709 462 470
f 483 754 477
f 755 483 678
f 756 492 498
f 500 756 710
f 757 680 711
f 513 712 506
f 521 758 682
f 683 759 524
f 537 760 531
f 552 537 545
f 565 552 560
f 573 565 571
f 761 573 684
f 762 581 587
f 600 713 592
f 617 600 608
f 685 617 623
f 763 627 714
f 638 764 634
f 1 638 715
f 688 765 687
f 29 766 15
f 767 29 717
f 46 768 719
f 769 46 63
f 68 770 720
f 771 68 78
f 85 772 721
f 103 773 648
f 774 106 722
f 775 723 649
f 128 776 724
f 650 725 137
f 777 650 726
f 156 778 727
f 730 729 164
f 173 779 731
f 780 177 732
f 194 781 696
f 733 200 217
f 737 736 244
f 782 738 259
f 266 782 739
f 698 740 275
f 294 783 741
f 310 294 661
f 784 310 327
f 743 742 336
f 785 744 348
f 355 786 745
f 364 746 357
f 366 787 747
f 703 370 383
f 748 703 396
f 671 749 405
f 424 788 705
f 707 789 706
f 444 790 750
f 791 444 751
f 792 676 752
f 462 793 753
f 794 462 709
f 483 795 754
f 796 483 755
f 500 492 756
f 797 680 757
f 513 798 712
f 521 799 758
f 800 759 683
f 552 760 537
f 573 552 565
f 801 573 761
f 802 581 762
f 600 803 713
f 685 600 617
f 804 627 763
f 1 764 638
f 688 805 765
f 767 766 29
f 46 806 768
f 807 46 769
f 771 770 68
f 85 771 772
f 103 808 773
f 809 723 775
f 810 776 128
f 650 811 725
f 812 650 777
f 156 813 778
f 730 728 729
f 173 730 779
f 814 177 780
f 194 814 781
f 733 194 200
f 815 736 737
f 266 738 782
f 698 816 740
f 784 294 310
f 743 817 742
f 818 744 785
f 355 819 786
f 364 820 746
f 366 821 787
f 748 370 703
f 671 748 749
f 707 822 789
f 791 790 444
f 823 676 792
f 462 824 793
f 825 462 794
f 796 795 483
f 826 492 500
f 827 680 797
f 828 798 513
f 521 828 799
f 800 829 759
f 552 830 760
f 801 552 573
f 600 831 803
f 628 600 685
f 832 627 804
f 1 832 764
f 688 833 805
f 767 834 766
f 46 690 806
f 835 46 807
f 771 836 770
f 837 771 85
f 103 838 808
f 811 776 810
f 812 811 650
f 728 813 156
f 173 728 730
f 194 177 814
f 839 194 733
f 738 736 815
f 840 738 266
f 698 841 816
f 784 783 294
f 743 842 817
f 843 744 818
f 355 844 819
f 845 821 366
f 748 846 370
f 707 847 822
f 791 848 790
f 849 676 823
f 462 850 824
f 851 462 825
f 796 852 795
f 853 492 826
f 854 680 827
f 521 798 828
f 855 829 800
f 552 855 830
f 856 552 801
f 600 857 831
f 627 600 628
f 1 627 832
f 688 858 833
f 767 859 834
f 835 690 46
f 837 836 771
f 103 860 838
f 812 776 811
f 728 861 813
f 177 728 173
f 839 177 194
f 738 862 736
f 863 738 840
f 698 863 841
f 784 864 783
f 865 842 743
f 866 844 355
f 867 821 845
f 748 868 846
f 869 847 707
f 791 870 848
f 849 871 676
f 851 850 462
f 796 872 852
f 873 492 853
f 874 680 854
f 875 798 521
f 552 829 855
f 876 552 856
f 600 877 857
f 1 600 627
f 878 858 688
f 879 859 767
f 880 690 835
f 837 881 836
f 103 882 860
f 812 809 776
f 728 883 861
f 839 728 177
f 863 862 738
f 884 863 698
f 885 864 784
f 886 842 865
f 866 887 844
f 888 821 867
f 748 888 868
f 889 847 869
f 791 890 870
f 849 891 871
f 851 849 850
f 796 892 872
f 893 492 873
f 894 798 875
f 552 894 829
f 895 552 876
f 1 877 600
f 896 858 878
f 897 859 879
f 898 690 880
f 693 881 837
f 103 899 882
f 812 723 809
f 839 883 728
f 884 862 863
f 842 864 885
f 900 842 886
f 820 887 866
f 888 364 821
f 671 888 748
f 901 890 791
f 851 891 849
f 796 851 892
f 902 492 893
f 552 798 894
f 581 552 895
f 1 903 877
f 904 858 896
f 905 859 897
f 906 690 898
f 647 881 693
f 103 907 899
f 812 774 723
f 839 908 883
f 909 862 884
f 900 864 842
f 820 910 887
f 671 364 888
f 911 890 901
f 851 912 891
f 913 851 796
f 914 492 902
f 552 915 798
f 1 916 903
f 917 859 905
f 918 690 906
f 919 881 647
f 103 920 907
f 908 774 812
f 921 908 839
f 922 862 909
f 900 923 864
f 364 910 820
f 415 364 671
f 924 890 911
f 851 925 912
f 926 851 913
f 927 492 914
f 581 915 552
f 1 928 916
f 881 690 918
f 929 881 919
f 106 920 103
f 930 908 921
f 931 862 922
f 900 932 923
f 364 933 910
f 672 364 415
f 934 890 924
f 851 935 925
f 936 851 926
f 581 937 915
f 1 938 928
f 881 44 690
f 920 881 929
f 939 908 930
f 940 862 931
f 900 941 932
f 364 843 933
f 942 364 672
f 934 943 890
f 851 944 935
f 945 851 936
f 581 946 937
f 1 947 938
f 881 718 44
f 106 881 920
f 948 908 939
f 941 862 940
f 949 941 900
f 942 843 364
f 944 943 934
f 945 944 851
f 581 950 946
f 1 951 947
f 881 952 718
f 953 908 948
f 941 735 862
f 954 941 949
f 942 744 843
f 945 943 944
f 581 955 950
f 1 956 951
f 881 957 952
f 958 908 953
f 954 735 941
f 942 959 744
f 945 960 943
f 581 961 955
f 1 962 956
f 881 963 957
f 958 774 908
f 954 234 735
f 942 964 959
f 945 965 960
f 581 966 961
f 1 967 962
f 881 968 963
f 969 774 958
f 970 234 954
f 942 971 964
f 945 972 965
f 581 973 966
f 1 802 967
f 881 974 968
f 969 106 774
f 975 234 970
f 976 971 942
f 945 977 972
f 581 874 973
f 978 802 1
f 106 974 881
f 979 106 969
f 980 234 975
f 981 971 976
f 945 982 977
f 581 680 874
f 983 802 978
f 106 984 974
f 734 106 979
f 985 234 980
f 986 971 981
f 945 987 982
f 802 680 581
f 988 802 983
f 106 989 984
f 234 106 734
f 990 234 985
f 986 991 971
f 945 992 987
f 993 802 988
f 106 994 989
f 990 106 234
f 995 991 986
f 945 889 992
f 996 802 993
f 106 997 994
f 998 106 990
f 788 991 995
f 945 847 889
f 858 802 996
f 106 999 997
f 1000 106 998
f 424 991 788
f 492 847 945
f 858 680 802
f 106 1001 999
f 1002 106 1000
f 424 1003 991
f 927 847 492
f 858 927 680
f 106 1004 1001
f 1005 106 1002
f 424 1006 1003
f 927 1007 847
f 904 927 858
f 106 1008 1004
f 1009 106 1005
f 424 1010 1006
f 904 1007 927
f 106 1011 1008
f 1012 106 1009
f 424 1013 1010
f 904 1014 1007
f 106 1015 1011
f 1016 106 1012
f 424 1017 1013
f 904 1018 1014
f 106 1019 1015
f 1020 106 1016
f 424 1020 1017
f 1021 1018 904
f 106 1022 1019
f 424 106 1020
f 1021 1023 1018
f 106 1024 1022
f 673 106 424
f 1025 1023 1021
f 673 1024 106
f 1025 1026 1023
f 673 917 1024
f 1027 1026 1025
f 673 859 917
f 1028 1026 1027
f 673 1029 859
f 1030 1026 1028
f 673 1031 1029
f 1032 1026 1030
f 673 1033 1031
f 1034 1026 1032
f 673 716 1033
f 1034 1035 1026
f 673 12 716
f 1036 1035 1034
f 673 1037 12
f 1036 1038 1035
f 673 1039 1037
f 1036 1040 1038
f 673 1041 1039
f 1036 1042 1040
f 673 1043 1041
f 1036 1044 1042
f 673 1036 1043
f 1036 1045 1044
f 1046 1036 673
f 1036 1046 1045
f 1047 1048 1049
f 1050 1051 1052
f 1051 1053 1054
f 1053 1055 1056
f 1057 1058 1059
f 1060 1061 1062
f 1061 1063 1064
f 1063 1065 1066
f 1065 1067 1068
f 1067 1069 1070
f 1069 1071 1072
f 1071 1073 1074
f 1073 1075 1076
f 1075 1077 1078
f 1077 1079 1080
f 1079 1081 1082
f 1081 1083 1084
f 1085 1086 1087
f 1086 1088 1089
f 1088 1090 1091
f 1090 1047 1049
f 1092 1093 1094
f 1093 1095 1096
f 1095 1097 1098
f 1097 1099 1100
f 1099 1101 1102
f 1101 1103 1104
f 1103 1105 1106
f 1105 1107 1108
f 1107 1109 1110
f 1111 1112 1113
f 1112 1114 1115
f 1114 1116 1117
f 1116 1118 1119
f 1118 1120 1121
f 1120 1122 1123
f 1122 1124 1125
f 1126 1127 1128
f 1127 1129 1130
f 1129 1131 1132
f 1133 1134 1135
f 1136 1137 1138
f 1137 1139 1140
f 1139 1141 1142
f 1141 1143 1144
f 1143 1145 1146
f 1145 1147 1148
f 1147 1149 1150
f 1151 1152 1153
f 1152 1154 1155
f 1154 1156 1157
f 1156 1158 1159
f 1160 1161 1162
f 1161 1163 1164
f 1163 1165 1166
f 1167 1168 1169
f 1168 1170 1171
f 1170 1172 1173
f 1172 1174 1175
f 1176 1177 1178
f 1177 1179 1180
f 1179 1181 1182
f 1181 1183 1184
f 1185 1186 1187
f 1186 1188 1189
f 1188 1190 1191
f 1192 1193 1194
f 1193 1195 1196
f 1197 1198 1199
f 1198 1200 1201
f 1200 1202 1203
f 1202 1204 1205
f 1204 1206 1207
f 1206 1208 1209
f 1210 1211 1212
f 1211 1213 1214
f 1213 1215 1216
f 1215 1217 1218
f 1219 1220 1221
f 1222 1223 1224
f 1223 1225 1226
f 1225 1227 1228
f 1229 1230 1231
f 1230 1232 1233
f 1232 1234 1235
f 1234 1236 1237
f 1236 1238 1239
f 1238 1240 1241
f 1240 1242 1243
f 1242 1244 1245
f 1246 1247 1248
f 1247 1249 1250
f 1249 1251 1252
f 1251 1253 1254
f 1253 1255 1256
f 1255 1257 1258
f 1257 1259 1260
f 1259 1261 1262
f 1261 1263 1264
f 1263 1265 1266
f 1265 1267 1268
f 1267 1269 1270
f 1269 1271 1272
f 1273 1274 1275
f 1274 1276 1277
f 1276 1278 1279
f 1278 1280 1281
f 1282 1283 1284
f 1285 1286 1287
f 1286 1288 1289
f 1288 1290 1291
f 1290 1292 1293
f 1292 1294 1295
f 1294 1296 1297
f 1298 1299 1300
f 1299 1301 1302
f 1301 1303 1304
f 1303 1305 1306
f 1307 1308 1309
f 1308 1310 1311
f 1310 1312 1313
f 1314 1315 1316
f 1315 1317 1318
f 1317 1319 1320
f 1319 1321 1322
f 1321 1323 1324
f 1323 1325 1326
f 1325 1327 1328
f 1327 1329 1330
f 1329 1331 1332
f 1333 1334 1335
f 1334 1336 1337
f 1336 1338 1339
f 1338 1340 1341
f 1340 1342 1343
f 1342 1344 1345
f 1344 1346 1347
f 1346 1348 1349
f 1348 1350 1351
f 1350 1352 1353
f 1352 1354 1355
f 1356 1357 1358
f 1357 1359 1360
f 1359 1361 1362
f 1361 1363 1364
f 1363 1365 1366
f 1365 1367 1368
f 1367 1369 1370
f 1369 1371 1372
f 1371 1373 1374
f 1375 1376 1377
f 1376 1378 1379
f 1378 1380 1381
f 1380 1382 1383
f 1384 1385 1386
f 1385 1387 1388
f 1389 1390 1391
f 1390 1392 1393
f 1392 1394 1395
f 1396 1397 1398
f 1397 1399 1400
f 1399 1401 1402
f 1403 1404 1405
f 1404 1406 1407
f 1406 1408 1409
f 1408 1410 1411
f 1412 1413 1414
f 1415 1416 1417
f 1416 1418 1419
f 1418 1420 1421
f 1420 1422 1423
f 1422 1424 1425
f 1426 1427 1428
f 1427 1429 1430
f 1429 1431 1432
f 1431 1433 1434
f 1435 1436 1437
f 1436 1438 1439
f 1438 1440 1441
f 1442 1443 1444
f 1443 1445 1446
f 1445 1447 1448
f 1447 1449 1450
f 1451 1452 1453
f 1452 1454 1455
f 1454 1456 1457
f 1456 1458 1459
f 1460 1461 1462
f 1463 1464 1465
f 1464 1466 1467
f 1466 1468 1469
f 1468 1470 1471
f 1470 1472 1473
f 1472 1474 1475
f 1474 1476 1477
f 1478 1479 1480
f 1479 1481 1482
f 1481 1483 1484
f 1485 1486 1487
f 1486 1488 1489
f 1488 1490 1491
f 1490 1492 1493
f 1492 1494 1495
f 1494 1496 1497
f 1496 1498 1499
f 1500 1501 1502
f 1501 1503 1504
f 1505 1506 1507
f 1506 1508 1509
f 1508 1510 1511
f 1510 1512 1513
f 1512 1514 1515
f 1514 1516 1517
f 1516 1518 1519
f 1518 1520 1521
f 1522 1523 1524
f 1523 1525 1526
f 1525 1527 1528
f 1527 1529 1530
f 1529 1531 1532
f 1531 1533 1534
f 1533 1535 1536
f 1537 1538 1539
f 1538 1540 1541
f 1540 1542 1543
f 1542 1544 1545
f 1546 1547 1548
f 1549 1550 1551
f 1552 1553 1554
f 1553 1555 1556
f 1555 1557 1558
f 1559 1560 1561
f 1562 1563 1564
f 1563 1565 1566
f 1565 1567 1568
f 1569 1570 1571
f 1570 1572 1573
f 1572 1574 1575
f 1576 1577 1578
f 1577 1579 1580
f 1579 1581 1582
f 1581 1583 1584
f 1583 1585 1586
f 1585 1587 1588
f 1587 1589 1590
f 1589 1591 1592
f 1591 1593 1594
f 1595 1596 1597
f 1596 1598 1599
f 1598 1600 1601
f 1600 1602 1603
f 1602 1604 1605
f 1604 1606 1607
f 1606 1608 1609
f 1610 1611 1612
f 1611 1613 1614
f 1613 1615 1616
f 1615 1617 1618
f 1617 1619 1620
f 1621 1622 1623
f 1622 1624 1625
f 1626 1627 1628
f 1627 1629 1630
f 1629 1631 1632
f 1631 1633 1634
f 1635 1636 1637
f 1636 1638 1639
f 1638 1640 1641
f 1640 1642 1643
f 1642 1644 1645
f 1644 1646 1647
f 1646 1648 1649
f 1648 1650 1651
f 1650 1652 1653
f 1652 1654 1655
f 1654 1656 1657
f 1656 1658 1659
f 1658 1660 1661
f 1662 1663 1664
f 1663 1665 1666
f 1665 1667 1668
f 1667 1669 1670
f 1669 1671 1672
f 1673 1674 1675
f 1676 1677 1678
f 1679 1680 1681
f 1680 1682 1683
f 1682 1684 1685
f 1686 1048 1047
f 1687 1051 1050
f 1051 1055 1053
f 1057 1688 1058
f 1060 1063 1061
f 1063 1067 1065
f 1067 1071 1069
f 1071 1075 1073
f 1075 1079 1077
f 1079 1083 1081
f 1689 1086 1085
f 1086 1090 1088
f 1090 1690 1047
f 1691 1093 1092
f 1093 1097 1095
f 1097 1101 1099
f 1101 1105 1103
f 1105 1109 1107
f 1111 1114 1112
f 1114 1118 1116
f 1118 1122 1120
f 1692 1127 1126
f 1127 1131 1129
f 1133 1693 1134
f 1694 1137 1136
f 1137 1141 1139
f 1141 1145 1143
f 1145 1149 1147
f 1151 1154 1152
f 1154 1158 1156
f 1160 1163 1161
f 1163 1695 1165
f 1167 1170 1168
f 1170 1174 1172
f 1176 1179 1177
f 1179 1183 1181
f 1183 1186 1185
f 1186 1190 1188
f 1696 1193 1192
f 1193 1697 1195
f 1698 1198 1197
f 1198 1202 1200
f 1202 1206 1204
f 1206 1699 1208
f 1700 1211 1210
f 1211 1215 1213
f 1701 1220 1219
f 1222 1225 1223
f 1225 1702 1227
f 1229 1232 1230
f 1232 1236 1234
f 1236 1240 1238
f 1240 1244 1242
f 1244 1247 1246
f 1247 1251 1249
f 1251 1255 1253
f 1255 1259 1257
f 1259 1263 1261
f 1263 1267 1265
f 1267 1271 1269
f 1273 1276 1274
f 1276 1280 1278
f 1280 1283 1282
f 1703 1286 1285
f 1286 1290 1288
f 1290 1294 1292
f 1294 1704 1296
f 1298 1301 1299
f 1301 1305 1303
f 1705 1308 1307
f 1308 1312 1310
f 1314 1317 1315
f 1317 1321 1319
f 1321 1325 1323
f 1325 1329 1327
f 1329 1706 1331
f 1333 1336 1334
f 1336 1340 1338
f 1340 1344 1342
f 1344 1348 1346
f 1348 1352 1350
f 1352 1707 1354
f 1708 1357 1356
f 1357 1361 1359
f 1361 1365 1363
f 1365 1369 1367
f 1369 1373 1371
f 1375 1378 1376
f 1378 1382 1380
f 1382 1385 1384
f 1385 1709 1387
f 1710 1390 1389
f 1390 1394 1392
f 1711 1397 1396
f 1397 1401 1399
f 1712 1404 1403
f 1404 1408 1406
f 1713 1413 1412
f 1415 1418 1416
f 1418 1422 1420
f 1422 1426 1424
f 1426 1429 1427
f 1429 1433 1431
f 1714 1436 1435
f 1436 1440 1438
f 1440 1443 1442
f 1443 1447 1445
f 1447 1715 1449
f 1716 1452 1451
f 1452 1456 1454
f 1456 1717 1458
f 1460 1718 1461
f 1463 1466 1464
f 1466 1470 1468
f 1470 1474 1472
f 1474 1719 1476
f 1478 1481 1479
f 1481 1720 1483
f 1721 1486 1485
f 1486 1490 1488
f 1490 1494 1492
f 1494 1498 1496
f 1722 1501 1500
f 1501 1723 1503
f 1505 1508 1506
f 1508 1512 1510
f 1512 1516 1514
f 1516 1520 1518
f 1522 1525 1523
f 1525 1529 1527
f 1529 1533 1531
f 1533 1724 1535
f 1537 1540 1538
f 1540 1544 1542
f 1725 1547 1546
f 1726 1550 1549
f 1727 1553 1552
f 1553 1557 1555
f 1557 1560 1559
f 1728 1563 1562
f 1563 1567 1565
f 1569 1572 1570
f 1572 1729 1574
f 1576 1579 1577
f 1579 1583 1581
f 1583 1587 1585
f 1587 1591 1589
f 1591 1595 1593
f 1595 1598 1596
f 1598 1602 1600
f 1602 1606 1604
f 1606 1610 1608
f 1610 1613 1611
f 1613 1617 1615
f 1619 1622 1621
f 1622 1730 1624
f 1626 1629 1627
f 1629 1633 1631
f 1635 1638 1636
f 1638 1642 1640
f 1642 1646 1644
f 1646 1650 1648
f 1650 1654 1652
f 1654 1658 1656
f 1658 1662 1660
f 1662 1665 1663
f 1665 1669 1667
f 1669 1731 1671
f 1674 1677 1676
f 1679 1682 1680
f 1732 1048 1686
f 1733 1051 1687
f 1051 1734 1055
f 1057 1735 1688
f 1060 1067 1063
f 1067 1075 1071
f 1075 1083 1079
f 1689 1090 1086
f 1090 1736 1690
f 1737 1093 1691
f 1093 1101 1097
f 1101 1109 1105
f 1738 1114 1111
f 1114 1122 1118
f 1692 1131 1127
f 1739 1693 1133
f 1694 1141 1137
f 1141 1149 1145
f 1151 1158 1154
f 1160 1695 1163
f 1167 1174 1170
f 1176 1183 1179
f 1183 1190 1186
f 1696 1697 1193
f 1698 1202 1198
f 1202 1699 1206
f 1740 1211 1700
f 1211 1217 1215
f 1741 1220 1701
f 1222 1702 1225
f 1742 1232 1229
f 1232 1240 1236
f 1240 1247 1244
f 1247 1255 1251
f 1255 1263 1259
f 1263 1271 1267
f 1273 1280 1276
f 1280 1743 1283
f 1703 1290 1286
f 1290 1704 1294
f 1298 1305 1301
f 1705 1312 1308
f 1314 1321 1317
f 1321 1329 1325
f 1329 1744 1706
f 1333 1340 1336
f 1340 1348 1344
f 1348 1707 1352
f 1745 1357 1708
f 1357 1365 1361
f 1365 1373 1369
f 1375 1382 1378
f 1382 1709 1385
f 1710 1394 1390
f 1711 1401 1397
f 1746 1404 1712
f 1404 1410 1408
f 1747 1413 1713
f 1415 1422 1418
f 1422 1429 1426
f 1429 1748 1433
f 1749 1436 1714
f 1436 1443 1440
f 1443 1715 1447
f 1750 1452 1716
f 1452 1717 1456
f 1751 1466 1463
f 1470 1719 1474
f 1752 1481 1478
f 1481 1753 1720
f 1721 1490 1486
f 1490 1498 1494
f 1722 1723 1501
f 1754 1508 1505
f 1508 1516 1512
f 1516 1755 1520
f 1522 1529 1525
f 1529 1724 1533
f 1537 1544 1540
f 1756 1547 1725
f 1726 1757 1550
f 1758 1553 1727
f 1553 1560 1557
f 1728 1567 1563
f 1569 1729 1572
f 1576 1583 1579
f 1583 1591 1587
f 1591 1598 1595
f 1598 1606 1602
f 1610 1617 1613
f 1619 1730 1622
f 1626 1633 1629
f 1759 1638 1635
f 1638 1646 1642
f 1646 1654 1650
f 1654 1662 1658
f 1662 1669 1665
f 1674 1760 1677
f 1679 1684 1682
f 1761 1048 1732
f 1733 1734 1051
f 1057 1762 1735
f 1060 1075 1067
f 1075 1763 1083
f 1764 1090 1689
f 1765 1093 1737
f 1093 1109 1101
f 1766 1114 1738
f 1114 1124 1122
f 1767 1131 1692
f 1694 1149 1141
f 1151 1768 1158
f 1769 1695 1160
f 1770 1174 1167
f 1771 1183 1176
f 1183 1696 1190
f 1696 1772 1697
f 1773 1202 1698
f 1202 1774 1699
f 1775 1211 1740
f 1211 1776 1217
f 1777 1220 1741
f 1222 1778 1702
f 1742 1240 1232
f 1247 1263 1255
f 1263 1779 1271
f 1780 1280 1273
f 1280 1781 1743
f 1782 1290 1703
f 1290 1783 1704
f 1784 1305 1298
f 1785 1312 1705
f 1786 1321 1314
f 1321 1744 1329
f 1787 1340 1333
f 1340 1707 1348
f 1707 1357 1745
f 1357 1373 1365
f 1788 1382 1375
f 1382 1789 1709
f 1790 1394 1710
f 1791 1401 1711
f 1792 1404 1746
f 1793 1413 1747
f 1415 1429 1422
f 1429 1749 1748
f 1749 1443 1436
f 1443 1794 1715
f 1795 1452 1750
f 1751 1470 1466
f 1752 1753 1481
f 1796 1490 1721
f 1490 1797 1498
f 1722 1798 1723
f 1799 1508 1754
f 1508 1755 1516
f 1800 1529 1522
f 1529 1801 1724
f 1537 1802 1544
f 1802 1547 1756
f 1726 1803 1757
f 1758 1560 1553
f 1804 1567 1728
f 1805 1729 1569
f 1806 1583 1576
f 1583 1598 1591
f 1598 1610 1606
f 1610 1619 1617
f 1619 1807 1730
f 1626 1808 1633
f 1759 1646 1638
f 1646 1662 1654
f 1662 1731 1669
f 1674 1809 1760
f 1810 1684 1679
f 1684 1048 1761
f 1811 1734 1733
f 1812 1075 1060
f 1075 1813 1763
f 1814 1093 1765
f 1093 1815 1109
f 1816 1114 1766
f 1114 1817 1124
f 1818 1131 1767
f 1819 1149 1694
f 1151 1820 1768
f 1769 1821 1695
f 1822 1174 1770
f 1771 1696 1183
f 1696 1823 1772
f 1824 1202 1773
f 1775 1776 1211
f 1825 1220 1777
f 1222 1826 1778
f 1827 1240 1742
f 1247 1779 1263
f 1782 1783 1290
f 1784 1828 1305
f 1828 1312 1785
f 1786 1744 1321
f 1829 1340 1787
f 1340 1357 1707
f 1357 1830 1373
f 1788 1789 1382
f 1790 1831 1394
f 1832 1401 1791
f 1792 1410 1404
f 1833 1413 1793
f 1415 1749 1429
f 1749 1794 1443
f 1795 1717 1452
f 1834 1470 1751
f 1835 1753 1752
f 1836 1490 1796
f 1490 1837 1797
f 1722 1838 1798
f 1839 1508 1799
f 1508 1840 1755
f 1841 1529 1800
f 1529 1842 1801
f 1537 1547 1802
f 1726 1843 1803
f 1844 1560 1758
f 1845 1567 1804
f 1805 1846 1729
f 1806 1598 1583
f 1598 1619 1610
f 1619 1847 1807
f 1626 1848 1808
f 1849 1646 1759
f 1646 1731 1662
f 1674 1850 1809
f 1810 1048 1684
f 1851 1734 1811
f 1812 1813 1075
f 1852 1093 1814
f 1093 1853 1815
f 1816 1817 1114
f 1817 1131 1818
f 1854 1149 1819
f 1769 1855 1821
f 1822 1856 1174
f 1857 1696 1771
f 1696 1858 1823
f 1859 1202 1824
f 1774 1776 1775
f 1776 1220 1825
f 1222 1860 1826
f 1860 1240 1827
f 1240 1779 1247
f 1782 1861 1783
f 1784 1312 1828
f 1862 1744 1786
f 1340 1830 1357
f 1863 1789 1788
f 1790 1864 1831
f 1865 1401 1832
f 1866 1410 1792
f 1867 1413 1833
f 1415 1794 1749
f 1794 1717 1795
f 1868 1753 1835
f 1836 1837 1490
f 1722 1869 1838
f 1870 1508 1839
f 1508 1871 1840
f 1841 1842 1529
f 1537 1872 1547
f 1726 1873 1843
f 1844 1874 1560
f 1874 1567 1845
f 1875 1846 1805
f 1876 1598 1806
f 1598 1847 1619
f 1877 1646 1849
f 1646 1673 1731
f 1674 1878 1850
f 1878 1048 1810
f 1879 1734 1851
f 1880 1813 1812
f 1736 1093 1852
f 1093 1881 1853
f 1882 1817 1816
f 1817 1883 1131
f 1884 1149 1854
f 1822 1857 1856
f 1857 1858 1696
f 1859 1774 1202
f 1774 1220 1776
f 1222 1240 1860
f 1240 1885 1779
f 1782 1784 1861
f 1784 1886 1312
f 1887 1744 1862
f 1829 1830 1340
f 1888 1789 1863
f 1790 1889 1864
f 1890 1401 1865
f 1867 1891 1413
f 1892 1794 1415
f 1893 1753 1868
f 1894 1837 1836
f 1722 1895 1869
f 1896 1508 1870
f 1508 1897 1871
f 1898 1842 1841
f 1537 1899 1872
f 1726 1900 1873
f 1844 1567 1874
f 1875 1901 1846
f 1901 1598 1876
f 1598 1902 1847
f 1903 1646 1877
f 1646 1674 1673
f 1674 1048 1878
f 1904 1734 1879
f 1905 1813 1880
f 1736 1881 1093
f 1882 1883 1817
f 1906 1149 1884
f 1822 1858 1857
f 1907 1774 1859
f 1774 1222 1220
f 1222 1885 1240
f 1908 1784 1782
f 1784 1909 1886
f 1909 1744 1887
f 1910 1830 1829
f 1888 1911 1789
f 1890 1912 1401
f 1867 1913 1891
f 1914 1794 1892
f 1893 1915 1753
f 1916 1837 1894
f 1917 1895 1722
f 1896 1897 1508
f 1918 1842 1898
f 1537 1919 1899
f 1726 1920 1900
f 1844 1921 1567
f 1875 1598 1901
f 1598 1922 1902
f 1923 1646 1903
f 1646 1048 1674
f 1904 1924 1734
f 1905 1925 1813
f 1736 1926 1881
f 1927 1883 1882
f 1928 1149 1906
f 1855 1858 1822
f 1929 1774 1907
f 1774 1885 1222
f 1908 1909 1784
f 1909 1930 1744
f 1910 1931 1830
f 1888 1932 1911
f 1933 1912 1890
f 1867 1934 1913
f 1934 1794 1914
f 1893 1935 1915
f 1936 1837 1916
f 1937 1895 1917
f 1895 1897 1896
f 1938 1842 1918
f 1537 1939 1919
f 1844 1940 1921
f 1940 1598 1875
f 1598 1941 1922
f 1923 1048 1646
f 1904 1942 1924
f 1905 1943 1925
f 1736 1944 1926
f 1927 1739 1883
f 1945 1149 1928
f 1769 1858 1855
f 1929 1885 1774
f 1908 1930 1909
f 1910 1888 1931
f 1888 1946 1932
f 1933 1866 1912
f 1410 1934 1867
f 1934 1717 1794
f 1936 1947 1837
f 1937 1897 1895
f 1897 1842 1938
f 1537 1948 1939
f 1844 1598 1940
f 1598 1626 1941
f 1949 1048 1923
f 1904 1950 1942
f 1905 1951 1943
f 1736 1952 1944
f 1927 1693 1739
f 1953 1149 1945
f 1820 1858 1769
f 1954 1885 1929
f 1908 1955 1930
f 1910 1946 1888
f 1956 1866 1933
f 1410 1717 1934
f 1936 1957 1947
f 1958 1897 1937
f 1897 1959 1842
f 1537 1960 1948
f 1961 1598 1844
f 1962 1048 1949
f 1905 1963 1951
f 1736 1964 1952
f 1927 1965 1693
f 1966 1149 1953
f 1820 1954 1858
f 1954 1967 1885
f 1908 1968 1955
f 1969 1946 1910
f 1956 1410 1866
f 1410 1460 1717
f 1936 1970 1957
f 1971 1897 1958
f 1897 1972 1959
f 1537 1973 1960
f 1961 1626 1598
f 1974 1048 1962
f 1736 1927 1964
f 1927 1975 1965
f 1966 1151 1149
f 1954 1976 1967
f 1908 1977 1968
f 1978 1946 1969
f 1979 1410 1956
f 1410 1718 1460
f 1936 1980 1970
f 1981 1897 1971
f 1897 1982 1972
f 1983 1626 1961
f 1984 1048 1974
f 1090 1927 1736
f 1927 1966 1975
f 1954 1985 1976
f 1908 1986 1977
f 1987 1946 1978
f 1889 1410 1979
f 1410 1988 1718
f 1989 1980 1936
f 1990 1897 1981
f 1897 1991 1982
f 1992 1626 1983
f 1993 1048 1984
f 1764 1927 1090
f 1927 1151 1966
f 1954 1994 1985
f 1908 1987 1986
f 1987 1995 1946
f 1889 1988 1410
f 1989 1990 1980
f 1990 1991 1897
f 1996 1626 1992
f 1997 1048 1993
f 1998 1927 1764
f 1954 1999 1994
f 1781 1987 1908
f 1987 2000 1995
f 1790 1988 1889
f 1989 1991 1990
f 2001 1626 1996
f 2002 1048 1997
f 2003 1927 1998
f 1954 2004 1999
f 1781 2000 1987
f 2005 1988 1790
f 2006 1991 1989
f 2007 1626 2001
f 2008 1048 2002
f 2009 1927 2003
f 1820 2004 1954
f 1280 2000 1781
f 2010 1988 2005
f 2011 1991 2006
f 2012 1626 2007
f 2013 1048 2008
f 2014 1927 2009
f 1820 2015 2004
f 1280 2016 2000
f 2017 1988 2010
f 2018 1991 2011
f 2019 1626 2012
f 1848 1048 2013
f 2020 1927 2014
f 1151 2015 1820
f 1280 2021 2016
f 2017 2022 1988
f 2023 1991 2018
f 1920 1626 2019
f 1848 2024 1048
f 2020 1151 1927
f 1151 2025 2015
f 1280 2026 2021
f 2017 2027 2022
f 2028 1991 2023
f 1726 1626 1920
f 1848 2029 2024
f 2030 1151 2020
f 1151 1780 2025
f 1280 2031 2026
f 2017 2032 2027
f 2033 1991 2028
f 1726 1848 1626
f 1848 2034 2029
f 2035 1151 2030
f 1151 1280 1780
f 1280 2036 2031
f 2037 2032 2017
f 2038 1991 2033
f 1848 2039 2034
f 2040 1151 2035
f 1151 2036 1280
f 2037 2041 2032
f 1935 1991 2038
f 1848 2042 2039
f 2043 1151 2040
f 1151 2044 2036
f 2037 1834 2041
f 1893 1991 1935
f 1848 1904 2042
f 2045 1151 2043
f 1151 2046 2044
f 2037 1470 1834
f 1893 1537 1991
f 1726 1904 1848
f 2047 1151 2045
f 1151 2048 2046
f 2049 1470 2037
f 1893 1973 1537
f 1973 1904 1726
f 2050 1151 2047
f 1151 2051 2048
f 2052 1470 2049
f 2053 1973 1893
f 1973 1950 1904
f 2054 1151 2050
f 1151 2055 2051
f 2056 1470 2052
f 2053 1950 1973
f 2057 1151 2054
f 1151 2058 2055
f 2059 1470 2056
f 2060 1950 2053
f 2061 1151 2057
f 1151 2062 2058
f 2063 1470 2059
f 2064 1950 2060
f 2065 1151 2061
f 1151 2066 2062
f 2066 1470 2063
f 2064 2067 1950
f 2068 1151 2065
f 1151 1470 2066
f 2069 2067 2064
f 2070 1151 2068
f 1151 1719 1470
f 2069 2071 2067
f 2070 1719 1151
f 2072 2071 2069
f 1963 1719 2070
f 2072 2073 2071
f 1905 1719 1963
f 2072 2074 2073
f 2075 1719 1905
f 2072 2076 2074
f 2077 1719 2075
f 2072 2078 2076
f 2079 1719 2077
f 2072 2080 2078
f 1762 1719 2079
f 2081 2080 2072
f 1057 1719 1762
f 2081 2082 2080
f 2083 1719 1057
f 2084 2082 2081
f 2085 1719 2083
f 2086 2082 2084
f 2087 1719 2085
f 2088 2082 2086
f 2089 1719 2087
f 2090 2082 2088
f 2082 1719 2089
f 2091 2082 2090
f 2082 2092 1719
f 2092 2082 2091
f 396 1443 400
f 400 1443 1446
f 400 1446 399
f 399 1446 1445
f 399 1445 402
f 402 1445 1448
f 402 1448 401
f 401 1448 1447
f 401 1447 404
f 404 1447 1450
f 404 1450 403
f 403 1450 1449
f 403 1449 669
f 669 1449 1715
f 669 1715 748
f 748 1715 1794
f 748 1794 749
f 749 1794 1795
f 749 1795 704
f 704 1795 1750
f 704 1750 670
f 670 1750 1716
f 670 1716 406
f 406 1716 1451
f 406 1451 407
f 407 1451 1453
f 407 1453 405
f 405 1453 1452
f 405 1452 409
f 409 1452 1455
f 409 1455 408
f 408 1455 1454
f 408 1454 411
f 411 1454 1457
f 411 1457 410
f 410 1457 1456
f 410 1456 413
f 413 1456 1459
f 413 1459 412
f 412 1459 1458
f 412 1458 671
f 671 1458 1717
f 671 1717 415
f 415 1717 1460
f 415 1460 416
f 416 1460 1462
f 416 1462 414
f 414 1462 1461
f 414 1461 672
f 672 1461 1718
f 672 1718 942
f 942 1718 1988
f 942 1988 976
f 976 1988 2022
f 976 2022 981
f 981 2022 2027
f 981 2027 986
f 986 2027 2032
f 986 2032 995
f 995 2032 2041
f 995 2041 788
f 788 2041 1834
f 788 1834 705
f 705 1834 1751
f 705 1751 418
f 418 1751 1463
f 418 1463 419
f 419 1463 1465
f 419 1465 417
f 417 1465 1464
f 417 1464 421
f 421 1464 1467
f 421 1467 420
f 420 1467 1466
f 420 1466 423
f 423 1466 1469
f 423 1469 422
f 422 1469 1468
f 422 1468 425
f 425 1468 1471
f 425 1471 424
f 424 1471 1470
f 424 1470 427
f 427 1470 1473
f 427 1473 426
f 426 1473 1472
f 426 1472 429
f 429 1472 1475
f 429 1475 428
f 428 1475 1474
f 428 1474 431
f 431 1474 1477
f 431 1477 430
f 430 1477 1476
f 430 1476 673
f 673 1476 1719
f 673 1719 1046
f 1046 1719 2092
f 1046 2092 1045
f 1045 2092 2091
f 1045 2091 1044
f 1044 2091 2090
f 1044 2090 1042
f 1042 2090 2088
f 1042 2088 1040
f 1040 2088 2086
f 1040 2086 1038
f 1038 2086 2084
f 1038 2084 1035
f 1035 2084 2081
f 1035 2081 1026
f 1026 2081 2072
f 1026 2072 1023
f 1023 2072 2069
f 1023 2069 1018
f 1018 2069 2064
f 1018 2064 1014
f 1014 2064 2060
f 1014 2060 1007
f 1007 2060 2053
f 1007 2053 847
f 847 2053 1893
f 847 1893 822
f 822 1893 1868
f 822 1868 789
f 789 1868 1835
f 789 1835 706
f 706 1835 1752
f 706 1752 433
f 433 1752 1478
f 433 1478 434
f 434 1478 1480
f 434 1480 432
f 432 1480 1479
f 432 1479 436
f 436 1479 1482
f 436 1482 435
f 435 1482 1481
f 435 1481 438
f 438 1481 1484
f 438 1484 437
f 437 1484 1483
f 437 1483 674
f 674 1483 1720
f 674 1720 707
f 707 1720 1753
f 707 1753 869
f 869 1753 1915
f 869 1915 889
f 889 1915 1935
f 889 1935 992
f 992 1935 2038
f 992 2038 987
f 987 2038 2033
f 987 2033 982
f 982 2033 2028
f 982 2028 977
f 977 2028 2023
f 977 2023 972
f 972 2023 2018
f 972 2018 965
f 965 2018 2011
f 965 2011 960
f 960 2011 2006
f 960 2006 943
f 943 2006 1989
f 943 1989 890
f 890 1989 1936
f 890 1936 870
f 870 1936 1916
f 870 1916 848
f 848 1916 1894
f 848 1894 790
f 790 1894 1836
f 790 1836 750
f 750 1836 1796
f 750 1796 675
f 675 1796 1721
f 675 1721 440
f 440 1721 1485
f 440 1485 441
f 441 1485 1487
f 441 1487 439
f 439 1487 1486
f 439 1486 443
f 443 1486 1489
f 443 1489 442
f 442 1489 1488
f 442 1488 445
f 445 1488 1491
f 445 1491 444
f 444 1491 1490
f 444 1490 447
f 447 1490 1493
f 447 1493 446
f 446 1493 1492
f 446 1492 449
f 449 1492 1495
f 449 1495 448
f 448 1495 1494
f 448 1494 451
f 451 1494 1497
f 451 1497 450
f 450 1497 1496
f 450 1496 453
f 453 1496 1499
f 453 1499 452
f 452 1499 1498
f 452 1498 751
f 751 1498 1797
f 751 1797 791
f 791 1797 1837
f 791 1837 901
f 901 1837 1947
f 901 1947 911
f 911 1947 1957
f 911 1957 924
f 924 1957 1970
f 924 1970 934
f 934 1970 1980
f 934 1980 944
f 944 1980 1990
f 944 1990 935
f 935 1990 1981
f 935 1981 925
f 925 1981 1971
f 925 1971 912
f 912 1971 1958
f 912 1958 891
f 891 1958 1937
f 891 1937 871
f 871 1937 1917
f 871 1917 676
f 676 1917 1722
f 676 1722 455
f 455 1722 1500
f 455 1500 456
f 456 1500 1502
f 456 1502 454
f 454 1502 1501
f 454 1501 458
f 458 1501 1504
f 458 1504 457
f 457 1504 1503
f 457 1503 677
f 677 1503 1723
f 677 1723 752
f 752 1723 1798
f 752 1798 792
f 792 1798 1838
f 792 1838 823
f 823 1838 1869
f 823 1869 849
f 849 1869 1895
f 849 1895 850
f 850 1895 1896
f 850 1896 824
f 824 1896 1870
f 824 1870 793
f 793 1870 1839
f 793 1839 753
f 753 1839 1799
f 753 1799 708
f 708 1799 1754
f 708 1754 460
f 460 1754 1505
f 460 1505 461
f 461 1505 1507
f 461 1507 459
f 459 1507 1506
f 459 1506 463
f 463 1506 1509
f 463 1509 462
f 462 1509 1508
f 462 1508 465
f 465 1508 1511
f 465 1511 464
f 464 1511 1510
f 464 1510 467
f 467 1510 1513
f 467 1513 466
f 466 1513 1512
f 466 1512 469
f 469 1512 1515
f 469 1515 468
f 468 1515 1514
f 468 1514 471
f 471 1514 1517
f 471 1517 470
f 470 1517 1516
f 470 1516 473
f 473 1516 1519
f 473 1519 472
f 472 1519 1518
f 472 1518 475
f 475 1518 1521
f 475 1521 474
f 474 1521 1520
f 474 1520 709
f 709 1520 1755
f 709 1755 794
f 794 1755 1840
f 794 1840 825
f 825 1840 1871
f 825 1871 851
f 851 1871 1897
f 851 1897 892
f 892 1897 1938
f 892 1938 872
f 872 1938 1918
f 872 1918 852
f 852 1918 1898
f 852 1898 795
f 795 1898 1841
f 795 1841 754
f 754 1841 1800
f 754 1800 477
f 477 1800 1522
f 477 1522 478
f 478 1522 1524
f 478 1524 476
f 476 1524 1523
f 476 1523 480
f 480 1523 1526
f 480 1526 479
f 479 1526 1525
f 479 1525 482
f 482 1525 1528
f 482 1528 481
f 481 1528 1527
f 481 1527 484
f 484 1527 1530
f 484 1530 483
f 483 1530 1529
f 483 1529 486
f 486 1529 1532
f 486 1532 485
f 485 1532 1531
f 485 1531 488
f 488 1531 1534
f 488 1534 487
f 487 1534 1533
f 487 1533 490
f 490 1533 1536
f 490 1536 489
f 489 1536 1535
f 489 1535 678
f 678 1535 1724
f 678 1724 755
f 755 1724 1801
f 755 1801 796
f 796 1801 1842
f 796 1842 913
f 913 1842 1959
f 913 1959 926
f 926 1959 1972
f 926 1972 936
f 936 1972 1982
f 936 1982 945
f 945 1982 1991
f 945 1991 492
f 492 1991 1537
f 492 1537 493
f 493 1537 1539
f 493 1539 491
f 491 1539 1538
f 491 1538 495
f 495 1538 1541
f 495 1541 494
f 494 1541 1540
f 494 1540 497
f 497 1540 1543
f 497 1543 496
f 496 1543 1542
f 496 1542 499
f 499 1542 1545
f 499 1545 498
f 498 1545 1544
f 498 1544 756
f 756 1544 1802
f 756 1802 710
f 710 1802 1756
f 710 1756 679
f 679 1756 1725
f 679 1725 501
f 501 1725 1546
f 501 1546 502
f 502 1546 1548
f 502 1548 500
f 500 1548 1547
f 500 1547 826
f 826 1547 1872
f 826 1872 853
f 853 1872 1899
f 853 1899 873
f 873 1899 1919
f 873 1919 893
f 893 1919 1939
f 893 1939 902
f 902 1939 1948
f 902 1948 914
f 914 1948 1960
f 914 1960 927
f 927 1960 1973
f 927 1973 680
f 680 1973 1726
f 680 1726 504
f 504 1726 1549
f 504 1549 505
f 505 1549 1551
f 505 1551 503
f 503 1551 1550
f 503 1550 711
f 711 1550 1757
f 711 1757 757
f 757 1757 1803
f 757 1803 797
f 797 1803 1843
f 797 1843 827
f 827 1843 1873
f 827 1873 854
f 854 1873 1900
f 854 1900 874
f 874 1900 1920
f 874 1920 973
f 973 1920 2019
f 973 2019 966
f 966 2019 2012
f 966 2012 961
f 961 2012 2007
f 961 2007 955
f 955 2007 2001
f 955 2001 950
f 950 2001 1996
f 950 1996 946
f 946 1996 1992
f 946 1992 937
f 937 1992 1983
f 937 1983 915
f 915 1983 1961
f 915 1961 798
f 798 1961 1844
f 798 1844 712
f 712 1844 1758
f 712 1758 681
f 681 1758 1727
f 681 1727 507
f 507 1727 1552
f 507 1552 508
f 508 1552 1554
f 508 1554 506
f 506 1554 1553
f 506 1553 510
f 510 1553 1556
f 510 1556 509
f 509 1556 1555
f 509 1555 512
f 512 1555 1558
f 512 1558 511
f 511 1558 1557
f 511 1557 514
f 514 1557 1559
f 514 1559 515
f 515 1559 1561
f 515 1561 513
f 513 1561 1560
f 513 1560 828
f 828 1560 1874
f 828 1874 799
f 799 1874 1845
f 799 1845 758
f 758 1845 1804
f 758 1804 682
f 682 1804 1728
f 682 1728 517
f 517 1728 1562
f 517 1562 518
f 518 1562 1564
f 518 1564 516
f 516 1564 1563
f 516 1563 520
f 520 1563 1566
f 520 1566 519
f 519 1566 1565
f 519 1565 522
f 522 1565 1568
f 522 1568 521
f 521 1568 1567
f 521 1567 875
f 875 1567 1921
f 875 1921 894
f 894 1921 1940
f 894 1940 829
f 829 1940 1875
f 829 1875 759
f 759 1875 1805
f 759 1805 524
f 524 1805 1569
f 524 1569 525
f 525 1569 1571
f 525 1571 523
f 523 1571 1570
f 523 1570 527
f 527 1570 1573
f 527 1573 526
f 526 1573 1572
f 526 1572 529
f 529 1572 1575
f 529 1575 528
f 528 1575 1574
f 528 1574 683
f 683 1574 1729
f 683 1729 800
f 800 1729 1846
f 800 1846 855
f 855 1846 1901
f 855 1901 830
f 830 1901 1876
f 830 1876 760
f 760 1876 1806
f 760 1806 531
f 531 1806 1576
f 531 1576 532
f 532 1576 1578
f 532 1578 530
f 530 1578 1577
f 530 1577 534
f 534 1577 1580
f 534 1580 533
f 533 1580 1579
f 533 1579 536
f 536 1579 1582
f 536 1582 535
f 535 1582 1581
f 535 1581 538
f 538 1581 1584
f 538 1584 537
f 537 1584 1583
f 537 1583 540
f 540 1583 1586
f 540 1586 539
f 539 1586 1585
f 539 1585 542
f 542 1585 1588
f 542 1588 541
f 541 1588 1587
f 541 1587 544
f 544 1587 1590
f 544 1590 543
f 543 1590 1589
f 543 1589 546
f 546 1589 1592
f 546 1592 545
f 545 1592 1591
f 545 1591 548
f 548 1591 1594
f 548 1594 547
f 547 1594 1593
f 547 1593 550
f 550 1593 1595
f 550 1595 551
f 551 1595 1597
f 551 1597 549
f 549 1597 1596
f 549 1596 553
f 553 1596 1599
f 553 1599 552
f 552 1599 1598
f 552 1598 555
f 555 1598 1601
f 555 1601 554
f 554 1601 1600
f 554 1600 557
f 557 1600 1603
f 557 1603 556
f 556 1603 1602
f 556 1602 559
f 559 1602 1605
f 559 1605 558
f 558 1605 1604
f 558 1604 561
f 561 1604 1607
f 561 1607 560
f 560 1607 1606
f 560 1606 563
f 563 1606 1609
f 563 1609 562
f 562 1609 1608
f 562 1608 565
f 565 1608 1610
f 565 1610 566
f 566 1610 1612
f 566 1612 564
f 564 1612 1611
f 564 1611 568
f 568 1611 1614
f 568 1614 567
f 567 1614 1613
f 567 1613 570
f 570 1613 1616
f 570 1616 569
f 569 1616 1615
f 569 1615 572
f 572 1615 1618
f 572 1618 571
f 571 1618 1617
f 571 1617 574
f 574 1617 1620
f 574 1620 573
f 573 1620 1619
f 573 1619 576
f 576 1619 1621
f 576 1621 577
f 577 1621 1623
f 577 1623 575
f 575 1623 1622
f 575 1622 579
f 579 1622 1625
f 579 1625 578
f 578 1625 1624
f 578 1624 684
f 684 1624 1730
f 684 1730 761
f 761 1730 1807
f 761 1807 801
f 801 1807 1847
f 801 1847 856
f 856 1847 1902
f 856 1902 876
f 876 1902 1922
f 876 1922 895
f 895 1922 1941
f 895 1941 581
f 581 1941 1626
f 581 1626 582
f 582 1626 1628
f 582 1628 580
f 580 1628 1627
f 580 1627 584
f 584 1627 1630
f 584 1630 583
f 583 1630 1629
f 583 1629 586
f 586 1629 1632
f 586 1632 585
f 585 1632 1631
f 585 1631 588
f 588 1631 1634
f 588 1634 587
f 587 1634 1633
f 587 1633 762
f 762 1633 1808
f 762 1808 802
f 802 1808 1848
f 802 1848 967
f 967 1848 2013
f 967 2013 962
f 962 2013 2008
f 962 2008 956
f 956 2008 2002
f 956 2002 951
f 951 2002 1997
f 951 1997 947
f 947 1997 1993
f 947 1993 938
f 938 1993 1984
f 938 1984 928
f 928 1984 1974
f 928 1974 916
f 916 1974 1962
f 916 1962 903
f 903 1962 1949
f 903 1949 877
f 877 1949 1923
f 877 1923 857
f 857 1923 1903
f 857 1903 831
f 831 1903 1877
f 831 1877 803
f 803 1877 1849
f 803 1849 713
f 713 1849 1759
f 713 1759 590
f 590 1759 1635
f 590 1635 591
f 591 1635 1637
f 591 1637 589
f 589 1637 1636
f 589 1636 593
f 593 1636 1639
f 593 1639 592
f 592 1639 1638
f 592 1638 595
f 595 1638 1641
f 595 1641 594
f 594 1641 1640
f 594 1640 597
f 597 1640 1643
f 597 1643 596
f 596 1643 1642
f 596 1642 599
f 599 1642 1645
f 599 1645 598
f 598 1645 1644
f 598 1644 601
f 601 1644 1647
f 601 1647 600
f 600 1647 1646
f 600 1646 603
f 603 1646 1649
f 603 1649 602
f 602 1649 1648
f 602 1648 605
f 605 1648 1651
f 605 1651 604
f 604 1651 1650
f 604 1650 607
f 607 1650 1653
f 607 1653 606
f 606 1653 1652
f 606 1652 609
f 609 1652 1655
f 609 1655 608
f 608 1655 1654
f 608 1654 611
f 611 1654 1657
f 611 1657 610
f 610 1657 1656
f 610 1656 613
f 613 1656 1659
f 613 1659 612
f 612 1659 1658
f 612 1658 615
f 615 1658 1661
f 615 1661 614
f 614 1661 1660
f 614 1660 617
f 617 1660 1662
f 617 1662 618
f 618 1662 1664
f 618 1664 616
f 616 1664 1663
f 616 1663 620
f 620 1663 1666
f 620 1666 619
f 619 1666 1665
f 619 1665 622
f 622 1665 1668
f 622 1668 621
f 621 1668 1667
f 621 1667 624
f 624 1667 1670
f 624 1670 623
f 623 1670 1669
f 623 1669 626
f 626 1669 1672
f 626 1672 625
f 625 1672 1671
f 625 1671 685
f 685 1671 1731
f 685 1731 628
f 628 1731 1673
f 628 1673 629
f 629 1673 1675
f 629 1675 627
f 627 1675 1674
f 627 1674 631
f 631 1674 1676
f 631 1676 632
f 632 1676 1678
f 632 1678 630
f 630 1678 1677
f 630 1677 714
f 714 1677 1760
f 714 1760 763
f 763 1760 1809
f 763 1809 804
f 804 1809 1850
f 804 1850 832
f 832 1850 1878
f 832 1878 764
f 764 1878 1810
f 764 1810 634
f 634 1810 1679
f 634 1679 635
f 635 1679 1681
f 635 1681 633
f 633 1681 1680
f 633 1680 637
f 637 1680 1683
f 637 1683 636
f 636 1683 1682
f 636 1682 639
f 639 1682 1685
f 639 1685 638
f 638 1685 1684
f 638 1684 715
f 715 1684 1761
f 715 1761 686
f 686 1761 1732
f 686 1732 640
f 640 1732 1686
f 640 1686 2
f 2 1686 1047
f 2 1047 644
f 644 1047 1690
f 644 1690 690
f 690 1690 1736
f 690 1736 806
f 806 1736 1852
f 806 1852 768
f 768 1852 1814
f 768 1814 719
f 719 1814 1765
f 719 1765 691
f 691 1765 1737
f 691 1737 645
f 645 1737 1691
f 645 1691 47
f 47 1691 1092
f 47 1092 48
f 48 1092 1094
f 48 1094 46
f 46 1094 1093
f 46 1093 50
f 50 1093 1096
f 50 1096 49
f 49 1096 1095
f 49 1095 52
f 52 1095 1098
f 52 1098 51
f 51 1098 1097
f 51 1097 54
f 54 1097 1100
f 54 1100 53
f 53 1100 1099
f 53 1099 56
f 56 1099 1102
f 56 1102 55
f 55 1102 1101
f 55 1101 58
f 58 1101 1104
f 58 1104 57
f 57 1104 1103
f 57 1103 60
f 60 1103 1106
f 60 1106 59
f 59 1106 1105
f 59 1105 62
f 62 1105 1108
f 62 1108 61
f 61 1108 1107
f 61 1107 64
f 64 1107 1110
f 64 1110 63
f 63 1110 1109
f 63 1109 769
f 769 1109 1815
f 769 1815 807
f 807 1815 1853
f 807 1853 835
f 835 1853 1881
f 835 1881 880
f 880 1881 1926
f 880 1926 898
f 898 1926 1944
f 898 1944 906
f 906 1944 1952
f 906 1952 918
f 918 1952 1964
f 918 1964 881
f 881 1964 1927
f 881 1927 836
f 836 1927 1882
f 836 1882 770
f 770 1882 1816
f 770 1816 720
f 720 1816 1766
f 720 1766 692
f 692 1766 1738
f 692 1738 66
f 66 1738 1111
f 66 1111 67
f 67 1111 1113
f 67 1113 65
f 65 1113 1112
f 65 1112 69
f 69 1112 1115
f 69 1115 68
f 68 1115 1114
f 68 1114 71
f 71 1114 1117
f 71 1117 70
f 70 1117 1116
f 70 1116 73
f 73 1116 1119
f 73 1119 72
f 72 1119 1118
f 72 1118 75
f 75 1118 1121
f 75 1121 74
f 74 1121 1120
f 74 1120 77
f 77 1120 1123
f 77 1123 76
f 76 1123 1122
f 76 1122 79
f 79 1122 1125
f 79 1125 78
f 78 1125 1124
f 78 1124 771
f 771 1124 1817
f 771 1817 772
f 772 1817 1818
f 772 1818 721
f 721 1818 1767
f 721 1767 646
f 646 1767 1692
f 646 1692 81
f 81 1692 1126
f 81 1126 82
f 82 1126 1128
f 82 1128 80
f 80 1128 1127
f 80 1127 84
f 84 1127 1130
f 84 1130 83
f 83 1130 1129
f 83 1129 86
f 86 1129 1132
f 86 1132 85
f 85 1132 1131
f 85 1131 837
f 837 1131 1883
f 837 1883 693
f 693 1883 1739
f 693 1739 88
f 88 1739 1133
f 88 1133 89
f 89 1133 1135
f 89 1135 87
f 87 1135 1134
f 87 1134 647
f 647 1134 1693
f 647 1693 919
f 919 1693 1965
f 919 1965 929
f 929 1965 1975
f 929 1975 920
f 920 1975 1966
f 920 1966 907
f 907 1966 1953
f 907 1953 899
f 899 1953 1945
f 899 1945 882
f 882 1945 1928
f 882 1928 860
f 860 1928 1906
f 860 1906 838
f 838 1906 1884
f 838 1884 808
f 808 1884 1854
f 808 1854 773
f 773 1854 1819
f 773 1819 648
f 648 1819 1694
f 648 1694 91
f 91 1694 1136
f 91 1136 92
f 92 1136 1138
f 92 1138 90
f 90 1138 1137
f 90 1137 94
f 94 1137 1140
f 94 1140 93
f 93 1140 1139
f 93 1139 96
f 96 1139 1142
f 96 1142 95
f 95 1142 1141
f 95 1141 98
f 98 1141 1144
f 98 1144 97
f 97 1144 1143
f 97 1143 100
f 100 1143 1146
f 100 1146 99
f 99 1146 1145
f 99 1145 102
f 102 1145 1148
f 102 1148 101
f 101 1148 1147
f 101 1147 104
f 104 1147 1150
f 104 1150 103
f 103 1150 1149
f 103 1149 106
f 106 1149 1151
f 106 1151 107
f 107 1151 1153
f 107 1153 105
f 105 1153 1152
f 105 1152 109
f 109 1152 1155
f 109 1155 108
f 108 1155 1154
f 108 1154 111
f 111 1154 1157
f 111 1157 110
f 110 1157 1156
f 110 1156 113
f 113 1156 1159
f 113 1159 112
f 112 1159 1158
f 112 1158 722
f 722 1158 1768
f 722 1768 774
f 774 1768 1820
f 774 1820 723
f 723 1820 1769
f 723 1769 115
f 115 1769 1160
f 115 1160 116
f 116 1160 1162
f 116 1162 114
f 114 1162 1161
f 114 1161 118
f 118 1161 1164
f 118 1164 117
f 117 1164 1163
f 117 1163 120
f 120 1163 1166
f 120 1166 119
f 119 1166 1165
f 119 1165 649
f 649 1165 1695
f 649 1695 775
f 775 1695 1821
f 775 1821 809
f 809 1821 1855
f 809 1855 776
f 776 1855 1822
f 776 1822 724
f 724 1822 1770
f 724 1770 122
f 122 1770 1167
f 122 1167 123
f 123 1167 1169
f 123 1169 121
f 121 1169 1168
f 121 1168 125
f 125 1168 1171
f 125 1171 124
f 124 1171 1170
f 124 1170 127
f 127 1170 1173
f 127 1173 126
f 126 1173 1172
f 126 1172 129
f 129 1172 1175
f 129 1175 128
f 128 1175 1174
f 128 1174 810
f 810 1174 1856
f 810 1856 811
f 811 1856 1857
f 811 1857 725
f 725 1857 1771
f 725 1771 131
f 131 1771 1176
f 131 1176 132
f 132 1176 1178
f 132 1178 130
f 130 1178 1177
f 130 1177 134
f 134 1177 1180
f 134 1180 133
f 133 1180 1179
f 133 1179 136
f 136 1179 1182
f 136 1182 135
f 135 1182 1181
f 135 1181 138
f 138 1181 1184
f 138 1184 137
f 137 1184 1183
f 137 1183 140
f 140 1183 1185
f 140 1185 141
f 141 1185 1187
f 141 1187 139
f 139 1187 1186
f 139 1186 143
f 143 1186 1189
f 143 1189 142
f 142 1189 1188
f 142 1188 145
f 145 1188 1191
f 145 1191 144
f 144 1191 1190
f 144 1190 650
f 650 1190 1696
f 650 1696 147
f 147 1696 1192
f 147 1192 148
f 148 1192 1194
f 148 1194 146
f 146 1194 1193
f 146 1193 150
f 150 1193 1196
f 150 1196 149
f 149 1196 1195
f 149 1195 651
f 651 1195 1697
f 651 1697 726
f 726 1697 1772
f 726 1772 777
f 777 1772 1823
f 777 1823 812
f 812 1823 1858
f 812 1858 908
f 908 1858 1954
f 908 1954 883
f 883 1954 1929
f 883 1929 861
f 861 1929 1907
f 861 1907 813
f 813 1907 1859
f 813 1859 778
f 778 1859 1824
f 778 1824 727
f 727 1824 1773
f 727 1773 652
f 652 1773 1698
f 652 1698 152
f 152 1698 1197
f 152 1197 153
f 153 1197 1199
f 153 1199 151
f 151 1199 1198
f 151 1198 155
f 155 1198 1201
f 155 1201 154
f 154 1201 1200
f 154 1200 157
f 157 1200 1203
f 157 1203 156
f 156 1203 1202
f 156 1202 159
f 159 1202 1205
f 159 1205 158
f 158 1205 1204
f 158 1204 161
f 161 1204 1207
f 161 1207 160
f 160 1207 1206
f 160 1206 163
f 163 1206 1209
f 163 1209 162
f 162 1209 1208
f 162 1208 653
f 653 1208 1699
f 653 1699 728
f 728 1699 1774
f 728 1774 729
f 729 1774 1775
f 729 1775 694
f 694 1775 1740
f 694 1740 654
f 654 1740 1700
f 654 1700 165
f 165 1700 1210
f 165 1210 166
f 166 1210 1212
f 166 1212 164
f 164 1212 1211
f 164 1211 168
f 168 1211 1214
f 168 1214 167
f 167 1214 1213
f 167 1213 170
f 170 1213 1216
f 170 1216 169
f 169 1216 1215
f 169 1215 172
f 172 1215 1218
f 172 1218 171
f 171 1218 1217
f 171 1217 730
f 730 1217 1776
f 730 1776 779
f 779 1776 1825
f 779 1825 731
f 731 1825 1777
f 731 1777 695
f 695 1777 1741
f 695 1741 655
f 655 1741 1701
f 655 1701 174
f 174 1701 1219
f 174 1219 175
f 175 1219 1221
f 175 1221 173
f 173 1221 1220
f 173 1220 177
f 177 1220 1222
f 177 1222 178
f 178 1222 1224
f 178 1224 176
f 176 1224 1223
f 176 1223 180
f 180 1223 1226
f 180 1226 179
f 179 1226 1225
f 179 1225 182
f 182 1225 1228
f 182 1228 181
f 181 1228 1227
f 181 1227 656
f 656 1227 1702
f 656 1702 732
f 732 1702 1778
f 732 1778 780
f 780 1778 1826
f 780 1826 814
f 814 1826 1860
f 814 1860 781
f 781 1860 1827
f 781 1827 696
f 696 1827 1742
f 696 1742 184
f 184 1742 1229
f 184 1229 185
f 185 1229 1231
f 185 1231 183
f 183 1231 1230
f 183 1230 187
f 187 1230 1233
f 187 1233 186
f 186 1233 1232
f 186 1232 189
f 189 1232 1235
f 189 1235 188
f 188 1235 1234
f 188 1234 191
f 191 1234 1237
f 191 1237 190
f 190 1237 1236
f 190 1236 193
f 193 1236 1239
f 193 1239 192
f 192 1239 1238
f 192 1238 195
f 195 1238 1241
f 195 1241 194
f 194 1241 1240
f 194 1240 197
f 197 1240 1243
f 197 1243 196
f 196 1243 1242
f 196 1242 199
f 199 1242 1245
f 199 1245 198
f 198 1245 1244
f 198 1244 201
f 201 1244 1246
f 201 1246 202
f 202 1246 1248
f 202 1248 200
f 200 1248 1247
f 200 1247 204
f 204 1247 1250
f 204 1250 203
f 203 1250 1249
f 203 1249 206
f 206 1249 1252
f 206 1252 205
f 205 1252 1251
f 205 1251 208
f 208 1251 1254
f 208 1254 207
f 207 1254 1253
f 207 1253 210
f 210 1253 1256
f 210 1256 209
f 209 1256 1255
f 209 1255 212
f 212 1255 1258
f 212 1258 211
f 211 1258 1257
f 211 1257 214
f 214 1257 1260
f 214 1260 213
f 213 1260 1259
f 213 1259 216
f 216 1259 1262
f 216 1262 215
f 215 1262 1261
f 215 1261 218
f 218 1261 1264
f 218 1264 217
f 217 1264 1263
f 217 1263 220
f 220 1263 1266
f 220 1266 219
f 219 1266 1265
f 219 1265 222
f 222 1265 1268
f 222 1268 221
f 221 1268 1267
f 221 1267 224
f 224 1267 1270
f 224 1270 223
f 223 1270 1269
f 223 1269 226
f 226 1269 1272
f 226 1272 225
f 225 1272 1271
f 225 1271 733
f 733 1271 1779
f 733 1779 839
f 839 1779 1885
f 839 1885 921
f 921 1885 1967
f 921 1967 930
f 930 1967 1976
f 930 1976 939
f 939 1976 1985
f 939 1985 948
f 948 1985 1994
f 948 1994 953
f 953 1994 1999
f 953 1999 958
f 958 1999 2004
f 958 2004 969
f 969 2004 2015
f 969 2015 979
f 979 2015 2025
f 979 2025 734
f 734 2025 1780
f 734 1780 228
f 228 1780 1273
f 228 1273 229
f 229 1273 1275
f 229 1275 227
f 227 1275 1274
f 227 1274 231
f 231 1274 1277
f 231 1277 230
f 230 1277 1276
f 230 1276 233
f 233 1276 1279
f 233 1279 232
f 232 1279 1278
f 232 1278 235
f 235 1278 1281
f 235 1281 234
f 234 1281 1280
f 234 1280 237
f 237 1280 1282
f 237 1282 238
f 238 1282 1284
f 238 1284 236
f 236 1284 1283
f 236 1283 697
f 697 1283 1743
f 697 1743 735
f 735 1743 1781
f 735 1781 862
f 862 1781 1908
f 862 1908 736
f 736 1908 1782
f 736 1782 657
f 657 1782 1703
f 657 1703 240
f 240 1703 1285
f 240 1285 241
f 241 1285 1287
f 241 1287 239
f 239 1287 1286
f 239 1286 243
f 243 1286 1289
f 243 1289 242
f 242 1289 1288
f 242 1288 245
f 245 1288 1291
f 245 1291 244
f 244 1291 1290
f 244 1290 247
f 247 1290 1293
f 247 1293 246
f 246 1293 1292
f 246 1292 249
f 249 1292 1295
f 249 1295 248
f 248 1295 1294
f 248 1294 251
f 251 1294 1297
f 251 1297 250
f 250 1297 1296
f 250 1296 658
f 658 1296 1704
f 658 1704 737
f 737 1704 1783
f 737 1783 815
f 815 1783 1861
f 815 1861 738
f 738 1861 1784
f 738 1784 253
f 253 1784 1298
f 253 1298 254
f 254 1298 1300
f 254 1300 252
f 252 1300 1299
f 252 1299 256
f 256 1299 1302
f 256 1302 255
f 255 1302 1301
f 255 1301 258
f 258 1301 1304
f 258 1304 257
f 257 1304 1303
f 257 1303 260
f 260 1303 1306
f 260 1306 259
f 259 1306 1305
f 259 1305 782
f 782 1305 1828
f 782 1828 739
f 739 1828 1785
f 739 1785 659
f 659 1785 1705
f 659 1705 262
f 262 1705 1307
f 262 1307 263
f 263 1307 1309
f 263 1309 261
f 261 1309 1308
f 261 1308 265
f 265 1308 1311
f 265 1311 264
f 264 1311 1310
f 264 1310 267
f 267 1310 1313
f 267 1313 266
f 266 1313 1312
f 266 1312 840
f 840 1312 1886
f 840 1886 863
f 863 1886 1909
f 863 1909 841
f 841 1909 1887
f 841 1887 816
f 816 1887 1862
f 816 1862 740
f 740 1862 1786
f 740 1786 269
f 269 1786 1314
f 269 1314 270
f 270 1314 1316
f 270 1316 268
f 268 1316 1315
f 268 1315 272
f 272 1315 1318
f 272 1318 271
f 271 1318 1317
f 271 1317 274
f 274 1317 1320
f 274 1320 273
f 273 1320 1319
f 273 1319 276
f 276 1319 1322
f 276 1322 275
f 275 1322 1321
f 275 1321 278
f 278 1321 1324
f 278 1324 277
f 277 1324 1323
f 277 1323 280
f 280 1323 1326
f 280 1326 279
f 279 1326 1325
f 279 1325 282
f 282 1325 1328
f 282 1328 281
f 281 1328 1327
f 281 1327 284
f 284 1327 1330
f 284 1330 283
f 283 1330 1329
f 283 1329 286
f 286 1329 1332
f 286 1332 285
f 285 1332 1331
f 285 1331 660
f 660 1331 1706
f 660 1706 698
f 698 1706 1744
f 698 1744 884
f 884 1744 1930
f 884 1930 909
f 909 1930 1955
f 909 1955 922
f 922 1955 1968
f 922 1968 931
f 931 1968 1977
f 931 1977 940
f 940 1977 1986
f 940 1986 941
f 941 1986 1987
f 941 1987 932
f 932 1987 1978
f 932 1978 923
f 923 1978 1969
f 923 1969 864
f 864 1969 1910
f 864 1910 783
f 783 1910 1829
f 783 1829 741
f 741 1829 1787
f 741 1787 288
f 288 1787 1333
f 288 1333 289
f 289 1333 1335
f 289 1335 287
f 287 1335 1334
f 287 1334 291
f 291 1334 1337
f 291 1337 290
f 290 1337 1336
f 290 1336 293
f 293 1336 1339
f 293 1339 292
f 292 1339 1338
f 292 1338 295
f 295 1338 1341
f 295 1341 294
f 294 1341 1340
f 294 1340 297
f 297 1340 1343
f 297 1343 296
f 296 1343 1342
f 296 1342 299
f 299 1342 1345
f 299 1345 298
f 298 1345 1344
f 298 1344 301
f 301 1344 1347
f 301 1347 300
f 300 1347 1346
f 300 1346 303
f 303 1346 1349
f 303 1349 302
f 302 1349 1348
f 302 1348 305
f 305 1348 1351
f 305 1351 304
f 304 1351 1350
f 304 1350 307
f 307 1350 1353
f 307 1353 306
f 306 1353 1352
f 306 1352 309
f 309 1352 1355
f 309 1355 308
f 308 1355 1354
f 308 1354 661
f 661 1354 1707
f 661 1707 699
f 699 1707 1745
f 699 1745 662
f 662 1745 1708
f 662 1708 311
f 311 1708 1356
f 311 1356 312
f 312 1356 1358
f 312 1358 310
f 310 1358 1357
f 310 1357 314
f 314 1357 1360
f 314 1360 313
f 313 1360 1359
f 313 1359 316
f 316 1359 1362
f 316 1362 315
f 315 1362 1361
f 315 1361 318
f 318 1361 1364
f 318 1364 317
f 317 1364 1363
f 317 1363 320
f 320 1363 1366
f 320 1366 319
f 319 1366 1365
f 319 1365 322
f 322 1365 1368
f 322 1368 321
f 321 1368 1367
f 321 1367 324
f 324 1367 1370
f 324 1370 323
f 323 1370 1369
f 323 1369 326
f 326 1369 1372
f 326 1372 325
f 325 1372 1371
f 325 1371 328
f 328 1371 1374
f 328 1374 327
f 327 1374 1373
f 327 1373 784
f 784 1373 1830
f 784 1830 885
f 885 1830 1931
f 885 1931 842
f 842 1931 1888
f 842 1888 817
f 817 1888 1863
f 817 1863 742
f 742 1863 1788
f 742 1788 330
f 330 1788 1375
f 330 1375 331
f 331 1375 1377
f 331 1377 329
f 329 1377 1376
f 329 1376 333
f 333 1376 1379
f 333 1379 332
f 332 1379 1378
f 332 1378 335
f 335 1378 1381
f 335 1381 334
f 334 1381 1380
f 334 1380 337
f 337 1380 1383
f 337 1383 336
f 336 1383 1382
f 336 1382 339
f 339 1382 1384
f 339 1384 340
f 340 1384 1386
f 340 1386 338
f 338 1386 1385
f 338 1385 342
f 342 1385 1388
f 342 1388 341
f 341 1388 1387
f 341 1387 663
f 663 1387 1709
f 663 1709 743
f 743 1709 1789
f 743 1789 865
f 865 1789 1911
f 865 1911 886
f 886 1911 1932
f 886 1932 900
f 900 1932 1946
f 900 1946 949
f 949 1946 1995
f 949 1995 954
f 954 1995 2000
f 954 2000 970
f 970 2000 2016
f 970 2016 975
f 975 2016 2021
f 975 2021 980
f 980 2021 2026
f 980 2026 985
f 985 2026 2031
f 985 2031 990
f 990 2031 2036
f 990 2036 998
f 998 2036 2044
f 998 2044 1000
f 1000 2044 2046
f 1000 2046 1002
f 1002 2046 2048
f 1002 2048 1005
f 1005 2048 2051
f 1005 2051 1009
f 1009 2051 2055
f 1009 2055 1012
f 1012 2055 2058
f 1012 2058 1016
f 1016 2058 2062
f 1016 2062 1020
f 1020 2062 2066
f 1020 2066 1017
f 1017 2066 2063
f 1017 2063 1013
f 1013 2063 2059
f 1013 2059 1010
f 1010 2059 2056
f 1010 2056 1006
f 1006 2056 2052
f 1006 2052 1003
f 1003 2052 2049
f 1003 2049 991
f 991 2049 2037
f 991 2037 971
f 971 2037 2017
f 971 2017 964
f 964 2017 2010
f 964 2010 959
f 959 2010 2005
f 959 2005 744
f 744 2005 1790
f 744 1790 664
f 664 1790 1710
f 664 1710 344
f 344 1710 1389
f 344 1389 345
f 345 1389 1391
f 345 1391 343
f 343 1391 1390
f 343 1390 347
f 347 1390 1393
f 347 1393 346
f 346 1393 1392
f 346 1392 349
f 349 1392 1395
f 349 1395 348
f 348 1395 1394
f 348 1394 785
f 785 1394 1831
f 785 1831 818
f 818 1831 1864
f 818 1864 843
f 843 1864 1889
f 843 1889 933
f 933 1889 1979
f 933 1979 910
f 910 1979 1956
f 910 1956 887
f 887 1956 1933
f 887 1933 844
f 844 1933 1890
f 844 1890 819
f 819 1890 1865
f 819 1865 786
f 786 1865 1832
f 786 1832 745
f 745 1832 1791
f 745 1791 665
f 665 1791 1711
f 665 1711 351
f 351 1711 1396
f 351 1396 352
f 352 1396 1398
f 352 1398 350
f 350 1398 1397
f 350 1397 354
f 354 1397 1400
f 354 1400 353
f 353 1400 1399
f 353 1399 356
f 356 1399 1402
f 356 1402 355
f 355 1402 1401
f 355 1401 866
f 866 1401 1912
f 866 1912 820
f 820 1912 1866
f 820 1866 746
f 746 1866 1792
f 746 1792 700
f 700 1792 1746
f 700 1746 666
f 666 1746 1712
f 666 1712 358
f 358 1712 1403
f 358 1403 359
f 359 1403 1405
f 359 1405 357
f 357 1405 1404
f 357 1404 361
f 361 1404 1407
f 361 1407 360
f 360 1407 1406
f 360 1406 363
f 363 1406 1409
f 363 1409 362
f 362 1409 1408
f 362 1408 365
f 365 1408 1411
f 365 1411 364
f 364 1411 1410
f 364 1410 821
f 821 1410 1867
f 821 1867 787
f 787 1867 1833
f 787 1833 747
f 747 1833 1793
f 747 1793 701
f 701 1793 1747
f 701 1747 667
f 667 1747 1713
f 667 1713 367
f 367 1713 1412
f 367 1412 368
f 368 1412 1414
f 368 1414 366
f 366 1414 1413
f 366 1413 845
f 845 1413 1891
f 845 1891 867
f 867 1891 1913
f 867 1913 888
f 888 1913 1934
f 888 1934 868
f 868 1934 1914
f 868 1914 846
f 846 1914 1892
f 846 1892 370
f 370 1892 1415
f 370 1415 371
f 371 1415 1417
f 371 1417 369
f 369 1417 1416
f 369 1416 373
f 373 1416 1419
f 373 1419 372
f 372 1419 1418
f 372 1418 375
f 375 1418 1421
f 375 1421 374
f 374 1421 1420
f 374 1420 377
f 377 1420 1423
f 377 1423 376
f 376 1423 1422
f 376 1422 379
f 379 1422 1425
f 379 1425 378
f 378 1425 1424
f 378 1424 381
f 381 1424 1426
f 381 1426 382
f 382 1426 1428
f 382 1428 380
f 380 1428 1427
f 380 1427 384
f 384 1427 1430
f 384 1430 383
f 383 1430 1429
f 383 1429 386
f 386 1429 1432
f 386 1432 385
f 385 1432 1431
f 385 1431 388
f 388 1431 1434
f 388 1434 387
f 387 1434 1433
f 387 1433 702
f 702 1433 1748
f 702 1748 703
f 703 1748 1749
f 703 1749 668
f 668 1749 1714
f 668 1714 390
f 390 1714 1435
f 390 1435 391
f 391 1435 1437
f 391 1437 389
f 389 1437 1436
f 389 1436 393
f 393 1436 1439
f 393 1439 392
f 392 1439 1438
f 392 1438 395
f 395 1438 1441
f 395 1441 394
f 394 1441 1440
f 394 1440 397
f 397 1440 1442
f 397 1442 398
f 398 1442 1444
f 398 1444 396
f 396 1444 1443
f 13 1059 11
f 11 1059 1058
f 11 1058 642
f 642 1058 1688
f 642 1688 689
f 689 1688 1735
f 689 1735 716
f 716 1735 1762
f 716 1762 1033
f 1033 1762 2079
f 1033 2079 1031
f 1031 2079 2077
f 1031 2077 1029
f 1029 2077 2075
f 1029 2075 859
f 859 2075 1905
f 859 1905 834
f 834 1905 1880
f 834 1880 766
f 766 1880 1812
f 766 1812 15
f 15 1812 1060
f 15 1060 16
f 16 1060 1062
f 16 1062 14
f 14 1062 1061
f 14 1061 18
f 18 1061 1064
f 18 1064 17
f 17 1064 1063
f 17 1063 20
f 20 1063 1066
f 20 1066 19
f 19 1066 1065
f 19 1065 22
f 22 1065 1068
f 22 1068 21
f 21 1068 1067
f 21 1067 24
f 24 1067 1070
f 24 1070 23
f 23 1070 1069
f 23 1069 26
f 26 1069 1072
f 26 1072 25
f 25 1072 1071
f 25 1071 28
f 28 1071 1074
f 28 1074 27
f 27 1074 1073
f 27 1073 30
f 30 1073 1076
f 30 1076 29
f 29 1076 1075
f 29 1075 32
f 32 1075 1078
f 32 1078 31
f 31 1078 1077
f 31 1077 34
f 34 1077 1080
f 34 1080 33
f 33 1080 1079
f 33 1079 36
f 36 1079 1082
f 36 1082 35
f 35 1082 1081
f 35 1081 38
f 38 1081 1084
f 38 1084 37
f 37 1084 1083
f 37 1083 717
f 717 1083 1763
f 717 1763 767
f 767 1763 1813
f 767 1813 879
f 879 1813 1925
f 879 1925 897
f 897 1925 1943
f 897 1943 905
f 905 1943 1951
f 905 1951 917
f 917 1951 1963
f 917 1963 1024
f 1024 1963 2070
f 1024 2070 1022
f 1022 2070 2068
f 1022 2068 1019
f 1019 2068 2065
f 1019 2065 1015
f 1015 2065 2061
f 1015 2061 1011
f 1011 2061 2057
f 1011 2057 1008
f 1008 2057 2054
f 1008 2054 1004
f 1004 2054 2050
f 1004 2050 1001
f 1001 2050 2047
f 1001 2047 999
f 999 2047 2045
f 999 2045 997
f 997 2045 2043
f 997 2043 994
f 994 2043 2040
f 994 2040 989
f 989 2040 2035
f 989 2035 984
f 984 2035 2030
f 984 2030 974
f 974 2030 2020
f 974 2020 968
f 968 2020 2014
f 968 2014 963
f 963 2014 2009
f 963 2009 957
f 957 2009 2003
f 957 2003 952
f 952 2003 1998
f 952 1998 718
f 718 1998 1764
f 718 1764 643
f 643 1764 1689
f 643 1689 40
f 40 1689 1085
f 40 1085 41
f 41 1085 1087
f 41 1087 39
f 39 1087 1086
f 39 1086 43
f 43 1086 1089
f 43 1089 42
f 42 1089 1088
f 42 1088 45
f 45 1088 1091
f 45 1091 44
f 44 1091 1090
f 44 1090 3
f 3 1090 1049
f 3 1049 1
f 1 1049 1048
f 1 1048 978
f 978 1048 2024
f 978 2024 983
f 983 2024 2029
f 983 2029 988
f 988 2029 2034
f 988 2034 993
f 993 2034 2039
f 993 2039 996
f 996 2039 2042
f 996 2042 858
f 858 2042 1904
f 858 1904 833
f 833 1904 1879
f 833 1879 805
f 805 1879 1851
f 805 1851 765
f 765 1851 1811
f 765 1811 687
f 687 1811 1733
f 687 1733 641
f 641 1733 1687
f 641 1687 5
f 5 1687 1050
f 5 1050 6
f 6 1050 1052
f 6 1052 4
f 4 1052 1051
f 4 1051 8
f 8 1051 1054
f 8 1054 7
f 7 1054 1053
f 7 1053 10
f 10 1053 1056
f 10 1056 9
f 9 1056 1055
f 9 1055 688
f 688 1055 1734
f 688 1734 878
f 878 1734 1924
f 878 1924 896
f 896 1924 1942
f 896 1942 904
f 904 1942 1950
f 904 1950 1021
f 1021 1950 2067
f 1021 2067 1025
f 1025 2067 2071
f 1025 2071 1027
f 1027 2071 2073
f 1027 2073 1028
f 1028 2073 2074
f 1028 2074 1030
f 1030 2074 2076
f 1030 2076 1032
f 1032 2076 2078
f 1032 2078 1034
f 1034 2078 2080
f 1034 2080 1036
f 1036 2080 2082
f 1036 2082 1043
f 1043 2082 2089
f 1043 2089 1041
f 1041 2089 2087
f 1041 2087 1039
f 1039 2087 2085
f 1039 2085 1037
f 1037 2085 2083
f 1037 2083 12
f 12 2083 1057
f 12 1057 13
f 13 1057 1059
