o 
v 50.29 0 -57.12
v 30.499 0 -57.513
v 49.88 0 -57.5
v 51.114 0 -56.415
v 50.908 0 -56.582
v 51 0 -56.51
v 51.265 0 -56.197
v 51.2 0 -56.317
v 51.363 0 -55.813
v 51.317 0 -56.036
v 51.751 0 -54.43
v 51.61 0 -54.61
v 51.659 0 -54.548
v 54.144 0 -52.244
v 53.73 0 -52.424
v 53.923 0 -52.34
v 54.621 0 -52.033
v 54.381 0 -52.14
v 55.192 0 -51.774
v 54.85 0 -51.93
v 56.969 0 -51.626
v 56.46 0 -51.6
v 56.7 0 -51.614
v 57.531 0 -51.644
v 57.251 0 -51.636
v 58.02 0 -51.65
v 57.793 0 -51.648
v 59.61 0 -53.04
v 58.77 0 -51.65
v 58.77 0 -52.97
v 60.591 0 -53.106
v 59.876 0 -53.058
v 60.211 0 -53.081
v 61.403 0 -53.158
v 60.996 0 -53.133
v 64.628 0 -53.977
v 64.47 0 -53.73
v 64.557 0 -53.878
v 64.789 0 -54.063
v 64.7 0 -54.036
v 65.08 0 -54.05
v 64.91 0 -54.064
v 69.163 0 -54.694
v 69.25 0 -54.01
v 69.18 0 -54.52
v 69.12 0 -55.202
v 69.142 0 -54.927
v 69.077 0 -55.824
v 69.098 0 -55.507
v 66.88 0 -57.78
v 68.17 0 -57.25
v 67.47 0 -57.15
v 62.69 0 -57.98
v 65.17 0 -58.27
v 64.86 0 -58
v 59.18 0 -58.53
v 60.52 0 -57.95
v 57.194 0 -59.36
v 57.509 0 -59.23
v 57.33 0 -59.3
v 56.94 0 -59.478
v 57.062 0 -59.42
v 56.752 0 -59.575
v 56.834 0 -59.53
v 56.648 0 -59.67
v 56.7 0 -59.61
v 56.489 0 -59.94
v 56.576 0 -59.783
v 56.286 0 -60.343
v 56.39 0 -60.13
v 55.8 0 -61.43
v 56.18 0 -60.57
v 53.05 0 -62.56
v 54.72 0 -61.52
v 53.63 0 -61.61
v 52.748 0 -63.053
v 52.893 0 -62.815
v 51.368 0 -61.438
v 51.24 0 -62.51
v 51.327 0 -61.866
v 51.256 0 -61.002
v 51.349 0 -61.169
v 50.79 0 -60.75
v 51.074 0 -60.881
v 50.087 0 -59.496
v 50.01 0 -58.7
v 30.38 0 -57.737
v 30.149 0 -58.179
v 30.261 0 -57.964
v 25.75 0 -62.64
v 28.04 0 -60.16
v 26.36 0 -61.29
v 23.09 0 -61.47
v 23.76 0 -62.92
v 23.82 0 -61.96
v 13.28 0 -60.47
v 22.376 0 -60.926
v 22.35 0 -60.88
v 13.376 0 -62.53
v 13.55 0 -62.12
v 13.442 0 -62.358
v 13.374 0 -62.77
v 13.354 0 -62.659
v 13.54 0 -63.04
v 13.436 0 -62.889
v 13.881 0 -63.549
v 13.799 0 -63.421
v 13.83 0 -63.47
v 14.115 0 -63.901
v 13.979 0 -63.697
v 14.469 0 -64.43
v 14.281 0 -64.15
v 15.43 0 -65.84
v 14.67 0 -64.73
v 14.88 0 -69.01
v 14.55 0 -66.67
v 13.66 0 -67.5
v 14.797 0 -72.772
v 15.28 0 -72.44
v 15.09 0 -72.57
v 14.459 0 -73.055
v 14.593 0 -72.926
v 14.318 0 -73.338
v 14.374 0 -73.184
v 14.16 0 -74.01
v 14.27 0 -73.54
v 15.1 0 -75.205
v 14.72 0 -74.72
v 14.892 0 -74.941
v 15.573 0 -75.795
v 15.331 0 -75.495
v 16.04 0 -76.36
v 15.814 0 -76.089
v 19.496 0 -80.735
v 18.701 0 -79.718
v 19.32 0 -80.52
v 19.845 0 -81.077
v 19.666 0 -80.916
v 20.301 0 -81.387
v 20.051 0 -81.23
v 21.206 0 -81.89
v 20.61 0 -81.56
v 20.956 0 -81.758
v 21.541 0 -81.993
v 21.39 0 -81.965
v 21.87 0 -81.95
v 21.691 0 -81.985
v 23.599 0 -81.831
v 23.5 0 -81.73
v 23.533 0 -81.771
v 23.804 0 -81.995
v 23.691 0 -81.908
v 24.07 0 -82.19
v 23.933 0 -82.091
v 26.86 0 -82.48
v 24.57 0 -82.57
v 28.08 0 -82.426
v 27.485 0 -82.454
v 29.073 0 -82.374
v 28.619 0 -82.399
v 29.62 0 -82.34
v 29.416 0 -82.354
v 30.093 0 -84.778
v 31 0 -84.19
v 30.33 0 -84.62
v 29.753 0 -85.052
v 29.903 0 -84.919
v 29.526 0 -85.333
v 29.63 0 -85.187
v 29.355 0 -85.639
v 29.43 0 -85.5
v 29.163 0 -85.999
v 29.264 0 -85.809
v 28.711 0 -86.842
v 28.95 0 -86.395
v 28.85 0 -86.58
v 28.561 0 -87.228
v 28.614 0 -87.059
v 28.588 0 -87.419
v 28.552 0 -87.348
v 29.38 0 -93.39
v 29.23 0 -89.463
v 29.27 0 -90.62
v 28.803 0 -93.908
v 29.01 0 -93.73
v 28.905 0 -93.82
v 28.624 0 -94.062
v 28.708 0 -93.99
v 28.473 0 -94.215
v 28.557 0 -94.12
v 28.51 0 -94.16
v 28.415 0 -94.482
v 28.441 0 -94.321
v 28.384 0 -94.984
v 28.396 0 -94.702
v 29.32 0 -97.68
v 28.38 0 -95.33
v 28.36 0 -96.41
v 29.813 0 -98.328
v 29.575 0 -98.017
v 30.197 0 -98.819
v 30.024 0 -98.6
v 30.39 0 -99.04
v 30.323 0 -98.97
v 30.884 0 -99.246
v 30.563 0 -99.127
v 31.693 0 -99.491
v 31.284 0 -99.374
v 32.26 0 -99.61
v 32.042 0 -99.577
v 32.437 0 -99.583
v 32.333 0 -99.603
v 32.71 0 -99.514
v 32.565 0 -99.552
v 33.02 0 -99.42
v 32.864 0 -99.469
v 37.51 0 -99.95
v 34.14 0 -99.61
v 34.7 0 -100
v 39.426 0 -99.908
v 38.639 0 -99.928
v 40.254 0 -99.846
v 39.94 0 -99.882
v 40.57 0 -99.71
v 40.441 0 -99.79
v 40.917 0 -99.512
v 40.866 0 -99.526
v 40.89 0 -99.52
v 41.028 0 -99.456
v 40.964 0 -99.49
v 41.185 0 -99.364
v 41.103 0 -99.413
v 41.397 0 -99.23
v 41.27 0 -99.31
v 42.72 0 -98.44
v 42.109 0 -98.803
v 42.41 0 -98.625
v 44.05 0 -97.633
v 43.349 0 -98.066
v 45.397 0 -96.767
v 44.755 0 -97.185
v 46.22 0 -96.2
v 45.908 0 -96.424
v 46.377 0 -95.994
v 46.317 0 -96.101
v 46.393 0 -95.626
v 46.403 0 -95.846
v 46.27 0 -94.84
v 46.348 0 -95.301
v 46.483 0 -93.654
v 46.13 0 -94
v 46.41 0 -93.73
v 46.606 0 -93.507
v 46.549 0 -93.579
v 46.68 0 -93.394
v 46.651 0 -93.445
v 46.677 0 -93.241
v 46.69 0 -93.36
v 46.584 0 -92.52
v 46.641 0 -92.952
v 46.42 0 -91.332
v 46.509 0 -91.971
v 45.94 0 -88.01
v 46.32 0 -90.63
v 47.25 0 -85.54
v 46.6 0 -86.77
v 48.921 0 -82.196
v 47.47 0 -82.29
v 48.267 0 -82.242
v 49.815 0 -82.114
v 49.436 0 -82.154
v 50.18 0 -82.04
v 50.062 0 -82.076
v 50.296 0 -81.926
v 50.222 0 -82.003
v 50.514 0 -81.681
v 50.395 0 -81.816
v 50.79 0 -81.36
v 50.648 0 -81.526
v 52.384 0 -79.544
v 51.905 0 -80.083
v 52.14 0 -79.82
v 53.554 0 -78.229
v 52.964 0 -78.891
v 53.266 0 -78.552
v 54.055 0 -77.659
v 53.81 0 -77.94
v 55.19 0 -76.37
v 54.808 0 -76.804
v 55.02 0 -76.563
v 55.447 0 -76.062
v 55.325 0 -76.212
v 55.63 0 -75.814
v 55.55 0 -75.927
v 55.7 0 -75.68
v 55.682 0 -75.73
v 55.657 0 -75.461
v 55.689 0 -75.608
v 55.543 0 -74.993
v 55.607 0 -75.251
v 55.38 0 -74.38
v 55.466 0 -74.698
v 55.99 0 -72.711
v 55.711 0 -72.799
v 55.85 0 -72.755
v 56.242 0 -72.627
v 56.123 0 -72.668
v 57.16 0 -70.49
v 56.34 0 -72.59
v 56.66 0 -72.47
v 59.209 0 -68.732
v 58.252 0 -68.544
v 58.74 0 -68.64
v 59.934 0 -68.726
v 59.567 0 -68.769
v 61.175 0 -68.298
v 60.43 0 -68.578
v 63.41 0 -67.41
v 62.29 0 -67.86
v 66.13 0 -64.71
v 64.77 0 -66.06
v 66.938 0 -65.178
v 66.74 0 -65.07
v 67.316 0 -65.351
v 67.131 0 -65.272
v 67.658 0 -65.461
v 67.493 0 -65.414
v 67.97 0 -65.515
v 67.81 0 -65.49
v 70.29 0 -65.874
v 69.26 0 -65.72
v 69.872 0 -65.824
v 70.79 0 -65.749
v 70.575 0 -65.855
v 71.26 0 -65.21
v 70.998 0 -65.539
v 71.607 0 -64.768
v 71.423 0 -65.002
v 72.64 0 -63.462
v 72.34 0 -63.84
v 72.491 0 -63.652
v 72.903 0 -63.118
v 72.78 0 -63.281
v 73.07 0 -62.88
v 73.002 0 -62.981
v 73.459 0 -62.427
v 73.365 0 -62.524
v 73.41 0 -62.48
v 73.522 0 -62.26
v 73.496 0 -62.355
v 73.553 0 -61.986
v 73.541 0 -62.139
v 73.56 0 -61.25
v 73.56 0 -61.8
v 72.441 0 -59.912
v 72.69 0 -60.21
v 71.3 0 -58.53
v 71.683 0 -58.994
v 71.47 0 -58.736
v 71.144 0 -56.37
v 71 0 -56.95
v 71.069 0 -56.675
v 71.296 0 -55.743
v 71.221 0 -56.054
v 71.42 0 -55.21
v 71.363 0 -55.456
v 73.745 0 -54.293
v 72.92 0 -54.34
v 73.351 0 -54.321
v 74.441 0 -54.213
v 74.107 0 -54.257
v 75.04 0 -54.1
v 74.751 0 -54.161
v 77.681 0 -54.756
v 77.01 0 -53.94
v 77.289 0 -54.292
v 78.526 0 -55.704
v 78.116 0 -55.252
v 78.99 0 -56.16
v 78.84 0 -56.033
v 84.962 0 -56.967
v 80.4 0 -56.34
v 82.851 0 -56.677
v 88.101 0 -57.393
v 86.717 0 -57.206
v 89.69 0 -57.6
v 89.098 0 -57.525
v 90.123 0 -57.658
v 89.893 0 -57.627
v 90.611 0 -57.722
v 90.366 0 -57.69
v 91.05 0 -57.78
v 90.843 0 -57.753
v 92.08 0 -57.45
v 91.71 0 -57.88
v 92.29 0 -57.208
v 92.183 0 -57.331
v 92.49 0 -56.975
v 92.394 0 -57.088
v 92.64 0 -56.8
v 92.574 0 -56.877
v 92.779 0 -56.599
v 92.722 0 -56.704
v 92.838 0 -56.261
v 92.816 0 -56.46
v 92.85 0 -55.58
v 92.848 0 -55.976
v 92.804 0 -53.989
v 92.836 0 -54.783
v 92.706 0 -52.621
v 92.76 0 -53.25
v 92.58 0 -51.91
v 92.644 0 -52.157
v 92.083 0 -51.035
v 92.405 0 -51.592
v 91.27 0 -49.658
v 91.683 0 -50.353
v 90.68 0 -48.69
v 90.914 0 -49.066
v 89.92 0 -48.085
v 90.418 0 -48.248
v 90.4 0 -48.21
v 87.05 0 -47.475
v 88.706 0 -47.82
v 83.58 0 -46.785
v 85.244 0 -47.11
v 82.139 0 -46.528
v 82.35 0 -46.56
v 81.709 0 -46.489
v 81.922 0 -46.504
v 81.328 0 -46.486
v 81.508 0 -46.482
v 80.75 0 -46.55
v 81.18 0 -46.5
v 76.35 0 -47.47
v 78.488 0 -47.989
v 78.04 0 -47.88
v 76.43 0 -47.036
v 76.41 0 -47.15
v 76.526 0 -46.489
v 76.457 0 -46.881
v 76.49 0 -46.695
v 76.6 0 -46.06
v 76.564 0 -46.274
v 78.58 0 -45.36
v 76.76 0 -45.29
v 77.67 0 -45.33
v 78.925 0 -44.084
v 78.81 0 -44.52
v 78.874 0 -44.292
v 78.982 0 -43.756
v 78.961 0 -43.903
v 78.97 0 -43.6
v 78.985 0 -43.653
v 78.426 0 -43.465
v 78.82 0 -43.551
v 76.871 0 -43.172
v 77.779 0 -43.339
v 74.24 0 -42.71
v 75.694 0 -42.963
v 73.6 0 -42.611
v 73.881 0 -42.651
v 73.243 0 -42.589
v 73.39 0 -42.591
v 73.11 0 -42.63
v 73.152 0 -42.602
v 73.067 0 -42.753
v 73.089 0 -42.677
v 73.023 0 -42.974
v 73.045 0 -42.854
v 72.98 0 -43.25
v 73.001 0 -43.108
v 72.861 0 -44.022
v 72.886 0 -43.884
v 72.87 0 -43.95
v 72.916 0 -44.16
v 72.875 0 -44.09
v 73.095 0 -44.325
v 72.989 0 -44.237
v 73.353 0 -44.503
v 73.24 0 -44.43
v 73.559 0 -44.626
v 73.461 0 -44.569
v 73.707 0 -44.7
v 73.642 0 -44.671
v 73.25 0 -46.04
v 73.299 0 -45.956
v 73.265 0 -46.013
v 69.6 0 -41.977
v 69.397 0 -43.215
v 69.5 0 -42.59
v 69.761 0 -40.951
v 69.689 0 -41.423
v 69.846 0 -40.342
v 69.815 0 -40.583
v 69.824 0 -40.232
v 69.85 0 -40.25
v 69.476 0 -39.958
v 69.69 0 -40.126
v 69.591 0 -40.048
v 68.983 0 -39.595
v 69.35 0 -39.86
v 69.155 0 -39.706
v 68.55 0 -39.445
v 68.795 0 -39.513
v 67.73 0 -39.3
v 68.208 0 -39.379
v 62.87 0 -38.51
v 65.253 0 -38.898
v 64.72 0 -38.81
v 62.337 0 -39.076
v 62.49 0 -38.9
v 62.07 0 -39.536
v 62.203 0 -39.273
v 61.723 0 -40.44
v 61.917 0 -39.91
v 61.299 0 -41.673
v 61.47 0 -41.17
v 61.001 0 -42.551
v 61.14 0 -42.14
v 60.814 0 -43.126
v 60.89 0 -42.886
v 57.706 0 -42.13
v 57.86 0 -42.42
v 57.783 0 -42.269
v 57.564 0 -41.91
v 57.631 0 -42.009
v 57.47 0 -41.8
v 57.509 0 -41.838
v 57.31 0 -39.93
v 57.358 0 -41.083
v 57.35 0 -40.83
v 58.69 0 -36.65
v 58.05 0 -38.6
v 58.79 0 -37.28
v 59.208 0 -35.526
v 58.58 0 -36.02
v 58.88 0 -35.79
v 59.621 0 -35.08
v 59.447 0 -35.302
v 59.864 0 -34.5
v 59.753 0 -34.825
v 61.592 0 -32.681
v 61.124 0 -32.752
v 61.346 0 -32.719
v 62.108 0 -32.601
v 61.851 0 -32.641
v 64.55 0 -28.29
v 62.35 0 -32.56
v 63.17 0 -32.43
v 65.78 0 -23.86
v 65.93 0 -24.16
v 65.669 0 -23.65
v 65.732 0 -23.766
v 65.521 0 -23.383
v 65.598 0 -23.52
v 65.37 0 -23.12
v 65.443 0 -23.247
v 66.673 0 -21.705
v 66.182 0 -21.751
v 66.43 0 -21.73
v 67.09 0 -21.658
v 66.897 0 -21.681
v 67.347 0 -21.617
v 67.243 0 -21.636
v 67.429 0 -21.494
v 67.39 0 -21.6
v 67.605 0 -20.791
v 67.501 0 -21.218
v 67.888 0 -19.559
v 67.735 0 -20.232
v 68.127 0 -18.48
v 68.06 0 -18.79
v 68.567 0 -16.532
v 68.24 0 -17.974
v 68.39 0 -17.313
v 68.96 0 -14.77
v 68.76 0 -15.672
v 69.334 0 -13.094
v 69.157 0 -13.893
v 69.599 0 -11.86
v 69.484 0 -12.405
v 69.7 0 -11.33
v 69.674 0 -11.49
v 69.654 0 -11.194
v 69.688 0 -11.275
v 69.53 0 -10.976
v 69.6 0 -11.092
v 69.35 0 -10.72
v 69.445 0 -10.85
v 71.664 0 -7.631
v 70.504 0 -8.307
v 71.48 0 -7.74
v 72.27 0 -7.272
v 71.934 0 -7.471
v 73.062 0 -6.801
v 72.653 0 -7.045
v 75.68 0 -4.74
v 73.48 0 -6.55
v 74.99 0 -5.65
v 76.108 0 -4.191
v 75.886 0 -4.475
v 77.174 0 -2.827
v 76.91 0 -3.17
v 77.049 0 -2.995
v 77.36 0 -2.54
v 77.279 0 -2.673
v 77.43 0 -2.37
v 77.412 0 -2.436
v 77.349 0 -1.919
v 77.407 0 -2.173
v 77.181 0 -1.405
v 77.269 0 -1.649
v 77.04 0 -1.16
v 77.1 0 -1.228
v 74.5 0 -0.828
v 75.9 0 -1.02
v 75.139 0 -0.916
v 73.377 0 -0.679
v 73.93 0 -0.751
v 72.11 0 -0.52
v 72.788 0 -0.604
v 69.944 0 -0.246
v 70.804 0 -0.35
v 69 0 -0.214
v 69.389 0 -0.202
v 68.16 0 -0.38
v 68.637 0 -0.275
v 60.41 0 -0.85
v 63.12 0 -1.02
v 62.6 0 -0.79
v 58.901 0 -0.902
v 59.512 0 -0.877
v 58.309 0 -0.971
v 58.519 0 -0.931
v 58.18 0 -1.11
v 58.215 0 -1.029
v 58.146 0 -1.348
v 58.166 0 -1.199
v 58.094 0 -1.782
v 58.121 0 -1.546
v 58.04 0 -2.32
v 58.066 0 -2.044
v 58.32 0 -3.68
v 57.93 0 -3.34
v 58.39 0 -5.32
v 58.71 0 -4.01
v 58.54 0 -4.66
v 57.651 0 -5.75
v 57.81 0 -5.65
v 57.384 0 -5.942
v 57.507 0 -5.849
v 57.22 0 -6.101
v 57.286 0 -6.028
v 57.168 0 -6.254
v 57.19 0 -6.16
v 57.088 0 -6.66
v 57.133 0 -6.425
v 56.974 0 -7.266
v 57.034 0 -6.945
v 56.781 0 -8.303
v 56.91 0 -7.61
v 56.845 0 -7.961
v 56.672 0 -8.897
v 56.722 0 -8.62
v 56.61 0 -9.27
v 56.634 0 -9.119
v 56.542 0 -9.613
v 56.58 0 -9.415
v 56.448 0 -10.114
v 56.498 0 -9.85
v 56.194 0 -11.447
v 56.395 0 -10.391
v 56.34 0 -10.67
v 56.03 0 -12.452
v 56.093 0 -12.024
v 55.999 0 -13.078
v 56.001 0 -12.786
v 56.036 0 -13.55
v 56.02 0 -13.38
v 56.07 0 -13.864
v 56.053 0 -13.713
v 56.104 0 -14.095
v 56.087 0 -13.993
v 55.698 0 -14.392
v 55.924 0 -14.345
v 55.8 0 -14.37
v 55.524 0 -14.446
v 55.605 0 -14.418
v 55.413 0 -14.504
v 55.459 0 -14.475
v 55.377 0 -14.636
v 55.39 0 -14.53
v 55.335 0 -15.235
v 55.358 0 -14.878
v 55.28 0 -16.208
v 55.309 0 -15.686
v 55.217 0 -17.532
v 55.25 0 -16.78
v 55.19 0 -18.707
v 55.197 0 -18.166
v 55.217 0 -19.623
v 55.197 0 -19.184
v 55.277 0 -20.355
v 55.25 0 -20.05
v 54.14 0 -21.58
v 54.856 0 -21.389
v 54.7 0 -21.43
v 53.87 0 -23.215
v 53.93 0 -22.84
v 53.661 0 -24.506
v 53.802 0 -23.634
v 53.731 0 -24.073
v 53.54 0 -25.26
v 53.596 0 -24.91
v 53.412 0 -26.063
v 53.461 0 -25.732
v 53.404 0 -26.437
v 53.394 0 -26.286
v 53.51 0 -26.66
v 53.443 0 -26.55
v 53.607 0 -28.541
v 54.18 0 -27.86
v 53.75 0 -28.37
v 50.855 0 -31.793
v 52.762 0 -29.531
v 52.54 0 -29.79
v 47.871 0 -34.216
v 48.453 0 -34.189
v 48.11 0 -34.2
v 46.987 0 -32.691
v 47.41 0 -34.14
v 47.291 0 -33.662
v 46.163 0 -30.253
v 46.584 0 -31.473
v 45.6 0 -28.79
v 45.807 0 -29.277
v 45.337 0 -28.392
v 45.5 0 -28.637
v 44.873 0 -27.698
v 45.124 0 -28.073
v 44.31 0 -26.86
v 44.598 0 -27.288
v 43.47 0 -25.632
v 43.86 0 -26.198
v 42.734 0 -24.601
v 43.105 0 -25.115
v 41.84 0 -23.4
v 42.323 0 -24.045
v 41.47 0 -23
v 41.688 0 -23.223
v 40.873 0 -22.453
v 41.195 0 -22.74
v 40.13 0 -21.84
v 40.515 0 -22.15
v 39.171 0 -21.089
v 39.581 0 -21.401
v 38.512 0 -20.694
v 38.836 0 -20.866
v 37.64 0 -20.35
v 38.135 0 -20.535
v 36.791 0 -20.06
v 37.184 0 -20.187
v 36.039 0 -19.88
v 36.423 0 -19.961
v 35.07 0 -19.73
v 35.601 0 -19.806
v 33.982 0 -19.604
v 34.454 0 -19.651
v 32.921 0 -19.626
v 33.518 0 -19.595
v 30.78 0 -19.82
v 32.055 0 -19.699
v 29.577 0 -19.991
v 30.201 0 -19.889
v 28.26 0 -20.285
v 28.924 0 -20.125
v 26.97 0 -20.67
v 27.603 0 -20.468
v 23.744 0 -17.425
v 23.41 0 -17.66
v 23.601 0 -17.532
v 23.906 0 -17.261
v 23.845 0 -17.336
v 23.92 0 -17.14
v 23.929 0 -17.197
v 22.16 0 -11.439
v 22.28 0 -11.84
v 22.232 0 -11.674
v 21.97 0 -10.824
v 22.071 0 -11.15
v 21.75 0 -10.13
v 21.861 0 -10.479
v 20.89 0 -8.55
v 21.35 0 -8.87
v 19.892 0 -7.134
v 19.83 0 -7.41
v 19.858 0 -7.292
v 19.971 0 -6.746
v 19.93 0 -6.949
v 20.2 0 -5.6
v 20.015 0 -6.536
v 20.06 0 -6.33
v 20.625 0 -5.508
v 20.53 0 -5.53
v 20.804 0 -5.459
v 20.718 0 -5.484
v 20.939 0 -5.406
v 20.879 0 -5.432
v 21.016 0 -5.3
v 20.98 0 -5.38
v 21.064 0 -4.82
v 21.044 0 -5.119
v 21.082 0 -3.807
v 21.076 0 -4.388
v 20.43 0 -0.41
v 21.08 0 -3.06
v 21.08 0 -0.84
v 19.869 0 -0.094
v 20.124 0 -0.22
v 19.298 0 0.001
v 19.611 0 -0.024
v 18.29 0 -0.05
v 18.876 0 -0.011
v 15.22 0 -0.26
v 16.618 0 -0.166
v 15.942 0 -0.211
v 12.955 0 -0.414
v 14.466 0 -0.311
v 13.698 0 -0.363
v 11.698 0 -0.5
v 12.276 0 -0.46
v 10.028 0 -0.619
v 11.26 0 -0.53
v 7.3 0 -0.829
v 7.466 0 -0.794
v 7.33 0 -0.8
v 7.242 0 -1.051
v 7.271 0 -0.913
v 7.192 0 -1.477
v 7.216 0 -1.24
v 7.15 0 -2.167
v 7.17 0 -1.76
v 7.159 0 -2.645
v 7.144 0 -2.45
v 7.271 0 -2.91
v 7.199 0 -2.787
v 8.004 0 -6.869
v 8.46 0 -6.32
v 8.1 0 -6.75
v 7.845 0 -7.11
v 7.918 0 -6.991
v 7.753 0 -7.311
v 7.789 0 -7.219
v 7.816 0 -7.977
v 7.74 0 -7.38
v 8.274 0 -10.474
v 8.011 0 -9.096
v 8.794 0 -12.967
v 8.552 0 -11.851
v 9.029 0 -13.748
v 8.95 0 -13.56
v 9.275 0 -14.3
v 9.14 0 -14
v 9.588 0 -14.972
v 9.427 0 -14.63
v 11.176 0 -18.385
v 10.613 0 -17.146
v 10.74 0 -17.43
v 11.762 0 -19.655
v 11.513 0 -19.117
v 12.049 0 -20.259
v 11.937 0 -20.026
v 12.159 0 -20.434
v 12.11 0 -20.38
v 12.381 0 -20.511
v 12.246 0 -20.477
v 12.846 0 -20.565
v 12.577 0 -20.54
v 13.71 0 -20.62
v 13.2 0 -20.59
v 14.639 0 -20.98
v 14.59 0 -20.82
v 14.603 0 -20.874
v 14.768 0 -21.31
v 14.695 0 -21.129
v 14.95 0 -21.73
v 14.854 0 -21.513
v 14.58 0 -24.67
v 15.04 0 -23.508
v 14.94 0 -23.75
v 27.19 0 -23.885
v 27.03 0 -23.98
v 39.286 0 -25.057
v 39.06 0 -24.82
v 39.153 0 -24.918
v 42.662 0 -35.945
v 43.43 0 -35.91
v 43.059 0 -35.926
v 41.871 0 -35.985
v 42.259 0 -35.965
v 41.23 0 -36.02
v 41.521 0 -36.004
v 40.092 0 -34.973
v 40.31 0 -36.08
v 40.16 0 -35.28
v 39.939 0 -34.488
v 40.022 0 -34.717
v 39.688 0 -34.008
v 39.831 0 -34.259
v 39.331 0 -33.469
v 39.5 0 -33.71
v 38.954 0 -32.993
v 39.148 0 -33.229
v 38.546 0 -32.549
v 38.752 0 -32.765
v 38.083 0 -32.128
v 38.34 0 -32.35
v 37.631 0 -31.806
v 37.854 0 -31.951
v 37.103 0 -31.555
v 37.389 0 -31.679
v 36.368 0 -31.283
v 36.75 0 -31.42
v 35.78 0 -31.12
v 36.06 0 -31.186
v 35.112 0 -31.051
v 35.48 0 -31.078
v 34.095 0 -31.016
v 34.63 0 -31.03
v 33.171 0 -31.052
v 33.612 0 -31.023
v 32.371 0 -31.176
v 32.761 0 -31.103
v 31.887 0 -31.313
v 31.99 0 -31.27
v 31.596 0 -31.491
v 31.752 0 -31.389
v 31.256 0 -31.753
v 31.428 0 -31.614
v 30.889 0 -32.083
v 31.09 0 -31.9
v 28.763 0 -28.536
v 28.6 0 -28.94
v 28.686 0 -28.732
v 28.88 0 -28.211
v 28.829 0 -28.359
v 28.93 0 -28.04
v 28.915 0 -28.102
v 28.801 0 -27.717
v 28.896 0 -27.941
v 28.462 0 -26.973
v 28.654 0 -27.387
v 27.98 0 -25.97
v 28.234 0 -26.494
v 27.064 0 -24.064
v 15.132 0 -25.535
v 14.98 0 -25.3
v 15.642 0 -26.317
v 15.359 0 -25.883
v 16.319 0 -27.347
v 15.968 0 -26.814
v 17.393 0 -28.982
v 16.68 0 -27.89
v 17.039 0 -28.44
v 19.87 0 -31.73
v 18.42 0 -30.56
v 18.85 0 -31.25
v 21.085 0 -34.421
v 20.95 0 -32.9
v 21.023 0 -33.767
v 21.191 0 -35.233
v 21.14 0 -34.897
v 21.3 0 -35.62
v 21.244 0 -35.462
v 19.4 0 -40.76
v 20.83 0 -38.75
v 19.5 0 -39.64
v 18.94 0 -42.666
v 19.112 0 -42.261
v 19.01 0 -42.5
v 18.833 0 -42.979
v 18.88 0 -42.829
v 18.785 0 -43.208
v 18.8 0 -43.108
v 18.819 0 -43.335
v 18.79 0 -43.27
v 18.95 0 -43.59
v 18.874 0 -43.445
v 19.147 0 -43.951
v 19.043 0 -43.762
v 19.388 0 -44.366
v 19.26 0 -44.15
v 19.692 0 -44.879
v 19.535 0 -44.614
v 20.004 0 -45.402
v 19.852 0 -45.146
v 21.49 0 -46.43
v 20.14 0 -45.63
v 20.59 0 -46.42
v 21.997 0 -46.436
v 21.744 0 -46.434
v 22.456 0 -46.434
v 22.239 0 -46.436
v 22.77 0 -46.42
v 22.637 0 -46.428
v 23.35 0 -48.72
v 23.274 0 -47.626
v 23.29 0 -47.86
v 21.66 0 -50.1
v 22.51 0 -49.4
v 20.467 0 -50.347
v 20.72 0 -50.29
v 20.007 0 -50.464
v 20.226 0 -50.406
v 19.688 0 -50.564
v 19.824 0 -50.517
v 19.517 0 -50.672
v 19.61 0 -50.6
v 19.14 0 -51.005
v 19.356 0 -50.811
v 18.59 0 -51.511
v 18.88 0 -51.242
v 17.912 0 -52.143
v 18.28 0 -51.8
v 15.864 0 -54.044
v 16.946 0 -53.04
v 16.405 0 -53.541
v 14.4 0 -55.398
v 15.35 0 -54.52
v 14.862 0 -54.97
v 13.64 0 -56.112
v 13.986 0 -55.785
v 13.23 0 -56.51
v 13.381 0 -56.36
v 12.84 0 -58.07
v 12.91 0 -56.84
v 12.79 0 -59.3
v 22.36 0 -60.814
v 23.091 0 -59.082
v 22.93 0 -59.45
v 22.999 0 -59.293
v 23.319 0 -58.554
v 23.2 0 -58.831
v 23.56 0 -57.98
v 23.441 0 -58.266
v 28.6 0 -56.11
v 25.12 0 -56.16
v 26.86 0 -56.14
v 30.71 0 -57.12
v 30.611 0 -57.303
v 50.411 0 -57.01
v 51.41 0 -55.51
v 51.879 0 -54.265
v 64.369 0 -53.559
v 69.06 0 -56.14
v 68.36 0 -57.273
v 65.292 0 -58.363
v 58.801 0 -58.691
v 57.763 0 -59.127
v 52.619 0 -63.264
v 51.183 0 -62.984
v 30.05 0 -58.37
v 29.71 0 -59.02
v 23.71 0 -63.88
v 22.451 0 -61
v 13.76 0 -61.65
v 18.081 0 -78.921
v 29.81 0 -82.322
v 29.056 0 -86.198
v 33.58 0 -99.23
v 40.64 0 -99.658
v 41.83 0 -98.969
v 46.65 0 -84
v 52.664 0 -79.228
v 54.568 0 -77.076
v 68.983 0 -65.674
v 71.8 0 -64.521
v 72.177 0 -64.044
v 71.924 0 -59.287
v 71.62 0 -54.4
v 76.915 0 -53.824
v 90.45 0 -48.308
v 69.769 0 -40.189
v 65.811 0 -38.99
v 59.98 0 -34.07
v 76.745 0 -3.377
v 76.978 0 -1.155
v 66.987 0 -0.632
v 63.271 0 -1.079
v 56.12 0 -14.16
v 53.563 0 -26.744
v 52.991 0 -29.264
v 23.252 0 -17.767
v 19.795 0 -7.567
v 18.085 0 -0.066
v 17.22 0 -0.125
v 7.787 0 -0.774
v 7.38 0 -3.05
v 9.75 0 -15.31
v 39.449 0 -25.228
v 28.28 0 -29.72
v 27.729 0 -25.457
v 27.161 0 -24.274
v 17.726 0 -29.491
v 18.257 0 -30.306
v 20.89 0 -32.22
v 21.186 0 -38.508
v 28.87 0 -55.61
v 50.796 0 -56.675
v 51.446 0 -55.298
v 53.58 0 -52.49
v 56.122 0 -51.585
v 68.534 0 -57.292
v 65.397 0 -58.426
v 58.427 0 -58.85
v 50.148 0 -60.014
v 25.582 0 -63.002
v 22.893 0 -61.337
v 22.566 0 -61.096
v 13.757 0 -63.356
v 16.09 0 -70.53
v 15.457 0 -72.315
v 28.67 0 -87.44
v 40.709 0 -99.612
v 46.496 0 -83.589
v 47.113 0 -82.315
v 55.58 0 -72.84
v 57.39 0 -69.553
v 68.702 0 -65.629
v 73.311 0 -62.581
v 80.049 0 -56.292
v 90.495 0 -48.386
v 80.33 0 -47.38
v 72.96 0 -43.396
v 72.903 0 -43.789
v 67.356 0 -39.241
v 66.368 0 -39.081
v 60.78 0 -43.25
v 58.16 0 -42.96
v 60.94 0 -32.78
v 65.261 0 -22.931
v 65.955 0 -21.774
v 76.332 0 -3.902
v 76.549 0 -3.626
v 76.849 0 -1.141
v 76.179 0 -1.058
v 65.976 0 -0.846
v 63.419 0 -1.133
v 56.13 0 -14.21
v 55.299 0 -20.631
v 54.999 0 -21.349
v 53.216 0 -29.001
v 22.52 0 -12.629
v 20.392 0 -8.213
v 8.309 0 -0.74
v 7.529 0 -3.248
v 9.919 0 -15.665
v 14.572 0 -20.765
v 15.129 0 -23.28
v 27.31 0 -24.589
v 18.02 0 -29.941
v 21.506 0 -38.289
v 22.724 0 -59.924
v 29.125 0 -55.161
v 31.03 0 -56.51
v 50.671 0 -56.781
v 51.484 0 -55.099
v 61.79 0 -53.18
v 64.249 0 -53.445
v 69.035 0 -56.436
v 68.685 0 -57.305
v 65.496 0 -58.463
v 58.075 0 -58.998
v 52.512 0 -63.437
v 51.164 0 -63.298
v 50.22 0 -60.325
v 25.423 0 -63.337
v 22.716 0 -61.21
v 13.596 0 -63.118
v 16.438 0 -76.849
v 17.481 0 -78.159
v 22.006 0 -81.922
v 23.469 0 -81.705
v 40.825 0 -99.545
v 41.588 0 -99.113
v 46.358 0 -83.217
v 46.79 0 -82.339
v 50.963 0 -81.159
v 54.312 0 -77.366
v 55.295 0 -74.059
v 57.93 0 -68.52
v 68.181 0 -65.547
v 68.43 0 -65.586
v 71.993 0 -64.275
v 73.251 0 -62.65
v 72.181 0 -59.599
v 75.793 0 -53.916
v 79.062 0 -56.166
v 90.55 0 -48.479
v 72.921 0 -43.671
v 73.75 0 -44.71
v 69.311 0 -43.776
v 66.892 0 -39.166
v 60.763 0 -43.305
v 60.049 0 -33.814
v 69.222 0 -10.539
v 63.557 0 -1.18
v 56.016 0 -14.318
v 55.123 0 -21.311
v 53.425 0 -28.756
v 23.103 0 -17.873
v 17.719 0 -0.091
v 9.05 0 -0.689
v 10.1 0 -16.046
v 10.457 0 -16.807
v 14.083 0 -20.65
v 15.204 0 -23.075
v 43.829 0 -35.888
v 30.731 0 -32.216
v 27.503 0 -24.99
v 21.42 0 -35.9
v 21.778 0 -38.1
v 19.193 0 -42.029
v 22.923 0 -46.414
v 17.458 0 -52.565
v 22.396 0 -60.705
v 29.314 0 -54.844
v 30.79 0 -55.45
v 50.541 0 -56.895
v 62.878 0 -53.255
v 65.601 0 -54
v 68.806 0 -57.311
v 52.434 0 -63.563
v 50.513 0 -60.62
v 50.332 0 -60.503
v 25.28 0 -63.631
v 13.653 0 -63.2
v 13.708 0 -63.281
v 15.611 0 -72.2
v 16.926 0 -77.459
v 22.167 0 -81.889
v 23.408 0 -81.691
v 40.771 0 -99.574
v 46.243 0 -82.897
v 55.459 0 -72.881
v 73.128 0 -62.803
v 73.189 0 -62.725
v 76.3 0 -53.801
v 79.218 0 -56.184
v 90.612 0 -48.582
v 80.216 0 -47.599
v 72.94 0 -43.538
v 73.807 0 -44.733
v 60.116 0 -33.574
v 60.77 0 -32.807
v 65.757 0 -21.798
v 69.851 0 -8.707
v 76.438 0 -1.092
v 63.681 0 -1.217
v 56.08 0 -14.287
v 55.315 0 -20.869
v 55.221 0 -21.277
v 53.628 0 -26.851
v 47.424 0 -34.178
v 22.969 0 -17.973
v 22.85 0 -13.703
v 10.283 0 -16.434
v 15.046 0 -21.952
v 15.261 0 -22.903
v 21.597 0 -36.33
v 21.987 0 -37.951
v 22.571 0 -60.279
v 29.461 0 -54.634
v 30.721 0 -55.173
v 63.591 0 -53.311
v 66.218 0 -53.962
v 68.89 0 -57.31
v 65.603 0 -58.477
v 52.39 0 -63.63
v 51.201 0 -63.49
v 25.16 0 -63.87
v 15.737 0 -72.102
v 22.344 0 -81.854
v 28.697 0 -87.447
v 46.155 0 -82.647
v 46.514 0 -82.361
v 55.349 0 -72.924
v 76.618 0 -53.75
v 79.444 0 -56.213
v 79.726 0 -56.249
v 80.107 0 -47.801
v 69.244 0 -44.254
v 60.176 0 -33.361
v 60.623 0 -32.839
v 65.598 0 -21.819
v 69.451 0 -9
v 76.665 0 -1.12
v 63.784 0 -1.241
v 55.289 0 -21.25
v 53.701 0 -26.975
v 22.857 0 -18.061
v 23.212 0 -14.876
v 15.132 0 -22.161
v 15.297 0 -22.775
v 21.795 0 -36.824
v 22.122 0 -37.852
v 19.257 0 -41.784
v 29.589 0 -54.503
v 30.657 0 -54.918
v 64.019 0 -53.369
v 66.651 0 -58.022
v 65.73 0 -58.475
v 52.357 0 -63.673
v 25.071 0 -64.037
v 24.31 0 -64.07
v 15.825 0 -72.026
v 22.526 0 -81.817
v 29.961 0 -82.32
v 28.736 0 -87.468
v 46.102 0 -82.479
v 46.297 0 -82.381
v 51.657 0 -80.364
v 55.254 0 -72.967
v 80.007 0 -47.976
v 69.199 0 -44.627
v 60.744 0 -43.357
v 60.227 0 -33.186
v 60.499 0 -32.874
v 65.486 0 -21.837
v 69.136 0 -10.394
v 56.117 0 -14.252
v 55.32 0 -21.23
v 53.779 0 -27.109
v 23.805 0 -16.78
v 23.55 0 -15.964
v 19.8 0 -7.692
v 7.649 0 -3.442
v 15.31 0 -22.7
v 30.611 0 -32.302
v 29.29 0 -30.97
v 21.98 0 -37.293
v 22.17 0 -37.81
v 19.31 0 -41.504
v 29.721 0 -54.424
v 30.6 0 -54.696
v 51.521 0 -54.921
v 68.93 0 -57.3
v 51.313 0 -63.595
v 25.02 0 -64.12
v 24.54 0 -64.141
v 15.87 0 -71.98
v 28.785 0 -87.5
v 29.196 0 -88.677
v 46.151 0 -82.398
v 51.409 0 -80.646
v 55.178 0 -73.009
v 79.923 0 -48.116
v 69.18 0 -44.876
v 60.724 0 -43.404
v 60.266 0 -33.058
v 60.401 0 -32.911
v 65.43 0 -21.85
v 69.084 0 -10.269
v 63.86 0 -1.25
v 22.776 0 -18.132
v 8.15 0 -5.06
v 15.297 0 -22.628
v 30.522 0 -32.347
v 29.564 0 -31.307
v 22.117 0 -37.651
v 19.356 0 -41.17
v 22.464 0 -60.533
v 30.553 0 -54.519
v 51.556 0 -54.774
v 66.874 0 -53.936
v 66.472 0 -58.196
v 65.89 0 -58.46
v 24.707 0 -64.185
v 15.895 0 -71.923
v 22.705 0 -81.782
v 28.84 0 -87.542
v 29.16 0 -88.183
v 46.09 0 -82.41
v 51.173 0 -80.916
v 55.125 0 -73.047
v 76.804 0 -53.759
v 79.859 0 -48.21
v 73.827 0 -44.801
v 60.29 0 -32.99
v 60.331 0 -32.95
v 69.236 0 -9.247
v 64.071 0 -1.223
v 55.324 0 -21.055
v 53.857 0 -27.246
v 22.73 0 -18.18
v 20.066 0 -7.981
v 19.88 0 -7.819
v 7.988 0 -4.441
v 15.261 0 -22.509
v 30.457 0 -32.355
v 29.818 0 -31.618
v 30.519 0 -54.397
v 51.586 0 -54.668
v 67.512 0 -53.925
v 66.325 0 -58.315
v 66.052 0 -58.435
v 51.516 0 -63.65
v 28.9 0 -87.593
v 29.114 0 -87.9
v 55.221 0 -73.763
v 55.1 0 -73.08
v 57.717 0 -68.635
v 79.82 0 -48.25
v 73.811 0 -44.914
v 69.19 0 -44.98
v 65.406 0 -21.874
v 69.135 0 -9.507
v 64.504 0 -1.144
v 55.326 0 -21.179
v 53.93 0 -27.38
v 7.861 0 -3.994
v 15.205 0 -22.35
v 30.041 0 -31.89
v 30.5 0 -54.34
v 68.076 0 -53.929
v 66.191 0 -58.39
v 24.826 0 -64.204
v 15.92 0 -71.826
v 28.96 0 -87.65
v 57.556 0 -68.957
v 70.78 0 -57.88
v 73.76 0 -45.069
v 69.515 0 -45.086
v 65.376 0 -21.921
v 69.08 0 -9.84
v 65.144 0 -1.018
v 22.701 0 -18.245
v 7.754 0 -3.676
v 30.222 0 -32.109
v 23.03 0 -46.422
v 23.746 0 -57.561
v 30.464 0 -54.299
v 68.51 0 -53.95
v 24.909 0 -64.198
v 15.945 0 -71.698
v 29.05 0 -87.749
v 55.161 0 -73.505
v 73.672 0 -45.264
v 70.267 0 -45.295
v 65.341 0 -21.99
v 69.062 0 -10.009
v 22.675 0 -18.347
v 30.349 0 -32.26
v 23.1 0 -46.449
v 23.89 0 -57.261
v 30.413 0 -54.277
v 52.305 0 -63.701
v 51.83 0 -63.69
v 15.97 0 -71.544
v 55.119 0 -73.297
v 79.735 0 -48.249
v 73.55 0 -45.5
v 71.231 0 -45.551
v 65.191 0 -22.791
v 65.304 0 -22.075
v 69.061 0 -10.146
v 22.653 0 -18.485
v 14.337 0 -20.683
v 14.494 0 -20.72
v 30.41 0 -32.33
v 23.143 0 -46.501
v 24.019 0 -57.045
v 51.996 0 -63.71
v 24.969 0 -64.17
v 15.995 0 -71.372
v 31 0 -82.86
v 55.098 0 -73.151
v 79.541 0 -48.219
v 73.476 0 -45.639
v 72.193 0 -45.799
v 65.158 0 -22.677
v 65.266 0 -22.173
v 22.635 0 -18.656
v 27.604 0 -23.72
v 23.17 0 -46.586
v 30.336 0 -54.272
v 52.129 0 -63.719
v 16.02 0 -71.19
v 30.55 0 -82.57
v 79.256 0 -48.162
v 73.408 0 -45.764
v 72.937 0 -45.98
v 65.155 0 -22.569
v 65.23 0 -22.28
v 22.624 0 -18.859
v 28.176 0 -23.518
v 23.19 0 -46.71
v 23.257 0 -47.393
v 30.369 0 -82.459
v 78.899 0 -48.085
v 73.348 0 -45.871
v 60.702 0 -43.443
v 65.181 0 -22.444
v 22.62 0 -19.09
v 28.809 0 -23.31
v 23.206 0 -46.819
v 24.156 0 -56.879
v 52.036 0 -54.063
v 30.222 0 -82.384
v 60.681 0 -43.473
v 22.63 0 -19.87
v 29.406 0 -23.13
v 23.24 0 -47.173
v 52.215 0 -53.835
v 52.23 0 -63.716
v 30.093 0 -82.339
v 60.66 0 -43.49
v 29.87 0 -23.01
v 23.223 0 -46.977
v 52.41 0 -53.59
v 60.594 0 -43.494
v 24.34 0 -20.43
v 30.783 0 -22.845
v 44.155 0 -35.864
v 24.328 0 -56.729
v 52.679 0 -53.259
v 60.452 0 -43.477
v 26.05 0 -20.98
v 31.612 0 -22.729
v 52.896 0 -53.007
v 23.316 0 -81.688
v 60.248 0 -43.441
v 57.372 0 -41.308
v 44.41 0 -35.836
v 24.56 0 -56.56
v 53.077 0 -52.819
v 22.87 0 -81.75
v 57.391 0 -41.499
v 44.595 0 -35.806
v 53.241 0 -52.68
v 23.047 0 -81.717
v 23.196 0 -81.696
v 59.991 0 -43.39
v 32.375 0 -22.661
v 44.711 0 -35.774
v 53.403 0 -52.575
v 59.695 0 -43.325
v 57.414 0 -41.649
v 33.088 0 -22.641
v 59.37 0 -43.25
v 33.767 0 -22.668
v 44.76 0 -35.74
v 57.441 0 -41.751
v 34.43 0 -22.74
v 29.88 0 -54.37
v 55.447 0 -51.671
v 68.947 0 -57.246
v 35.096 0 -22.86
v 30.078 0 -54.319
v 55.659 0 -51.611
v 68.966 0 -57.121
v 30.227 0 -54.287
v 55.869 0 -51.586
v 68.988 0 -56.938
v 35.724 0 -23.013
v 69.011 0 -56.705
v 36.319 0 -23.199
v 49.769 0 -33.071
v 36.883 0 -23.421
v 44.762 0 -35.658
v 49.118 0 -33.787
v 37.419 0 -23.681
v 44.741 0 -35.484
v 48.734 0 -34.106
v 37.93 0 -23.98
v 44.7 0 -35.232
v 38.171 0 -24.139
v 44.642 0 -34.919
v 38.405 0 -24.302
v 44.571 0 -34.56
v 47.689 0 -34.222
v 38.623 0 -24.46
v 44.49 0 -34.17
v 38.811 0 -24.604
v 44.364 0 -33.599
v 47.557 0 -34.219
v 38.961 0 -24.727
v 44.247 0 -33.133
v 47.471 0 -34.204
v 44.123 0 -32.726
v 43.977 0 -32.33
v 39.63 0 -25.419
v 43.794 0 -31.897
v 39.821 0 -25.623
v 43.56 0 -31.38
v 40.01 0 -25.83
v 43.009 0 -30.241
v 40.649 0 -26.552
v 42.444 0 -29.192
v 41.266 0 -27.351
v 41.864 0 -28.23
v 30.499 10 -57.513
v 50.29 10 -57.12
v 49.88 10 -57.5
v 50.908 10 -56.582
v 51.114 10 -56.415
v 51 10 -56.51
v 51.265 10 -56.197
v 51.2 10 -56.317
v 51.363 10 -55.813
v 51.317 10 -56.036
v 51.61 10 -54.61
v 51.751 10 -54.43
v 51.659 10 -54.548
v 53.73 10 -52.424
v 54.144 10 -52.244
v 53.923 10 -52.34
v 54.621 10 -52.033
v 54.381 10 -52.14
v 55.192 10 -51.774
v 54.85 10 -51.93
v 56.46 10 -51.6
v 56.969 10 -51.626
v 56.7 10 -51.614
v 57.531 10 -51.644
v 57.251 10 -51.636
v 58.02 10 -51.65
v 57.793 10 -51.648
v 58.77 10 -51.65
v 59.61 10 -53.04
v 58.77 10 -52.97
v 59.876 10 -53.058
v 60.591 10 -53.106
v 60.211 10 -53.081
v 61.403 10 -53.158
v 60.996 10 -53.133
v 64.47 10 -53.73
v 64.628 10 -53.977
v 64.557 10 -53.878
v 64.789 10 -54.063
v 64.7 10 -54.036
v 65.08 10 -54.05
v 64.91 10 -54.064
v 69.25 10 -54.01
v 69.163 10 -54.694
v 69.18 10 -54.52
v 69.12 10 -55.202
v 69.142 10 -54.927
v 69.077 10 -55.824
v 69.098 10 -55.507
v 68.17 10 -57.25
v 66.88 10 -57.78
v 67.47 10 -57.15
v 65.17 10 -58.27
v 62.69 10 -57.98
v 64.86 10 -58
v 59.18 10 -58.53
v 60.52 10 -57.95
v 57.509 10 -59.23
v 57.194 10 -59.36
v 57.33 10 -59.3
v 56.94 10 -59.478
v 57.062 10 -59.42
v 56.752 10 -59.575
v 56.834 10 -59.53
v 56.648 10 -59.67
v 56.7 10 -59.61
v 56.489 10 -59.94
v 56.576 10 -59.783
v 56.286 10 -60.343
v 56.39 10 -60.13
v 55.8 10 -61.43
v 56.18 10 -60.57
v 54.72 10 -61.52
v 53.05 10 -62.56
v 53.63 10 -61.61
v 52.748 10 -63.053
v 52.893 10 -62.815
v 51.24 10 -62.51
v 51.368 10 -61.438
v 51.327 10 -61.866
v 51.256 10 -61.002
v 51.349 10 -61.169
v 50.79 10 -60.75
v 51.074 10 -60.881
v 50.087 10 -59.496
v 50.01 10 -58.7
v 30.38 10 -57.737
v 30.149 10 -58.179
v 30.261 10 -57.964
v 28.04 10 -60.16
v 25.75 10 -62.64
v 26.36 10 -61.29
v 23.76 10 -62.92
v 23.09 10 -61.47
v 23.82 10 -61.96
v 22.376 10 -60.926
v 13.28 10 -60.47
v 22.35 10 -60.88
v 13.55 10 -62.12
v 13.376 10 -62.53
v 13.442 10 -62.358
v 13.374 10 -62.77
v 13.354 10 -62.659
v 13.54 10 -63.04
v 13.436 10 -62.889
v 13.799 10 -63.421
v 13.881 10 -63.549
v 13.83 10 -63.47
v 14.115 10 -63.901
v 13.979 10 -63.697
v 14.469 10 -64.43
v 14.281 10 -64.15
v 15.43 10 -65.84
v 14.67 10 -64.73
v 14.55 10 -66.67
v 14.88 10 -69.01
v 13.66 10 -67.5
v 15.28 10 -72.44
v 14.797 10 -72.772
v 15.09 10 -72.57
v 14.459 10 -73.055
v 14.593 10 -72.926
v 14.318 10 -73.338
v 14.374 10 -73.184
v 14.16 10 -74.01
v 14.27 10 -73.54
v 14.72 10 -74.72
v 15.1 10 -75.205
v 14.892 10 -74.941
v 15.573 10 -75.795
v 15.331 10 -75.495
v 16.04 10 -76.36
v 15.814 10 -76.089
v 18.701 10 -79.718
v 19.496 10 -80.735
v 19.32 10 -80.52
v 19.845 10 -81.077
v 19.666 10 -80.916
v 20.301 10 -81.387
v 20.051 10 -81.23
v 20.61 10 -81.56
v 21.206 10 -81.89
v 20.956 10 -81.758
v 21.541 10 -81.993
v 21.39 10 -81.965
v 21.87 10 -81.95
v 21.691 10 -81.985
v 23.5 10 -81.73
v 23.599 10 -81.831
v 23.533 10 -81.771
v 23.804 10 -81.995
v 23.691 10 -81.908
v 24.07 10 -82.19
v 23.933 10 -82.091
v 26.86 10 -82.48
v 24.57 10 -82.57
v 28.08 10 -82.426
v 27.485 10 -82.454
v 29.073 10 -82.374
v 28.619 10 -82.399
v 29.62 10 -82.34
v 29.416 10 -82.354
v 31 10 -84.19
v 30.093 10 -84.778
v 30.33 10 -84.62
v 29.753 10 -85.052
v 29.903 10 -84.919
v 29.526 10 -85.333
v 29.63 10 -85.187
v 29.355 10 -85.639
v 29.43 10 -85.5
v 29.163 10 -85.999
v 29.264 10 -85.809
v 28.95 10 -86.395
v 28.711 10 -86.842
v 28.85 10 -86.58
v 28.561 10 -87.228
v 28.614 10 -87.059
v 28.588 10 -87.419
v 28.552 10 -87.348
v 29.23 10 -89.463
v 29.38 10 -93.39
v 29.27 10 -90.62
v 29.01 10 -93.73
v 28.803 10 -93.908
v 28.905 10 -93.82
v 28.624 10 -94.062
v 28.708 10 -93.99
v 28.557 10 -94.12
v 28.473 10 -94.215
v 28.51 10 -94.16
v 28.415 10 -94.482
v 28.441 10 -94.321
v 28.384 10 -94.984
v 28.396 10 -94.702
v 28.38 10 -95.33
v 29.32 10 -97.68
v 28.36 10 -96.41
v 29.813 10 -98.328
v 29.575 10 -98.017
v 30.197 10 -98.819
v 30.024 10 -98.6
v 30.39 10 -99.04
v 30.323 10 -98.97
v 30.884 10 -99.246
v 30.563 10 -99.127
v 31.693 10 -99.491
v 31.284 10 -99.374
v 32.26 10 -99.61
v 32.042 10 -99.577
v 32.437 10 -99.583
v 32.333 10 -99.603
v 32.71 10 -99.514
v 32.565 10 -99.552
v 33.02 10 -99.42
v 32.864 10 -99.469
v 34.14 10 -99.61
v 37.51 10 -99.95
v 34.7 10 -100
v 39.426 10 -99.908
v 38.639 10 -99.928
v 40.254 10 -99.846
v 39.94 10 -99.882
v 40.57 10 -99.71
v 40.441 10 -99.79
v 40.866 10 -99.526
v 40.917 10 -99.512
v 40.89 10 -99.52
v 41.028 10 -99.456
v 40.964 10 -99.49
v 41.185 10 -99.364
v 41.103 10 -99.413
v 41.397 10 -99.23
v 41.27 10 -99.31
v 42.109 10 -98.803
v 42.72 10 -98.44
v 42.41 10 -98.625
v 44.05 10 -97.633
v 43.349 10 -98.066
v 45.397 10 -96.767
v 44.755 10 -97.185
v 46.22 10 -96.2
v 45.908 10 -96.424
v 46.377 10 -95.994
v 46.317 10 -96.101
v 46.393 10 -95.626
v 46.403 10 -95.846
v 46.27 10 -94.84
v 46.348 10 -95.301
v 46.13 10 -94
v 46.483 10 -93.654
v 46.41 10 -93.73
v 46.606 10 -93.507
v 46.549 10 -93.579
v 46.68 10 -93.394
v 46.651 10 -93.445
v 46.677 10 -93.241
v 46.69 10 -93.36
v 46.584 10 -92.52
v 46.641 10 -92.952
v 46.42 10 -91.332
v 46.509 10 -91.971
v 45.94 10 -88.01
v 46.32 10 -90.63
v 47.25 10 -85.54
v 46.6 10 -86.77
v 47.47 10 -82.29
v 48.921 10 -82.196
v 48.267 10 -82.242
v 49.815 10 -82.114
v 49.436 10 -82.154
v 50.18 10 -82.04
v 50.062 10 -82.076
v 50.296 10 -81.926
v 50.222 10 -82.003
v 50.514 10 -81.681
v 50.395 10 -81.816
v 50.79 10 -81.36
v 50.648 10 -81.526
v 51.905 10 -80.083
v 52.384 10 -79.544
v 52.14 10 -79.82
v 52.964 10 -78.891
v 53.554 10 -78.229
v 53.266 10 -78.552
v 54.055 10 -77.659
v 53.81 10 -77.94
v 54.808 10 -76.804
v 55.19 10 -76.37
v 55.02 10 -76.563
v 55.447 10 -76.062
v 55.325 10 -76.212
v 55.63 10 -75.814
v 55.55 10 -75.927
v 55.7 10 -75.68
v 55.682 10 -75.73
v 55.657 10 -75.461
v 55.689 10 -75.608
v 55.543 10 -74.993
v 55.607 10 -75.251
v 55.38 10 -74.38
v 55.466 10 -74.698
v 55.711 10 -72.799
v 55.99 10 -72.711
v 55.85 10 -72.755
v 56.242 10 -72.627
v 56.123 10 -72.668
v 56.34 10 -72.59
v 57.16 10 -70.49
v 56.66 10 -72.47
v 58.252 10 -68.544
v 59.209 10 -68.732
v 58.74 10 -68.64
v 59.934 10 -68.726
v 59.567 10 -68.769
v 61.175 10 -68.298
v 60.43 10 -68.578
v 63.41 10 -67.41
v 62.29 10 -67.86
v 66.13 10 -64.71
v 64.77 10 -66.06
v 66.938 10 -65.178
v 66.74 10 -65.07
v 67.316 10 -65.351
v 67.131 10 -65.272
v 67.658 10 -65.461
v 67.493 10 -65.414
v 67.97 10 -65.515
v 67.81 10 -65.49
v 69.26 10 -65.72
v 70.29 10 -65.874
v 69.872 10 -65.824
v 70.79 10 -65.749
v 70.575 10 -65.855
v 71.26 10 -65.21
v 70.998 10 -65.539
v 71.607 10 -64.768
v 71.423 10 -65.002
v 72.34 10 -63.84
v 72.64 10 -63.462
v 72.491 10 -63.652
v 72.903 10 -63.118
v 72.78 10 -63.281
v 73.07 10 -62.88
v 73.002 10 -62.981
v 73.365 10 -62.524
v 73.459 10 -62.427
v 73.41 10 -62.48
v 73.522 10 -62.26
v 73.496 10 -62.355
v 73.553 10 -61.986
v 73.541 10 -62.139
v 73.56 10 -61.25
v 73.56 10 -61.8
v 72.441 10 -59.912
v 72.69 10 -60.21
v 71.683 10 -58.994
v 71.3 10 -58.53
v 71.47 10 -58.736
v 71 10 -56.95
v 71.144 10 -56.37
v 71.069 10 -56.675
v 71.296 10 -55.743
v 71.221 10 -56.054
v 71.42 10 -55.21
v 71.363 10 -55.456
v 72.92 10 -54.34
v 73.745 10 -54.293
v 73.351 10 -54.321
v 74.441 10 -54.213
v 74.107 10 -54.257
v 75.04 10 -54.1
v 74.751 10 -54.161
v 77.01 10 -53.94
v 77.681 10 -54.756
v 77.289 10 -54.292
v 78.526 10 -55.704
v 78.116 10 -55.252
v 78.99 10 -56.16
v 78.84 10 -56.033
v 80.4 10 -56.34
v 84.962 10 -56.967
v 82.851 10 -56.677
v 88.101 10 -57.393
v 86.717 10 -57.206
v 89.69 10 -57.6
v 89.098 10 -57.525
v 90.123 10 -57.658
v 89.893 10 -57.627
v 90.611 10 -57.722
v 90.366 10 -57.69
v 91.05 10 -57.78
v 90.843 10 -57.753
v 92.08 10 -57.45
v 91.71 10 -57.88
v 92.29 10 -57.208
v 92.183 10 -57.331
v 92.49 10 -56.975
v 92.394 10 -57.088
v 92.64 10 -56.8
v 92.574 10 -56.877
v 92.779 10 -56.599
v 92.722 10 -56.704
v 92.838 10 -56.261
v 92.816 10 -56.46
v 92.85 10 -55.58
v 92.848 10 -55.976
v 92.804 10 -53.989
v 92.836 10 -54.783
v 92.706 10 -52.621
v 92.76 10 -53.25
v 92.58 10 -51.91
v 92.644 10 -52.157
v 92.083 10 -51.035
v 92.405 10 -51.592
v 91.27 10 -49.658
v 91.683 10 -50.353
v 90.68 10 -48.69
v 90.914 10 -49.066
v 90.418 10 -48.248
v 89.92 10 -48.085
v 90.4 10 -48.21
v 87.05 10 -47.475
v 88.706 10 -47.82
v 83.58 10 -46.785
v 85.244 10 -47.11
v 82.139 10 -46.528
v 82.35 10 -46.56
v 81.709 10 -46.489
v 81.922 10 -46.504
v 81.328 10 -46.486
v 81.508 10 -46.482
v 80.75 10 -46.55
v 81.18 10 -46.5
v 78.488 10 -47.989
v 76.35 10 -47.47
v 78.04 10 -47.88
v 76.43 10 -47.036
v 76.41 10 -47.15
v 76.457 10 -46.881
v 76.526 10 -46.489
v 76.49 10 -46.695
v 76.6 10 -46.06
v 76.564 10 -46.274
v 76.76 10 -45.29
v 78.58 10 -45.36
v 77.67 10 -45.33
v 78.81 10 -44.52
v 78.925 10 -44.084
v 78.874 10 -44.292
v 78.982 10 -43.756
v 78.961 10 -43.903
v 78.97 10 -43.6
v 78.985 10 -43.653
v 78.426 10 -43.465
v 78.82 10 -43.551
v 76.871 10 -43.172
v 77.779 10 -43.339
v 74.24 10 -42.71
v 75.694 10 -42.963
v 73.6 10 -42.611
v 73.881 10 -42.651
v 73.243 10 -42.589
v 73.39 10 -42.591
v 73.11 10 -42.63
v 73.152 10 -42.602
v 73.067 10 -42.753
v 73.089 10 -42.677
v 73.023 10 -42.974
v 73.045 10 -42.854
v 72.98 10 -43.25
v 73.001 10 -43.108
v 72.886 10 -43.884
v 72.861 10 -44.022
v 72.87 10 -43.95
v 72.916 10 -44.16
v 72.875 10 -44.09
v 73.095 10 -44.325
v 72.989 10 -44.237
v 73.353 10 -44.503
v 73.24 10 -44.43
v 73.559 10 -44.626
v 73.461 10 -44.569
v 73.707 10 -44.7
v 73.642 10 -44.671
v 73.299 10 -45.956
v 73.25 10 -46.04
v 73.265 10 -46.013
v 69.397 10 -43.215
v 69.6 10 -41.977
v 69.5 10 -42.59
v 69.761 10 -40.951
v 69.689 10 -41.423
v 69.846 10 -40.342
v 69.815 10 -40.583
v 69.824 10 -40.232
v 69.85 10 -40.25
v 69.69 10 -40.126
v 69.476 10 -39.958
v 69.591 10 -40.048
v 69.35 10 -39.86
v 68.983 10 -39.595
v 69.155 10 -39.706
v 68.55 10 -39.445
v 68.795 10 -39.513
v 67.73 10 -39.3
v 68.208 10 -39.379
v 65.253 10 -38.898
v 62.87 10 -38.51
v 64.72 10 -38.81
v 62.337 10 -39.076
v 62.49 10 -38.9
v 62.07 10 -39.536
v 62.203 10 -39.273
v 61.723 10 -40.44
v 61.917 10 -39.91
v 61.299 10 -41.673
v 61.47 10 -41.17
v 61.001 10 -42.551
v 61.14 10 -42.14
v 60.814 10 -43.126
v 60.89 10 -42.886
v 57.86 10 -42.42
v 57.706 10 -42.13
v 57.783 10 -42.269
v 57.564 10 -41.91
v 57.631 10 -42.009
v 57.47 10 -41.8
v 57.509 10 -41.838
v 57.358 10 -41.083
v 57.31 10 -39.93
v 57.35 10 -40.83
v 58.05 10 -38.6
v 58.69 10 -36.65
v 58.79 10 -37.28
v 58.58 10 -36.02
v 59.208 10 -35.526
v 58.88 10 -35.79
v 59.621 10 -35.08
v 59.447 10 -35.302
v 59.864 10 -34.5
v 59.753 10 -34.825
v 61.124 10 -32.752
v 61.592 10 -32.681
v 61.346 10 -32.719
v 62.108 10 -32.601
v 61.851 10 -32.641
v 62.35 10 -32.56
v 64.55 10 -28.29
v 63.17 10 -32.43
v 65.78 10 -23.86
v 65.93 10 -24.16
v 65.669 10 -23.65
v 65.732 10 -23.766
v 65.521 10 -23.383
v 65.598 10 -23.52
v 65.37 10 -23.12
v 65.443 10 -23.247
v 66.182 10 -21.751
v 66.673 10 -21.705
v 66.43 10 -21.73
v 67.09 10 -21.658
v 66.897 10 -21.681
v 67.347 10 -21.617
v 67.243 10 -21.636
v 67.429 10 -21.494
v 67.39 10 -21.6
v 67.605 10 -20.791
v 67.501 10 -21.218
v 67.888 10 -19.559
v 67.735 10 -20.232
v 68.127 10 -18.48
v 68.06 10 -18.79
v 68.24 10 -17.974
v 68.567 10 -16.532
v 68.39 10 -17.313
v 68.96 10 -14.77
v 68.76 10 -15.672
v 69.334 10 -13.094
v 69.157 10 -13.893
v 69.599 10 -11.86
v 69.484 10 -12.405
v 69.7 10 -11.33
v 69.674 10 -11.49
v 69.654 10 -11.194
v 69.688 10 -11.275
v 69.53 10 -10.976
v 69.6 10 -11.092
v 69.35 10 -10.72
v 69.445 10 -10.85
v 70.504 10 -8.307
v 71.664 10 -7.631
v 71.48 10 -7.74
v 72.27 10 -7.272
v 71.934 10 -7.471
v 73.062 10 -6.801
v 72.653 10 -7.045
v 73.48 10 -6.55
v 75.68 10 -4.74
v 74.99 10 -5.65
v 76.108 10 -4.191
v 75.886 10 -4.475
v 76.91 10 -3.17
v 77.174 10 -2.827
v 77.049 10 -2.995
v 77.36 10 -2.54
v 77.279 10 -2.673
v 77.43 10 -2.37
v 77.412 10 -2.436
v 77.349 10 -1.919
v 77.407 10 -2.173
v 77.181 10 -1.405
v 77.269 10 -1.649
v 77.04 10 -1.16
v 77.1 10 -1.228
v 75.9 10 -1.02
v 74.5 10 -0.828
v 75.139 10 -0.916
v 73.377 10 -0.679
v 73.93 10 -0.751
v 72.11 10 -0.52
v 72.788 10 -0.604
v 69.944 10 -0.246
v 70.804 10 -0.35
v 69 10 -0.214
v 69.389 10 -0.202
v 68.16 10 -0.38
v 68.637 10 -0.275
v 63.12 10 -1.02
v 60.41 10 -0.85
v 62.6 10 -0.79
v 58.901 10 -0.902
v 59.512 10 -0.877
v 58.309 10 -0.971
v 58.519 10 -0.931
v 58.18 10 -1.11
v 58.215 10 -1.029
v 58.146 10 -1.348
v 58.166 10 -1.199
v 58.094 10 -1.782
v 58.121 10 -1.546
v 58.04 10 -2.32
v 58.066 10 -2.044
v 58.32 10 -3.68
v 57.93 10 -3.34
v 58.71 10 -4.01
v 58.39 10 -5.32
v 58.54 10 -4.66
v 57.651 10 -5.75
v 57.81 10 -5.65
v 57.384 10 -5.942
v 57.507 10 -5.849
v 57.22 10 -6.101
v 57.286 10 -6.028
v 57.168 10 -6.254
v 57.19 10 -6.16
v 57.088 10 -6.66
v 57.133 10 -6.425
v 56.974 10 -7.266
v 57.034 10 -6.945
v 56.91 10 -7.61
v 56.781 10 -8.303
v 56.845 10 -7.961
v 56.672 10 -8.897
v 56.722 10 -8.62
v 56.61 10 -9.27
v 56.634 10 -9.119
v 56.542 10 -9.613
v 56.58 10 -9.415
v 56.448 10 -10.114
v 56.498 10 -9.85
v 56.395 10 -10.391
v 56.194 10 -11.447
v 56.34 10 -10.67
v 56.03 10 -12.452
v 56.093 10 -12.024
v 55.999 10 -13.078
v 56.001 10 -12.786
v 56.036 10 -13.55
v 56.02 10 -13.38
v 56.07 10 -13.864
v 56.053 10 -13.713
v 56.104 10 -14.095
v 56.087 10 -13.993
v 55.924 10 -14.345
v 55.698 10 -14.392
v 55.8 10 -14.37
v 55.524 10 -14.446
v 55.605 10 -14.418
v 55.413 10 -14.504
v 55.459 10 -14.475
v 55.377 10 -14.636
v 55.39 10 -14.53
v 55.335 10 -15.235
v 55.358 10 -14.878
v 55.28 10 -16.208
v 55.309 10 -15.686
v 55.217 10 -17.532
v 55.25 10 -16.78
v 55.19 10 -18.707
v 55.197 10 -18.166
v 55.217 10 -19.623
v 55.197 10 -19.184
v 55.277 10 -20.355
v 55.25 10 -20.05
v 54.856 10 -21.389
v 54.14 10 -21.58
v 54.7 10 -21.43
v 53.87 10 -23.215
v 53.93 10 -22.84
v 53.802 10 -23.634
v 53.661 10 -24.506
v 53.731 10 -24.073
v 53.54 10 -25.26
v 53.596 10 -24.91
v 53.412 10 -26.063
v 53.461 10 -25.732
v 53.404 10 -26.437
v 53.394 10 -26.286
v 53.51 10 -26.66
v 53.443 10 -26.55
v 54.18 10 -27.86
v 53.607 10 -28.541
v 53.75 10 -28.37
v 52.762 10 -29.531
v 50.855 10 -31.793
v 52.54 10 -29.79
v 48.453 10 -34.189
v 47.871 10 -34.216
v 48.11 10 -34.2
v 47.41 10 -34.14
v 46.987 10 -32.691
v 47.291 10 -33.662
v 46.163 10 -30.253
v 46.584 10 -31.473
v 45.6 10 -28.79
v 45.807 10 -29.277
v 45.337 10 -28.392
v 45.5 10 -28.637
v 44.873 10 -27.698
v 45.124 10 -28.073
v 44.31 10 -26.86
v 44.598 10 -27.288
v 43.47 10 -25.632
v 43.86 10 -26.198
v 42.734 10 -24.601
v 43.105 10 -25.115
v 41.84 10 -23.4
v 42.323 10 -24.045
v 41.47 10 -23
v 41.688 10 -23.223
v 40.873 10 -22.453
v 41.195 10 -22.74
v 40.13 10 -21.84
v 40.515 10 -22.15
v 39.171 10 -21.089
v 39.581 10 -21.401
v 38.512 10 -20.694
v 38.836 10 -20.866
v 37.64 10 -20.35
v 38.135 10 -20.535
v 36.791 10 -20.06
v 37.184 10 -20.187
v 36.039 10 -19.88
v 36.423 10 -19.961
v 35.07 10 -19.73
v 35.601 10 -19.806
v 33.982 10 -19.604
v 34.454 10 -19.651
v 32.921 10 -19.626
v 33.518 10 -19.595
v 30.78 10 -19.82
v 32.055 10 -19.699
v 29.577 10 -19.991
v 30.201 10 -19.889
v 28.26 10 -20.285
v 28.924 10 -20.125
v 26.97 10 -20.67
v 27.603 10 -20.468
v 23.41 10 -17.66
v 23.744 10 -17.425
v 23.601 10 -17.532
v 23.906 10 -17.261
v 23.845 10 -17.336
v 23.92 10 -17.14
v 23.929 10 -17.197
v 22.28 10 -11.84
v 22.16 10 -11.439
v 22.232 10 -11.674
v 21.97 10 -10.824
v 22.071 10 -11.15
v 21.75 10 -10.13
v 21.861 10 -10.479
v 20.89 10 -8.55
v 21.35 10 -8.87
v 19.83 10 -7.41
v 19.892 10 -7.134
v 19.858 10 -7.292
v 19.971 10 -6.746
v 19.93 10 -6.949
v 20.015 10 -6.536
v 20.2 10 -5.6
v 20.06 10 -6.33
v 20.625 10 -5.508
v 20.53 10 -5.53
v 20.804 10 -5.459
v 20.718 10 -5.484
v 20.939 10 -5.406
v 20.879 10 -5.432
v 21.016 10 -5.3
v 20.98 10 -5.38
v 21.064 10 -4.82
v 21.044 10 -5.119
v 21.082 10 -3.807
v 21.076 10 -4.388
v 21.08 10 -3.06
v 20.43 10 -0.41
v 21.08 10 -0.84
v 19.869 10 -0.094
v 20.124 10 -0.22
v 19.298 10 0.001
v 19.611 10 -0.024
v 18.29 10 -0.05
v 18.876 10 -0.011
v 16.618 10 -0.166
v 15.22 10 -0.26
v 15.942 10 -0.211
v 14.466 10 -0.311
v 12.955 10 -0.414
v 13.698 10 -0.363
v 11.698 10 -0.5
v 12.276 10 -0.46
v 10.028 10 -0.619
v 11.26 10 -0.53
v 7.466 10 -0.794
v 7.3 10 -0.829
v 7.33 10 -0.8
v 7.242 10 -1.051
v 7.271 10 -0.913
v 7.192 10 -1.477
v 7.216 10 -1.24
v 7.15 10 -2.167
v 7.17 10 -1.76
v 7.159 10 -2.645
v 7.144 10 -2.45
v 7.271 10 -2.91
v 7.199 10 -2.787
v 8.46 10 -6.32
v 8.004 10 -6.869
v 8.1 10 -6.75
v 7.845 10 -7.11
v 7.918 10 -6.991
v 7.753 10 -7.311
v 7.789 10 -7.219
v 7.816 10 -7.977
v 7.74 10 -7.38
v 8.274 10 -10.474
v 8.011 10 -9.096
v 8.794 10 -12.967
v 8.552 10 -11.851
v 9.029 10 -13.748
v 8.95 10 -13.56
v 9.275 10 -14.3
v 9.14 10 -14
v 9.588 10 -14.972
v 9.427 10 -14.63
v 10.613 10 -17.146
v 11.176 10 -18.385
v 10.74 10 -17.43
v 11.762 10 -19.655
v 11.513 10 -19.117
v 12.049 10 -20.259
v 11.937 10 -20.026
v 12.159 10 -20.434
v 12.11 10 -20.38
v 12.381 10 -20.511
v 12.246 10 -20.477
v 12.846 10 -20.565
v 12.577 10 -20.54
v 13.71 10 -20.62
v 13.2 10 -20.59
v 14.59 10 -20.82
v 14.639 10 -20.98
v 14.603 10 -20.874
v 14.768 10 -21.31
v 14.695 10 -21.129
v 14.95 10 -21.73
v 14.854 10 -21.513
v 15.04 10 -23.508
v 14.58 10 -24.67
v 14.94 10 -23.75
v 27.19 10 -23.885
v 27.03 10 -23.98
v 39.06 10 -24.82
v 39.286 10 -25.057
v 39.153 10 -24.918
v 43.43 10 -35.91
v 42.662 10 -35.945
v 43.059 10 -35.926
v 41.871 10 -35.985
v 42.259 10 -35.965
v 41.23 10 -36.02
v 41.521 10 -36.004
v 40.31 10 -36.08
v 40.092 10 -34.973
v 40.16 10 -35.28
v 39.939 10 -34.488
v 40.022 10 -34.717
v 39.688 10 -34.008
v 39.831 10 -34.259
v 39.331 10 -33.469
v 39.5 10 -33.71
v 38.954 10 -32.993
v 39.148 10 -33.229
v 38.546 10 -32.549
v 38.752 10 -32.765
v 38.083 10 -32.128
v 38.34 10 -32.35
v 37.631 10 -31.806
v 37.854 10 -31.951
v 37.103 10 -31.555
v 37.389 10 -31.679
v 36.368 10 -31.283
v 36.75 10 -31.42
v 35.78 10 -31.12
v 36.06 10 -31.186
v 35.112 10 -31.051
v 35.48 10 -31.078
v 34.095 10 -31.016
v 34.63 10 -31.03
v 33.171 10 -31.052
v 33.612 10 -31.023
v 32.371 10 -31.176
v 32.761 10 -31.103
v 31.887 10 -31.313
v 31.99 10 -31.27
v 31.596 10 -31.491
v 31.752 10 -31.389
v 31.256 10 -31.753
v 31.428 10 -31.614
v 30.889 10 -32.083
v 31.09 10 -31.9
v 28.6 10 -28.94
v 28.763 10 -28.536
v 28.686 10 -28.732
v 28.88 10 -28.211
v 28.829 10 -28.359
v 28.93 10 -28.04
v 28.915 10 -28.102
v 28.801 10 -27.717
v 28.896 10 -27.941
v 28.462 10 -26.973
v 28.654 10 -27.387
v 27.98 10 -25.97
v 28.234 10 -26.494
v 27.064 10 -24.064
v 15.132 10 -25.535
v 14.98 10 -25.3
v 15.642 10 -26.317
v 15.359 10 -25.883
v 16.319 10 -27.347
v 15.968 10 -26.814
v 16.68 10 -27.89
v 17.393 10 -28.982
v 17.039 10 -28.44
v 18.42 10 -30.56
v 19.87 10 -31.73
v 18.85 10 -31.25
v 20.95 10 -32.9
v 21.085 10 -34.421
v 21.023 10 -33.767
v 21.191 10 -35.233
v 21.14 10 -34.897
v 21.3 10 -35.62
v 21.244 10 -35.462
v 20.83 10 -38.75
v 19.4 10 -40.76
v 19.5 10 -39.64
v 19.112 10 -42.261
v 18.94 10 -42.666
v 19.01 10 -42.5
v 18.833 10 -42.979
v 18.88 10 -42.829
v 18.785 10 -43.208
v 18.8 10 -43.108
v 18.819 10 -43.335
v 18.79 10 -43.27
v 18.95 10 -43.59
v 18.874 10 -43.445
v 19.147 10 -43.951
v 19.043 10 -43.762
v 19.388 10 -44.366
v 19.26 10 -44.15
v 19.692 10 -44.879
v 19.535 10 -44.614
v 20.004 10 -45.402
v 19.852 10 -45.146
v 20.14 10 -45.63
v 21.49 10 -46.43
v 20.59 10 -46.42
v 21.997 10 -46.436
v 21.744 10 -46.434
v 22.456 10 -46.434
v 22.239 10 -46.436
v 22.77 10 -46.42
v 22.637 10 -46.428
v 23.274 10 -47.626
v 23.35 10 -48.72
v 23.29 10 -47.86
v 21.66 10 -50.1
v 22.51 10 -49.4
v 20.467 10 -50.347
v 20.72 10 -50.29
v 20.007 10 -50.464
v 20.226 10 -50.406
v 19.688 10 -50.564
v 19.824 10 -50.517
v 19.517 10 -50.672
v 19.61 10 -50.6
v 19.14 10 -51.005
v 19.356 10 -50.811
v 18.59 10 -51.511
v 18.88 10 -51.242
v 17.912 10 -52.143
v 18.28 10 -51.8
v 16.946 10 -53.04
v 15.864 10 -54.044
v 16.405 10 -53.541
v 15.35 10 -54.52
v 14.4 10 -55.398
v 14.862 10 -54.97
v 13.64 10 -56.112
v 13.986 10 -55.785
v 13.23 10 -56.51
v 13.381 10 -56.36
v 12.84 10 -58.07
v 12.91 10 -56.84
v 12.79 10 -59.3
v 22.36 10 -60.814
v 22.93 10 -59.45
v 23.091 10 -59.082
v 22.999 10 -59.293
v 23.319 10 -58.554
v 23.2 10 -58.831
v 23.56 10 -57.98
v 23.441 10 -58.266
v 25.12 10 -56.16
v 28.6 10 -56.11
v 26.86 10 -56.14
v 30.71 10 -57.12
v 30.611 10 -57.303
v 50.411 10 -57.01
v 51.41 10 -55.51
v 51.879 10 -54.265
v 64.369 10 -53.559
v 69.06 10 -56.14
v 68.36 10 -57.273
v 65.292 10 -58.363
v 58.801 10 -58.691
v 57.763 10 -59.127
v 52.619 10 -63.264
v 51.183 10 -62.984
v 30.05 10 -58.37
v 29.71 10 -59.02
v 23.71 10 -63.88
v 22.451 10 -61
v 13.76 10 -61.65
v 18.081 10 -78.921
v 29.81 10 -82.322
v 29.056 10 -86.198
v 33.58 10 -99.23
v 40.64 10 -99.658
v 41.83 10 -98.969
v 46.65 10 -84
v 52.664 10 -79.228
v 54.568 10 -77.076
v 68.983 10 -65.674
v 71.8 10 -64.521
v 72.177 10 -64.044
v 71.924 10 -59.287
v 71.62 10 -54.4
v 76.915 10 -53.824
v 90.45 10 -48.308
v 69.769 10 -40.189
v 65.811 10 -38.99
v 59.98 10 -34.07
v 76.745 10 -3.377
v 76.978 10 -1.155
v 66.987 10 -0.632
v 63.271 10 -1.079
v 56.12 10 -14.16
v 53.563 10 -26.744
v 52.991 10 -29.264
v 23.252 10 -17.767
v 19.795 10 -7.567
v 18.085 10 -0.066
v 17.22 10 -0.125
v 7.787 10 -0.774
v 7.38 10 -3.05
v 9.75 10 -15.31
v 39.449 10 -25.228
v 28.28 10 -29.72
v 27.729 10 -25.457
v 27.161 10 -24.274
v 17.726 10 -29.491
v 18.257 10 -30.306
v 20.89 10 -32.22
v 21.186 10 -38.508
v 28.87 10 -55.61
v 50.796 10 -56.675
v 51.446 10 -55.298
v 53.58 10 -52.49
v 56.122 10 -51.585
v 68.534 10 -57.292
v 65.397 10 -58.426
v 58.427 10 -58.85
v 50.148 10 -60.014
v 25.582 10 -63.002
v 22.893 10 -61.337
v 22.566 10 -61.096
v 13.757 10 -63.356
v 16.09 10 -70.53
v 15.457 10 -72.315
v 28.67 10 -87.44
v 40.709 10 -99.612
v 46.496 10 -83.589
v 47.113 10 -82.315
v 55.58 10 -72.84
v 57.39 10 -69.553
v 68.702 10 -65.629
v 73.311 10 -62.581
v 80.049 10 -56.292
v 90.495 10 -48.386
v 80.33 10 -47.38
v 72.96 10 -43.396
v 72.903 10 -43.789
v 67.356 10 -39.241
v 66.368 10 -39.081
v 60.78 10 -43.25
v 58.16 10 -42.96
v 60.94 10 -32.78
v 65.261 10 -22.931
v 65.955 10 -21.774
v 76.332 10 -3.902
v 76.549 10 -3.626
v 76.849 10 -1.141
v 76.179 10 -1.058
v 65.976 10 -0.846
v 63.419 10 -1.133
v 56.13 10 -14.21
v 55.299 10 -20.631
v 54.999 10 -21.349
v 53.216 10 -29.001
v 22.52 10 -12.629
v 20.392 10 -8.213
v 8.309 10 -0.74
v 7.529 10 -3.248
v 9.919 10 -15.665
v 14.572 10 -20.765
v 15.129 10 -23.28
v 27.31 10 -24.589
v 18.02 10 -29.941
v 21.506 10 -38.289
v 22.724 10 -59.924
v 29.125 10 -55.161
v 31.03 10 -56.51
v 50.671 10 -56.781
v 51.484 10 -55.099
v 61.79 10 -53.18
v 64.249 10 -53.445
v 69.035 10 -56.436
v 68.685 10 -57.305
v 65.496 10 -58.463
v 58.075 10 -58.998
v 52.512 10 -63.437
v 51.164 10 -63.298
v 50.22 10 -60.325
v 25.423 10 -63.337
v 22.716 10 -61.21
v 13.596 10 -63.118
v 16.438 10 -76.849
v 17.481 10 -78.159
v 22.006 10 -81.922
v 23.469 10 -81.705
v 40.825 10 -99.545
v 41.588 10 -99.113
v 46.358 10 -83.217
v 46.79 10 -82.339
v 50.963 10 -81.159
v 54.312 10 -77.366
v 55.295 10 -74.059
v 57.93 10 -68.52
v 68.181 10 -65.547
v 68.43 10 -65.586
v 71.993 10 -64.275
v 73.251 10 -62.65
v 72.181 10 -59.599
v 75.793 10 -53.916
v 79.062 10 -56.166
v 90.55 10 -48.479
v 72.921 10 -43.671
v 73.75 10 -44.71
v 69.311 10 -43.776
v 66.892 10 -39.166
v 60.763 10 -43.305
v 60.049 10 -33.814
v 69.222 10 -10.539
v 63.557 10 -1.18
v 56.016 10 -14.318
v 55.123 10 -21.311
v 53.425 10 -28.756
v 23.103 10 -17.873
v 17.719 10 -0.091
v 9.05 10 -0.689
v 10.1 10 -16.046
v 10.457 10 -16.807
v 14.083 10 -20.65
v 15.204 10 -23.075
v 43.829 10 -35.888
v 30.731 10 -32.216
v 27.503 10 -24.99
v 21.42 10 -35.9
v 21.778 10 -38.1
v 19.193 10 -42.029
v 22.923 10 -46.414
v 17.458 10 -52.565
v 22.396 10 -60.705
v 29.314 10 -54.844
v 30.79 10 -55.45
v 50.541 10 -56.895
v 62.878 10 -53.255
v 65.601 10 -54
v 68.806 10 -57.311
v 52.434 10 -63.563
v 50.513 10 -60.62
v 50.332 10 -60.503
v 25.28 10 -63.631
v 13.653 10 -63.2
v 13.708 10 -63.281
v 15.611 10 -72.2
v 16.926 10 -77.459
v 22.167 10 -81.889
v 23.408 10 -81.691
v 40.771 10 -99.574
v 46.243 10 -82.897
v 55.459 10 -72.881
v 73.128 10 -62.803
v 73.189 10 -62.725
v 76.3 10 -53.801
v 79.218 10 -56.184
v 90.612 10 -48.582
v 80.216 10 -47.599
v 72.94 10 -43.538
v 73.807 10 -44.733
v 60.116 10 -33.574
v 60.77 10 -32.807
v 65.757 10 -21.798
v 69.851 10 -8.707
v 76.438 10 -1.092
v 63.681 10 -1.217
v 56.08 10 -14.287
v 55.315 10 -20.869
v 55.221 10 -21.277
v 53.628 10 -26.851
v 47.424 10 -34.178
v 22.969 10 -17.973
v 22.85 10 -13.703
v 10.283 10 -16.434
v 15.046 10 -21.952
v 15.261 10 -22.903
v 21.597 10 -36.33
v 21.987 10 -37.951
v 22.571 10 -60.279
v 29.461 10 -54.634
v 30.721 10 -55.173
v 63.591 10 -53.311
v 66.218 10 -53.962
v 68.89 10 -57.31
v 65.603 10 -58.477
v 52.39 10 -63.63
v 51.201 10 -63.49
v 25.16 10 -63.87
v 15.737 10 -72.102
v 22.344 10 -81.854
v 28.697 10 -87.447
v 46.155 10 -82.647
v 46.514 10 -82.361
v 55.349 10 -72.924
v 76.618 10 -53.75
v 79.444 10 -56.213
v 79.726 10 -56.249
v 80.107 10 -47.801
v 69.244 10 -44.254
v 60.176 10 -33.361
v 60.623 10 -32.839
v 65.598 10 -21.819
v 69.451 10 -9
v 76.665 10 -1.12
v 63.784 10 -1.241
v 55.289 10 -21.25
v 53.701 10 -26.975
v 22.857 10 -18.061
v 23.212 10 -14.876
v 15.132 10 -22.161
v 15.297 10 -22.775
v 21.795 10 -36.824
v 22.122 10 -37.852
v 19.257 10 -41.784
v 29.589 10 -54.503
v 30.657 10 -54.918
v 64.019 10 -53.369
v 66.651 10 -58.022
v 65.73 10 -58.475
v 52.357 10 -63.673
v 25.071 10 -64.037
v 24.31 10 -64.07
v 15.825 10 -72.026
v 22.526 10 -81.817
v 29.961 10 -82.32
v 28.736 10 -87.468
v 46.102 10 -82.479
v 46.297 10 -82.381
v 51.657 10 -80.364
v 55.254 10 -72.967
v 80.007 10 -47.976
v 69.199 10 -44.627
v 60.744 10 -43.357
v 60.227 10 -33.186
v 60.499 10 -32.874
v 65.486 10 -21.837
v 69.136 10 -10.394
v 56.117 10 -14.252
v 55.32 10 -21.23
v 53.779 10 -27.109
v 23.805 10 -16.78
v 23.55 10 -15.964
v 19.8 10 -7.692
v 7.649 10 -3.442
v 15.31 10 -22.7
v 30.611 10 -32.302
v 29.29 10 -30.97
v 21.98 10 -37.293
v 22.17 10 -37.81
v 19.31 10 -41.504
v 29.721 10 -54.424
v 30.6 10 -54.696
v 51.521 10 -54.921
v 68.93 10 -57.3
v 51.313 10 -63.595
v 25.02 10 -64.12
v 24.54 10 -64.141
v 15.87 10 -71.98
v 28.785 10 -87.5
v 29.196 10 -88.677
v 46.151 10 -82.398
v 51.409 10 -80.646
v 55.178 10 -73.009
v 79.923 10 -48.116
v 69.18 10 -44.876
v 60.724 10 -43.404
v 60.266 10 -33.058
v 60.401 10 -32.911
v 65.43 10 -21.85
v 69.084 10 -10.269
v 63.86 10 -1.25
v 22.776 10 -18.132
v 8.15 10 -5.06
v 15.297 10 -22.628
v 30.522 10 -32.347
v 29.564 10 -31.307
v 22.117 10 -37.651
v 19.356 10 -41.17
v 22.464 10 -60.533
v 30.553 10 -54.519
v 51.556 10 -54.774
v 66.874 10 -53.936
v 66.472 10 -58.196
v 65.89 10 -58.46
v 24.707 10 -64.185
v 15.895 10 -71.923
v 22.705 10 -81.782
v 28.84 10 -87.542
v 29.16 10 -88.183
v 46.09 10 -82.41
v 51.173 10 -80.916
v 55.125 10 -73.047
v 76.804 10 -53.759
v 79.859 10 -48.21
v 73.827 10 -44.801
v 60.29 10 -32.99
v 60.331 10 -32.95
v 69.236 10 -9.247
v 64.071 10 -1.223
v 55.324 10 -21.055
v 53.857 10 -27.246
v 22.73 10 -18.18
v 20.066 10 -7.981
v 19.88 10 -7.819
v 7.988 10 -4.441
v 15.261 10 -22.509
v 30.457 10 -32.355
v 29.818 10 -31.618
v 30.519 10 -54.397
v 51.586 10 -54.668
v 67.512 10 -53.925
v 66.325 10 -58.315
v 66.052 10 -58.435
v 51.516 10 -63.65
v 28.9 10 -87.593
v 29.114 10 -87.9
v 55.221 10 -73.763
v 55.1 10 -73.08
v 57.717 10 -68.635
v 79.82 10 -48.25
v 73.811 10 -44.914
v 69.19 10 -44.98
v 65.406 10 -21.874
v 69.135 10 -9.507
v 64.504 10 -1.144
v 55.326 10 -21.179
v 53.93 10 -27.38
v 7.861 10 -3.994
v 15.205 10 -22.35
v 30.041 10 -31.89
v 30.5 10 -54.34
v 68.076 10 -53.929
v 66.191 10 -58.39
v 24.826 10 -64.204
v 15.92 10 -71.826
v 28.96 10 -87.65
v 57.556 10 -68.957
v 70.78 10 -57.88
v 73.76 10 -45.069
v 69.515 10 -45.086
v 65.376 10 -21.921
v 69.08 10 -9.84
v 65.144 10 -1.018
v 22.701 10 -18.245
v 7.754 10 -3.676
v 30.222 10 -32.109
v 23.03 10 -46.422
v 23.746 10 -57.561
v 30.464 10 -54.299
v 68.51 10 -53.95
v 24.909 10 -64.198
v 15.945 10 -71.698
v 29.05 10 -87.749
v 55.161 10 -73.505
v 73.672 10 -45.264
v 70.267 10 -45.295
v 65.341 10 -21.99
v 69.062 10 -10.009
v 22.675 10 -18.347
v 30.349 10 -32.26
v 23.1 10 -46.449
v 23.89 10 -57.261
v 30.413 10 -54.277
v 52.305 10 -63.701
v 51.83 10 -63.69
v 15.97 10 -71.544
v 55.119 10 -73.297
v 79.735 10 -48.249
v 73.55 10 -45.5
v 71.231 10 -45.551
v 65.191 10 -22.791
v 65.304 10 -22.075
v 69.061 10 -10.146
v 22.653 10 -18.485
v 14.337 10 -20.683
v 14.494 10 -20.72
v 30.41 10 -32.33
v 23.143 10 -46.501
v 24.019 10 -57.045
v 51.996 10 -63.71
v 24.969 10 -64.17
v 15.995 10 -71.372
v 31 10 -82.86
v 55.098 10 -73.151
v 79.541 10 -48.219
v 73.476 10 -45.639
v 72.193 10 -45.799
v 65.158 10 -22.677
v 65.266 10 -22.173
v 22.635 10 -18.656
v 27.604 10 -23.72
v 23.17 10 -46.586
v 30.336 10 -54.272
v 52.129 10 -63.719
v 16.02 10 -71.19
v 30.55 10 -82.57
v 79.256 10 -48.162
v 73.408 10 -45.764
v 72.937 10 -45.98
v 65.155 10 -22.569
v 65.23 10 -22.28
v 22.624 10 -18.859
v 28.176 10 -23.518
v 23.19 10 -46.71
v 23.257 10 -47.393
v 30.369 10 -82.459
v 78.899 10 -48.085
v 73.348 10 -45.871
v 60.702 10 -43.443
v 65.181 10 -22.444
v 22.62 10 -19.09
v 28.809 10 -23.31
v 23.206 10 -46.819
v 24.156 10 -56.879
v 52.036 10 -54.063
v 30.222 10 -82.384
v 60.681 10 -43.473
v 22.63 10 -19.87
v 29.406 10 -23.13
v 23.24 10 -47.173
v 52.215 10 -53.835
v 52.23 10 -63.716
v 30.093 10 -82.339
v 60.66 10 -43.49
v 29.87 10 -23.01
v 23.223 10 -46.977
v 52.41 10 -53.59
v 60.594 10 -43.494
v 24.34 10 -20.43
v 30.783 10 -22.845
v 44.155 10 -35.864
v 24.328 10 -56.729
v 52.679 10 -53.259
v 60.452 10 -43.477
v 26.05 10 -20.98
v 31.612 10 -22.729
v 52.896 10 -53.007
v 23.316 10 -81.688
v 60.248 10 -43.441
v 57.372 10 -41.308
v 44.41 10 -35.836
v 24.56 10 -56.56
v 53.077 10 -52.819
v 22.87 10 -81.75
v 57.391 10 -41.499
v 44.595 10 -35.806
v 53.241 10 -52.68
v 23.047 10 -81.717
v 23.196 10 -81.696
v 59.991 10 -43.39
v 32.375 10 -22.661
v 44.711 10 -35.774
v 53.403 10 -52.575
v 59.695 10 -43.325
v 57.414 10 -41.649
v 33.088 10 -22.641
v 59.37 10 -43.25
v 33.767 10 -22.668
v 44.76 10 -35.74
v 57.441 10 -41.751
v 34.43 10 -22.74
v 29.88 10 -54.37
v 55.447 10 -51.671
v 68.947 10 -57.246
v 35.096 10 -22.86
v 30.078 10 -54.319
v 55.659 10 -51.611
v 68.966 10 -57.121
v 30.227 10 -54.287
v 55.869 10 -51.586
v 68.988 10 -56.938
v 35.724 10 -23.013
v 69.011 10 -56.705
v 36.319 10 -23.199
v 49.769 10 -33.071
v 36.883 10 -23.421
v 44.762 10 -35.658
v 49.118 10 -33.787
v 37.419 10 -23.681
v 44.741 10 -35.484
v 48.734 10 -34.106
v 37.93 10 -23.98
v 44.7 10 -35.232
v 38.171 10 -24.139
v 44.642 10 -34.919
v 38.405 10 -24.302
v 44.571 10 -34.56
v 47.689 10 -34.222
v 38.623 10 -24.46
v 44.49 10 -34.17
v 38.811 10 -24.604
v 44.364 10 -33.599
v 47.557 10 -34.219
v 38.961 10 -24.727
v 44.247 10 -33.133
v 47.471 10 -34.204
v 44.123 10 -32.726
v 43.977 10 -32.33
v 39.63 10 -25.419
v 43.794 10 -31.897
v 39.821 10 -25.623
v 43.56 10 -31.38
v 40.01 10 -25.83
v 43.009 10 -30.241
v 40.649 10 -26.552
v 42.444 10 -29.192
v 41.266 10 -27.351
v 41.864 10 -28.23
f 1 2 3
f 4 5 6
f 7 4 8
f 9 7 10
f 11 12 13
f 14 15 16
f 17 14 18
f 19 17 20
f 21 22 23
f 24 21 25
f 26 24 27
f 28 29 30
f 31 32 33
f 34 31 35
f 36 37 38
f 39 36 40
f 41 39 42
f 43 44 45
f 46 43 47
f 48 46 49
f 50 51 52
f 53 54 55
f 56 53 57
f 58 59 60
f 61 58 62
f 63 61 64
f 65 63 66
f 67 65 68
f 69 67 70
f 71 69 72
f 73 74 75
f 76 73 77
f 78 79 80
f 81 78 82
f 83 81 84
f 3 85 86
f 87 3 2
f 88 87 89
f 90 91 92
f 93 94 95
f 96 97 98
f 99 100 101
f 102 99 103
f 104 102 105
f 106 107 108
f 109 106 110
f 111 109 112
f 113 111 114
f 115 116 117
f 118 119 120
f 121 118 122
f 123 121 124
f 125 123 126
f 127 128 129
f 130 127 131
f 132 130 133
f 134 135 136
f 137 134 138
f 139 137 140
f 141 142 143
f 144 141 145
f 146 144 147
f 148 149 150
f 151 148 152
f 153 151 154
f 155 153 156
f 157 155 158
f 159 157 160
f 161 159 162
f 163 164 165
f 166 163 167
f 168 166 169
f 170 168 171
f 172 170 173
f 174 175 176
f 177 174 178
f 179 177 180
f 181 182 183
f 184 185 186
f 187 184 188
f 189 190 191
f 192 189 193
f 194 192 195
f 196 197 198
f 199 196 200
f 201 199 202
f 203 201 204
f 205 203 206
f 207 205 208
f 209 207 210
f 211 209 212
f 213 211 214
f 215 213 216
f 217 218 219
f 220 217 221
f 222 220 223
f 224 222 225
f 226 227 228
f 229 226 230
f 231 229 232
f 233 231 234
f 235 236 237
f 238 235 239
f 240 238 241
f 242 240 243
f 244 242 245
f 246 244 247
f 248 246 249
f 250 251 252
f 253 250 254
f 255 253 256
f 257 255 258
f 259 257 260
f 261 259 262
f 263 261 264
f 265 263 266
f 267 268 269
f 270 267 271
f 272 270 273
f 274 272 275
f 276 274 277
f 278 276 279
f 280 281 282
f 283 284 285
f 286 283 287
f 288 289 290
f 291 288 292
f 293 291 294
f 295 293 296
f 297 295 298
f 299 297 300
f 301 299 302
f 303 304 305
f 306 303 307
f 308 309 310
f 311 312 313
f 314 311 315
f 316 314 317
f 318 316 319
f 320 318 321
f 322 320 323
f 324 322 325
f 326 324 327
f 328 326 329
f 330 331 332
f 333 330 334
f 335 333 336
f 337 335 338
f 339 340 341
f 342 339 343
f 344 342 345
f 346 347 348
f 349 346 350
f 351 349 352
f 353 351 354
f 355 353 356
f 357 358 359
f 360 361 362
f 363 360 364
f 365 363 366
f 367 368 369
f 370 367 371
f 372 370 373
f 374 375 376
f 377 374 378
f 379 377 380
f 381 382 383
f 384 381 385
f 386 384 387
f 388 386 389
f 390 388 391
f 392 390 393
f 394 392 395
f 396 394 397
f 398 396 399
f 400 398 401
f 402 400 403
f 404 402 405
f 406 404 407
f 408 406 409
f 410 408 411
f 412 410 413
f 414 412 415
f 416 414 417
f 418 416 419
f 420 421 422
f 423 420 424
f 425 423 426
f 427 425 428
f 429 427 430
f 431 429 432
f 433 431 434
f 435 436 437
f 438 435 439
f 440 441 442
f 443 440 444
f 445 446 447
f 448 449 450
f 451 448 452
f 453 451 454
f 455 453 456
f 457 455 458
f 459 457 460
f 461 459 462
f 463 461 464
f 465 463 466
f 467 465 468
f 469 467 470
f 471 469 472
f 473 474 475
f 476 473 477
f 478 476 479
f 480 478 481
f 482 480 483
f 484 482 485
f 486 487 488
f 489 490 491
f 492 489 493
f 494 492 495
f 496 494 497
f 498 499 500
f 501 502 503
f 504 501 505
f 506 504 507
f 508 509 510
f 511 508 512
f 513 511 514
f 515 513 516
f 517 515 518
f 519 517 520
f 521 519 522
f 523 524 525
f 526 523 527
f 528 526 529
f 530 531 532
f 533 534 535
f 536 537 538
f 539 536 540
f 541 539 542
f 543 544 545
f 546 543 547
f 548 549 550
f 551 548 552
f 553 551 554
f 555 553 556
f 557 555 558
f 559 560 561
f 562 559 563
f 564 562 565
f 566 564 567
f 568 566 569
f 570 568 571
f 572 570 573
f 574 575 576
f 577 574 578
f 579 577 580
f 581 579 582
f 583 581 584
f 585 583 586
f 587 585 588
f 589 587 590
f 591 592 593
f 594 591 595
f 596 594 597
f 598 599 600
f 601 598 602
f 603 604 605
f 606 603 607
f 608 606 609
f 610 608 611
f 612 610 613
f 614 612 615
f 616 617 618
f 619 616 620
f 621 619 622
f 623 621 624
f 625 623 626
f 627 625 628
f 629 630 631
f 632 629 633
f 634 632 635
f 636 634 637
f 638 636 639
f 640 638 641
f 642 640 643
f 644 642 645
f 646 647 648
f 649 646 650
f 651 649 652
f 653 651 654
f 655 653 656
f 657 655 658
f 659 657 660
f 661 662 663
f 664 661 665
f 666 664 667
f 668 666 669
f 670 668 671
f 672 673 674
f 675 672 676
f 677 675 678
f 679 677 680
f 681 679 682
f 683 681 684
f 685 686 687
f 688 685 689
f 690 688 691
f 692 690 693
f 694 692 695
f 696 694 697
f 698 696 699
f 700 698 701
f 702 700 703
f 704 702 705
f 706 707 708
f 709 706 710
f 711 712 713
f 714 711 715
f 716 714 717
f 718 716 719
f 720 718 721
f 722 723 724
f 725 726 727
f 728 729 730
f 731 732 733
f 734 731 735
f 736 734 737
f 738 736 739
f 740 738 741
f 742 740 743
f 744 742 745
f 746 744 747
f 748 746 749
f 750 748 751
f 752 750 753
f 754 752 755
f 756 754 757
f 758 756 759
f 760 758 761
f 762 760 763
f 764 762 765
f 766 764 767
f 768 766 769
f 770 768 771
f 772 770 773
f 774 772 775
f 776 774 777
f 778 776 779
f 780 781 782
f 783 780 784
f 785 783 786
f 787 788 789
f 790 787 791
f 792 790 793
f 794 792 795
f 796 797 798
f 799 796 800
f 801 802 803
f 804 801 805
f 806 804 807
f 808 806 809
f 810 808 811
f 812 810 813
f 814 812 815
f 816 817 818
f 819 816 820
f 821 819 822
f 823 821 824
f 825 826 827
f 828 829 830
f 831 828 832
f 833 831 834
f 835 836 837
f 838 835 839
f 840 838 841
f 842 840 843
f 844 842 845
f 846 844 847
f 848 849 850
f 851 848 852
f 853 851 854
f 855 853 856
f 857 855 858
f 859 857 860
f 861 859 862
f 863 861 864
f 865 863 866
f 867 868 869
f 870 867 871
f 872 870 873
f 874 872 875
f 876 874 877
f 878 876 879
f 880 878 881
f 882 883 884
f 885 882 886
f 887 885 888
f 889 890 891
f 892 889 893
f 894 895 896
f 897 898 899
f 900 897 901
f 902 900 903
f 904 905 906
f 907 904 908
f 909 907 910
f 911 909 912
f 913 911 914
f 915 913 916
f 917 915 918
f 919 917 920
f 921 919 922
f 923 921 924
f 925 923 926
f 927 925 928
f 929 927 930
f 931 929 932
f 933 931 934
f 935 933 936
f 937 935 938
f 939 937 940
f 941 939 942
f 943 944 945
f 946 943 947
f 948 946 949
f 950 948 951
f 952 950 953
f 954 952 955
f 889 956 893
f 957 889 958
f 959 957 960
f 961 959 962
f 963 964 965
f 966 967 968
f 969 970 971
f 972 969 973
f 974 972 975
f 976 977 978
f 979 980 981
f 982 979 983
f 984 982 985
f 986 984 987
f 988 986 989
f 990 988 991
f 992 990 993
f 994 992 995
f 996 994 997
f 998 999 1000
f 1001 998 1002
f 1003 1001 1004
f 1005 1003 1006
f 1007 1008 1009
f 1010 1007 1011
f 1012 1010 1013
f 1014 1012 1015
f 1016 1014 1017
f 1018 1016 1019
f 1020 1018 1021
f 1022 1020 1023
f 1024 1022 1025
f 1026 1027 1028
f 1029 1030 1031
f 1032 1029 1033
f 1034 1032 1035
f 1036 1034 1037
f 96 1036 1038
f 1039 96 98
f 1040 1041 1042
f 1043 1040 1044
f 1045 1043 1046
f 1047 1048 1049
f 2 1050 1051
f 1052 2 1
f 7 5 4
f 1053 7 9
f 1054 12 11
f 17 15 14
f 24 22 21
f 29 24 26
f 32 29 28
f 34 32 31
f 36 1055 37
f 41 36 39
f 46 44 43
f 1056 46 48
f 50 1057 51
f 53 1058 54
f 1059 53 56
f 58 1060 59
f 63 58 61
f 67 63 65
f 71 67 69
f 73 71 74
f 1061 73 76
f 78 1062 79
f 83 78 81
f 87 85 3
f 1063 87 88
f 90 1064 91
f 93 1065 94
f 96 1066 97
f 99 1067 100
f 104 99 102
f 109 107 106
f 113 109 111
f 115 113 116
f 121 119 118
f 125 121 123
f 130 128 127
f 134 1068 135
f 139 134 137
f 141 139 142
f 146 141 144
f 151 149 148
f 155 151 153
f 159 155 157
f 1069 159 161
f 166 164 163
f 170 166 168
f 174 1070 175
f 179 174 177
f 187 185 184
f 189 187 190
f 194 189 192
f 196 194 197
f 201 196 199
f 205 201 203
f 209 205 207
f 213 209 211
f 1071 213 215
f 217 1071 218
f 222 217 220
f 1072 222 224
f 229 227 226
f 233 229 231
f 235 1073 236
f 240 235 238
f 244 240 242
f 248 244 246
f 253 251 250
f 257 253 255
f 261 257 259
f 1074 263 265
f 270 268 267
f 274 270 272
f 278 274 276
f 1075 281 280
f 286 284 283
f 288 1076 289
f 293 288 291
f 297 293 295
f 301 297 299
f 306 304 303
f 308 306 309
f 314 312 311
f 318 314 316
f 324 320 322
f 328 324 326
f 330 1077 331
f 335 330 333
f 1078 335 337
f 339 1079 340
f 344 339 342
f 349 347 346
f 353 349 351
f 357 1080 358
f 363 361 360
f 367 1081 368
f 372 367 370
f 374 1082 375
f 379 374 377
f 384 382 381
f 390 386 388
f 394 390 392
f 398 394 396
f 402 398 400
f 406 402 404
f 410 406 408
f 414 410 412
f 418 414 416
f 420 1083 421
f 425 420 423
f 429 425 427
f 433 429 431
f 441 435 438
f 443 441 440
f 449 446 445
f 451 449 448
f 455 451 453
f 459 455 457
f 463 459 461
f 467 463 465
f 471 467 469
f 476 474 473
f 480 476 478
f 484 480 482
f 492 490 489
f 496 492 494
f 498 1084 499
f 501 498 502
f 506 501 504
f 508 1085 509
f 513 508 511
f 517 513 515
f 521 517 519
f 526 524 523
f 533 530 534
f 539 537 536
f 1086 539 541
f 546 544 543
f 548 546 549
f 553 548 551
f 557 553 555
f 562 560 559
f 566 562 564
f 570 566 568
f 577 575 574
f 581 577 579
f 585 581 583
f 589 585 587
f 594 592 591
f 599 594 596
f 601 599 598
f 603 1087 604
f 608 603 606
f 612 608 610
f 1088 612 614
f 619 617 616
f 625 621 623
f 1089 625 627
f 629 1090 630
f 634 629 632
f 638 634 636
f 642 638 640
f 647 642 644
f 651 646 649
f 655 651 653
f 659 655 657
f 664 662 661
f 670 666 668
f 672 670 673
f 677 672 675
f 681 677 679
f 1091 681 683
f 688 686 685
f 692 688 690
f 696 692 694
f 700 696 698
f 704 700 702
f 709 707 706
f 714 712 711
f 718 714 716
f 1092 718 720
f 725 1093 726
f 734 732 731
f 738 734 736
f 742 738 740
f 746 742 744
f 750 746 748
f 754 750 752
f 758 754 756
f 762 758 760
f 766 762 764
f 770 766 768
f 774 770 772
f 778 774 776
f 780 1094 781
f 785 780 783
f 790 788 787
f 794 790 792
f 796 1095 797
f 801 799 802
f 806 801 804
f 810 806 808
f 814 810 812
f 816 814 817
f 821 816 819
f 1096 821 823
f 825 1097 826
f 831 829 828
f 835 1098 836
f 840 835 838
f 844 840 842
f 1099 844 846
f 851 849 848
f 855 851 853
f 859 855 857
f 863 859 861
f 1100 863 865
f 870 868 867
f 874 870 872
f 878 874 876
f 885 883 882
f 892 890 889
f 1101 895 894
f 900 898 897
f 905 900 902
f 907 905 904
f 911 907 909
f 915 911 913
f 919 915 917
f 923 919 921
f 927 923 925
f 931 927 929
f 935 931 933
f 939 935 937
f 943 1102 944
f 948 943 946
f 952 948 950
f 1103 952 954
f 889 1104 956
f 959 889 957
f 964 959 961
f 1105 964 963
f 966 1106 967
f 969 1107 970
f 974 969 972
f 976 1108 977
f 982 980 979
f 986 982 984
f 990 986 988
f 994 990 992
f 998 996 999
f 1003 998 1001
f 1014 1010 1012
f 1018 1014 1016
f 1022 1018 1020
f 1030 1027 1026
f 1032 1030 1029
f 1036 1032 1034
f 1039 1036 96
f 1043 1041 1040
f 1109 1048 1047
f 1052 1050 2
f 7 1110 5
f 1111 7 1053
f 17 1112 15
f 24 1113 22
f 34 29 32
f 41 1055 36
f 1056 44 46
f 50 1114 1057
f 53 1115 1058
f 1116 53 1059
f 63 1060 58
f 71 63 67
f 1061 71 73
f 83 1062 78
f 87 1117 85
f 1118 1064 90
f 1119 1065 93
f 96 1120 1066
f 104 1067 99
f 109 1121 107
f 1122 113 115
f 121 1123 119
f 128 121 125
f 132 128 130
f 139 1068 134
f 146 139 141
f 155 149 151
f 1069 155 159
f 170 164 166
f 174 172 1070
f 1124 174 179
f 189 185 187
f 196 189 194
f 205 196 201
f 213 205 209
f 222 1071 217
f 1125 222 1072
f 233 227 229
f 240 1073 235
f 248 240 244
f 257 251 253
f 263 257 261
f 1126 263 1074
f 270 1127 268
f 278 270 274
f 286 1075 284
f 293 1076 288
f 301 293 297
f 306 1128 304
f 1129 306 308
f 318 312 314
f 328 320 324
f 330 1130 1077
f 1078 330 335
f 344 1079 339
f 349 1131 347
f 355 349 353
f 365 361 363
f 372 1081 367
f 379 1082 374
f 384 1132 382
f 394 386 390
f 402 394 398
f 410 402 406
f 418 410 414
f 420 1133 1083
f 429 420 425
f 1134 429 433
f 443 435 441
f 451 446 449
f 459 451 455
f 467 459 463
f 1135 467 471
f 476 1136 474
f 484 476 480
f 496 490 492
f 501 1084 498
f 1137 501 506
f 508 1138 1085
f 517 508 513
f 1139 517 521
f 526 1140 524
f 537 530 533
f 1086 537 539
f 546 1141 544
f 553 546 548
f 1142 553 557
f 562 1143 560
f 570 562 566
f 581 575 577
f 589 581 585
f 599 592 594
f 1144 599 601
f 603 1145 1087
f 612 603 608
f 1146 612 1088
f 619 1147 617
f 625 619 621
f 1148 625 1089
f 629 1149 1090
f 638 629 634
f 647 638 642
f 655 646 651
f 662 655 659
f 666 662 664
f 672 666 670
f 681 672 677
f 1150 681 1091
f 692 686 688
f 700 692 696
f 1151 700 704
f 709 1152 707
f 714 709 712
f 1092 714 718
f 725 1153 1093
f 738 732 734
f 746 738 742
f 754 746 750
f 762 754 758
f 770 762 766
f 778 770 774
f 785 1094 780
f 790 1154 788
f 1155 790 794
f 799 1095 796
f 810 801 806
f 816 810 814
f 1096 816 821
f 829 1097 825
f 833 829 831
f 835 1156 1098
f 844 835 840
f 1157 844 1099
f 855 849 851
f 863 855 859
f 1158 863 1100
f 874 868 870
f 880 874 878
f 885 1159 883
f 892 1160 890
f 905 898 900
f 911 905 907
f 919 911 915
f 927 919 923
f 935 927 931
f 941 935 939
f 948 1102 943
f 1103 948 952
f 889 1161 1104
f 964 889 959
f 966 1162 1106
f 974 1107 969
f 976 1163 1108
f 986 980 982
f 994 986 990
f 998 994 996
f 1005 998 1003
f 1018 1010 1014
f 1024 1018 1022
f 1032 1027 1030
f 1039 1032 1036
f 1043 1164 1041
f 1165 1048 1109
f 1052 1166 1050
f 7 1167 1110
f 1168 7 1111
f 19 1112 17
f 29 1113 24
f 1169 29 34
f 41 1170 1055
f 1171 44 1056
f 50 1172 1114
f 53 1173 1115
f 1174 53 1116
f 63 1174 1060
f 1175 71 1061
f 83 1176 1062
f 87 1177 1117
f 1178 1064 1118
f 1179 1065 1119
f 96 1179 1120
f 1180 1067 104
f 113 1121 109
f 128 1123 121
f 1181 128 132
f 139 1182 1068
f 1183 139 146
f 155 1184 149
f 172 164 170
f 1124 172 174
f 196 185 189
f 213 196 205
f 1125 1071 222
f 233 1185 227
f 240 1186 1073
f 251 240 248
f 263 251 257
f 1187 263 1126
f 270 1188 1127
f 1189 270 278
f 286 281 1075
f 293 1190 1076
f 1191 293 301
f 1129 1128 306
f 318 1192 312
f 1193 320 328
f 330 1194 1130
f 1195 330 1078
f 344 1195 1079
f 349 1196 1131
f 1197 349 355
f 1198 1081 372
f 1199 1082 379
f 386 1132 384
f 402 386 394
f 418 402 410
f 420 1200 1133
f 1134 420 429
f 459 446 451
f 1135 459 467
f 476 1201 1136
f 1202 476 484
f 496 1203 490
f 501 496 1084
f 1204 501 1137
f 517 1138 508
f 1205 517 1139
f 528 1140 526
f 1206 537 1086
f 553 1141 546
f 570 1143 562
f 581 572 575
f 1207 581 589
f 1144 592 599
f 603 1144 1145
f 1146 603 612
f 625 1147 619
f 629 1208 1149
f 647 629 638
f 662 646 655
f 681 666 672
f 692 1209 686
f 1151 692 700
f 709 1210 1152
f 1092 709 714
f 725 1211 1153
f 746 732 738
f 762 746 754
f 778 762 770
f 785 1212 1094
f 1155 1154 790
f 801 1095 799
f 816 801 810
f 1213 816 1096
f 833 1097 829
f 835 1214 1156
f 1157 835 844
f 863 849 855
f 1215 863 1158
f 874 1216 868
f 1217 874 880
f 887 1159 885
f 892 1218 1160
f 905 1219 898
f 919 905 911
f 935 919 927
f 1220 935 941
f 1103 1102 948
f 889 1221 1161
f 1105 889 964
f 966 1105 1162
f 1222 1107 974
f 976 1223 1163
f 986 1224 980
f 998 986 994
f 1225 998 1005
f 1024 1010 1018
f 1032 1226 1027
f 1227 1032 1039
f 1045 1164 1043
f 1228 1048 1165
f 1052 1229 1166
f 7 1230 1167
f 1231 29 1169
f 1232 1170 41
f 50 1233 1172
f 1174 1173 53
f 71 1174 63
f 1234 71 1175
f 1235 1176 83
f 87 1236 1177
f 1237 1064 1178
f 96 1065 1179
f 1238 1067 1180
f 113 1239 1121
f 128 1240 1123
f 139 1241 1182
f 1242 139 1183
f 155 1243 1184
f 1124 164 172
f 196 181 185
f 1071 196 213
f 1244 1071 1125
f 233 1244 1185
f 240 233 1186
f 263 240 251
f 1245 263 1187
f 1189 1188 270
f 1190 281 286
f 1191 1190 293
f 1129 1246 1128
f 320 1192 318
f 1194 320 1193
f 1195 1194 330
f 1247 1195 344
f 349 1248 1196
f 1080 349 1197
f 1249 1081 1198
f 1250 1082 1199
f 402 1132 386
f 1251 402 418
f 420 1251 1200
f 1252 420 1134
f 459 443 446
f 1253 459 1135
f 476 1253 1201
f 1254 476 1202
f 501 1203 496
f 1138 501 1204
f 1205 1138 517
f 1255 537 1206
f 553 1256 1141
f 570 1257 1143
f 1207 572 581
f 1144 1258 592
f 1146 1144 603
f 625 1259 1147
f 629 1260 1208
f 646 629 647
f 666 646 662
f 1150 666 681
f 692 1261 1209
f 1262 692 1151
f 709 1263 1210
f 1264 709 1092
f 746 1265 732
f 778 746 762
f 785 1266 1212
f 1155 1267 1154
f 816 1095 801
f 1097 816 1213
f 1214 1097 833
f 1157 1214 835
f 1215 849 863
f 874 1268 1216
f 1269 1159 887
f 892 1270 1218
f 935 905 919
f 1221 1102 1103
f 1105 1221 889
f 1107 1105 966
f 1271 1107 1222
f 976 1272 1223
f 998 1224 986
f 1226 1010 1024
f 1227 1226 1032
f 1045 1273 1164
f 1274 1048 1228
f 1052 1275 1229
f 7 1052 1230
f 1276 29 1231
f 1277 1170 1232
f 50 1278 1233
f 1174 1279 1173
f 1280 71 1234
f 1235 1281 1176
f 87 1235 1236
f 1282 1064 1237
f 1067 1065 96
f 1239 1067 1238
f 128 1283 1240
f 139 1181 1241
f 1284 139 1242
f 1069 1243 155
f 1285 164 1124
f 1071 181 196
f 233 1071 1244
f 263 233 240
f 1286 263 1245
f 1189 1287 1188
f 1191 281 1190
f 1129 1288 1246
f 1195 320 1194
f 349 1247 1248
f 357 349 1080
f 1289 1081 1249
f 1290 1082 1250
f 402 1291 1132
f 420 402 1251
f 1292 420 1252
f 459 435 443
f 476 459 1253
f 501 1293 1203
f 1205 501 1138
f 1294 537 1255
f 553 1295 1256
f 570 1296 1257
f 1207 570 572
f 1144 1297 1258
f 1298 1144 1146
f 625 1298 1259
f 629 1299 1260
f 666 629 646
f 1262 1261 692
f 709 1300 1263
f 1301 709 1264
f 785 1302 1266
f 1155 1303 1267
f 1097 1095 816
f 1157 1097 1214
f 1268 849 1215
f 1217 1268 874
f 1304 1159 1269
f 892 1305 1270
f 1220 905 935
f 1105 1102 1221
f 1306 1107 1271
f 976 1307 1272
f 998 1308 1224
f 1227 1010 1226
f 1309 1048 1274
f 1052 1310 1275
f 1168 1052 7
f 1311 29 1276
f 1277 1311 1170
f 1312 1278 50
f 1174 1313 1279
f 1314 71 1280
f 87 1281 1235
f 1315 1064 1282
f 1067 1316 1065
f 113 1067 1239
f 128 1317 1283
f 139 128 1181
f 1318 139 1284
f 1319 1243 1069
f 1320 164 1285
f 1071 182 181
f 263 1071 233
f 1321 263 1286
f 1189 1322 1287
f 1191 1323 281
f 1129 1324 1288
f 1247 320 1195
f 357 1247 349
f 1291 1082 1290
f 420 1291 402
f 1325 420 1292
f 1254 459 476
f 501 1326 1293
f 1327 501 1205
f 1328 537 1294
f 553 1329 1295
f 570 1330 1296
f 1331 570 1207
f 1298 1297 1144
f 1148 1298 625
f 666 1299 629
f 1262 1332 1261
f 709 1333 1300
f 1334 709 1301
f 1335 1302 785
f 1155 1336 1303
f 1097 1337 1095
f 1338 1097 1157
f 1217 849 1268
f 892 1339 1305
f 1340 905 1220
f 1105 1341 1102
f 1342 1107 1306
f 976 1343 1307
f 998 1344 1308
f 1227 1007 1010
f 1345 1048 1309
f 1052 1346 1310
f 1347 1052 1168
f 1277 29 1311
f 1312 1348 1278
f 71 1313 1174
f 87 1349 1281
f 1350 1064 1315
f 1067 1351 1316
f 128 1352 1317
f 1318 128 139
f 1353 164 1320
f 1071 1354 182
f 1321 1071 263
f 1189 1355 1322
f 1191 1356 1323
f 1129 1357 1324
f 357 320 1247
f 420 1082 1291
f 1358 420 1325
f 1254 435 459
f 501 1359 1326
f 1360 501 1327
f 1361 537 1328
f 553 1362 1329
f 570 1363 1330
f 1364 570 1331
f 1148 1297 1298
f 666 1365 1299
f 1262 1150 1332
f 1334 1333 709
f 1335 1366 1302
f 1155 1335 1336
f 1338 1337 1097
f 1217 1367 849
f 892 1368 1339
f 1369 905 1340
f 1105 1370 1341
f 1371 1107 1342
f 1372 1343 976
f 998 1372 1344
f 1373 1007 1227
f 1052 1374 1346
f 1375 1052 1347
f 1376 29 1277
f 1377 1348 1312
f 71 1378 1313
f 1063 1349 87
f 1067 1379 1351
f 128 1380 1352
f 1381 128 1318
f 1382 164 1353
f 1071 1383 1354
f 1384 1071 1321
f 1189 1384 1355
f 1191 1385 1356
f 1129 1386 1357
f 357 1192 320
f 420 1387 1082
f 1388 420 1358
f 1389 435 1254
f 1360 1359 501
f 1390 537 1361
f 553 1391 1362
f 1364 1363 570
f 1148 1392 1297
f 666 1393 1365
f 1394 1150 1262
f 1395 1333 1334
f 1335 1396 1366
f 1397 1335 1155
f 1338 1398 1337
f 1217 1399 1367
f 892 1400 1368
f 1401 905 1369
f 1105 1402 1370
f 1343 1107 1371
f 998 1343 1372
f 1273 1007 1373
f 1052 1403 1374
f 1404 1052 1375
f 1405 29 1376
f 1406 1348 1377
f 71 1407 1378
f 1063 1408 1349
f 113 1379 1067
f 1381 1380 128
f 1409 164 1382
f 1071 1410 1383
f 1385 1384 1189
f 1411 1385 1191
f 1129 1412 1386
f 357 1413 1192
f 420 1289 1387
f 1414 420 1388
f 1415 435 1389
f 1360 1416 1359
f 553 1390 1391
f 1364 1417 1363
f 1148 1418 1392
f 666 1419 1393
f 1420 1150 1394
f 1421 1333 1395
f 1397 1396 1335
f 1338 1397 1398
f 1217 1422 1399
f 892 1423 1400
f 1105 1424 1402
f 1225 1343 998
f 1045 1007 1273
f 1052 1425 1403
f 12 1052 1404
f 1426 29 1405
f 1427 1348 1406
f 1314 1407 71
f 1064 1408 1063
f 113 1428 1379
f 1381 1429 1380
f 1430 164 1409
f 1384 1410 1071
f 1411 1384 1385
f 1431 1412 1129
f 1432 1413 357
f 420 1081 1289
f 1433 435 1415
f 1360 1434 1416
f 1142 1390 553
f 1364 1435 1417
f 1148 1436 1418
f 666 1437 1419
f 723 1333 1421
f 1397 1438 1396
f 1439 1397 1338
f 1217 1439 1422
f 892 1304 1423
f 1105 1440 1424
f 1441 1343 1225
f 1442 1007 1045
f 1052 1443 1425
f 1444 29 1426
f 1314 1427 1407
f 1350 1408 1064
f 113 1445 1428
f 1381 1446 1429
f 1447 164 1430
f 1384 1447 1410
f 1448 1384 1411
f 1413 1412 1431
f 361 1413 1432
f 1414 1081 420
f 1449 435 1433
f 1360 1450 1434
f 1142 537 1390
f 1364 1451 1435
f 1148 1452 1436
f 666 1148 1437
f 1397 1453 1438
f 1217 1397 1439
f 892 1159 1304
f 1105 1454 1440
f 1455 1343 1441
f 1456 1007 1442
f 1052 1457 1443
f 44 29 1444
f 1458 1427 1314
f 1350 1459 1408
f 1122 1445 113
f 1381 1460 1446
f 1384 164 1447
f 1461 1384 1448
f 365 1413 361
f 1462 1081 1414
f 1463 435 1449
f 1360 1464 1450
f 1465 537 1142
f 1364 1466 1451
f 1148 1467 1452
f 1150 1148 666
f 1397 1468 1453
f 1469 1397 1217
f 892 1470 1159
f 1105 1471 1454
f 1472 1343 1455
f 1473 1007 1456
f 12 1457 1052
f 1350 1474 1459
f 1122 1475 1445
f 1381 1476 1460
f 1384 1477 164
f 1478 1384 1461
f 1479 1081 1462
f 1480 435 1463
f 1360 1481 1464
f 1482 537 1465
f 1364 1483 1466
f 1148 1364 1467
f 1420 1148 1150
f 1397 1484 1468
f 1470 1397 1469
f 1485 1470 892
f 1105 1401 1471
f 1486 1343 1472
f 1473 1008 1007
f 12 1487 1457
f 1350 1488 1474
f 1489 1475 1122
f 1381 1489 1476
f 1384 1490 1477
f 1412 1384 1478
f 1491 1081 1479
f 1492 435 1480
f 1360 1493 1481
f 1494 537 1482
f 1364 1495 1483
f 1420 1364 1148
f 1397 1496 1484
f 1497 1470 1485
f 1105 905 1401
f 1498 1343 1486
f 1473 1499 1008
f 1054 1487 12
f 1475 1488 1350
f 1381 1475 1489
f 1384 1500 1490
f 1413 1384 1412
f 1501 1081 1491
f 1502 435 1492
f 1503 1493 1360
f 1504 537 1494
f 1420 1495 1364
f 1397 1505 1496
f 1506 1470 1497
f 1107 905 1105
f 1507 1343 1498
f 1508 1499 1473
f 1509 1487 1054
f 1381 1488 1475
f 1384 1510 1500
f 436 1081 1501
f 487 435 1502
f 1511 1493 1503
f 1495 537 1504
f 1333 1495 1420
f 1397 1512 1505
f 1513 1470 1506
f 1343 905 1107
f 1508 1514 1499
f 1515 1487 1509
f 1381 1516 1488
f 1384 1517 1510
f 435 1081 436
f 486 435 487
f 1518 1493 1511
f 1333 537 1495
f 1470 1512 1397
f 1519 1470 1513
f 1343 1219 905
f 1508 1520 1514
f 1521 1487 1515
f 1381 1458 1516
f 1384 1319 1517
f 486 1081 435
f 1522 1493 1518
f 1333 530 537
f 1470 1523 1512
f 1524 1470 1519
f 1343 1525 1219
f 1526 1520 1508
f 1527 1487 1521
f 1381 1427 1458
f 1384 1243 1319
f 486 365 1081
f 1528 1493 1522
f 1333 531 530
f 1470 1529 1523
f 1530 1470 1524
f 1507 1525 1343
f 1526 1507 1520
f 1531 1487 1527
f 1381 1348 1427
f 1384 1532 1243
f 1493 365 486
f 1533 1493 1528
f 1333 1534 531
f 1530 1529 1470
f 1507 1535 1525
f 1536 1507 1526
f 1537 1487 1531
f 1538 1348 1381
f 1413 1532 1384
f 1533 365 1493
f 1333 1539 1534
f 1530 778 1529
f 1507 1540 1535
f 1048 1507 1536
f 1541 1487 1537
f 1542 1348 1538
f 1413 1543 1532
f 1544 365 1533
f 723 1539 1333
f 1545 778 1530
f 1507 1546 1540
f 1345 1507 1048
f 1547 1487 1541
f 1543 1348 1542
f 1548 365 1544
f 723 1549 1539
f 1550 778 1545
f 1345 1546 1507
f 1112 1487 1547
f 1413 1348 1543
f 1551 365 1548
f 722 1549 723
f 1552 778 1550
f 1345 1553 1546
f 19 1487 1112
f 365 1348 1413
f 1140 365 1551
f 722 1554 1549
f 1555 778 1552
f 1556 1553 1345
f 1557 1487 19
f 365 1558 1348
f 1211 1554 722
f 1559 778 1555
f 1560 1553 1556
f 1561 1487 1557
f 365 1562 1558
f 725 1554 1211
f 1559 746 778
f 1563 1553 1560
f 1564 1487 1561
f 365 1565 1562
f 725 528 1554
f 1566 746 1559
f 1487 1553 1563
f 365 1567 1565
f 725 1140 528
f 1568 746 1566
f 1564 1553 1487
f 365 1171 1567
f 1569 1140 725
f 1570 746 1568
f 1564 1571 1553
f 365 44 1171
f 1572 1140 1569
f 1573 746 1570
f 1564 1574 1571
f 1140 44 365
f 1575 1140 1572
f 1576 746 1573
f 1564 1577 1574
f 1140 29 44
f 729 1140 1575
f 1578 746 1576
f 1564 1579 1577
f 1140 1113 29
f 728 1140 729
f 1580 746 1578
f 1564 1581 1579
f 1140 1564 1113
f 1582 1140 728
f 1583 746 1580
f 1564 1584 1581
f 1582 1564 1140
f 1585 746 1583
f 1564 1586 1584
f 1587 1564 1582
f 1588 746 1585
f 1564 1589 1586
f 1590 1564 1587
f 895 746 1588
f 1564 1591 1589
f 1265 1564 1590
f 1101 746 895
f 1564 1592 1591
f 746 1564 1265
f 1593 746 1101
f 1564 1594 1592
f 1595 746 1593
f 1564 1596 1594
f 1597 746 1595
f 1564 1598 1596
f 1599 746 1597
f 1564 1600 1598
f 1601 746 1599
f 746 1600 1564
f 1602 746 1601
f 746 1602 1600
f 1603 1604 1605
f 1606 1607 1608
f 1607 1609 1610
f 1609 1611 1612
f 1613 1614 1615
f 1616 1617 1618
f 1617 1619 1620
f 1619 1621 1622
f 1623 1624 1625
f 1624 1626 1627
f 1626 1628 1629
f 1630 1631 1632
f 1633 1634 1635
f 1634 1636 1637
f 1638 1639 1640
f 1639 1641 1642
f 1641 1643 1644
f 1645 1646 1647
f 1646 1648 1649
f 1648 1650 1651
f 1652 1653 1654
f 1655 1656 1657
f 1656 1658 1659
f 1660 1661 1662
f 1661 1663 1664
f 1663 1665 1666
f 1665 1667 1668
f 1667 1669 1670
f 1669 1671 1672
f 1671 1673 1674
f 1675 1676 1677
f 1676 1678 1679
f 1680 1681 1682
f 1681 1683 1684
f 1683 1685 1686
f 1687 1605 1688
f 1605 1689 1603
f 1689 1690 1691
f 1692 1693 1694
f 1695 1696 1697
f 1698 1699 1700
f 1701 1702 1703
f 1702 1704 1705
f 1704 1706 1707
f 1708 1709 1710
f 1709 1711 1712
f 1711 1713 1714
f 1713 1715 1716
f 1717 1718 1719
f 1720 1721 1722
f 1721 1723 1724
f 1723 1725 1726
f 1725 1727 1728
f 1729 1730 1731
f 1730 1732 1733
f 1732 1734 1735
f 1736 1737 1738
f 1737 1739 1740
f 1739 1741 1742
f 1743 1744 1745
f 1744 1746 1747
f 1746 1748 1749
f 1750 1751 1752
f 1751 1753 1754
f 1753 1755 1756
f 1755 1757 1758
f 1757 1759 1760
f 1759 1761 1762
f 1761 1763 1764
f 1765 1766 1767
f 1766 1768 1769
f 1768 1770 1771
f 1770 1772 1773
f 1772 1774 1775
f 1776 1777 1778
f 1777 1779 1780
f 1779 1781 1782
f 1783 1784 1785
f 1786 1787 1788
f 1787 1789 1790
f 1791 1792 1793
f 1792 1794 1795
f 1794 1796 1797
f 1798 1799 1800
f 1799 1801 1802
f 1801 1803 1804
f 1803 1805 1806
f 1805 1807 1808
f 1807 1809 1810
f 1809 1811 1812
f 1811 1813 1814
f 1813 1815 1816
f 1815 1817 1818
f 1819 1820 1821
f 1820 1822 1823
f 1822 1824 1825
f 1824 1826 1827
f 1828 1829 1830
f 1829 1831 1832
f 1831 1833 1834
f 1833 1835 1836
f 1837 1838 1839
f 1838 1840 1841
f 1840 1842 1843
f 1842 1844 1845
f 1844 1846 1847
f 1846 1848 1849
f 1848 1850 1851
f 1852 1853 1854
f 1853 1855 1856
f 1855 1857 1858
f 1857 1859 1860
f 1859 1861 1862
f 1861 1863 1864
f 1863 1865 1866
f 1865 1867 1868
f 1869 1870 1871
f 1870 1872 1873
f 1872 1874 1875
f 1874 1876 1877
f 1876 1878 1879
f 1878 1880 1881
f 1882 1883 1884
f 1885 1886 1887
f 1886 1888 1889
f 1890 1891 1892
f 1891 1893 1894
f 1893 1895 1896
f 1895 1897 1898
f 1897 1899 1900
f 1899 1901 1902
f 1901 1903 1904
f 1905 1906 1907
f 1906 1908 1909
f 1910 1911 1912
f 1913 1914 1915
f 1914 1916 1917
f 1916 1918 1919
f 1918 1920 1921
f 1920 1922 1923
f 1922 1924 1925
f 1924 1926 1927
f 1926 1928 1929
f 1928 1930 1931
f 1932 1933 1934
f 1933 1935 1936
f 1935 1937 1938
f 1937 1939 1940
f 1941 1942 1943
f 1942 1944 1945
f 1944 1946 1947
f 1948 1949 1950
f 1949 1951 1952
f 1951 1953 1954
f 1953 1955 1956
f 1955 1957 1958
f 1959 1960 1961
f 1962 1963 1964
f 1963 1965 1966
f 1965 1967 1968
f 1969 1970 1971
f 1970 1972 1973
f 1972 1974 1975
f 1976 1977 1978
f 1977 1979 1980
f 1979 1981 1982
f 1983 1984 1985
f 1984 1986 1987
f 1986 1988 1989
f 1988 1990 1991
f 1990 1992 1993
f 1992 1994 1995
f 1994 1996 1997
f 1996 1998 1999
f 1998 2000 2001
f 2000 2002 2003
f 2002 2004 2005
f 2004 2006 2007
f 2006 2008 2009
f 2008 2010 2011
f 2010 2012 2013
f 2012 2014 2015
f 2014 2016 2017
f 2016 2018 2019
f 2018 2020 2021
f 2022 2023 2024
f 2023 2025 2026
f 2025 2027 2028
f 2027 2029 2030
f 2029 2031 2032
f 2031 2033 2034
f 2033 2035 2036
f 2037 2038 2039
f 2038 2040 2041
f 2042 2043 2044
f 2043 2045 2046
f 2047 2048 2049
f 2050 2051 2052
f 2051 2053 2054
f 2053 2055 2056
f 2055 2057 2058
f 2057 2059 2060
f 2059 2061 2062
f 2061 2063 2064
f 2063 2065 2066
f 2065 2067 2068
f 2067 2069 2070
f 2069 2071 2072
f 2071 2073 2074
f 2075 2076 2077
f 2076 2078 2079
f 2078 2080 2081
f 2080 2082 2083
f 2082 2084 2085
f 2084 2086 2087
f 2088 2089 2090
f 2091 2092 2093
f 2092 2094 2095
f 2094 2096 2097
f 2096 2098 2099
f 2100 2101 2102
f 2103 2104 2105
f 2104 2106 2107
f 2106 2108 2109
f 2110 2111 2112
f 2111 2113 2114
f 2113 2115 2116
f 2115 2117 2118
f 2117 2119 2120
f 2119 2121 2122
f 2121 2123 2124
f 2125 2126 2127
f 2126 2128 2129
f 2128 2130 2131
f 2132 2133 2134
f 2135 2136 2137
f 2138 2139 2140
f 2139 2141 2142
f 2141 2143 2144
f 2145 2146 2147
f 2146 2148 2149
f 2150 2151 2152
f 2151 2153 2154
f 2153 2155 2156
f 2155 2157 2158
f 2157 2159 2160
f 2161 2162 2163
f 2162 2164 2165
f 2164 2166 2167
f 2166 2168 2169
f 2168 2170 2171
f 2170 2172 2173
f 2172 2174 2175
f 2176 2177 2178
f 2177 2179 2180
f 2179 2181 2182
f 2181 2183 2184
f 2183 2185 2186
f 2185 2187 2188
f 2187 2189 2190
f 2189 2191 2192
f 2193 2194 2195
f 2194 2196 2197
f 2196 2198 2199
f 2200 2201 2202
f 2201 2203 2204
f 2205 2206 2207
f 2206 2208 2209
f 2208 2210 2211
f 2210 2212 2213
f 2212 2214 2215
f 2214 2216 2217
f 2218 2219 2220
f 2219 2221 2222
f 2221 2223 2224
f 2223 2225 2226
f 2225 2227 2228
f 2227 2229 2230
f 2231 2232 2233
f 2232 2234 2235
f 2234 2236 2237
f 2236 2238 2239
f 2238 2240 2241
f 2240 2242 2243
f 2242 2244 2245
f 2244 2246 2247
f 2248 2249 2250
f 2249 2251 2252
f 2251 2253 2254
f 2253 2255 2256
f 2255 2257 2258
f 2257 2259 2260
f 2259 2261 2262
f 2263 2264 2265
f 2264 2266 2267
f 2266 2268 2269
f 2268 2270 2271
f 2270 2272 2273
f 2274 2275 2276
f 2275 2277 2278
f 2277 2279 2280
f 2279 2281 2282
f 2281 2283 2284
f 2283 2285 2286
f 2287 2288 2289
f 2288 2290 2291
f 2290 2292 2293
f 2292 2294 2295
f 2294 2296 2297
f 2296 2298 2299
f 2298 2300 2301
f 2300 2302 2303
f 2302 2304 2305
f 2304 2306 2307
f 2308 2309 2310
f 2309 2311 2312
f 2313 2314 2315
f 2314 2316 2317
f 2316 2318 2319
f 2318 2320 2321
f 2320 2322 2323
f 2324 2325 2326
f 2327 2328 2329
f 2330 2331 2332
f 2333 2334 2335
f 2334 2336 2337
f 2336 2338 2339
f 2338 2340 2341
f 2340 2342 2343
f 2342 2344 2345
f 2344 2346 2347
f 2346 2348 2349
f 2348 2350 2351
f 2350 2352 2353
f 2352 2354 2355
f 2354 2356 2357
f 2356 2358 2359
f 2358 2360 2361
f 2360 2362 2363
f 2362 2364 2365
f 2364 2366 2367
f 2366 2368 2369
f 2368 2370 2371
f 2370 2372 2373
f 2372 2374 2375
f 2374 2376 2377
f 2376 2378 2379
f 2378 2380 2381
f 2382 2383 2384
f 2383 2385 2386
f 2385 2387 2388
f 2389 2390 2391
f 2390 2392 2393
f 2392 2394 2395
f 2394 2396 2397
f 2398 2399 2400
f 2399 2401 2402
f 2403 2404 2405
f 2404 2406 2407
f 2406 2408 2409
f 2408 2410 2411
f 2410 2412 2413
f 2412 2414 2415
f 2414 2416 2417
f 2418 2419 2420
f 2419 2421 2422
f 2421 2423 2424
f 2423 2425 2426
f 2427 2428 2429
f 2430 2431 2432
f 2431 2433 2434
f 2433 2435 2436
f 2437 2438 2439
f 2438 2440 2441
f 2440 2442 2443
f 2442 2444 2445
f 2444 2446 2447
f 2446 2448 2449
f 2450 2451 2452
f 2451 2453 2454
f 2453 2455 2456
f 2455 2457 2458
f 2457 2459 2460
f 2459 2461 2462
f 2461 2463 2464
f 2463 2465 2466
f 2465 2467 2468
f 2469 2470 2471
f 2470 2472 2473
f 2472 2474 2475
f 2474 2476 2477
f 2476 2478 2479
f 2478 2480 2481
f 2480 2482 2483
f 2484 2485 2486
f 2485 2487 2488
f 2487 2489 2490
f 2491 2492 2493
f 2492 2494 2495
f 2496 2497 2498
f 2499 2500 2501
f 2500 2502 2503
f 2502 2504 2505
f 2506 2507 2508
f 2507 2509 2510
f 2509 2511 2512
f 2511 2513 2514
f 2513 2515 2516
f 2515 2517 2518
f 2517 2519 2520
f 2519 2521 2522
f 2521 2523 2524
f 2523 2525 2526
f 2525 2527 2528
f 2527 2529 2530
f 2529 2531 2532
f 2531 2533 2534
f 2533 2535 2536
f 2535 2537 2538
f 2537 2539 2540
f 2539 2541 2542
f 2541 2543 2544
f 2545 2546 2547
f 2546 2548 2549
f 2548 2550 2551
f 2550 2552 2553
f 2552 2554 2555
f 2554 2556 2557
f 2558 2492 2495
f 2492 2559 2560
f 2559 2561 2562
f 2561 2563 2564
f 2565 2566 2567
f 2568 2569 2570
f 2571 2572 2573
f 2572 2574 2575
f 2574 2576 2577
f 2578 2579 2580
f 2581 2582 2583
f 2582 2584 2585
f 2584 2586 2587
f 2586 2588 2589
f 2588 2590 2591
f 2590 2592 2593
f 2592 2594 2595
f 2594 2596 2597
f 2596 2598 2599
f 2600 2601 2602
f 2601 2603 2604
f 2603 2605 2606
f 2605 2607 2608
f 2609 2610 2611
f 2610 2612 2613
f 2612 2614 2615
f 2614 2616 2617
f 2616 2618 2619
f 2618 2620 2621
f 2620 2622 2623
f 2622 2624 2625
f 2624 2626 2627
f 2628 2629 2630
f 2631 2632 2633
f 2632 2634 2635
f 2634 2636 2637
f 2636 2638 2639
f 2638 1699 2640
f 1699 2641 1700
f 2642 2643 2644
f 2643 2645 2646
f 2645 2647 2648
f 2649 2650 2651
f 2652 1603 2653
f 1603 2654 1604
f 1606 1609 1607
f 1609 2655 1611
f 1613 2656 1614
f 1616 1619 1617
f 1623 1626 1624
f 1626 1630 1628
f 1630 1633 1631
f 1633 1636 1634
f 2657 1639 1638
f 1639 1643 1641
f 1645 1648 1646
f 1648 2658 1650
f 2659 1653 1652
f 2660 1656 1655
f 1656 2661 1658
f 2662 1661 1660
f 1661 1665 1663
f 1665 1669 1667
f 1669 1673 1671
f 1673 1676 1675
f 1676 2663 1678
f 2664 1681 1680
f 1681 1685 1683
f 1687 1689 1605
f 1689 2665 1690
f 2666 1693 1692
f 2667 1696 1695
f 2668 1699 1698
f 2669 1702 1701
f 1702 1706 1704
f 1708 1711 1709
f 1711 1715 1713
f 1715 1718 1717
f 1720 1723 1721
f 1723 1727 1725
f 1729 1732 1730
f 2670 1737 1736
f 1737 1741 1739
f 1741 1744 1743
f 1744 1748 1746
f 1750 1753 1751
f 1753 1757 1755
f 1757 1761 1759
f 1761 2671 1763
f 1765 1768 1766
f 1768 1772 1770
f 2672 1777 1776
f 1777 1781 1779
f 1786 1789 1787
f 1789 1792 1791
f 1792 1796 1794
f 1796 1799 1798
f 1799 1803 1801
f 1803 1807 1805
f 1807 1811 1809
f 1811 1815 1813
f 1815 2673 1817
f 2673 1820 1819
f 1820 1824 1822
f 1824 2674 1826
f 1828 1831 1829
f 1831 1835 1833
f 2675 1838 1837
f 1838 1842 1840
f 1842 1846 1844
f 1846 1850 1848
f 1852 1855 1853
f 1855 1859 1857
f 1859 1863 1861
f 1865 2676 1867
f 1869 1872 1870
f 1872 1876 1874
f 1876 1880 1878
f 1882 2677 1883
f 1885 1888 1886
f 2678 1891 1890
f 1891 1895 1893
f 1895 1899 1897
f 1899 1903 1901
f 1905 1908 1906
f 1908 1911 1910
f 1913 1916 1914
f 1916 1920 1918
f 1922 1926 1924
f 1926 1930 1928
f 2679 1933 1932
f 1933 1937 1935
f 1937 2680 1939
f 2681 1942 1941
f 1942 1946 1944
f 1948 1951 1949
f 1951 1955 1953
f 2682 1960 1959
f 1962 1965 1963
f 2683 1970 1969
f 1970 1974 1972
f 2684 1977 1976
f 1977 1981 1979
f 1983 1986 1984
f 1988 1992 1990
f 1992 1996 1994
f 1996 2000 1998
f 2000 2004 2002
f 2004 2008 2006
f 2008 2012 2010
f 2012 2016 2014
f 2016 2020 2018
f 2685 2023 2022
f 2023 2027 2025
f 2027 2031 2029
f 2031 2035 2033
f 2038 2042 2040
f 2042 2045 2043
f 2047 2050 2048
f 2050 2053 2051
f 2053 2057 2055
f 2057 2061 2059
f 2061 2065 2063
f 2065 2069 2067
f 2069 2073 2071
f 2075 2078 2076
f 2078 2082 2080
f 2082 2086 2084
f 2091 2094 2092
f 2094 2098 2096
f 2686 2101 2100
f 2101 2104 2103
f 2104 2108 2106
f 2687 2111 2110
f 2111 2115 2113
f 2115 2119 2117
f 2119 2123 2121
f 2125 2128 2126
f 2133 2136 2135
f 2138 2141 2139
f 2141 2688 2143
f 2145 2148 2146
f 2148 2151 2150
f 2151 2155 2153
f 2155 2159 2157
f 2161 2164 2162
f 2164 2168 2166
f 2168 2172 2170
f 2176 2179 2177
f 2179 2183 2181
f 2183 2187 2185
f 2187 2191 2189
f 2193 2196 2194
f 2196 2200 2198
f 2200 2203 2201
f 2689 2206 2205
f 2206 2210 2208
f 2210 2214 2212
f 2214 2690 2216
f 2218 2221 2219
f 2223 2227 2225
f 2227 2691 2229
f 2692 2232 2231
f 2232 2236 2234
f 2236 2240 2238
f 2240 2244 2242
f 2244 2248 2246
f 2249 2253 2251
f 2253 2257 2255
f 2257 2261 2259
f 2263 2266 2264
f 2268 2272 2270
f 2272 2275 2274
f 2275 2279 2277
f 2279 2283 2281
f 2283 2693 2285
f 2287 2290 2288
f 2290 2294 2292
f 2294 2298 2296
f 2298 2302 2300
f 2302 2306 2304
f 2308 2311 2309
f 2313 2316 2314
f 2316 2320 2318
f 2320 2694 2322
f 2695 2328 2327
f 2333 2336 2334
f 2336 2340 2338
f 2340 2344 2342
f 2344 2348 2346
f 2348 2352 2350
f 2352 2356 2354
f 2356 2360 2358
f 2360 2364 2362
f 2364 2368 2366
f 2368 2372 2370
f 2372 2376 2374
f 2376 2380 2378
f 2696 2383 2382
f 2383 2387 2385
f 2389 2392 2390
f 2392 2396 2394
f 2697 2399 2398
f 2401 2404 2403
f 2404 2408 2406
f 2408 2412 2410
f 2412 2416 2414
f 2416 2419 2418
f 2419 2423 2421
f 2423 2698 2425
f 2699 2428 2427
f 2430 2433 2431
f 2700 2438 2437
f 2438 2442 2440
f 2442 2446 2444
f 2446 2701 2448
f 2450 2453 2451
f 2453 2457 2455
f 2457 2461 2459
f 2461 2465 2463
f 2465 2702 2467
f 2469 2472 2470
f 2472 2476 2474
f 2476 2480 2478
f 2484 2487 2485
f 2491 2494 2492
f 2496 2703 2497
f 2499 2502 2500
f 2502 2506 2504
f 2506 2509 2507
f 2509 2513 2511
f 2513 2517 2515
f 2517 2521 2519
f 2521 2525 2523
f 2525 2529 2527
f 2529 2533 2531
f 2533 2537 2535
f 2537 2541 2539
f 2704 2546 2545
f 2546 2550 2548
f 2550 2554 2552
f 2554 2705 2556
f 2706 2492 2558
f 2492 2561 2559
f 2561 2565 2563
f 2565 2707 2566
f 2708 2569 2568
f 2709 2572 2571
f 2572 2576 2574
f 2710 2579 2578
f 2581 2584 2582
f 2584 2588 2586
f 2588 2592 2590
f 2592 2596 2594
f 2598 2601 2600
f 2601 2605 2603
f 2612 2616 2614
f 2616 2620 2618
f 2620 2624 2622
f 2628 2631 2629
f 2631 2634 2632
f 2634 2638 2636
f 2638 2641 1699
f 2642 2645 2643
f 2649 2711 2650
f 2652 2654 1603
f 2712 1609 1606
f 1609 2713 2655
f 2714 1619 1616
f 2715 1626 1623
f 1630 1636 1633
f 2657 1643 1639
f 1645 2658 1648
f 2716 1653 2659
f 2717 1656 2660
f 1656 2718 2661
f 2662 1665 1661
f 1665 1673 1669
f 1673 2663 1676
f 2664 1685 1681
f 2719 1689 1687
f 2666 2720 1693
f 2667 2721 1696
f 2722 1699 2668
f 2669 1706 1702
f 2723 1711 1708
f 1715 2724 1718
f 2725 1723 1720
f 1723 1729 1727
f 1729 1734 1732
f 2670 1741 1737
f 1741 1748 1744
f 1750 1757 1753
f 1757 2671 1761
f 1765 1772 1768
f 1774 1777 2672
f 1777 2726 1781
f 1786 1792 1789
f 1792 1799 1796
f 1799 1807 1803
f 1807 1815 1811
f 2673 1824 1820
f 1824 2727 2674
f 1828 1835 1831
f 2675 1842 1838
f 1842 1850 1846
f 1852 1859 1855
f 1859 1865 1863
f 1865 2728 2676
f 2729 1872 1869
f 1872 1880 1876
f 2677 1888 1885
f 2678 1895 1891
f 1895 1903 1899
f 2730 1908 1905
f 1908 2731 1911
f 1913 1920 1916
f 1922 1930 1926
f 2732 1933 2679
f 1933 2680 1937
f 2681 1946 1942
f 2733 1951 1948
f 1951 1957 1955
f 1962 1967 1965
f 2683 1974 1970
f 2684 1981 1977
f 2734 1986 1983
f 1988 1996 1992
f 1996 2004 2000
f 2004 2012 2008
f 2012 2020 2016
f 2735 2023 2685
f 2023 2031 2027
f 2031 2736 2035
f 2038 2045 2042
f 2047 2053 2050
f 2053 2061 2057
f 2061 2069 2065
f 2069 2737 2073
f 2738 2078 2075
f 2078 2086 2082
f 2091 2098 2094
f 2686 2104 2101
f 2104 2739 2108
f 2740 2111 2687
f 2111 2119 2115
f 2119 2741 2123
f 2742 2128 2125
f 2133 2138 2136
f 2138 2688 2141
f 2743 2148 2145
f 2148 2155 2151
f 2155 2744 2159
f 2745 2164 2161
f 2164 2172 2168
f 2176 2183 2179
f 2183 2191 2187
f 2193 2200 2196
f 2200 2746 2203
f 2747 2206 2689
f 2206 2214 2210
f 2214 2748 2690
f 2749 2221 2218
f 2221 2227 2223
f 2227 2750 2691
f 2751 2232 2692
f 2232 2240 2236
f 2240 2248 2244
f 2249 2257 2253
f 2257 2263 2261
f 2263 2268 2266
f 2268 2275 2272
f 2275 2283 2279
f 2283 2752 2693
f 2287 2294 2290
f 2294 2302 2298
f 2302 2753 2306
f 2754 2311 2308
f 2311 2316 2313
f 2316 2694 2320
f 2755 2328 2695
f 2333 2340 2336
f 2340 2348 2344
f 2348 2356 2352
f 2356 2364 2360
f 2364 2372 2368
f 2372 2380 2376
f 2696 2387 2383
f 2756 2392 2389
f 2392 2757 2396
f 2697 2401 2399
f 2404 2412 2408
f 2412 2419 2416
f 2419 2698 2423
f 2699 2430 2428
f 2430 2435 2433
f 2758 2438 2700
f 2438 2446 2442
f 2446 2759 2701
f 2450 2457 2453
f 2457 2465 2461
f 2465 2760 2702
f 2469 2476 2472
f 2476 2482 2480
f 2761 2487 2484
f 2762 2494 2491
f 2499 2506 2502
f 2506 2513 2509
f 2513 2521 2517
f 2521 2529 2525
f 2529 2537 2533
f 2537 2543 2541
f 2704 2550 2546
f 2550 2705 2554
f 2763 2492 2706
f 2492 2565 2561
f 2764 2569 2708
f 2709 2576 2572
f 2765 2579 2710
f 2581 2588 2584
f 2588 2596 2592
f 2596 2601 2598
f 2601 2607 2605
f 2612 2620 2616
f 2620 2626 2624
f 2628 2634 2631
f 2634 2641 2638
f 2766 2645 2642
f 2649 2767 2711
f 2768 2654 2652
f 2769 1609 2712
f 1609 2770 2713
f 2714 1621 1619
f 2715 1630 1626
f 1630 2771 1636
f 2772 1643 2657
f 1645 2773 2658
f 2774 1653 2716
f 2775 1656 2717
f 1656 2776 2718
f 2776 1665 2662
f 1673 2777 2663
f 2778 1685 2664
f 2779 1689 2719
f 2666 2780 2720
f 2667 2781 2721
f 2781 1699 2722
f 2669 2782 1706
f 2723 1715 1711
f 2725 1729 1723
f 1729 2783 1734
f 2784 1741 2670
f 1741 2785 1748
f 2786 1757 1750
f 1765 1774 1772
f 1774 2726 1777
f 1786 1799 1792
f 1799 1815 1807
f 2673 2727 1824
f 2787 1835 1828
f 2788 1842 2675
f 1842 1852 1850
f 1852 1865 1859
f 1865 2789 2728
f 2790 1872 2729
f 1872 2791 1880
f 1882 1888 2677
f 2792 1895 2678
f 1895 2793 1903
f 2730 2731 1908
f 2794 1920 1913
f 1922 2795 1930
f 2796 1933 2732
f 1933 2797 2680
f 2797 1946 2681
f 2798 1951 2733
f 1951 2799 1957
f 2683 2800 1974
f 2684 2801 1981
f 2734 1988 1986
f 1988 2004 1996
f 2004 2020 2012
f 2802 2023 2735
f 2023 2736 2031
f 2047 2061 2053
f 2061 2737 2069
f 2803 2078 2738
f 2078 2804 2086
f 2805 2098 2091
f 2098 2104 2686
f 2104 2806 2739
f 2740 2119 2111
f 2119 2807 2741
f 2742 2130 2128
f 2138 2808 2688
f 2743 2155 2148
f 2745 2172 2164
f 2174 2183 2176
f 2183 2809 2191
f 2193 2746 2200
f 2746 2206 2747
f 2206 2748 2214
f 2749 2227 2221
f 2810 2232 2751
f 2232 2248 2240
f 2249 2263 2257
f 2268 2283 2275
f 2811 2294 2287
f 2294 2753 2302
f 2812 2311 2754
f 2311 2694 2316
f 2813 2328 2755
f 2333 2348 2340
f 2348 2364 2356
f 2364 2380 2372
f 2814 2387 2696
f 2756 2757 2392
f 2697 2404 2401
f 2404 2419 2412
f 2419 2815 2698
f 2699 2435 2430
f 2816 2438 2758
f 2438 2759 2446
f 2450 2465 2457
f 2465 2817 2760
f 2818 2476 2469
f 2476 2819 2482
f 2761 2489 2487
f 2820 2494 2762
f 2821 2506 2499
f 2506 2521 2513
f 2521 2537 2529
f 2537 2822 2543
f 2704 2705 2550
f 2823 2492 2763
f 2492 2707 2565
f 2707 2569 2764
f 2709 2824 2576
f 2825 2579 2765
f 2826 2588 2581
f 2588 2601 2596
f 2601 2827 2607
f 2612 2626 2620
f 2828 2634 2628
f 2634 2829 2641
f 2766 2647 2645
f 2649 2830 2767
f 2831 2654 2768
f 2832 1609 2769
f 1630 2833 2771
f 2772 2834 1643
f 2835 1653 2774
f 2775 2776 1656
f 2776 1673 1665
f 1673 2836 2777
f 2778 2837 1685
f 2838 1689 2779
f 2666 2839 2780
f 2667 1699 2781
f 2669 2840 2782
f 2841 1715 2723
f 2842 1729 2725
f 2843 1741 2784
f 1741 2844 2785
f 2845 1757 2786
f 1765 2726 1774
f 1784 1799 1786
f 1799 2673 1815
f 2673 2846 2727
f 2846 1835 2787
f 1835 1842 2788
f 1842 1865 1852
f 1865 2847 2789
f 2790 2791 1872
f 1882 2792 1888
f 2792 2793 1895
f 2848 2731 2730
f 2794 1922 1920
f 1922 2796 2795
f 2796 2797 1933
f 2797 2849 1946
f 2850 1951 2798
f 1951 2682 2799
f 2683 2851 2800
f 2684 2852 2801
f 2734 2004 1988
f 2004 2853 2020
f 2853 2023 2802
f 2023 2854 2736
f 2045 2061 2047
f 2061 2855 2737
f 2855 2078 2803
f 2078 2856 2804
f 2805 2104 2098
f 2104 2740 2806
f 2740 2807 2119
f 2138 2857 2808
f 2858 2155 2743
f 2859 2172 2745
f 2174 2809 2183
f 2860 2746 2193
f 2746 2748 2206
f 2861 2227 2749
f 2862 2232 2810
f 2232 2249 2248
f 2249 2268 2263
f 2268 2752 2283
f 2863 2294 2811
f 2294 2864 2753
f 2865 2311 2812
f 2311 2866 2694
f 2867 2348 2333
f 2348 2380 2364
f 2868 2387 2814
f 2869 2757 2756
f 2697 2419 2404
f 2419 2699 2815
f 2699 2816 2435
f 2816 2759 2438
f 2450 2817 2465
f 2870 2476 2818
f 2761 2871 2489
f 2872 2494 2820
f 2506 2537 2521
f 2704 2823 2705
f 2823 2707 2492
f 2707 2709 2569
f 2709 2873 2824
f 2874 2579 2825
f 2826 2601 2588
f 2612 2828 2626
f 2828 2829 2634
f 2875 2647 2766
f 2649 2876 2830
f 2877 2654 2831
f 2654 1609 2832
f 1630 2878 2833
f 2772 2879 2834
f 2880 1653 2835
f 2881 2776 2775
f 1673 2882 2836
f 2883 2837 2778
f 2837 1689 2838
f 2666 2884 2839
f 2667 2669 1699
f 2669 2841 2840
f 2885 1729 2842
f 2783 1741 2843
f 1741 2886 2844
f 2845 2671 1757
f 1765 2887 2726
f 1784 2673 1799
f 2673 1835 2846
f 1835 1865 1842
f 1865 2888 2847
f 2889 2791 2790
f 1882 2793 2792
f 2890 2731 2848
f 1922 2797 2796
f 2849 1951 2850
f 1951 1960 2682
f 2683 2891 2851
f 2684 2892 2852
f 2893 2004 2734
f 2004 2023 2853
f 2023 2894 2854
f 2038 2061 2045
f 2061 2078 2855
f 2895 2104 2805
f 2104 2807 2740
f 2138 2896 2857
f 2897 2155 2858
f 2898 2172 2859
f 2172 2809 2174
f 2899 2746 2860
f 2746 2900 2748
f 2900 2227 2861
f 2901 2232 2862
f 2232 2268 2249
f 2863 2864 2294
f 2902 2311 2865
f 2311 2903 2866
f 2904 2387 2868
f 2905 2757 2869
f 2697 2699 2419
f 2699 2759 2816
f 2450 2870 2817
f 2870 2819 2476
f 2761 2906 2871
f 2907 2494 2872
f 2506 2822 2537
f 2704 2707 2823
f 2709 2908 2873
f 2909 2579 2874
f 2910 2601 2826
f 2612 2829 2828
f 2649 2911 2876
f 2912 2654 2877
f 2654 2770 1609
f 1630 2913 2878
f 2913 2879 2772
f 2880 2914 1653
f 2915 2776 2881
f 1673 2916 2882
f 2883 1689 2837
f 2666 2917 2884
f 2918 2669 2667
f 2669 1715 2841
f 2919 1729 2885
f 1729 1741 2783
f 1741 2920 2886
f 2845 2921 2671
f 1765 2922 2887
f 1783 2673 1784
f 2673 1865 1835
f 1865 2923 2888
f 2924 2791 2889
f 2925 2793 1882
f 2926 2731 2890
f 1922 2849 2797
f 2849 1960 1951
f 2684 2893 2892
f 2893 2023 2004
f 2023 2927 2894
f 2061 2856 2078
f 2928 2104 2895
f 2104 2929 2807
f 2138 2930 2896
f 2931 2155 2897
f 2932 2172 2898
f 2172 2933 2809
f 2899 2900 2746
f 2900 2750 2227
f 2901 2268 2232
f 2934 2864 2863
f 2935 2311 2902
f 2311 2936 2903
f 2904 2937 2387
f 2938 2757 2905
f 2939 2699 2697
f 2699 2940 2759
f 2450 2819 2870
f 2941 2494 2907
f 2506 2942 2822
f 2943 2707 2704
f 2709 2944 2908
f 2945 2579 2909
f 2946 2601 2910
f 2610 2829 2612
f 2649 2947 2911
f 2948 2654 2912
f 2654 2949 2770
f 1630 2879 2913
f 2950 2914 2880
f 2915 1673 2776
f 2951 1689 2883
f 2666 2952 2917
f 2953 2669 2918
f 2954 1729 2919
f 1729 2920 1741
f 1765 2955 2922
f 2956 2673 1783
f 2673 2923 1865
f 2957 2791 2924
f 2958 2793 2925
f 2959 2731 2926
f 1922 1960 2849
f 2684 2023 2893
f 2023 2960 2927
f 2038 2856 2061
f 2961 2104 2928
f 2104 2962 2929
f 2138 2963 2930
f 2964 2155 2931
f 2965 2172 2932
f 2172 2966 2933
f 2899 2750 2900
f 2967 2268 2901
f 2752 2864 2934
f 2935 2936 2311
f 2968 2937 2904
f 2937 2757 2938
f 2939 2940 2699
f 2969 2819 2450
f 2970 2494 2941
f 2506 2971 2942
f 2972 2707 2943
f 2709 2973 2944
f 2945 2974 2579
f 2974 2601 2946
f 2610 2975 2829
f 2976 2654 2948
f 2654 2977 2949
f 1630 2978 2879
f 2950 2979 2914
f 2980 1673 2915
f 2951 2665 1689
f 2981 2669 2953
f 2982 1729 2954
f 1729 2983 2920
f 1765 2984 2955
f 2985 2673 2956
f 2673 2986 2923
f 2986 2791 2957
f 2987 2793 2958
f 2988 2731 2959
f 2794 1960 1922
f 2989 2023 2684
f 2023 2990 2960
f 2038 2991 2856
f 2961 2962 2104
f 2138 2992 2963
f 2993 2155 2964
f 2965 2966 2172
f 2994 2750 2899
f 2995 2268 2967
f 2752 2996 2864
f 2935 2997 2936
f 2998 2937 2968
f 2937 2999 2757
f 3000 2940 2939
f 3001 2819 2969
f 3002 2494 2970
f 2506 3003 2971
f 3004 2707 2972
f 2709 2945 2973
f 2945 2601 2974
f 2610 2875 2975
f 3005 2654 2976
f 2654 3006 2977
f 1630 3007 2978
f 2950 3008 2979
f 3009 1673 2980
f 3010 2665 2951
f 2981 1715 2669
f 2982 2983 1729
f 1765 3011 2984
f 3012 2673 2985
f 2986 2987 2791
f 2987 3013 2793
f 3014 2731 2988
f 3015 1960 2794
f 2891 2023 2989
f 2023 3016 2990
f 2038 3017 2991
f 3018 2962 2961
f 2992 2155 2993
f 3019 2966 2965
f 3020 2750 2994
f 3021 2268 2995
f 2752 3022 2996
f 2935 3023 2997
f 2998 2999 2937
f 2999 2940 3000
f 3024 2819 3001
f 3025 2494 3002
f 3026 2707 3004
f 2945 2827 2601
f 2610 2647 2875
f 3027 2654 3005
f 2654 1613 3006
f 1630 3028 3007
f 2950 3029 3008
f 3009 2916 1673
f 3010 2666 2665
f 3030 1715 2981
f 3031 2983 2982
f 1765 3032 3011
f 3012 2986 2673
f 2986 3013 2987
f 3014 3033 2731
f 3015 3034 1960
f 2683 2023 2891
f 2038 3035 3017
f 3036 2962 3018
f 2992 2744 2155
f 3037 2966 3019
f 3038 2750 3020
f 3039 2268 3021
f 2935 2324 3023
f 3040 2999 2998
f 2999 3041 2940
f 3041 2819 3024
f 2906 2494 3025
f 3042 2707 3026
f 2945 3043 2827
f 2610 3044 2647
f 3045 2654 3027
f 1630 3046 3028
f 3029 2916 3009
f 3010 2952 2666
f 3047 1715 3030
f 3048 2983 3031
f 1765 3049 3032
f 3049 2986 3012
f 2986 3050 3013
f 3014 3015 3033
f 3015 1962 3034
f 2683 3016 2023
f 2038 3051 3035
f 3052 2962 3036
f 2138 2744 2992
f 3053 2966 3037
f 3054 2750 3038
f 2750 2268 3039
f 3055 2999 3040
f 2999 2819 3041
f 2761 2494 2906
f 3056 2707 3042
f 2945 3057 3043
f 2610 3058 3044
f 3059 2654 3045
f 1630 1645 3046
f 3029 3060 2916
f 3061 2952 3010
f 3047 2724 1715
f 3062 2983 3048
f 1765 2986 3049
f 2986 3063 3050
f 3015 1967 1962
f 2683 3064 3016
f 2038 3065 3051
f 3066 2962 3052
f 2138 3067 2744
f 3068 2966 3053
f 3069 2750 3054
f 2750 2752 2268
f 3070 2999 3055
f 2999 3071 2819
f 3072 2494 2761
f 3073 2707 3056
f 2945 3074 3057
f 2610 3075 3058
f 3059 1613 2654
f 3076 2952 3061
f 3077 2724 3047
f 3078 2983 3062
f 3079 2986 1765
f 2986 3080 3063
f 2683 3081 3064
f 2038 3082 3065
f 3083 2962 3066
f 2138 3084 3067
f 3085 2966 3068
f 2966 2750 3069
f 2750 3022 2752
f 3086 2999 3070
f 2999 3072 3071
f 3072 3087 2494
f 3003 2707 3073
f 2945 3088 3074
f 2609 3075 2610
f 3089 1613 3059
f 3090 2952 3076
f 3077 3091 2724
f 3091 2983 3078
f 3092 2986 3079
f 2986 3014 3080
f 2683 3093 3081
f 2038 3094 3082
f 3095 2962 3083
f 2138 3096 3084
f 3097 2966 3085
f 2966 3022 2750
f 3098 2999 3086
f 3072 3099 3087
f 2506 2707 3003
f 2945 3100 3088
f 3101 3075 2609
f 3089 2656 1613
f 3090 3077 2952
f 3077 2983 3091
f 3102 2986 3092
f 2986 3015 3014
f 2683 3103 3093
f 2038 3104 3094
f 3095 3105 2962
f 2138 3106 3096
f 3097 3022 2966
f 3107 2999 3098
f 3072 3108 3099
f 2506 2709 2707
f 2945 3109 3100
f 3101 3110 3075
f 3089 3111 2656
f 3090 2983 3077
f 3112 2986 3102
f 2683 2037 3103
f 2038 2088 3104
f 3095 3113 3105
f 2138 3097 3106
f 3097 2935 3022
f 3114 2999 3107
f 3072 3115 3108
f 2506 2945 2709
f 3116 3110 3101
f 3089 3117 3111
f 3118 2983 3090
f 3119 2986 3112
f 2683 2038 2037
f 2038 2089 2088
f 3095 3120 3113
f 2138 2935 3097
f 3114 3072 2999
f 3072 3121 3115
f 2821 2945 2506
f 3122 3110 3116
f 3089 3123 3117
f 3060 2983 3118
f 2921 2986 3119
f 2683 2089 2038
f 3095 3124 3120
f 2133 2935 2138
f 3125 3072 3114
f 3072 3126 3121
f 3127 2945 2821
f 3122 3128 3110
f 3089 3129 3123
f 3029 2983 3060
f 2845 2986 2921
f 1967 2089 2683
f 3095 3130 3124
f 2132 2935 2133
f 3131 3072 3125
f 3072 3132 3126
f 3127 3109 2945
f 3109 3128 3122
f 3089 3133 3129
f 2950 2983 3029
f 3134 2986 2845
f 1967 3095 2089
f 3095 3135 3130
f 3136 2935 2132
f 3131 3132 3072
f 3137 3109 3127
f 3109 3138 3128
f 3089 3139 3133
f 2950 3140 2983
f 3134 3015 2986
f 1967 3135 3095
f 3141 2935 3136
f 2380 3132 3131
f 3142 3109 3137
f 3109 2649 3138
f 3089 3143 3139
f 2950 3144 3140
f 3145 3015 3134
f 1967 3146 3135
f 3141 2324 2935
f 2380 3147 3132
f 3148 3109 3142
f 3109 2947 2649
f 3089 3149 3143
f 2950 3145 3144
f 1967 3150 3146
f 3151 2324 3141
f 2380 3152 3147
f 3148 2947 3109
f 3089 2714 3149
f 2950 3015 3145
f 1967 3153 3150
f 3151 2325 2324
f 2380 3154 3152
f 3155 2947 3148
f 3089 1621 2714
f 2950 1967 3015
f 1967 2742 3153
f 3156 2325 3151
f 2380 3157 3154
f 3155 3158 2947
f 3089 3159 1621
f 3160 1967 2950
f 3156 2813 2325
f 2380 3161 3157
f 3155 3162 3158
f 3089 3163 3159
f 3164 1967 3160
f 3156 2328 2813
f 2348 3161 2380
f 3155 3165 3162
f 3089 3166 3163
f 3167 1967 3164
f 2130 2328 3156
f 2348 3168 3161
f 3155 3089 3165
f 3169 1967 3167
f 2742 2328 2130
f 2348 3170 3168
f 3155 3166 3089
f 2773 1967 3169
f 2742 3171 2328
f 2348 3172 3170
f 3173 3166 3155
f 1645 1967 2773
f 2742 3174 3171
f 2348 3175 3172
f 3176 3166 3173
f 1645 2742 1967
f 2742 3177 3174
f 2348 3178 3175
f 3179 3166 3176
f 1630 2742 1645
f 2742 2330 3177
f 2348 3180 3178
f 3181 3166 3179
f 2715 2742 1630
f 2742 2331 2330
f 2348 3182 3180
f 3183 3166 3181
f 3166 2742 2715
f 2742 3184 2331
f 2348 3185 3182
f 3186 3166 3183
f 3166 3184 2742
f 2348 3187 3185
f 3188 3166 3186
f 3166 3189 3184
f 2348 3190 3187
f 3191 3166 3188
f 3166 3192 3189
f 2348 2496 3190
f 3193 3166 3191
f 3166 2867 3192
f 2348 2703 2496
f 3194 3166 3193
f 3166 2348 2867
f 2348 3195 2703
f 3196 3166 3194
f 2348 3197 3195
f 3198 3166 3196
f 2348 3199 3197
f 3200 3166 3198
f 2348 3201 3199
f 3202 3166 3200
f 2348 3203 3201
f 3202 2348 3166
f 2348 3204 3203
f 3204 2348 3202
f 823 2425 1096
f 1096 2425 2698
f 1096 2698 1213
f 1213 2698 2815
f 1213 2815 1097
f 1097 2815 2699
f 1097 2699 826
f 826 2699 2427
f 826 2427 827
f 827 2427 2429
f 827 2429 825
f 825 2429 2428
f 825 2428 829
f 829 2428 2430
f 829 2430 830
f 830 2430 2432
f 830 2432 828
f 828 2432 2431
f 828 2431 832
f 832 2431 2434
f 832 2434 831
f 831 2434 2433
f 831 2433 834
f 834 2433 2436
f 834 2436 833
f 833 2436 2435
f 833 2435 1214
f 1214 2435 2816
f 1214 2816 1156
f 1156 2816 2758
f 1156 2758 1098
f 1098 2758 2700
f 1098 2700 836
f 836 2700 2437
f 836 2437 837
f 837 2437 2439
f 837 2439 835
f 835 2439 2438
f 835 2438 839
f 839 2438 2441
f 839 2441 838
f 838 2441 2440
f 838 2440 841
f 841 2440 2443
f 841 2443 840
f 840 2443 2442
f 840 2442 843
f 843 2442 2445
f 843 2445 842
f 842 2445 2444
f 842 2444 845
f 845 2444 2447
f 845 2447 844
f 844 2447 2446
f 844 2446 847
f 847 2446 2449
f 847 2449 846
f 846 2449 2448
f 846 2448 1099
f 1099 2448 2701
f 1099 2701 1157
f 1157 2701 2759
f 1157 2759 1338
f 1338 2759 2940
f 1338 2940 1439
f 1439 2940 3041
f 1439 3041 1422
f 1422 3041 3024
f 1422 3024 1399
f 1399 3024 3001
f 1399 3001 1367
f 1367 3001 2969
f 1367 2969 849
f 849 2969 2450
f 849 2450 850
f 850 2450 2452
f 850 2452 848
f 848 2452 2451
f 848 2451 852
f 852 2451 2454
f 852 2454 851
f 851 2454 2453
f 851 2453 854
f 854 2453 2456
f 854 2456 853
f 853 2456 2455
f 853 2455 856
f 856 2455 2458
f 856 2458 855
f 855 2458 2457
f 855 2457 858
f 858 2457 2460
f 858 2460 857
f 857 2460 2459
f 857 2459 860
f 860 2459 2462
f 860 2462 859
f 859 2462 2461
f 859 2461 862
f 862 2461 2464
f 862 2464 861
f 861 2464 2463
f 861 2463 864
f 864 2463 2466
f 864 2466 863
f 863 2466 2465
f 863 2465 866
f 866 2465 2468
f 866 2468 865
f 865 2468 2467
f 865 2467 1100
f 1100 2467 2702
f 1100 2702 1158
f 1158 2702 2760
f 1158 2760 1215
f 1215 2760 2817
f 1215 2817 1268
f 1268 2817 2870
f 1268 2870 1216
f 1216 2870 2818
f 1216 2818 868
f 868 2818 2469
f 868 2469 869
f 869 2469 2471
f 869 2471 867
f 867 2471 2470
f 867 2470 871
f 871 2470 2473
f 871 2473 870
f 870 2473 2472
f 870 2472 873
f 873 2472 2475
f 873 2475 872
f 872 2475 2474
f 872 2474 875
f 875 2474 2477
f 875 2477 874
f 874 2477 2476
f 874 2476 877
f 877 2476 2479
f 877 2479 876
f 876 2479 2478
f 876 2478 879
f 879 2478 2481
f 879 2481 878
f 878 2481 2480
f 878 2480 881
f 881 2480 2483
f 881 2483 880
f 880 2483 2482
f 880 2482 1217
f 1217 2482 2819
f 1217 2819 1469
f 1469 2819 3071
f 1469 3071 1470
f 1470 3071 3072
f 1470 3072 1159
f 1159 3072 2761
f 1159 2761 883
f 883 2761 2484
f 883 2484 884
f 884 2484 2486
f 884 2486 882
f 882 2486 2485
f 882 2485 886
f 886 2485 2488
f 886 2488 885
f 885 2488 2487
f 885 2487 888
f 888 2487 2490
f 888 2490 887
f 887 2490 2489
f 887 2489 1269
f 1269 2489 2871
f 1269 2871 1304
f 1304 2871 2906
f 1304 2906 1423
f 1423 2906 3025
f 1423 3025 1400
f 1400 3025 3002
f 1400 3002 1368
f 1368 3002 2970
f 1368 2970 1339
f 1339 2970 2941
f 1339 2941 1305
f 1305 2941 2907
f 1305 2907 1270
f 1270 2907 2872
f 1270 2872 1218
f 1218 2872 2820
f 1218 2820 1160
f 1160 2820 2762
f 1160 2762 890
f 890 2762 2491
f 890 2491 891
f 891 2491 2493
f 891 2493 889
f 889 2493 2492
f 889 2492 958
f 958 2492 2560
f 958 2560 957
f 957 2560 2559
f 957 2559 960
f 960 2559 2562
f 960 2562 959
f 959 2562 2561
f 959 2561 962
f 962 2561 2564
f 962 2564 961
f 961 2564 2563
f 961 2563 964
f 964 2563 2565
f 964 2565 965
f 965 2565 2567
f 965 2567 963
f 963 2567 2566
f 963 2566 1105
f 1105 2566 2707
f 1105 2707 1162
f 1162 2707 2764
f 1162 2764 1106
f 1106 2764 2708
f 1106 2708 967
f 967 2708 2568
f 967 2568 968
f 968 2568 2570
f 968 2570 966
f 966 2570 2569
f 966 2569 1107
f 1107 2569 2709
f 1107 2709 970
f 970 2709 2571
f 970 2571 971
f 971 2571 2573
f 971 2573 969
f 969 2573 2572
f 969 2572 973
f 973 2572 2575
f 973 2575 972
f 972 2575 2574
f 972 2574 975
f 975 2574 2577
f 975 2577 974
f 974 2577 2576
f 974 2576 1222
f 1222 2576 2824
f 1222 2824 1271
f 1271 2824 2873
f 1271 2873 1306
f 1306 2873 2908
f 1306 2908 1342
f 1342 2908 2944
f 1342 2944 1371
f 1371 2944 2973
f 1371 2973 1343
f 1343 2973 2945
f 1343 2945 1307
f 1307 2945 2909
f 1307 2909 1272
f 1272 2909 2874
f 1272 2874 1223
f 1223 2874 2825
f 1223 2825 1163
f 1163 2825 2765
f 1163 2765 1108
f 1108 2765 2710
f 1108 2710 977
f 977 2710 2578
f 977 2578 978
f 978 2578 2580
f 978 2580 976
f 976 2580 2579
f 976 2579 1372
f 1372 2579 2974
f 1372 2974 1344
f 1344 2974 2946
f 1344 2946 1308
f 1308 2946 2910
f 1308 2910 1224
f 1224 2910 2826
f 1224 2826 980
f 980 2826 2581
f 980 2581 981
f 981 2581 2583
f 981 2583 979
f 979 2583 2582
f 979 2582 983
f 983 2582 2585
f 983 2585 982
f 982 2585 2584
f 982 2584 985
f 985 2584 2587
f 985 2587 984
f 984 2587 2586
f 984 2586 987
f 987 2586 2589
f 987 2589 986
f 986 2589 2588
f 986 2588 989
f 989 2588 2591
f 989 2591 988
f 988 2591 2590
f 988 2590 991
f 991 2590 2593
f 991 2593 990
f 990 2593 2592
f 990 2592 993
f 993 2592 2595
f 993 2595 992
f 992 2595 2594
f 992 2594 995
f 995 2594 2597
f 995 2597 994
f 994 2597 2596
f 994 2596 997
f 997 2596 2599
f 997 2599 996
f 996 2599 2598
f 996 2598 999
f 999 2598 2600
f 999 2600 1000
f 1000 2600 2602
f 1000 2602 998
f 998 2602 2601
f 998 2601 1002
f 1002 2601 2604
f 1002 2604 1001
f 1001 2604 2603
f 1001 2603 1004
f 1004 2603 2606
f 1004 2606 1003
f 1003 2606 2605
f 1003 2605 1006
f 1006 2605 2608
f 1006 2608 1005
f 1005 2608 2607
f 1005 2607 1225
f 1225 2607 2827
f 1225 2827 1441
f 1441 2827 3043
f 1441 3043 1455
f 1455 3043 3057
f 1455 3057 1472
f 1472 3057 3074
f 1472 3074 1486
f 1486 3074 3088
f 1486 3088 1498
f 1498 3088 3100
f 1498 3100 1507
f 1507 3100 3109
f 1507 3109 1520
f 1520 3109 3122
f 1520 3122 1514
f 1514 3122 3116
f 1514 3116 1499
f 1499 3116 3101
f 1499 3101 1008
f 1008 3101 2609
f 1008 2609 1009
f 1009 2609 2611
f 1009 2611 1007
f 1007 2611 2610
f 1007 2610 1011
f 1011 2610 2613
f 1011 2613 1010
f 1010 2613 2612
f 1010 2612 1013
f 1013 2612 2615
f 1013 2615 1012
f 1012 2615 2614
f 1012 2614 1015
f 1015 2614 2617
f 1015 2617 1014
f 1014 2617 2616
f 1014 2616 1017
f 1017 2616 2619
f 1017 2619 1016
f 1016 2619 2618
f 1016 2618 1019
f 1019 2618 2621
f 1019 2621 1018
f 1018 2621 2620
f 1018 2620 1021
f 1021 2620 2623
f 1021 2623 1020
f 1020 2623 2622
f 1020 2622 1023
f 1023 2622 2625
f 1023 2625 1022
f 1022 2625 2624
f 1022 2624 1025
f 1025 2624 2627
f 1025 2627 1024
f 1024 2627 2626
f 1024 2626 1226
f 1226 2626 2828
f 1226 2828 1027
f 1027 2828 2628
f 1027 2628 1028
f 1028 2628 2630
f 1028 2630 1026
f 1026 2630 2629
f 1026 2629 1030
f 1030 2629 2631
f 1030 2631 1031
f 1031 2631 2633
f 1031 2633 1029
f 1029 2633 2632
f 1029 2632 1033
f 1033 2632 2635
f 1033 2635 1032
f 1032 2635 2634
f 1032 2634 1035
f 1035 2634 2637
f 1035 2637 1034
f 1034 2637 2636
f 1034 2636 1037
f 1037 2636 2639
f 1037 2639 1036
f 1036 2639 2638
f 1036 2638 1038
f 1038 2638 2640
f 1038 2640 96
f 96 2640 1699
f 96 1699 1067
f 1067 1699 2669
f 1067 2669 100
f 100 2669 1701
f 100 1701 101
f 101 1701 1703
f 101 1703 99
f 99 1703 1702
f 99 1702 103
f 103 1702 1705
f 103 1705 102
f 102 1705 1704
f 102 1704 105
f 105 1704 1707
f 105 1707 104
f 104 1707 1706
f 104 1706 1180
f 1180 1706 2782
f 1180 2782 1238
f 1238 2782 2840
f 1238 2840 1239
f 1239 2840 2841
f 1239 2841 1121
f 1121 2841 2723
f 1121 2723 107
f 107 2723 1708
f 107 1708 108
f 108 1708 1710
f 108 1710 106
f 106 1710 1709
f 106 1709 110
f 110 1709 1712
f 110 1712 109
f 109 1712 1711
f 109 1711 112
f 112 1711 1714
f 112 1714 111
f 111 1714 1713
f 111 1713 114
f 114 1713 1716
f 114 1716 113
f 113 1716 1715
f 113 1715 116
f 116 1715 1717
f 116 1717 117
f 117 1717 1719
f 117 1719 115
f 115 1719 1718
f 115 1718 1122
f 1122 1718 2724
f 1122 2724 1489
f 1489 2724 3091
f 1489 3091 1476
f 1476 3091 3078
f 1476 3078 1460
f 1460 3078 3062
f 1460 3062 1446
f 1446 3062 3048
f 1446 3048 1429
f 1429 3048 3031
f 1429 3031 1380
f 1380 3031 2982
f 1380 2982 1352
f 1352 2982 2954
f 1352 2954 1317
f 1317 2954 2919
f 1317 2919 1283
f 1283 2919 2885
f 1283 2885 1240
f 1240 2885 2842
f 1240 2842 1123
f 1123 2842 2725
f 1123 2725 119
f 119 2725 1720
f 119 1720 120
f 120 1720 1722
f 120 1722 118
f 118 1722 1721
f 118 1721 122
f 122 1721 1724
f 122 1724 121
f 121 1724 1723
f 121 1723 124
f 124 1723 1726
f 124 1726 123
f 123 1726 1725
f 123 1725 126
f 126 1725 1728
f 126 1728 125
f 125 1728 1727
f 125 1727 128
f 128 1727 1729
f 128 1729 129
f 129 1729 1731
f 129 1731 127
f 127 1731 1730
f 127 1730 131
f 131 1730 1733
f 131 1733 130
f 130 1733 1732
f 130 1732 133
f 133 1732 1735
f 133 1735 132
f 132 1735 1734
f 132 1734 1181
f 1181 1734 2783
f 1181 2783 1241
f 1241 2783 2843
f 1241 2843 1182
f 1182 2843 2784
f 1182 2784 1068
f 1068 2784 2670
f 1068 2670 135
f 135 2670 1736
f 135 1736 136
f 136 1736 1738
f 136 1738 134
f 134 1738 1737
f 134 1737 138
f 138 1737 1740
f 138 1740 137
f 137 1740 1739
f 137 1739 140
f 140 1739 1742
f 140 1742 139
f 139 1742 1741
f 139 1741 142
f 142 1741 1743
f 142 1743 143
f 143 1743 1745
f 143 1745 141
f 141 1745 1744
f 141 1744 145
f 145 1744 1747
f 145 1747 144
f 144 1747 1746
f 144 1746 147
f 147 1746 1749
f 147 1749 146
f 146 1749 1748
f 146 1748 1183
f 1183 1748 2785
f 1183 2785 1242
f 1242 2785 2844
f 1242 2844 1284
f 1284 2844 2886
f 1284 2886 1318
f 1318 2886 2920
f 1318 2920 1381
f 1381 2920 2983
f 1381 2983 1538
f 1538 2983 3140
f 1538 3140 1542
f 1542 3140 3144
f 1542 3144 1543
f 1543 3144 3145
f 1543 3145 1532
f 1532 3145 3134
f 1532 3134 1243
f 1243 3134 2845
f 1243 2845 1184
f 1184 2845 2786
f 1184 2786 149
f 149 2786 1750
f 149 1750 150
f 150 1750 1752
f 150 1752 148
f 148 1752 1751
f 148 1751 152
f 152 1751 1754
f 152 1754 151
f 151 1754 1753
f 151 1753 154
f 154 1753 1756
f 154 1756 153
f 153 1756 1755
f 153 1755 156
f 156 1755 1758
f 156 1758 155
f 155 1758 1757
f 155 1757 158
f 158 1757 1760
f 158 1760 157
f 157 1760 1759
f 157 1759 160
f 160 1759 1762
f 160 1762 159
f 159 1762 1761
f 159 1761 162
f 162 1761 1764
f 162 1764 161
f 161 1764 1763
f 161 1763 1069
f 1069 1763 2671
f 1069 2671 1319
f 1319 2671 2921
f 1319 2921 1517
f 1517 2921 3119
f 1517 3119 1510
f 1510 3119 3112
f 1510 3112 1500
f 1500 3112 3102
f 1500 3102 1490
f 1490 3102 3092
f 1490 3092 1477
f 1477 3092 3079
f 1477 3079 164
f 164 3079 1765
f 164 1765 165
f 165 1765 1767
f 165 1767 163
f 163 1767 1766
f 163 1766 167
f 167 1766 1769
f 167 1769 166
f 166 1769 1768
f 166 1768 169
f 169 1768 1771
f 169 1771 168
f 168 1771 1770
f 168 1770 171
f 171 1770 1773
f 171 1773 170
f 170 1773 1772
f 170 1772 173
f 173 1772 1775
f 173 1775 172
f 172 1775 1774
f 172 1774 1070
f 1070 1774 2672
f 1070 2672 175
f 175 2672 1776
f 175 1776 176
f 176 1776 1778
f 176 1778 174
f 174 1778 1777
f 174 1777 178
f 178 1777 1780
f 178 1780 177
f 177 1780 1779
f 177 1779 180
f 180 1779 1782
f 180 1782 179
f 179 1782 1781
f 179 1781 1124
f 1124 1781 2726
f 1124 2726 1285
f 1285 2726 2887
f 1285 2887 1320
f 1320 2887 2922
f 1320 2922 1353
f 1353 2922 2955
f 1353 2955 1382
f 1382 2955 2984
f 1382 2984 1409
f 1409 2984 3011
f 1409 3011 1430
f 1430 3011 3032
f 1430 3032 1447
f 1447 3032 3049
f 1447 3049 1410
f 1410 3049 3012
f 1410 3012 1383
f 1383 3012 2985
f 1383 2985 1354
f 1354 2985 2956
f 1354 2956 182
f 182 2956 1783
f 182 1783 183
f 183 1783 1785
f 183 1785 181
f 181 1785 1784
f 181 1784 185
f 185 1784 1786
f 185 1786 186
f 186 1786 1788
f 186 1788 184
f 184 1788 1787
f 184 1787 188
f 188 1787 1790
f 188 1790 187
f 187 1790 1789
f 187 1789 190
f 190 1789 1791
f 190 1791 191
f 191 1791 1793
f 191 1793 189
f 189 1793 1792
f 189 1792 193
f 193 1792 1795
f 193 1795 192
f 192 1795 1794
f 192 1794 195
f 195 1794 1797
f 195 1797 194
f 194 1797 1796
f 194 1796 197
f 197 1796 1798
f 197 1798 198
f 198 1798 1800
f 198 1800 196
f 196 1800 1799
f 196 1799 200
f 200 1799 1802
f 200 1802 199
f 199 1802 1801
f 199 1801 202
f 202 1801 1804
f 202 1804 201
f 201 1804 1803
f 201 1803 204
f 204 1803 1806
f 204 1806 203
f 203 1806 1805
f 203 1805 206
f 206 1805 1808
f 206 1808 205
f 205 1808 1807
f 205 1807 208
f 208 1807 1810
f 208 1810 207
f 207 1810 1809
f 207 1809 210
f 210 1809 1812
f 210 1812 209
f 209 1812 1811
f 209 1811 212
f 212 1811 1814
f 212 1814 211
f 211 1814 1813
f 211 1813 214
f 214 1813 1816
f 214 1816 213
f 213 1816 1815
f 213 1815 216
f 216 1815 1818
f 216 1818 215
f 215 1818 1817
f 215 1817 1071
f 1071 1817 2673
f 1071 2673 218
f 218 2673 1819
f 218 1819 219
f 219 1819 1821
f 219 1821 217
f 217 1821 1820
f 217 1820 221
f 221 1820 1823
f 221 1823 220
f 220 1823 1822
f 220 1822 223
f 223 1822 1825
f 223 1825 222
f 222 1825 1824
f 222 1824 225
f 225 1824 1827
f 225 1827 224
f 224 1827 1826
f 224 1826 1072
f 1072 1826 2674
f 1072 2674 1125
f 1125 2674 2727
f 1125 2727 1244
f 1244 2727 2846
f 1244 2846 1185
f 1185 2846 2787
f 1185 2787 227
f 227 2787 1828
f 227 1828 228
f 228 1828 1830
f 228 1830 226
f 226 1830 1829
f 226 1829 230
f 230 1829 1832
f 230 1832 229
f 229 1832 1831
f 229 1831 232
f 232 1831 1834
f 232 1834 231
f 231 1834 1833
f 231 1833 234
f 234 1833 1836
f 234 1836 233
f 233 1836 1835
f 233 1835 1186
f 1186 1835 2788
f 1186 2788 1073
f 1073 2788 2675
f 1073 2675 236
f 236 2675 1837
f 236 1837 237
f 237 1837 1839
f 237 1839 235
f 235 1839 1838
f 235 1838 239
f 239 1838 1841
f 239 1841 238
f 238 1841 1840
f 238 1840 241
f 241 1840 1843
f 241 1843 240
f 240 1843 1842
f 240 1842 243
f 243 1842 1845
f 243 1845 242
f 242 1845 1844
f 242 1844 245
f 245 1844 1847
f 245 1847 244
f 244 1847 1846
f 244 1846 247
f 247 1846 1849
f 247 1849 246
f 246 1849 1848
f 246 1848 249
f 249 1848 1851
f 249 1851 248
f 248 1851 1850
f 248 1850 251
f 251 1850 1852
f 251 1852 252
f 252 1852 1854
f 252 1854 250
f 250 1854 1853
f 250 1853 254
f 254 1853 1856
f 254 1856 253
f 253 1856 1855
f 253 1855 256
f 256 1855 1858
f 256 1858 255
f 255 1858 1857
f 255 1857 258
f 258 1857 1860
f 258 1860 257
f 257 1860 1859
f 257 1859 260
f 260 1859 1862
f 260 1862 259
f 259 1862 1861
f 259 1861 262
f 262 1861 1864
f 262 1864 261
f 261 1864 1863
f 261 1863 264
f 264 1863 1866
f 264 1866 263
f 263 1866 1865
f 263 1865 266
f 266 1865 1868
f 266 1868 265
f 265 1868 1867
f 265 1867 1074
f 1074 1867 2676
f 1074 2676 1126
f 1126 2676 2728
f 1126 2728 1187
f 1187 2728 2789
f 1187 2789 1245
f 1245 2789 2847
f 1245 2847 1286
f 1286 2847 2888
f 1286 2888 1321
f 1321 2888 2923
f 1321 2923 1384
f 1384 2923 2986
f 1384 2986 1355
f 1355 2986 2957
f 1355 2957 1322
f 1322 2957 2924
f 1322 2924 1287
f 1287 2924 2889
f 1287 2889 1188
f 1188 2889 2790
f 1188 2790 1127
f 1127 2790 2729
f 1127 2729 268
f 268 2729 1869
f 268 1869 269
f 269 1869 1871
f 269 1871 267
f 267 1871 1870
f 267 1870 271
f 271 1870 1873
f 271 1873 270
f 270 1873 1872
f 270 1872 273
f 273 1872 1875
f 273 1875 272
f 272 1875 1874
f 272 1874 275
f 275 1874 1877
f 275 1877 274
f 274 1877 1876
f 274 1876 277
f 277 1876 1879
f 277 1879 276
f 276 1879 1878
f 276 1878 279
f 279 1878 1881
f 279 1881 278
f 278 1881 1880
f 278 1880 1189
f 1189 1880 2791
f 1189 2791 1385
f 1385 2791 2987
f 1385 2987 1356
f 1356 2987 2958
f 1356 2958 1323
f 1323 2958 2925
f 1323 2925 281
f 281 2925 1882
f 281 1882 282
f 282 1882 1884
f 282 1884 280
f 280 1884 1883
f 280 1883 1075
f 1075 1883 2677
f 1075 2677 284
f 284 2677 1885
f 284 1885 285
f 285 1885 1887
f 285 1887 283
f 283 1887 1886
f 283 1886 287
f 287 1886 1889
f 287 1889 286
f 286 1889 1888
f 286 1888 1190
f 1190 1888 2792
f 1190 2792 1076
f 1076 2792 2678
f 1076 2678 289
f 289 2678 1890
f 289 1890 290
f 290 1890 1892
f 290 1892 288
f 288 1892 1891
f 288 1891 292
f 292 1891 1894
f 292 1894 291
f 291 1894 1893
f 291 1893 294
f 294 1893 1896
f 294 1896 293
f 293 1896 1895
f 293 1895 296
f 296 1895 1898
f 296 1898 295
f 295 1898 1897
f 295 1897 298
f 298 1897 1900
f 298 1900 297
f 297 1900 1899
f 297 1899 300
f 300 1899 1902
f 300 1902 299
f 299 1902 1901
f 299 1901 302
f 302 1901 1904
f 302 1904 301
f 301 1904 1903
f 301 1903 1191
f 1191 1903 2793
f 1191 2793 1411
f 1411 2793 3013
f 1411 3013 1448
f 1448 3013 3050
f 1448 3050 1461
f 1461 3050 3063
f 1461 3063 1478
f 1478 3063 3080
f 1478 3080 1412
f 1412 3080 3014
f 1412 3014 1386
f 1386 3014 2988
f 1386 2988 1357
f 1357 2988 2959
f 1357 2959 1324
f 1324 2959 2926
f 1324 2926 1288
f 1288 2926 2890
f 1288 2890 1246
f 1246 2890 2848
f 1246 2848 1128
f 1128 2848 2730
f 1128 2730 304
f 304 2730 1905
f 304 1905 305
f 305 1905 1907
f 305 1907 303
f 303 1907 1906
f 303 1906 307
f 307 1906 1909
f 307 1909 306
f 306 1909 1908
f 306 1908 309
f 309 1908 1910
f 309 1910 310
f 310 1910 1912
f 310 1912 308
f 308 1912 1911
f 308 1911 1129
f 1129 1911 2731
f 1129 2731 1431
f 1431 2731 3033
f 1431 3033 1413
f 1413 3033 3015
f 1413 3015 1192
f 1192 3015 2794
f 1192 2794 312
f 312 2794 1913
f 312 1913 313
f 313 1913 1915
f 313 1915 311
f 311 1915 1914
f 311 1914 315
f 315 1914 1917
f 315 1917 314
f 314 1917 1916
f 314 1916 317
f 317 1916 1919
f 317 1919 316
f 316 1919 1918
f 316 1918 319
f 319 1918 1921
f 319 1921 318
f 318 1921 1920
f 318 1920 321
f 321 1920 1923
f 321 1923 320
f 320 1923 1922
f 320 1922 323
f 323 1922 1925
f 323 1925 322
f 322 1925 1924
f 322 1924 325
f 325 1924 1927
f 325 1927 324
f 324 1927 1926
f 324 1926 327
f 327 1926 1929
f 327 1929 326
f 326 1929 1928
f 326 1928 329
f 329 1928 1931
f 329 1931 328
f 328 1931 1930
f 328 1930 1193
f 1193 1930 2795
f 1193 2795 1194
f 1194 2795 2796
f 1194 2796 1130
f 1130 2796 2732
f 1130 2732 1077
f 1077 2732 2679
f 1077 2679 331
f 331 2679 1932
f 331 1932 332
f 332 1932 1934
f 332 1934 330
f 330 1934 1933
f 330 1933 334
f 334 1933 1936
f 334 1936 333
f 333 1936 1935
f 333 1935 336
f 336 1935 1938
f 336 1938 335
f 335 1938 1937
f 335 1937 338
f 338 1937 1940
f 338 1940 337
f 337 1940 1939
f 337 1939 1078
f 1078 1939 2680
f 1078 2680 1195
f 1195 2680 2797
f 1195 2797 1079
f 1079 2797 2681
f 1079 2681 340
f 340 2681 1941
f 340 1941 341
f 341 1941 1943
f 341 1943 339
f 339 1943 1942
f 339 1942 343
f 343 1942 1945
f 343 1945 342
f 342 1945 1944
f 342 1944 345
f 345 1944 1947
f 345 1947 344
f 344 1947 1946
f 344 1946 1247
f 1247 1946 2849
f 1247 2849 1248
f 1248 2849 2850
f 1248 2850 1196
f 1196 2850 2798
f 1196 2798 1131
f 1131 2798 2733
f 1131 2733 347
f 347 2733 1948
f 347 1948 348
f 348 1948 1950
f 348 1950 346
f 346 1950 1949
f 346 1949 350
f 350 1949 1952
f 350 1952 349
f 349 1952 1951
f 349 1951 352
f 352 1951 1954
f 352 1954 351
f 351 1954 1953
f 351 1953 354
f 354 1953 1956
f 354 1956 353
f 353 1956 1955
f 353 1955 356
f 356 1955 1958
f 356 1958 355
f 355 1958 1957
f 355 1957 1197
f 1197 1957 2799
f 1197 2799 1080
f 1080 2799 2682
f 1080 2682 358
f 358 2682 1959
f 358 1959 359
f 359 1959 1961
f 359 1961 357
f 357 1961 1960
f 357 1960 1432
f 1432 1960 3034
f 1432 3034 361
f 361 3034 1962
f 361 1962 362
f 362 1962 1964
f 362 1964 360
f 360 1964 1963
f 360 1963 364
f 364 1963 1966
f 364 1966 363
f 363 1966 1965
f 363 1965 366
f 366 1965 1968
f 366 1968 365
f 365 1968 1967
f 365 1967 1081
f 1081 1967 2683
f 1081 2683 368
f 368 2683 1969
f 368 1969 369
f 369 1969 1971
f 369 1971 367
f 367 1971 1970
f 367 1970 371
f 371 1970 1973
f 371 1973 370
f 370 1973 1972
f 370 1972 373
f 373 1972 1975
f 373 1975 372
f 372 1975 1974
f 372 1974 1198
f 1198 1974 2800
f 1198 2800 1249
f 1249 2800 2851
f 1249 2851 1289
f 1289 2851 2891
f 1289 2891 1387
f 1387 2891 2989
f 1387 2989 1082
f 1082 2989 2684
f 1082 2684 375
f 375 2684 1976
f 375 1976 376
f 376 1976 1978
f 376 1978 374
f 374 1978 1977
f 374 1977 378
f 378 1977 1980
f 378 1980 377
f 377 1980 1979
f 377 1979 380
f 380 1979 1982
f 380 1982 379
f 379 1982 1981
f 379 1981 1199
f 1199 1981 2801
f 1199 2801 1250
f 1250 2801 2852
f 1250 2852 1290
f 1290 2852 2892
f 1290 2892 1291
f 1291 2892 2893
f 1291 2893 1132
f 1132 2893 2734
f 1132 2734 382
f 382 2734 1983
f 382 1983 383
f 383 1983 1985
f 383 1985 381
f 381 1985 1984
f 381 1984 385
f 385 1984 1987
f 385 1987 384
f 384 1987 1986
f 384 1986 387
f 387 1986 1989
f 387 1989 386
f 386 1989 1988
f 386 1988 389
f 389 1988 1991
f 389 1991 388
f 388 1991 1990
f 388 1990 391
f 391 1990 1993
f 391 1993 390
f 390 1993 1992
f 390 1992 393
f 393 1992 1995
f 393 1995 392
f 392 1995 1994
f 392 1994 395
f 395 1994 1997
f 395 1997 394
f 394 1997 1996
f 394 1996 397
f 397 1996 1999
f 397 1999 396
f 396 1999 1998
f 396 1998 399
f 399 1998 2001
f 399 2001 398
f 398 2001 2000
f 398 2000 401
f 401 2000 2003
f 401 2003 400
f 400 2003 2002
f 400 2002 403
f 403 2002 2005
f 403 2005 402
f 402 2005 2004
f 402 2004 405
f 405 2004 2007
f 405 2007 404
f 404 2007 2006
f 404 2006 407
f 407 2006 2009
f 407 2009 406
f 406 2009 2008
f 406 2008 409
f 409 2008 2011
f 409 2011 408
f 408 2011 2010
f 408 2010 411
f 411 2010 2013
f 411 2013 410
f 410 2013 2012
f 410 2012 413
f 413 2012 2015
f 413 2015 412
f 412 2015 2014
f 412 2014 415
f 415 2014 2017
f 415 2017 414
f 414 2017 2016
f 414 2016 417
f 417 2016 2019
f 417 2019 416
f 416 2019 2018
f 416 2018 419
f 419 2018 2021
f 419 2021 418
f 418 2021 2020
f 418 2020 1251
f 1251 2020 2853
f 1251 2853 1200
f 1200 2853 2802
f 1200 2802 1133
f 1133 2802 2735
f 1133 2735 1083
f 1083 2735 2685
f 1083 2685 421
f 421 2685 2022
f 421 2022 422
f 422 2022 2024
f 422 2024 420
f 420 2024 2023
f 420 2023 424
f 424 2023 2026
f 424 2026 423
f 423 2026 2025
f 423 2025 426
f 426 2025 2028
f 426 2028 425
f 425 2028 2027
f 425 2027 428
f 428 2027 2030
f 428 2030 427
f 427 2030 2029
f 427 2029 430
f 430 2029 2032
f 430 2032 429
f 429 2032 2031
f 429 2031 432
f 432 2031 2034
f 432 2034 431
f 431 2034 2033
f 431 2033 434
f 434 2033 2036
f 434 2036 433
f 433 2036 2035
f 433 2035 1134
f 1134 2035 2736
f 1134 2736 1252
f 1252 2736 2854
f 1252 2854 1292
f 1292 2854 2894
f 1292 2894 1325
f 1325 2894 2927
f 1325 2927 1358
f 1358 2927 2960
f 1358 2960 1388
f 1388 2960 2990
f 1388 2990 1414
f 1414 2990 3016
f 1414 3016 1462
f 1462 3016 3064
f 1462 3064 1479
f 1479 3064 3081
f 1479 3081 1491
f 1491 3081 3093
f 1491 3093 1501
f 1501 3093 3103
f 1501 3103 436
f 436 3103 2037
f 436 2037 437
f 437 2037 2039
f 437 2039 435
f 435 2039 2038
f 435 2038 439
f 439 2038 2041
f 439 2041 438
f 438 2041 2040
f 438 2040 441
f 441 2040 2042
f 441 2042 442
f 442 2042 2044
f 442 2044 440
f 440 2044 2043
f 440 2043 444
f 444 2043 2046
f 444 2046 443
f 443 2046 2045
f 443 2045 446
f 446 2045 2047
f 446 2047 447
f 447 2047 2049
f 447 2049 445
f 445 2049 2048
f 445 2048 449
f 449 2048 2050
f 449 2050 450
f 450 2050 2052
f 450 2052 448
f 448 2052 2051
f 448 2051 452
f 452 2051 2054
f 452 2054 451
f 451 2054 2053
f 451 2053 454
f 454 2053 2056
f 454 2056 453
f 453 2056 2055
f 453 2055 456
f 456 2055 2058
f 456 2058 455
f 455 2058 2057
f 455 2057 458
f 458 2057 2060
f 458 2060 457
f 457 2060 2059
f 457 2059 460
f 460 2059 2062
f 460 2062 459
f 459 2062 2061
f 459 2061 462
f 462 2061 2064
f 462 2064 461
f 461 2064 2063
f 461 2063 464
f 464 2063 2066
f 464 2066 463
f 463 2066 2065
f 463 2065 466
f 466 2065 2068
f 466 2068 465
f 465 2068 2067
f 465 2067 468
f 468 2067 2070
f 468 2070 467
f 467 2070 2069
f 467 2069 470
f 470 2069 2072
f 470 2072 469
f 469 2072 2071
f 469 2071 472
f 472 2071 2074
f 472 2074 471
f 471 2074 2073
f 471 2073 1135
f 1135 2073 2737
f 1135 2737 1253
f 1253 2737 2855
f 1253 2855 1201
f 1201 2855 2803
f 1201 2803 1136
f 1136 2803 2738
f 1136 2738 474
f 474 2738 2075
f 474 2075 475
f 475 2075 2077
f 475 2077 473
f 473 2077 2076
f 473 2076 477
f 477 2076 2079
f 477 2079 476
f 476 2079 2078
f 476 2078 479
f 479 2078 2081
f 479 2081 478
f 478 2081 2080
f 478 2080 481
f 481 2080 2083
f 481 2083 480
f 480 2083 2082
f 480 2082 483
f 483 2082 2085
f 483 2085 482
f 482 2085 2084
f 482 2084 485
f 485 2084 2087
f 485 2087 484
f 484 2087 2086
f 484 2086 1202
f 1202 2086 2804
f 1202 2804 1254
f 1254 2804 2856
f 1254 2856 1389
f 1389 2856 2991
f 1389 2991 1415
f 1415 2991 3017
f 1415 3017 1433
f 1433 3017 3035
f 1433 3035 1449
f 1449 3035 3051
f 1449 3051 1463
f 1463 3051 3065
f 1463 3065 1480
f 1480 3065 3082
f 1480 3082 1492
f 1492 3082 3094
f 1492 3094 1502
f 1502 3094 3104
f 1502 3104 487
f 487 3104 2088
f 487 2088 488
f 488 2088 2090
f 488 2090 486
f 486 2090 2089
f 486 2089 1493
f 1493 2089 3095
f 1493 3095 1481
f 1481 3095 3083
f 1481 3083 1464
f 1464 3083 3066
f 1464 3066 1450
f 1450 3066 3052
f 1450 3052 1434
f 1434 3052 3036
f 1434 3036 1416
f 1416 3036 3018
f 1416 3018 1359
f 1359 3018 2961
f 1359 2961 1326
f 1326 2961 2928
f 1326 2928 1293
f 1293 2928 2895
f 1293 2895 1203
f 1203 2895 2805
f 1203 2805 490
f 490 2805 2091
f 490 2091 491
f 491 2091 2093
f 491 2093 489
f 489 2093 2092
f 489 2092 493
f 493 2092 2095
f 493 2095 492
f 492 2095 2094
f 492 2094 495
f 495 2094 2097
f 495 2097 494
f 494 2097 2096
f 494 2096 497
f 497 2096 2099
f 497 2099 496
f 496 2099 2098
f 496 2098 1084
f 1084 2098 2686
f 1084 2686 499
f 499 2686 2100
f 499 2100 500
f 500 2100 2102
f 500 2102 498
f 498 2102 2101
f 498 2101 502
f 502 2101 2103
f 502 2103 503
f 503 2103 2105
f 503 2105 501
f 501 2105 2104
f 501 2104 505
f 505 2104 2107
f 505 2107 504
f 504 2107 2106
f 504 2106 507
f 507 2106 2109
f 507 2109 506
f 506 2109 2108
f 506 2108 1137
f 1137 2108 2739
f 1137 2739 1204
f 1204 2739 2806
f 1204 2806 1138
f 1138 2806 2740
f 1138 2740 1085
f 1085 2740 2687
f 1085 2687 509
f 509 2687 2110
f 509 2110 510
f 510 2110 2112
f 510 2112 508
f 508 2112 2111
f 508 2111 512
f 512 2111 2114
f 512 2114 511
f 511 2114 2113
f 511 2113 514
f 514 2113 2116
f 514 2116 513
f 513 2116 2115
f 513 2115 516
f 516 2115 2118
f 516 2118 515
f 515 2118 2117
f 515 2117 518
f 518 2117 2120
f 518 2120 517
f 517 2120 2119
f 517 2119 520
f 520 2119 2122
f 520 2122 519
f 519 2122 2121
f 519 2121 522
f 522 2121 2124
f 522 2124 521
f 521 2124 2123
f 521 2123 1139
f 1139 2123 2741
f 1139 2741 1205
f 1205 2741 2807
f 1205 2807 1327
f 1327 2807 2929
f 1327 2929 1360
f 1360 2929 2962
f 1360 2962 1503
f 1503 2962 3105
f 1503 3105 1511
f 1511 3105 3113
f 1511 3113 1518
f 1518 3113 3120
f 1518 3120 1522
f 1522 3120 3124
f 1522 3124 1528
f 1528 3124 3130
f 1528 3130 1533
f 1533 3130 3135
f 1533 3135 1544
f 1544 3135 3146
f 1544 3146 1548
f 1548 3146 3150
f 1548 3150 1551
f 1551 3150 3153
f 1551 3153 1140
f 1140 3153 2742
f 1140 2742 524
f 524 2742 2125
f 524 2125 525
f 525 2125 2127
f 525 2127 523
f 523 2127 2126
f 523 2126 527
f 527 2126 2129
f 527 2129 526
f 526 2129 2128
f 526 2128 529
f 529 2128 2131
f 529 2131 528
f 528 2131 2130
f 528 2130 1554
f 1554 2130 3156
f 1554 3156 1549
f 1549 3156 3151
f 1549 3151 1539
f 1539 3151 3141
f 1539 3141 1534
f 1534 3141 3136
f 1534 3136 531
f 531 3136 2132
f 531 2132 532
f 532 2132 2134
f 532 2134 530
f 530 2134 2133
f 530 2133 534
f 534 2133 2135
f 534 2135 535
f 535 2135 2137
f 535 2137 533
f 533 2137 2136
f 533 2136 537
f 537 2136 2138
f 537 2138 538
f 538 2138 2140
f 538 2140 536
f 536 2140 2139
f 536 2139 540
f 540 2139 2142
f 540 2142 539
f 539 2142 2141
f 539 2141 542
f 542 2141 2144
f 542 2144 541
f 541 2144 2143
f 541 2143 1086
f 1086 2143 2688
f 1086 2688 1206
f 1206 2688 2808
f 1206 2808 1255
f 1255 2808 2857
f 1255 2857 1294
f 1294 2857 2896
f 1294 2896 1328
f 1328 2896 2930
f 1328 2930 1361
f 1361 2930 2963
f 1361 2963 1390
f 1390 2963 2992
f 1390 2992 1391
f 1391 2992 2993
f 1391 2993 1362
f 1362 2993 2964
f 1362 2964 1329
f 1329 2964 2931
f 1329 2931 1295
f 1295 2931 2897
f 1295 2897 1256
f 1256 2897 2858
f 1256 2858 1141
f 1141 2858 2743
f 1141 2743 544
f 544 2743 2145
f 544 2145 545
f 545 2145 2147
f 545 2147 543
f 543 2147 2146
f 543 2146 547
f 547 2146 2149
f 547 2149 546
f 546 2149 2148
f 546 2148 549
f 549 2148 2150
f 549 2150 550
f 550 2150 2152
f 550 2152 548
f 548 2152 2151
f 548 2151 552
f 552 2151 2154
f 552 2154 551
f 551 2154 2153
f 551 2153 554
f 554 2153 2156
f 554 2156 553
f 553 2156 2155
f 553 2155 556
f 556 2155 2158
f 556 2158 555
f 555 2158 2157
f 555 2157 558
f 558 2157 2160
f 558 2160 557
f 557 2160 2159
f 557 2159 1142
f 1142 2159 2744
f 1142 2744 1465
f 1465 2744 3067
f 1465 3067 1482
f 1482 3067 3084
f 1482 3084 1494
f 1494 3084 3096
f 1494 3096 1504
f 1504 3096 3106
f 1504 3106 1495
f 1495 3106 3097
f 1495 3097 1483
f 1483 3097 3085
f 1483 3085 1466
f 1466 3085 3068
f 1466 3068 1451
f 1451 3068 3053
f 1451 3053 1435
f 1435 3053 3037
f 1435 3037 1417
f 1417 3037 3019
f 1417 3019 1363
f 1363 3019 2965
f 1363 2965 1330
f 1330 2965 2932
f 1330 2932 1296
f 1296 2932 2898
f 1296 2898 1257
f 1257 2898 2859
f 1257 2859 1143
f 1143 2859 2745
f 1143 2745 560
f 560 2745 2161
f 560 2161 561
f 561 2161 2163
f 561 2163 559
f 559 2163 2162
f 559 2162 563
f 563 2162 2165
f 563 2165 562
f 562 2165 2164
f 562 2164 565
f 565 2164 2167
f 565 2167 564
f 564 2167 2166
f 564 2166 567
f 567 2166 2169
f 567 2169 566
f 566 2169 2168
f 566 2168 569
f 569 2168 2171
f 569 2171 568
f 568 2171 2170
f 568 2170 571
f 571 2170 2173
f 571 2173 570
f 570 2173 2172
f 570 2172 573
f 573 2172 2175
f 573 2175 572
f 572 2175 2174
f 572 2174 575
f 575 2174 2176
f 575 2176 576
f 576 2176 2178
f 576 2178 574
f 574 2178 2177
f 574 2177 578
f 578 2177 2180
f 578 2180 577
f 577 2180 2179
f 577 2179 580
f 580 2179 2182
f 580 2182 579
f 579 2182 2181
f 579 2181 582
f 582 2181 2184
f 582 2184 581
f 581 2184 2183
f 581 2183 584
f 584 2183 2186
f 584 2186 583
f 583 2186 2185
f 583 2185 586
f 586 2185 2188
f 586 2188 585
f 585 2188 2187
f 585 2187 588
f 588 2187 2190
f 588 2190 587
f 587 2190 2189
f 587 2189 590
f 590 2189 2192
f 590 2192 589
f 589 2192 2191
f 589 2191 1207
f 1207 2191 2809
f 1207 2809 1331
f 1331 2809 2933
f 1331 2933 1364
f 1364 2933 2966
f 1364 2966 1467
f 1467 2966 3069
f 1467 3069 1452
f 1452 3069 3054
f 1452 3054 1436
f 1436 3054 3038
f 1436 3038 1418
f 1418 3038 3020
f 1418 3020 1392
f 1392 3020 2994
f 1392 2994 1297
f 1297 2994 2899
f 1297 2899 1258
f 1258 2899 2860
f 1258 2860 592
f 592 2860 2193
f 592 2193 593
f 593 2193 2195
f 593 2195 591
f 591 2195 2194
f 591 2194 595
f 595 2194 2197
f 595 2197 594
f 594 2197 2196
f 594 2196 597
f 597 2196 2199
f 597 2199 596
f 596 2199 2198
f 596 2198 599
f 599 2198 2200
f 599 2200 600
f 600 2200 2202
f 600 2202 598
f 598 2202 2201
f 598 2201 602
f 602 2201 2204
f 602 2204 601
f 601 2204 2203
f 601 2203 1144
f 1144 2203 2746
f 1144 2746 1145
f 1145 2746 2747
f 1145 2747 1087
f 1087 2747 2689
f 1087 2689 604
f 604 2689 2205
f 604 2205 605
f 605 2205 2207
f 605 2207 603
f 603 2207 2206
f 603 2206 607
f 607 2206 2209
f 607 2209 606
f 606 2209 2208
f 606 2208 609
f 609 2208 2211
f 609 2211 608
f 608 2211 2210
f 608 2210 611
f 611 2210 2213
f 611 2213 610
f 610 2213 2212
f 610 2212 613
f 613 2212 2215
f 613 2215 612
f 612 2215 2214
f 612 2214 615
f 615 2214 2217
f 615 2217 614
f 614 2217 2216
f 614 2216 1088
f 1088 2216 2690
f 1088 2690 1146
f 1146 2690 2748
f 1146 2748 1298
f 1298 2748 2900
f 1298 2900 1259
f 1259 2900 2861
f 1259 2861 1147
f 1147 2861 2749
f 1147 2749 617
f 617 2749 2218
f 617 2218 618
f 618 2218 2220
f 618 2220 616
f 616 2220 2219
f 616 2219 620
f 620 2219 2222
f 620 2222 619
f 619 2222 2221
f 619 2221 622
f 622 2221 2224
f 622 2224 621
f 621 2224 2223
f 621 2223 624
f 624 2223 2226
f 624 2226 623
f 623 2226 2225
f 623 2225 626
f 626 2225 2228
f 626 2228 625
f 625 2228 2227
f 625 2227 628
f 628 2227 2230
f 628 2230 627
f 627 2230 2229
f 627 2229 1089
f 1089 2229 2691
f 1089 2691 1148
f 1148 2691 2750
f 1148 2750 1437
f 1437 2750 3039
f 1437 3039 1419
f 1419 3039 3021
f 1419 3021 1393
f 1393 3021 2995
f 1393 2995 1365
f 1365 2995 2967
f 1365 2967 1299
f 1299 2967 2901
f 1299 2901 1260
f 1260 2901 2862
f 1260 2862 1208
f 1208 2862 2810
f 1208 2810 1149
f 1149 2810 2751
f 1149 2751 1090
f 1090 2751 2692
f 1090 2692 630
f 630 2692 2231
f 630 2231 631
f 631 2231 2233
f 631 2233 629
f 629 2233 2232
f 629 2232 633
f 633 2232 2235
f 633 2235 632
f 632 2235 2234
f 632 2234 635
f 635 2234 2237
f 635 2237 634
f 634 2237 2236
f 634 2236 637
f 637 2236 2239
f 637 2239 636
f 636 2239 2238
f 636 2238 639
f 639 2238 2241
f 639 2241 638
f 638 2241 2240
f 638 2240 641
f 641 2240 2243
f 641 2243 640
f 640 2243 2242
f 640 2242 643
f 643 2242 2245
f 643 2245 642
f 642 2245 2244
f 642 2244 645
f 645 2244 2247
f 645 2247 644
f 644 2247 2246
f 644 2246 647
f 647 2246 2248
f 647 2248 648
f 648 2248 2250
f 648 2250 646
f 646 2250 2249
f 646 2249 650
f 650 2249 2252
f 650 2252 649
f 649 2252 2251
f 649 2251 652
f 652 2251 2254
f 652 2254 651
f 651 2254 2253
f 651 2253 654
f 654 2253 2256
f 654 2256 653
f 653 2256 2255
f 653 2255 656
f 656 2255 2258
f 656 2258 655
f 655 2258 2257
f 655 2257 658
f 658 2257 2260
f 658 2260 657
f 657 2260 2259
f 657 2259 660
f 660 2259 2262
f 660 2262 659
f 659 2262 2261
f 659 2261 662
f 662 2261 2263
f 662 2263 663
f 663 2263 2265
f 663 2265 661
f 661 2265 2264
f 661 2264 665
f 665 2264 2267
f 665 2267 664
f 664 2267 2266
f 664 2266 667
f 667 2266 2269
f 667 2269 666
f 666 2269 2268
f 666 2268 669
f 669 2268 2271
f 669 2271 668
f 668 2271 2270
f 668 2270 671
f 671 2270 2273
f 671 2273 670
f 670 2273 2272
f 670 2272 673
f 673 2272 2274
f 673 2274 674
f 674 2274 2276
f 674 2276 672
f 672 2276 2275
f 672 2275 676
f 676 2275 2278
f 676 2278 675
f 675 2278 2277
f 675 2277 678
f 678 2277 2280
f 678 2280 677
f 677 2280 2279
f 677 2279 680
f 680 2279 2282
f 680 2282 679
f 679 2282 2281
f 679 2281 682
f 682 2281 2284
f 682 2284 681
f 681 2284 2283
f 681 2283 684
f 684 2283 2286
f 684 2286 683
f 683 2286 2285
f 683 2285 1091
f 1091 2285 2693
f 1091 2693 1150
f 1150 2693 2752
f 1150 2752 1332
f 1332 2752 2934
f 1332 2934 1261
f 1261 2934 2863
f 1261 2863 1209
f 1209 2863 2811
f 1209 2811 686
f 686 2811 2287
f 686 2287 687
f 687 2287 2289
f 687 2289 685
f 685 2289 2288
f 685 2288 689
f 689 2288 2291
f 689 2291 688
f 688 2291 2290
f 688 2290 691
f 691 2290 2293
f 691 2293 690
f 690 2293 2292
f 690 2292 693
f 693 2292 2295
f 693 2295 692
f 692 2295 2294
f 692 2294 695
f 695 2294 2297
f 695 2297 694
f 694 2297 2296
f 694 2296 697
f 697 2296 2299
f 697 2299 696
f 696 2299 2298
f 696 2298 699
f 699 2298 2301
f 699 2301 698
f 698 2301 2300
f 698 2300 701
f 701 2300 2303
f 701 2303 700
f 700 2303 2302
f 700 2302 703
f 703 2302 2305
f 703 2305 702
f 702 2305 2304
f 702 2304 705
f 705 2304 2307
f 705 2307 704
f 704 2307 2306
f 704 2306 1151
f 1151 2306 2753
f 1151 2753 1262
f 1262 2753 2864
f 1262 2864 1394
f 1394 2864 2996
f 1394 2996 1420
f 1420 2996 3022
f 1420 3022 1333
f 1333 3022 2935
f 1333 2935 1300
f 1300 2935 2902
f 1300 2902 1263
f 1263 2902 2865
f 1263 2865 1210
f 1210 2865 2812
f 1210 2812 1152
f 1152 2812 2754
f 1152 2754 707
f 707 2754 2308
f 707 2308 708
f 708 2308 2310
f 708 2310 706
f 706 2310 2309
f 706 2309 710
f 710 2309 2312
f 710 2312 709
f 709 2312 2311
f 709 2311 712
f 712 2311 2313
f 712 2313 713
f 713 2313 2315
f 713 2315 711
f 711 2315 2314
f 711 2314 715
f 715 2314 2317
f 715 2317 714
f 714 2317 2316
f 714 2316 717
f 717 2316 2319
f 717 2319 716
f 716 2319 2318
f 716 2318 719
f 719 2318 2321
f 719 2321 718
f 718 2321 2320
f 718 2320 721
f 721 2320 2323
f 721 2323 720
f 720 2323 2322
f 720 2322 1092
f 1092 2322 2694
f 1092 2694 1264
f 1264 2694 2866
f 1264 2866 1301
f 1301 2866 2903
f 1301 2903 1334
f 1334 2903 2936
f 1334 2936 1395
f 1395 2936 2997
f 1395 2997 1421
f 1421 2997 3023
f 1421 3023 723
f 723 3023 2324
f 723 2324 724
f 724 2324 2326
f 724 2326 722
f 722 2326 2325
f 722 2325 1211
f 1211 2325 2813
f 1211 2813 1153
f 1153 2813 2755
f 1153 2755 1093
f 1093 2755 2695
f 1093 2695 726
f 726 2695 2327
f 726 2327 727
f 727 2327 2329
f 727 2329 725
f 725 2329 2328
f 725 2328 1569
f 1569 2328 3171
f 1569 3171 1572
f 1572 3171 3174
f 1572 3174 1575
f 1575 3174 3177
f 1575 3177 729
f 729 3177 2330
f 729 2330 730
f 730 2330 2332
f 730 2332 728
f 728 2332 2331
f 728 2331 1582
f 1582 2331 3184
f 1582 3184 1587
f 1587 3184 3189
f 1587 3189 1590
f 1590 3189 3192
f 1590 3192 1265
f 1265 3192 2867
f 1265 2867 732
f 732 2867 2333
f 732 2333 733
f 733 2333 2335
f 733 2335 731
f 731 2335 2334
f 731 2334 735
f 735 2334 2337
f 735 2337 734
f 734 2337 2336
f 734 2336 737
f 737 2336 2339
f 737 2339 736
f 736 2339 2338
f 736 2338 739
f 739 2338 2341
f 739 2341 738
f 738 2341 2340
f 738 2340 741
f 741 2340 2343
f 741 2343 740
f 740 2343 2342
f 740 2342 743
f 743 2342 2345
f 743 2345 742
f 742 2345 2344
f 742 2344 745
f 745 2344 2347
f 745 2347 744
f 744 2347 2346
f 744 2346 747
f 747 2346 2349
f 747 2349 746
f 746 2349 2348
f 746 2348 749
f 749 2348 2351
f 749 2351 748
f 748 2351 2350
f 748 2350 751
f 751 2350 2353
f 751 2353 750
f 750 2353 2352
f 750 2352 753
f 753 2352 2355
f 753 2355 752
f 752 2355 2354
f 752 2354 755
f 755 2354 2357
f 755 2357 754
f 754 2357 2356
f 754 2356 757
f 757 2356 2359
f 757 2359 756
f 756 2359 2358
f 756 2358 759
f 759 2358 2361
f 759 2361 758
f 758 2361 2360
f 758 2360 761
f 761 2360 2363
f 761 2363 760
f 760 2363 2362
f 760 2362 763
f 763 2362 2365
f 763 2365 762
f 762 2365 2364
f 762 2364 765
f 765 2364 2367
f 765 2367 764
f 764 2367 2366
f 764 2366 767
f 767 2366 2369
f 767 2369 766
f 766 2369 2368
f 766 2368 769
f 769 2368 2371
f 769 2371 768
f 768 2371 2370
f 768 2370 771
f 771 2370 2373
f 771 2373 770
f 770 2373 2372
f 770 2372 773
f 773 2372 2375
f 773 2375 772
f 772 2375 2374
f 772 2374 775
f 775 2374 2377
f 775 2377 774
f 774 2377 2376
f 774 2376 777
f 777 2376 2379
f 777 2379 776
f 776 2379 2378
f 776 2378 779
f 779 2378 2381
f 779 2381 778
f 778 2381 2380
f 778 2380 1529
f 1529 2380 3131
f 1529 3131 1523
f 1523 3131 3125
f 1523 3125 1512
f 1512 3125 3114
f 1512 3114 1505
f 1505 3114 3107
f 1505 3107 1496
f 1496 3107 3098
f 1496 3098 1484
f 1484 3098 3086
f 1484 3086 1468
f 1468 3086 3070
f 1468 3070 1453
f 1453 3070 3055
f 1453 3055 1438
f 1438 3055 3040
f 1438 3040 1396
f 1396 3040 2998
f 1396 2998 1366
f 1366 2998 2968
f 1366 2968 1302
f 1302 2968 2904
f 1302 2904 1266
f 1266 2904 2868
f 1266 2868 1212
f 1212 2868 2814
f 1212 2814 1094
f 1094 2814 2696
f 1094 2696 781
f 781 2696 2382
f 781 2382 782
f 782 2382 2384
f 782 2384 780
f 780 2384 2383
f 780 2383 784
f 784 2383 2386
f 784 2386 783
f 783 2386 2385
f 783 2385 786
f 786 2385 2388
f 786 2388 785
f 785 2388 2387
f 785 2387 1335
f 1335 2387 2937
f 1335 2937 1336
f 1336 2937 2938
f 1336 2938 1303
f 1303 2938 2905
f 1303 2905 1267
f 1267 2905 2869
f 1267 2869 1154
f 1154 2869 2756
f 1154 2756 788
f 788 2756 2389
f 788 2389 789
f 789 2389 2391
f 789 2391 787
f 787 2391 2390
f 787 2390 791
f 791 2390 2393
f 791 2393 790
f 790 2393 2392
f 790 2392 793
f 793 2392 2395
f 793 2395 792
f 792 2395 2394
f 792 2394 795
f 795 2394 2397
f 795 2397 794
f 794 2397 2396
f 794 2396 1155
f 1155 2396 2757
f 1155 2757 1397
f 1397 2757 2999
f 1397 2999 1398
f 1398 2999 3000
f 1398 3000 1337
f 1337 3000 2939
f 1337 2939 1095
f 1095 2939 2697
f 1095 2697 797
f 797 2697 2398
f 797 2398 798
f 798 2398 2400
f 798 2400 796
f 796 2400 2399
f 796 2399 800
f 800 2399 2402
f 800 2402 799
f 799 2402 2401
f 799 2401 802
f 802 2401 2403
f 802 2403 803
f 803 2403 2405
f 803 2405 801
f 801 2405 2404
f 801 2404 805
f 805 2404 2407
f 805 2407 804
f 804 2407 2406
f 804 2406 807
f 807 2406 2409
f 807 2409 806
f 806 2409 2408
f 806 2408 809
f 809 2408 2411
f 809 2411 808
f 808 2411 2410
f 808 2410 811
f 811 2410 2413
f 811 2413 810
f 810 2413 2412
f 810 2412 813
f 813 2412 2415
f 813 2415 812
f 812 2415 2414
f 812 2414 815
f 815 2414 2417
f 815 2417 814
f 814 2417 2416
f 814 2416 817
f 817 2416 2418
f 817 2418 818
f 818 2418 2420
f 818 2420 816
f 816 2420 2419
f 816 2419 820
f 820 2419 2422
f 820 2422 819
f 819 2422 2421
f 819 2421 822
f 822 2421 2424
f 822 2424 821
f 821 2424 2423
f 821 2423 824
f 824 2423 2426
f 824 2426 823
f 823 2426 2425
f 1555 3157 1559
f 1559 3157 3161
f 1559 3161 1566
f 1566 3161 3168
f 1566 3168 1568
f 1568 3168 3170
f 1568 3170 1570
f 1570 3170 3172
f 1570 3172 1573
f 1573 3172 3175
f 1573 3175 1576
f 1576 3175 3178
f 1576 3178 1578
f 1578 3178 3180
f 1578 3180 1580
f 1580 3180 3182
f 1580 3182 1583
f 1583 3182 3185
f 1583 3185 1585
f 1585 3185 3187
f 1585 3187 1588
f 1588 3187 3190
f 1588 3190 895
f 895 3190 2496
f 895 2496 896
f 896 2496 2498
f 896 2498 894
f 894 2498 2497
f 894 2497 1101
f 1101 2497 2703
f 1101 2703 1593
f 1593 2703 3195
f 1593 3195 1595
f 1595 3195 3197
f 1595 3197 1597
f 1597 3197 3199
f 1597 3199 1599
f 1599 3199 3201
f 1599 3201 1601
f 1601 3201 3203
f 1601 3203 1602
f 1602 3203 3204
f 1602 3204 1600
f 1600 3204 3202
f 1600 3202 1598
f 1598 3202 3200
f 1598 3200 1596
f 1596 3200 3198
f 1596 3198 1594
f 1594 3198 3196
f 1594 3196 1592
f 1592 3196 3194
f 1592 3194 1591
f 1591 3194 3193
f 1591 3193 1589
f 1589 3193 3191
f 1589 3191 1586
f 1586 3191 3188
f 1586 3188 1584
f 1584 3188 3186
f 1584 3186 1581
f 1581 3186 3183
f 1581 3183 1579
f 1579 3183 3181
f 1579 3181 1577
f 1577 3181 3179
f 1577 3179 1574
f 1574 3179 3176
f 1574 3176 1571
f 1571 3176 3173
f 1571 3173 1553
f 1553 3173 3155
f 1553 3155 1546
f 1546 3155 3148
f 1546 3148 1540
f 1540 3148 3142
f 1540 3142 1535
f 1535 3142 3137
f 1535 3137 1525
f 1525 3137 3127
f 1525 3127 1219
f 1219 3127 2821
f 1219 2821 898
f 898 2821 2499
f 898 2499 899
f 899 2499 2501
f 899 2501 897
f 897 2501 2500
f 897 2500 901
f 901 2500 2503
f 901 2503 900
f 900 2503 2502
f 900 2502 903
f 903 2502 2505
f 903 2505 902
f 902 2505 2504
f 902 2504 905
f 905 2504 2506
f 905 2506 906
f 906 2506 2508
f 906 2508 904
f 904 2508 2507
f 904 2507 908
f 908 2507 2510
f 908 2510 907
f 907 2510 2509
f 907 2509 910
f 910 2509 2512
f 910 2512 909
f 909 2512 2511
f 909 2511 912
f 912 2511 2514
f 912 2514 911
f 911 2514 2513
f 911 2513 914
f 914 2513 2516
f 914 2516 913
f 913 2516 2515
f 913 2515 916
f 916 2515 2518
f 916 2518 915
f 915 2518 2517
f 915 2517 918
f 918 2517 2520
f 918 2520 917
f 917 2520 2519
f 917 2519 920
f 920 2519 2522
f 920 2522 919
f 919 2522 2521
f 919 2521 922
f 922 2521 2524
f 922 2524 921
f 921 2524 2523
f 921 2523 924
f 924 2523 2526
f 924 2526 923
f 923 2526 2525
f 923 2525 926
f 926 2525 2528
f 926 2528 925
f 925 2528 2527
f 925 2527 928
f 928 2527 2530
f 928 2530 927
f 927 2530 2529
f 927 2529 930
f 930 2529 2532
f 930 2532 929
f 929 2532 2531
f 929 2531 932
f 932 2531 2534
f 932 2534 931
f 931 2534 2533
f 931 2533 934
f 934 2533 2536
f 934 2536 933
f 933 2536 2535
f 933 2535 936
f 936 2535 2538
f 936 2538 935
f 935 2538 2537
f 935 2537 938
f 938 2537 2540
f 938 2540 937
f 937 2540 2539
f 937 2539 940
f 940 2539 2542
f 940 2542 939
f 939 2542 2541
f 939 2541 942
f 942 2541 2544
f 942 2544 941
f 941 2544 2543
f 941 2543 1220
f 1220 2543 2822
f 1220 2822 1340
f 1340 2822 2942
f 1340 2942 1369
f 1369 2942 2971
f 1369 2971 1401
f 1401 2971 3003
f 1401 3003 1471
f 1471 3003 3073
f 1471 3073 1454
f 1454 3073 3056
f 1454 3056 1440
f 1440 3056 3042
f 1440 3042 1424
f 1424 3042 3026
f 1424 3026 1402
f 1402 3026 3004
f 1402 3004 1370
f 1370 3004 2972
f 1370 2972 1341
f 1341 2972 2943
f 1341 2943 1102
f 1102 2943 2704
f 1102 2704 944
f 944 2704 2545
f 944 2545 945
f 945 2545 2547
f 945 2547 943
f 943 2547 2546
f 943 2546 947
f 947 2546 2549
f 947 2549 946
f 946 2549 2548
f 946 2548 949
f 949 2548 2551
f 949 2551 948
f 948 2551 2550
f 948 2550 951
f 951 2550 2553
f 951 2553 950
f 950 2553 2552
f 950 2552 953
f 953 2552 2555
f 953 2555 952
f 952 2555 2554
f 952 2554 955
f 955 2554 2557
f 955 2557 954
f 954 2557 2556
f 954 2556 1103
f 1103 2556 2705
f 1103 2705 1221
f 1221 2705 2823
f 1221 2823 1161
f 1161 2823 2763
f 1161 2763 1104
f 1104 2763 2706
f 1104 2706 956
f 956 2706 2558
f 956 2558 893
f 893 2558 2495
f 893 2495 892
f 892 2495 2494
f 892 2494 1485
f 1485 2494 3087
f 1485 3087 1497
f 1497 3087 3099
f 1497 3099 1506
f 1506 3099 3108
f 1506 3108 1513
f 1513 3108 3115
f 1513 3115 1519
f 1519 3115 3121
f 1519 3121 1524
f 1524 3121 3126
f 1524 3126 1530
f 1530 3126 3132
f 1530 3132 1545
f 1545 3132 3147
f 1545 3147 1550
f 1550 3147 3152
f 1550 3152 1552
f 1552 3152 3154
f 1552 3154 1555
f 1555 3154 3157
f 26 1628 29
f 29 1628 1630
f 29 1630 30
f 30 1630 1632
f 30 1632 28
f 28 1632 1631
f 28 1631 32
f 32 1631 1633
f 32 1633 33
f 33 1633 1635
f 33 1635 31
f 31 1635 1634
f 31 1634 35
f 35 1634 1637
f 35 1637 34
f 34 1637 1636
f 34 1636 1169
f 1169 1636 2771
f 1169 2771 1231
f 1231 2771 2833
f 1231 2833 1276
f 1276 2833 2878
f 1276 2878 1311
f 1311 2878 2913
f 1311 2913 1170
f 1170 2913 2772
f 1170 2772 1055
f 1055 2772 2657
f 1055 2657 37
f 37 2657 1638
f 37 1638 38
f 38 1638 1640
f 38 1640 36
f 36 1640 1639
f 36 1639 40
f 40 1639 1642
f 40 1642 39
f 39 1642 1641
f 39 1641 42
f 42 1641 1644
f 42 1644 41
f 41 1644 1643
f 41 1643 1232
f 1232 1643 2834
f 1232 2834 1277
f 1277 2834 2879
f 1277 2879 1376
f 1376 2879 2978
f 1376 2978 1405
f 1405 2978 3007
f 1405 3007 1426
f 1426 3007 3028
f 1426 3028 1444
f 1444 3028 3046
f 1444 3046 44
f 44 3046 1645
f 44 1645 45
f 45 1645 1647
f 45 1647 43
f 43 1647 1646
f 43 1646 47
f 47 1646 1649
f 47 1649 46
f 46 1649 1648
f 46 1648 49
f 49 1648 1651
f 49 1651 48
f 48 1651 1650
f 48 1650 1056
f 1056 1650 2658
f 1056 2658 1171
f 1171 2658 2773
f 1171 2773 1567
f 1567 2773 3169
f 1567 3169 1565
f 1565 3169 3167
f 1565 3167 1562
f 1562 3167 3164
f 1562 3164 1558
f 1558 3164 3160
f 1558 3160 1348
f 1348 3160 2950
f 1348 2950 1278
f 1278 2950 2880
f 1278 2880 1233
f 1233 2880 2835
f 1233 2835 1172
f 1172 2835 2774
f 1172 2774 1114
f 1114 2774 2716
f 1114 2716 1057
f 1057 2716 2659
f 1057 2659 51
f 51 2659 1652
f 51 1652 52
f 52 1652 1654
f 52 1654 50
f 50 1654 1653
f 50 1653 1312
f 1312 1653 2914
f 1312 2914 1377
f 1377 2914 2979
f 1377 2979 1406
f 1406 2979 3008
f 1406 3008 1427
f 1427 3008 3029
f 1427 3029 1407
f 1407 3029 3009
f 1407 3009 1378
f 1378 3009 2980
f 1378 2980 1313
f 1313 2980 2915
f 1313 2915 1279
f 1279 2915 2881
f 1279 2881 1173
f 1173 2881 2775
f 1173 2775 1115
f 1115 2775 2717
f 1115 2717 1058
f 1058 2717 2660
f 1058 2660 54
f 54 2660 1655
f 54 1655 55
f 55 1655 1657
f 55 1657 53
f 53 1657 1656
f 53 1656 57
f 57 1656 1659
f 57 1659 56
f 56 1659 1658
f 56 1658 1059
f 1059 1658 2661
f 1059 2661 1116
f 1116 2661 2718
f 1116 2718 1174
f 1174 2718 2776
f 1174 2776 1060
f 1060 2776 2662
f 1060 2662 59
f 59 2662 1660
f 59 1660 60
f 60 1660 1662
f 60 1662 58
f 58 1662 1661
f 58 1661 62
f 62 1661 1664
f 62 1664 61
f 61 1664 1663
f 61 1663 64
f 64 1663 1666
f 64 1666 63
f 63 1666 1665
f 63 1665 66
f 66 1665 1668
f 66 1668 65
f 65 1668 1667
f 65 1667 68
f 68 1667 1670
f 68 1670 67
f 67 1670 1669
f 67 1669 70
f 70 1669 1672
f 70 1672 69
f 69 1672 1671
f 69 1671 72
f 72 1671 1674
f 72 1674 71
f 71 1674 1673
f 71 1673 74
f 74 1673 1675
f 74 1675 75
f 75 1675 1677
f 75 1677 73
f 73 1677 1676
f 73 1676 77
f 77 1676 1679
f 77 1679 76
f 76 1679 1678
f 76 1678 1061
f 1061 1678 2663
f 1061 2663 1175
f 1175 2663 2777
f 1175 2777 1234
f 1234 2777 2836
f 1234 2836 1280
f 1280 2836 2882
f 1280 2882 1314
f 1314 2882 2916
f 1314 2916 1458
f 1458 2916 3060
f 1458 3060 1516
f 1516 3060 3118
f 1516 3118 1488
f 1488 3118 3090
f 1488 3090 1474
f 1474 3090 3076
f 1474 3076 1459
f 1459 3076 3061
f 1459 3061 1408
f 1408 3061 3010
f 1408 3010 1349
f 1349 3010 2951
f 1349 2951 1281
f 1281 2951 2883
f 1281 2883 1176
f 1176 2883 2778
f 1176 2778 1062
f 1062 2778 2664
f 1062 2664 79
f 79 2664 1680
f 79 1680 80
f 80 1680 1682
f 80 1682 78
f 78 1682 1681
f 78 1681 82
f 82 1681 1684
f 82 1684 81
f 81 1684 1683
f 81 1683 84
f 84 1683 1686
f 84 1686 83
f 83 1686 1685
f 83 1685 1235
f 1235 1685 2837
f 1235 2837 1236
f 1236 2837 2838
f 1236 2838 1177
f 1177 2838 2779
f 1177 2779 1117
f 1117 2779 2719
f 1117 2719 85
f 85 2719 1687
f 85 1687 86
f 86 1687 1688
f 86 1688 3
f 3 1688 1605
f 3 1605 1
f 1 1605 1604
f 1 1604 1052
f 1052 1604 2654
f 1052 2654 1230
f 1230 2654 2832
f 1230 2832 1167
f 1167 2832 2769
f 1167 2769 1110
f 1110 2769 2712
f 1110 2712 5
f 5 2712 1606
f 5 1606 6
f 6 1606 1608
f 6 1608 4
f 4 1608 1607
f 4 1607 8
f 8 1607 1610
f 8 1610 7
f 7 1610 1609
f 7 1609 10
f 10 1609 1612
f 10 1612 9
f 9 1612 1611
f 9 1611 1053
f 1053 1611 2655
f 1053 2655 1111
f 1111 2655 2713
f 1111 2713 1168
f 1168 2713 2770
f 1168 2770 1347
f 1347 2770 2949
f 1347 2949 1375
f 1375 2949 2977
f 1375 2977 1404
f 1404 2977 3006
f 1404 3006 12
f 12 3006 1613
f 12 1613 13
f 13 1613 1615
f 13 1615 11
f 11 1615 1614
f 11 1614 1054
f 1054 1614 2656
f 1054 2656 1509
f 1509 2656 3111
f 1509 3111 1515
f 1515 3111 3117
f 1515 3117 1521
f 1521 3117 3123
f 1521 3123 1527
f 1527 3123 3129
f 1527 3129 1531
f 1531 3129 3133
f 1531 3133 1537
f 1537 3133 3139
f 1537 3139 1541
f 1541 3139 3143
f 1541 3143 1547
f 1547 3143 3149
f 1547 3149 1112
f 1112 3149 2714
f 1112 2714 15
f 15 2714 1616
f 15 1616 16
f 16 1616 1618
f 16 1618 14
f 14 1618 1617
f 14 1617 18
f 18 1617 1620
f 18 1620 17
f 17 1620 1619
f 17 1619 20
f 20 1619 1622
f 20 1622 19
f 19 1622 1621
f 19 1621 1557
f 1557 1621 3159
f 1557 3159 1561
f 1561 3159 3163
f 1561 3163 1564
f 1564 3163 3166
f 1564 3166 1113
f 1113 3166 2715
f 1113 2715 22
f 22 2715 1623
f 22 1623 23
f 23 1623 1625
f 23 1625 21
f 21 1625 1624
f 21 1624 25
f 25 1624 1627
f 25 1627 24
f 24 1627 1626
f 24 1626 27
f 27 1626 1629
f 27 1629 26
f 26 1629 1628
f 1425 3027 1403
f 1403 3027 3005
f 1403 3005 1374
f 1374 3005 2976
f 1374 2976 1346
f 1346 2976 2948
f 1346 2948 1310
f 1310 2948 2912
f 1310 2912 1275
f 1275 2912 2877
f 1275 2877 1229
f 1229 2877 2831
f 1229 2831 1166
f 1166 2831 2768
f 1166 2768 1050
f 1050 2768 2652
f 1050 2652 1051
f 1051 2652 2653
f 1051 2653 2
f 2 2653 1603
f 2 1603 87
f 87 1603 1689
f 87 1689 89
f 89 1689 1691
f 89 1691 88
f 88 1691 1690
f 88 1690 1063
f 1063 1690 2665
f 1063 2665 1064
f 1064 2665 2666
f 1064 2666 91
f 91 2666 1692
f 91 1692 92
f 92 1692 1694
f 92 1694 90
f 90 1694 1693
f 90 1693 1118
f 1118 1693 2720
f 1118 2720 1178
f 1178 2720 2780
f 1178 2780 1237
f 1237 2780 2839
f 1237 2839 1282
f 1282 2839 2884
f 1282 2884 1315
f 1315 2884 2917
f 1315 2917 1350
f 1350 2917 2952
f 1350 2952 1475
f 1475 2952 3077
f 1475 3077 1445
f 1445 3077 3047
f 1445 3047 1428
f 1428 3047 3030
f 1428 3030 1379
f 1379 3030 2981
f 1379 2981 1351
f 1351 2981 2953
f 1351 2953 1316
f 1316 2953 2918
f 1316 2918 1065
f 1065 2918 2667
f 1065 2667 94
f 94 2667 1695
f 94 1695 95
f 95 1695 1697
f 95 1697 93
f 93 1697 1696
f 93 1696 1119
f 1119 1696 2721
f 1119 2721 1179
f 1179 2721 2781
f 1179 2781 1120
f 1120 2781 2722
f 1120 2722 1066
f 1066 2722 2668
f 1066 2668 97
f 97 2668 1698
f 97 1698 98
f 98 1698 1700
f 98 1700 1039
f 1039 1700 2641
f 1039 2641 1227
f 1227 2641 2829
f 1227 2829 1373
f 1373 2829 2975
f 1373 2975 1273
f 1273 2975 2875
f 1273 2875 1164
f 1164 2875 2766
f 1164 2766 1041
f 1041 2766 2642
f 1041 2642 1042
f 1042 2642 2644
f 1042 2644 1040
f 1040 2644 2643
f 1040 2643 1044
f 1044 2643 2646
f 1044 2646 1043
f 1043 2646 2645
f 1043 2645 1046
f 1046 2645 2648
f 1046 2648 1045
f 1045 2648 2647
f 1045 2647 1442
f 1442 2647 3044
f 1442 3044 1456
f 1456 3044 3058
f 1456 3058 1473
f 1473 3058 3075
f 1473 3075 1508
f 1508 3075 3110
f 1508 3110 1526
f 1526 3110 3128
f 1526 3128 1536
f 1536 3128 3138
f 1536 3138 1048
f 1048 3138 2649
f 1048 2649 1049
f 1049 2649 2651
f 1049 2651 1047
f 1047 2651 2650
f 1047 2650 1109
f 1109 2650 2711
f 1109 2711 1165
f 1165 2711 2767
f 1165 2767 1228
f 1228 2767 2830
f 1228 2830 1274
f 1274 2830 2876
f 1274 2876 1309
f 1309 2876 2911
f 1309 2911 1345
f 1345 2911 2947
f 1345 2947 1556
f 1556 2947 3158
f 1556 3158 1560
f 1560 3158 3162
f 1560 3162 1563
f 1563 3162 3165
f 1563 3165 1487
f 1487 3165 3089
f 1487 3089 1457
f 1457 3089 3059
f 1457 3059 1443
f 1443 3059 3045
f 1443 3045 1425
f 1425 3045 3027
