o 
v 59.66 0 -0.78
v 60.487 0 -0.178
v 60.108 0 -0.419
v 56.802 0 -1.663
v 57.86 0 -1.59
v 57.243 0 -1.603
v 56.264 0 -2.051
v 56.491 0 -1.801
v 55.88 0 -3.01
v 56.076 0 -2.443
v 55.509 0 -5.173
v 55.652 0 -3.987
v 55.481 0 -7.524
v 55.451 0 -6.405
v 55.81 0 -8.78
v 55.601 0 -8.369
v 54.664 0 -13.265
v 55.75 0 -13.03
v 54.98 0 -13.19
v 54.16 0 -13.584
v 54.405 0 -13.381
v 53.536 0 -14.432
v 53.885 0 -13.919
v 52.286 0 -16.45
v 53.07 0 -15.17
v 50.896 0 -18.974
v 51.549 0 -17.743
v 49.99 0 -20.961
v 50.364 0 -20.071
v 49.757 0 -21.861
v 49.81 0 -21.57
v 48.739 0 -22.368
v 49.342 0 -22.302
v 49.11 0 -22.31
v 48.054 0 -22.857
v 48.39 0 -22.547
v 47.378 0 -23.914
v 47.72 0 -23.31
v 46.791 0 -25.245
v 47.02 0 -24.68
v 46.524 0 -26.302
v 46.631 0 -25.743
v 46.4 0 -28.114
v 46.453 0 -27.05
v 46.306 0 -31.139
v 46.35 0 -29.62
v 46.306 0 -32.816
v 46.288 0 -32.169
v 46.484 0 -33.39
v 46.369 0 -33.187
v 47.05 0 -33.8
v 46.66 0 -33.53
v 44.625 0 -34.55
v 45.11 0 -35.53
v 44.859 0 -34.982
v 44.218 0 -34.027
v 44.411 0 -34.231
v 43.9 0 -33.96
v 44.047 0 -33.937
v 43.879 0 -33.666
v 43.83 0 -33.908
v 43.87 0 -33.85
v 43.581 0 -33.191
v 43.77 0 -33.433
v 43.114 0 -32.853
v 43.35 0 -32.984
v 42.852 0 -32.853
v 42.91 0 -32.84
v 42.794 0 -32.695
v 42.769 0 -32.791
v 42.79 0 -32.75
v 42.665 0 -32.544
v 42.751 0 -32.624
v 42.389 0 -32.376
v 42.543 0 -32.459
v 41.91 0 -32.194
v 42.21 0 -32.3
v 41.074 0 -32.085
v 41.55 0 -32.123
v 39.541 0 -32.096
v 40.423 0 -32.077
v 36.767 0 -32.2
v 38.37 0 -32.14
v 37.531 0 -32.168
v 35.593 0 -32.267
v 36.11 0 -32.234
v 35.11 0 -32.32
v 35.249 0 -32.296
v 30.151 0 -29.539
v 31.08 0 -30.32
v 30.631 0 -29.883
v 29.036 0 -29.104
v 29.625 0 -29.281
v 27.6 0 -28.97
v 28.366 0 -29.003
v 22.115 0 -25.868
v 22.25 0 -27.2
v 22.16 0 -26.21
v 21.959 0 -25.264
v 22.049 0 -25.555
v 21.692 0 -24.71
v 21.841 0 -24.985
v 21.231 0 -24.061
v 21.51 0 -24.43
v 20.618 0 -23.611
v 20.947 0 -23.794
v 19.664 0 -23.431
v 20.203 0 -23.496
v 18.614 0 -23.4
v 18.96 0 -23.4
v 18.103 0 -23.475
v 18.335 0 -23.423
v 17.704 0 -23.683
v 17.899 0 -23.56
v 17.253 0 -24.109
v 17.5 0 -23.85
v 16.897 0 -24.924
v 17.059 0 -24.444
v 16.588 0 -26.602
v 16.747 0 -25.62
v 16.18 0 -29.55
v 16.4 0 -27.94
v 19.07 0 -35.181
v 18.95 0 -34.252
v 19.01 0 -34.73
v 19.274 0 -35.935
v 19.153 0 -35.569
v 19.701 0 -36.756
v 19.451 0 -36.317
v 20.284 0 -37.666
v 20.04 0 -37.29
v 20.734 0 -38.322
v 20.519 0 -38.015
v 21.06 0 -38.759
v 20.918 0 -38.575
v 21.426 0 -38.921
v 21.15 0 -38.86
v 22.6 0 -38.8
v 21.941 0 -38.896
v 23.974 0 -38.466
v 23.309 0 -38.651
v 24.681 0 -38.148
v 24.5 0 -38.26
v 25.074 0 -37.819
v 24.876 0 -37.997
v 25.437 0 -37.42
v 25.264 0 -37.623
v 25.72 0 -37.016
v 25.58 0 -37.22
v 27.28 0 -35.99
v 27.179 0 -36.031
v 27.249 0 -36.003
v 27.391 0 -36.745
v 27.339 0 -36.349
v 27.35 0 -36.48
v 27.625 0 -37.153
v 27.476 0 -36.964
v 28.193 0 -37.513
v 27.857 0 -37.33
v 28.877 0 -37.818
v 28.65 0 -37.72
v 31.338 0 -40.077
v 30.653 0 -39.345
v 30.9 0 -39.62
v 32.131 0 -40.785
v 31.736 0 -40.456
v 33.061 0 -41.4
v 32.561 0 -41.09
v 34.003 0 -41.909
v 33.67 0 -41.74
v 34.621 0 -42.084
v 34.301 0 -42.021
v 35.563 0 -42.095
v 35.023 0 -42.106
v 38.16 0 -41.96
v 36.3 0 -42.06
v 38.38 0 -44.352
v 38.365 0 -43.859
v 38.37 0 -44.1
v 38.452 0 -44.966
v 38.409 0 -44.647
v 38.571 0 -45.61
v 38.508 0 -45.293
v 38.783 0 -46.443
v 38.64 0 -45.9
v 37.74 0 -47.803
v 38.57 0 -47.336
v 38.25 0 -47.5
v 36.86 0 -48.594
v 37.28 0 -48.163
v 36.087 0 -49.728
v 36.466 0 -49.11
v 35.202 0 -51.541
v 35.71 0 -50.46
v 34.676 0 -52.999
v 34.868 0 -52.333
v 34.594 0 -54.6
v 34.595 0 -53.7
v 34.689 0 -56.824
v 34.64 0 -55.86
v 34.826 0 -58.321
v 34.75 0 -57.633
v 35.047 0 -59.488
v 34.924 0 -58.927
v 35.512 0 -60.987
v 35.2 0 -60.04
v 36.222 0 -62.681
v 35.864 0 -61.89
v 36.82 0 -63.646
v 36.553 0 -63.29
v 37.037 0 -63.626
v 36.99 0 -63.68
v 37.033 0 -63.97
v 37.072 0 -63.714
v 37.04 0 -63.81
v 37.294 0 -64.443
v 37.113 0 -64.174
v 38.018 0 -65.255
v 37.59 0 -64.796
v 39.245 0 -66.496
v 38.59 0 -65.84
v 40.097 0 -67.254
v 39.732 0 -66.956
v 40.65 0 -67.502
v 40.388 0 -67.424
v 41.112 0 -67.524
v 40.93 0 -67.52
v 41.708 0 -67.817
v 41.62 0 -67.64
v 41.643 0 -67.708
v 41.939 0 -68.127
v 41.809 0 -67.959
v 42.26 0 -68.51
v 42.091 0 -68.313
v 42.567 0 -68.831
v 42.425 0 -68.691
v 42.76 0 -68.972
v 42.68 0 -68.926
v 42.8 0 -68.9
v 42.802 0 -68.965
v 35.501 0 -78.539
v 37.552 0 -78.684
v 36.09 0 -78.58
v 34.681 0 -78.558
v 35.048 0 -78.529
v 33.999 0 -78.756
v 34.349 0 -78.631
v 32.54 0 -79.42
v 33.58 0 -78.94
v 30.305 0 -77.225
v 30.92 0 -77.82
v 29.384 0 -76.436
v 29.806 0 -76.773
v 28.619 0 -75.997
v 29.001 0 -76.187
v 27.427 0 -75.567
v 28.2 0 -75.84
v 21.59 0 -73.461
v 22.431 0 -73.749
v 21.8 0 -73.51
v 21.003 0 -73.451
v 21.316 0 -73.441
v 20.355 0 -73.552
v 20.674 0 -73.489
v 18.104 0 -69.816
v 18.361 0 -71.137
v 18.13 0 -69.95
v 17.64 0 -67.52
v 17.915 0 -68.832
v 17.86 0 -68.54
v 12.037 0 -63.434
v 14.237 0 -65.626
v 12.9 0 -64.29
v 10.573 0 -62.025
v 11.25 0 -62.669
v 9.675 0 -61.229
v 10.036 0 -61.534
v 9.483 0 -61.162
v 9.52 0 -61.14
v 9.35 0 -60.847
v 9.406 0 -61.099
v 9.41 0 -61.05
v 8.85 0 -60.225
v 9.143 0 -60.551
v 8.256 0 -59.736
v 8.534 0 -59.932
v 8.032 0 -59.728
v 8.08 0 -59.7
v 7.806 0 -59.289
v 7.972 0 -59.699
v 7.99 0 -59.66
v 6.405 0 -57.705
v 7.216 0 -58.574
v 4.858 0 -56.267
v 5.557 0 -56.873
v 4.429 0 -56.123
v 4.49 0 -56.08
v 4.438 0 -55.928
v 4.377 0 -56.071
v 4.42 0 -56.01
v 4.372 0 -55.701
v 4.421 0 -55.824
v 4.181 0 -55.411
v 4.292 0 -55.563
v 3.54 0 -54.73
v 4.04 0 -55.25
v 1.09 0 -57.14
v 2.31 0 -55.93
v 2.043 0 -58.115
v 1.84 0 -57.92
v 2.41 0 -58.426
v 2.236 0 -58.287
v 2.671 0 -58.58
v 2.558 0 -58.527
v 2.781 0 -58.557
v 2.74 0 -58.58
v 2.893 0 -58.855
v 2.855 0 -58.597
v 2.85 0 -58.64
v 3.379 0 -59.505
v 3.09 0 -59.165
v 3.981 0 -60.009
v 3.697 0 -59.808
v 4.232 0 -59.997
v 4.17 0 -60.04
v 4.327 0 -60.285
v 4.294 0 -60.049
v 4.26 0 -60.11
v 5.115 0 -61.241
v 4.613 0 -60.664
v 6.743 0 -62.961
v 5.827 0 -62.009
v 12.42 0 -74.47
v 11.77 0 -71.14
v 11.66 0 -73.95
v 12.963 0 -74.85
v 12.662 0 -74.64
v 14.686 0 -76.086
v 14.023 0 -75.607
v 14.36 0 -75.86
v 15.251 0 -76.46
v 14.987 0 -76.289
v 15.619 0 -76.674
v 15.466 0 -76.591
v 15.733 0 -76.684
v 15.7 0 -76.7
v 15.829 0 -76.574
v 15.777 0 -76.64
v 15.935 0 -76.393
v 15.883 0 -76.49
v 16.73 0 -76.221
v 16.72 0 -75.96
v 16.712 0 -76.12
v 16.84 0 -76.249
v 16.772 0 -76.264
v 17.05 0 -76.05
v 16.933 0 -76.177
v 17.033 0 -76.442
v 17.202 0 -75.963
v 17.12 0 -76.13
v 17.612 0 -77.27
v 17.161 0 -76.79
v 19.906 0 -79.005
v 18.492 0 -77.977
v 22.373 0 -80.732
v 21.96 0 -80.45
v 22.984 0 -81.07
v 22.708 0 -80.936
v 23.444 0 -81.168
v 23.222 0 -81.144
v 24.907 0 -81.553
v 24.67 0 -81.4
v 24.788 0 -81.484
v 25.13 0 -81.634
v 25.022 0 -81.604
v 25.3 0 -81.62
v 25.224 0 -81.641
v 25.352 0 -81.741
v 25.385 0 -81.626
v 25.35 0 -81.66
v 25.556 0 -82.08
v 25.423 0 -81.884
v 25.977 0 -82.579
v 25.743 0 -82.316
v 26.655 0 -83.257
v 26.25 0 -82.86
v 27.234 0 -83.726
v 26.973 0 -83.539
v 27.716 0 -83.893
v 27.471 0 -83.838
v 28.278 0 -83.922
v 28 0 -83.91
v 32.1 0 -85.2
v 29.47 0 -84.65
v 30.25 0 -85.4
v 39.115 0 -88.621
v 39.09 0 -87.06
v 39.09 0 -87.96
v 39.33 0 -89.636
v 39.193 0 -89.174
v 39.798 0 -90.348
v 39.53 0 -90.022
v 40.435 0 -90.821
v 40.14 0 -90.63
v 41.068 0 -91.02
v 40.714 0 -90.948
v 42.373 0 -91.033
v 41.59 0 -91.046
v 44.548 0 -90.945
v 43.51 0 -90.99
v 45.906 0 -90.829
v 45.326 0 -90.894
v 46.734 0 -90.616
v 46.354 0 -90.739
v 47.412 0 -90.303
v 47.11 0 -90.45
v 49.74 0 -89.22
v 48.747 0 -89.679
v 49.25 0 -89.447
v 52.316 0 -89.544
v 51.49 0 -88.45
v 52.08 0 -89.26
v 52.831 0 -90.014
v 52.561 0 -89.792
v 53.497 0 -90.413
v 53.139 0 -90.218
v 54.882 0 -92.527
v 55.062 0 -91.759
v 54.96 0 -92.16
v 54.961 0 -93.188
v 54.881 0 -92.866
v 55.377 0 -93.828
v 55.125 0 -93.504
v 55.911 0 -94.36
v 55.72 0 -94.17
v 56.986 0 -96.876
v 56.55 0 -95.51
v 56.759 0 -96.262
v 57.564 0 -97.811
v 57.249 0 -97.382
v 58.42 0 -98.55
v 57.949 0 -98.19
v 59.101 0 -98.956
v 58.734 0 -98.748
v 59.909 0 -99.357
v 59.5 0 -99.162
v 60.67 0 -99.67
v 60.306 0 -99.53
v 61.596 0 -99.949
v 61.195 0 -99.841
v 62.301 0 -99.985
v 61.941 0 -99.995
v 63.34 0 -99.81
v 62.744 0 -99.922
v 64.716 0 -99.413
v 64.077 0 -99.635
v 65.87 0 -98.73
v 65.3 0 -99.12
v 67.14 0 -97.56
v 66.47 0 -98.218
v 68.172 0 -96.304
v 67.742 0 -96.911
v 68.661 0 -94.742
v 68.466 0 -95.621
v 68.9 0 -91.92
v 68.794 0 -93.548
v 68.42 0 -87.82
v 69.08 0 -88.68
v 68.146 0 -85.225
v 67.91 0 -86.47
v 68.049 0 -85.856
v 68.197 0 -84.035
v 68.196 0 -84.607
v 68.04 0 -83.15
v 68.146 0 -83.539
v 69.262 0 -81.87
v 68.78 0 -81.93
v 69.037 0 -81.917
v 69.691 0 -81.637
v 69.474 0 -81.78
v 70.22 0 -81.15
v 69.933 0 -81.43
v 70.581 0 -80.736
v 70.414 0 -80.937
v 70.809 0 -80.401
v 70.715 0 -80.554
v 70.85 0 -80.22
v 70.856 0 -80.287
v 70.969 0 -80.204
v 70.855 0 -80.161
v 70.9 0 -80.18
v 71.12 0 -80.188
v 71.043 0 -80.206
v 71.271 0 -80.098
v 71.197 0 -80.151
v 72.773 0 -79.407
v 72.256 0 -79.576
v 72.52 0 -79.49
v 73.183 0 -79.241
v 72.997 0 -79.323
v 73.398 0 -79.105
v 73.319 0 -79.167
v 73.399 0 -79.019
v 73.41 0 -79.06
v 74.079 0 -79.054
v 73.587 0 -78.968
v 73.68 0 -78.99
v 74.832 0 -78.914
v 74.464 0 -79.029
v 75.513 0 -78.423
v 75.183 0 -78.711
v 76.4 0 -77.26
v 75.82 0 -78.05
v 74.746 0 -74.567
v 74.27 0 -74.88
v 74.516 0 -74.721
v 75.117 0 -74.313
v 74.95 0 -74.429
v 75.3 0 -74.18
v 75.238 0 -74.227
v 78.446 0 -72.045
v 77.24 0 -72.87
v 77.946 0 -72.399
v 78.967 0 -71.551
v 78.775 0 -71.774
v 79.08 0 -71.12
v 79.058 0 -71.345
v 79.851 0 -70.721
v 79.406 0 -70.662
v 79.62 0 -70.7
v 80.344 0 -70.521
v 80.077 0 -70.673
v 81.193 0 -69.778
v 80.7 0 -70.234
v 82.497 0 -68.501
v 81.87 0 -69.12
v 83.265 0 -67.652
v 82.953 0 -68.022
v 83.553 0 -67.118
v 83.457 0 -67.361
v 86.326 0 -65.266
v 85.735 0 -65.074
v 86.02 0 -65.17
v 86.984 0 -65.426
v 86.653 0 -65.353
v 87.585 0 -65.523
v 87.3 0 -65.484
v 88.122 0 -65.53
v 87.82 0 -65.54
v 88.585 0 -65.4
v 88.368 0 -65.489
v 89.048 0 -65.017
v 88.802 0 -65.248
v 89.622 0 -64.388
v 89.35 0 -64.69
v 91.94 0 -61.93
v 90.924 0 -63.003
v 91.434 0 -62.465
v 93.667 0 -60.099
v 92.973 0 -60.848
v 94.326 0 -59.231
v 94.095 0 -59.591
v 94.48 0 -58.58
v 94.431 0 -58.925
v 95.794 0 -56.76
v 95.26 0 -57.25
v 95.492 0 -57.039
v 98.68 0 -54.1
v 96.924 0 -55.713
v 97.31 0 -55.36
v 98.91 0 -50.49
v 98.8 0 -52.3
v 97.371 0 -49.659
v 98.03 0 -49.99
v 96.266 0 -49.643
v 96.82 0 -49.528
v 94.712 0 -50.792
v 95.6 0 -50.049
v 93.195 0 -52.193
v 93.49 0 -51.92
v 90.57 0 -54.55
v 91.825 0 -53.44
v 91.53 0 -53.7
v 89.993 0 -54.098
v 90.12 0 -54.19
v 89.743 0 -53.969
v 89.865 0 -54.023
v 89.539 0 -53.93
v 89.632 0 -53.937
v 89.423 0 -53.975
v 89.47 0 -53.95
v 89.444 0 -53.77
v 89.388 0 -53.904
v 89.42 0 -53.85
v 89.376 0 -53.553
v 89.429 0 -53.67
v 89.165 0 -53.275
v 89.287 0 -53.42
v 88.774 0 -52.914
v 89.01 0 -53.12
v 88.387 0 -52.715
v 88.58 0 -52.782
v 87.848 0 -52.742
v 88.157 0 -52.704
v 87.133 0 -52.879
v 87.42 0 -52.82
v 86.614 0 -53.005
v 86.86 0 -52.941
v 86.251 0 -53.118
v 86.407 0 -53.065
v 86.094 0 -53.232
v 86.16 0 -53.16
v 85.993 0 -53.515
v 86.038 0 -53.353
v 85.937 0 -53.931
v 85.959 0 -53.71
v 85.226 0 -56.093
v 85.561 0 -55.554
v 85.37 0 -55.86
v 85.018 0 -56.52
v 85.108 0 -56.317
v 84.935 0 -56.827
v 84.959 0 -56.693
v 84.978 0 -56.967
v 84.95 0 -56.91
v 84.826 0 -57.019
v 84.943 0 -57.038
v 84.9 0 -57.02
v 84.584 0 -57.199
v 84.717 0 -57.082
v 84.272 0 -57.561
v 84.433 0 -57.361
v 83.877 0 -58.119
v 84.11 0 -57.79
v 82.693 0 -58.607
v 83.04 0 -58.6
v 82.857 0 -58.576
v 82.347 0 -58.906
v 82.53 0 -58.711
v 81.84 0 -59.64
v 82.123 0 -59.209
v 78.557 0 -61.926
v 80.141 0 -61.194
v 79.5 0 -61.48
v 77.246 0 -62.825
v 77.809 0 -62.371
v 76.633 0 -63.804
v 76.858 0 -63.299
v 76.507 0 -64.846
v 76.56 0 -64.35
v 74.46 0 -66.133
v 75.374 0 -66.025
v 74.9 0 -66.08
v 73.461 0 -66.461
v 73.957 0 -66.271
v 72.772 0 -66.873
v 73.043 0 -66.673
v 72.738 0 -67.077
v 72.72 0 -67.03
v 72.346 0 -67.062
v 72.678 0 -67.112
v 72.63 0 -67.08
v 71.323 0 -67.577
v 71.905 0 -67.231
v 69.799 0 -68.767
v 70.615 0 -68.093
v 68.379 0 -70.072
v 68.89 0 -69.59
v 64.24 0 -67.93
v 65.73 0 -70.11
v 65.52 0 -68.76
v 63.554 0 -67.501
v 63.891 0 -67.704
v 62.982 0 -67.196
v 63.246 0 -67.329
v 62.65 0 -67.08
v 62.778 0 -67.11
v 62.403 0 -66.892
v 62.423 0 -66.993
v 62.44 0 -66.96
v 62.034 0 -66.589
v 62.263 0 -66.764
v 61.368 0 -66.136
v 61.73 0 -66.376
v 58.371 0 -63.373
v 58.49 0 -63.72
v 58.462 0 -63.555
v 57.969 0 -62.917
v 58.21 0 -63.164
v 57.21 0 -62.27
v 57.638 0 -62.623
v 56.005 0 -59.737
v 55.94 0 -61.25
v 55.99 0 -60.17
v 55.932 0 -59.049
v 55.99 0 -59.379
v 55.64 0 -58.29
v 55.82 0 -58.701
v 55.17 0 -57.397
v 55.38 0 -57.77
v 54.671 0 -56.631
v 54.929 0 -57.01
v 54.163 0 -55.976
v 54.411 0 -56.28
v 53.637 0 -55.437
v 53.94 0 -55.74
v 52.68 0 -52.377
v 52.89 0 -53.47
v 52.796 0 -52.978
v 52.413 0 -50.997
v 52.55 0 -51.704
v 51.7 0 -47.32
v 52.277 0 -50.293
v 52.15 0 -49.63
v 52.757 0 -44.591
v 52.53 0 -45.22
v 53.149 0 -43.347
v 52.966 0 -43.96
v 53.417 0 -42.27
v 53.301 0 -42.777
v 53.549 0 -41.465
v 53.49 0 -41.85
v 54.248 0 -38.752
v 53.974 0 -39.642
v 54.1 0 -39.24
v 54.475 0 -37.713
v 54.372 0 -38.247
v 54.622 0 -36.493
v 54.558 0 -37.133
v 55.224 0 -33.253
v 55.001 0 -33.524
v 55.12 0 -33.38
v 55.493 0 -32.766
v 55.35 0 -33.043
v 55.795 0 -32.083
v 55.643 0 -32.441
v 56.092 0 -31.295
v 55.94 0 -31.71
v 56.44 0 -30.31
v 56.261 0 -30.819
v 57.147 0 -28.271
v 56.788 0 -29.312
v 56.94 0 -28.88
v 57.359 0 -27.29
v 57.283 0 -27.776
v 57.368 0 -25.936
v 57.384 0 -26.711
v 57.467 0 -21.969
v 57.3 0 -22.25
v 57.356 0 -22.171
v 57.813 0 -21.265
v 57.623 0 -21.66
v 58.26 0 -20.29
v 58.029 0 -20.802
v 59.556 0 -18.037
v 59.36 0 -18.27
v 59.443 0 -18.199
v 59.841 0 -17.5
v 59.691 0 -17.799
v 60.15 0 -16.78
v 59.996 0 -17.155
v 62.668 0 -11.812
v 62.366 0 -11.906
v 62.53 0 -11.86
v 63.103 0 -11.446
v 62.861 0 -11.673
v 63.717 0 -10.75
v 63.389 0 -11.137
v 64.891 0 -9.255
v 64.08 0 -10.29
v 67.573 0 -7.7
v 66.605 0 -7.834
v 67.12 0 -7.77
v 68.249 0 -7.464
v 67.931 0 -7.608
v 68.987 0 -6.891
v 68.582 0 -7.235
v 70.006 0 -5.939
v 69.52 0 -6.4
v 70.6 0 -5.271
v 70.358 0 -5.573
v 70.848 0 -4.727
v 70.756 0 -5
v 71.01 0 -3.63
v 70.9 0 -4.42
v 67.82 0 -1.05
v 69.43 0 -2.35
v 63.999 0 -0.651
v 64.29 0 -0.78
v 64.144 0 -0.708
v 63.741 0 -0.589
v 63.862 0 -0.611
v 63.57 0 -0.6
v 63.641 0 -0.585
v 63.443 0 -0.413
v 63.446 0 -0.548
v 63.45 0 -0.49
v 63.265 0 -0.276
v 63.381 0 -0.341
v 62.874 0 -0.17
v 63.096 0 -0.219
v 61.852 0 -0.032
v 62.6 0 -0.13
v 60.86 0 -0.043
v 61.293 0 0.001
v 58.184 0 -1.579
v 55.931 0 -8.861
v 45.241 0 -35.811
v 43.809 0 -33.952
v 42.808 0 -32.854
v 27.024 0 -28.961
v 17.53 0 -31.55
v 27.077 0 -36.071
v 27.327 0 -36.231
v 30.41 0 -39.077
v 37.07 0 -63.603
v 37.087 0 -63.647
v 23.528 0 -74.154
v 17.97 0 -69.119
v 9.412 0 -61.136
v 7.997 0 -59.741
v 7.967 0 -59.726
v 4.385 0 -56.142
v 4.358 0 -56.115
v 4.308 0 -60.005
v 11.798 0 -70.385
v 13.664 0 -75.346
v 15.98 0 -76.29
v 17.156 0 -75.917
v 17.246 0 -75.86
v 23.67 0 -81.15
v 24.513 0 -81.298
v 25.401 0 -81.603
v 29.188 0 -84.383
v 53.92 0 -90.61
v 67.867 0 -86.669
v 68.398 0 -81.961
v 70.816 0 -80.189
v 71.34 0 -80.03
v 74.019 0 -75.045
v 76.746 0 -73.2
v 90.435 0 -63.52
v 94.527 0 -58.334
v 96.146 0 -56.432
v 83.219 0 -58.617
v 72.713 0 -67.127
v 67.899 0 -70.515
v 65.845 0 -70.697
v 62.571 0 -67.076
v 60.96 0 -65.88
v 58.536 0 -63.977
v 54.67 0 -35.78
v 56.619 0 -29.798
v 59.267 0 -18.367
v 63.528 0 -0.625
v 49.507 0 -22.269
v 45.361 0 -36.058
v 43.853 0 -33.985
v 42.766 0 -32.822
v 31.532 0 -30.674
v 18.069 0 -32.357
v 30.184 0 -38.831
v 38.353 0 -43.596
v 38.769 0 -47.201
v 42.773 0 -68.809
v 39.056 0 -78.772
v 24.872 0 -74.645
v 20.07 0 -73.64
v 18.021 0 -69.387
v 4.361 0 -56.139
v 2.813 0 -58.547
v 2.85 0 -58.567
v 4.276 0 -59.978
v 11.811 0 -69.689
v 16.688 0 -75.855
v 17.224 0 -75.84
v 28.949 0 -84.187
v 47.803 0 -90.118
v 55.09 0 -91.469
v 56.084 0 -94.569
v 56.471 0 -95.266
v 68.179 0 -87.5
v 70.823 0 -80.153
v 71.429 0 -79.952
v 73.51 0 -78.961
v 74.85 0 -76.5
v 76.297 0 -73.501
v 79.085 0 -70.912
v 79.258 0 -70.656
v 85.469 0 -64.988
v 96.53 0 -56.077
v 89.373 0 -53.945
v 85.93 0 -54.17
v 84.973 0 -57.043
v 80.609 0 -60.959
v 76.354 0 -65.27
v 65.974 0 -71.134
v 62.43 0 -67.022
v 60.06 0 -65.306
v 53.851 0 -40.09
v 54.723 0 -35.032
v 57.32 0 -24.86
v 64.497 0 -0.863
v 63.494 0 -0.631
v 63.452 0 -0.592
v 58.458 0 -1.536
v 56.008 0 -8.995
v 43.806 0 -33.98
v 18.857 0 -33.843
v 27.315 0 -36.13
v 38.334 0 -43.326
v 37.086 0 -63.61
v 41.276 0 -67.536
v 26.245 0 -75.143
v 18.067 0 -69.624
v 15.167 0 -66.532
v 9.427 0 -61.159
v 7.975 0 -59.74
v 4.301 0 -59.981
v 11.81 0 -69.083
v 13.304 0 -75.09
v 16.099 0 -76.12
v 17.254 0 -75.82
v 23.861 0 -81.135
v 24.357 0 -81.222
v 25.4 0 -81.591
v 28.514 0 -83.966
v 28.731 0 -84.051
v 48.256 0 -89.906
v 54.46 0 -90.861
v 68.012 0 -87.246
v 67.909 0 -82.764
v 68.121 0 -82.057
v 70.801 0 -80.167
v 72.003 0 -79.67
v 75.394 0 -74.113
v 75.91 0 -73.761
v 79.109 0 -70.771
v 85.231 0 -64.915
v 89.993 0 -63.99
v 92.862 0 -52.499
v 89.39 0 -53.982
v 85.706 0 -55.277
v 83.375 0 -58.59
v 75.779 0 -65.867
v 72.735 0 -67.126
v 66.122 0 -71.427
v 62.507 0 -67.064
v 58.679 0 -64.231
v 53.633 0 -41.027
v 57.291 0 -24.183
v 58.503 0 -19.776
v 59.126 0 -18.585
v 65.455 0 -8.57
v 66.219 0 -7.937
v 66.33 0 -1.05
v 63.469 0 -0.62
v 59.282 0 -1.083
v 58.711 0 -1.448
v 56.044 0 -9.229
v 49.7 0 -22.064
v 49.621 0 -22.195
v 45.466 0 -36.261
v 42.779 0 -32.844
v 32.283 0 -31.123
v 27.303 0 -36.053
v 29.987 0 -38.619
v 38.861 0 -47.041
v 41.592 0 -67.607
v 40.467 0 -78.839
v 9.451 0 -61.168
v 2.836 0 -58.55
v 7.86 0 -64.09
v 11.796 0 -68.594
v 16.581 0 -75.832
v 25.348 0 -81.6
v 54.816 0 -91.061
v 56.236 0 -94.791
v 56.366 0 -95.025
v 67.864 0 -86.851
v 70.804 0 -80.155
v 71.772 0 -79.768
v 73.451 0 -78.969
v 75.603 0 -73.969
v 79.162 0 -70.689
v 95.03 0 -57.476
v 92.51 0 -52.821
v 89.374 0 -53.971
v 85.918 0 -54.476
v 84.99 0 -57.007
v 84.989 0 -57.033
v 83.526 0 -58.506
v 80.959 0 -60.729
v 72.743 0 -67.11
v 62.459 0 -67.046
v 53.414 0 -55.167
v 53.735 0 -40.56
v 54.908 0 -33.733
v 57.273 0 -23.568
v 60.952 0 -14.822
v 64.759 0 -0.93
v 45.552 0 -36.412
v 33.174 0 -31.59
v 24.22 0 -28.09
v 18.701 0 -33.436
v 27.291 0 -36.004
v 29.831 0 -38.454
v 38.311 0 -43.064
v 41.414 0 -67.554
v 42.763 0 -68.739
v 41.651 0 -78.878
v 8.854 0 -65.096
v 11.769 0 -68.253
v 24.036 0 -81.141
v 25.382 0 -81.59
v 36.52 0 -86.03
v 55.018 0 -91.25
v 67.91 0 -87.036
v 67.879 0 -82.456
v 71.577 0 -79.863
v 73.413 0 -78.989
v 83.58 0 -66.89
v 85.035 0 -64.859
v 94.847 0 -57.688
v 92.158 0 -53.141
v 83.688 0 -58.353
v 81.52 0 -60.113
v 81.244 0 -60.461
v 67.474 0 -70.901
v 59.404 0 -64.862
v 53.25 0 -54.882
v 58.945 0 -18.905
v 65.866 0 -8.156
v 58.976 0 -1.301
v 43.821 0 -33.991
v 34.047 0 -31.997
v 25.009 0 -28.436
v 18.449 0 -32.963
v 29.73 0 -38.35
v 38.286 0 -42.823
v 42.77 0 -68.69
v 42.47 0 -78.883
v 19.68 0 -73.653
v 16.88 0 -67.52
v 9.759 0 -66.018
v 24.2 0 -81.17
v 33.96 0 -85.02
v 83.648 0 -66.542
v 84.891 0 -64.823
v 94.6 0 -58.109
v 94.705 0 -57.896
v 76.109 0 -65.613
v 54.776 0 -34.46
v 54.835 0 -34.036
v 58.734 0 -19.309
v 45.615 0 -36.502
v 26.548 0 -28.922
v 25.612 0 -28.678
v 29.633 0 -38.26
v 38.26 0 -42.62
v 38.861 0 -46.806
v 42.793 0 -68.664
v 18.64 0 -72.118
v 10.538 0 -66.818
v 11.73 0 -68.09
v 73.793 0 -75.203
v 83.826 0 -66.104
v 84.81 0 -64.81
v 67.124 0 -71.211
v 58.956 0 -64.515
v 57.265 0 -23.041
v 65.074 0 -0.982
v 56.042 0 -9.608
v 26.101 0 -28.834
v 29.099 0 -37.928
v 41.521 0 -67.578
v 42.833 0 -68.664
v 16.547 0 -67.5
v 11.151 0 -67.455
v 73.6 0 -75.348
v 84.071 0 -65.644
v 85.88 0 -54.753
v 66.872 0 -71.427
v 61.523 0 -13.464
v 62.177 0 -12.116
v 65.441 0 -1.02
v 56.006 0 -10.18
v 45.65 0 -36.52
v 25.886 0 -36.817
v 29.306 0 -38.042
v 29.488 0 -38.156
v 42.89 0 -68.69
v 18.958 0 -72.875
v 15.794 0 -67.09
v 11.561 0 -67.892
v 16.259 0 -75.978
v 74.442 0 -76.297
v 73.451 0 -75.47
v 84.344 0 -65.229
v 84.604 0 -64.929
v 66.74 0 -71.53
v 57.267 0 -22.629
v 61.914 0 -12.599
v 65.86 0 -1.043
v 55.94 0 -10.99
v 34.746 0 -32.266
v 26.07 0 -36.634
v 16.219 0 -67.385
v 16.429 0 -75.878
v 74.076 0 -76.105
v 57.279 0 -22.357
v 26.264 0 -36.473
v 67.949 0 -82.221
v 85.811 0 -55.015
v 26.46 0 -36.342
v 19.307 0 -73.392
v 26.65 0 -36.25
v 73.766 0 -75.933
v 26.806 0 -36.183
v 73.528 0 -75.788
v 26.951 0 -36.123
v 73.374 0 -75.681
v 73.354 0 -75.564
v 73.32 0 -75.62
v 53.009 0 -54.081
v 53.122 0 -54.536
v 46.39 0 -35.13
v 46.213 0 -35.48
v 46.047 0 -35.801
v 45.694 0 -36.453
v 42.79 0 -78.85
v 66.5 0 -71.618
v 45.78 0 -36.302
v 42.868 0 -78.011
v 66.296 0 -71.586
v 45.9 0 -36.08
v 42.927 0 -76.12
v 42.964 0 -73.71
v 42.973 0 -71.313
v 42.95 0 -69.462
v 60.487 10 -0.178
v 59.66 10 -0.78
v 60.108 10 -0.419
v 57.86 10 -1.59
v 56.802 10 -1.663
v 57.243 10 -1.603
v 56.264 10 -2.051
v 56.491 10 -1.801
v 55.88 10 -3.01
v 56.076 10 -2.443
v 55.509 10 -5.173
v 55.652 10 -3.987
v 55.481 10 -7.524
v 55.451 10 -6.405
v 55.81 10 -8.78
v 55.601 10 -8.369
v 55.75 10 -13.03
v 54.664 10 -13.265
v 54.98 10 -13.19
v 54.16 10 -13.584
v 54.405 10 -13.381
v 53.536 10 -14.432
v 53.885 10 -13.919
v 52.286 10 -16.45
v 53.07 10 -15.17
v 50.896 10 -18.974
v 51.549 10 -17.743
v 49.99 10 -20.961
v 50.364 10 -20.071
v 49.757 10 -21.861
v 49.81 10 -21.57
v 49.342 10 -22.302
v 48.739 10 -22.368
v 49.11 10 -22.31
v 48.054 10 -22.857
v 48.39 10 -22.547
v 47.378 10 -23.914
v 47.72 10 -23.31
v 46.791 10 -25.245
v 47.02 10 -24.68
v 46.524 10 -26.302
v 46.631 10 -25.743
v 46.4 10 -28.114
v 46.453 10 -27.05
v 46.306 10 -31.139
v 46.35 10 -29.62
v 46.306 10 -32.816
v 46.288 10 -32.169
v 46.484 10 -33.39
v 46.369 10 -33.187
v 47.05 10 -33.8
v 46.66 10 -33.53
v 45.11 10 -35.53
v 44.625 10 -34.55
v 44.859 10 -34.982
v 44.218 10 -34.027
v 44.411 10 -34.231
v 43.9 10 -33.96
v 44.047 10 -33.937
v 43.83 10 -33.908
v 43.879 10 -33.666
v 43.87 10 -33.85
v 43.581 10 -33.191
v 43.77 10 -33.433
v 43.114 10 -32.853
v 43.35 10 -32.984
v 42.852 10 -32.853
v 42.91 10 -32.84
v 42.769 10 -32.791
v 42.794 10 -32.695
v 42.79 10 -32.75
v 42.665 10 -32.544
v 42.751 10 -32.624
v 42.389 10 -32.376
v 42.543 10 -32.459
v 41.91 10 -32.194
v 42.21 10 -32.3
v 41.074 10 -32.085
v 41.55 10 -32.123
v 39.541 10 -32.096
v 40.423 10 -32.077
v 38.37 10 -32.14
v 36.767 10 -32.2
v 37.531 10 -32.168
v 35.593 10 -32.267
v 36.11 10 -32.234
v 35.11 10 -32.32
v 35.249 10 -32.296
v 31.08 10 -30.32
v 30.151 10 -29.539
v 30.631 10 -29.883
v 29.036 10 -29.104
v 29.625 10 -29.281
v 27.6 10 -28.97
v 28.366 10 -29.003
v 22.25 10 -27.2
v 22.115 10 -25.868
v 22.16 10 -26.21
v 21.959 10 -25.264
v 22.049 10 -25.555
v 21.692 10 -24.71
v 21.841 10 -24.985
v 21.231 10 -24.061
v 21.51 10 -24.43
v 20.618 10 -23.611
v 20.947 10 -23.794
v 19.664 10 -23.431
v 20.203 10 -23.496
v 18.614 10 -23.4
v 18.96 10 -23.4
v 18.103 10 -23.475
v 18.335 10 -23.423
v 17.704 10 -23.683
v 17.899 10 -23.56
v 17.253 10 -24.109
v 17.5 10 -23.85
v 16.897 10 -24.924
v 17.059 10 -24.444
v 16.588 10 -26.602
v 16.747 10 -25.62
v 16.18 10 -29.55
v 16.4 10 -27.94
v 18.95 10 -34.252
v 19.07 10 -35.181
v 19.01 10 -34.73
v 19.274 10 -35.935
v 19.153 10 -35.569
v 19.701 10 -36.756
v 19.451 10 -36.317
v 20.284 10 -37.666
v 20.04 10 -37.29
v 20.734 10 -38.322
v 20.519 10 -38.015
v 21.06 10 -38.759
v 20.918 10 -38.575
v 21.426 10 -38.921
v 21.15 10 -38.86
v 22.6 10 -38.8
v 21.941 10 -38.896
v 23.974 10 -38.466
v 23.309 10 -38.651
v 24.681 10 -38.148
v 24.5 10 -38.26
v 25.074 10 -37.819
v 24.876 10 -37.997
v 25.437 10 -37.42
v 25.264 10 -37.623
v 25.72 10 -37.016
v 25.58 10 -37.22
v 27.179 10 -36.031
v 27.28 10 -35.99
v 27.249 10 -36.003
v 27.339 10 -36.349
v 27.391 10 -36.745
v 27.35 10 -36.48
v 27.625 10 -37.153
v 27.476 10 -36.964
v 28.193 10 -37.513
v 27.857 10 -37.33
v 28.877 10 -37.818
v 28.65 10 -37.72
v 30.653 10 -39.345
v 31.338 10 -40.077
v 30.9 10 -39.62
v 32.131 10 -40.785
v 31.736 10 -40.456
v 33.061 10 -41.4
v 32.561 10 -41.09
v 34.003 10 -41.909
v 33.67 10 -41.74
v 34.621 10 -42.084
v 34.301 10 -42.021
v 35.563 10 -42.095
v 35.023 10 -42.106
v 38.16 10 -41.96
v 36.3 10 -42.06
v 38.365 10 -43.859
v 38.38 10 -44.352
v 38.37 10 -44.1
v 38.452 10 -44.966
v 38.409 10 -44.647
v 38.571 10 -45.61
v 38.508 10 -45.293
v 38.783 10 -46.443
v 38.64 10 -45.9
v 38.57 10 -47.336
v 37.74 10 -47.803
v 38.25 10 -47.5
v 36.86 10 -48.594
v 37.28 10 -48.163
v 36.087 10 -49.728
v 36.466 10 -49.11
v 35.202 10 -51.541
v 35.71 10 -50.46
v 34.676 10 -52.999
v 34.868 10 -52.333
v 34.594 10 -54.6
v 34.595 10 -53.7
v 34.689 10 -56.824
v 34.64 10 -55.86
v 34.826 10 -58.321
v 34.75 10 -57.633
v 35.047 10 -59.488
v 34.924 10 -58.927
v 35.512 10 -60.987
v 35.2 10 -60.04
v 36.222 10 -62.681
v 35.864 10 -61.89
v 36.82 10 -63.646
v 36.553 10 -63.29
v 37.037 10 -63.626
v 36.99 10 -63.68
v 37.072 10 -63.714
v 37.033 10 -63.97
v 37.04 10 -63.81
v 37.294 10 -64.443
v 37.113 10 -64.174
v 38.018 10 -65.255
v 37.59 10 -64.796
v 39.245 10 -66.496
v 38.59 10 -65.84
v 40.097 10 -67.254
v 39.732 10 -66.956
v 40.65 10 -67.502
v 40.388 10 -67.424
v 41.112 10 -67.524
v 40.93 10 -67.52
v 41.62 10 -67.64
v 41.708 10 -67.817
v 41.643 10 -67.708
v 41.939 10 -68.127
v 41.809 10 -67.959
v 42.26 10 -68.51
v 42.091 10 -68.313
v 42.567 10 -68.831
v 42.425 10 -68.691
v 42.76 10 -68.972
v 42.68 10 -68.926
v 42.8 10 -68.9
v 42.802 10 -68.965
v 37.552 10 -78.684
v 35.501 10 -78.539
v 36.09 10 -78.58
v 34.681 10 -78.558
v 35.048 10 -78.529
v 33.999 10 -78.756
v 34.349 10 -78.631
v 32.54 10 -79.42
v 33.58 10 -78.94
v 30.305 10 -77.225
v 30.92 10 -77.82
v 29.384 10 -76.436
v 29.806 10 -76.773
v 28.619 10 -75.997
v 29.001 10 -76.187
v 27.427 10 -75.567
v 28.2 10 -75.84
v 22.431 10 -73.749
v 21.59 10 -73.461
v 21.8 10 -73.51
v 21.003 10 -73.451
v 21.316 10 -73.441
v 20.355 10 -73.552
v 20.674 10 -73.489
v 18.361 10 -71.137
v 18.104 10 -69.816
v 18.13 10 -69.95
v 17.915 10 -68.832
v 17.64 10 -67.52
v 17.86 10 -68.54
v 14.237 10 -65.626
v 12.037 10 -63.434
v 12.9 10 -64.29
v 10.573 10 -62.025
v 11.25 10 -62.669
v 9.675 10 -61.229
v 10.036 10 -61.534
v 9.483 10 -61.162
v 9.52 10 -61.14
v 9.406 10 -61.099
v 9.35 10 -60.847
v 9.41 10 -61.05
v 8.85 10 -60.225
v 9.143 10 -60.551
v 8.256 10 -59.736
v 8.534 10 -59.932
v 8.032 10 -59.728
v 8.08 10 -59.7
v 7.972 10 -59.699
v 7.806 10 -59.289
v 7.99 10 -59.66
v 6.405 10 -57.705
v 7.216 10 -58.574
v 4.858 10 -56.267
v 5.557 10 -56.873
v 4.429 10 -56.123
v 4.49 10 -56.08
v 4.377 10 -56.071
v 4.438 10 -55.928
v 4.42 10 -56.01
v 4.372 10 -55.701
v 4.421 10 -55.824
v 4.181 10 -55.411
v 4.292 10 -55.563
v 3.54 10 -54.73
v 4.04 10 -55.25
v 1.09 10 -57.14
v 2.31 10 -55.93
v 2.043 10 -58.115
v 1.84 10 -57.92
v 2.41 10 -58.426
v 2.236 10 -58.287
v 2.671 10 -58.58
v 2.558 10 -58.527
v 2.781 10 -58.557
v 2.74 10 -58.58
v 2.855 10 -58.597
v 2.893 10 -58.855
v 2.85 10 -58.64
v 3.379 10 -59.505
v 3.09 10 -59.165
v 3.981 10 -60.009
v 3.697 10 -59.808
v 4.232 10 -59.997
v 4.17 10 -60.04
v 4.294 10 -60.049
v 4.327 10 -60.285
v 4.26 10 -60.11
v 5.115 10 -61.241
v 4.613 10 -60.664
v 6.743 10 -62.961
v 5.827 10 -62.009
v 11.77 10 -71.14
v 12.42 10 -74.47
v 11.66 10 -73.95
v 12.963 10 -74.85
v 12.662 10 -74.64
v 14.023 10 -75.607
v 14.686 10 -76.086
v 14.36 10 -75.86
v 15.251 10 -76.46
v 14.987 10 -76.289
v 15.619 10 -76.674
v 15.466 10 -76.591
v 15.733 10 -76.684
v 15.7 10 -76.7
v 15.829 10 -76.574
v 15.777 10 -76.64
v 15.935 10 -76.393
v 15.883 10 -76.49
v 16.72 10 -75.96
v 16.73 10 -76.221
v 16.712 10 -76.12
v 16.84 10 -76.249
v 16.772 10 -76.264
v 17.05 10 -76.05
v 16.933 10 -76.177
v 17.202 10 -75.963
v 17.033 10 -76.442
v 17.12 10 -76.13
v 17.612 10 -77.27
v 17.161 10 -76.79
v 19.906 10 -79.005
v 18.492 10 -77.977
v 22.373 10 -80.732
v 21.96 10 -80.45
v 22.984 10 -81.07
v 22.708 10 -80.936
v 23.444 10 -81.168
v 23.222 10 -81.144
v 24.67 10 -81.4
v 24.907 10 -81.553
v 24.788 10 -81.484
v 25.13 10 -81.634
v 25.022 10 -81.604
v 25.3 10 -81.62
v 25.224 10 -81.641
v 25.385 10 -81.626
v 25.352 10 -81.741
v 25.35 10 -81.66
v 25.556 10 -82.08
v 25.423 10 -81.884
v 25.977 10 -82.579
v 25.743 10 -82.316
v 26.655 10 -83.257
v 26.25 10 -82.86
v 27.234 10 -83.726
v 26.973 10 -83.539
v 27.716 10 -83.893
v 27.471 10 -83.838
v 28.278 10 -83.922
v 28 10 -83.91
v 29.47 10 -84.65
v 32.1 10 -85.2
v 30.25 10 -85.4
v 39.09 10 -87.06
v 39.115 10 -88.621
v 39.09 10 -87.96
v 39.33 10 -89.636
v 39.193 10 -89.174
v 39.798 10 -90.348
v 39.53 10 -90.022
v 40.435 10 -90.821
v 40.14 10 -90.63
v 41.068 10 -91.02
v 40.714 10 -90.948
v 42.373 10 -91.033
v 41.59 10 -91.046
v 44.548 10 -90.945
v 43.51 10 -90.99
v 45.906 10 -90.829
v 45.326 10 -90.894
v 46.734 10 -90.616
v 46.354 10 -90.739
v 47.412 10 -90.303
v 47.11 10 -90.45
v 48.747 10 -89.679
v 49.74 10 -89.22
v 49.25 10 -89.447
v 51.49 10 -88.45
v 52.316 10 -89.544
v 52.08 10 -89.26
v 52.831 10 -90.014
v 52.561 10 -89.792
v 53.497 10 -90.413
v 53.139 10 -90.218
v 55.062 10 -91.759
v 54.882 10 -92.527
v 54.96 10 -92.16
v 54.961 10 -93.188
v 54.881 10 -92.866
v 55.377 10 -93.828
v 55.125 10 -93.504
v 55.911 10 -94.36
v 55.72 10 -94.17
v 56.55 10 -95.51
v 56.986 10 -96.876
v 56.759 10 -96.262
v 57.564 10 -97.811
v 57.249 10 -97.382
v 58.42 10 -98.55
v 57.949 10 -98.19
v 59.101 10 -98.956
v 58.734 10 -98.748
v 59.909 10 -99.357
v 59.5 10 -99.162
v 60.67 10 -99.67
v 60.306 10 -99.53
v 61.596 10 -99.949
v 61.195 10 -99.841
v 62.301 10 -99.985
v 61.941 10 -99.995
v 63.34 10 -99.81
v 62.744 10 -99.922
v 64.716 10 -99.413
v 64.077 10 -99.635
v 65.87 10 -98.73
v 65.3 10 -99.12
v 67.14 10 -97.56
v 66.47 10 -98.218
v 68.172 10 -96.304
v 67.742 10 -96.911
v 68.661 10 -94.742
v 68.466 10 -95.621
v 68.9 10 -91.92
v 68.794 10 -93.548
v 68.42 10 -87.82
v 69.08 10 -88.68
v 67.91 10 -86.47
v 68.146 10 -85.225
v 68.049 10 -85.856
v 68.197 10 -84.035
v 68.196 10 -84.607
v 68.04 10 -83.15
v 68.146 10 -83.539
v 68.78 10 -81.93
v 69.262 10 -81.87
v 69.037 10 -81.917
v 69.691 10 -81.637
v 69.474 10 -81.78
v 70.22 10 -81.15
v 69.933 10 -81.43
v 70.581 10 -80.736
v 70.414 10 -80.937
v 70.809 10 -80.401
v 70.715 10 -80.554
v 70.85 10 -80.22
v 70.856 10 -80.287
v 70.855 10 -80.161
v 70.969 10 -80.204
v 70.9 10 -80.18
v 71.12 10 -80.188
v 71.043 10 -80.206
v 71.271 10 -80.098
v 71.197 10 -80.151
v 72.256 10 -79.576
v 72.773 10 -79.407
v 72.52 10 -79.49
v 73.183 10 -79.241
v 72.997 10 -79.323
v 73.398 10 -79.105
v 73.319 10 -79.167
v 73.399 10 -79.019
v 73.41 10 -79.06
v 73.587 10 -78.968
v 74.079 10 -79.054
v 73.68 10 -78.99
v 74.832 10 -78.914
v 74.464 10 -79.029
v 75.513 10 -78.423
v 75.183 10 -78.711
v 76.4 10 -77.26
v 75.82 10 -78.05
v 74.27 10 -74.88
v 74.746 10 -74.567
v 74.516 10 -74.721
v 75.117 10 -74.313
v 74.95 10 -74.429
v 75.3 10 -74.18
v 75.238 10 -74.227
v 77.24 10 -72.87
v 78.446 10 -72.045
v 77.946 10 -72.399
v 78.967 10 -71.551
v 78.775 10 -71.774
v 79.08 10 -71.12
v 79.058 10 -71.345
v 79.406 10 -70.662
v 79.851 10 -70.721
v 79.62 10 -70.7
v 80.344 10 -70.521
v 80.077 10 -70.673
v 81.193 10 -69.778
v 80.7 10 -70.234
v 82.497 10 -68.501
v 81.87 10 -69.12
v 83.265 10 -67.652
v 82.953 10 -68.022
v 83.553 10 -67.118
v 83.457 10 -67.361
v 85.735 10 -65.074
v 86.326 10 -65.266
v 86.02 10 -65.17
v 86.984 10 -65.426
v 86.653 10 -65.353
v 87.585 10 -65.523
v 87.3 10 -65.484
v 88.122 10 -65.53
v 87.82 10 -65.54
v 88.585 10 -65.4
v 88.368 10 -65.489
v 89.048 10 -65.017
v 88.802 10 -65.248
v 89.622 10 -64.388
v 89.35 10 -64.69
v 90.924 10 -63.003
v 91.94 10 -61.93
v 91.434 10 -62.465
v 93.667 10 -60.099
v 92.973 10 -60.848
v 94.326 10 -59.231
v 94.095 10 -59.591
v 94.48 10 -58.58
v 94.431 10 -58.925
v 95.26 10 -57.25
v 95.794 10 -56.76
v 95.492 10 -57.039
v 96.924 10 -55.713
v 98.68 10 -54.1
v 97.31 10 -55.36
v 98.91 10 -50.49
v 98.8 10 -52.3
v 97.371 10 -49.659
v 98.03 10 -49.99
v 96.266 10 -49.643
v 96.82 10 -49.528
v 94.712 10 -50.792
v 95.6 10 -50.049
v 93.195 10 -52.193
v 93.49 10 -51.92
v 91.825 10 -53.44
v 90.57 10 -54.55
v 91.53 10 -53.7
v 89.993 10 -54.098
v 90.12 10 -54.19
v 89.743 10 -53.969
v 89.865 10 -54.023
v 89.539 10 -53.93
v 89.632 10 -53.937
v 89.423 10 -53.975
v 89.47 10 -53.95
v 89.388 10 -53.904
v 89.444 10 -53.77
v 89.42 10 -53.85
v 89.376 10 -53.553
v 89.429 10 -53.67
v 89.165 10 -53.275
v 89.287 10 -53.42
v 88.774 10 -52.914
v 89.01 10 -53.12
v 88.387 10 -52.715
v 88.58 10 -52.782
v 87.848 10 -52.742
v 88.157 10 -52.704
v 87.133 10 -52.879
v 87.42 10 -52.82
v 86.614 10 -53.005
v 86.86 10 -52.941
v 86.251 10 -53.118
v 86.407 10 -53.065
v 86.094 10 -53.232
v 86.16 10 -53.16
v 85.993 10 -53.515
v 86.038 10 -53.353
v 85.937 10 -53.931
v 85.959 10 -53.71
v 85.561 10 -55.554
v 85.226 10 -56.093
v 85.37 10 -55.86
v 85.018 10 -56.52
v 85.108 10 -56.317
v 84.935 10 -56.827
v 84.959 10 -56.693
v 84.978 10 -56.967
v 84.95 10 -56.91
v 84.943 10 -57.038
v 84.826 10 -57.019
v 84.9 10 -57.02
v 84.584 10 -57.199
v 84.717 10 -57.082
v 84.272 10 -57.561
v 84.433 10 -57.361
v 83.877 10 -58.119
v 84.11 10 -57.79
v 83.04 10 -58.6
v 82.693 10 -58.607
v 82.857 10 -58.576
v 82.347 10 -58.906
v 82.53 10 -58.711
v 81.84 10 -59.64
v 82.123 10 -59.209
v 80.141 10 -61.194
v 78.557 10 -61.926
v 79.5 10 -61.48
v 77.246 10 -62.825
v 77.809 10 -62.371
v 76.633 10 -63.804
v 76.858 10 -63.299
v 76.507 10 -64.846
v 76.56 10 -64.35
v 75.374 10 -66.025
v 74.46 10 -66.133
v 74.9 10 -66.08
v 73.461 10 -66.461
v 73.957 10 -66.271
v 72.772 10 -66.873
v 73.043 10 -66.673
v 72.738 10 -67.077
v 72.72 10 -67.03
v 72.678 10 -67.112
v 72.346 10 -67.062
v 72.63 10 -67.08
v 71.323 10 -67.577
v 71.905 10 -67.231
v 69.799 10 -68.767
v 70.615 10 -68.093
v 68.379 10 -70.072
v 68.89 10 -69.59
v 65.73 10 -70.11
v 64.24 10 -67.93
v 65.52 10 -68.76
v 63.554 10 -67.501
v 63.891 10 -67.704
v 62.982 10 -67.196
v 63.246 10 -67.329
v 62.65 10 -67.08
v 62.778 10 -67.11
v 62.423 10 -66.993
v 62.403 10 -66.892
v 62.44 10 -66.96
v 62.034 10 -66.589
v 62.263 10 -66.764
v 61.368 10 -66.136
v 61.73 10 -66.376
v 58.49 10 -63.72
v 58.371 10 -63.373
v 58.462 10 -63.555
v 57.969 10 -62.917
v 58.21 10 -63.164
v 57.21 10 -62.27
v 57.638 10 -62.623
v 55.94 10 -61.25
v 56.005 10 -59.737
v 55.99 10 -60.17
v 55.932 10 -59.049
v 55.99 10 -59.379
v 55.64 10 -58.29
v 55.82 10 -58.701
v 55.17 10 -57.397
v 55.38 10 -57.77
v 54.671 10 -56.631
v 54.929 10 -57.01
v 54.163 10 -55.976
v 54.411 10 -56.28
v 53.637 10 -55.437
v 53.94 10 -55.74
v 52.89 10 -53.47
v 52.68 10 -52.377
v 52.796 10 -52.978
v 52.413 10 -50.997
v 52.55 10 -51.704
v 52.277 10 -50.293
v 51.7 10 -47.32
v 52.15 10 -49.63
v 52.757 10 -44.591
v 52.53 10 -45.22
v 53.149 10 -43.347
v 52.966 10 -43.96
v 53.417 10 -42.27
v 53.301 10 -42.777
v 53.549 10 -41.465
v 53.49 10 -41.85
v 53.974 10 -39.642
v 54.248 10 -38.752
v 54.1 10 -39.24
v 54.475 10 -37.713
v 54.372 10 -38.247
v 54.622 10 -36.493
v 54.558 10 -37.133
v 55.001 10 -33.524
v 55.224 10 -33.253
v 55.12 10 -33.38
v 55.493 10 -32.766
v 55.35 10 -33.043
v 55.795 10 -32.083
v 55.643 10 -32.441
v 56.092 10 -31.295
v 55.94 10 -31.71
v 56.44 10 -30.31
v 56.261 10 -30.819
v 56.788 10 -29.312
v 57.147 10 -28.271
v 56.94 10 -28.88
v 57.359 10 -27.29
v 57.283 10 -27.776
v 57.368 10 -25.936
v 57.384 10 -26.711
v 57.3 10 -22.25
v 57.467 10 -21.969
v 57.356 10 -22.171
v 57.813 10 -21.265
v 57.623 10 -21.66
v 58.26 10 -20.29
v 58.029 10 -20.802
v 59.36 10 -18.27
v 59.556 10 -18.037
v 59.443 10 -18.199
v 59.841 10 -17.5
v 59.691 10 -17.799
v 60.15 10 -16.78
v 59.996 10 -17.155
v 62.366 10 -11.906
v 62.668 10 -11.812
v 62.53 10 -11.86
v 63.103 10 -11.446
v 62.861 10 -11.673
v 63.717 10 -10.75
v 63.389 10 -11.137
v 64.891 10 -9.255
v 64.08 10 -10.29
v 66.605 10 -7.834
v 67.573 10 -7.7
v 67.12 10 -7.77
v 68.249 10 -7.464
v 67.931 10 -7.608
v 68.987 10 -6.891
v 68.582 10 -7.235
v 70.006 10 -5.939
v 69.52 10 -6.4
v 70.6 10 -5.271
v 70.358 10 -5.573
v 70.848 10 -4.727
v 70.756 10 -5
v 71.01 10 -3.63
v 70.9 10 -4.42
v 67.82 10 -1.05
v 69.43 10 -2.35
v 64.29 10 -0.78
v 63.999 10 -0.651
v 64.144 10 -0.708
v 63.741 10 -0.589
v 63.862 10 -0.611
v 63.57 10 -0.6
v 63.641 10 -0.585
v 63.446 10 -0.548
v 63.443 10 -0.413
v 63.45 10 -0.49
v 63.265 10 -0.276
v 63.381 10 -0.341
v 62.874 10 -0.17
v 63.096 10 -0.219
v 61.852 10 -0.032
v 62.6 10 -0.13
v 60.86 10 -0.043
v 61.293 10 0.001
v 58.184 10 -1.579
v 55.931 10 -8.861
v 45.241 10 -35.811
v 43.809 10 -33.952
v 42.808 10 -32.854
v 27.024 10 -28.961
v 17.53 10 -31.55
v 27.077 10 -36.071
v 27.327 10 -36.231
v 30.41 10 -39.077
v 37.07 10 -63.603
v 37.087 10 -63.647
v 23.528 10 -74.154
v 17.97 10 -69.119
v 9.412 10 -61.136
v 7.997 10 -59.741
v 7.967 10 -59.726
v 4.385 10 -56.142
v 4.358 10 -56.115
v 4.308 10 -60.005
v 11.798 10 -70.385
v 13.664 10 -75.346
v 15.98 10 -76.29
v 17.156 10 -75.917
v 17.246 10 -75.86
v 23.67 10 -81.15
v 24.513 10 -81.298
v 25.401 10 -81.603
v 29.188 10 -84.383
v 53.92 10 -90.61
v 67.867 10 -86.669
v 68.398 10 -81.961
v 70.816 10 -80.189
v 71.34 10 -80.03
v 74.019 10 -75.045
v 76.746 10 -73.2
v 90.435 10 -63.52
v 94.527 10 -58.334
v 96.146 10 -56.432
v 83.219 10 -58.617
v 72.713 10 -67.127
v 67.899 10 -70.515
v 65.845 10 -70.697
v 62.571 10 -67.076
v 60.96 10 -65.88
v 58.536 10 -63.977
v 54.67 10 -35.78
v 56.619 10 -29.798
v 59.267 10 -18.367
v 63.528 10 -0.625
v 49.507 10 -22.269
v 45.361 10 -36.058
v 43.853 10 -33.985
v 42.766 10 -32.822
v 31.532 10 -30.674
v 18.069 10 -32.357
v 30.184 10 -38.831
v 38.353 10 -43.596
v 38.769 10 -47.201
v 42.773 10 -68.809
v 39.056 10 -78.772
v 24.872 10 -74.645
v 20.07 10 -73.64
v 18.021 10 -69.387
v 4.361 10 -56.139
v 2.813 10 -58.547
v 2.85 10 -58.567
v 4.276 10 -59.978
v 11.811 10 -69.689
v 16.688 10 -75.855
v 17.224 10 -75.84
v 28.949 10 -84.187
v 47.803 10 -90.118
v 55.09 10 -91.469
v 56.084 10 -94.569
v 56.471 10 -95.266
v 68.179 10 -87.5
v 70.823 10 -80.153
v 71.429 10 -79.952
v 73.51 10 -78.961
v 74.85 10 -76.5
v 76.297 10 -73.501
v 79.085 10 -70.912
v 79.258 10 -70.656
v 85.469 10 -64.988
v 96.53 10 -56.077
v 89.373 10 -53.945
v 85.93 10 -54.17
v 84.973 10 -57.043
v 80.609 10 -60.959
v 76.354 10 -65.27
v 65.974 10 -71.134
v 62.43 10 -67.022
v 60.06 10 -65.306
v 53.851 10 -40.09
v 54.723 10 -35.032
v 57.32 10 -24.86
v 64.497 10 -0.863
v 63.494 10 -0.631
v 63.452 10 -0.592
v 58.458 10 -1.536
v 56.008 10 -8.995
v 43.806 10 -33.98
v 18.857 10 -33.843
v 27.315 10 -36.13
v 38.334 10 -43.326
v 37.086 10 -63.61
v 41.276 10 -67.536
v 26.245 10 -75.143
v 18.067 10 -69.624
v 15.167 10 -66.532
v 9.427 10 -61.159
v 7.975 10 -59.74
v 4.301 10 -59.981
v 11.81 10 -69.083
v 13.304 10 -75.09
v 16.099 10 -76.12
v 17.254 10 -75.82
v 23.861 10 -81.135
v 24.357 10 -81.222
v 25.4 10 -81.591
v 28.514 10 -83.966
v 28.731 10 -84.051
v 48.256 10 -89.906
v 54.46 10 -90.861
v 68.012 10 -87.246
v 67.909 10 -82.764
v 68.121 10 -82.057
v 70.801 10 -80.167
v 72.003 10 -79.67
v 75.394 10 -74.113
v 75.91 10 -73.761
v 79.109 10 -70.771
v 85.231 10 -64.915
v 89.993 10 -63.99
v 92.862 10 -52.499
v 89.39 10 -53.982
v 85.706 10 -55.277
v 83.375 10 -58.59
v 75.779 10 -65.867
v 72.735 10 -67.126
v 66.122 10 -71.427
v 62.507 10 -67.064
v 58.679 10 -64.231
v 53.633 10 -41.027
v 57.291 10 -24.183
v 58.503 10 -19.776
v 59.126 10 -18.585
v 65.455 10 -8.57
v 66.219 10 -7.937
v 66.33 10 -1.05
v 63.469 10 -0.62
v 59.282 10 -1.083
v 58.711 10 -1.448
v 56.044 10 -9.229
v 49.7 10 -22.064
v 49.621 10 -22.195
v 45.466 10 -36.261
v 42.779 10 -32.844
v 32.283 10 -31.123
v 27.303 10 -36.053
v 29.987 10 -38.619
v 38.861 10 -47.041
v 41.592 10 -67.607
v 40.467 10 -78.839
v 9.451 10 -61.168
v 2.836 10 -58.55
v 7.86 10 -64.09
v 11.796 10 -68.594
v 16.581 10 -75.832
v 25.348 10 -81.6
v 54.816 10 -91.061
v 56.236 10 -94.791
v 56.366 10 -95.025
v 67.864 10 -86.851
v 70.804 10 -80.155
v 71.772 10 -79.768
v 73.451 10 -78.969
v 75.603 10 -73.969
v 79.162 10 -70.689
v 95.03 10 -57.476
v 92.51 10 -52.821
v 89.374 10 -53.971
v 85.918 10 -54.476
v 84.99 10 -57.007
v 84.989 10 -57.033
v 83.526 10 -58.506
v 80.959 10 -60.729
v 72.743 10 -67.11
v 62.459 10 -67.046
v 53.414 10 -55.167
v 53.735 10 -40.56
v 54.908 10 -33.733
v 57.273 10 -23.568
v 60.952 10 -14.822
v 64.759 10 -0.93
v 45.552 10 -36.412
v 33.174 10 -31.59
v 24.22 10 -28.09
v 18.701 10 -33.436
v 27.291 10 -36.004
v 29.831 10 -38.454
v 38.311 10 -43.064
v 41.414 10 -67.554
v 42.763 10 -68.739
v 41.651 10 -78.878
v 8.854 10 -65.096
v 11.769 10 -68.253
v 24.036 10 -81.141
v 25.382 10 -81.59
v 36.52 10 -86.03
v 55.018 10 -91.25
v 67.91 10 -87.036
v 67.879 10 -82.456
v 71.577 10 -79.863
v 73.413 10 -78.989
v 83.58 10 -66.89
v 85.035 10 -64.859
v 94.847 10 -57.688
v 92.158 10 -53.141
v 83.688 10 -58.353
v 81.52 10 -60.113
v 81.244 10 -60.461
v 67.474 10 -70.901
v 59.404 10 -64.862
v 53.25 10 -54.882
v 58.945 10 -18.905
v 65.866 10 -8.156
v 58.976 10 -1.301
v 43.821 10 -33.991
v 34.047 10 -31.997
v 25.009 10 -28.436
v 18.449 10 -32.963
v 29.73 10 -38.35
v 38.286 10 -42.823
v 42.77 10 -68.69
v 42.47 10 -78.883
v 19.68 10 -73.653
v 16.88 10 -67.52
v 9.759 10 -66.018
v 24.2 10 -81.17
v 33.96 10 -85.02
v 83.648 10 -66.542
v 84.891 10 -64.823
v 94.6 10 -58.109
v 94.705 10 -57.896
v 76.109 10 -65.613
v 54.776 10 -34.46
v 54.835 10 -34.036
v 58.734 10 -19.309
v 45.615 10 -36.502
v 26.548 10 -28.922
v 25.612 10 -28.678
v 29.633 10 -38.26
v 38.26 10 -42.62
v 38.861 10 -46.806
v 42.793 10 -68.664
v 18.64 10 -72.118
v 10.538 10 -66.818
v 11.73 10 -68.09
v 73.793 10 -75.203
v 83.826 10 -66.104
v 84.81 10 -64.81
v 67.124 10 -71.211
v 58.956 10 -64.515
v 57.265 10 -23.041
v 65.074 10 -0.982
v 56.042 10 -9.608
v 26.101 10 -28.834
v 29.099 10 -37.928
v 41.521 10 -67.578
v 42.833 10 -68.664
v 16.547 10 -67.5
v 11.151 10 -67.455
v 73.6 10 -75.348
v 84.071 10 -65.644
v 85.88 10 -54.753
v 66.872 10 -71.427
v 61.523 10 -13.464
v 62.177 10 -12.116
v 65.441 10 -1.02
v 56.006 10 -10.18
v 45.65 10 -36.52
v 25.886 10 -36.817
v 29.306 10 -38.042
v 29.488 10 -38.156
v 42.89 10 -68.69
v 18.958 10 -72.875
v 15.794 10 -67.09
v 11.561 10 -67.892
v 16.259 10 -75.978
v 74.442 10 -76.297
v 73.451 10 -75.47
v 84.344 10 -65.229
v 84.604 10 -64.929
v 66.74 10 -71.53
v 57.267 10 -22.629
v 61.914 10 -12.599
v 65.86 10 -1.043
v 55.94 10 -10.99
v 34.746 10 -32.266
v 26.07 10 -36.634
v 16.219 10 -67.385
v 16.429 10 -75.878
v 74.076 10 -76.105
v 57.279 10 -22.357
v 26.264 10 -36.473
v 67.949 10 -82.221
v 85.811 10 -55.015
v 26.46 10 -36.342
v 19.307 10 -73.392
v 26.65 10 -36.25
v 73.766 10 -75.933
v 26.806 10 -36.183
v 73.528 10 -75.788
v 26.951 10 -36.123
v 73.374 10 -75.681
v 73.354 10 -75.564
v 73.32 10 -75.62
v 53.009 10 -54.081
v 53.122 10 -54.536
v 46.39 10 -35.13
v 46.213 10 -35.48
v 46.047 10 -35.801
v 45.694 10 -36.453
v 42.79 10 -78.85
v 66.5 10 -71.618
v 45.78 10 -36.302
v 42.868 10 -78.011
v 66.296 10 -71.586
v 45.9 10 -36.08
v 42.927 10 -76.12
v 42.964 10 -73.71
v 42.973 10 -71.313
v 42.95 10 -69.462
f 1 2 3
f 4 5 6
f 7 4 8
f 9 7 10
f 11 9 12
f 13 11 14
f 15 13 16
f 17 18 19
f 20 17 21
f 22 20 23
f 24 22 25
f 26 24 27
f 28 26 29
f 30 28 31
f 32 33 34
f 35 32 36
f 37 35 38
f 39 37 40
f 41 39 42
f 43 41 44
f 45 43 46
f 47 45 48
f 49 47 50
f 51 49 52
f 53 54 55
f 56 53 57
f 58 56 59
f 60 61 62
f 63 60 64
f 65 63 66
f 67 65 68
f 69 70 71
f 72 69 73
f 74 72 75
f 76 74 77
f 78 76 79
f 80 78 81
f 82 83 84
f 85 82 86
f 87 85 88
f 89 90 91
f 92 89 93
f 94 92 95
f 96 97 98
f 99 96 100
f 101 99 102
f 103 101 104
f 105 103 106
f 107 105 108
f 109 107 110
f 111 109 112
f 113 111 114
f 115 113 116
f 117 115 118
f 119 117 120
f 121 119 122
f 123 124 125
f 126 123 127
f 128 126 129
f 130 128 131
f 132 130 133
f 134 132 135
f 136 134 137
f 138 136 139
f 140 138 141
f 142 140 143
f 144 142 145
f 146 144 147
f 148 146 149
f 150 151 152
f 153 154 155
f 156 153 157
f 158 156 159
f 160 158 161
f 162 163 164
f 165 162 166
f 167 165 168
f 169 167 170
f 171 169 172
f 173 171 174
f 175 173 176
f 177 178 179
f 180 177 181
f 182 180 183
f 184 182 185
f 186 187 188
f 189 186 190
f 191 189 192
f 193 191 194
f 195 193 196
f 197 195 198
f 199 197 200
f 201 199 202
f 203 201 204
f 205 203 206
f 207 205 208
f 209 207 210
f 211 209 212
f 213 214 215
f 216 213 217
f 218 216 219
f 220 218 221
f 222 220 223
f 224 222 225
f 226 224 227
f 228 229 230
f 231 228 232
f 233 231 234
f 235 233 236
f 237 235 238
f 239 237 240
f 241 242 243
f 244 241 245
f 246 244 247
f 248 246 249
f 250 248 251
f 252 250 253
f 254 252 255
f 256 254 257
f 258 259 260
f 261 258 262
f 263 261 264
f 265 266 267
f 268 269 270
f 271 272 273
f 274 271 275
f 276 274 277
f 278 276 279
f 280 281 282
f 283 280 284
f 285 283 286
f 287 285 288
f 289 290 291
f 292 289 293
f 294 292 295
f 296 294 297
f 298 299 300
f 301 298 302
f 303 301 304
f 305 303 306
f 307 305 308
f 309 307 310
f 311 309 312
f 313 311 314
f 315 313 316
f 317 318 319
f 320 317 321
f 322 320 323
f 324 322 325
f 326 327 328
f 329 326 330
f 331 329 332
f 333 334 335
f 336 333 337
f 338 339 340
f 341 338 342
f 343 341 344
f 345 343 346
f 347 345 348
f 349 347 350
f 351 352 353
f 354 351 355
f 356 354 357
f 358 359 360
f 361 358 362
f 363 361 364
f 365 363 366
f 367 365 368
f 369 367 370
f 371 372 373
f 374 371 375
f 376 374 377
f 378 379 380
f 381 378 382
f 383 381 384
f 385 383 386
f 387 385 388
f 389 387 390
f 391 389 392
f 393 394 395
f 396 397 398
f 399 396 400
f 401 399 402
f 403 401 404
f 405 403 406
f 407 405 408
f 409 407 410
f 411 409 412
f 413 411 414
f 415 413 416
f 417 418 419
f 420 421 422
f 423 420 424
f 425 423 426
f 427 428 429
f 430 427 431
f 432 430 433
f 434 432 435
f 436 437 438
f 439 436 440
f 441 439 442
f 443 441 444
f 445 443 446
f 447 445 448
f 449 447 450
f 451 449 452
f 453 451 454
f 455 453 456
f 457 455 458
f 459 457 460
f 461 459 462
f 463 461 464
f 465 463 466
f 467 465 468
f 469 470 471
f 472 469 473
f 474 472 475
f 476 477 478
f 479 476 480
f 481 479 482
f 483 481 484
f 485 483 486
f 487 485 488
f 489 490 491
f 492 489 493
f 494 492 495
f 496 497 498
f 499 496 500
f 501 499 502
f 503 501 504
f 505 506 507
f 508 505 509
f 510 508 511
f 512 510 513
f 514 515 516
f 517 514 518
f 519 517 520
f 521 522 523
f 524 521 525
f 526 524 527
f 528 529 530
f 531 528 532
f 533 531 534
f 535 533 536
f 537 535 538
f 539 537 540
f 541 542 543
f 544 541 545
f 546 544 547
f 548 546 549
f 550 548 551
f 552 550 553
f 554 552 555
f 556 557 558
f 559 556 560
f 561 559 562
f 563 561 564
f 565 566 567
f 568 569 570
f 571 568 572
f 573 571 574
f 575 573 576
f 577 575 578
f 579 577 580
f 581 582 583
f 584 581 585
f 586 584 587
f 588 586 589
f 590 588 591
f 592 593 594
f 595 592 596
f 597 595 598
f 599 597 600
f 601 599 602
f 603 601 604
f 605 603 606
f 607 605 608
f 609 607 610
f 611 609 612
f 613 611 614
f 615 613 616
f 617 618 619
f 620 617 621
f 622 620 623
f 624 622 625
f 626 627 628
f 629 626 630
f 631 629 632
f 633 631 634
f 635 636 637
f 638 635 639
f 640 638 641
f 642 643 644
f 645 642 646
f 647 645 648
f 649 647 650
f 651 652 653
f 654 651 655
f 656 654 657
f 658 656 659
f 660 661 662
f 663 660 664
f 665 663 666
f 667 665 668
f 669 670 671
f 672 669 673
f 674 672 675
f 676 674 677
f 678 679 680
f 681 678 682
f 683 681 684
f 685 686 687
f 688 685 689
f 690 688 691
f 692 693 694
f 695 692 696
f 697 695 698
f 699 697 700
f 701 699 702
f 703 701 704
f 705 703 706
f 707 708 709
f 710 707 711
f 712 713 714
f 715 712 716
f 717 715 718
f 719 717 720
f 721 719 722
f 723 724 725
f 726 723 727
f 728 726 729
f 730 731 732
f 733 730 734
f 735 733 736
f 737 735 738
f 739 737 740
f 741 742 743
f 744 741 745
f 746 744 747
f 748 749 750
f 751 748 752
f 753 751 754
f 755 756 757
f 758 755 759
f 760 758 761
f 762 763 764
f 765 762 766
f 767 765 768
f 769 767 770
f 771 772 773
f 774 771 775
f 776 774 777
f 778 776 779
f 780 778 781
f 782 780 783
f 784 782 785
f 786 784 787
f 788 789 790
f 791 788 792
f 793 791 794
f 795 796 797
f 798 795 799
f 800 798 801
f 802 800 803
f 804 802 805
f 1 804 2
f 4 806 5
f 9 4 7
f 13 9 11
f 807 13 15
f 20 18 17
f 24 20 22
f 28 24 26
f 35 33 32
f 39 35 37
f 43 39 41
f 47 43 45
f 51 47 49
f 53 808 54
f 58 53 56
f 60 809 61
f 65 60 63
f 810 65 67
f 72 70 69
f 76 72 74
f 80 76 78
f 82 80 83
f 87 82 85
f 92 90 89
f 811 92 94
f 99 97 96
f 103 99 101
f 107 103 105
f 111 107 109
f 115 111 113
f 119 115 117
f 812 119 121
f 126 124 123
f 130 126 128
f 134 130 132
f 138 134 136
f 142 138 140
f 146 142 144
f 150 813 151
f 153 814 154
f 158 153 156
f 162 815 163
f 167 162 165
f 171 167 169
f 175 171 173
f 180 178 177
f 184 180 182
f 189 187 186
f 193 189 191
f 197 193 195
f 201 197 199
f 205 201 203
f 209 205 207
f 816 209 211
f 213 817 214
f 218 213 216
f 222 218 220
f 226 222 224
f 231 229 228
f 235 231 233
f 239 235 237
f 244 242 241
f 248 244 246
f 252 248 250
f 256 252 254
f 258 818 259
f 263 258 261
f 268 819 269
f 274 272 271
f 278 274 276
f 280 820 281
f 285 280 283
f 821 285 287
f 289 822 290
f 294 289 292
f 823 294 296
f 298 824 299
f 303 298 301
f 307 303 305
f 311 307 309
f 315 311 313
f 320 318 317
f 324 320 322
f 326 825 327
f 331 326 329
f 333 826 334
f 338 827 339
f 343 338 341
f 347 343 345
f 828 347 349
f 354 352 351
f 829 354 356
f 358 830 359
f 363 358 361
f 367 363 365
f 831 367 369
f 371 832 372
f 376 371 374
f 378 833 379
f 383 378 381
f 387 383 385
f 391 387 389
f 393 834 394
f 399 397 396
f 403 399 401
f 407 403 405
f 411 407 409
f 415 411 413
f 423 421 420
f 835 423 425
f 430 428 427
f 434 430 432
f 439 437 436
f 443 439 441
f 447 443 445
f 451 447 449
f 455 451 453
f 459 455 457
f 463 459 461
f 467 463 465
f 469 836 470
f 474 469 472
f 476 837 477
f 481 476 479
f 485 481 483
f 838 485 487
f 492 490 489
f 839 492 494
f 499 497 496
f 503 499 501
f 508 506 505
f 512 508 510
f 514 840 515
f 519 514 517
f 521 841 522
f 526 521 524
f 531 529 528
f 535 531 533
f 539 535 537
f 544 542 541
f 548 544 546
f 552 548 550
f 556 842 557
f 561 556 559
f 843 561 563
f 844 566 565
f 571 569 568
f 575 571 573
f 579 575 577
f 586 581 584
f 590 586 588
f 595 593 592
f 599 595 597
f 603 599 601
f 607 603 605
f 611 607 609
f 615 611 613
f 620 618 617
f 624 620 622
f 629 627 626
f 633 629 631
f 635 845 636
f 640 635 638
f 645 643 642
f 649 645 647
f 654 652 651
f 658 654 656
f 660 846 661
f 665 660 663
f 847 665 667
f 669 848 670
f 674 669 672
f 849 674 676
f 681 679 678
f 850 681 683
f 685 851 686
f 690 685 688
f 695 693 692
f 699 695 697
f 703 699 701
f 710 708 707
f 712 710 713
f 717 712 715
f 721 717 719
f 726 724 723
f 852 726 728
f 733 731 730
f 737 733 735
f 853 737 739
f 741 853 742
f 746 741 744
f 751 749 748
f 755 854 756
f 760 755 758
f 765 763 762
f 769 765 767
f 774 772 771
f 778 774 776
f 782 778 780
f 786 782 784
f 791 789 788
f 855 791 793
f 798 796 795
f 802 798 800
f 1 802 804
f 9 806 4
f 807 9 13
f 24 18 20
f 30 24 28
f 35 856 33
f 43 35 39
f 51 43 47
f 53 857 808
f 858 53 58
f 65 809 60
f 72 859 70
f 80 72 76
f 87 80 82
f 92 860 90
f 103 97 99
f 111 103 107
f 119 111 115
f 861 119 812
f 130 124 126
f 138 130 134
f 146 138 142
f 158 814 153
f 162 862 815
f 171 162 167
f 180 863 178
f 189 864 187
f 197 189 193
f 205 197 201
f 816 205 209
f 218 817 213
f 226 218 222
f 235 229 231
f 865 235 239
f 244 866 242
f 256 248 252
f 258 867 818
f 868 258 263
f 268 869 819
f 278 272 274
f 285 820 280
f 294 822 289
f 870 294 823
f 303 824 298
f 311 303 307
f 871 311 315
f 320 872 318
f 873 320 324
f 331 825 326
f 333 874 826
f 343 827 338
f 828 343 347
f 354 875 352
f 876 354 829
f 363 830 358
f 831 363 367
f 376 832 371
f 383 833 378
f 391 383 387
f 393 877 834
f 403 397 399
f 411 403 407
f 878 411 415
f 835 421 423
f 430 879 428
f 880 430 434
f 439 881 437
f 447 439 443
f 455 447 451
f 463 455 459
f 882 463 467
f 474 836 469
f 481 837 476
f 838 481 485
f 492 883 490
f 884 492 839
f 503 497 499
f 508 885 506
f 886 508 512
f 519 840 514
f 521 887 841
f 888 521 526
f 531 889 529
f 539 531 535
f 544 890 542
f 552 544 548
f 561 842 556
f 891 566 844
f 571 891 569
f 579 571 575
f 590 581 586
f 595 892 593
f 603 595 599
f 611 603 607
f 893 611 615
f 624 618 620
f 629 894 627
f 640 845 635
f 645 895 643
f 896 645 649
f 658 652 654
f 665 846 660
f 669 897 848
f 849 669 674
f 681 898 679
f 899 681 850
f 690 851 685
f 699 693 695
f 705 699 703
f 712 708 710
f 721 712 717
f 726 900 724
f 901 726 852
f 737 731 733
f 741 737 853
f 902 741 746
f 753 749 751
f 760 854 755
f 769 763 765
f 778 772 774
f 786 778 782
f 791 903 789
f 904 791 855
f 798 905 796
f 1 798 802
f 9 906 806
f 907 9 807
f 30 18 24
f 43 856 35
f 858 857 53
f 65 908 809
f 80 859 72
f 811 860 92
f 111 97 103
f 861 111 119
f 130 909 124
f 146 130 138
f 158 910 814
f 171 862 162
f 180 911 863
f 197 864 189
f 816 197 205
f 218 912 817
f 913 218 226
f 865 229 235
f 248 866 244
f 914 248 256
f 258 914 867
f 268 915 869
f 278 916 272
f 285 917 820
f 294 918 822
f 303 870 824
f 871 303 311
f 873 872 320
f 331 919 825
f 333 920 874
f 343 921 827
f 922 343 828
f 876 875 354
f 363 923 830
f 924 363 831
f 376 925 832
f 383 926 833
f 927 383 391
f 393 928 877
f 411 397 403
f 929 411 878
f 930 421 835
f 880 879 430
f 447 881 439
f 463 447 455
f 931 463 882
f 932 836 474
f 481 933 837
f 934 481 838
f 884 883 492
f 503 935 497
f 886 885 508
f 936 840 519
f 521 937 887
f 938 521 888
f 539 889 531
f 544 939 890
f 554 544 552
f 561 940 842
f 571 566 891
f 941 571 579
f 942 581 590
f 603 892 595
f 893 603 611
f 624 943 618
f 633 894 629
f 640 944 845
f 896 895 645
f 658 945 652
f 665 946 846
f 669 947 897
f 948 669 849
f 899 898 681
f 690 949 851
f 705 693 699
f 950 712 721
f 901 900 726
f 741 731 737
f 951 741 902
f 952 749 753
f 760 953 854
f 954 763 769
f 778 955 772
f 956 778 786
f 904 903 791
f 798 957 905
f 958 798 1
f 9 959 906
f 960 9 907
f 961 18 30
f 43 962 856
f 858 963 857
f 810 908 65
f 80 964 859
f 811 965 860
f 861 97 111
f 146 909 130
f 158 966 910
f 171 967 862
f 184 911 180
f 197 968 864
f 912 197 816
f 913 912 218
f 865 969 229
f 248 970 866
f 258 248 914
f 268 265 915
f 971 916 278
f 821 917 285
f 870 918 294
f 871 870 303
f 873 972 872
f 973 919 331
f 333 974 920
f 343 336 921
f 876 975 875
f 924 923 363
f 976 925 376
f 927 926 383
f 393 927 928
f 929 397 411
f 977 421 930
f 978 879 880
f 447 979 881
f 931 447 463
f 932 980 836
f 934 933 481
f 884 981 883
f 503 982 935
f 886 983 885
f 984 840 936
f 938 937 521
f 539 985 889
f 554 939 544
f 561 554 940
f 571 986 566
f 987 571 941
f 603 988 892
f 989 603 893
f 990 943 624
f 633 991 894
f 640 992 944
f 896 993 895
f 994 945 658
f 847 946 665
f 948 947 669
f 899 995 898
f 693 949 690
f 996 693 705
f 997 712 950
f 901 997 900
f 741 998 731
f 999 741 951
f 1000 953 760
f 956 955 778
f 904 1001 903
f 958 957 798
f 960 959 9
f 962 18 961
f 51 962 43
f 858 1002 963
f 964 908 810
f 87 964 80
f 811 1003 965
f 861 1004 97
f 146 1005 909
f 158 1006 966
f 171 1007 967
f 184 1008 911
f 912 968 197
f 1009 912 913
f 1010 969 865
f 248 1011 970
f 868 248 258
f 268 266 265
f 917 916 971
f 918 917 821
f 972 870 871
f 919 972 873
f 1012 919 973
f 333 1013 974
f 343 333 336
f 923 975 876
f 1014 923 924
f 1015 925 976
f 393 926 927
f 929 1016 397
f 978 1017 879
f 447 978 979
f 1018 447 931
f 1019 980 932
f 981 933 934
f 1020 981 884
f 1021 982 503
f 886 1021 983
f 938 984 937
f 1022 985 539
f 554 1023 939
f 843 554 561
f 571 1024 986
f 1025 571 987
f 989 988 603
f 991 943 990
f 1026 991 633
f 1027 992 640
f 896 1028 993
f 946 945 994
f 1029 946 847
f 995 947 948
f 1030 995 899
f 1031 693 996
f 901 712 997
f 999 998 741
f 1000 1032 953
f 956 1033 955
f 958 904 957
f 960 1034 959
f 51 18 962
f 1035 1002 858
f 87 908 964
f 811 1036 1003
f 861 1037 1004
f 146 1038 1005
f 160 1006 158
f 171 1039 1007
f 184 1040 1008
f 1009 968 912
f 1041 969 1010
f 248 1042 1011
f 1043 248 868
f 1044 266 268
f 972 918 870
f 1045 919 1012
f 343 1013 333
f 1046 923 1014
f 926 925 1015
f 1047 926 393
f 929 1047 1016
f 447 1017 978
f 980 447 1018
f 982 981 1020
f 886 982 1021
f 938 840 984
f 1048 985 1022
f 554 1049 1023
f 1050 554 843
f 571 1051 1024
f 582 571 1025
f 989 942 988
f 1028 992 1027
f 1052 1028 896
f 1029 945 946
f 1030 947 995
f 1053 712 901
f 999 1054 998
f 1000 1055 1032
f 956 954 1033
f 958 1001 904
f 960 958 1034
f 1035 1056 1002
f 87 1035 908
f 1057 1036 811
f 861 1058 1037
f 146 861 1038
f 160 150 1006
f 171 1059 1039
f 184 1060 1040
f 1009 1061 968
f 1062 969 1041
f 1044 1063 266
f 972 917 918
f 1064 919 1045
f 343 1065 1013
f 925 923 1046
f 929 926 1047
f 980 1017 447
f 886 981 982
f 938 1066 840
f 1067 985 1048
f 554 1068 1049
f 1051 554 1050
f 582 1051 571
f 989 581 942
f 1052 992 1028
f 1069 945 1029
f 1070 947 1030
f 1054 712 1053
f 1071 1054 999
f 1000 952 1055
f 956 763 954
f 958 1072 1001
f 1073 958 960
f 87 1056 1035
f 1074 1036 1057
f 861 1074 1058
f 148 861 146
f 1075 150 160
f 175 1059 171
f 1061 1060 184
f 1076 1061 1009
f 1077 969 1062
f 1078 1063 1044
f 972 916 917
f 1079 919 1064
f 922 1065 343
f 926 923 925
f 418 926 929
f 980 977 1017
f 886 933 981
f 938 1080 1066
f 1081 985 1067
f 1051 1068 554
f 581 1051 582
f 1082 581 989
f 1052 1026 992
f 1083 945 1069
f 1071 712 1054
f 1084 952 1000
f 956 1085 763
f 958 1086 1072
f 1087 958 1073
f 87 1088 1056
f 861 1036 1074
f 1089 861 148
f 1090 150 1075
f 175 1091 1059
f 969 1061 1076
f 1092 969 1077
f 1078 1093 1063
f 972 1094 916
f 1095 919 1079
f 1096 1065 922
f 418 923 926
f 980 421 977
f 1097 933 886
f 938 1098 1080
f 1099 985 1081
f 1051 1100 1068
f 1082 1051 581
f 1101 945 1083
f 1102 712 1071
f 1084 749 952
f 956 1103 1085
f 958 1104 1086
f 1105 958 1087
f 1106 1088 87
f 861 1106 1036
f 1107 861 1089
f 1091 150 1090
f 1092 1061 969
f 1108 1093 1078
f 972 1108 1094
f 1109 1065 1096
f 417 923 418
f 1019 421 980
f 1110 933 1097
f 985 1098 938
f 1100 985 1099
f 1082 1100 1051
f 1111 712 1102
f 1103 749 1084
f 1104 1103 956
f 1105 1104 958
f 861 1088 1106
f 1112 861 1107
f 175 150 1091
f 1092 1060 1061
f 972 1093 1108
f 975 1065 1109
f 421 923 417
f 1113 421 1019
f 1110 1113 933
f 1100 1098 985
f 1114 1100 1082
f 749 712 1111
f 1104 749 1103
f 18 1104 1105
f 1115 861 1112
f 1092 175 1060
f 972 1116 1093
f 923 1065 975
f 1110 421 1113
f 943 1100 1114
f 18 749 1104
f 1117 861 1115
f 919 1116 972
f 1118 421 1110
f 991 1100 943
f 18 712 749
f 1119 861 1117
f 1095 1116 919
f 1120 421 1118
f 991 1098 1100
f 51 712 18
f 1121 861 1119
f 1065 1116 1095
f 1122 421 1120
f 991 1123 1098
f 51 708 712
f 813 861 1121
f 923 1116 1065
f 1124 421 1122
f 1026 1123 991
f 51 1125 708
f 150 861 813
f 923 1043 1116
f 1123 421 1124
f 1052 1123 1026
f 51 1126 1125
f 150 1088 861
f 923 248 1043
f 1052 421 1123
f 1127 1126 51
f 175 1088 150
f 421 248 923
f 945 421 1052
f 1128 1126 1127
f 1092 1088 175
f 421 1042 248
f 1101 421 945
f 1129 1126 1128
f 1092 1130 1088
f 421 1131 1042
f 1132 421 1101
f 1129 1031 1126
f 1092 1133 1130
f 421 1134 1131
f 1135 421 1132
f 1136 1031 1129
f 1092 1136 1133
f 421 1137 1134
f 947 421 1135
f 1092 1031 1136
f 421 1138 1137
f 1070 421 947
f 1092 693 1031
f 421 1139 1138
f 949 421 1070
f 1092 949 693
f 421 1140 1139
f 1092 421 949
f 421 1092 1140
f 1141 1142 1143
f 1144 1145 1146
f 1145 1147 1148
f 1147 1149 1150
f 1149 1151 1152
f 1151 1153 1154
f 1153 1155 1156
f 1157 1158 1159
f 1158 1160 1161
f 1160 1162 1163
f 1162 1164 1165
f 1164 1166 1167
f 1166 1168 1169
f 1168 1170 1171
f 1172 1173 1174
f 1173 1175 1176
f 1175 1177 1178
f 1177 1179 1180
f 1179 1181 1182
f 1181 1183 1184
f 1183 1185 1186
f 1185 1187 1188
f 1187 1189 1190
f 1189 1191 1192
f 1193 1194 1195
f 1194 1196 1197
f 1196 1198 1199
f 1200 1201 1202
f 1201 1203 1204
f 1203 1205 1206
f 1205 1207 1208
f 1209 1210 1211
f 1210 1212 1213
f 1212 1214 1215
f 1214 1216 1217
f 1216 1218 1219
f 1218 1220 1221
f 1222 1223 1224
f 1223 1225 1226
f 1225 1227 1228
f 1229 1230 1231
f 1230 1232 1233
f 1232 1234 1235
f 1236 1237 1238
f 1237 1239 1240
f 1239 1241 1242
f 1241 1243 1244
f 1243 1245 1246
f 1245 1247 1248
f 1247 1249 1250
f 1249 1251 1252
f 1251 1253 1254
f 1253 1255 1256
f 1255 1257 1258
f 1257 1259 1260
f 1259 1261 1262
f 1263 1264 1265
f 1264 1266 1267
f 1266 1268 1269
f 1268 1270 1271
f 1270 1272 1273
f 1272 1274 1275
f 1274 1276 1277
f 1276 1278 1279
f 1278 1280 1281
f 1280 1282 1283
f 1282 1284 1285
f 1284 1286 1287
f 1286 1288 1289
f 1290 1291 1292
f 1293 1294 1295
f 1294 1296 1297
f 1296 1298 1299
f 1298 1300 1301
f 1302 1303 1304
f 1303 1305 1306
f 1305 1307 1308
f 1307 1309 1310
f 1309 1311 1312
f 1311 1313 1314
f 1313 1315 1316
f 1317 1318 1319
f 1318 1320 1321
f 1320 1322 1323
f 1322 1324 1325
f 1326 1327 1328
f 1327 1329 1330
f 1329 1331 1332
f 1331 1333 1334
f 1333 1335 1336
f 1335 1337 1338
f 1337 1339 1340
f 1339 1341 1342
f 1341 1343 1344
f 1343 1345 1346
f 1345 1347 1348
f 1347 1349 1350
f 1349 1351 1352
f 1353 1354 1355
f 1354 1356 1357
f 1356 1358 1359
f 1358 1360 1361
f 1360 1362 1363
f 1362 1364 1365
f 1364 1366 1367
f 1368 1369 1370
f 1369 1371 1372
f 1371 1373 1374
f 1373 1375 1376
f 1375 1377 1378
f 1377 1379 1380
f 1381 1382 1383
f 1382 1384 1385
f 1384 1386 1387
f 1386 1388 1389
f 1388 1390 1391
f 1390 1392 1393
f 1392 1394 1395
f 1394 1396 1397
f 1398 1399 1400
f 1399 1401 1402
f 1401 1403 1404
f 1405 1406 1407
f 1408 1409 1410
f 1411 1412 1413
f 1412 1414 1415
f 1414 1416 1417
f 1416 1418 1419
f 1420 1421 1422
f 1421 1423 1424
f 1423 1425 1426
f 1425 1427 1428
f 1429 1430 1431
f 1430 1432 1433
f 1432 1434 1435
f 1434 1436 1437
f 1438 1439 1440
f 1439 1441 1442
f 1441 1443 1444
f 1443 1445 1446
f 1445 1447 1448
f 1447 1449 1450
f 1449 1451 1452
f 1451 1453 1454
f 1453 1455 1456
f 1457 1458 1459
f 1458 1460 1461
f 1460 1462 1463
f 1462 1464 1465
f 1466 1467 1468
f 1467 1469 1470
f 1469 1471 1472
f 1473 1474 1475
f 1474 1476 1477
f 1478 1479 1480
f 1479 1481 1482
f 1481 1483 1484
f 1483 1485 1486
f 1485 1487 1488
f 1487 1489 1490
f 1491 1492 1493
f 1492 1494 1495
f 1494 1496 1497
f 1498 1499 1500
f 1499 1501 1502
f 1501 1503 1504
f 1503 1505 1506
f 1505 1507 1508
f 1507 1509 1510
f 1511 1512 1513
f 1512 1514 1515
f 1514 1516 1517
f 1518 1519 1520
f 1519 1521 1522
f 1521 1523 1524
f 1523 1525 1526
f 1525 1527 1528
f 1527 1529 1530
f 1529 1531 1532
f 1533 1534 1535
f 1536 1537 1538
f 1537 1539 1540
f 1539 1541 1542
f 1541 1543 1544
f 1543 1545 1546
f 1545 1547 1548
f 1547 1549 1550
f 1549 1551 1552
f 1551 1553 1554
f 1553 1555 1556
f 1557 1558 1559
f 1560 1561 1562
f 1561 1563 1564
f 1563 1565 1566
f 1567 1568 1569
f 1568 1570 1571
f 1570 1572 1573
f 1572 1574 1575
f 1576 1577 1578
f 1577 1579 1580
f 1579 1581 1582
f 1581 1583 1584
f 1583 1585 1586
f 1585 1587 1588
f 1587 1589 1590
f 1589 1591 1592
f 1591 1593 1594
f 1593 1595 1596
f 1595 1597 1598
f 1597 1599 1600
f 1599 1601 1602
f 1601 1603 1604
f 1603 1605 1606
f 1605 1607 1608
f 1609 1610 1611
f 1610 1612 1613
f 1612 1614 1615
f 1616 1617 1618
f 1617 1619 1620
f 1619 1621 1622
f 1621 1623 1624
f 1623 1625 1626
f 1625 1627 1628
f 1629 1630 1631
f 1630 1632 1633
f 1632 1634 1635
f 1636 1637 1638
f 1637 1639 1640
f 1639 1641 1642
f 1641 1643 1644
f 1645 1646 1647
f 1646 1648 1649
f 1648 1650 1651
f 1650 1652 1653
f 1654 1655 1656
f 1655 1657 1658
f 1657 1659 1660
f 1661 1662 1663
f 1662 1664 1665
f 1664 1666 1667
f 1668 1669 1670
f 1669 1671 1672
f 1671 1673 1674
f 1673 1675 1676
f 1675 1677 1678
f 1677 1679 1680
f 1681 1682 1683
f 1682 1684 1685
f 1684 1686 1687
f 1686 1688 1689
f 1688 1690 1691
f 1690 1692 1693
f 1692 1694 1695
f 1696 1697 1698
f 1697 1699 1700
f 1699 1701 1702
f 1701 1703 1704
f 1705 1706 1707
f 1708 1709 1710
f 1709 1711 1712
f 1711 1713 1714
f 1713 1715 1716
f 1715 1717 1718
f 1717 1719 1720
f 1721 1722 1723
f 1722 1724 1725
f 1724 1726 1727
f 1726 1728 1729
f 1728 1730 1731
f 1732 1733 1734
f 1733 1735 1736
f 1735 1737 1738
f 1737 1739 1740
f 1739 1741 1742
f 1741 1743 1744
f 1743 1745 1746
f 1745 1747 1748
f 1747 1749 1750
f 1749 1751 1752
f 1751 1753 1754
f 1753 1755 1756
f 1757 1758 1759
f 1758 1760 1761
f 1760 1762 1763
f 1762 1764 1765
f 1766 1767 1768
f 1767 1769 1770
f 1769 1771 1772
f 1771 1773 1774
f 1775 1776 1777
f 1776 1778 1779
f 1778 1780 1781
f 1782 1783 1784
f 1783 1785 1786
f 1785 1787 1788
f 1787 1789 1790
f 1791 1792 1793
f 1792 1794 1795
f 1794 1796 1797
f 1796 1798 1799
f 1800 1801 1802
f 1801 1803 1804
f 1803 1805 1806
f 1805 1807 1808
f 1809 1810 1811
f 1810 1812 1813
f 1812 1814 1815
f 1814 1816 1817
f 1818 1819 1820
f 1819 1821 1822
f 1821 1823 1824
f 1825 1826 1827
f 1826 1828 1829
f 1828 1830 1831
f 1832 1833 1834
f 1833 1835 1836
f 1835 1837 1838
f 1837 1839 1840
f 1839 1841 1842
f 1841 1843 1844
f 1843 1845 1846
f 1847 1848 1849
f 1848 1850 1851
f 1852 1853 1854
f 1853 1855 1856
f 1855 1857 1858
f 1857 1859 1860
f 1859 1861 1862
f 1863 1864 1865
f 1864 1866 1867
f 1866 1868 1869
f 1870 1871 1872
f 1871 1873 1874
f 1873 1875 1876
f 1875 1877 1878
f 1877 1879 1880
f 1881 1882 1883
f 1882 1884 1885
f 1884 1886 1887
f 1888 1889 1890
f 1889 1891 1892
f 1891 1893 1894
f 1895 1896 1897
f 1896 1898 1899
f 1898 1900 1901
f 1902 1903 1904
f 1903 1905 1906
f 1905 1907 1908
f 1907 1909 1910
f 1911 1912 1913
f 1912 1914 1915
f 1914 1916 1917
f 1916 1918 1919
f 1918 1920 1921
f 1920 1922 1923
f 1922 1924 1925
f 1924 1926 1927
f 1928 1929 1930
f 1929 1931 1932
f 1931 1933 1934
f 1935 1936 1937
f 1936 1938 1939
f 1938 1940 1941
f 1940 1942 1943
f 1942 1944 1945
f 1944 1142 1141
f 1946 1145 1144
f 1145 1149 1147
f 1149 1153 1151
f 1153 1947 1155
f 1157 1160 1158
f 1160 1164 1162
f 1164 1168 1166
f 1172 1175 1173
f 1175 1179 1177
f 1179 1183 1181
f 1183 1187 1185
f 1187 1191 1189
f 1948 1194 1193
f 1194 1198 1196
f 1949 1201 1200
f 1201 1205 1203
f 1205 1950 1207
f 1209 1212 1210
f 1212 1216 1214
f 1216 1220 1218
f 1220 1223 1222
f 1223 1227 1225
f 1229 1232 1230
f 1232 1951 1234
f 1236 1239 1237
f 1239 1243 1241
f 1243 1247 1245
f 1247 1251 1249
f 1251 1255 1253
f 1255 1259 1257
f 1259 1952 1261
f 1263 1266 1264
f 1266 1270 1268
f 1270 1274 1272
f 1274 1278 1276
f 1278 1282 1280
f 1282 1286 1284
f 1953 1291 1290
f 1954 1294 1293
f 1294 1298 1296
f 1955 1303 1302
f 1303 1307 1305
f 1307 1311 1309
f 1311 1315 1313
f 1317 1320 1318
f 1320 1324 1322
f 1326 1329 1327
f 1329 1333 1331
f 1333 1337 1335
f 1337 1341 1339
f 1341 1345 1343
f 1345 1349 1347
f 1349 1956 1351
f 1957 1354 1353
f 1354 1358 1356
f 1358 1362 1360
f 1362 1366 1364
f 1368 1371 1369
f 1371 1375 1373
f 1375 1379 1377
f 1381 1384 1382
f 1384 1388 1386
f 1388 1392 1390
f 1392 1396 1394
f 1958 1399 1398
f 1399 1403 1401
f 1959 1409 1408
f 1411 1414 1412
f 1414 1418 1416
f 1960 1421 1420
f 1421 1425 1423
f 1425 1961 1427
f 1962 1430 1429
f 1430 1434 1432
f 1434 1963 1436
f 1964 1439 1438
f 1439 1443 1441
f 1443 1447 1445
f 1447 1451 1449
f 1451 1455 1453
f 1457 1460 1458
f 1460 1464 1462
f 1965 1467 1466
f 1467 1471 1469
f 1966 1474 1473
f 1967 1479 1478
f 1479 1483 1481
f 1483 1487 1485
f 1487 1968 1489
f 1491 1494 1492
f 1494 1969 1496
f 1970 1499 1498
f 1499 1503 1501
f 1503 1507 1505
f 1507 1971 1509
f 1972 1512 1511
f 1512 1516 1514
f 1973 1519 1518
f 1519 1523 1521
f 1523 1527 1525
f 1527 1531 1529
f 1974 1534 1533
f 1536 1539 1537
f 1539 1543 1541
f 1543 1547 1545
f 1547 1551 1549
f 1551 1555 1553
f 1560 1563 1561
f 1563 1975 1565
f 1567 1570 1568
f 1570 1574 1572
f 1576 1579 1577
f 1579 1583 1581
f 1583 1587 1585
f 1587 1591 1589
f 1591 1595 1593
f 1595 1599 1597
f 1599 1603 1601
f 1603 1607 1605
f 1976 1610 1609
f 1610 1614 1612
f 1977 1617 1616
f 1617 1621 1619
f 1621 1625 1623
f 1625 1978 1627
f 1629 1632 1630
f 1632 1979 1634
f 1636 1639 1637
f 1639 1643 1641
f 1645 1648 1646
f 1648 1652 1650
f 1980 1655 1654
f 1655 1659 1657
f 1981 1662 1661
f 1662 1666 1664
f 1668 1671 1669
f 1671 1675 1673
f 1675 1679 1677
f 1681 1684 1682
f 1684 1688 1686
f 1688 1692 1690
f 1982 1697 1696
f 1697 1701 1699
f 1701 1983 1703
f 1705 1984 1706
f 1708 1711 1709
f 1711 1715 1713
f 1715 1719 1717
f 1722 1726 1724
f 1726 1730 1728
f 1732 1735 1733
f 1735 1739 1737
f 1739 1743 1741
f 1743 1747 1745
f 1747 1751 1749
f 1751 1755 1753
f 1757 1760 1758
f 1760 1764 1762
f 1766 1769 1767
f 1769 1773 1771
f 1985 1776 1775
f 1776 1780 1778
f 1782 1785 1783
f 1785 1789 1787
f 1791 1794 1792
f 1794 1798 1796
f 1986 1801 1800
f 1801 1805 1803
f 1805 1987 1807
f 1988 1810 1809
f 1810 1814 1812
f 1814 1989 1816
f 1818 1821 1819
f 1821 1990 1823
f 1991 1826 1825
f 1826 1830 1828
f 1832 1835 1833
f 1835 1839 1837
f 1839 1843 1841
f 1847 1850 1848
f 1850 1853 1852
f 1853 1857 1855
f 1857 1861 1859
f 1863 1866 1864
f 1866 1992 1868
f 1870 1873 1871
f 1873 1877 1875
f 1877 1993 1879
f 1993 1882 1881
f 1882 1886 1884
f 1888 1891 1889
f 1994 1896 1895
f 1896 1900 1898
f 1902 1905 1903
f 1905 1909 1907
f 1911 1914 1912
f 1914 1918 1916
f 1918 1922 1920
f 1922 1926 1924
f 1928 1931 1929
f 1931 1995 1933
f 1935 1938 1936
f 1938 1942 1940
f 1942 1142 1944
f 1946 1149 1145
f 1149 1947 1153
f 1157 1164 1160
f 1164 1170 1168
f 1996 1175 1172
f 1175 1183 1179
f 1183 1191 1187
f 1997 1194 1948
f 1194 1998 1198
f 1949 1205 1201
f 1999 1212 1209
f 1212 1220 1216
f 1220 1227 1223
f 2000 1232 1229
f 1236 1243 1239
f 1243 1251 1247
f 1251 1259 1255
f 1259 2001 1952
f 1263 1270 1266
f 1270 1278 1274
f 1278 1286 1282
f 1954 1298 1294
f 2002 1303 1955
f 1303 1311 1307
f 2003 1320 1317
f 2004 1329 1326
f 1329 1337 1333
f 1337 1345 1341
f 1345 1956 1349
f 1957 1358 1354
f 1358 1366 1362
f 1368 1375 1371
f 1375 2005 1379
f 2006 1384 1381
f 1388 1396 1392
f 2007 1399 1958
f 1399 2008 1403
f 2009 1409 1959
f 1411 1418 1414
f 1960 1425 1421
f 1962 1434 1430
f 1434 2010 1963
f 1964 1443 1439
f 1443 1451 1447
f 1451 2011 1455
f 2012 1460 1457
f 1460 2013 1464
f 1965 1471 1467
f 2014 1474 1966
f 1967 1483 1479
f 1483 1968 1487
f 2015 1494 1491
f 1494 2016 1969
f 1970 1503 1499
f 1503 1971 1507
f 1972 1516 1512
f 1973 1523 1519
f 1523 1531 1527
f 2017 1534 1974
f 1536 1543 1539
f 1543 1551 1547
f 1551 2018 1555
f 1560 1975 1563
f 2019 1570 1567
f 1570 2020 1574
f 2021 1579 1576
f 1579 1587 1583
f 1587 1595 1591
f 1595 1603 1599
f 1603 2022 1607
f 1976 1614 1610
f 1977 1621 1617
f 1621 1978 1625
f 2023 1632 1629
f 1632 2024 1979
f 1636 1643 1639
f 2025 1648 1645
f 1648 2026 1652
f 1980 1659 1655
f 2027 1662 1981
f 1662 2028 1666
f 2029 1671 1668
f 1671 1679 1675
f 2030 1684 1681
f 1684 1692 1688
f 1982 1701 1697
f 1705 2031 1984
f 2031 1711 1708
f 1711 1719 1715
f 1722 1730 1726
f 2032 1735 1732
f 1735 1743 1739
f 1743 1751 1747
f 1751 2033 1755
f 1757 1764 1760
f 2034 1769 1766
f 1985 1780 1776
f 2035 1785 1782
f 1785 2036 1789
f 1791 1798 1794
f 1986 1805 1801
f 2037 1810 1988
f 1810 1989 1814
f 2038 1821 1818
f 1821 2039 1990
f 1991 1830 1826
f 1832 1839 1835
f 1839 1845 1843
f 1847 1853 1850
f 1853 1861 1857
f 2040 1866 1863
f 1866 2041 1992
f 1870 1877 1873
f 1877 1882 1993
f 1882 2042 1886
f 1888 1893 1891
f 1994 1900 1896
f 1902 1909 1905
f 1911 1918 1914
f 1918 1926 1922
f 2043 1931 1928
f 1931 2044 1995
f 2045 1938 1935
f 1938 1142 1942
f 2046 1149 1946
f 1149 2047 1947
f 1157 1170 1164
f 1996 1183 1175
f 1997 1998 1194
f 2048 1205 1949
f 1999 1220 1212
f 2000 1951 1232
f 1236 1251 1243
f 1251 2001 1259
f 2049 1270 1263
f 1270 1286 1278
f 2050 1298 1954
f 2002 1311 1303
f 2051 1320 2003
f 2004 1337 1329
f 1337 1956 1345
f 2052 1358 1957
f 1358 2053 1366
f 1368 2005 1375
f 2006 1388 1384
f 1388 2054 1396
f 2054 1399 2007
f 2055 1409 2009
f 2056 1418 1411
f 2057 1425 1960
f 2058 1434 1962
f 2010 1443 1964
f 1443 2011 1451
f 2012 2013 1460
f 2059 1471 1965
f 2060 1474 2014
f 2061 1483 1967
f 1483 2062 1968
f 2015 2016 1494
f 2063 1503 1970
f 1503 2064 1971
f 2065 1516 1972
f 2066 1523 1973
f 1523 2067 1531
f 2068 1534 2017
f 1536 1551 1543
f 1551 2069 2018
f 1560 2070 1975
f 2019 2020 1570
f 2021 1587 1579
f 1587 1603 1595
f 1603 2071 2022
f 1976 2072 1614
f 2073 1621 1977
f 1621 2074 1978
f 2023 2024 1632
f 2075 1643 1636
f 2025 2026 1648
f 1980 2076 1659
f 2077 1662 2027
f 1662 2078 2028
f 2029 1679 1671
f 2079 1684 2030
f 1684 1694 1692
f 2080 1701 1982
f 1705 1711 2031
f 1711 2081 1719
f 1722 2082 1730
f 2032 1743 1735
f 1743 2033 1751
f 2083 1764 1757
f 2034 1773 1769
f 2084 1780 1985
f 2035 2036 1785
f 2085 1798 1791
f 2086 1805 1986
f 2087 1810 2037
f 1810 2088 1989
f 2038 2039 1821
f 2089 1830 1991
f 1832 1845 1839
f 1853 2090 1861
f 2040 2041 1866
f 1870 1882 1877
f 1882 2091 2042
f 1888 2092 1893
f 2093 1900 1994
f 1902 2094 1909
f 2095 1918 1911
f 1918 2096 1926
f 2043 2044 1931
f 2097 1938 2045
f 1938 2098 1142
f 2099 1149 2046
f 1149 2100 2047
f 1157 2101 1170
f 2102 1183 1996
f 2103 1998 1997
f 2048 1950 1205
f 2104 1220 1999
f 2105 1951 2000
f 1236 2001 1251
f 2049 1286 1270
f 2106 1298 2050
f 2107 1311 2002
f 2051 1324 1320
f 2108 1337 2004
f 1337 2052 1956
f 2052 2053 1358
f 2109 2005 1368
f 2110 1388 2006
f 1388 1399 2054
f 1406 1409 2055
f 2056 2111 1418
f 2057 1961 1425
f 2058 2010 1434
f 2010 2011 1443
f 2112 2013 2012
f 2059 2113 1471
f 2114 1474 2060
f 1476 1483 2061
f 2115 2016 2015
f 2063 2064 1503
f 2065 2116 1516
f 2066 2067 1523
f 2067 1534 2068
f 1536 2069 1551
f 1560 2117 2070
f 2019 2118 2020
f 2119 1587 2021
f 1587 2071 1603
f 2120 2072 1976
f 2073 2074 1621
f 2121 2024 2023
f 2122 1643 2075
f 2123 2026 2025
f 1980 2124 2076
f 2077 2078 1662
f 2125 1679 2029
f 2079 1694 1684
f 1694 1701 2080
f 2126 1711 1705
f 1711 2127 2081
f 2128 1743 2032
f 1743 2129 2033
f 2083 2130 1764
f 2131 1773 2034
f 2132 1780 2084
f 2133 2036 2035
f 2085 2134 1798
f 2086 1987 1805
f 2087 2088 1810
f 2135 2039 2038
f 2089 1832 1830
f 1832 2136 1845
f 1853 2137 2090
f 2137 2041 2040
f 2138 1882 1870
f 1882 2139 2091
f 2093 2140 1900
f 2095 2096 1918
f 2141 2044 2043
f 2097 2098 1938
f 2099 2100 1149
f 1157 2102 2101
f 2102 1191 1183
f 2142 1998 2103
f 2048 2104 1950
f 2104 1227 1220
f 2143 1951 2105
f 2144 2001 1236
f 2145 1286 2049
f 2146 1298 2106
f 2147 1311 2107
f 2148 1324 2051
f 2108 2052 1337
f 2052 2149 2053
f 2109 2150 2005
f 2151 1388 2110
f 1388 2008 1399
f 1405 1409 1406
f 2056 2057 2111
f 2057 2058 1961
f 2010 2112 2011
f 2112 2059 2013
f 2059 2152 2113
f 2153 1474 2114
f 1474 1483 1476
f 2115 2063 2016
f 2063 2154 2064
f 2065 2155 2116
f 2066 1534 2067
f 2156 2069 1536
f 2157 2118 2019
f 2118 1587 2119
f 1587 2158 2071
f 2120 2159 2072
f 2073 2121 2074
f 2121 2160 2024
f 2122 2161 1643
f 2161 2026 2123
f 2124 2078 2077
f 2125 2162 1679
f 2163 1694 2079
f 1694 1983 1701
f 2164 1711 2126
f 1711 2165 2127
f 2128 2129 1743
f 2083 2131 2130
f 2131 2166 1773
f 2132 2167 1780
f 2168 2036 2133
f 2085 2086 2134
f 2086 2169 1987
f 2087 2135 2088
f 2135 2170 2039
f 1832 2171 2136
f 1853 2041 2137
f 2138 2139 1882
f 2172 2140 2093
f 2173 2096 2095
f 2044 2098 2097
f 2174 2100 2099
f 1157 1191 2102
f 2142 2175 1998
f 2048 1227 2104
f 2176 1951 2143
f 2177 2001 2144
f 2178 1286 2145
f 2146 1300 1298
f 2179 1311 2147
f 2180 1324 2148
f 2108 2149 2052
f 2109 2181 2150
f 2182 1388 2151
f 1388 2183 2008
f 1405 2184 1409
f 2058 2112 2010
f 2059 2185 2152
f 2153 1483 1474
f 2063 2186 2154
f 2065 2066 2155
f 2066 2187 1534
f 2187 2069 2156
f 2157 1587 2118
f 1587 2120 2158
f 2121 2122 2160
f 2122 2026 2161
f 1980 2078 2124
f 2125 2188 2162
f 2189 1694 2163
f 1694 2190 1983
f 2191 1711 2164
f 1711 1721 2165
f 2082 2129 2128
f 2132 2168 2167
f 2168 2192 2036
f 2085 2169 2086
f 2087 2170 2135
f 1853 2193 2041
f 2194 2139 2138
f 2195 2140 2172
f 2094 2096 2173
f 2141 2098 2044
f 2098 2100 2174
f 2196 2175 2142
f 2175 1227 2048
f 2176 2197 1951
f 2198 2001 2177
f 2001 1286 2178
f 1291 1300 2146
f 2199 1311 2179
f 2200 1324 2180
f 2201 2149 2108
f 2109 2202 2181
f 2203 2184 1405
f 2057 2112 2058
f 2059 2204 2185
f 2205 1483 2153
f 2063 2065 2186
f 2066 2069 2187
f 2157 2120 1587
f 2121 2026 2122
f 2206 2078 1980
f 2125 2207 2188
f 2208 1694 2189
f 1694 2191 2190
f 2191 1721 1711
f 1722 2129 2082
f 2132 2192 2168
f 2085 2209 2169
f 2087 2210 2170
f 1853 2194 2193
f 2194 2211 2139
f 2092 2140 2195
f 1902 2096 2094
f 2212 2098 2141
f 2098 2213 2100
f 2196 1227 2175
f 2176 2214 2197
f 2214 2001 2198
f 2001 1288 1286
f 1291 2215 1300
f 2199 1315 1311
f 2200 2201 1324
f 2201 2216 2149
f 2109 2217 2202
f 2203 2218 2184
f 2056 2112 2057
f 2059 2219 2204
f 2205 2062 1483
f 2063 2066 2065
f 2066 1557 2069
f 2117 2120 2157
f 2073 2026 2121
f 2220 2078 2206
f 2125 2221 2207
f 2208 2191 1694
f 2191 1722 1721
f 1722 2222 2129
f 2166 2192 2132
f 2085 2223 2209
f 1853 2211 2194
f 2092 2224 2140
f 2225 2096 1902
f 2226 2098 2212
f 2098 2227 2213
f 2228 1227 2196
f 2176 2001 2214
f 2001 2229 1288
f 1291 2230 2215
f 2231 1315 2199
f 2201 2109 2216
f 2109 2232 2217
f 2233 2218 2203
f 2234 2112 2056
f 2059 2235 2219
f 2205 2236 2062
f 2063 1557 2066
f 1560 2120 2117
f 2073 2237 2026
f 2238 2078 2220
f 2125 2239 2221
f 2240 2191 2208
f 2191 2222 1722
f 2085 2241 2223
f 1853 2242 2211
f 1888 2224 2092
f 2243 2096 2225
f 2244 2098 2226
f 2098 2245 2227
f 2228 2246 1227
f 2246 2001 2176
f 2001 2247 2229
f 1291 2231 2230
f 2201 2232 2109
f 2233 2248 2218
f 2248 2112 2234
f 2205 2249 2236
f 2063 1558 1557
f 1560 2159 2120
f 2073 2250 2237
f 2238 2125 2078
f 2125 2240 2239
f 2240 2222 2191
f 1853 2251 2242
f 1888 2243 2224
f 2243 2244 2096
f 2244 2245 2098
f 2228 2001 2246
f 2001 2252 2247
f 1291 1315 2231
f 2200 2232 2201
f 2233 2112 2248
f 2205 2115 2249
f 2063 1560 1558
f 1560 2253 2159
f 2253 2250 2073
f 2238 2240 2125
f 2240 2254 2222
f 1853 1888 2251
f 1888 2244 2243
f 2244 1157 2245
f 2001 2255 2252
f 1315 2232 2200
f 2256 2112 2233
f 2205 2063 2115
f 1560 2250 2253
f 2240 2083 2254
f 1888 1157 2244
f 2001 2257 2255
f 2256 2059 2112
f 1560 2258 2250
f 2240 2131 2083
f 1853 1157 1888
f 2001 2259 2257
f 2256 2235 2059
f 1560 2260 2258
f 2238 2131 2240
f 1853 1191 1157
f 2001 2261 2259
f 2256 2205 2235
f 1560 2262 2260
f 2263 2131 2238
f 1847 1191 1853
f 2001 1953 2261
f 2256 2063 2205
f 1560 2264 2262
f 2263 2166 2131
f 2265 1191 1847
f 2001 1291 1953
f 2183 2063 2256
f 1560 2263 2264
f 2263 2192 2166
f 2266 1191 2265
f 2228 1291 2001
f 1388 2063 2183
f 1560 2192 2263
f 2266 2267 1191
f 2228 1315 1291
f 1388 1560 2063
f 1560 2085 2192
f 2266 2268 2267
f 2228 2232 1315
f 2182 1560 1388
f 1560 2241 2085
f 2266 2269 2268
f 2270 2232 2228
f 2271 1560 2182
f 1560 2272 2241
f 2171 2269 2266
f 2273 2232 2270
f 2274 1560 2271
f 1560 2275 2272
f 2171 2276 2269
f 2276 2232 2273
f 2277 1560 2274
f 1560 2087 2275
f 2171 2232 2276
f 2278 1560 2277
f 1560 2210 2087
f 1832 2232 2171
f 2279 1560 2278
f 1560 2089 2210
f 2089 2232 1832
f 2280 1560 2279
f 1560 2232 2089
f 2232 1560 2280
f 1 1142 958
f 958 1142 2098
f 958 2098 1034
f 1034 2098 2174
f 1034 2174 959
f 959 2174 2099
f 959 2099 906
f 906 2099 2046
f 906 2046 806
f 806 2046 1946
f 806 1946 5
f 5 1946 1144
f 5 1144 6
f 6 1144 1146
f 6 1146 4
f 4 1146 1145
f 4 1145 8
f 8 1145 1148
f 8 1148 7
f 7 1148 1147
f 7 1147 10
f 10 1147 1150
f 10 1150 9
f 9 1150 1149
f 9 1149 12
f 12 1149 1152
f 12 1152 11
f 11 1152 1151
f 11 1151 14
f 14 1151 1154
f 14 1154 13
f 13 1154 1153
f 13 1153 16
f 16 1153 1156
f 16 1156 15
f 15 1156 1155
f 15 1155 807
f 807 1155 1947
f 807 1947 907
f 907 1947 2047
f 907 2047 960
f 960 2047 2100
f 960 2100 1073
f 1073 2100 2213
f 1073 2213 1087
f 1087 2213 2227
f 1087 2227 1105
f 1105 2227 2245
f 1105 2245 18
f 18 2245 1157
f 18 1157 19
f 19 1157 1159
f 19 1159 17
f 17 1159 1158
f 17 1158 21
f 21 1158 1161
f 21 1161 20
f 20 1161 1160
f 20 1160 23
f 23 1160 1163
f 23 1163 22
f 22 1163 1162
f 22 1162 25
f 25 1162 1165
f 25 1165 24
f 24 1165 1164
f 24 1164 27
f 27 1164 1167
f 27 1167 26
f 26 1167 1166
f 26 1166 29
f 29 1166 1169
f 29 1169 28
f 28 1169 1168
f 28 1168 31
f 31 1168 1171
f 31 1171 30
f 30 1171 1170
f 30 1170 961
f 961 1170 2101
f 961 2101 962
f 962 2101 2102
f 962 2102 856
f 856 2102 1996
f 856 1996 33
f 33 1996 1172
f 33 1172 34
f 34 1172 1174
f 34 1174 32
f 32 1174 1173
f 32 1173 36
f 36 1173 1176
f 36 1176 35
f 35 1176 1175
f 35 1175 38
f 38 1175 1178
f 38 1178 37
f 37 1178 1177
f 37 1177 40
f 40 1177 1180
f 40 1180 39
f 39 1180 1179
f 39 1179 42
f 42 1179 1182
f 42 1182 41
f 41 1182 1181
f 41 1181 44
f 44 1181 1184
f 44 1184 43
f 43 1184 1183
f 43 1183 46
f 46 1183 1186
f 46 1186 45
f 45 1186 1185
f 45 1185 48
f 48 1185 1188
f 48 1188 47
f 47 1188 1187
f 47 1187 50
f 50 1187 1190
f 50 1190 49
f 49 1190 1189
f 49 1189 52
f 52 1189 1192
f 52 1192 51
f 51 1192 1191
f 51 1191 1127
f 1127 1191 2267
f 1127 2267 1128
f 1128 2267 2268
f 1128 2268 1129
f 1129 2268 2269
f 1129 2269 1136
f 1136 2269 2276
f 1136 2276 1133
f 1133 2276 2273
f 1133 2273 1130
f 1130 2273 2270
f 1130 2270 1088
f 1088 2270 2228
f 1088 2228 1056
f 1056 2228 2196
f 1056 2196 1002
f 1002 2196 2142
f 1002 2142 963
f 963 2142 2103
f 963 2103 857
f 857 2103 1997
f 857 1997 808
f 808 1997 1948
f 808 1948 54
f 54 1948 1193
f 54 1193 55
f 55 1193 1195
f 55 1195 53
f 53 1195 1194
f 53 1194 57
f 57 1194 1197
f 57 1197 56
f 56 1197 1196
f 56 1196 59
f 59 1196 1199
f 59 1199 58
f 58 1199 1198
f 58 1198 858
f 858 1198 1998
f 858 1998 1035
f 1035 1998 2175
f 1035 2175 908
f 908 2175 2048
f 908 2048 809
f 809 2048 1949
f 809 1949 61
f 61 1949 1200
f 61 1200 62
f 62 1200 1202
f 62 1202 60
f 60 1202 1201
f 60 1201 64
f 64 1201 1204
f 64 1204 63
f 63 1204 1203
f 63 1203 66
f 66 1203 1206
f 66 1206 65
f 65 1206 1205
f 65 1205 68
f 68 1205 1208
f 68 1208 67
f 67 1208 1207
f 67 1207 810
f 810 1207 1950
f 810 1950 964
f 964 1950 2104
f 964 2104 859
f 859 2104 1999
f 859 1999 70
f 70 1999 1209
f 70 1209 71
f 71 1209 1211
f 71 1211 69
f 69 1211 1210
f 69 1210 73
f 73 1210 1213
f 73 1213 72
f 72 1213 1212
f 72 1212 75
f 75 1212 1215
f 75 1215 74
f 74 1215 1214
f 74 1214 77
f 77 1214 1217
f 77 1217 76
f 76 1217 1216
f 76 1216 79
f 79 1216 1219
f 79 1219 78
f 78 1219 1218
f 78 1218 81
f 81 1218 1221
f 81 1221 80
f 80 1221 1220
f 80 1220 83
f 83 1220 1222
f 83 1222 84
f 84 1222 1224
f 84 1224 82
f 82 1224 1223
f 82 1223 86
f 86 1223 1226
f 86 1226 85
f 85 1226 1225
f 85 1225 88
f 88 1225 1228
f 88 1228 87
f 87 1228 1227
f 87 1227 1106
f 1106 1227 2246
f 1106 2246 1036
f 1036 2246 2176
f 1036 2176 1003
f 1003 2176 2143
f 1003 2143 965
f 965 2143 2105
f 965 2105 860
f 860 2105 2000
f 860 2000 90
f 90 2000 1229
f 90 1229 91
f 91 1229 1231
f 91 1231 89
f 89 1231 1230
f 89 1230 93
f 93 1230 1233
f 93 1233 92
f 92 1233 1232
f 92 1232 95
f 95 1232 1235
f 95 1235 94
f 94 1235 1234
f 94 1234 811
f 811 1234 1951
f 811 1951 1057
f 1057 1951 2197
f 1057 2197 1074
f 1074 2197 2214
f 1074 2214 1058
f 1058 2214 2198
f 1058 2198 1037
f 1037 2198 2177
f 1037 2177 1004
f 1004 2177 2144
f 1004 2144 97
f 97 2144 1236
f 97 1236 98
f 98 1236 1238
f 98 1238 96
f 96 1238 1237
f 96 1237 100
f 100 1237 1240
f 100 1240 99
f 99 1240 1239
f 99 1239 102
f 102 1239 1242
f 102 1242 101
f 101 1242 1241
f 101 1241 104
f 104 1241 1244
f 104 1244 103
f 103 1244 1243
f 103 1243 106
f 106 1243 1246
f 106 1246 105
f 105 1246 1245
f 105 1245 108
f 108 1245 1248
f 108 1248 107
f 107 1248 1247
f 107 1247 110
f 110 1247 1250
f 110 1250 109
f 109 1250 1249
f 109 1249 112
f 112 1249 1252
f 112 1252 111
f 111 1252 1251
f 111 1251 114
f 114 1251 1254
f 114 1254 113
f 113 1254 1253
f 113 1253 116
f 116 1253 1256
f 116 1256 115
f 115 1256 1255
f 115 1255 118
f 118 1255 1258
f 118 1258 117
f 117 1258 1257
f 117 1257 120
f 120 1257 1260
f 120 1260 119
f 119 1260 1259
f 119 1259 122
f 122 1259 1262
f 122 1262 121
f 121 1262 1261
f 121 1261 812
f 812 1261 1952
f 812 1952 861
f 861 1952 2001
f 861 2001 1038
f 1038 2001 2178
f 1038 2178 1005
f 1005 2178 2145
f 1005 2145 909
f 909 2145 2049
f 909 2049 124
f 124 2049 1263
f 124 1263 125
f 125 1263 1265
f 125 1265 123
f 123 1265 1264
f 123 1264 127
f 127 1264 1267
f 127 1267 126
f 126 1267 1266
f 126 1266 129
f 129 1266 1269
f 129 1269 128
f 128 1269 1268
f 128 1268 131
f 131 1268 1271
f 131 1271 130
f 130 1271 1270
f 130 1270 133
f 133 1270 1273
f 133 1273 132
f 132 1273 1272
f 132 1272 135
f 135 1272 1275
f 135 1275 134
f 134 1275 1274
f 134 1274 137
f 137 1274 1277
f 137 1277 136
f 136 1277 1276
f 136 1276 139
f 139 1276 1279
f 139 1279 138
f 138 1279 1278
f 138 1278 141
f 141 1278 1281
f 141 1281 140
f 140 1281 1280
f 140 1280 143
f 143 1280 1283
f 143 1283 142
f 142 1283 1282
f 142 1282 145
f 145 1282 1285
f 145 1285 144
f 144 1285 1284
f 144 1284 147
f 147 1284 1287
f 147 1287 146
f 146 1287 1286
f 146 1286 149
f 149 1286 1289
f 149 1289 148
f 148 1289 1288
f 148 1288 1089
f 1089 1288 2229
f 1089 2229 1107
f 1107 2229 2247
f 1107 2247 1112
f 1112 2247 2252
f 1112 2252 1115
f 1115 2252 2255
f 1115 2255 1117
f 1117 2255 2257
f 1117 2257 1119
f 1119 2257 2259
f 1119 2259 1121
f 1121 2259 2261
f 1121 2261 813
f 813 2261 1953
f 813 1953 151
f 151 1953 1290
f 151 1290 152
f 152 1290 1292
f 152 1292 150
f 150 1292 1291
f 150 1291 1006
f 1006 1291 2146
f 1006 2146 966
f 966 2146 2106
f 966 2106 910
f 910 2106 2050
f 910 2050 814
f 814 2050 1954
f 814 1954 154
f 154 1954 1293
f 154 1293 155
f 155 1293 1295
f 155 1295 153
f 153 1295 1294
f 153 1294 157
f 157 1294 1297
f 157 1297 156
f 156 1297 1296
f 156 1296 159
f 159 1296 1299
f 159 1299 158
f 158 1299 1298
f 158 1298 161
f 161 1298 1301
f 161 1301 160
f 160 1301 1300
f 160 1300 1075
f 1075 1300 2215
f 1075 2215 1090
f 1090 2215 2230
f 1090 2230 1091
f 1091 2230 2231
f 1091 2231 1059
f 1059 2231 2199
f 1059 2199 1039
f 1039 2199 2179
f 1039 2179 1007
f 1007 2179 2147
f 1007 2147 967
f 967 2147 2107
f 967 2107 862
f 862 2107 2002
f 862 2002 815
f 815 2002 1955
f 815 1955 163
f 163 1955 1302
f 163 1302 164
f 164 1302 1304
f 164 1304 162
f 162 1304 1303
f 162 1303 166
f 166 1303 1306
f 166 1306 165
f 165 1306 1305
f 165 1305 168
f 168 1305 1308
f 168 1308 167
f 167 1308 1307
f 167 1307 170
f 170 1307 1310
f 170 1310 169
f 169 1310 1309
f 169 1309 172
f 172 1309 1312
f 172 1312 171
f 171 1312 1311
f 171 1311 174
f 174 1311 1314
f 174 1314 173
f 173 1314 1313
f 173 1313 176
f 176 1313 1316
f 176 1316 175
f 175 1316 1315
f 175 1315 1060
f 1060 1315 2200
f 1060 2200 1040
f 1040 2200 2180
f 1040 2180 1008
f 1008 2180 2148
f 1008 2148 911
f 911 2148 2051
f 911 2051 863
f 863 2051 2003
f 863 2003 178
f 178 2003 1317
f 178 1317 179
f 179 1317 1319
f 179 1319 177
f 177 1319 1318
f 177 1318 181
f 181 1318 1321
f 181 1321 180
f 180 1321 1320
f 180 1320 183
f 183 1320 1323
f 183 1323 182
f 182 1323 1322
f 182 1322 185
f 185 1322 1325
f 185 1325 184
f 184 1325 1324
f 184 1324 1061
f 1061 1324 2201
f 1061 2201 968
f 968 2201 2108
f 968 2108 864
f 864 2108 2004
f 864 2004 187
f 187 2004 1326
f 187 1326 188
f 188 1326 1328
f 188 1328 186
f 186 1328 1327
f 186 1327 190
f 190 1327 1330
f 190 1330 189
f 189 1330 1329
f 189 1329 192
f 192 1329 1332
f 192 1332 191
f 191 1332 1331
f 191 1331 194
f 194 1331 1334
f 194 1334 193
f 193 1334 1333
f 193 1333 196
f 196 1333 1336
f 196 1336 195
f 195 1336 1335
f 195 1335 198
f 198 1335 1338
f 198 1338 197
f 197 1338 1337
f 197 1337 200
f 200 1337 1340
f 200 1340 199
f 199 1340 1339
f 199 1339 202
f 202 1339 1342
f 202 1342 201
f 201 1342 1341
f 201 1341 204
f 204 1341 1344
f 204 1344 203
f 203 1344 1343
f 203 1343 206
f 206 1343 1346
f 206 1346 205
f 205 1346 1345
f 205 1345 208
f 208 1345 1348
f 208 1348 207
f 207 1348 1347
f 207 1347 210
f 210 1347 1350
f 210 1350 209
f 209 1350 1349
f 209 1349 212
f 212 1349 1352
f 212 1352 211
f 211 1352 1351
f 211 1351 816
f 816 1351 1956
f 816 1956 912
f 912 1956 2052
f 912 2052 817
f 817 2052 1957
f 817 1957 214
f 214 1957 1353
f 214 1353 215
f 215 1353 1355
f 215 1355 213
f 213 1355 1354
f 213 1354 217
f 217 1354 1357
f 217 1357 216
f 216 1357 1356
f 216 1356 219
f 219 1356 1359
f 219 1359 218
f 218 1359 1358
f 218 1358 221
f 221 1358 1361
f 221 1361 220
f 220 1361 1360
f 220 1360 223
f 223 1360 1363
f 223 1363 222
f 222 1363 1362
f 222 1362 225
f 225 1362 1365
f 225 1365 224
f 224 1365 1364
f 224 1364 227
f 227 1364 1367
f 227 1367 226
f 226 1367 1366
f 226 1366 913
f 913 1366 2053
f 913 2053 1009
f 1009 2053 2149
f 1009 2149 1076
f 1076 2149 2216
f 1076 2216 969
f 969 2216 2109
f 969 2109 229
f 229 2109 1368
f 229 1368 230
f 230 1368 1370
f 230 1370 228
f 228 1370 1369
f 228 1369 232
f 232 1369 1372
f 232 1372 231
f 231 1372 1371
f 231 1371 234
f 234 1371 1374
f 234 1374 233
f 233 1374 1373
f 233 1373 236
f 236 1373 1376
f 236 1376 235
f 235 1376 1375
f 235 1375 238
f 238 1375 1378
f 238 1378 237
f 237 1378 1377
f 237 1377 240
f 240 1377 1380
f 240 1380 239
f 239 1380 1379
f 239 1379 865
f 865 1379 2005
f 865 2005 1010
f 1010 2005 2150
f 1010 2150 1041
f 1041 2150 2181
f 1041 2181 1062
f 1062 2181 2202
f 1062 2202 1077
f 1077 2202 2217
f 1077 2217 1092
f 1092 2217 2232
f 1092 2232 1140
f 1140 2232 2280
f 1140 2280 1139
f 1139 2280 2279
f 1139 2279 1138
f 1138 2279 2278
f 1138 2278 1137
f 1137 2278 2277
f 1137 2277 1134
f 1134 2277 2274
f 1134 2274 1131
f 1131 2274 2271
f 1131 2271 1042
f 1042 2271 2182
f 1042 2182 1011
f 1011 2182 2151
f 1011 2151 970
f 970 2151 2110
f 970 2110 866
f 866 2110 2006
f 866 2006 242
f 242 2006 1381
f 242 1381 243
f 243 1381 1383
f 243 1383 241
f 241 1383 1382
f 241 1382 245
f 245 1382 1385
f 245 1385 244
f 244 1385 1384
f 244 1384 247
f 247 1384 1387
f 247 1387 246
f 246 1387 1386
f 246 1386 249
f 249 1386 1389
f 249 1389 248
f 248 1389 1388
f 248 1388 251
f 251 1388 1391
f 251 1391 250
f 250 1391 1390
f 250 1390 253
f 253 1390 1393
f 253 1393 252
f 252 1393 1392
f 252 1392 255
f 255 1392 1395
f 255 1395 254
f 254 1395 1394
f 254 1394 257
f 257 1394 1397
f 257 1397 256
f 256 1397 1396
f 256 1396 914
f 914 1396 2054
f 914 2054 867
f 867 2054 2007
f 867 2007 818
f 818 2007 1958
f 818 1958 259
f 259 1958 1398
f 259 1398 260
f 260 1398 1400
f 260 1400 258
f 258 1400 1399
f 258 1399 262
f 262 1399 1402
f 262 1402 261
f 261 1402 1401
f 261 1401 264
f 264 1401 1404
f 264 1404 263
f 263 1404 1403
f 263 1403 868
f 868 1403 2008
f 868 2008 1043
f 1043 2008 2183
f 1043 2183 1116
f 1116 2183 2256
f 1116 2256 1093
f 1093 2256 2233
f 1093 2233 1063
f 1063 2233 2203
f 1063 2203 266
f 266 2203 1405
f 266 1405 267
f 267 1405 1407
f 267 1407 265
f 265 1407 1406
f 265 1406 915
f 915 1406 2055
f 915 2055 869
f 869 2055 2009
f 869 2009 819
f 819 2009 1959
f 819 1959 269
f 269 1959 1408
f 269 1408 270
f 270 1408 1410
f 270 1410 268
f 268 1410 1409
f 268 1409 1044
f 1044 1409 2184
f 1044 2184 1078
f 1078 2184 2218
f 1078 2218 1108
f 1108 2218 2248
f 1108 2248 1094
f 1094 2248 2234
f 1094 2234 916
f 916 2234 2056
f 916 2056 272
f 272 2056 1411
f 272 1411 273
f 273 1411 1413
f 273 1413 271
f 271 1413 1412
f 271 1412 275
f 275 1412 1415
f 275 1415 274
f 274 1415 1414
f 274 1414 277
f 277 1414 1417
f 277 1417 276
f 276 1417 1416
f 276 1416 279
f 279 1416 1419
f 279 1419 278
f 278 1419 1418
f 278 1418 971
f 971 1418 2111
f 971 2111 917
f 917 2111 2057
f 917 2057 820
f 820 2057 1960
f 820 1960 281
f 281 1960 1420
f 281 1420 282
f 282 1420 1422
f 282 1422 280
f 280 1422 1421
f 280 1421 284
f 284 1421 1424
f 284 1424 283
f 283 1424 1423
f 283 1423 286
f 286 1423 1426
f 286 1426 285
f 285 1426 1425
f 285 1425 288
f 288 1425 1428
f 288 1428 287
f 287 1428 1427
f 287 1427 821
f 821 1427 1961
f 821 1961 918
f 918 1961 2058
f 918 2058 822
f 822 2058 1962
f 822 1962 290
f 290 1962 1429
f 290 1429 291
f 291 1429 1431
f 291 1431 289
f 289 1431 1430
f 289 1430 293
f 293 1430 1433
f 293 1433 292
f 292 1433 1432
f 292 1432 295
f 295 1432 1435
f 295 1435 294
f 294 1435 1434
f 294 1434 297
f 297 1434 1437
f 297 1437 296
f 296 1437 1436
f 296 1436 823
f 823 1436 1963
f 823 1963 870
f 870 1963 2010
f 870 2010 824
f 824 2010 1964
f 824 1964 299
f 299 1964 1438
f 299 1438 300
f 300 1438 1440
f 300 1440 298
f 298 1440 1439
f 298 1439 302
f 302 1439 1442
f 302 1442 301
f 301 1442 1441
f 301 1441 304
f 304 1441 1444
f 304 1444 303
f 303 1444 1443
f 303 1443 306
f 306 1443 1446
f 306 1446 305
f 305 1446 1445
f 305 1445 308
f 308 1445 1448
f 308 1448 307
f 307 1448 1447
f 307 1447 310
f 310 1447 1450
f 310 1450 309
f 309 1450 1449
f 309 1449 312
f 312 1449 1452
f 312 1452 311
f 311 1452 1451
f 311 1451 314
f 314 1451 1454
f 314 1454 313
f 313 1454 1453
f 313 1453 316
f 316 1453 1456
f 316 1456 315
f 315 1456 1455
f 315 1455 871
f 871 1455 2011
f 871 2011 972
f 972 2011 2112
f 972 2112 872
f 872 2112 2012
f 872 2012 318
f 318 2012 1457
f 318 1457 319
f 319 1457 1459
f 319 1459 317
f 317 1459 1458
f 317 1458 321
f 321 1458 1461
f 321 1461 320
f 320 1461 1460
f 320 1460 323
f 323 1460 1463
f 323 1463 322
f 322 1463 1462
f 322 1462 325
f 325 1462 1465
f 325 1465 324
f 324 1465 1464
f 324 1464 873
f 873 1464 2013
f 873 2013 919
f 919 2013 2059
f 919 2059 825
f 825 2059 1965
f 825 1965 327
f 327 1965 1466
f 327 1466 328
f 328 1466 1468
f 328 1468 326
f 326 1468 1467
f 326 1467 330
f 330 1467 1470
f 330 1470 329
f 329 1470 1469
f 329 1469 332
f 332 1469 1472
f 332 1472 331
f 331 1472 1471
f 331 1471 973
f 973 1471 2113
f 973 2113 1012
f 1012 2113 2152
f 1012 2152 1045
f 1045 2152 2185
f 1045 2185 1064
f 1064 2185 2204
f 1064 2204 1079
f 1079 2204 2219
f 1079 2219 1095
f 1095 2219 2235
f 1095 2235 1065
f 1065 2235 2205
f 1065 2205 1013
f 1013 2205 2153
f 1013 2153 974
f 974 2153 2114
f 974 2114 920
f 920 2114 2060
f 920 2060 874
f 874 2060 2014
f 874 2014 826
f 826 2014 1966
f 826 1966 334
f 334 1966 1473
f 334 1473 335
f 335 1473 1475
f 335 1475 333
f 333 1475 1474
f 333 1474 337
f 337 1474 1477
f 337 1477 336
f 336 1477 1476
f 336 1476 921
f 921 1476 2061
f 921 2061 827
f 827 2061 1967
f 827 1967 339
f 339 1967 1478
f 339 1478 340
f 340 1478 1480
f 340 1480 338
f 338 1480 1479
f 338 1479 342
f 342 1479 1482
f 342 1482 341
f 341 1482 1481
f 341 1481 344
f 344 1481 1484
f 344 1484 343
f 343 1484 1483
f 343 1483 346
f 346 1483 1486
f 346 1486 345
f 345 1486 1485
f 345 1485 348
f 348 1485 1488
f 348 1488 347
f 347 1488 1487
f 347 1487 350
f 350 1487 1490
f 350 1490 349
f 349 1490 1489
f 349 1489 828
f 828 1489 1968
f 828 1968 922
f 922 1968 2062
f 922 2062 1096
f 1096 2062 2236
f 1096 2236 1109
f 1109 2236 2249
f 1109 2249 975
f 975 2249 2115
f 975 2115 875
f 875 2115 2015
f 875 2015 352
f 352 2015 1491
f 352 1491 353
f 353 1491 1493
f 353 1493 351
f 351 1493 1492
f 351 1492 355
f 355 1492 1495
f 355 1495 354
f 354 1495 1494
f 354 1494 357
f 357 1494 1497
f 357 1497 356
f 356 1497 1496
f 356 1496 829
f 829 1496 1969
f 829 1969 876
f 876 1969 2016
f 876 2016 923
f 923 2016 2063
f 923 2063 830
f 830 2063 1970
f 830 1970 359
f 359 1970 1498
f 359 1498 360
f 360 1498 1500
f 360 1500 358
f 358 1500 1499
f 358 1499 362
f 362 1499 1502
f 362 1502 361
f 361 1502 1501
f 361 1501 364
f 364 1501 1504
f 364 1504 363
f 363 1504 1503
f 363 1503 366
f 366 1503 1506
f 366 1506 365
f 365 1506 1505
f 365 1505 368
f 368 1505 1508
f 368 1508 367
f 367 1508 1507
f 367 1507 370
f 370 1507 1510
f 370 1510 369
f 369 1510 1509
f 369 1509 831
f 831 1509 1971
f 831 1971 924
f 924 1971 2064
f 924 2064 1014
f 1014 2064 2154
f 1014 2154 1046
f 1046 2154 2186
f 1046 2186 925
f 925 2186 2065
f 925 2065 832
f 832 2065 1972
f 832 1972 372
f 372 1972 1511
f 372 1511 373
f 373 1511 1513
f 373 1513 371
f 371 1513 1512
f 371 1512 375
f 375 1512 1515
f 375 1515 374
f 374 1515 1514
f 374 1514 377
f 377 1514 1517
f 377 1517 376
f 376 1517 1516
f 376 1516 976
f 976 1516 2116
f 976 2116 1015
f 1015 2116 2155
f 1015 2155 926
f 926 2155 2066
f 926 2066 833
f 833 2066 1973
f 833 1973 379
f 379 1973 1518
f 379 1518 380
f 380 1518 1520
f 380 1520 378
f 378 1520 1519
f 378 1519 382
f 382 1519 1522
f 382 1522 381
f 381 1522 1521
f 381 1521 384
f 384 1521 1524
f 384 1524 383
f 383 1524 1523
f 383 1523 386
f 386 1523 1526
f 386 1526 385
f 385 1526 1525
f 385 1525 388
f 388 1525 1528
f 388 1528 387
f 387 1528 1527
f 387 1527 390
f 390 1527 1530
f 390 1530 389
f 389 1530 1529
f 389 1529 392
f 392 1529 1532
f 392 1532 391
f 391 1532 1531
f 391 1531 927
f 927 1531 2067
f 927 2067 928
f 928 2067 2068
f 928 2068 877
f 877 2068 2017
f 877 2017 834
f 834 2017 1974
f 834 1974 394
f 394 1974 1533
f 394 1533 395
f 395 1533 1535
f 395 1535 393
f 393 1535 1534
f 393 1534 1047
f 1047 1534 2187
f 1047 2187 1016
f 1016 2187 2156
f 1016 2156 397
f 397 2156 1536
f 397 1536 398
f 398 1536 1538
f 398 1538 396
f 396 1538 1537
f 396 1537 400
f 400 1537 1540
f 400 1540 399
f 399 1540 1539
f 399 1539 402
f 402 1539 1542
f 402 1542 401
f 401 1542 1541
f 401 1541 404
f 404 1541 1544
f 404 1544 403
f 403 1544 1543
f 403 1543 406
f 406 1543 1546
f 406 1546 405
f 405 1546 1545
f 405 1545 408
f 408 1545 1548
f 408 1548 407
f 407 1548 1547
f 407 1547 410
f 410 1547 1550
f 410 1550 409
f 409 1550 1549
f 409 1549 412
f 412 1549 1552
f 412 1552 411
f 411 1552 1551
f 411 1551 414
f 414 1551 1554
f 414 1554 413
f 413 1554 1553
f 413 1553 416
f 416 1553 1556
f 416 1556 415
f 415 1556 1555
f 415 1555 878
f 878 1555 2018
f 878 2018 929
f 929 2018 2069
f 929 2069 418
f 418 2069 1557
f 418 1557 419
f 419 1557 1559
f 419 1559 417
f 417 1559 1558
f 417 1558 421
f 421 1558 1560
f 421 1560 422
f 422 1560 1562
f 422 1562 420
f 420 1562 1561
f 420 1561 424
f 424 1561 1564
f 424 1564 423
f 423 1564 1563
f 423 1563 426
f 426 1563 1566
f 426 1566 425
f 425 1566 1565
f 425 1565 835
f 835 1565 1975
f 835 1975 930
f 930 1975 2070
f 930 2070 977
f 977 2070 2117
f 977 2117 1017
f 1017 2117 2157
f 1017 2157 879
f 879 2157 2019
f 879 2019 428
f 428 2019 1567
f 428 1567 429
f 429 1567 1569
f 429 1569 427
f 427 1569 1568
f 427 1568 431
f 431 1568 1571
f 431 1571 430
f 430 1571 1570
f 430 1570 433
f 433 1570 1573
f 433 1573 432
f 432 1573 1572
f 432 1572 435
f 435 1572 1575
f 435 1575 434
f 434 1575 1574
f 434 1574 880
f 880 1574 2020
f 880 2020 978
f 978 2020 2118
f 978 2118 979
f 979 2118 2119
f 979 2119 881
f 881 2119 2021
f 881 2021 437
f 437 2021 1576
f 437 1576 438
f 438 1576 1578
f 438 1578 436
f 436 1578 1577
f 436 1577 440
f 440 1577 1580
f 440 1580 439
f 439 1580 1579
f 439 1579 442
f 442 1579 1582
f 442 1582 441
f 441 1582 1581
f 441 1581 444
f 444 1581 1584
f 444 1584 443
f 443 1584 1583
f 443 1583 446
f 446 1583 1586
f 446 1586 445
f 445 1586 1585
f 445 1585 448
f 448 1585 1588
f 448 1588 447
f 447 1588 1587
f 447 1587 450
f 450 1587 1590
f 450 1590 449
f 449 1590 1589
f 449 1589 452
f 452 1589 1592
f 452 1592 451
f 451 1592 1591
f 451 1591 454
f 454 1591 1594
f 454 1594 453
f 453 1594 1593
f 453 1593 456
f 456 1593 1596
f 456 1596 455
f 455 1596 1595
f 455 1595 458
f 458 1595 1598
f 458 1598 457
f 457 1598 1597
f 457 1597 460
f 460 1597 1600
f 460 1600 459
f 459 1600 1599
f 459 1599 462
f 462 1599 1602
f 462 1602 461
f 461 1602 1601
f 461 1601 464
f 464 1601 1604
f 464 1604 463
f 463 1604 1603
f 463 1603 466
f 466 1603 1606
f 466 1606 465
f 465 1606 1605
f 465 1605 468
f 468 1605 1608
f 468 1608 467
f 467 1608 1607
f 467 1607 882
f 882 1607 2022
f 882 2022 931
f 931 2022 2071
f 931 2071 1018
f 1018 2071 2158
f 1018 2158 980
f 980 2158 2120
f 980 2120 836
f 836 2120 1976
f 836 1976 470
f 470 1976 1609
f 470 1609 471
f 471 1609 1611
f 471 1611 469
f 469 1611 1610
f 469 1610 473
f 473 1610 1613
f 473 1613 472
f 472 1613 1612
f 472 1612 475
f 475 1612 1615
f 475 1615 474
f 474 1615 1614
f 474 1614 932
f 932 1614 2072
f 932 2072 1019
f 1019 2072 2159
f 1019 2159 1113
f 1113 2159 2253
f 1113 2253 933
f 933 2253 2073
f 933 2073 837
f 837 2073 1977
f 837 1977 477
f 477 1977 1616
f 477 1616 478
f 478 1616 1618
f 478 1618 476
f 476 1618 1617
f 476 1617 480
f 480 1617 1620
f 480 1620 479
f 479 1620 1619
f 479 1619 482
f 482 1619 1622
f 482 1622 481
f 481 1622 1621
f 481 1621 484
f 484 1621 1624
f 484 1624 483
f 483 1624 1623
f 483 1623 486
f 486 1623 1626
f 486 1626 485
f 485 1626 1625
f 485 1625 488
f 488 1625 1628
f 488 1628 487
f 487 1628 1627
f 487 1627 838
f 838 1627 1978
f 838 1978 934
f 934 1978 2074
f 934 2074 981
f 981 2074 2121
f 981 2121 883
f 883 2121 2023
f 883 2023 490
f 490 2023 1629
f 490 1629 491
f 491 1629 1631
f 491 1631 489
f 489 1631 1630
f 489 1630 493
f 493 1630 1633
f 493 1633 492
f 492 1633 1632
f 492 1632 495
f 495 1632 1635
f 495 1635 494
f 494 1635 1634
f 494 1634 839
f 839 1634 1979
f 839 1979 884
f 884 1979 2024
f 884 2024 1020
f 1020 2024 2160
f 1020 2160 982
f 982 2160 2122
f 982 2122 935
f 935 2122 2075
f 935 2075 497
f 497 2075 1636
f 497 1636 498
f 498 1636 1638
f 498 1638 496
f 496 1638 1637
f 496 1637 500
f 500 1637 1640
f 500 1640 499
f 499 1640 1639
f 499 1639 502
f 502 1639 1642
f 502 1642 501
f 501 1642 1641
f 501 1641 504
f 504 1641 1644
f 504 1644 503
f 503 1644 1643
f 503 1643 1021
f 1021 1643 2161
f 1021 2161 983
f 983 2161 2123
f 983 2123 885
f 885 2123 2025
f 885 2025 506
f 506 2025 1645
f 506 1645 507
f 507 1645 1647
f 507 1647 505
f 505 1647 1646
f 505 1646 509
f 509 1646 1649
f 509 1649 508
f 508 1649 1648
f 508 1648 511
f 511 1648 1651
f 511 1651 510
f 510 1651 1650
f 510 1650 513
f 513 1650 1653
f 513 1653 512
f 512 1653 1652
f 512 1652 886
f 886 1652 2026
f 886 2026 1097
f 1097 2026 2237
f 1097 2237 1110
f 1110 2237 2250
f 1110 2250 1118
f 1118 2250 2258
f 1118 2258 1120
f 1120 2258 2260
f 1120 2260 1122
f 1122 2260 2262
f 1122 2262 1124
f 1124 2262 2264
f 1124 2264 1123
f 1123 2264 2263
f 1123 2263 1098
f 1098 2263 2238
f 1098 2238 1080
f 1080 2238 2220
f 1080 2220 1066
f 1066 2220 2206
f 1066 2206 840
f 840 2206 1980
f 840 1980 515
f 515 1980 1654
f 515 1654 516
f 516 1654 1656
f 516 1656 514
f 514 1656 1655
f 514 1655 518
f 518 1655 1658
f 518 1658 517
f 517 1658 1657
f 517 1657 520
f 520 1657 1660
f 520 1660 519
f 519 1660 1659
f 519 1659 936
f 936 1659 2076
f 936 2076 984
f 984 2076 2124
f 984 2124 937
f 937 2124 2077
f 937 2077 887
f 887 2077 2027
f 887 2027 841
f 841 2027 1981
f 841 1981 522
f 522 1981 1661
f 522 1661 523
f 523 1661 1663
f 523 1663 521
f 521 1663 1662
f 521 1662 525
f 525 1662 1665
f 525 1665 524
f 524 1665 1664
f 524 1664 527
f 527 1664 1667
f 527 1667 526
f 526 1667 1666
f 526 1666 888
f 888 1666 2028
f 888 2028 938
f 938 2028 2078
f 938 2078 985
f 985 2078 2125
f 985 2125 889
f 889 2125 2029
f 889 2029 529
f 529 2029 1668
f 529 1668 530
f 530 1668 1670
f 530 1670 528
f 528 1670 1669
f 528 1669 532
f 532 1669 1672
f 532 1672 531
f 531 1672 1671
f 531 1671 534
f 534 1671 1674
f 534 1674 533
f 533 1674 1673
f 533 1673 536
f 536 1673 1676
f 536 1676 535
f 535 1676 1675
f 535 1675 538
f 538 1675 1678
f 538 1678 537
f 537 1678 1677
f 537 1677 540
f 540 1677 1680
f 540 1680 539
f 539 1680 1679
f 539 1679 1022
f 1022 1679 2162
f 1022 2162 1048
f 1048 2162 2188
f 1048 2188 1067
f 1067 2188 2207
f 1067 2207 1081
f 1081 2207 2221
f 1081 2221 1099
f 1099 2221 2239
f 1099 2239 1100
f 1100 2239 2240
f 1100 2240 1068
f 1068 2240 2208
f 1068 2208 1049
f 1049 2208 2189
f 1049 2189 1023
f 1023 2189 2163
f 1023 2163 939
f 939 2163 2079
f 939 2079 890
f 890 2079 2030
f 890 2030 542
f 542 2030 1681
f 542 1681 543
f 543 1681 1683
f 543 1683 541
f 541 1683 1682
f 541 1682 545
f 545 1682 1685
f 545 1685 544
f 544 1685 1684
f 544 1684 547
f 547 1684 1687
f 547 1687 546
f 546 1687 1686
f 546 1686 549
f 549 1686 1689
f 549 1689 548
f 548 1689 1688
f 548 1688 551
f 551 1688 1691
f 551 1691 550
f 550 1691 1690
f 550 1690 553
f 553 1690 1693
f 553 1693 552
f 552 1693 1692
f 552 1692 555
f 555 1692 1695
f 555 1695 554
f 554 1695 1694
f 554 1694 940
f 940 1694 2080
f 940 2080 842
f 842 2080 1982
f 842 1982 557
f 557 1982 1696
f 557 1696 558
f 558 1696 1698
f 558 1698 556
f 556 1698 1697
f 556 1697 560
f 560 1697 1700
f 560 1700 559
f 559 1700 1699
f 559 1699 562
f 562 1699 1702
f 562 1702 561
f 561 1702 1701
f 561 1701 564
f 564 1701 1704
f 564 1704 563
f 563 1704 1703
f 563 1703 843
f 843 1703 1983
f 843 1983 1050
f 1050 1983 2190
f 1050 2190 1051
f 1051 2190 2191
f 1051 2191 1024
f 1024 2191 2164
f 1024 2164 986
f 986 2164 2126
f 986 2126 566
f 566 2126 1705
f 566 1705 567
f 567 1705 1707
f 567 1707 565
f 565 1707 1706
f 565 1706 844
f 844 1706 1984
f 844 1984 891
f 891 1984 2031
f 891 2031 569
f 569 2031 1708
f 569 1708 570
f 570 1708 1710
f 570 1710 568
f 568 1710 1709
f 568 1709 572
f 572 1709 1712
f 572 1712 571
f 571 1712 1711
f 571 1711 574
f 574 1711 1714
f 574 1714 573
f 573 1714 1713
f 573 1713 576
f 576 1713 1716
f 576 1716 575
f 575 1716 1715
f 575 1715 578
f 578 1715 1718
f 578 1718 577
f 577 1718 1717
f 577 1717 580
f 580 1717 1720
f 580 1720 579
f 579 1720 1719
f 579 1719 941
f 941 1719 2081
f 941 2081 987
f 987 2081 2127
f 987 2127 1025
f 1025 2127 2165
f 1025 2165 582
f 582 2165 1721
f 582 1721 583
f 583 1721 1723
f 583 1723 581
f 581 1723 1722
f 581 1722 585
f 585 1722 1725
f 585 1725 584
f 584 1725 1724
f 584 1724 587
f 587 1724 1727
f 587 1727 586
f 586 1727 1726
f 586 1726 589
f 589 1726 1729
f 589 1729 588
f 588 1729 1728
f 588 1728 591
f 591 1728 1731
f 591 1731 590
f 590 1731 1730
f 590 1730 942
f 942 1730 2082
f 942 2082 988
f 988 2082 2128
f 988 2128 892
f 892 2128 2032
f 892 2032 593
f 593 2032 1732
f 593 1732 594
f 594 1732 1734
f 594 1734 592
f 592 1734 1733
f 592 1733 596
f 596 1733 1736
f 596 1736 595
f 595 1736 1735
f 595 1735 598
f 598 1735 1738
f 598 1738 597
f 597 1738 1737
f 597 1737 600
f 600 1737 1740
f 600 1740 599
f 599 1740 1739
f 599 1739 602
f 602 1739 1742
f 602 1742 601
f 601 1742 1741
f 601 1741 604
f 604 1741 1744
f 604 1744 603
f 603 1744 1743
f 603 1743 606
f 606 1743 1746
f 606 1746 605
f 605 1746 1745
f 605 1745 608
f 608 1745 1748
f 608 1748 607
f 607 1748 1747
f 607 1747 610
f 610 1747 1750
f 610 1750 609
f 609 1750 1749
f 609 1749 612
f 612 1749 1752
f 612 1752 611
f 611 1752 1751
f 611 1751 614
f 614 1751 1754
f 614 1754 613
f 613 1754 1753
f 613 1753 616
f 616 1753 1756
f 616 1756 615
f 615 1756 1755
f 615 1755 893
f 893 1755 2033
f 893 2033 989
f 989 2033 2129
f 989 2129 1082
f 1082 2129 2222
f 1082 2222 1114
f 1114 2222 2254
f 1114 2254 943
f 943 2254 2083
f 943 2083 618
f 618 2083 1757
f 618 1757 619
f 619 1757 1759
f 619 1759 617
f 617 1759 1758
f 617 1758 621
f 621 1758 1761
f 621 1761 620
f 620 1761 1760
f 620 1760 623
f 623 1760 1763
f 623 1763 622
f 622 1763 1762
f 622 1762 625
f 625 1762 1765
f 625 1765 624
f 624 1765 1764
f 624 1764 990
f 990 1764 2130
f 990 2130 991
f 991 2130 2131
f 991 2131 894
f 894 2131 2034
f 894 2034 627
f 627 2034 1766
f 627 1766 628
f 628 1766 1768
f 628 1768 626
f 626 1768 1767
f 626 1767 630
f 630 1767 1770
f 630 1770 629
f 629 1770 1769
f 629 1769 632
f 632 1769 1772
f 632 1772 631
f 631 1772 1771
f 631 1771 634
f 634 1771 1774
f 634 1774 633
f 633 1774 1773
f 633 1773 1026
f 1026 1773 2166
f 1026 2166 992
f 992 2166 2132
f 992 2132 944
f 944 2132 2084
f 944 2084 845
f 845 2084 1985
f 845 1985 636
f 636 1985 1775
f 636 1775 637
f 637 1775 1777
f 637 1777 635
f 635 1777 1776
f 635 1776 639
f 639 1776 1779
f 639 1779 638
f 638 1779 1778
f 638 1778 641
f 641 1778 1781
f 641 1781 640
f 640 1781 1780
f 640 1780 1027
f 1027 1780 2167
f 1027 2167 1028
f 1028 2167 2168
f 1028 2168 993
f 993 2168 2133
f 993 2133 895
f 895 2133 2035
f 895 2035 643
f 643 2035 1782
f 643 1782 644
f 644 1782 1784
f 644 1784 642
f 642 1784 1783
f 642 1783 646
f 646 1783 1786
f 646 1786 645
f 645 1786 1785
f 645 1785 648
f 648 1785 1788
f 648 1788 647
f 647 1788 1787
f 647 1787 650
f 650 1787 1790
f 650 1790 649
f 649 1790 1789
f 649 1789 896
f 896 1789 2036
f 896 2036 1052
f 1052 2036 2192
f 1052 2192 945
f 945 2192 2085
f 945 2085 652
f 652 2085 1791
f 652 1791 653
f 653 1791 1793
f 653 1793 651
f 651 1793 1792
f 651 1792 655
f 655 1792 1795
f 655 1795 654
f 654 1795 1794
f 654 1794 657
f 657 1794 1797
f 657 1797 656
f 656 1797 1796
f 656 1796 659
f 659 1796 1799
f 659 1799 658
f 658 1799 1798
f 658 1798 994
f 994 1798 2134
f 994 2134 946
f 946 2134 2086
f 946 2086 846
f 846 2086 1986
f 846 1986 661
f 661 1986 1800
f 661 1800 662
f 662 1800 1802
f 662 1802 660
f 660 1802 1801
f 660 1801 664
f 664 1801 1804
f 664 1804 663
f 663 1804 1803
f 663 1803 666
f 666 1803 1806
f 666 1806 665
f 665 1806 1805
f 665 1805 668
f 668 1805 1808
f 668 1808 667
f 667 1808 1807
f 667 1807 847
f 847 1807 1987
f 847 1987 1029
f 1029 1987 2169
f 1029 2169 1069
f 1069 2169 2209
f 1069 2209 1083
f 1083 2209 2223
f 1083 2223 1101
f 1101 2223 2241
f 1101 2241 1132
f 1132 2241 2272
f 1132 2272 1135
f 1135 2272 2275
f 1135 2275 947
f 947 2275 2087
f 947 2087 897
f 897 2087 2037
f 897 2037 848
f 848 2037 1988
f 848 1988 670
f 670 1988 1809
f 670 1809 671
f 671 1809 1811
f 671 1811 669
f 669 1811 1810
f 669 1810 673
f 673 1810 1813
f 673 1813 672
f 672 1813 1812
f 672 1812 675
f 675 1812 1815
f 675 1815 674
f 674 1815 1814
f 674 1814 677
f 677 1814 1817
f 677 1817 676
f 676 1817 1816
f 676 1816 849
f 849 1816 1989
f 849 1989 948
f 948 1989 2088
f 948 2088 995
f 995 2088 2135
f 995 2135 898
f 898 2135 2038
f 898 2038 679
f 679 2038 1818
f 679 1818 680
f 680 1818 1820
f 680 1820 678
f 678 1820 1819
f 678 1819 682
f 682 1819 1822
f 682 1822 681
f 681 1822 1821
f 681 1821 684
f 684 1821 1824
f 684 1824 683
f 683 1824 1823
f 683 1823 850
f 850 1823 1990
f 850 1990 899
f 899 1990 2039
f 899 2039 1030
f 1030 2039 2170
f 1030 2170 1070
f 1070 2170 2210
f 1070 2210 949
f 949 2210 2089
f 949 2089 851
f 851 2089 1991
f 851 1991 686
f 686 1991 1825
f 686 1825 687
f 687 1825 1827
f 687 1827 685
f 685 1827 1826
f 685 1826 689
f 689 1826 1829
f 689 1829 688
f 688 1829 1828
f 688 1828 691
f 691 1828 1831
f 691 1831 690
f 690 1831 1830
f 690 1830 693
f 693 1830 1832
f 693 1832 694
f 694 1832 1834
f 694 1834 692
f 692 1834 1833
f 692 1833 696
f 696 1833 1836
f 696 1836 695
f 695 1836 1835
f 695 1835 698
f 698 1835 1838
f 698 1838 697
f 697 1838 1837
f 697 1837 700
f 700 1837 1840
f 700 1840 699
f 699 1840 1839
f 699 1839 702
f 702 1839 1842
f 702 1842 701
f 701 1842 1841
f 701 1841 704
f 704 1841 1844
f 704 1844 703
f 703 1844 1843
f 703 1843 706
f 706 1843 1846
f 706 1846 705
f 705 1846 1845
f 705 1845 996
f 996 1845 2136
f 996 2136 1031
f 1031 2136 2171
f 1031 2171 1126
f 1126 2171 2266
f 1126 2266 1125
f 1125 2266 2265
f 1125 2265 708
f 708 2265 1847
f 708 1847 709
f 709 1847 1849
f 709 1849 707
f 707 1849 1848
f 707 1848 711
f 711 1848 1851
f 711 1851 710
f 710 1851 1850
f 710 1850 713
f 713 1850 1852
f 713 1852 714
f 714 1852 1854
f 714 1854 712
f 712 1854 1853
f 712 1853 716
f 716 1853 1856
f 716 1856 715
f 715 1856 1855
f 715 1855 718
f 718 1855 1858
f 718 1858 717
f 717 1858 1857
f 717 1857 720
f 720 1857 1860
f 720 1860 719
f 719 1860 1859
f 719 1859 722
f 722 1859 1862
f 722 1862 721
f 721 1862 1861
f 721 1861 950
f 950 1861 2090
f 950 2090 997
f 997 2090 2137
f 997 2137 900
f 900 2137 2040
f 900 2040 724
f 724 2040 1863
f 724 1863 725
f 725 1863 1865
f 725 1865 723
f 723 1865 1864
f 723 1864 727
f 727 1864 1867
f 727 1867 726
f 726 1867 1866
f 726 1866 729
f 729 1866 1869
f 729 1869 728
f 728 1869 1868
f 728 1868 852
f 852 1868 1992
f 852 1992 901
f 901 1992 2041
f 901 2041 1053
f 1053 2041 2193
f 1053 2193 1054
f 1054 2193 2194
f 1054 2194 998
f 998 2194 2138
f 998 2138 731
f 731 2138 1870
f 731 1870 732
f 732 1870 1872
f 732 1872 730
f 730 1872 1871
f 730 1871 734
f 734 1871 1874
f 734 1874 733
f 733 1874 1873
f 733 1873 736
f 736 1873 1876
f 736 1876 735
f 735 1876 1875
f 735 1875 738
f 738 1875 1878
f 738 1878 737
f 737 1878 1877
f 737 1877 740
f 740 1877 1880
f 740 1880 739
f 739 1880 1879
f 739 1879 853
f 853 1879 1993
f 853 1993 742
f 742 1993 1881
f 742 1881 743
f 743 1881 1883
f 743 1883 741
f 741 1883 1882
f 741 1882 745
f 745 1882 1885
f 745 1885 744
f 744 1885 1884
f 744 1884 747
f 747 1884 1887
f 747 1887 746
f 746 1887 1886
f 746 1886 902
f 902 1886 2042
f 902 2042 951
f 951 2042 2091
f 951 2091 999
f 999 2091 2139
f 999 2139 1071
f 1071 2139 2211
f 1071 2211 1102
f 1102 2211 2242
f 1102 2242 1111
f 1111 2242 2251
f 1111 2251 749
f 749 2251 1888
f 749 1888 750
f 750 1888 1890
f 750 1890 748
f 748 1890 1889
f 748 1889 752
f 752 1889 1892
f 752 1892 751
f 751 1892 1891
f 751 1891 754
f 754 1891 1894
f 754 1894 753
f 753 1894 1893
f 753 1893 952
f 952 1893 2092
f 952 2092 1055
f 1055 2092 2195
f 1055 2195 1032
f 1032 2195 2172
f 1032 2172 953
f 953 2172 2093
f 953 2093 854
f 854 2093 1994
f 854 1994 756
f 756 1994 1895
f 756 1895 757
f 757 1895 1897
f 757 1897 755
f 755 1897 1896
f 755 1896 759
f 759 1896 1899
f 759 1899 758
f 758 1899 1898
f 758 1898 761
f 761 1898 1901
f 761 1901 760
f 760 1901 1900
f 760 1900 1000
f 1000 1900 2140
f 1000 2140 1084
f 1084 2140 2224
f 1084 2224 1103
f 1103 2224 2243
f 1103 2243 1085
f 1085 2243 2225
f 1085 2225 763
f 763 2225 1902
f 763 1902 764
f 764 1902 1904
f 764 1904 762
f 762 1904 1903
f 762 1903 766
f 766 1903 1906
f 766 1906 765
f 765 1906 1905
f 765 1905 768
f 768 1905 1908
f 768 1908 767
f 767 1908 1907
f 767 1907 770
f 770 1907 1910
f 770 1910 769
f 769 1910 1909
f 769 1909 954
f 954 1909 2094
f 954 2094 1033
f 1033 2094 2173
f 1033 2173 955
f 955 2173 2095
f 955 2095 772
f 772 2095 1911
f 772 1911 773
f 773 1911 1913
f 773 1913 771
f 771 1913 1912
f 771 1912 775
f 775 1912 1915
f 775 1915 774
f 774 1915 1914
f 774 1914 777
f 777 1914 1917
f 777 1917 776
f 776 1917 1916
f 776 1916 779
f 779 1916 1919
f 779 1919 778
f 778 1919 1918
f 778 1918 781
f 781 1918 1921
f 781 1921 780
f 780 1921 1920
f 780 1920 783
f 783 1920 1923
f 783 1923 782
f 782 1923 1922
f 782 1922 785
f 785 1922 1925
f 785 1925 784
f 784 1925 1924
f 784 1924 787
f 787 1924 1927
f 787 1927 786
f 786 1927 1926
f 786 1926 956
f 956 1926 2096
f 956 2096 1104
f 1104 2096 2244
f 1104 2244 1086
f 1086 2244 2226
f 1086 2226 1072
f 1072 2226 2212
f 1072 2212 1001
f 1001 2212 2141
f 1001 2141 903
f 903 2141 2043
f 903 2043 789
f 789 2043 1928
f 789 1928 790
f 790 1928 1930
f 790 1930 788
f 788 1930 1929
f 788 1929 792
f 792 1929 1932
f 792 1932 791
f 791 1932 1931
f 791 1931 794
f 794 1931 1934
f 794 1934 793
f 793 1934 1933
f 793 1933 855
f 855 1933 1995
f 855 1995 904
f 904 1995 2044
f 904 2044 957
f 957 2044 2097
f 957 2097 905
f 905 2097 2045
f 905 2045 796
f 796 2045 1935
f 796 1935 797
f 797 1935 1937
f 797 1937 795
f 795 1937 1936
f 795 1936 799
f 799 1936 1939
f 799 1939 798
f 798 1939 1938
f 798 1938 801
f 801 1938 1941
f 801 1941 800
f 800 1941 1940
f 800 1940 803
f 803 1940 1943
f 803 1943 802
f 802 1943 1942
f 802 1942 805
f 805 1942 1945
f 805 1945 804
f 804 1945 1944
f 804 1944 2
f 2 1944 1141
f 2 1141 3
f 3 1141 1143
f 3 1143 1
f 1 1143 1142
