o 
v 16.93 0 -1.2
v 18.71 0 -0.06
v 18.11 0 0
v 15.79 0 -2.96
v 15.74 0 -2.41
v 15.838 0 -3.313
v 15.81 0 -3.127
v 15.912 0 -3.697
v 15.873 0 -3.506
v 16 0 -4.03
v 15.955 0 -3.875
v 16.327 0 -4.99
v 16.15 0 -4.482
v 16.68 0 -5.954
v 16.51 0 -5.499
v 16.9 0 -6.48
v 16.817 0 -6.299
v 17.326 0 -6.888
v 17.042 0 -6.637
v 18.078 0 -7.482
v 17.691 0 -7.185
v 18.67 0 -7.89
v 18.424 0 -7.733
v 18.993 0 -8.022
v 18.791 0 -7.942
v 19.577 0 -8.248
v 19.26 0 -8.126
v 20.3 0 -8.52
v 19.929 0 -8.381
v 22.761 0 -9.843
v 22.35 0 -9.53
v 22.55 0 -9.685
v 23.175 0 -10.143
v 22.974 0 -9.999
v 23.5 0 -10.37
v 23.354 0 -10.27
v 23.443 0 -11.345
v 23.703 0 -11.136
v 23.62 0 -11.2
v 23.011 0 -11.926
v 23.247 0 -11.575
v 22.329 0 -13.137
v 22.713 0 -12.435
v 21.514 0 -14.696
v 21.84 0 -14.07
v 19.714 0 -18.04
v 20.03 0 -17.46
v 19.868 0 -17.755
v 19.459 0 -18.533
v 19.576 0 -18.304
v 19.31 0 -18.84
v 19.368 0 -18.716
v 16.57 0 -20.55
v 18.59 0 -19.16
v 18.01 0 -19.16
v 14.97 0 -23.76
v 15.13 0 -21.94
v 14.886 0 -24.755
v 14.926 0 -24.26
v 14.821 0 -25.632
v 14.85 0 -25.22
v 14.79 0 -26.2
v 14.801 0 -25.966
v 15.96 0 -28.08
v 14.79 0 -26.84
v 17.905 0 -30.833
v 17.476 0 -30.013
v 17.72 0 -30.48
v 19.259 0 -33.451
v 18.826 0 -32.614
v 19.04 0 -33.03
v 20.966 0 -36.76
v 20.49 0 -35.83
v 20.709 0 -36.26
v 21.531 0 -37.85
v 21.245 0 -37.3
v 22.06 0 -38.86
v 21.808 0 -38.38
v 24.16 0 -44.33
v 23.285 0 -41.704
v 23.52 0 -42.41
v 27.885 0 -48.663
v 27.588 0 -47.982
v 27.73 0 -48.31
v 28.183 0 -49.195
v 28.036 0 -48.959
v 28.447 0 -49.474
v 28.32 0 -49.368
v 28.614 0 -49.522
v 28.56 0 -49.51
v 34.34 0 -56.41
v 33.18 0 -54.52
v 32.88 0 -54.94
v 29.393 0 -57.405
v 29.63 0 -57.61
v 29.522 0 -57.515
v 29.103 0 -57.162
v 29.251 0 -57.285
v 28.82 0 -56.93
v 28.957 0 -57.041
v 28.324 0 -56.292
v 28.33 0 -56.51
v 28.328 0 -56.446
v 26.15 0 -53.7
v 28.3 0 -55.07
v 28.28 0 -53.67
v 23.58 0 -54.06
v 24.01 0 -53.74
v 22.923 0 -54.552
v 23.181 0 -54.36
v 23.046 0 -54.46
v 18.474 0 -54.55
v 18.99 0 -54.7
v 18.748 0 -54.629
v 17.889 0 -54.384
v 18.183 0 -54.466
v 17.36 0 -54.24
v 17.61 0 -54.307
v 14.5 0 -53.4
v 15.806 0 -53.794
v 15.51 0 -53.7
v 12.725 0 -53.694
v 13.29 0 -53.6
v 11.964 0 -53.91
v 12.306 0 -53.786
v 11.239 0 -54.38
v 11.631 0 -54.097
v 10.412 0 -55.067
v 10.72 0 -54.79
v 9.743 0 -55.844
v 10.084 0 -55.422
v 9.053 0 -56.843
v 9.396 0 -56.321
v 8.493 0 -57.924
v 8.72 0 -57.4
v 7.926 0 -59.685
v 8.217 0 -58.726
v 7.442 0 -61.593
v 7.656 0 -60.681
v 7.161 0 -63.622
v 7.32 0 -62.3
v 7.01 0 -65.329
v 7.06 0 -64.574
v 7.032 0 -66.939
v 7.003 0 -66.059
v 7.171 0 -69.719
v 7.09 0 -68.14
v 7.286 0 -71.784
v 7.235 0 -70.919
v 7.365 0 -72.698
v 7.329 0 -72.361
v 7.657 0 -72.993
v 7.4 0 -72.84
v 9.016 0 -73.676
v 8.249 0 -73.298
v 10.433 0 -74.337
v 9.798 0 -74.049
v 10.802 0 -74.472
v 10.76 0 -74.46
v 11.003 0 -74.604
v 10.959 0 -74.555
v 10.98 0 -74.58
v 11.034 0 -74.619
v 11.02 0 -74.617
v 11.048 0 -74.59
v 11.043 0 -74.61
v 11.532 0 -74.849
v 11.52 0 -74.79
v 11.523 0 -74.822
v 11.564 0 -74.878
v 11.546 0 -74.868
v 11.61 0 -74.87
v 11.586 0 -74.879
v 11.753 0 -74.929
v 11.718 0 -74.878
v 11.73 0 -74.9
v 11.892 0 -75.027
v 11.809 0 -74.972
v 12.118 0 -75.16
v 11.997 0 -75.091
v 12.74 0 -75.47
v 12.25 0 -75.23
v 12.76 0 -76.372
v 12.75 0 -76.06
v 12.752 0 -76.24
v 12.787 0 -76.498
v 12.771 0 -76.458
v 12.83 0 -76.45
v 12.807 0 -76.495
v 12.912 0 -76.699
v 12.909 0 -76.475
v 12.91 0 -76.59
v 12.769 0 -76.71
v 12.82 0 -76.78
v 12.79 0 -76.735
v 12.754 0 -76.723
v 12.757 0 -76.706
v 12.77 0 -76.82
v 12.758 0 -76.761
v 12.981 0 -78.572
v 12.88 0 -77.76
v 12.924 0 -78.219
v 13.169 0 -79.058
v 13.06 0 -78.844
v 13.51 0 -79.41
v 13.316 0 -79.238
v 13.711 0 -79.572
v 13.613 0 -79.494
v 14.337 0 -80.101
v 13.95 0 -79.77
v 14.096 0 -79.901
v 14.949 0 -80.586
v 14.635 0 -80.34
v 15.47 0 -80.97
v 15.241 0 -80.806
v 15.839 0 -81.182
v 15.659 0 -81.091
v 16.318 0 -81.305
v 16.046 0 -81.25
v 17.2 0 -81.41
v 16.691 0 -81.355
v 19.586 0 -82.347
v 19.293 0 -81.934
v 19.46 0 -82.17
v 19.843 0 -82.621
v 19.71 0 -82.495
v 20.173 0 -82.845
v 19.993 0 -82.735
v 20.643 0 -83.08
v 20.39 0 -82.96
v 21.075 0 -83.217
v 20.857 0 -83.163
v 21.681 0 -83.269
v 21.336 0 -83.25
v 23.894 0 -83.594
v 23.67 0 -83.49
v 23.788 0 -83.551
v 24.066 0 -83.629
v 23.986 0 -83.62
v 24.19 0 -83.6
v 24.134 0 -83.622
v 24.265 0 -83.538
v 24.241 0 -83.568
v 24.222 0 -83.472
v 24.259 0 -83.507
v 24.05 0 -83.37
v 24.153 0 -83.427
v 24.339 0 -83.586
v 24.44 0 -83.62
v 24.377 0 -83.596
v 24.328 0 -83.614
v 24.323 0 -83.591
v 24.4 0 -83.72
v 24.354 0 -83.656
v 24.47 0 -83.905
v 24.465 0 -83.868
v 24.45 0 -83.87
v 24.897 0 -84.185
v 24.619 0 -84.01
v 25.838 0 -84.745
v 25.304 0 -84.43
v 27.011 0 -85.413
v 26.5 0 -85.13
v 27.691 0 -85.698
v 27.391 0 -85.598
v 28.268 0 -85.682
v 27.966 0 -85.722
v 29.33 0 -89.01
v 29.304 0 -87.073
v 29.31 0 -87.62
v 30.091 0 -89.898
v 29.83 0 -89.59
v 29.964 0 -89.751
v 30.302 0 -90.129
v 30.206 0 -90.026
v 30.41 0 -90.23
v 30.372 0 -90.199
v 30.183 0 -91.456
v 30.323 0 -91.436
v 30.27 0 -91.44
v 30.071 0 -91.641
v 30.119 0 -91.516
v 30.003 0 -92.163
v 30.034 0 -91.85
v 29.955 0 -92.889
v 29.97 0 -92.6
v 29.965 0 -93.249
v 29.952 0 -93.099
v 30.055 0 -93.445
v 29.998 0 -93.358
v 30.476 0 -94.934
v 30.394 0 -94.18
v 30.42 0 -94.43
v 30.639 0 -95.62
v 30.545 0 -95.319
v 30.958 0 -96.106
v 30.772 0 -95.871
v 31.74 0 -96.86
v 31.21 0 -96.36
v 31.912 0 -96.443
v 31.85 0 -96.6
v 31.883 0 -96.525
v 31.954 0 -96.28
v 31.936 0 -96.36
v 31.97 0 -96.15
v 31.966 0 -96.208
v 32.269 0 -95.683
v 32.24 0 -95.58
v 32.249 0 -95.64
v 32.355 0 -95.721
v 32.303 0 -95.709
v 32.53 0 -95.71
v 32.429 0 -95.721
v 32.975 0 -96.24
v 32.872 0 -95.9
v 32.92 0 -96.07
v 33.202 0 -96.643
v 33.067 0 -96.426
v 33.636 0 -97.212
v 33.39 0 -96.9
v 34.205 0 -97.896
v 33.95 0 -97.59
v 34.711 0 -98.497
v 34.463 0 -98.203
v 35.127 0 -98.986
v 34.937 0 -98.763
v 36.55 0 -99.74
v 35.27 0 -99.15
v 35.66 0 -99.63
v 37.136 0 -99.807
v 36.822 0 -99.772
v 37.817 0 -99.879
v 37.474 0 -99.844
v 38.45 0 -99.94
v 38.149 0 -99.912
v 39.142 0 -99.99
v 38.854 0 -99.973
v 39.478 0 -99.97
v 39.341 0 -99.99
v 39.67 0 -99.86
v 39.579 0 -99.927
v 43.77 0 -99.68
v 43.16 0 -99.39
v 43.19 0 -99.73
v 44.187 0 -99.622
v 44.008 0 -99.655
v 44.476 0 -99.478
v 44.335 0 -99.567
v 44.84 0 -99.14
v 44.636 0 -99.34
v 46.356 0 -98.708
v 45.33 0 -98.65
v 46.02 0 -98.69
v 46.729 0 -98.655
v 46.589 0 -98.699
v 46.765 0 -98.442
v 46.784 0 -98.571
v 47.247 0 -97.681
v 47.01 0 -97.69
v 47.135 0 -97.688
v 47.413 0 -97.662
v 47.341 0 -97.673
v 47.47 0 -97.64
v 47.457 0 -97.651
v 47.422 0 -97.564
v 47.457 0 -97.611
v 47.298 0 -97.433
v 47.368 0 -97.504
v 47.13 0 -97.27
v 47.218 0 -97.354
v 47.933 0 -96.367
v 47.489 0 -96.323
v 47.72 0 -96.35
v 48.194 0 -96.245
v 48.087 0 -96.338
v 48.305 0 -95.803
v 48.263 0 -96.072
v 48.966 0 -94.581
v 48.84 0 -94.61
v 48.916 0 -94.605
v 48.997 0 -94.416
v 48.993 0 -94.522
v 48.95 0 -94
v 48.982 0 -94.247
v 48.821 0 -93.235
v 48.891 0 -93.541
v 48.529 0 -92.981
v 48.711 0 -93.058
v 47.82 0 -93.03
v 48.242 0 -92.981
v 46.354 0 -92.543
v 46.41 0 -92.81
v 46.388 0 -92.701
v 46.263 0 -92.124
v 46.311 0 -92.346
v 45.95 0 -90.78
v 46.211 0 -91.888
v 46.16 0 -91.65
v 46.772 0 -90.02
v 46.6 0 -90.18
v 47.342 0 -89.532
v 47.277 0 -89.592
v 47.32 0 -89.57
v 47.364 0 -89.253
v 47.356 0 -89.423
v 47.356 0 -88.767
v 47.364 0 -89.031
v 47.28 0 -87.38
v 47.34 0 -88.47
v 48.739 0 -87.03
v 48.24 0 -87.15
v 48.499 0 -87.09
v 49.118 0 -86.926
v 48.949 0 -86.975
v 49.29 0 -86.86
v 49.235 0 -86.887
v 49.945 0 -86.667
v 49.621 0 -86.751
v 49.71 0 -86.73
v 50.575 0 -86.386
v 50.236 0 -86.55
v 51.365 0 -85.936
v 50.954 0 -86.18
v 52.253 0 -85.364
v 51.8 0 -85.66
v 54.2 0 -84.879
v 53.75 0 -84.89
v 53.958 0 -84.887
v 54.73 0 -84.851
v 54.463 0 -84.866
v 55.22 0 -84.82
v 54.987 0 -84.836
v 60.1 0 -86.38
v 57.44 0 -85.62
v 58.45 0 -86.35
v 64.648 0 -87.558
v 62.81 0 -86.82
v 63.691 0 -87.174
v 68.78 0 -89.21
v 67.313 0 -88.629
v 67.91 0 -88.87
v 73.539 0 -88.709
v 70.11 0 -89.07
v 72.006 0 -88.872
v 75.554 0 -88.478
v 74.719 0 -88.577
v 76.23 0 -88.37
v 76.055 0 -88.409
v 77.071 0 -88.29
v 76.689 0 -88.303
v 76.84 0 -88.3
v 77.466 0 -88.194
v 77.268 0 -88.26
v 78.012 0 -87.894
v 77.702 0 -88.077
v 78.73 0 -87.44
v 78.43 0 -87.63
v 79.369 0 -87.034
v 79.048 0 -87.238
v 81.105 0 -85.919
v 80.18 0 -86.52
v 80.668 0 -86.214
v 81.959 0 -85.261
v 81.524 0 -85.61
v 83.01 0 -84.34
v 82.443 0 -84.846
v 84.531 0 -83.03
v 84.285 0 -83.227
v 84.41 0 -83.13
v 84.95 0 -82.655
v 84.716 0 -82.867
v 85.516 0 -82.134
v 85.221 0 -82.406
v 90.724 0 -77.433
v 89.566 0 -78.454
v 90.27 0 -77.84
v 91.457 0 -76.715
v 91.125 0 -77.052
v 91.851 0 -76.237
v 91.705 0 -76.438
v 91.869 0 -76.105
v 91.88 0 -76.13
v 91.982 0 -75.921
v 91.892 0 -76.022
v 91.91 0 -76.01
v 92.251 0 -75.371
v 92.099 0 -75.7
v 92.618 0 -74.492
v 92.428 0 -74.96
v 92.895 0 -73.74
v 92.81 0 -73.99
v 92.986 0 -73.26
v 92.952 0 -73.511
v 93.001 0 -72.513
v 93.001 0 -72.942
v 92.978 0 -71.514
v 92.99 0 -71.93
v 92.944 0 -70.652
v 92.962 0 -71.08
v 92.906 0 -69.905
v 92.925 0 -70.253
v 92.33 0 -68.51
v 92.89 0 -69.63
v 92.84 0 -68.78
v 92.031 0 -68.359
v 92.168 0 -68.422
v 91.829 0 -68.301
v 91.919 0 -68.319
v 91.71 0 -68.33
v 91.759 0 -68.305
v 90.63 0 -69.05
v 91.13 0 -68.721
v 90.889 0 -68.879
v 90.153 0 -69.381
v 90.379 0 -69.221
v 89.811 0 -69.639
v 89.96 0 -69.522
v 89.68 0 -69.77
v 89.714 0 -69.724
v 89.695 0 -69.873
v 89.684 0 -69.809
v 89.735 0 -70.057
v 89.713 0 -69.958
v 89.79 0 -70.28
v 89.761 0 -70.166
v 89.673 0 -70.979
v 89.75 0 -70.88
v 89.71 0 -70.928
v 89.614 0 -71.081
v 89.64 0 -71.031
v 89.59 0 -71.16
v 89.596 0 -71.125
v 87.09 0 -69.03
v 87.44 0 -70.79
v 87.44 0 -69.03
v 85.68 0 -69.7
v 86.4 0 -68.97
v 86.06 0 -68.91
v 85.417 0 -70.285
v 85.523 0 -70.031
v 85.313 0 -70.748
v 85.35 0 -70.509
v 85.29 0 -71.46
v 85.297 0 -71.05
v 85.325 0 -72.671
v 85.299 0 -71.974
v 85.409 0 -74.286
v 85.363 0 -73.469
v 85.51 0 -75.65
v 85.459 0 -75.04
v 85.14 0 -76.001
v 85.326 0 -75.931
v 85.22 0 -75.97
v 85.021 0 -76.069
v 85.073 0 -76.035
v 84.972 0 -76.133
v 84.987 0 -76.102
v 84.996 0 -76.182
v 84.98 0 -76.16
v 84.692 0 -76.214
v 84.97 0 -76.196
v 84.94 0 -76.18
v 83.456 0 -76.581
v 84.157 0 -76.361
v 82.037 0 -77.085
v 82.71 0 -76.836
v 81.442 0 -77.347
v 81.56 0 -77.29
v 81.022 0 -77.472
v 81.097 0 -77.475
v 81.07 0 -77.47
v 80.761 0 -77.541
v 80.916 0 -77.497
v 80.343 0 -77.68
v 80.567 0 -77.603
v 77.915 0 -78.522
v 78.625 0 -78.284
v 78.38 0 -78.36
v 77.073 0 -78.848
v 77.467 0 -78.69
v 76.596 0 -79.073
v 76.77 0 -78.98
v 76.622 0 -79.113
v 76.59 0 -79.11
v 76.661 0 -79.219
v 76.67 0 -79.176
v 76.66 0 -79.2
v 76.75 0 -79.224
v 76.692 0 -79.227
v 76.932 0 -79.185
v 76.831 0 -79.21
v 76.138 0 -79.453
v 75.916 0 -79.571
v 76.05 0 -79.5
v 76.289 0 -79.353
v 76.219 0 -79.403
v 76.383 0 -79.259
v 76.345 0 -79.304
v 76.401 0 -79.158
v 76.4 0 -79.22
v 76.331 0 -79.113
v 76.376 0 -79.123
v 76.198 0 -79.167
v 76.27 0 -79.127
v 75.65 0 -79.387
v 75.812 0 -79.357
v 75.74 0 -79.37
v 75.399 0 -79.459
v 75.533 0 -79.417
v 75.105 0 -79.567
v 75.253 0 -79.509
v 73.993 0 -79.297
v 74.126 0 -79.551
v 74.07 0 -79.44
v 73.848 0 -79.099
v 73.921 0 -79.184
v 73.682 0 -78.991
v 73.769 0 -79.036
v 73.476 0 -78.936
v 73.58 0 -78.96
v 72.325 0 -78.589
v 72.76 0 -78.725
v 72.56 0 -78.66
v 71.966 0 -78.504
v 72.127 0 -78.537
v 71.744 0 -78.495
v 71.839 0 -78.49
v 71.568 0 -78.601
v 71.68 0 -78.52
v 71.51 0 -78.739
v 71.512 0 -78.675
v 71.665 0 -78.833
v 71.561 0 -78.792
v 72.17 0 -78.9
v 71.82 0 -78.86
v 71.36 0 -79.39
v 71.79 0 -78.91
v 71.41 0 -78.92
v 69.284 0 -79.472
v 70.107 0 -79.669
v 69.7 0 -79.57
v 66.013 0 -76.775
v 66.36 0 -77.22
v 66.199 0 -76.981
v 65.14 0 -76.155
v 65.696 0 -76.525
v 62.88 0 -74.75
v 64.237 0 -75.589
v 61.265 0 -73.758
v 61.929 0 -74.166
v 60.552 0 -73.326
v 60.826 0 -73.49
v 60.25 0 -73.16
v 60.38 0 -73.228
v 59.969 0 -72.674
v 59.99 0 -72.92
v 59.984 0 -72.839
v 59.917 0 -72.149
v 59.946 0 -72.44
v 59.776 0 -70.684
v 59.85 0 -71.45
v 59.814 0 -71.068
v 59.704 0 -69.983
v 59.739 0 -70.316
v 59.65 0 -69.49
v 59.674 0 -69.701
v 58.83 0 -68.14
v 59.58 0 -68.89
v 58.385 0 -67.712
v 58.612 0 -67.929
v 57.949 0 -67.311
v 58.16 0 -67.503
v 57.61 0 -67.03
v 57.761 0 -67.15
v 56.89 0 -61.81
v 57.22 0 -64.39
v 57.27 0 -62.13
v 56.898 0 -60.967
v 56.49 0 -61.48
v 56.81 0 -61.08
v 57.385 0 -60.427
v 57.247 0 -60.559
v 57.31 0 -60.5
v 57.447 0 -60.226
v 57.431 0 -60.346
v 57.397 0 -59.749
v 57.436 0 -60.038
v 57.717 0 -57.99
v 57.533 0 -58.107
v 57.623 0 -58.05
v 58.238 0 -57.888
v 58.205 0 -57.778
v 58.21 0 -57.84
v 58.44 0 -58.044
v 58.317 0 -57.957
v 58.789 0 -58.25
v 58.6 0 -58.143
v 59.77 0 -58.75
v 59 0 -58.36
v 59.89 0 -61.42
v 59.892 0 -60.611
v 59.89 0 -60.8
v 58.67 0 -61.897
v 59.22 0 -61.66
v 58.89 0 -61.776
v 58.453 0 -62.406
v 58.534 0 -62.086
v 58.35 0 -63.69
v 58.401 0 -62.919
v 60.46 0 -64.71
v 58.29 0 -64.75
v 62.018 0 -64.666
v 61.385 0 -64.688
v 62.702 0 -64.588
v 62.432 0 -64.635
v 63.1 0 -64.41
v 62.9 0 -64.516
v 63.333 0 -64.259
v 63.219 0 -64.337
v 63.521 0 -64.111
v 63.435 0 -64.182
v 63.62 0 -64
v 63.584 0 -64.048
v 63.642 0 -63.619
v 63.642 0 -63.862
v 63.591 0 -63.007
v 63.624 0 -63.319
v 63.5 0 -62.54
v 63.548 0 -62.732
v 63.419 0 -62.454
v 63.474 0 -62.503
v 63.238 0 -62.336
v 63.339 0 -62.397
v 62.99 0 -62.21
v 63.12 0 -62.272
v 62.879 0 -58.936
v 62.22 0 -59.04
v 62.57 0 -58.99
v 63.399 0 -58.809
v 63.159 0 -58.874
v 63.715 0 -58.679
v 63.588 0 -58.743
v 63.783 0 -58.51
v 63.77 0 -58.62
v 63.825 0 -57.875
v 63.802 0 -58.254
v 63.88 0 -56.84
v 63.851 0 -57.396
v 63.954 0 -55.188
v 63.91 0 -56.23
v 64.217 0 -50.368
v 64.121 0 -52.002
v 64.19 0 -50.86
v 64.281 0 -49.174
v 64.248 0 -49.795
v 64.406 0 -46.823
v 64.349 0 -47.923
v 64.38 0 -47.36
v 64.535 0 -44.426
v 64.503 0 -44.945
v 64.52 0 -44.67
v 64.536 0 -44.084
v 64.54 0 -44.231
v 64.501 0 -43.925
v 64.523 0 -43.983
v 64.415 0 -43.9
v 64.47 0 -43.91
v 63.304 0 -43.486
v 63.821 0 -43.691
v 63.62 0 -43.61
v 64.225 0 -39.836
v 63.76 0 -40.92
v 63.988 0 -40.394
v 64.679 0 -38.744
v 64.459 0 -39.276
v 65.03 0 -37.88
v 64.873 0 -38.268
v 65.623 0 -36.526
v 65.555 0 -36.647
v 65.6 0 -36.58
v 65.659 0 -36.268
v 65.643 0 -36.419
v 65.678 0 -35.869
v 65.67 0 -36.081
v 65.68 0 -34.79
v 65.68 0 -35.64
v 66.882 0 -34.569
v 66.57 0 -34.63
v 67.301 0 -34.456
v 67.122 0 -34.512
v 67.511 0 -34.334
v 67.428 0 -34.398
v 68.26 0 -32.6
v 68.03 0 -33.68
v 68.39 0 -33.29
v 68.188 0 -32.228
v 68.224 0 -32.411
v 68.119 0 -31.919
v 68.152 0 -32.061
v 68.06 0 -31.74
v 68.087 0 -31.809
v 69.4 0 -31.577
v 68.569 0 -31.581
v 68.94 0 -31.58
v 69.981 0 -31.463
v 69.729 0 -31.549
v 70.486 0 -30.994
v 70.215 0 -31.288
v 71.43 0 -28.29
v 70.85 0 -30.55
v 71.43 0 -29.85
v 72.031 0 -26.235
v 71.792 0 -26.429
v 71.89 0 -26.35
v 72.486 0 -25.834
v 72.234 0 -26.058
v 73.078 0 -25.296
v 72.772 0 -25.575
v 73.732 0 -24.689
v 73.39 0 -25.01
v 74.541 0 -23.929
v 74.123 0 -24.322
v 75.367 0 -23.151
v 74.963 0 -23.531
v 76.454 0 -22.119
v 75.73 0 -22.81
v 76.123 0 -22.443
v 76.94 0 -21.588
v 76.725 0 -21.835
v 77.21 0 -21.19
v 77.1 0 -21.374
v 77.732 0 -20.371
v 77.6 0 -20.56
v 77.651 0 -20.493
v 77.955 0 -20.002
v 77.835 0 -20.204
v 78.22 0 -19.54
v 78.085 0 -19.777
v 81.592 0 -15.907
v 79.75 0 -16.97
v 81.01 0 -16.25
v 82.344 0 -15.351
v 82.02 0 -15.624
v 82.879 0 -14.639
v 82.614 0 -15.04
v 83.346 0 -13.812
v 83.19 0 -14.1
v 83.536 0 -13.366
v 83.458 0 -13.577
v 83.624 0 -12.897
v 83.589 0 -13.15
v 83.7 0 -11.79
v 83.65 0 -12.58
v 82.985 0 -9.278
v 83.04 0 -11.18
v 83 0 -9.68
v 82.957 0 -8.571
v 82.971 0 -8.903
v 82.937 0 -8.108
v 82.946 0 -8.301
v 84.12 0 -5.71
v 83.48 0 -7.37
v 84.05 0 -6.91
v 84.151 0 -4.86
v 84.144 0 -5.214
v 84.105 0 -4.414
v 84.14 0 -4.606
v 83.95 0 -4.05
v 84.043 0 -4.242
v 83.568 0 -3.48
v 83.782 0 -3.705
v 82.229 0 -3.283
v 83.115 0 -3.349
v 78.38 0 -3.24
v 80.715 0 -3.256
v 72.63 0 -3.63
v 73.4 0 -3.19
v 71.85 0 -7.04
v 71.85 0 -4.07
v 72.534 0 -7.782
v 72.24 0 -7.47
v 72.973 0 -8.21
v 72.771 0 -8.023
v 73.351 0 -8.504
v 73.159 0 -8.364
v 73.762 0 -8.772
v 73.57 0 -8.65
v 74.34 0 -10.69
v 74.291 0 -10.371
v 74.318 0 -10.546
v 74.378 0 -10.92
v 74.357 0 -10.808
v 74.425 0 -11.1
v 74.401 0 -11.019
v 74.47 0 -11.19
v 74.449 0 -11.159
v 73.153 0 -13.153
v 73.71 0 -12.58
v 73.384 0 -12.907
v 72.907 0 -13.504
v 73 0 -13.344
v 72.83 0 -13.83
v 72.856 0 -13.658
v 72.706 0 -14.67
v 72.74 0 -14.458
v 72.72 0 -14.55
v 72.734 0 -14.811
v 72.709 0 -14.754
v 72.878 0 -14.876
v 72.788 0 -14.849
v 72.288 0 -16.378
v 72.972 0 -16.037
v 72.78 0 -16.12
v 70.65 0 -17.393
v 71.532 0 -16.831
v 69.052 0 -18.481
v 69.778 0 -17.972
v 68.512 0 -18.923
v 68.61 0 -18.83
v 68.104 0 -19.321
v 68.339 0 -19.091
v 67.505 0 -19.91
v 67.821 0 -19.599
v 64.335 0 -22.224
v 64.65 0 -22.15
v 64.488 0 -22.186
v 64.082 0 -22.299
v 64.198 0 -22.262
v 63.94 0 -22.36
v 63.994 0 -22.332
v 63.685 0 -22.367
v 63.752 0 -22.4
v 63.72 0 -22.38
v 63.591 0 -22.381
v 63.641 0 -22.368
v 63.488 0 -22.439
v 63.539 0 -22.405
v 62.886 0 -22.595
v 63.09 0 -22.6
v 63.012 0 -22.591
v 62.524 0 -22.635
v 62.72 0 -22.61
v 62.08 0 -22.71
v 62.308 0 -22.669
v 59.84 0 -24.24
v 61.25 0 -22.87
v 59.091 0 -24.988
v 59.455 0 -24.62
v 58.489 0 -25.622
v 58.764 0 -25.327
v 58.16 0 -26.01
v 58.282 0 -25.855
v 57.999 0 -26.256
v 58.084 0 -26.125
v 57.486 0 -27.034
v 57.73 0 -26.659
v 57.65 0 -26.77
v 57.116 0 -27.75
v 57.307 0 -27.363
v 56.709 0 -28.679
v 56.916 0 -28.191
v 55.55 0 -31.474
v 55.77 0 -30.97
v 55.657 0 -31.226
v 55.374 0 -31.906
v 55.454 0 -31.705
v 55.28 0 -32.17
v 55.314 0 -32.064
v 54.76 0 -33.379
v 54.979 0 -32.912
v 54.89 0 -33.1
v 54.594 0 -33.885
v 54.664 0 -33.626
v 54.491 0 -34.618
v 54.539 0 -34.201
v 54.393 0 -35.706
v 54.44 0 -35.18
v 54.02 0 -37.057
v 54.173 0 -36.795
v 54.08 0 -36.95
v 53.906 0 -37.265
v 53.961 0 -37.163
v 53.823 0 -37.433
v 53.859 0 -37.357
v 50.488 0 -39.21
v 51.829 0 -38.563
v 50.69 0 -39.11
v 50.178 0 -39.495
v 50.328 0 -39.322
v 49.767 0 -40.22
v 50.002 0 -39.778
v 48.344 0 -42.539
v 48.52 0 -42.48
v 48.452 0 -42.5
v 48.039 0 -42.655
v 48.204 0 -42.591
v 47.67 0 -42.8
v 47.859 0 -42.726
v 46.074 0 -42.816
v 46.99 0 -43.07
v 46.27 0 -42.87
v 42.022 0 -39.915
v 43.089 0 -40.776
v 42.44 0 -40.25
v 41.421 0 -39.504
v 41.691 0 -39.671
v 40.957 0 -39.342
v 41.185 0 -39.399
v 40.54 0 -39.307
v 40.71 0 -39.32
v 40.031 0 -38.862
v 40.182 0 -39.118
v 40.12 0 -39.01
v 39.625 0 -38.399
v 39.886 0 -38.678
v 38.526 0 -37.319
v 39.191 0 -37.966
v 36.73 0 -35.586
v 37.57 0 -36.4
v 37.159 0 -36
v 35.91 0 -34.798
v 36.306 0 -35.177
v 35.29 0 -34.21
v 35.564 0 -34.468
v 34.248 0 -33.259
v 34.801 0 -33.75
v 32.809 0 -32.061
v 33.596 0 -32.706
v 30.68 0 -30.37
v 31.849 0 -31.293
v 30.001 0 -29.842
v 30.335 0 -30.101
v 28.74 0 -28.89
v 29.222 0 -29.236
v 29.09 0 -29.13
v 29.18 0 -23.74
v 28.86 0 -25.39
v 29.25 0 -25
v 28.83 0 -22.29
v 29.12 0 -22.48
v 31.72 0 -14.23
v 30.848 0 -16.037
v 31.06 0 -15.6
v 31.564 0 -13.657
v 31.6 0 -13.78
v 31.489 0 -13.434
v 31.526 0 -13.54
v 31.424 0 -13.274
v 31.454 0 -13.344
v 31.377 0 -13.201
v 31.4 0 -13.23
v 35.37 0 -7.26
v 34.73 0 -9.12
v 35.44 0 -8.38
v 35.329 0 -6.676
v 35.352 0 -6.957
v 35.274 0 -6.227
v 35.303 0 -6.429
v 35.22 0 -6.01
v 35.246 0 -6.084
v 35.208 0 -4.883
v 35.18 0 -5.31
v 35.204 0 -5.063
v 35.125 0 -4.611
v 35.185 0 -4.741
v 34.86 0 -4.27
v 35.02 0 -4.463
v 34.426 0 -3.819
v 34.641 0 -4.017
v 33.897 0 -3.521
v 34.188 0 -3.659
v 33.05 0 -3.25
v 33.527 0 -3.39
v 30.289 0 -2.427
v 30.99 0 -2.64
v 30.647 0 -2.533
v 29.608 0 -2.239
v 29.936 0 -2.327
v 29.1 0 -2.12
v 29.323 0 -2.168
v 27.622 0 -1.683
v 28.07 0 -1.84
v 27.875 0 -1.769
v 26.898 0 -1.457
v 27.3 0 -1.58
v 25.81 0 -1.14
v 26.405 0 -1.311
v 25.251 0 -1.022
v 25.581 0 -1.087
v 24.379 0 -0.871
v 24.843 0 -0.949
v 23.38 0 -0.72
v 23.884 0 -0.793
v 20.12 0 -0.25
v 20.8 0 -0.357
v 20.44 0 -0.3
v 19.47 0 -0.154
v 19.791 0 -0.2
v 18.913 0 -0.081
v 19.172 0 -0.113
v 20.801 0 -8.704
v 20.456 0 -16.684
v 18.836 0 -19.159
v 16.424 0 -28.58
v 18.593 0 -32.162
v 20.275 0 -35.409
v 25.78 0 -45.93
v 33.257 0 -54.407
v 28.69 0 -56.828
v 28.306 0 -55.438
v 23.456 0 -54.155
v 23.321 0 -54.257
v 17.101 0 -54.171
v 16.132 0 -53.893
v 11.05 0 -74.56
v 11.635 0 -74.855
v 12.859 0 -77.551
v 13.922 0 -79.745
v 18.004 0 -81.5
v 24.486 0 -83.636
v 24.47 0 -83.853
v 28.65 0 -85.59
v 32.645 0 -95.688
v 43.13 0 -99.06
v 46.68 0 -98.26
v 48.33 0 -95.42
v 48.674 0 -94.628
v 47.633 0 -93.054
v 47.193 0 -89.655
v 49.534 0 -86.773
v 55.439 0 -84.803
v 57.164 0 -85.425
v 65.615 0 -87.946
v 66.526 0 -88.312
v 79.951 0 -86.664
v 85.82 0 -81.85
v 86.983 0 -69.028
v 86.503 0 -68.985
v 84.99 0 -76.204
v 81.331 0 -77.397
v 80.1 0 -77.77
v 78.908 0 -78.191
v 76.646 0 -79.122
v 77.05 0 -79.15
v 74.96 0 -79.63
v 72.962 0 -78.789
v 68.898 0 -79.381
v 66.669 0 -77.66
v 60.179 0 -73.121
v 59.885 0 -71.814
v 57.17 0 -66.65
v 57.33 0 -59.33
v 57.45 0 -58.16
v 64.315 0 -48.539
v 65.158 0 -37.555
v 67.56 0 -34.26
v 67.93 0 -33.792
v 71.432 0 -27.874
v 77.557 0 -20.616
v 83.37 0 -11.49
v 82.93 0 -8.01
v 83.307 0 -7.513
v 73.994 0 -12.291
v 72.76 0 -14.346
v 63.904 0 -22.386
v 63.44 0 -22.48
v 63.14 0 -22.604
v 57.909 0 -26.394
v 57.818 0 -26.531
v 55.253 0 -32.262
v 53.8 0 -37.49
v 49.44 0 -40.87
v 29.694 0 -29.604
v 29.429 0 -29.398
v 28.49 0 -25.78
v 28.711 0 -22.209
v 33.644 0 -10.275
v 35.191 0 -5.958
v 35.168 0 -5.479
v 32.785 0 -3.178
v 31.347 0 -2.75
v 23.779 0 -11.069
v 21.257 0 -15.189
v 19.006 0 -19.148
v 16.772 0 -28.973
v 19.507 0 -33.927
v 23.07 0 -41.099
v 33.326 0 -54.302
v 29.97 0 -57.9
v 28.573 0 -56.734
v 28.312 0 -55.774
v 22.82 0 -54.63
v 19.685 0 -54.9
v 11.512 0 -74.752
v 11.701 0 -74.861
v 12.852 0 -76.821
v 12.838 0 -77.352
v 22.15 0 -83.28
v 23.512 0 -83.424
v 29.293 0 -86.678
v 30.38 0 -91.425
v 30.363 0 -93.983
v 31.993 0 -95.999
v 32.217 0 -95.527
v 32.83 0 -95.786
v 46.785 0 -97.698
v 47.31 0 -96.325
v 48.359 0 -95.135
v 46.435 0 -92.93
v 47.076 0 -89.751
v 53.417 0 -84.903
v 56.901 0 -85.246
v 76.264 0 -88.354
v 76.551 0 -88.311
v 79.675 0 -86.839
v 83.31 0 -84.072
v 84.1 0 -83.381
v 86.461 0 -81.253
v 88.792 0 -79.14
v 91.866 0 -76.081
v 91.878 0 -76.039
v 91.342 0 -68.581
v 89.804 0 -70.808
v 86.864 0 -69.021
v 86.619 0 -68.999
v 85.001 0 -76.204
v 76.662 0 -79.136
v 76.671 0 -79.154
v 77.163 0 -79.119
v 75.835 0 -79.617
v 74.183 0 -79.651
v 73.331 0 -78.898
v 71.344 0 -79.517
v 68.558 0 -79.301
v 57.169 0 -60.641
v 57.268 0 -58.932
v 57.81 0 -57.93
v 58.186 0 -57.743
v 64.069 0 -52.888
v 64.481 0 -45.323
v 64.314 0 -43.87
v 63.551 0 -41.412
v 65.483 0 -36.79
v 67.833 0 -33.906
v 68.312 0 -31.588
v 71.699 0 -26.505
v 83.166 0 -7.643
v 74.261 0 -10.177
v 74.493 0 -11.213
v 73.116 0 -15.963
v 64.954 0 -22.077
v 63.788 0 -22.41
v 63.386 0 -22.522
v 56.5 0 -29.21
v 55.888 0 -30.694
v 55.064 0 -32.726
v 52.652 0 -38.163
v 49.228 0 -41.289
v 43.716 0 -41.277
v 40.413 0 -39.286
v 30.594 0 -16.567
v 32.779 0 -11.21
v 31.724 0 -2.865
v 28.913 0 -2.08
v 28.191 0 -1.88
v 23.616 0 -10.453
v 23.844 0 -11
v 21.025 0 -15.63
v 20.773 0 -16.101
v 19.119 0 -19.12
v 18.354 0 -31.699
v 20.03 0 -34.933
v 22.858 0 -40.553
v 27.438 0 -47.706
v 33.385 0 -54.209
v 28.319 0 -56.064
v 16.469 0 -53.993
v 10.927 0 -74.531
v 12.86 0 -76.39
v 12.818 0 -77.17
v 13.797 0 -79.643
v 13.869 0 -79.701
v 18.55 0 -81.576
v 19.13 0 -81.771
v 22.57 0 -83.292
v 24.522 0 -83.643
v 24.466 0 -83.829
v 28.732 0 -85.578
v 29.27 0 -86.399
v 30.438 0 -91.408
v 30.14 0 -93.53
v 46.584 0 -98.048
v 48.55 0 -94.68
v 47.44 0 -93.076
v 49.329 0 -86.839
v 49.455 0 -86.795
v 56.665 0 -85.089
v 76.333 0 -88.339
v 76.43 0 -88.324
v 87.989 0 -79.86
v 91.869 0 -76.059
v 91.517 0 -68.466
v 86.741 0 -69.011
v 85.406 0 -75.891
v 81.153 0 -77.463
v 79.214 0 -78.088
v 75.885 0 -79.338
v 73.156 0 -78.848
v 71.328 0 -79.634
v 68.279 0 -79.235
v 66.997 0 -78.096
v 57.083 0 -60.741
v 57.965 0 -57.83
v 64.457 0 -45.779
v 64.176 0 -43.824
v 65.39 0 -36.998
v 67.602 0 -34.198
v 67.743 0 -34.015
v 68.044 0 -31.676
v 71.618 0 -26.573
v 77.499 0 -20.701
v 83.059 0 -7.757
v 73.896 0 -8.876
v 74.212 0 -12.057
v 72.779 0 -14.22
v 55.141 0 -32.549
v 53.209 0 -37.884
v 49.028 0 -41.667
v 44.286 0 -41.728
v 40.244 0 -39.197
v 28.627 0 -22.135
v 30.311 0 -17.158
v 31.357 0 -13.166
v 32.125 0 -11.938
v 35.172 0 -5.875
v 35.161 0 -5.631
v 32.463 0 -3.085
v 21.251 0 -0.424
v 19.769 0 -34.43
v 22.63 0 -40.025
v 28.71 0 -49.556
v 33.43 0 -54.131
v 28.474 0 -56.653
v 22.56 0 -54.826
v 20.285 0 -55.07
v 16.798 0 -54.087
v 10.889 0 -74.509
v 11.489 0 -74.71
v 12.882 0 -76.36
v 12.877 0 -76.835
v 23.345 0 -83.373
v 24.548 0 -83.643
v 24.453 0 -83.797
v 28.801 0 -85.586
v 30.494 0 -91.385
v 30.216 0 -93.613
v 30.325 0 -93.83
v 32.727 0 -95.688
v 32.785 0 -95.717
v 39.736 0 -99.804
v 41.95 0 -99.06
v 46.541 0 -97.894
v 46.636 0 -97.729
v 47.171 0 -96.359
v 48.461 0 -94.775
v 47.251 0 -93.094
v 46.933 0 -89.875
v 49.386 0 -86.817
v 56.465 0 -84.961
v 61.76 0 -86.4
v 83.6 0 -83.815
v 83.868 0 -83.581
v 91.643 0 -68.38
v 89.561 0 -71.248
v 85.512 0 -75.731
v 85.003 0 -76.196
v 81.232 0 -77.436
v 79.826 0 -77.871
v 79.525 0 -77.979
v 75.804 0 -79.641
v 74.818 0 -79.688
v 74.238 0 -79.736
v 71.313 0 -79.736
v 67.319 0 -78.497
v 56.991 0 -60.852
v 63.991 0 -54.362
v 64.432 0 -46.287
v 64.009 0 -43.763
v 65.28 0 -37.256
v 67.664 0 -34.114
v 68.151 0 -31.604
v 71.551 0 -26.629
v 77.283 0 -21.059
v 77.431 0 -20.808
v 82.984 0 -7.857
v 74.229 0 -9.975
v 74.37 0 -11.87
v 72.797 0 -14.088
v 67.17 0 -20.24
v 63.865 0 -22.403
v 63.826 0 -22.411
v 63.199 0 -22.598
v 56.017 0 -30.389
v 44.767 0 -42.103
v 28.574 0 -22.049
v 30.016 0 -17.776
v 31.671 0 -12.47
v 35.162 0 -5.765
v 32.103 0 -2.979
v 28.346 0 -1.928
v 21.764 0 -0.499
v 21.203 0 -8.864
v 23.895 0 -10.935
v 19.252 0 -18.975
v 19.194 0 -19.065
v 22.37 0 -39.474
v 28.841 0 -49.609
v 33.46 0 -54.073
v 22.3 0 -55.007
v 10.846 0 -74.489
v 11.454 0 -74.666
v 12.896 0 -76.363
v 12.782 0 -76.895
v 12.799 0 -77.015
v 18.904 0 -81.659
v 23.146 0 -83.336
v 24.431 0 -83.76
v 29.231 0 -86.199
v 30.545 0 -91.359
v 30.277 0 -93.71
v 41.458 0 -99.066
v 46.556 0 -97.791
v 47.064 0 -96.429
v 56.313 0 -84.869
v 87.198 0 -80.577
v 87.79 0 -71.12
v 77.259 0 -79.097
v 76.12 0 -79.23
v 75.956 0 -79.315
v 74.287 0 -79.802
v 71.299 0 -79.82
v 67.606 0 -78.83
v 59.999 0 -72.95
v 59.888 0 -60.391
v 62.863 0 -62.143
v 64.027 0 -53.635
v 68.068 0 -31.632
v 78.373 0 -19.274
v 79.24 0 -17.81
v 74.195 0 -9.776
v 72.814 0 -13.956
v 73.219 0 -15.889
v 63.261 0 -22.581
v 56.399 0 -29.465
v 56.15 0 -30.071
v 55.206 0 -32.391
v 53.551 0 -37.697
v 28.543 0 -21.931
v 29.724 0 -18.391
v 31.406 0 -12.82
v 28.525 0 -1.98
v 22.309 0 -0.576
v 21.531 0 -9.014
v 27.231 0 -47.424
v 33.47 0 -54.04
v 28.348 0 -56.537
v 22.055 0 -55.164
v 11.659 0 -74.849
v 12.905 0 -76.4
v 22.895 0 -83.31
v 24.561 0 -83.633
v 30.438 0 -90.265
v 39.827 0 -99.731
v 41.114 0 -99.079
v 48.4 0 -94.923
v 56.22 0 -84.82
v 89.827 0 -70.439
v 87.933 0 -71.249
v 77.334 0 -79.084
v 76.077 0 -79.26
v 74.687 0 -79.741
v 74.329 0 -79.845
v 67.832 0 -79.062
v 59.88 0 -60.154
v 62.744 0 -62.074
v 63.36 0 -41.876
v 71.436 0 -27.495
v 71.503 0 -26.669
v 78.547 0 -18.976
v 79.087 0 -18.064
v 82.941 0 -7.942
v 74.16 0 -9.59
v 66.42 0 -20.972
v 63.325 0 -22.556
v 56.28 0 -29.757
v 53.731 0 -37.575
v 45.126 0 -42.379
v 28.527 0 -21.765
v 29.45 0 -18.97
v 28.717 0 -2.032
v 22.857 0 -0.651
v 21.814 0 -9.166
v 29 0 -49.677
v 34.726 0 -56.798
v 20.781 0 -55.206
v 11.407 0 -74.623
v 12.895 0 -76.82
v 30.471 0 -90.327
v 30.59 0 -91.33
v 32.042 0 -95.833
v 39.939 0 -99.646
v 52.601 0 -85.156
v 89.849 0 -70.562
v 88.054 0 -71.339
v 77.385 0 -79.08
v 76.021 0 -79.289
v 74.57 0 -79.786
v 59.869 0 -59.913
v 62.639 0 -62.007
v 71.444 0 -27.171
v 71.48 0 -26.69
v 78.73 0 -18.664
v 78.913 0 -18.354
v 74.106 0 -9.318
v 74.474 0 -11.719
v 65.888 0 -21.471
v 54.349 0 -36.103
v 48.849 0 -41.99
v 45.33 0 -42.53
v 28.52 0 -21.53
v 29.083 0 -19.765
v 23.928 0 -10.877
v 29.179 0 -49.759
v 35.074 0 -57.15
v 28.397 0 -56.586
v 21.165 0 -55.307
v 11.055 0 -74.522
v 11.681 0 -74.851
v 23.969 0 -83.329
v 24.563 0 -83.616
v 30.507 0 -90.411
v 30.644 0 -91.28
v 32.105 0 -95.681
v 40.063 0 -99.556
v 40.873 0 -99.107
v 46.977 0 -96.538
v 52.884 0 -85.02
v 89.853 0 -70.659
v 74.473 0 -79.823
v 74.36 0 -79.86
v 60.116 0 -73.078
v 57.23 0 -58.652
v 59.855 0 -59.68
v 62.553 0 -61.946
v 63.194 0 -42.29
v 71.454 0 -26.918
v 77.358 0 -20.929
v 73.989 0 -8.985
v 74.513 0 -11.25
v 73.01 0 -14.9
v 65.509 0 -21.787
v 48.699 0 -42.243
v 40.318 0 -39.251
v 28.827 0 -20.338
v 31.32 0 -13
v 22.078 0 -9.334
v 17.039 0 -29.31
v 18.12 0 -31.248
v 29.37 0 -49.85
v 35.37 0 -57.452
v 21.427 0 -55.369
v 11.072 0 -74.5
v 12.907 0 -76.775
v 23.897 0 -83.287
v 24.55 0 -83.59
v 30.546 0 -90.513
v 30.678 0 -91.224
v 32.168 0 -95.57
v 40.192 0 -99.465
v 46.991 0 -97.149
v 46.9 0 -96.69
v 56.138 0 -84.803
v 89.838 0 -70.738
v 88.171 0 -71.397
v 77.408 0 -79.085
v 71.287 0 -79.879
v 57.217 0 -58.466
v 59.84 0 -59.47
v 62.492 0 -61.892
v 63.092 0 -43.393
v 63.06 0 -42.634
v 74.054 0 -9.124
v 74.529 0 -11.299
v 74.532 0 -11.596
v 65.219 0 -21.973
v 54.301 0 -36.399
v 48.586 0 -42.411
v 31.322 0 -13.041
v 17.261 0 -29.64
v 29.626 0 -49.984
v 35.599 0 -57.69
v 21.56 0 -55.39
v 11.102 0 -74.491
v 23.836 0 -83.247
v 24.466 0 -83.516
v 30.584 0 -90.627
v 30.691 0 -91.152
v 40.689 0 -99.161
v 46.856 0 -96.807
v 56.01 0 -84.793
v 88.303 0 -71.431
v 77.4 0 -79.1
v 75.822 0 -79.646
v 71.28 0 -79.91
v 57.23 0 -58.351
v 62.46 0 -61.85
v 62.966 0 -43.316
v 62.966 0 -42.888
v 71.466 0 -26.752
v 73.18 0 -14.943
v 28.663 0 -20.745
v 31.33 0 -13.084
v 26.452 0 -46.596
v 26.919 0 -47.074
v 35.747 0 -57.847
v 21.84 0 -55.286
v 21.67 0 -55.365
v 11.148 0 -74.497
v 11.352 0 -74.584
v 23.79 0 -83.213
v 24.311 0 -83.417
v 40.32 0 -99.38
v 46.899 0 -97.055
v 46.837 0 -96.898
v 55.844 0 -84.79
v 88.466 0 -71.446
v 77.284 0 -79.167
v 74.402 0 -79.848
v 62.908 0 -43.24
v 73.304 0 -15.008
v 31.341 0 -13.126
v 29.854 0 -50.123
v 35.8 0 -57.91
v 23.76 0 -83.186
v 24.124 0 -83.313
v 30.686 0 -91.056
v 40.52 0 -99.249
v 46.85 0 -96.976
v 47.076 0 -93.108
v 55.65 0 -84.793
v 88.68 0 -71.45
v 77.073 0 -79.259
v 62.433 0 -61.764
v 62.899 0 -43.15
v 74.54 0 -11.357
v 73.382 0 -15.099
v 30.071 0 -50.281
v 23.75 0 -83.17
v 23.942 0 -83.223
v 30.662 0 -90.925
v 46.926 0 -93.117
v 89.479 0 -71.322
v 88.942 0 -71.445
v 62.409 0 -61.624
v 74.548 0 -11.421
v 73.42 0 -15.222
v 54.244 0 -36.62
v 23.721 0 -10.54
v 23.94 0 -10.83
v 30.292 0 -50.47
v 32.89 0 -57.93
v 28.865 0 -85.616
v 30.62 0 -90.75
v 46.81 0 -93.12
v 89.345 0 -71.38
v 89.165 0 -71.421
v 62.384 0 -61.4
v 74.55 0 -11.49
v 73.418 0 -15.384
v 23.81 0 -10.626
v 33.661 0 -57.938
v 23.804 0 -83.169
v 46.676 0 -93.116
v 85.497 0 -75.795
v 62.355 0 -61.059
v 73.38 0 -15.59
v 23.879 0 -10.706
v 30.533 0 -50.702
v 34.356 0 -57.94
v 62.318 0 -60.569
v 23.924 0 -10.776
v 30.81 0 -50.99
v 34.945 0 -57.939
v 46.58 0 -93.102
v 85.463 0 -75.848
v 62.27 0 -59.9
v 73.342 0 -15.711
v 31.343 0 -51.571
v 35.401 0 -57.933
v 28.57 0 -21.042
v 31.929 0 -52.225
v 35.696 0 -57.923
v 29.169 0 -86.041
v 73.291 0 -15.807
v 28.529 0 -21.285
v 32.5 0 -52.875
v 29.08 0 -85.89
v 32.991 0 -53.445
v 11.21 0 -74.517
v 28.998 0 -85.764
v 76.801 0 -79.363
v 58.145 0 -57.739
v 33.337 0 -53.859
v 11.29 0 -74.55
v 28.929 0 -85.674
v 76.507 0 -79.464
v 58.074 0 -57.767
v 76.228 0 -79.551
v 62.92 0 -43.03
v 28.61 0 -27.33
v 46.513 0 -93.07
v 76 0 -79.61
v 46.467 0 -93.015
v 57.381 0 -58.205
v 53.142 0 -84.941
v 57.33 0 -58.24
v 75.888 0 -79.634
v 57.268 0 -58.284
v 45.418 0 -42.576
v 45.545 0 -42.631
v 71.211 0 -79.906
v 45.702 0 -42.693
v 71.044 0 -79.877
v 45.882 0 -42.755
v 70.794 0 -79.826
v 70.476 0 -79.756
v 60.024 0 -72.989
v 60.064 0 -73.033
v 68.077 0 -79.187
v 67.97 0 -79.16
v 18.71 10 -0.06
v 16.93 10 -1.2
v 18.11 10 0
v 15.79 10 -2.96
v 15.74 10 -2.41
v 15.838 10 -3.313
v 15.81 10 -3.127
v 15.912 10 -3.697
v 15.873 10 -3.506
v 16 10 -4.03
v 15.955 10 -3.875
v 16.327 10 -4.99
v 16.15 10 -4.482
v 16.68 10 -5.954
v 16.51 10 -5.499
v 16.9 10 -6.48
v 16.817 10 -6.299
v 17.326 10 -6.888
v 17.042 10 -6.637
v 18.078 10 -7.482
v 17.691 10 -7.185
v 18.67 10 -7.89
v 18.424 10 -7.733
v 18.993 10 -8.022
v 18.791 10 -7.942
v 19.577 10 -8.248
v 19.26 10 -8.126
v 20.3 10 -8.52
v 19.929 10 -8.381
v 22.35 10 -9.53
v 22.761 10 -9.843
v 22.55 10 -9.685
v 23.175 10 -10.143
v 22.974 10 -9.999
v 23.5 10 -10.37
v 23.354 10 -10.27
v 23.703 10 -11.136
v 23.443 10 -11.345
v 23.62 10 -11.2
v 23.011 10 -11.926
v 23.247 10 -11.575
v 22.329 10 -13.137
v 22.713 10 -12.435
v 21.514 10 -14.696
v 21.84 10 -14.07
v 20.03 10 -17.46
v 19.714 10 -18.04
v 19.868 10 -17.755
v 19.459 10 -18.533
v 19.576 10 -18.304
v 19.31 10 -18.84
v 19.368 10 -18.716
v 18.59 10 -19.16
v 16.57 10 -20.55
v 18.01 10 -19.16
v 14.97 10 -23.76
v 15.13 10 -21.94
v 14.886 10 -24.755
v 14.926 10 -24.26
v 14.821 10 -25.632
v 14.85 10 -25.22
v 14.79 10 -26.2
v 14.801 10 -25.966
v 15.96 10 -28.08
v 14.79 10 -26.84
v 17.476 10 -30.013
v 17.905 10 -30.833
v 17.72 10 -30.48
v 18.826 10 -32.614
v 19.259 10 -33.451
v 19.04 10 -33.03
v 20.49 10 -35.83
v 20.966 10 -36.76
v 20.709 10 -36.26
v 21.531 10 -37.85
v 21.245 10 -37.3
v 22.06 10 -38.86
v 21.808 10 -38.38
v 23.285 10 -41.704
v 24.16 10 -44.33
v 23.52 10 -42.41
v 27.588 10 -47.982
v 27.885 10 -48.663
v 27.73 10 -48.31
v 28.183 10 -49.195
v 28.036 10 -48.959
v 28.447 10 -49.474
v 28.32 10 -49.368
v 28.614 10 -49.522
v 28.56 10 -49.51
v 33.18 10 -54.52
v 34.34 10 -56.41
v 32.88 10 -54.94
v 29.63 10 -57.61
v 29.393 10 -57.405
v 29.522 10 -57.515
v 29.103 10 -57.162
v 29.251 10 -57.285
v 28.82 10 -56.93
v 28.957 10 -57.041
v 28.33 10 -56.51
v 28.324 10 -56.292
v 28.328 10 -56.446
v 28.3 10 -55.07
v 26.15 10 -53.7
v 28.28 10 -53.67
v 23.58 10 -54.06
v 24.01 10 -53.74
v 23.181 10 -54.36
v 22.923 10 -54.552
v 23.046 10 -54.46
v 18.99 10 -54.7
v 18.474 10 -54.55
v 18.748 10 -54.629
v 17.889 10 -54.384
v 18.183 10 -54.466
v 17.36 10 -54.24
v 17.61 10 -54.307
v 15.806 10 -53.794
v 14.5 10 -53.4
v 15.51 10 -53.7
v 12.725 10 -53.694
v 13.29 10 -53.6
v 11.964 10 -53.91
v 12.306 10 -53.786
v 11.239 10 -54.38
v 11.631 10 -54.097
v 10.412 10 -55.067
v 10.72 10 -54.79
v 9.743 10 -55.844
v 10.084 10 -55.422
v 9.053 10 -56.843
v 9.396 10 -56.321
v 8.493 10 -57.924
v 8.72 10 -57.4
v 7.926 10 -59.685
v 8.217 10 -58.726
v 7.442 10 -61.593
v 7.656 10 -60.681
v 7.161 10 -63.622
v 7.32 10 -62.3
v 7.01 10 -65.329
v 7.06 10 -64.574
v 7.032 10 -66.939
v 7.003 10 -66.059
v 7.171 10 -69.719
v 7.09 10 -68.14
v 7.286 10 -71.784
v 7.235 10 -70.919
v 7.365 10 -72.698
v 7.329 10 -72.361
v 7.657 10 -72.993
v 7.4 10 -72.84
v 9.016 10 -73.676
v 8.249 10 -73.298
v 10.433 10 -74.337
v 9.798 10 -74.049
v 10.802 10 -74.472
v 10.76 10 -74.46
v 10.959 10 -74.555
v 11.003 10 -74.604
v 10.98 10 -74.58
v 11.034 10 -74.619
v 11.02 10 -74.617
v 11.048 10 -74.59
v 11.043 10 -74.61
v 11.52 10 -74.79
v 11.532 10 -74.849
v 11.523 10 -74.822
v 11.564 10 -74.878
v 11.546 10 -74.868
v 11.61 10 -74.87
v 11.586 10 -74.879
v 11.718 10 -74.878
v 11.753 10 -74.929
v 11.73 10 -74.9
v 11.892 10 -75.027
v 11.809 10 -74.972
v 12.118 10 -75.16
v 11.997 10 -75.091
v 12.74 10 -75.47
v 12.25 10 -75.23
v 12.75 10 -76.06
v 12.76 10 -76.372
v 12.752 10 -76.24
v 12.787 10 -76.498
v 12.771 10 -76.458
v 12.83 10 -76.45
v 12.807 10 -76.495
v 12.909 10 -76.475
v 12.912 10 -76.699
v 12.91 10 -76.59
v 12.82 10 -76.78
v 12.769 10 -76.71
v 12.79 10 -76.735
v 12.754 10 -76.723
v 12.757 10 -76.706
v 12.77 10 -76.82
v 12.758 10 -76.761
v 12.88 10 -77.76
v 12.981 10 -78.572
v 12.924 10 -78.219
v 13.169 10 -79.058
v 13.06 10 -78.844
v 13.51 10 -79.41
v 13.316 10 -79.238
v 13.711 10 -79.572
v 13.613 10 -79.494
v 13.95 10 -79.77
v 14.337 10 -80.101
v 14.096 10 -79.901
v 14.949 10 -80.586
v 14.635 10 -80.34
v 15.47 10 -80.97
v 15.241 10 -80.806
v 15.839 10 -81.182
v 15.659 10 -81.091
v 16.318 10 -81.305
v 16.046 10 -81.25
v 17.2 10 -81.41
v 16.691 10 -81.355
v 19.293 10 -81.934
v 19.586 10 -82.347
v 19.46 10 -82.17
v 19.843 10 -82.621
v 19.71 10 -82.495
v 20.173 10 -82.845
v 19.993 10 -82.735
v 20.643 10 -83.08
v 20.39 10 -82.96
v 21.075 10 -83.217
v 20.857 10 -83.163
v 21.681 10 -83.269
v 21.336 10 -83.25
v 23.67 10 -83.49
v 23.894 10 -83.594
v 23.788 10 -83.551
v 24.066 10 -83.629
v 23.986 10 -83.62
v 24.19 10 -83.6
v 24.134 10 -83.622
v 24.265 10 -83.538
v 24.241 10 -83.568
v 24.222 10 -83.472
v 24.259 10 -83.507
v 24.05 10 -83.37
v 24.153 10 -83.427
v 24.44 10 -83.62
v 24.339 10 -83.586
v 24.377 10 -83.596
v 24.328 10 -83.614
v 24.323 10 -83.591
v 24.4 10 -83.72
v 24.354 10 -83.656
v 24.465 10 -83.868
v 24.47 10 -83.905
v 24.45 10 -83.87
v 24.897 10 -84.185
v 24.619 10 -84.01
v 25.838 10 -84.745
v 25.304 10 -84.43
v 27.011 10 -85.413
v 26.5 10 -85.13
v 27.691 10 -85.698
v 27.391 10 -85.598
v 28.268 10 -85.682
v 27.966 10 -85.722
v 29.304 10 -87.073
v 29.33 10 -89.01
v 29.31 10 -87.62
v 29.83 10 -89.59
v 30.091 10 -89.898
v 29.964 10 -89.751
v 30.302 10 -90.129
v 30.206 10 -90.026
v 30.41 10 -90.23
v 30.372 10 -90.199
v 30.323 10 -91.436
v 30.183 10 -91.456
v 30.27 10 -91.44
v 30.071 10 -91.641
v 30.119 10 -91.516
v 30.003 10 -92.163
v 30.034 10 -91.85
v 29.955 10 -92.889
v 29.97 10 -92.6
v 29.965 10 -93.249
v 29.952 10 -93.099
v 30.055 10 -93.445
v 29.998 10 -93.358
v 30.394 10 -94.18
v 30.476 10 -94.934
v 30.42 10 -94.43
v 30.639 10 -95.62
v 30.545 10 -95.319
v 30.958 10 -96.106
v 30.772 10 -95.871
v 31.74 10 -96.86
v 31.21 10 -96.36
v 31.85 10 -96.6
v 31.912 10 -96.443
v 31.883 10 -96.525
v 31.954 10 -96.28
v 31.936 10 -96.36
v 31.97 10 -96.15
v 31.966 10 -96.208
v 32.24 10 -95.58
v 32.269 10 -95.683
v 32.249 10 -95.64
v 32.355 10 -95.721
v 32.303 10 -95.709
v 32.53 10 -95.71
v 32.429 10 -95.721
v 32.872 10 -95.9
v 32.975 10 -96.24
v 32.92 10 -96.07
v 33.202 10 -96.643
v 33.067 10 -96.426
v 33.636 10 -97.212
v 33.39 10 -96.9
v 34.205 10 -97.896
v 33.95 10 -97.59
v 34.711 10 -98.497
v 34.463 10 -98.203
v 35.127 10 -98.986
v 34.937 10 -98.763
v 35.27 10 -99.15
v 36.55 10 -99.74
v 35.66 10 -99.63
v 37.136 10 -99.807
v 36.822 10 -99.772
v 37.817 10 -99.879
v 37.474 10 -99.844
v 38.45 10 -99.94
v 38.149 10 -99.912
v 39.142 10 -99.99
v 38.854 10 -99.973
v 39.478 10 -99.97
v 39.341 10 -99.99
v 39.67 10 -99.86
v 39.579 10 -99.927
v 43.16 10 -99.39
v 43.77 10 -99.68
v 43.19 10 -99.73
v 44.187 10 -99.622
v 44.008 10 -99.655
v 44.476 10 -99.478
v 44.335 10 -99.567
v 44.84 10 -99.14
v 44.636 10 -99.34
v 45.33 10 -98.65
v 46.356 10 -98.708
v 46.02 10 -98.69
v 46.729 10 -98.655
v 46.589 10 -98.699
v 46.765 10 -98.442
v 46.784 10 -98.571
v 47.01 10 -97.69
v 47.247 10 -97.681
v 47.135 10 -97.688
v 47.413 10 -97.662
v 47.341 10 -97.673
v 47.47 10 -97.64
v 47.457 10 -97.651
v 47.422 10 -97.564
v 47.457 10 -97.611
v 47.298 10 -97.433
v 47.368 10 -97.504
v 47.13 10 -97.27
v 47.218 10 -97.354
v 47.489 10 -96.323
v 47.933 10 -96.367
v 47.72 10 -96.35
v 48.194 10 -96.245
v 48.087 10 -96.338
v 48.305 10 -95.803
v 48.263 10 -96.072
v 48.84 10 -94.61
v 48.966 10 -94.581
v 48.916 10 -94.605
v 48.997 10 -94.416
v 48.993 10 -94.522
v 48.95 10 -94
v 48.982 10 -94.247
v 48.821 10 -93.235
v 48.891 10 -93.541
v 48.529 10 -92.981
v 48.711 10 -93.058
v 47.82 10 -93.03
v 48.242 10 -92.981
v 46.41 10 -92.81
v 46.354 10 -92.543
v 46.388 10 -92.701
v 46.263 10 -92.124
v 46.311 10 -92.346
v 46.211 10 -91.888
v 45.95 10 -90.78
v 46.16 10 -91.65
v 46.772 10 -90.02
v 46.6 10 -90.18
v 47.277 10 -89.592
v 47.342 10 -89.532
v 47.32 10 -89.57
v 47.364 10 -89.253
v 47.356 10 -89.423
v 47.356 10 -88.767
v 47.364 10 -89.031
v 47.28 10 -87.38
v 47.34 10 -88.47
v 48.24 10 -87.15
v 48.739 10 -87.03
v 48.499 10 -87.09
v 49.118 10 -86.926
v 48.949 10 -86.975
v 49.29 10 -86.86
v 49.235 10 -86.887
v 49.621 10 -86.751
v 49.945 10 -86.667
v 49.71 10 -86.73
v 50.575 10 -86.386
v 50.236 10 -86.55
v 51.365 10 -85.936
v 50.954 10 -86.18
v 52.253 10 -85.364
v 51.8 10 -85.66
v 53.75 10 -84.89
v 54.2 10 -84.879
v 53.958 10 -84.887
v 54.73 10 -84.851
v 54.463 10 -84.866
v 55.22 10 -84.82
v 54.987 10 -84.836
v 57.44 10 -85.62
v 60.1 10 -86.38
v 58.45 10 -86.35
v 62.81 10 -86.82
v 64.648 10 -87.558
v 63.691 10 -87.174
v 67.313 10 -88.629
v 68.78 10 -89.21
v 67.91 10 -88.87
v 70.11 10 -89.07
v 73.539 10 -88.709
v 72.006 10 -88.872
v 75.554 10 -88.478
v 74.719 10 -88.577
v 76.23 10 -88.37
v 76.055 10 -88.409
v 76.689 10 -88.303
v 77.071 10 -88.29
v 76.84 10 -88.3
v 77.466 10 -88.194
v 77.268 10 -88.26
v 78.012 10 -87.894
v 77.702 10 -88.077
v 78.73 10 -87.44
v 78.43 10 -87.63
v 79.369 10 -87.034
v 79.048 10 -87.238
v 80.18 10 -86.52
v 81.105 10 -85.919
v 80.668 10 -86.214
v 81.959 10 -85.261
v 81.524 10 -85.61
v 83.01 10 -84.34
v 82.443 10 -84.846
v 84.285 10 -83.227
v 84.531 10 -83.03
v 84.41 10 -83.13
v 84.95 10 -82.655
v 84.716 10 -82.867
v 85.516 10 -82.134
v 85.221 10 -82.406
v 89.566 10 -78.454
v 90.724 10 -77.433
v 90.27 10 -77.84
v 91.457 10 -76.715
v 91.125 10 -77.052
v 91.851 10 -76.237
v 91.705 10 -76.438
v 91.869 10 -76.105
v 91.88 10 -76.13
v 91.892 10 -76.022
v 91.982 10 -75.921
v 91.91 10 -76.01
v 92.251 10 -75.371
v 92.099 10 -75.7
v 92.618 10 -74.492
v 92.428 10 -74.96
v 92.895 10 -73.74
v 92.81 10 -73.99
v 92.986 10 -73.26
v 92.952 10 -73.511
v 93.001 10 -72.513
v 93.001 10 -72.942
v 92.978 10 -71.514
v 92.99 10 -71.93
v 92.944 10 -70.652
v 92.962 10 -71.08
v 92.906 10 -69.905
v 92.925 10 -70.253
v 92.89 10 -69.63
v 92.33 10 -68.51
v 92.84 10 -68.78
v 92.031 10 -68.359
v 92.168 10 -68.422
v 91.829 10 -68.301
v 91.919 10 -68.319
v 91.71 10 -68.33
v 91.759 10 -68.305
v 91.13 10 -68.721
v 90.63 10 -69.05
v 90.889 10 -68.879
v 90.153 10 -69.381
v 90.379 10 -69.221
v 89.811 10 -69.639
v 89.96 10 -69.522
v 89.68 10 -69.77
v 89.714 10 -69.724
v 89.695 10 -69.873
v 89.684 10 -69.809
v 89.735 10 -70.057
v 89.713 10 -69.958
v 89.79 10 -70.28
v 89.761 10 -70.166
v 89.75 10 -70.88
v 89.673 10 -70.979
v 89.71 10 -70.928
v 89.614 10 -71.081
v 89.64 10 -71.031
v 89.59 10 -71.16
v 89.596 10 -71.125
v 87.44 10 -70.79
v 87.09 10 -69.03
v 87.44 10 -69.03
v 86.4 10 -68.97
v 85.68 10 -69.7
v 86.06 10 -68.91
v 85.417 10 -70.285
v 85.523 10 -70.031
v 85.313 10 -70.748
v 85.35 10 -70.509
v 85.29 10 -71.46
v 85.297 10 -71.05
v 85.325 10 -72.671
v 85.299 10 -71.974
v 85.409 10 -74.286
v 85.363 10 -73.469
v 85.51 10 -75.65
v 85.459 10 -75.04
v 85.326 10 -75.931
v 85.14 10 -76.001
v 85.22 10 -75.97
v 85.021 10 -76.069
v 85.073 10 -76.035
v 84.972 10 -76.133
v 84.987 10 -76.102
v 84.996 10 -76.182
v 84.98 10 -76.16
v 84.97 10 -76.196
v 84.692 10 -76.214
v 84.94 10 -76.18
v 83.456 10 -76.581
v 84.157 10 -76.361
v 82.037 10 -77.085
v 82.71 10 -76.836
v 81.442 10 -77.347
v 81.56 10 -77.29
v 81.097 10 -77.475
v 81.022 10 -77.472
v 81.07 10 -77.47
v 80.761 10 -77.541
v 80.916 10 -77.497
v 80.343 10 -77.68
v 80.567 10 -77.603
v 78.625 10 -78.284
v 77.915 10 -78.522
v 78.38 10 -78.36
v 77.073 10 -78.848
v 77.467 10 -78.69
v 76.596 10 -79.073
v 76.77 10 -78.98
v 76.622 10 -79.113
v 76.59 10 -79.11
v 76.67 10 -79.176
v 76.661 10 -79.219
v 76.66 10 -79.2
v 76.75 10 -79.224
v 76.692 10 -79.227
v 76.932 10 -79.185
v 76.831 10 -79.21
v 75.916 10 -79.571
v 76.138 10 -79.453
v 76.05 10 -79.5
v 76.289 10 -79.353
v 76.219 10 -79.403
v 76.383 10 -79.259
v 76.345 10 -79.304
v 76.401 10 -79.158
v 76.4 10 -79.22
v 76.331 10 -79.113
v 76.376 10 -79.123
v 76.198 10 -79.167
v 76.27 10 -79.127
v 75.812 10 -79.357
v 75.65 10 -79.387
v 75.74 10 -79.37
v 75.399 10 -79.459
v 75.533 10 -79.417
v 75.105 10 -79.567
v 75.253 10 -79.509
v 74.126 10 -79.551
v 73.993 10 -79.297
v 74.07 10 -79.44
v 73.848 10 -79.099
v 73.921 10 -79.184
v 73.682 10 -78.991
v 73.769 10 -79.036
v 73.476 10 -78.936
v 73.58 10 -78.96
v 72.76 10 -78.725
v 72.325 10 -78.589
v 72.56 10 -78.66
v 71.966 10 -78.504
v 72.127 10 -78.537
v 71.744 10 -78.495
v 71.839 10 -78.49
v 71.568 10 -78.601
v 71.68 10 -78.52
v 71.51 10 -78.739
v 71.512 10 -78.675
v 71.665 10 -78.833
v 71.561 10 -78.792
v 72.17 10 -78.9
v 71.82 10 -78.86
v 71.79 10 -78.91
v 71.36 10 -79.39
v 71.41 10 -78.92
v 70.107 10 -79.669
v 69.284 10 -79.472
v 69.7 10 -79.57
v 66.36 10 -77.22
v 66.013 10 -76.775
v 66.199 10 -76.981
v 65.14 10 -76.155
v 65.696 10 -76.525
v 62.88 10 -74.75
v 64.237 10 -75.589
v 61.265 10 -73.758
v 61.929 10 -74.166
v 60.552 10 -73.326
v 60.826 10 -73.49
v 60.25 10 -73.16
v 60.38 10 -73.228
v 59.99 10 -72.92
v 59.969 10 -72.674
v 59.984 10 -72.839
v 59.917 10 -72.149
v 59.946 10 -72.44
v 59.85 10 -71.45
v 59.776 10 -70.684
v 59.814 10 -71.068
v 59.704 10 -69.983
v 59.739 10 -70.316
v 59.65 10 -69.49
v 59.674 10 -69.701
v 58.83 10 -68.14
v 59.58 10 -68.89
v 58.385 10 -67.712
v 58.612 10 -67.929
v 57.949 10 -67.311
v 58.16 10 -67.503
v 57.61 10 -67.03
v 57.761 10 -67.15
v 57.22 10 -64.39
v 56.89 10 -61.81
v 57.27 10 -62.13
v 56.49 10 -61.48
v 56.898 10 -60.967
v 56.81 10 -61.08
v 57.247 10 -60.559
v 57.385 10 -60.427
v 57.31 10 -60.5
v 57.447 10 -60.226
v 57.431 10 -60.346
v 57.397 10 -59.749
v 57.436 10 -60.038
v 57.533 10 -58.107
v 57.717 10 -57.99
v 57.623 10 -58.05
v 58.205 10 -57.778
v 58.238 10 -57.888
v 58.21 10 -57.84
v 58.44 10 -58.044
v 58.317 10 -57.957
v 58.789 10 -58.25
v 58.6 10 -58.143
v 59.77 10 -58.75
v 59 10 -58.36
v 59.892 10 -60.611
v 59.89 10 -61.42
v 59.89 10 -60.8
v 59.22 10 -61.66
v 58.67 10 -61.897
v 58.89 10 -61.776
v 58.453 10 -62.406
v 58.534 10 -62.086
v 58.35 10 -63.69
v 58.401 10 -62.919
v 60.46 10 -64.71
v 58.29 10 -64.75
v 62.018 10 -64.666
v 61.385 10 -64.688
v 62.702 10 -64.588
v 62.432 10 -64.635
v 63.1 10 -64.41
v 62.9 10 -64.516
v 63.333 10 -64.259
v 63.219 10 -64.337
v 63.521 10 -64.111
v 63.435 10 -64.182
v 63.62 10 -64
v 63.584 10 -64.048
v 63.642 10 -63.619
v 63.642 10 -63.862
v 63.591 10 -63.007
v 63.624 10 -63.319
v 63.5 10 -62.54
v 63.548 10 -62.732
v 63.419 10 -62.454
v 63.474 10 -62.503
v 63.238 10 -62.336
v 63.339 10 -62.397
v 62.99 10 -62.21
v 63.12 10 -62.272
v 62.22 10 -59.04
v 62.879 10 -58.936
v 62.57 10 -58.99
v 63.399 10 -58.809
v 63.159 10 -58.874
v 63.715 10 -58.679
v 63.588 10 -58.743
v 63.783 10 -58.51
v 63.77 10 -58.62
v 63.825 10 -57.875
v 63.802 10 -58.254
v 63.88 10 -56.84
v 63.851 10 -57.396
v 63.954 10 -55.188
v 63.91 10 -56.23
v 64.121 10 -52.002
v 64.217 10 -50.368
v 64.19 10 -50.86
v 64.281 10 -49.174
v 64.248 10 -49.795
v 64.349 10 -47.923
v 64.406 10 -46.823
v 64.38 10 -47.36
v 64.503 10 -44.945
v 64.535 10 -44.426
v 64.52 10 -44.67
v 64.536 10 -44.084
v 64.54 10 -44.231
v 64.501 10 -43.925
v 64.523 10 -43.983
v 64.415 10 -43.9
v 64.47 10 -43.91
v 63.821 10 -43.691
v 63.304 10 -43.486
v 63.62 10 -43.61
v 63.76 10 -40.92
v 64.225 10 -39.836
v 63.988 10 -40.394
v 64.679 10 -38.744
v 64.459 10 -39.276
v 65.03 10 -37.88
v 64.873 10 -38.268
v 65.555 10 -36.647
v 65.623 10 -36.526
v 65.6 10 -36.58
v 65.659 10 -36.268
v 65.643 10 -36.419
v 65.678 10 -35.869
v 65.67 10 -36.081
v 65.68 10 -34.79
v 65.68 10 -35.64
v 66.882 10 -34.569
v 66.57 10 -34.63
v 67.301 10 -34.456
v 67.122 10 -34.512
v 67.511 10 -34.334
v 67.428 10 -34.398
v 68.03 10 -33.68
v 68.26 10 -32.6
v 68.39 10 -33.29
v 68.188 10 -32.228
v 68.224 10 -32.411
v 68.119 10 -31.919
v 68.152 10 -32.061
v 68.06 10 -31.74
v 68.087 10 -31.809
v 68.569 10 -31.581
v 69.4 10 -31.577
v 68.94 10 -31.58
v 69.981 10 -31.463
v 69.729 10 -31.549
v 70.486 10 -30.994
v 70.215 10 -31.288
v 70.85 10 -30.55
v 71.43 10 -28.29
v 71.43 10 -29.85
v 71.792 10 -26.429
v 72.031 10 -26.235
v 71.89 10 -26.35
v 72.486 10 -25.834
v 72.234 10 -26.058
v 73.078 10 -25.296
v 72.772 10 -25.575
v 73.732 10 -24.689
v 73.39 10 -25.01
v 74.541 10 -23.929
v 74.123 10 -24.322
v 75.367 10 -23.151
v 74.963 10 -23.531
v 75.73 10 -22.81
v 76.454 10 -22.119
v 76.123 10 -22.443
v 76.94 10 -21.588
v 76.725 10 -21.835
v 77.21 10 -21.19
v 77.1 10 -21.374
v 77.6 10 -20.56
v 77.732 10 -20.371
v 77.651 10 -20.493
v 77.955 10 -20.002
v 77.835 10 -20.204
v 78.22 10 -19.54
v 78.085 10 -19.777
v 79.75 10 -16.97
v 81.592 10 -15.907
v 81.01 10 -16.25
v 82.344 10 -15.351
v 82.02 10 -15.624
v 82.879 10 -14.639
v 82.614 10 -15.04
v 83.346 10 -13.812
v 83.19 10 -14.1
v 83.536 10 -13.366
v 83.458 10 -13.577
v 83.624 10 -12.897
v 83.589 10 -13.15
v 83.7 10 -11.79
v 83.65 10 -12.58
v 83.04 10 -11.18
v 82.985 10 -9.278
v 83 10 -9.68
v 82.957 10 -8.571
v 82.971 10 -8.903
v 82.937 10 -8.108
v 82.946 10 -8.301
v 83.48 10 -7.37
v 84.12 10 -5.71
v 84.05 10 -6.91
v 84.151 10 -4.86
v 84.144 10 -5.214
v 84.105 10 -4.414
v 84.14 10 -4.606
v 83.95 10 -4.05
v 84.043 10 -4.242
v 83.568 10 -3.48
v 83.782 10 -3.705
v 82.229 10 -3.283
v 83.115 10 -3.349
v 78.38 10 -3.24
v 80.715 10 -3.256
v 72.63 10 -3.63
v 73.4 10 -3.19
v 71.85 10 -7.04
v 71.85 10 -4.07
v 72.534 10 -7.782
v 72.24 10 -7.47
v 72.973 10 -8.21
v 72.771 10 -8.023
v 73.351 10 -8.504
v 73.159 10 -8.364
v 73.762 10 -8.772
v 73.57 10 -8.65
v 74.291 10 -10.371
v 74.34 10 -10.69
v 74.318 10 -10.546
v 74.378 10 -10.92
v 74.357 10 -10.808
v 74.425 10 -11.1
v 74.401 10 -11.019
v 74.47 10 -11.19
v 74.449 10 -11.159
v 73.71 10 -12.58
v 73.153 10 -13.153
v 73.384 10 -12.907
v 72.907 10 -13.504
v 73 10 -13.344
v 72.83 10 -13.83
v 72.856 10 -13.658
v 72.74 10 -14.458
v 72.706 10 -14.67
v 72.72 10 -14.55
v 72.734 10 -14.811
v 72.709 10 -14.754
v 72.878 10 -14.876
v 72.788 10 -14.849
v 72.972 10 -16.037
v 72.288 10 -16.378
v 72.78 10 -16.12
v 70.65 10 -17.393
v 71.532 10 -16.831
v 69.052 10 -18.481
v 69.778 10 -17.972
v 68.512 10 -18.923
v 68.61 10 -18.83
v 68.104 10 -19.321
v 68.339 10 -19.091
v 67.505 10 -19.91
v 67.821 10 -19.599
v 64.65 10 -22.15
v 64.335 10 -22.224
v 64.488 10 -22.186
v 64.082 10 -22.299
v 64.198 10 -22.262
v 63.94 10 -22.36
v 63.994 10 -22.332
v 63.752 10 -22.4
v 63.685 10 -22.367
v 63.72 10 -22.38
v 63.591 10 -22.381
v 63.641 10 -22.368
v 63.488 10 -22.439
v 63.539 10 -22.405
v 63.09 10 -22.6
v 62.886 10 -22.595
v 63.012 10 -22.591
v 62.524 10 -22.635
v 62.72 10 -22.61
v 62.08 10 -22.71
v 62.308 10 -22.669
v 59.84 10 -24.24
v 61.25 10 -22.87
v 59.091 10 -24.988
v 59.455 10 -24.62
v 58.489 10 -25.622
v 58.764 10 -25.327
v 58.16 10 -26.01
v 58.282 10 -25.855
v 57.999 10 -26.256
v 58.084 10 -26.125
v 57.73 10 -26.659
v 57.486 10 -27.034
v 57.65 10 -26.77
v 57.116 10 -27.75
v 57.307 10 -27.363
v 56.709 10 -28.679
v 56.916 10 -28.191
v 55.77 10 -30.97
v 55.55 10 -31.474
v 55.657 10 -31.226
v 55.374 10 -31.906
v 55.454 10 -31.705
v 55.28 10 -32.17
v 55.314 10 -32.064
v 54.979 10 -32.912
v 54.76 10 -33.379
v 54.89 10 -33.1
v 54.594 10 -33.885
v 54.664 10 -33.626
v 54.491 10 -34.618
v 54.539 10 -34.201
v 54.393 10 -35.706
v 54.44 10 -35.18
v 54.173 10 -36.795
v 54.02 10 -37.057
v 54.08 10 -36.95
v 53.906 10 -37.265
v 53.961 10 -37.163
v 53.823 10 -37.433
v 53.859 10 -37.357
v 51.829 10 -38.563
v 50.488 10 -39.21
v 50.69 10 -39.11
v 50.178 10 -39.495
v 50.328 10 -39.322
v 49.767 10 -40.22
v 50.002 10 -39.778
v 48.52 10 -42.48
v 48.344 10 -42.539
v 48.452 10 -42.5
v 48.039 10 -42.655
v 48.204 10 -42.591
v 47.67 10 -42.8
v 47.859 10 -42.726
v 46.99 10 -43.07
v 46.074 10 -42.816
v 46.27 10 -42.87
v 43.089 10 -40.776
v 42.022 10 -39.915
v 42.44 10 -40.25
v 41.421 10 -39.504
v 41.691 10 -39.671
v 40.957 10 -39.342
v 41.185 10 -39.399
v 40.54 10 -39.307
v 40.71 10 -39.32
v 40.182 10 -39.118
v 40.031 10 -38.862
v 40.12 10 -39.01
v 39.625 10 -38.399
v 39.886 10 -38.678
v 38.526 10 -37.319
v 39.191 10 -37.966
v 37.57 10 -36.4
v 36.73 10 -35.586
v 37.159 10 -36
v 35.91 10 -34.798
v 36.306 10 -35.177
v 35.29 10 -34.21
v 35.564 10 -34.468
v 34.248 10 -33.259
v 34.801 10 -33.75
v 32.809 10 -32.061
v 33.596 10 -32.706
v 30.68 10 -30.37
v 31.849 10 -31.293
v 30.001 10 -29.842
v 30.335 10 -30.101
v 29.222 10 -29.236
v 28.74 10 -28.89
v 29.09 10 -29.13
v 28.86 10 -25.39
v 29.18 10 -23.74
v 29.25 10 -25
v 28.83 10 -22.29
v 29.12 10 -22.48
v 30.848 10 -16.037
v 31.72 10 -14.23
v 31.06 10 -15.6
v 31.564 10 -13.657
v 31.6 10 -13.78
v 31.489 10 -13.434
v 31.526 10 -13.54
v 31.424 10 -13.274
v 31.454 10 -13.344
v 31.377 10 -13.201
v 31.4 10 -13.23
v 34.73 10 -9.12
v 35.37 10 -7.26
v 35.44 10 -8.38
v 35.329 10 -6.676
v 35.352 10 -6.957
v 35.274 10 -6.227
v 35.303 10 -6.429
v 35.22 10 -6.01
v 35.246 10 -6.084
v 35.18 10 -5.31
v 35.208 10 -4.883
v 35.204 10 -5.063
v 35.125 10 -4.611
v 35.185 10 -4.741
v 34.86 10 -4.27
v 35.02 10 -4.463
v 34.426 10 -3.819
v 34.641 10 -4.017
v 33.897 10 -3.521
v 34.188 10 -3.659
v 33.05 10 -3.25
v 33.527 10 -3.39
v 30.99 10 -2.64
v 30.289 10 -2.427
v 30.647 10 -2.533
v 29.608 10 -2.239
v 29.936 10 -2.327
v 29.1 10 -2.12
v 29.323 10 -2.168
v 28.07 10 -1.84
v 27.622 10 -1.683
v 27.875 10 -1.769
v 26.898 10 -1.457
v 27.3 10 -1.58
v 25.81 10 -1.14
v 26.405 10 -1.311
v 25.251 10 -1.022
v 25.581 10 -1.087
v 24.379 10 -0.871
v 24.843 10 -0.949
v 23.38 10 -0.72
v 23.884 10 -0.793
v 20.8 10 -0.357
v 20.12 10 -0.25
v 20.44 10 -0.3
v 19.47 10 -0.154
v 19.791 10 -0.2
v 18.913 10 -0.081
v 19.172 10 -0.113
v 20.801 10 -8.704
v 20.456 10 -16.684
v 18.836 10 -19.159
v 16.424 10 -28.58
v 18.593 10 -32.162
v 20.275 10 -35.409
v 25.78 10 -45.93
v 33.257 10 -54.407
v 28.69 10 -56.828
v 28.306 10 -55.438
v 23.456 10 -54.155
v 23.321 10 -54.257
v 17.101 10 -54.171
v 16.132 10 -53.893
v 11.05 10 -74.56
v 11.635 10 -74.855
v 12.859 10 -77.551
v 13.922 10 -79.745
v 18.004 10 -81.5
v 24.486 10 -83.636
v 24.47 10 -83.853
v 28.65 10 -85.59
v 32.645 10 -95.688
v 43.13 10 -99.06
v 46.68 10 -98.26
v 48.33 10 -95.42
v 48.674 10 -94.628
v 47.633 10 -93.054
v 47.193 10 -89.655
v 49.534 10 -86.773
v 55.439 10 -84.803
v 57.164 10 -85.425
v 65.615 10 -87.946
v 66.526 10 -88.312
v 79.951 10 -86.664
v 85.82 10 -81.85
v 86.983 10 -69.028
v 86.503 10 -68.985
v 84.99 10 -76.204
v 81.331 10 -77.397
v 80.1 10 -77.77
v 78.908 10 -78.191
v 76.646 10 -79.122
v 77.05 10 -79.15
v 74.96 10 -79.63
v 72.962 10 -78.789
v 68.898 10 -79.381
v 66.669 10 -77.66
v 60.179 10 -73.121
v 59.885 10 -71.814
v 57.17 10 -66.65
v 57.33 10 -59.33
v 57.45 10 -58.16
v 64.315 10 -48.539
v 65.158 10 -37.555
v 67.56 10 -34.26
v 67.93 10 -33.792
v 71.432 10 -27.874
v 77.557 10 -20.616
v 83.37 10 -11.49
v 82.93 10 -8.01
v 83.307 10 -7.513
v 73.994 10 -12.291
v 72.76 10 -14.346
v 63.904 10 -22.386
v 63.44 10 -22.48
v 63.14 10 -22.604
v 57.909 10 -26.394
v 57.818 10 -26.531
v 55.253 10 -32.262
v 53.8 10 -37.49
v 49.44 10 -40.87
v 29.694 10 -29.604
v 29.429 10 -29.398
v 28.49 10 -25.78
v 28.711 10 -22.209
v 33.644 10 -10.275
v 35.191 10 -5.958
v 35.168 10 -5.479
v 32.785 10 -3.178
v 31.347 10 -2.75
v 23.779 10 -11.069
v 21.257 10 -15.189
v 19.006 10 -19.148
v 16.772 10 -28.973
v 19.507 10 -33.927
v 23.07 10 -41.099
v 33.326 10 -54.302
v 29.97 10 -57.9
v 28.573 10 -56.734
v 28.312 10 -55.774
v 22.82 10 -54.63
v 19.685 10 -54.9
v 11.512 10 -74.752
v 11.701 10 -74.861
v 12.852 10 -76.821
v 12.838 10 -77.352
v 22.15 10 -83.28
v 23.512 10 -83.424
v 29.293 10 -86.678
v 30.38 10 -91.425
v 30.363 10 -93.983
v 31.993 10 -95.999
v 32.217 10 -95.527
v 32.83 10 -95.786
v 46.785 10 -97.698
v 47.31 10 -96.325
v 48.359 10 -95.135
v 46.435 10 -92.93
v 47.076 10 -89.751
v 53.417 10 -84.903
v 56.901 10 -85.246
v 76.264 10 -88.354
v 76.551 10 -88.311
v 79.675 10 -86.839
v 83.31 10 -84.072
v 84.1 10 -83.381
v 86.461 10 -81.253
v 88.792 10 -79.14
v 91.866 10 -76.081
v 91.878 10 -76.039
v 91.342 10 -68.581
v 89.804 10 -70.808
v 86.864 10 -69.021
v 86.619 10 -68.999
v 85.001 10 -76.204
v 76.662 10 -79.136
v 76.671 10 -79.154
v 77.163 10 -79.119
v 75.835 10 -79.617
v 74.183 10 -79.651
v 73.331 10 -78.898
v 71.344 10 -79.517
v 68.558 10 -79.301
v 57.169 10 -60.641
v 57.268 10 -58.932
v 57.81 10 -57.93
v 58.186 10 -57.743
v 64.069 10 -52.888
v 64.481 10 -45.323
v 64.314 10 -43.87
v 63.551 10 -41.412
v 65.483 10 -36.79
v 67.833 10 -33.906
v 68.312 10 -31.588
v 71.699 10 -26.505
v 83.166 10 -7.643
v 74.261 10 -10.177
v 74.493 10 -11.213
v 73.116 10 -15.963
v 64.954 10 -22.077
v 63.788 10 -22.41
v 63.386 10 -22.522
v 56.5 10 -29.21
v 55.888 10 -30.694
v 55.064 10 -32.726
v 52.652 10 -38.163
v 49.228 10 -41.289
v 43.716 10 -41.277
v 40.413 10 -39.286
v 30.594 10 -16.567
v 32.779 10 -11.21
v 31.724 10 -2.865
v 28.913 10 -2.08
v 28.191 10 -1.88
v 23.616 10 -10.453
v 23.844 10 -11
v 21.025 10 -15.63
v 20.773 10 -16.101
v 19.119 10 -19.12
v 18.354 10 -31.699
v 20.03 10 -34.933
v 22.858 10 -40.553
v 27.438 10 -47.706
v 33.385 10 -54.209
v 28.319 10 -56.064
v 16.469 10 -53.993
v 10.927 10 -74.531
v 12.86 10 -76.39
v 12.818 10 -77.17
v 13.797 10 -79.643
v 13.869 10 -79.701
v 18.55 10 -81.576
v 19.13 10 -81.771
v 22.57 10 -83.292
v 24.522 10 -83.643
v 24.466 10 -83.829
v 28.732 10 -85.578
v 29.27 10 -86.399
v 30.438 10 -91.408
v 30.14 10 -93.53
v 46.584 10 -98.048
v 48.55 10 -94.68
v 47.44 10 -93.076
v 49.329 10 -86.839
v 49.455 10 -86.795
v 56.665 10 -85.089
v 76.333 10 -88.339
v 76.43 10 -88.324
v 87.989 10 -79.86
v 91.869 10 -76.059
v 91.517 10 -68.466
v 86.741 10 -69.011
v 85.406 10 -75.891
v 81.153 10 -77.463
v 79.214 10 -78.088
v 75.885 10 -79.338
v 73.156 10 -78.848
v 71.328 10 -79.634
v 68.279 10 -79.235
v 66.997 10 -78.096
v 57.083 10 -60.741
v 57.965 10 -57.83
v 64.457 10 -45.779
v 64.176 10 -43.824
v 65.39 10 -36.998
v 67.602 10 -34.198
v 67.743 10 -34.015
v 68.044 10 -31.676
v 71.618 10 -26.573
v 77.499 10 -20.701
v 83.059 10 -7.757
v 73.896 10 -8.876
v 74.212 10 -12.057
v 72.779 10 -14.22
v 55.141 10 -32.549
v 53.209 10 -37.884
v 49.028 10 -41.667
v 44.286 10 -41.728
v 40.244 10 -39.197
v 28.627 10 -22.135
v 30.311 10 -17.158
v 31.357 10 -13.166
v 32.125 10 -11.938
v 35.172 10 -5.875
v 35.161 10 -5.631
v 32.463 10 -3.085
v 21.251 10 -0.424
v 19.769 10 -34.43
v 22.63 10 -40.025
v 28.71 10 -49.556
v 33.43 10 -54.131
v 28.474 10 -56.653
v 22.56 10 -54.826
v 20.285 10 -55.07
v 16.798 10 -54.087
v 10.889 10 -74.509
v 11.489 10 -74.71
v 12.882 10 -76.36
v 12.877 10 -76.835
v 23.345 10 -83.373
v 24.548 10 -83.643
v 24.453 10 -83.797
v 28.801 10 -85.586
v 30.494 10 -91.385
v 30.216 10 -93.613
v 30.325 10 -93.83
v 32.727 10 -95.688
v 32.785 10 -95.717
v 39.736 10 -99.804
v 41.95 10 -99.06
v 46.541 10 -97.894
v 46.636 10 -97.729
v 47.171 10 -96.359
v 48.461 10 -94.775
v 47.251 10 -93.094
v 46.933 10 -89.875
v 49.386 10 -86.817
v 56.465 10 -84.961
v 61.76 10 -86.4
v 83.6 10 -83.815
v 83.868 10 -83.581
v 91.643 10 -68.38
v 89.561 10 -71.248
v 85.512 10 -75.731
v 85.003 10 -76.196
v 81.232 10 -77.436
v 79.826 10 -77.871
v 79.525 10 -77.979
v 75.804 10 -79.641
v 74.818 10 -79.688
v 74.238 10 -79.736
v 71.313 10 -79.736
v 67.319 10 -78.497
v 56.991 10 -60.852
v 63.991 10 -54.362
v 64.432 10 -46.287
v 64.009 10 -43.763
v 65.28 10 -37.256
v 67.664 10 -34.114
v 68.151 10 -31.604
v 71.551 10 -26.629
v 77.283 10 -21.059
v 77.431 10 -20.808
v 82.984 10 -7.857
v 74.229 10 -9.975
v 74.37 10 -11.87
v 72.797 10 -14.088
v 67.17 10 -20.24
v 63.865 10 -22.403
v 63.826 10 -22.411
v 63.199 10 -22.598
v 56.017 10 -30.389
v 44.767 10 -42.103
v 28.574 10 -22.049
v 30.016 10 -17.776
v 31.671 10 -12.47
v 35.162 10 -5.765
v 32.103 10 -2.979
v 28.346 10 -1.928
v 21.764 10 -0.499
v 21.203 10 -8.864
v 23.895 10 -10.935
v 19.252 10 -18.975
v 19.194 10 -19.065
v 22.37 10 -39.474
v 28.841 10 -49.609
v 33.46 10 -54.073
v 22.3 10 -55.007
v 10.846 10 -74.489
v 11.454 10 -74.666
v 12.896 10 -76.363
v 12.782 10 -76.895
v 12.799 10 -77.015
v 18.904 10 -81.659
v 23.146 10 -83.336
v 24.431 10 -83.76
v 29.231 10 -86.199
v 30.545 10 -91.359
v 30.277 10 -93.71
v 41.458 10 -99.066
v 46.556 10 -97.791
v 47.064 10 -96.429
v 56.313 10 -84.869
v 87.198 10 -80.577
v 87.79 10 -71.12
v 77.259 10 -79.097
v 76.12 10 -79.23
v 75.956 10 -79.315
v 74.287 10 -79.802
v 71.299 10 -79.82
v 67.606 10 -78.83
v 59.999 10 -72.95
v 59.888 10 -60.391
v 62.863 10 -62.143
v 64.027 10 -53.635
v 68.068 10 -31.632
v 78.373 10 -19.274
v 79.24 10 -17.81
v 74.195 10 -9.776
v 72.814 10 -13.956
v 73.219 10 -15.889
v 63.261 10 -22.581
v 56.399 10 -29.465
v 56.15 10 -30.071
v 55.206 10 -32.391
v 53.551 10 -37.697
v 28.543 10 -21.931
v 29.724 10 -18.391
v 31.406 10 -12.82
v 28.525 10 -1.98
v 22.309 10 -0.576
v 21.531 10 -9.014
v 27.231 10 -47.424
v 33.47 10 -54.04
v 28.348 10 -56.537
v 22.055 10 -55.164
v 11.659 10 -74.849
v 12.905 10 -76.4
v 22.895 10 -83.31
v 24.561 10 -83.633
v 30.438 10 -90.265
v 39.827 10 -99.731
v 41.114 10 -99.079
v 48.4 10 -94.923
v 56.22 10 -84.82
v 89.827 10 -70.439
v 87.933 10 -71.249
v 77.334 10 -79.084
v 76.077 10 -79.26
v 74.687 10 -79.741
v 74.329 10 -79.845
v 67.832 10 -79.062
v 59.88 10 -60.154
v 62.744 10 -62.074
v 63.36 10 -41.876
v 71.436 10 -27.495
v 71.503 10 -26.669
v 78.547 10 -18.976
v 79.087 10 -18.064
v 82.941 10 -7.942
v 74.16 10 -9.59
v 66.42 10 -20.972
v 63.325 10 -22.556
v 56.28 10 -29.757
v 53.731 10 -37.575
v 45.126 10 -42.379
v 28.527 10 -21.765
v 29.45 10 -18.97
v 28.717 10 -2.032
v 22.857 10 -0.651
v 21.814 10 -9.166
v 29 10 -49.677
v 34.726 10 -56.798
v 20.781 10 -55.206
v 11.407 10 -74.623
v 12.895 10 -76.82
v 30.471 10 -90.327
v 30.59 10 -91.33
v 32.042 10 -95.833
v 39.939 10 -99.646
v 52.601 10 -85.156
v 89.849 10 -70.562
v 88.054 10 -71.339
v 77.385 10 -79.08
v 76.021 10 -79.289
v 74.57 10 -79.786
v 59.869 10 -59.913
v 62.639 10 -62.007
v 71.444 10 -27.171
v 71.48 10 -26.69
v 78.73 10 -18.664
v 78.913 10 -18.354
v 74.106 10 -9.318
v 74.474 10 -11.719
v 65.888 10 -21.471
v 54.349 10 -36.103
v 48.849 10 -41.99
v 45.33 10 -42.53
v 28.52 10 -21.53
v 29.083 10 -19.765
v 23.928 10 -10.877
v 29.179 10 -49.759
v 35.074 10 -57.15
v 28.397 10 -56.586
v 21.165 10 -55.307
v 11.055 10 -74.522
v 11.681 10 -74.851
v 23.969 10 -83.329
v 24.563 10 -83.616
v 30.507 10 -90.411
v 30.644 10 -91.28
v 32.105 10 -95.681
v 40.063 10 -99.556
v 40.873 10 -99.107
v 46.977 10 -96.538
v 52.884 10 -85.02
v 89.853 10 -70.659
v 74.473 10 -79.823
v 74.36 10 -79.86
v 60.116 10 -73.078
v 57.23 10 -58.652
v 59.855 10 -59.68
v 62.553 10 -61.946
v 63.194 10 -42.29
v 71.454 10 -26.918
v 77.358 10 -20.929
v 73.989 10 -8.985
v 74.513 10 -11.25
v 73.01 10 -14.9
v 65.509 10 -21.787
v 48.699 10 -42.243
v 40.318 10 -39.251
v 28.827 10 -20.338
v 31.32 10 -13
v 22.078 10 -9.334
v 17.039 10 -29.31
v 18.12 10 -31.248
v 29.37 10 -49.85
v 35.37 10 -57.452
v 21.427 10 -55.369
v 11.072 10 -74.5
v 12.907 10 -76.775
v 23.897 10 -83.287
v 24.55 10 -83.59
v 30.546 10 -90.513
v 30.678 10 -91.224
v 32.168 10 -95.57
v 40.192 10 -99.465
v 46.991 10 -97.149
v 46.9 10 -96.69
v 56.138 10 -84.803
v 89.838 10 -70.738
v 88.171 10 -71.397
v 77.408 10 -79.085
v 71.287 10 -79.879
v 57.217 10 -58.466
v 59.84 10 -59.47
v 62.492 10 -61.892
v 63.092 10 -43.393
v 63.06 10 -42.634
v 74.054 10 -9.124
v 74.529 10 -11.299
v 74.532 10 -11.596
v 65.219 10 -21.973
v 54.301 10 -36.399
v 48.586 10 -42.411
v 31.322 10 -13.041
v 17.261 10 -29.64
v 29.626 10 -49.984
v 35.599 10 -57.69
v 21.56 10 -55.39
v 11.102 10 -74.491
v 23.836 10 -83.247
v 24.466 10 -83.516
v 30.584 10 -90.627
v 30.691 10 -91.152
v 40.689 10 -99.161
v 46.856 10 -96.807
v 56.01 10 -84.793
v 88.303 10 -71.431
v 77.4 10 -79.1
v 75.822 10 -79.646
v 71.28 10 -79.91
v 57.23 10 -58.351
v 62.46 10 -61.85
v 62.966 10 -43.316
v 62.966 10 -42.888
v 71.466 10 -26.752
v 73.18 10 -14.943
v 28.663 10 -20.745
v 31.33 10 -13.084
v 26.452 10 -46.596
v 26.919 10 -47.074
v 35.747 10 -57.847
v 21.84 10 -55.286
v 21.67 10 -55.365
v 11.148 10 -74.497
v 11.352 10 -74.584
v 23.79 10 -83.213
v 24.311 10 -83.417
v 40.32 10 -99.38
v 46.899 10 -97.055
v 46.837 10 -96.898
v 55.844 10 -84.79
v 88.466 10 -71.446
v 77.284 10 -79.167
v 74.402 10 -79.848
v 62.908 10 -43.24
v 73.304 10 -15.008
v 31.341 10 -13.126
v 29.854 10 -50.123
v 35.8 10 -57.91
v 23.76 10 -83.186
v 24.124 10 -83.313
v 30.686 10 -91.056
v 40.52 10 -99.249
v 46.85 10 -96.976
v 47.076 10 -93.108
v 55.65 10 -84.793
v 88.68 10 -71.45
v 77.073 10 -79.259
v 62.433 10 -61.764
v 62.899 10 -43.15
v 74.54 10 -11.357
v 73.382 10 -15.099
v 30.071 10 -50.281
v 23.75 10 -83.17
v 23.942 10 -83.223
v 30.662 10 -90.925
v 46.926 10 -93.117
v 89.479 10 -71.322
v 88.942 10 -71.445
v 62.409 10 -61.624
v 74.548 10 -11.421
v 73.42 10 -15.222
v 54.244 10 -36.62
v 23.721 10 -10.54
v 23.94 10 -10.83
v 30.292 10 -50.47
v 32.89 10 -57.93
v 28.865 10 -85.616
v 30.62 10 -90.75
v 46.81 10 -93.12
v 89.345 10 -71.38
v 89.165 10 -71.421
v 62.384 10 -61.4
v 74.55 10 -11.49
v 73.418 10 -15.384
v 23.81 10 -10.626
v 33.661 10 -57.938
v 23.804 10 -83.169
v 46.676 10 -93.116
v 85.497 10 -75.795
v 62.355 10 -61.059
v 73.38 10 -15.59
v 23.879 10 -10.706
v 30.533 10 -50.702
v 34.356 10 -57.94
v 62.318 10 -60.569
v 23.924 10 -10.776
v 30.81 10 -50.99
v 34.945 10 -57.939
v 46.58 10 -93.102
v 85.463 10 -75.848
v 62.27 10 -59.9
v 73.342 10 -15.711
v 31.343 10 -51.571
v 35.401 10 -57.933
v 28.57 10 -21.042
v 31.929 10 -52.225
v 35.696 10 -57.923
v 29.169 10 -86.041
v 73.291 10 -15.807
v 28.529 10 -21.285
v 32.5 10 -52.875
v 29.08 10 -85.89
v 32.991 10 -53.445
v 11.21 10 -74.517
v 28.998 10 -85.764
v 76.801 10 -79.363
v 58.145 10 -57.739
v 33.337 10 -53.859
v 11.29 10 -74.55
v 28.929 10 -85.674
v 76.507 10 -79.464
v 58.074 10 -57.767
v 76.228 10 -79.551
v 62.92 10 -43.03
v 28.61 10 -27.33
v 46.513 10 -93.07
v 76 10 -79.61
v 46.467 10 -93.015
v 57.381 10 -58.205
v 53.142 10 -84.941
v 57.33 10 -58.24
v 75.888 10 -79.634
v 57.268 10 -58.284
v 45.418 10 -42.576
v 45.545 10 -42.631
v 71.211 10 -79.906
v 45.702 10 -42.693
v 71.044 10 -79.877
v 45.882 10 -42.755
v 70.794 10 -79.826
v 70.476 10 -79.756
v 60.024 10 -72.989
v 60.064 10 -73.033
v 68.077 10 -79.187
v 67.97 10 -79.16
f 1 2 3
f 4 1 5
f 6 4 7
f 8 6 9
f 10 8 11
f 12 10 13
f 14 12 15
f 16 14 17
f 18 16 19
f 20 18 21
f 22 20 23
f 24 22 25
f 26 24 27
f 28 26 29
f 30 31 32
f 33 30 34
f 35 33 36
f 37 38 39
f 40 37 41
f 42 40 43
f 44 42 45
f 46 47 48
f 49 46 50
f 51 49 52
f 53 54 55
f 56 53 57
f 58 56 59
f 60 58 61
f 62 60 63
f 64 62 65
f 66 67 68
f 69 70 71
f 72 73 74
f 75 72 76
f 77 75 78
f 79 80 81
f 82 83 84
f 85 82 86
f 87 85 88
f 89 87 90
f 91 92 93
f 94 95 96
f 97 94 98
f 99 97 100
f 101 102 103
f 104 105 106
f 107 104 108
f 109 110 111
f 112 113 114
f 115 112 116
f 117 115 118
f 119 120 121
f 122 119 123
f 124 122 125
f 126 124 127
f 128 126 129
f 130 128 131
f 132 130 133
f 134 132 135
f 136 134 137
f 138 136 139
f 140 138 141
f 142 140 143
f 144 142 145
f 146 144 147
f 148 146 149
f 150 148 151
f 152 150 153
f 154 152 155
f 156 154 157
f 158 156 159
f 160 161 162
f 163 160 164
f 165 163 166
f 167 168 169
f 170 167 171
f 172 170 173
f 174 175 176
f 177 174 178
f 179 177 180
f 181 179 182
f 183 184 185
f 186 183 187
f 188 186 189
f 190 191 192
f 193 194 195
f 196 193 197
f 198 196 199
f 200 201 202
f 203 200 204
f 205 203 206
f 207 205 208
f 209 210 211
f 212 209 213
f 214 212 215
f 216 214 217
f 218 216 219
f 220 218 221
f 222 223 224
f 225 222 226
f 227 225 228
f 229 227 230
f 231 229 232
f 233 231 234
f 235 236 237
f 238 235 239
f 240 238 241
f 242 240 243
f 244 242 245
f 246 244 247
f 248 249 250
f 251 248 252
f 253 251 254
f 255 256 257
f 258 255 259
f 260 258 261
f 262 260 263
f 264 262 265
f 266 264 267
f 268 269 270
f 271 272 273
f 274 271 275
f 276 274 277
f 278 279 280
f 281 278 282
f 283 281 284
f 285 283 286
f 287 285 288
f 289 287 290
f 291 292 293
f 294 291 295
f 296 294 297
f 298 296 299
f 300 301 302
f 303 300 304
f 305 303 306
f 307 308 309
f 310 307 311
f 312 310 313
f 314 315 316
f 317 314 318
f 319 317 320
f 321 319 322
f 323 321 324
f 325 323 326
f 327 328 329
f 330 327 331
f 332 330 333
f 334 332 335
f 336 334 337
f 338 336 339
f 340 338 341
f 342 343 344
f 345 342 346
f 347 345 348
f 349 347 350
f 351 352 353
f 354 351 355
f 356 354 357
f 358 359 360
f 361 358 362
f 363 361 364
f 365 363 366
f 367 365 368
f 369 367 370
f 371 372 373
f 374 371 375
f 376 374 377
f 378 379 380
f 381 378 382
f 383 381 384
f 385 383 386
f 387 385 388
f 389 387 390
f 391 392 393
f 394 391 395
f 396 397 398
f 399 396 400
f 401 402 403
f 404 401 405
f 406 404 407
f 408 406 409
f 410 411 412
f 413 410 414
f 415 413 416
f 417 418 419
f 420 417 421
f 422 420 423
f 424 422 425
f 426 427 428
f 429 426 430
f 431 429 432
f 433 434 435
f 436 437 438
f 439 440 441
f 442 443 444
f 445 442 446
f 447 445 448
f 449 450 451
f 452 449 453
f 454 452 455
f 456 454 457
f 458 456 459
f 460 461 462
f 463 460 464
f 465 463 466
f 467 468 469
f 470 467 471
f 472 470 473
f 474 475 476
f 477 474 478
f 479 477 480
f 481 479 482
f 483 484 485
f 486 483 487
f 488 486 489
f 490 488 491
f 492 490 493
f 494 492 495
f 496 494 497
f 498 496 499
f 500 498 501
f 502 503 504
f 505 502 506
f 507 505 508
f 509 507 510
f 511 512 513
f 514 511 515
f 516 514 517
f 518 516 519
f 520 518 521
f 522 520 523
f 524 522 525
f 526 527 528
f 529 526 530
f 531 529 532
f 533 534 535
f 536 537 538
f 539 536 540
f 541 539 542
f 543 541 544
f 545 543 546
f 547 545 548
f 549 547 550
f 551 552 553
f 554 551 555
f 556 554 557
f 558 556 559
f 560 561 562
f 563 560 564
f 565 563 566
f 567 565 568
f 569 570 571
f 572 569 573
f 574 572 575
f 576 577 578
f 579 576 580
f 581 579 582
f 583 581 584
f 585 586 587
f 588 585 589
f 590 588 591
f 592 593 594
f 595 592 596
f 597 595 598
f 599 597 600
f 601 599 602
f 603 601 604
f 605 606 607
f 608 605 609
f 610 608 611
f 612 613 614
f 615 612 616
f 617 615 618
f 619 617 620
f 621 622 623
f 624 621 625
f 626 624 627
f 628 626 629
f 630 628 631
f 632 630 633
f 634 632 635
f 636 637 638
f 639 640 641
f 642 643 644
f 645 642 646
f 647 645 648
f 649 647 650
f 651 649 652
f 653 651 654
f 655 656 657
f 658 655 659
f 660 661 662
f 663 660 664
f 665 663 666
f 667 665 668
f 669 667 670
f 671 669 672
f 673 671 674
f 675 676 677
f 678 679 680
f 681 682 683
f 684 681 685
f 686 684 687
f 688 689 690
f 691 692 693
f 694 691 695
f 696 694 697
f 698 696 699
f 700 701 702
f 703 704 705
f 706 703 707
f 708 706 709
f 710 708 711
f 712 710 713
f 714 712 715
f 716 714 717
f 718 716 719
f 720 718 721
f 722 720 723
f 724 722 725
f 726 724 727
f 728 726 729
f 730 728 731
f 732 730 733
f 734 732 735
f 736 737 738
f 739 736 740
f 741 739 742
f 743 741 744
f 745 743 746
f 747 745 748
f 749 747 750
f 751 752 753
f 754 751 755
f 756 757 758
f 759 760 761
f 762 759 763
f 764 762 765
f 766 764 767
f 768 769 770
f 771 772 773
f 774 771 775
f 776 774 777
f 778 779 780
f 781 778 782
f 783 781 784
f 785 783 786
f 787 785 788
f 789 787 790
f 791 789 792
f 793 794 795
f 796 793 797
f 798 796 799
f 800 798 801
f 802 803 804
f 805 802 806
f 807 805 808
f 809 810 811
f 812 813 814
f 815 812 816
f 817 815 818
f 819 817 820
f 821 819 822
f 823 821 824
f 825 826 827
f 828 825 829
f 830 828 831
f 832 833 834
f 835 832 836
f 837 835 838
f 839 840 841
f 842 839 843
f 844 842 845
f 846 844 847
f 848 846 849
f 850 848 851
f 852 850 853
f 854 855 856
f 857 854 858
f 859 857 860
f 861 862 863
f 864 861 865
f 866 864 867
f 868 866 869
f 870 868 871
f 872 870 873
f 874 872 875
f 876 874 877
f 878 876 879
f 880 878 881
f 882 880 883
f 884 882 885
f 886 884 887
f 888 889 890
f 891 888 892
f 893 891 894
f 895 893 896
f 897 898 899
f 900 897 901
f 902 900 903
f 904 905 906
f 907 904 908
f 909 907 910
f 911 912 913
f 914 911 915
f 916 914 917
f 918 916 919
f 920 918 921
f 922 920 923
f 924 925 926
f 927 924 928
f 929 927 930
f 931 932 933
f 934 931 935
f 936 934 937
f 938 939 940
f 941 938 942
f 943 941 944
f 945 943 946
f 947 945 948
f 949 947 950
f 951 949 952
f 953 951 954
f 955 956 957
f 958 955 959
f 960 958 961
f 962 963 964
f 965 962 966
f 967 965 968
f 969 970 971
f 972 969 973
f 974 972 975
f 976 974 977
f 978 979 980
f 981 978 982
f 983 981 984
f 985 986 987
f 988 985 989
f 990 988 991
f 992 993 994
f 995 992 996
f 997 995 998
f 999 1000 1001
f 1002 1003 1004
f 1005 1002 1006
f 1007 1005 1008
f 1009 1007 1010
f 1011 1012 1013
f 1014 1011 1015
f 1016 1014 1017
f 1018 1019 1020
f 1021 1018 1022
f 1023 1021 1024
f 1025 1023 1026
f 1027 1025 1028
f 1029 1027 1030
f 1031 1029 1032
f 1033 1034 1035
f 1036 1037 1038
f 1039 1036 1040
f 1041 1042 1043
f 1044 1041 1045
f 1046 1044 1047
f 1048 1046 1049
f 1050 1048 1051
f 1052 1053 1054
f 1055 1052 1056
f 1057 1055 1058
f 1059 1057 1060
f 1061 1062 1063
f 1064 1061 1065
f 1066 1064 1067
f 1068 1066 1069
f 1070 1068 1071
f 1072 1070 1073
f 1074 1075 1076
f 1077 1074 1078
f 1079 1077 1080
f 1081 1082 1083
f 1084 1081 1085
f 1086 1084 1087
f 1088 1086 1089
f 1090 1088 1091
f 1092 1090 1093
f 1094 1095 1096
f 1097 1094 1098
f 1099 1097 1100
f 1 1099 2
f 6 1 4
f 10 6 8
f 14 10 12
f 18 14 16
f 22 18 20
f 26 22 24
f 1101 26 28
f 33 31 30
f 40 38 37
f 44 40 42
f 46 1102 47
f 51 46 49
f 53 1103 54
f 58 53 56
f 62 58 60
f 1104 62 64
f 69 1105 70
f 72 1106 73
f 77 72 75
f 1107 80 79
f 85 83 82
f 89 85 87
f 91 1108 92
f 97 95 94
f 1109 97 99
f 104 1110 105
f 1111 104 107
f 109 1112 110
f 115 113 112
f 1113 115 117
f 119 1114 120
f 124 119 122
f 128 124 126
f 132 128 130
f 136 132 134
f 140 136 138
f 144 140 142
f 148 144 146
f 152 148 150
f 156 152 154
f 163 161 160
f 1115 163 165
f 170 168 167
f 1116 170 172
f 177 175 174
f 181 177 179
f 183 181 184
f 188 183 186
f 196 194 193
f 200 1117 201
f 205 200 203
f 209 1118 210
f 214 209 212
f 218 214 216
f 1119 218 220
f 225 223 222
f 229 225 227
f 233 229 231
f 238 236 235
f 242 238 240
f 246 242 244
f 248 1120 249
f 253 248 251
f 255 1121 256
f 260 255 258
f 264 260 262
f 1122 264 266
f 272 269 268
f 274 272 271
f 281 279 278
f 285 281 283
f 289 285 287
f 294 292 291
f 298 294 296
f 300 298 301
f 305 300 303
f 310 308 307
f 1123 310 312
f 317 315 314
f 321 317 319
f 325 321 323
f 327 325 328
f 332 327 330
f 336 332 334
f 340 336 338
f 342 1124 343
f 347 342 345
f 352 347 349
f 354 352 351
f 1125 354 356
f 361 359 358
f 365 361 363
f 369 365 367
f 374 372 371
f 1126 374 376
f 378 1127 379
f 383 378 381
f 387 383 385
f 1128 387 389
f 394 392 391
f 396 394 397
f 401 1129 402
f 406 401 404
f 410 408 411
f 415 410 413
f 417 1130 418
f 422 417 420
f 429 427 426
f 1131 429 431
f 433 1132 434
f 1133 437 436
f 439 1134 440
f 442 439 443
f 447 442 445
f 452 450 449
f 456 452 454
f 460 1135 461
f 465 460 463
f 470 468 467
f 1136 470 472
f 477 475 474
f 481 477 479
f 486 484 483
f 490 486 488
f 494 490 492
f 498 494 496
f 503 498 500
f 505 503 502
f 509 505 507
f 514 512 511
f 518 514 516
f 522 518 520
f 529 527 526
f 1137 534 533
f 536 1138 537
f 541 536 539
f 545 541 543
f 549 545 547
f 554 552 551
f 558 554 556
f 560 1139 561
f 565 560 563
f 1140 565 567
f 572 570 569
f 1141 572 574
f 576 1142 577
f 581 576 579
f 1143 581 583
f 588 586 585
f 1144 588 590
f 595 593 592
f 599 595 597
f 603 599 601
f 608 606 605
f 1145 608 610
f 615 613 612
f 619 615 617
f 621 1146 622
f 626 621 624
f 630 626 628
f 634 630 632
f 636 634 637
f 1147 640 639
f 642 1148 643
f 647 642 645
f 651 647 649
f 1149 651 653
f 658 656 655
f 660 1150 661
f 665 660 663
f 669 665 667
f 673 669 671
f 675 1151 676
f 684 682 681
f 1152 684 686
f 688 1153 689
f 694 692 691
f 698 694 696
f 703 700 704
f 708 703 706
f 712 708 710
f 716 712 714
f 720 716 718
f 724 720 722
f 728 724 726
f 732 728 730
f 739 737 736
f 743 739 741
f 747 743 745
f 754 752 751
f 756 1154 757
f 762 760 759
f 766 762 764
f 774 772 771
f 1155 774 776
f 781 779 778
f 785 781 783
f 789 785 787
f 1156 789 791
f 793 1157 794
f 798 793 796
f 805 803 802
f 810 805 807
f 1158 810 809
f 815 813 812
f 819 815 817
f 823 819 821
f 825 823 826
f 830 825 828
f 832 1159 833
f 837 832 835
f 842 840 839
f 846 842 844
f 850 846 848
f 1160 850 852
f 857 855 854
f 1161 857 859
f 861 1162 862
f 866 861 864
f 870 866 868
f 874 870 872
f 878 874 876
f 882 878 880
f 886 882 884
f 891 889 888
f 895 891 893
f 897 1163 898
f 902 897 900
f 904 1164 905
f 909 904 907
f 914 912 911
f 918 914 916
f 922 918 920
f 927 925 924
f 1165 927 929
f 934 932 931
f 1166 934 936
f 938 1167 939
f 943 938 941
f 947 943 945
f 951 947 949
f 1168 951 953
f 955 1169 956
f 960 955 958
f 965 963 962
f 1170 965 967
f 972 970 969
f 976 972 974
f 981 979 978
f 1171 981 983
f 988 986 985
f 1172 988 990
f 995 993 992
f 1000 995 997
f 1005 1003 1002
f 1009 1005 1007
f 1014 1012 1011
f 1019 1014 1016
f 1021 1019 1018
f 1025 1021 1023
f 1029 1025 1027
f 1173 1029 1031
f 1033 1174 1034
f 1036 1175 1037
f 1176 1036 1039
f 1044 1042 1041
f 1048 1044 1046
f 1052 1177 1053
f 1057 1052 1055
f 1178 1057 1059
f 1061 1179 1062
f 1066 1061 1064
f 1070 1066 1068
f 1180 1070 1072
f 1074 1181 1075
f 1079 1074 1077
f 1084 1082 1081
f 1088 1084 1086
f 1092 1088 1090
f 1097 1095 1094
f 1 1097 1099
f 10 1 6
f 18 10 14
f 26 18 22
f 35 31 33
f 40 1182 38
f 1183 40 44
f 51 1102 46
f 53 1184 1103
f 62 53 58
f 1185 62 1104
f 1186 1105 69
f 77 1106 72
f 1107 1187 80
f 89 83 85
f 91 1188 1108
f 97 1189 95
f 1190 97 1109
f 104 1191 1110
f 1112 104 1111
f 1192 1112 109
f 115 1193 113
f 124 1114 119
f 132 124 128
f 140 132 136
f 148 140 144
f 156 148 152
f 1115 161 163
f 170 1194 168
f 177 1195 175
f 188 181 183
f 196 1196 194
f 200 1197 1117
f 207 200 205
f 214 1118 209
f 1119 214 218
f 229 223 225
f 1198 229 233
f 238 1199 236
f 246 238 242
f 253 1120 248
f 260 1121 255
f 1122 260 264
f 272 1200 269
f 276 272 274
f 281 1201 279
f 289 281 285
f 294 1202 292
f 300 294 298
f 1203 300 305
f 310 1204 308
f 317 1205 315
f 325 317 321
f 332 325 327
f 340 332 336
f 347 1124 342
f 1125 352 354
f 361 1206 359
f 369 361 365
f 374 1207 372
f 1208 374 1126
f 383 1127 378
f 1128 383 387
f 394 1209 392
f 401 1210 1129
f 408 401 406
f 415 408 410
f 422 1130 417
f 429 1211 427
f 433 1212 1132
f 1134 437 1133
f 442 1134 439
f 1213 442 447
f 452 1214 450
f 458 452 456
f 460 1215 1135
f 1216 460 465
f 470 1217 468
f 1218 470 1136
f 477 1219 475
f 1220 477 481
f 486 1221 484
f 494 486 490
f 503 494 498
f 509 503 505
f 514 1222 512
f 522 514 518
f 529 1223 527
f 1224 534 1137
f 536 1225 1138
f 545 536 541
f 558 552 554
f 560 1226 1139
f 1140 560 565
f 1141 570 572
f 581 1142 576
f 1227 581 1143
f 588 1228 586
f 1229 588 1144
f 595 1230 593
f 603 595 599
f 1145 606 608
f 615 1231 613
f 1232 615 619
f 626 1146 621
f 634 626 630
f 1233 634 636
f 1234 640 1147
f 647 1148 642
f 1149 647 651
f 1150 656 658
f 665 1150 660
f 673 665 669
f 679 1151 675
f 684 1235 682
f 1236 684 1152
f 1237 1153 688
f 694 1238 692
f 708 700 703
f 716 708 712
f 724 716 720
f 732 724 728
f 743 737 739
f 749 743 747
f 754 1239 752
f 756 754 1154
f 762 1240 760
f 1241 762 766
f 774 1242 772
f 781 1243 779
f 1156 785 789
f 793 1244 1157
f 800 793 798
f 805 1245 803
f 1158 805 810
f 815 1246 813
f 823 815 819
f 830 823 825
f 837 1159 832
f 846 840 842
f 1160 846 850
f 1161 855 857
f 861 1247 1162
f 870 861 866
f 878 870 874
f 886 878 882
f 891 1248 889
f 1249 891 895
f 902 1163 897
f 909 1164 904
f 914 1250 912
f 922 914 918
f 927 1251 925
f 934 1252 932
f 1253 934 1166
f 943 1167 938
f 951 943 947
f 955 1168 1169
f 1254 955 960
f 965 1255 963
f 972 1256 970
f 1171 979 981
f 988 1257 986
f 1258 988 1172
f 1000 993 995
f 1005 1259 1003
f 1260 1005 1009
f 1019 1012 1014
f 1025 1019 1021
f 1173 1025 1029
f 1033 1173 1174
f 1176 1175 1036
f 1044 1261 1042
f 1050 1044 1048
f 1052 1262 1177
f 1178 1052 1057
f 1066 1179 1061
f 1180 1066 1070
f 1074 1263 1181
f 1264 1074 1079
f 1084 1265 1082
f 1092 1084 1088
f 1 1095 1097
f 18 1 10
f 1101 18 26
f 1266 31 35
f 40 1267 1182
f 1268 40 1183
f 51 1269 1102
f 53 1270 1184
f 1185 53 62
f 1186 1271 1105
f 77 1272 1106
f 1107 1273 1187
f 89 1274 83
f 91 1275 1188
f 1190 1189 97
f 104 1276 1191
f 1192 104 1112
f 1113 1193 115
f 124 1277 1114
f 140 124 132
f 156 140 148
f 1115 1278 161
f 1116 1194 170
f 181 1195 177
f 1279 181 188
f 198 1196 196
f 200 1280 1197
f 1281 200 207
f 214 1282 1118
f 1283 214 1119
f 229 1284 223
f 1285 229 1198
f 246 1199 238
f 253 1286 1120
f 260 1287 1121
f 1288 260 1122
f 272 1289 1200
f 281 1290 1201
f 1291 281 289
f 300 1202 294
f 1123 1204 310
f 325 1205 317
f 340 325 332
f 352 1124 347
f 1292 352 1125
f 369 1206 361
f 1208 1207 374
f 383 1293 1127
f 1294 383 1128
f 396 1209 394
f 408 1210 401
f 1295 408 415
f 422 1296 1130
f 1131 1211 429
f 433 1297 1212
f 442 437 1134
f 1298 442 1213
f 452 1299 1214
f 1215 452 458
f 1216 1215 460
f 1218 1217 470
f 477 1300 1219
f 1301 477 1220
f 494 1221 486
f 509 494 503
f 514 1302 1222
f 524 514 522
f 531 1223 529
f 1303 534 1224
f 536 1303 1225
f 549 536 545
f 558 1304 552
f 1140 1226 560
f 1141 1305 570
f 581 1306 1142
f 588 1227 1228
f 603 1230 595
f 1145 1307 606
f 1232 1231 615
f 626 1308 1146
f 1309 634 1233
f 1310 640 1234
f 647 1311 1148
f 665 656 1150
f 1151 665 673
f 684 1312 1235
f 1313 1153 1237
f 698 1238 694
f 716 700 708
f 732 716 724
f 749 737 743
f 756 1239 754
f 762 1314 1240
f 1315 762 1241
f 1155 1242 774
f 781 1316 1243
f 1317 785 1156
f 793 1318 1244
f 1319 793 800
f 1158 1245 805
f 815 1320 1246
f 830 815 823
f 837 1321 1159
f 1160 840 846
f 861 1322 1247
f 878 861 870
f 1323 878 886
f 1249 1248 891
f 902 1324 1163
f 909 1325 1164
f 922 1250 914
f 1165 1251 927
f 1253 1252 934
f 951 1167 943
f 1254 1168 955
f 1170 1255 965
f 972 1326 1256
f 988 1327 1257
f 1328 988 1258
f 1005 1329 1259
f 1019 1330 1012
f 1173 1019 1025
f 1331 1175 1176
f 1044 1332 1261
f 1333 1044 1050
f 1052 1334 1262
f 1335 1052 1178
f 1066 1336 1179
f 1337 1066 1180
f 1264 1263 1074
f 1092 1265 1084
f 1 1338 1095
f 1101 1 18
f 1268 1267 40
f 51 1268 1269
f 1185 1270 53
f 1339 1271 1186
f 1107 1340 1273
f 1341 1274 89
f 91 1342 1275
f 1343 1189 1190
f 104 101 1276
f 1344 104 1192
f 1113 1345 1193
f 124 1346 1277
f 156 124 140
f 1115 1347 1278
f 1116 1348 1194
f 1349 181 1279
f 198 1350 1196
f 1281 1280 200
f 214 1281 1282
f 1285 1284 229
f 246 1351 1199
f 253 1352 1286
f 260 1353 1287
f 1354 260 1288
f 276 1289 272
f 281 1355 1290
f 1356 281 1291
f 300 1357 1202
f 1358 1204 1123
f 325 1359 1205
f 1360 325 340
f 352 1361 1124
f 1362 352 1292
f 369 1363 1206
f 1208 1364 1207
f 383 1365 1293
f 1366 383 1294
f 408 1367 1210
f 1368 408 1295
f 422 1368 1296
f 433 1369 1297
f 442 1370 437
f 1299 442 1298
f 1215 1299 452
f 1371 1215 1216
f 1218 1372 1217
f 1301 1300 477
f 494 1301 1221
f 1373 494 509
f 524 1302 514
f 1374 1223 531
f 536 534 1303
f 1375 536 549
f 1376 1304 558
f 1377 1226 1140
f 1378 1305 1141
f 581 1379 1306
f 1229 1227 588
f 603 1380 1230
f 1381 1307 1145
f 1232 1382 1231
f 626 1232 1308
f 1383 634 1309
f 647 1384 1311
f 1151 656 665
f 684 1385 1312
f 716 701 700
f 734 716 732
f 1386 737 749
f 1387 1239 756
f 762 1387 1314
f 1388 762 1315
f 1389 1242 1155
f 781 1389 1316
f 1390 785 1317
f 793 1390 1318
f 1158 1391 1245
f 815 1392 1320
f 1393 815 830
f 837 1394 1321
f 855 840 1160
f 861 1395 1322
f 1323 861 878
f 1249 1396 1248
f 902 1397 1324
f 909 1398 1325
f 1399 1250 922
f 1400 1251 1165
f 1253 1401 1252
f 951 1402 1167
f 1254 951 1168
f 1170 1403 1255
f 976 1326 972
f 1328 1327 988
f 1005 1404 1329
f 1173 1330 1019
f 1405 1175 1331
f 1044 1406 1332
f 1052 1407 1334
f 1066 1408 1336
f 1409 1066 1337
f 1264 1409 1263
f 1092 1410 1265
f 1 1411 1338
f 1412 1 1101
f 1268 1413 1267
f 1414 1268 51
f 1185 1415 1270
f 1272 1271 1339
f 1107 1416 1340
f 1417 1274 1341
f 91 1418 1342
f 104 102 101
f 1419 104 1344
f 1346 1345 1113
f 156 1346 124
f 1115 1420 1347
f 1116 1421 1348
f 1422 181 1349
f 1423 1350 198
f 1281 1424 1280
f 1283 1281 214
f 1285 1425 1284
f 246 1426 1351
f 1427 1352 253
f 260 1427 1353
f 276 1428 1289
f 281 1429 1355
f 1430 281 1356
f 300 1430 1357
f 1360 1359 325
f 352 1431 1361
f 1432 352 1362
f 369 1432 1363
f 1208 1433 1364
f 1366 1365 383
f 408 399 1367
f 422 408 1368
f 433 1434 1369
f 1299 1370 442
f 1371 1299 1215
f 1218 1371 1372
f 1301 1435 1300
f 1373 1301 494
f 524 1373 1302
f 536 1436 534
f 1226 1304 1376
f 1305 1226 1377
f 1379 1305 1378
f 1227 1379 581
f 1437 1227 1229
f 1438 1380 603
f 1381 1439 1307
f 1232 1440 1382
f 634 1232 626
f 1441 634 1383
f 647 1442 1384
f 1151 1443 656
f 684 678 1385
f 716 1444 701
f 1445 716 734
f 1446 737 1386
f 762 1239 1387
f 769 762 1388
f 781 1242 1389
f 793 785 1390
f 1158 1447 1391
f 1393 1392 815
f 1448 1394 837
f 855 1449 840
f 1323 1395 861
f 1249 1450 1396
f 1451 1397 902
f 909 1451 1398
f 1399 1452 1250
f 1253 1400 1401
f 951 1453 1402
f 1454 951 1254
f 1170 1455 1403
f 976 1456 1326
f 1328 1457 1327
f 1260 1404 1005
f 1033 1330 1173
f 1458 1175 1405
f 1044 1459 1406
f 1052 1460 1407
f 1066 1335 1408
f 1264 1066 1409
f 1092 1461 1410
f 1 1462 1411
f 1463 1 1412
f 1414 1413 1268
f 1185 1414 1415
f 1107 77 1416
f 1417 1464 1274
f 91 1465 1418
f 104 1466 102
f 1467 104 1419
f 156 1345 1346
f 1115 158 1420
f 1468 1421 1116
f 1469 181 1422
f 1424 1350 1423
f 1283 1424 1281
f 1470 1425 1285
f 246 1470 1426
f 1427 1471 1352
f 1354 1427 260
f 1472 1428 276
f 1430 1429 281
f 1203 1430 300
f 1473 1359 1360
f 352 1474 1431
f 369 352 1432
f 1475 1433 1208
f 1366 1475 1365
f 408 396 399
f 424 408 422
f 433 1476 1434
f 1371 1370 1299
f 1435 1371 1218
f 1373 1435 1301
f 1477 1373 524
f 536 1478 1436
f 1227 1305 1379
f 1479 1227 1437
f 1480 1380 1438
f 1481 1439 1381
f 1232 1482 1440
f 1441 1232 634
f 647 1483 1442
f 684 679 678
f 716 1484 1444
f 1485 716 1445
f 1239 737 1446
f 769 1239 762
f 781 1486 1242
f 1319 785 793
f 1487 1447 1158
f 1393 1488 1392
f 1489 1394 1448
f 855 1490 1449
f 1323 1491 1395
f 1249 1492 1450
f 909 1397 1451
f 1493 1452 1399
f 1494 1400 1253
f 951 1494 1453
f 1495 951 1454
f 1170 1495 1455
f 976 1170 1456
f 1328 1496 1457
f 1260 1497 1404
f 1498 1175 1458
f 1044 1499 1459
f 1335 1460 1052
f 1264 1335 1066
f 1092 1500 1461
f 1 1501 1462
f 1502 1 1463
f 1185 1413 1414
f 1107 1272 77
f 1503 1464 1417
f 1504 1465 91
f 1467 1466 104
f 156 1505 1345
f 1115 156 158
f 1468 1506 1421
f 1424 1507 1350
f 1425 1424 1283
f 246 1425 1470
f 1354 1471 1427
f 1508 1428 1472
f 1430 1509 1429
f 1510 1430 1203
f 1511 1359 1473
f 369 1474 352
f 1366 1433 1475
f 1512 408 424
f 1370 1476 433
f 1435 1370 1371
f 1513 1373 1477
f 536 1514 1478
f 1227 1226 1305
f 1515 1227 1479
f 1516 1380 1480
f 1517 1439 1481
f 1441 1482 1232
f 1149 1483 647
f 1236 679 684
f 716 1518 1484
f 1519 716 1485
f 769 737 1239
f 785 1486 781
f 1447 785 1319
f 1520 1447 1487
f 1393 1521 1488
f 1522 1394 1489
f 855 1523 1490
f 1323 1161 1491
f 1249 1524 1492
f 909 1525 1397
f 1526 1452 1493
f 951 1400 1494
f 1170 951 1495
f 1527 1170 976
f 1528 1496 1328
f 1260 1529 1497
f 1530 1175 1498
f 1044 1531 1499
f 1264 1460 1335
f 1501 1500 1092
f 1502 1501 1
f 1185 1532 1413
f 1107 1271 1272
f 1533 1464 1503
f 1534 1465 1504
f 1467 1535 1466
f 156 1536 1505
f 1537 156 1115
f 1538 1506 1468
f 1425 1507 1424
f 1539 1425 246
f 1354 1540 1471
f 1541 1428 1508
f 1430 1542 1509
f 1543 1430 1510
f 1544 1359 1511
f 369 1545 1474
f 1366 1546 1433
f 1547 408 1512
f 1435 1476 1370
f 1548 1373 1513
f 1375 1514 536
f 1515 1226 1227
f 1439 1380 1516
f 1549 1439 1517
f 1441 1550 1482
f 1551 1483 1149
f 1552 679 1236
f 716 1553 1518
f 1554 716 1519
f 768 737 769
f 785 1555 1486
f 1556 1447 1520
f 1557 1521 1393
f 1523 1394 1522
f 1161 1523 855
f 1558 1161 1323
f 1559 1524 1249
f 1560 1525 909
f 1561 1452 1526
f 951 1251 1400
f 1527 951 1170
f 1562 1496 1528
f 1563 1529 1260
f 1044 1564 1531
f 1264 1565 1460
f 1501 1264 1500
f 1566 1501 1502
f 1567 1532 1185
f 1107 1568 1271
f 1569 1464 1533
f 1570 1465 1534
f 1467 1343 1535
f 156 1571 1536
f 1572 156 1537
f 1195 1506 1538
f 1425 1573 1507
f 1574 1425 1539
f 1354 1575 1540
f 1576 1428 1541
f 1430 1577 1542
f 1578 1430 1543
f 1579 1359 1544
f 1580 1545 369
f 1366 1581 1546
f 1435 1582 1476
f 1583 1373 1548
f 1375 1584 1514
f 1585 1226 1515
f 1549 1380 1439
f 1586 1550 1441
f 1587 679 1552
f 716 1588 1553
f 1589 716 1554
f 1590 737 768
f 785 1591 1555
f 1556 785 1447
f 1394 1521 1557
f 1161 1394 1523
f 1592 1161 1558
f 1593 1524 1559
f 1560 1594 1525
f 951 1595 1251
f 1596 951 1527
f 1597 1496 1562
f 1333 1564 1044
f 1264 1598 1565
f 1566 1264 1501
f 1599 1532 1567
f 1107 66 1568
f 1600 1464 1569
f 1601 1465 1570
f 1467 1189 1343
f 156 1602 1571
f 1603 156 1572
f 181 1506 1195
f 1425 190 1573
f 1604 1425 1574
f 1354 1605 1575
f 1606 1428 1576
f 1430 1607 1577
f 1204 1430 1578
f 1579 1358 1359
f 1580 1608 1545
f 1366 1609 1581
f 1435 1610 1582
f 1583 1435 1373
f 1375 1611 1584
f 1612 1226 1585
f 1549 1613 1380
f 1614 1550 1586
f 1615 679 1587
f 716 698 1588
f 1616 716 1589
f 1617 737 1590
f 785 1618 1591
f 1619 785 1556
f 1161 1521 1394
f 1524 1161 1592
f 1620 1594 1560
f 1596 1595 951
f 993 1496 1597
f 1333 1621 1564
f 1264 1622 1598
f 31 1264 1566
f 67 1532 1599
f 1623 66 1107
f 1600 1624 1464
f 1625 1465 1601
f 1626 1189 1467
f 156 1627 1602
f 1628 156 1603
f 181 1629 1506
f 1425 191 190
f 1630 1425 1604
f 1354 1631 1605
f 1204 1607 1430
f 1632 1358 1579
f 1633 1608 1580
f 1366 1634 1609
f 1435 1635 1610
f 1223 1435 1583
f 1375 1636 1611
f 1637 1226 1612
f 1638 1613 1549
f 1616 698 716
f 1639 737 1617
f 1521 785 1619
f 1593 1161 1524
f 1640 1594 1620
f 1596 1561 1595
f 1641 1621 1333
f 31 1622 1264
f 66 1532 67
f 1624 66 1623
f 1642 1624 1600
f 1643 1465 1625
f 1627 1189 1626
f 1628 1627 156
f 1425 1469 191
f 1644 1425 1630
f 1354 1645 1631
f 1204 1646 1607
f 1647 1358 1632
f 1648 1608 1633
f 1649 1634 1366
f 1435 1650 1635
f 1374 1435 1223
f 1375 1651 1636
f 1652 1226 1637
f 1550 1613 1638
f 1653 698 1616
f 1654 737 1639
f 1161 785 1521
f 1655 1161 1593
f 1656 1594 1640
f 1596 1452 1561
f 1622 1621 1641
f 1266 1622 31
f 1624 1532 66
f 1657 1624 1642
f 1628 1189 1627
f 1425 181 1469
f 1658 1425 1644
f 1354 1659 1645
f 1204 1660 1646
f 1608 1358 1647
f 1634 1608 1648
f 1661 1634 1649
f 1435 1131 1650
f 1662 1435 1374
f 1375 1663 1651
f 1664 698 1653
f 1665 1161 1655
f 1666 1594 1656
f 1667 1452 1596
f 1668 1622 1266
f 1624 1669 1532
f 1670 1624 1657
f 1628 1671 1189
f 1658 181 1425
f 1672 1659 1354
f 1204 1673 1660
f 1634 1358 1608
f 1674 1634 1661
f 1435 1211 1131
f 1675 1435 1662
f 1375 1676 1663
f 1677 698 1664
f 1678 1161 1665
f 1679 1594 1666
f 979 1452 1667
f 1680 1622 1668
f 1670 1669 1624
f 1628 1681 1671
f 1682 181 1658
f 1204 1606 1673
f 1634 1204 1358
f 1683 1634 1674
f 1676 1435 1675
f 1684 1676 1375
f 1685 698 1677
f 1594 1161 1678
f 1686 1594 1679
f 1171 1452 979
f 1687 1622 1680
f 1688 1669 1670
f 1628 1689 1681
f 1659 181 1682
f 1204 1428 1606
f 1683 1204 1634
f 1684 1435 1676
f 1690 698 1685
f 1686 1161 1594
f 1496 1452 1171
f 1691 1622 1687
f 1692 1669 1688
f 1628 1693 1689
f 1672 181 1659
f 1694 1204 1683
f 1695 1435 1684
f 1696 698 1690
f 1697 1161 1686
f 1691 1621 1622
f 1698 1669 1692
f 1628 1699 1693
f 1672 1629 181
f 1694 1428 1204
f 1304 1435 1695
f 1696 1238 698
f 1697 785 1161
f 1691 1700 1621
f 1701 1669 1698
f 1628 1702 1699
f 1694 1703 1428
f 1226 1435 1304
f 737 1238 1696
f 1704 785 1697
f 1691 1705 1700
f 1706 1669 1701
f 1628 1643 1702
f 1694 1707 1703
f 1652 1435 1226
f 1654 1238 737
f 1452 785 1704
f 1691 1530 1705
f 1708 1669 1706
f 1709 1643 1628
f 1694 1710 1707
f 1711 1435 1652
f 1654 1712 1238
f 1496 785 1452
f 1691 1175 1530
f 1713 1669 1708
f 1714 1643 1709
f 1694 1715 1710
f 1716 1435 1711
f 1654 1717 1712
f 1496 1618 785
f 1669 1175 1691
f 1465 1669 1713
f 1629 1643 1714
f 1694 1672 1715
f 1718 1435 1716
f 1654 1313 1717
f 1496 1719 1618
f 1669 1720 1175
f 1643 1669 1465
f 1672 1643 1629
f 1721 1672 1694
f 1722 1435 1718
f 1654 1153 1313
f 1496 1654 1719
f 1669 1033 1720
f 1723 1672 1721
f 1722 1211 1435
f 1654 1724 1153
f 993 1654 1496
f 1643 1033 1669
f 1209 1672 1723
f 1722 1725 1211
f 1654 1726 1724
f 1000 1654 993
f 1643 1330 1033
f 1209 1643 1672
f 1727 1725 1722
f 1654 1728 1726
f 1643 1563 1330
f 396 1643 1209
f 1613 1725 1727
f 1654 1615 1728
f 1643 1529 1563
f 408 1643 396
f 1550 1725 1613
f 1000 1615 1654
f 1643 1729 1529
f 1547 1643 408
f 1614 1725 1550
f 1000 679 1615
f 1643 1730 1729
f 1725 1643 1547
f 1731 1725 1614
f 1000 1151 679
f 1643 1732 1730
f 1733 1725 1731
f 999 1151 1000
f 1643 1734 1732
f 1735 1725 1733
f 999 1443 1151
f 1643 999 1734
f 1736 1725 1735
f 1643 1443 999
f 640 1725 1736
f 1643 1737 1443
f 1310 1725 640
f 1643 1738 1737
f 1739 1725 1310
f 1643 1551 1738
f 1740 1725 1739
f 1643 1483 1551
f 1740 1643 1725
f 1643 1740 1483
f 1741 1742 1743
f 1742 1744 1745
f 1744 1746 1747
f 1746 1748 1749
f 1748 1750 1751
f 1750 1752 1753
f 1752 1754 1755
f 1754 1756 1757
f 1756 1758 1759
f 1758 1760 1761
f 1760 1762 1763
f 1762 1764 1765
f 1764 1766 1767
f 1766 1768 1769
f 1770 1771 1772
f 1771 1773 1774
f 1773 1775 1776
f 1777 1778 1779
f 1778 1780 1781
f 1780 1782 1783
f 1782 1784 1785
f 1786 1787 1788
f 1787 1789 1790
f 1789 1791 1792
f 1793 1794 1795
f 1794 1796 1797
f 1796 1798 1799
f 1798 1800 1801
f 1800 1802 1803
f 1802 1804 1805
f 1806 1807 1808
f 1809 1810 1811
f 1812 1813 1814
f 1813 1815 1816
f 1815 1817 1818
f 1819 1820 1821
f 1822 1823 1824
f 1823 1825 1826
f 1825 1827 1828
f 1827 1829 1830
f 1831 1832 1833
f 1834 1835 1836
f 1835 1837 1838
f 1837 1839 1840
f 1841 1842 1843
f 1844 1845 1846
f 1845 1847 1848
f 1849 1850 1851
f 1852 1853 1854
f 1853 1855 1856
f 1855 1857 1858
f 1859 1860 1861
f 1860 1862 1863
f 1862 1864 1865
f 1864 1866 1867
f 1866 1868 1869
f 1868 1870 1871
f 1870 1872 1873
f 1872 1874 1875
f 1874 1876 1877
f 1876 1878 1879
f 1878 1880 1881
f 1880 1882 1883
f 1882 1884 1885
f 1884 1886 1887
f 1886 1888 1889
f 1888 1890 1891
f 1890 1892 1893
f 1892 1894 1895
f 1894 1896 1897
f 1896 1898 1899
f 1900 1901 1902
f 1901 1903 1904
f 1903 1905 1906
f 1907 1908 1909
f 1908 1910 1911
f 1910 1912 1913
f 1914 1915 1916
f 1915 1917 1918
f 1917 1919 1920
f 1919 1921 1922
f 1923 1924 1925
f 1924 1926 1927
f 1926 1928 1929
f 1930 1931 1932
f 1933 1934 1935
f 1934 1936 1937
f 1936 1938 1939
f 1940 1941 1942
f 1941 1943 1944
f 1943 1945 1946
f 1945 1947 1948
f 1949 1950 1951
f 1950 1952 1953
f 1952 1954 1955
f 1954 1956 1957
f 1956 1958 1959
f 1958 1960 1961
f 1962 1963 1964
f 1963 1965 1966
f 1965 1967 1968
f 1967 1969 1970
f 1969 1971 1972
f 1971 1973 1974
f 1975 1976 1977
f 1976 1978 1979
f 1978 1980 1981
f 1980 1982 1983
f 1982 1984 1985
f 1984 1986 1987
f 1988 1989 1990
f 1989 1991 1992
f 1991 1993 1994
f 1995 1996 1997
f 1996 1998 1999
f 1998 2000 2001
f 2000 2002 2003
f 2002 2004 2005
f 2004 2006 2007
f 2008 2009 2010
f 2011 2012 2013
f 2012 2014 2015
f 2014 2016 2017
f 2018 2019 2020
f 2019 2021 2022
f 2021 2023 2024
f 2023 2025 2026
f 2025 2027 2028
f 2027 2029 2030
f 2031 2032 2033
f 2032 2034 2035
f 2034 2036 2037
f 2036 2038 2039
f 2040 2041 2042
f 2041 2043 2044
f 2043 2045 2046
f 2047 2048 2049
f 2048 2050 2051
f 2050 2052 2053
f 2054 2055 2056
f 2055 2057 2058
f 2057 2059 2060
f 2059 2061 2062
f 2061 2063 2064
f 2063 2065 2066
f 2067 2068 2069
f 2068 2070 2071
f 2070 2072 2073
f 2072 2074 2075
f 2074 2076 2077
f 2076 2078 2079
f 2078 2080 2081
f 2082 2083 2084
f 2083 2085 2086
f 2085 2087 2088
f 2087 2089 2090
f 2091 2092 2093
f 2092 2094 2095
f 2094 2096 2097
f 2098 2099 2100
f 2099 2101 2102
f 2101 2103 2104
f 2103 2105 2106
f 2105 2107 2108
f 2107 2109 2110
f 2111 2112 2113
f 2112 2114 2115
f 2114 2116 2117
f 2118 2119 2120
f 2119 2121 2122
f 2121 2123 2124
f 2123 2125 2126
f 2125 2127 2128
f 2127 2129 2130
f 2131 2132 2133
f 2132 2134 2135
f 2136 2137 2138
f 2137 2139 2140
f 2141 2142 2143
f 2142 2144 2145
f 2144 2146 2147
f 2146 2148 2149
f 2150 2151 2152
f 2151 2153 2154
f 2153 2155 2156
f 2157 2158 2159
f 2158 2160 2161
f 2160 2162 2163
f 2162 2164 2165
f 2166 2167 2168
f 2167 2169 2170
f 2169 2171 2172
f 2173 2174 2175
f 2176 2177 2178
f 2179 2180 2181
f 2182 2183 2184
f 2183 2185 2186
f 2185 2187 2188
f 2189 2190 2191
f 2190 2192 2193
f 2192 2194 2195
f 2194 2196 2197
f 2196 2198 2199
f 2200 2201 2202
f 2201 2203 2204
f 2203 2205 2206
f 2207 2208 2209
f 2208 2210 2211
f 2210 2212 2213
f 2214 2215 2216
f 2215 2217 2218
f 2217 2219 2220
f 2219 2221 2222
f 2223 2224 2225
f 2224 2226 2227
f 2226 2228 2229
f 2228 2230 2231
f 2230 2232 2233
f 2232 2234 2235
f 2234 2236 2237
f 2236 2238 2239
f 2238 2240 2241
f 2242 2243 2244
f 2243 2245 2246
f 2245 2247 2248
f 2247 2249 2250
f 2251 2252 2253
f 2252 2254 2255
f 2254 2256 2257
f 2256 2258 2259
f 2258 2260 2261
f 2260 2262 2263
f 2262 2264 2265
f 2266 2267 2268
f 2267 2269 2270
f 2269 2271 2272
f 2273 2274 2275
f 2276 2277 2278
f 2277 2279 2280
f 2279 2281 2282
f 2281 2283 2284
f 2283 2285 2286
f 2285 2287 2288
f 2287 2289 2290
f 2291 2292 2293
f 2292 2294 2295
f 2294 2296 2297
f 2296 2298 2299
f 2300 2301 2302
f 2301 2303 2304
f 2303 2305 2306
f 2305 2307 2308
f 2309 2310 2311
f 2310 2312 2313
f 2312 2314 2315
f 2316 2317 2318
f 2317 2319 2320
f 2319 2321 2322
f 2321 2323 2324
f 2325 2326 2327
f 2326 2328 2329
f 2328 2330 2331
f 2332 2333 2334
f 2333 2335 2336
f 2335 2337 2338
f 2337 2339 2340
f 2339 2341 2342
f 2341 2343 2344
f 2345 2346 2347
f 2346 2348 2349
f 2348 2350 2351
f 2352 2353 2354
f 2353 2355 2356
f 2355 2357 2358
f 2357 2359 2360
f 2361 2362 2363
f 2362 2364 2365
f 2364 2366 2367
f 2366 2368 2369
f 2368 2370 2371
f 2370 2372 2373
f 2372 2374 2375
f 2376 2377 2378
f 2379 2380 2381
f 2382 2383 2384
f 2383 2385 2386
f 2385 2387 2388
f 2387 2389 2390
f 2389 2391 2392
f 2391 2393 2394
f 2395 2396 2397
f 2396 2398 2399
f 2400 2401 2402
f 2401 2403 2404
f 2403 2405 2406
f 2405 2407 2408
f 2407 2409 2410
f 2409 2411 2412
f 2411 2413 2414
f 2415 2416 2417
f 2418 2419 2420
f 2421 2422 2423
f 2422 2424 2425
f 2424 2426 2427
f 2428 2429 2430
f 2431 2432 2433
f 2432 2434 2435
f 2434 2436 2437
f 2436 2438 2439
f 2440 2441 2442
f 2443 2444 2445
f 2444 2446 2447
f 2446 2448 2449
f 2448 2450 2451
f 2450 2452 2453
f 2452 2454 2455
f 2454 2456 2457
f 2456 2458 2459
f 2458 2460 2461
f 2460 2462 2463
f 2462 2464 2465
f 2464 2466 2467
f 2466 2468 2469
f 2468 2470 2471
f 2470 2472 2473
f 2472 2474 2475
f 2476 2477 2478
f 2477 2479 2480
f 2479 2481 2482
f 2481 2483 2484
f 2483 2485 2486
f 2485 2487 2488
f 2487 2489 2490
f 2491 2492 2493
f 2492 2494 2495
f 2496 2497 2498
f 2499 2500 2501
f 2500 2502 2503
f 2502 2504 2505
f 2504 2506 2507
f 2508 2509 2510
f 2511 2512 2513
f 2512 2514 2515
f 2514 2516 2517
f 2518 2519 2520
f 2519 2521 2522
f 2521 2523 2524
f 2523 2525 2526
f 2525 2527 2528
f 2527 2529 2530
f 2529 2531 2532
f 2533 2534 2535
f 2534 2536 2537
f 2536 2538 2539
f 2538 2540 2541
f 2542 2543 2544
f 2543 2545 2546
f 2545 2547 2548
f 2549 2550 2551
f 2552 2553 2554
f 2553 2555 2556
f 2555 2557 2558
f 2557 2559 2560
f 2559 2561 2562
f 2561 2563 2564
f 2565 2566 2567
f 2566 2568 2569
f 2568 2570 2571
f 2572 2573 2574
f 2573 2575 2576
f 2575 2577 2578
f 2579 2580 2581
f 2580 2582 2583
f 2582 2584 2585
f 2584 2586 2587
f 2586 2588 2589
f 2588 2590 2591
f 2590 2592 2593
f 2594 2595 2596
f 2595 2597 2598
f 2597 2599 2600
f 2601 2602 2603
f 2602 2604 2605
f 2604 2606 2607
f 2606 2608 2609
f 2608 2610 2611
f 2610 2612 2613
f 2612 2614 2615
f 2614 2616 2617
f 2616 2618 2619
f 2618 2620 2621
f 2620 2622 2623
f 2622 2624 2625
f 2624 2626 2627
f 2628 2629 2630
f 2629 2631 2632
f 2631 2633 2634
f 2633 2635 2636
f 2637 2638 2639
f 2638 2640 2641
f 2640 2642 2643
f 2644 2645 2646
f 2645 2647 2648
f 2647 2649 2650
f 2651 2652 2653
f 2652 2654 2655
f 2654 2656 2657
f 2656 2658 2659
f 2658 2660 2661
f 2660 2662 2663
f 2664 2665 2666
f 2665 2667 2668
f 2667 2669 2670
f 2671 2672 2673
f 2672 2674 2675
f 2674 2676 2677
f 2678 2679 2680
f 2679 2681 2682
f 2681 2683 2684
f 2683 2685 2686
f 2685 2687 2688
f 2687 2689 2690
f 2689 2691 2692
f 2691 2693 2694
f 2695 2696 2697
f 2696 2698 2699
f 2698 2700 2701
f 2702 2703 2704
f 2703 2705 2706
f 2705 2707 2708
f 2709 2710 2711
f 2710 2712 2713
f 2712 2714 2715
f 2714 2716 2717
f 2718 2719 2720
f 2719 2721 2722
f 2721 2723 2724
f 2725 2726 2727
f 2726 2728 2729
f 2728 2730 2731
f 2732 2733 2734
f 2733 2735 2736
f 2735 2737 2738
f 2739 2740 2741
f 2742 2743 2744
f 2743 2745 2746
f 2745 2747 2748
f 2747 2749 2750
f 2751 2752 2753
f 2752 2754 2755
f 2754 2756 2757
f 2758 2759 2760
f 2759 2761 2762
f 2761 2763 2764
f 2763 2765 2766
f 2765 2767 2768
f 2767 2769 2770
f 2769 2771 2772
f 2773 2774 2775
f 2776 2777 2778
f 2777 2779 2780
f 2781 2782 2783
f 2782 2784 2785
f 2784 2786 2787
f 2786 2788 2789
f 2788 2790 2791
f 2792 2793 2794
f 2793 2795 2796
f 2795 2797 2798
f 2797 2799 2800
f 2801 2802 2803
f 2802 2804 2805
f 2804 2806 2807
f 2806 2808 2809
f 2808 2810 2811
f 2810 2812 2813
f 2814 2815 2816
f 2815 2817 2818
f 2817 2819 2820
f 2821 2822 2823
f 2822 2824 2825
f 2824 2826 2827
f 2826 2828 2829
f 2828 2830 2831
f 2830 2832 2833
f 2834 2835 2836
f 2835 2837 2838
f 2837 2839 2840
f 2839 1742 1741
f 1742 1746 1744
f 1746 1750 1748
f 1750 1754 1752
f 1754 1758 1756
f 1758 1762 1760
f 1762 1766 1764
f 1766 2841 1768
f 1770 1773 1771
f 1777 1780 1778
f 1780 1784 1782
f 2842 1787 1786
f 1787 1791 1789
f 2843 1794 1793
f 1794 1798 1796
f 1798 1802 1800
f 1802 2844 1804
f 2845 1810 1809
f 2846 1813 1812
f 1813 1817 1815
f 1819 2847 1820
f 1822 1825 1823
f 1825 1829 1827
f 2848 1832 1831
f 1834 1837 1835
f 1837 2849 1839
f 2850 1845 1844
f 1845 2851 1847
f 2852 1850 1849
f 1852 1855 1853
f 1855 2853 1857
f 2854 1860 1859
f 1860 1864 1862
f 1864 1868 1866
f 1868 1872 1870
f 1872 1876 1874
f 1876 1880 1878
f 1880 1884 1882
f 1884 1888 1886
f 1888 1892 1890
f 1892 1896 1894
f 1900 1903 1901
f 1903 2855 1905
f 1907 1910 1908
f 1910 2856 1912
f 1914 1917 1915
f 1917 1921 1919
f 1921 1924 1923
f 1924 1928 1926
f 1933 1936 1934
f 2857 1941 1940
f 1941 1945 1943
f 2858 1950 1949
f 1950 1954 1952
f 1954 1958 1956
f 1958 2859 1960
f 1962 1965 1963
f 1965 1969 1967
f 1969 1973 1971
f 1975 1978 1976
f 1978 1982 1980
f 1982 1986 1984
f 2860 1989 1988
f 1989 1993 1991
f 2861 1996 1995
f 1996 2000 1998
f 2000 2004 2002
f 2004 2862 2006
f 2008 2011 2009
f 2011 2014 2012
f 2018 2021 2019
f 2021 2025 2023
f 2025 2029 2027
f 2031 2034 2032
f 2034 2038 2036
f 2038 2041 2040
f 2041 2045 2043
f 2047 2050 2048
f 2050 2863 2052
f 2054 2057 2055
f 2057 2061 2059
f 2061 2065 2063
f 2065 2068 2067
f 2068 2072 2070
f 2072 2076 2074
f 2076 2080 2078
f 2864 2083 2082
f 2083 2087 2085
f 2087 2091 2089
f 2091 2094 2092
f 2094 2865 2096
f 2098 2101 2099
f 2101 2105 2103
f 2105 2109 2107
f 2111 2114 2112
f 2114 2866 2116
f 2867 2119 2118
f 2119 2123 2121
f 2123 2127 2125
f 2127 2868 2129
f 2131 2134 2132
f 2134 2137 2136
f 2869 2142 2141
f 2142 2146 2144
f 2148 2151 2150
f 2151 2155 2153
f 2870 2158 2157
f 2158 2162 2160
f 2166 2169 2167
f 2169 2871 2171
f 2872 2174 2173
f 2176 2873 2177
f 2874 2180 2179
f 2180 2183 2182
f 2183 2187 2185
f 2189 2192 2190
f 2192 2196 2194
f 2875 2201 2200
f 2201 2205 2203
f 2207 2210 2208
f 2210 2876 2212
f 2214 2217 2215
f 2217 2221 2219
f 2223 2226 2224
f 2226 2230 2228
f 2230 2234 2232
f 2234 2238 2236
f 2238 2242 2240
f 2242 2245 2243
f 2245 2249 2247
f 2251 2254 2252
f 2254 2258 2256
f 2258 2262 2260
f 2266 2269 2267
f 2273 2877 2274
f 2878 2277 2276
f 2277 2281 2279
f 2281 2285 2283
f 2285 2289 2287
f 2291 2294 2292
f 2294 2298 2296
f 2879 2301 2300
f 2301 2305 2303
f 2305 2880 2307
f 2309 2312 2310
f 2312 2881 2314
f 2882 2317 2316
f 2317 2321 2319
f 2321 2883 2323
f 2325 2328 2326
f 2328 2884 2330
f 2332 2335 2333
f 2335 2339 2337
f 2339 2343 2341
f 2345 2348 2346
f 2348 2885 2350
f 2352 2355 2353
f 2355 2359 2357
f 2886 2362 2361
f 2362 2366 2364
f 2366 2370 2368
f 2370 2374 2372
f 2374 2377 2376
f 2379 2887 2380
f 2888 2383 2382
f 2383 2387 2385
f 2387 2391 2389
f 2391 2889 2393
f 2395 2398 2396
f 2890 2401 2400
f 2401 2405 2403
f 2405 2409 2407
f 2409 2413 2411
f 2891 2416 2415
f 2421 2424 2422
f 2424 2892 2426
f 2893 2429 2428
f 2431 2434 2432
f 2434 2438 2436
f 2441 2444 2443
f 2444 2448 2446
f 2448 2452 2450
f 2452 2456 2454
f 2456 2460 2458
f 2460 2464 2462
f 2464 2468 2466
f 2468 2472 2470
f 2476 2479 2477
f 2479 2483 2481
f 2483 2487 2485
f 2491 2494 2492
f 2894 2497 2496
f 2499 2502 2500
f 2502 2506 2504
f 2511 2514 2512
f 2514 2895 2516
f 2518 2521 2519
f 2521 2525 2523
f 2525 2529 2527
f 2529 2896 2531
f 2897 2534 2533
f 2534 2538 2536
f 2542 2545 2543
f 2545 2549 2547
f 2549 2898 2550
f 2552 2555 2553
f 2555 2559 2557
f 2559 2563 2561
f 2563 2566 2565
f 2566 2570 2568
f 2899 2573 2572
f 2573 2577 2575
f 2579 2582 2580
f 2582 2586 2584
f 2586 2590 2588
f 2590 2900 2592
f 2594 2597 2595
f 2597 2901 2599
f 2902 2602 2601
f 2602 2606 2604
f 2606 2610 2608
f 2610 2614 2612
f 2614 2618 2616
f 2618 2622 2620
f 2622 2626 2624
f 2628 2631 2629
f 2631 2635 2633
f 2903 2638 2637
f 2638 2642 2640
f 2904 2645 2644
f 2645 2649 2647
f 2651 2654 2652
f 2654 2658 2656
f 2658 2662 2660
f 2664 2667 2665
f 2667 2905 2669
f 2671 2674 2672
f 2674 2906 2676
f 2907 2679 2678
f 2679 2683 2681
f 2683 2687 2685
f 2687 2691 2689
f 2691 2908 2693
f 2909 2696 2695
f 2696 2700 2698
f 2702 2705 2703
f 2705 2910 2707
f 2709 2712 2710
f 2712 2716 2714
f 2718 2721 2719
f 2721 2911 2723
f 2725 2728 2726
f 2728 2912 2730
f 2732 2735 2733
f 2735 2739 2737
f 2742 2745 2743
f 2745 2749 2747
f 2751 2754 2752
f 2754 2758 2756
f 2758 2761 2759
f 2761 2765 2763
f 2765 2769 2767
f 2769 2913 2771
f 2914 2774 2773
f 2915 2777 2776
f 2777 2916 2779
f 2781 2784 2782
f 2784 2788 2786
f 2917 2793 2792
f 2793 2797 2795
f 2797 2918 2799
f 2919 2802 2801
f 2802 2806 2804
f 2806 2810 2808
f 2810 2920 2812
f 2921 2815 2814
f 2815 2819 2817
f 2821 2824 2822
f 2824 2828 2826
f 2828 2832 2830
f 2834 2837 2835
f 2837 1742 2839
f 1742 1750 1746
f 1750 1758 1754
f 1758 1766 1762
f 1770 1775 1773
f 2922 1780 1777
f 1780 2923 1784
f 2842 1791 1787
f 2924 1794 2843
f 1794 1802 1798
f 1802 2925 2844
f 2845 2926 1810
f 2846 1817 1813
f 2927 2847 1819
f 1822 1829 1825
f 2928 1832 2848
f 2929 1837 1834
f 1837 2930 2849
f 2931 1845 2850
f 1845 2852 2851
f 2852 2932 1850
f 2933 1855 1852
f 2854 1864 1860
f 1864 1872 1868
f 1872 1880 1876
f 1880 1888 1884
f 1888 1896 1892
f 1900 2855 1903
f 2934 1910 1907
f 2935 1917 1914
f 1921 1928 1924
f 2936 1936 1933
f 2937 1941 2857
f 1941 1947 1945
f 2858 1954 1950
f 1954 2859 1958
f 1962 1969 1965
f 1969 2938 1973
f 2939 1978 1975
f 1978 1986 1982
f 2860 1993 1989
f 2861 2000 1996
f 2000 2862 2004
f 2940 2011 2008
f 2011 2016 2014
f 2941 2021 2018
f 2021 2029 2025
f 2942 2034 2031
f 2034 2041 2038
f 2041 2943 2045
f 2944 2050 2047
f 2945 2057 2054
f 2057 2065 2061
f 2065 2072 2068
f 2072 2080 2076
f 2864 2087 2083
f 2091 2865 2094
f 2946 2101 2098
f 2101 2109 2105
f 2947 2114 2111
f 2114 2948 2866
f 2867 2123 2119
f 2123 2868 2127
f 2949 2134 2131
f 2950 2142 2869
f 2142 2148 2146
f 2148 2155 2151
f 2870 2162 2158
f 2951 2169 2166
f 2952 2174 2872
f 2176 2874 2873
f 2874 2183 2180
f 2183 2953 2187
f 2954 2192 2189
f 2192 2198 2196
f 2955 2201 2875
f 2201 2956 2205
f 2957 2210 2207
f 2210 2958 2876
f 2959 2217 2214
f 2217 2960 2221
f 2961 2226 2223
f 2226 2234 2230
f 2234 2242 2238
f 2242 2249 2245
f 2962 2254 2251
f 2254 2262 2258
f 2963 2269 2266
f 2273 2964 2877
f 2965 2277 2878
f 2277 2285 2281
f 2291 2298 2294
f 2966 2301 2879
f 2301 2880 2305
f 2309 2881 2312
f 2882 2321 2317
f 2321 2967 2883
f 2968 2328 2325
f 2328 2969 2884
f 2970 2335 2332
f 2335 2343 2339
f 2345 2885 2348
f 2971 2355 2352
f 2355 2972 2359
f 2886 2366 2362
f 2366 2374 2370
f 2374 2973 2377
f 2379 2974 2887
f 2888 2387 2383
f 2387 2889 2391
f 2395 2890 2398
f 2890 2405 2401
f 2405 2413 2409
f 2891 2418 2416
f 2975 2424 2421
f 2424 2976 2892
f 2893 2977 2429
f 2978 2434 2431
f 2441 2448 2444
f 2448 2456 2452
f 2456 2464 2460
f 2464 2472 2468
f 2476 2483 2479
f 2483 2489 2487
f 2979 2494 2491
f 2494 2497 2894
f 2980 2502 2499
f 2502 2981 2506
f 2982 2514 2511
f 2983 2521 2518
f 2525 2896 2529
f 2984 2534 2897
f 2534 2540 2538
f 2985 2545 2542
f 2545 2898 2549
f 2986 2555 2552
f 2555 2563 2559
f 2563 2570 2566
f 2899 2577 2573
f 2579 2586 2582
f 2586 2900 2590
f 2594 2901 2597
f 2987 2602 2902
f 2602 2610 2606
f 2610 2618 2614
f 2618 2626 2622
f 2988 2631 2628
f 2631 2989 2635
f 2903 2642 2638
f 2904 2649 2645
f 2990 2654 2651
f 2654 2662 2658
f 2991 2667 2664
f 2992 2674 2671
f 2674 2993 2906
f 2907 2683 2679
f 2683 2691 2687
f 2908 2696 2909
f 2696 2994 2700
f 2995 2705 2702
f 2996 2712 2709
f 2718 2911 2721
f 2997 2728 2725
f 2728 2998 2912
f 2732 2739 2735
f 2999 2745 2742
f 2745 3000 2749
f 2751 2758 2754
f 2758 2765 2761
f 2765 2913 2769
f 2913 2774 2914
f 2915 2916 2777
f 3001 2784 2781
f 2784 2790 2788
f 3002 2793 2917
f 2793 2918 2797
f 2919 2806 2802
f 2806 2920 2810
f 3003 2815 2921
f 2815 3004 2819
f 3005 2824 2821
f 2824 2832 2828
f 2834 1742 2837
f 1742 1758 1750
f 1758 2841 1766
f 1770 3006 1775
f 3007 1780 2922
f 1780 3008 2923
f 3009 1791 2842
f 3010 1794 2924
f 1794 2925 1802
f 3011 2926 2845
f 3012 1817 2846
f 3013 2847 2927
f 3014 1829 1822
f 3015 1832 2928
f 2929 2930 1837
f 3016 1845 2931
f 1845 2932 2852
f 2933 2853 1855
f 3017 1864 2854
f 1864 1880 1872
f 1880 1896 1888
f 3018 2855 1900
f 2934 2856 1910
f 2935 1921 1917
f 1921 3019 1928
f 2936 1938 1936
f 3020 1941 2937
f 1941 3021 1947
f 3022 1954 2858
f 1954 3023 2859
f 3024 1969 1962
f 1969 3025 2938
f 2939 1986 1978
f 3026 1993 2860
f 3027 2000 2861
f 2000 3028 2862
f 3029 2011 2940
f 3030 2021 2941
f 2021 3031 2029
f 2942 2041 2034
f 2944 2863 2050
f 2945 2065 2057
f 2065 2080 2072
f 2864 2091 2087
f 2091 3032 2865
f 2946 2109 2101
f 2947 2948 2114
f 3033 2123 2867
f 2123 3034 2868
f 2949 2137 2134
f 2950 2148 2142
f 2148 3035 2155
f 3036 2162 2870
f 2951 2871 2169
f 3037 2174 2952
f 2176 2183 2874
f 2183 3038 2953
f 3039 2192 2954
f 2192 2955 2198
f 2955 2956 2201
f 2957 2958 2210
f 3040 2217 2959
f 2217 3041 2960
f 2961 2234 2226
f 2234 2249 2242
f 3042 2254 2962
f 2254 2264 2262
f 2963 2271 2269
f 2273 3043 2964
f 3043 2277 2965
f 2277 2289 2285
f 3044 2298 2291
f 2966 2880 2301
f 3045 2881 2309
f 3046 2321 2882
f 2967 2328 2968
f 2970 2343 2335
f 3047 2885 2345
f 2971 2972 2355
f 3048 2366 2886
f 2374 3049 2973
f 2379 3050 2974
f 3051 2387 2888
f 2395 2405 2890
f 2405 2891 2413
f 3052 2424 2975
f 2893 3053 2977
f 2978 2438 2434
f 2441 2456 2448
f 2456 2472 2464
f 2476 2489 2483
f 2979 2497 2494
f 3054 2502 2980
f 2502 3055 2981
f 2982 2895 2514
f 3056 2521 2983
f 2525 3057 2896
f 3058 2534 2984
f 2534 3059 2540
f 2985 2898 2545
f 3060 2555 2986
f 2555 2570 2563
f 3061 2577 2899
f 2579 2900 2586
f 3062 2602 2987
f 2602 2618 2610
f 2618 3063 2626
f 2988 2989 2631
f 3064 2642 2903
f 3065 2649 2904
f 2990 2662 2654
f 2991 2905 2667
f 2992 2993 2674
f 2907 2691 2683
f 2908 2994 2696
f 2995 2910 2705
f 3066 2712 2996
f 3067 2728 2997
f 2728 3068 2998
f 3069 2745 2999
f 3070 2758 2751
f 2758 2913 2765
f 2915 3071 2916
f 3072 2784 3001
f 2784 3073 2790
f 3074 2793 3002
f 2793 3075 2918
f 3076 2806 2919
f 2806 3077 2920
f 3003 3004 2815
f 3005 2832 2824
f 3078 1742 2834
f 1742 2841 1758
f 3007 3008 1780
f 3008 1791 3009
f 3010 2925 1794
f 3011 3079 2926
f 3080 2847 3013
f 3014 3081 1829
f 3082 1832 3015
f 2929 3083 2930
f 1842 1845 3016
f 1845 3084 2932
f 3085 2853 2933
f 3086 1864 3017
f 1864 1896 1880
f 3087 2855 3018
f 3088 2856 2934
f 1921 3089 3019
f 3090 1938 2936
f 3020 3021 1941
f 3021 1954 3022
f 3024 3025 1969
f 3091 1986 2939
f 3092 1993 3026
f 3093 2000 3027
f 2000 3094 3028
f 3029 2016 2011
f 3095 2021 3030
f 2021 3096 3031
f 3097 2041 2942
f 2944 3098 2863
f 3099 2065 2945
f 2065 3100 2080
f 3101 2091 2864
f 2091 3102 3032
f 3103 2109 2946
f 3104 2948 2947
f 3105 2123 3033
f 2123 3106 3034
f 3107 2148 2950
f 2148 3108 3035
f 3108 2162 3036
f 3109 2174 3037
f 3110 2183 2176
f 2183 3039 3038
f 3039 2955 2192
f 2955 3111 2956
f 3112 2958 2957
f 3040 3041 2217
f 3041 2234 2961
f 2234 3113 2249
f 3042 2264 2254
f 2963 3114 2271
f 2273 2277 3043
f 2277 3115 2289
f 3044 3116 2298
f 2966 3117 2880
f 3045 3118 2881
f 3119 2321 3046
f 2967 2969 2328
f 3120 2343 2970
f 3047 3121 2885
f 3122 2972 2971
f 2972 2366 3048
f 2374 3123 3049
f 3124 2387 3051
f 2395 2891 2405
f 3125 2424 3052
f 2440 2456 2441
f 2456 2474 2472
f 2476 3126 2489
f 2979 3127 2497
f 3127 2502 3054
f 2502 3128 3055
f 2982 3129 2895
f 3129 2521 3056
f 2525 3130 3057
f 3130 2534 3058
f 3131 2898 2985
f 3132 2555 3060
f 2555 3133 2570
f 3134 2577 3061
f 2579 2594 2900
f 3135 2602 3062
f 2602 3063 2618
f 3136 2989 2988
f 3137 2642 3064
f 3138 2649 3065
f 2990 3139 2662
f 2991 3140 2905
f 3141 2993 2992
f 3142 2691 2907
f 2691 2994 2908
f 3143 2910 2995
f 3066 2716 2712
f 3067 3068 2728
f 3144 2745 3069
f 3070 2913 2758
f 2915 3145 3071
f 3146 2784 3072
f 3147 2793 3074
f 3148 2806 3076
f 2806 3149 3077
f 3149 3004 3003
f 3150 2832 3005
f 3151 1742 3078
f 1742 3152 2841
f 3153 3008 3007
f 3008 3154 1791
f 3155 2925 3010
f 3011 3012 3079
f 3156 2847 3080
f 3014 3157 3081
f 3158 1832 3082
f 1841 1845 1842
f 1845 3159 3084
f 3085 3086 2853
f 3086 1896 1864
f 3160 2855 3087
f 3161 2856 3088
f 1921 3162 3089
f 3090 3163 1938
f 3164 3021 3020
f 3021 3023 1954
f 3165 3025 3024
f 3166 1986 3091
f 3092 3167 1993
f 3167 2000 3093
f 3168 2016 3029
f 3169 2021 3095
f 2021 3170 3096
f 3170 2041 3097
f 3099 3100 2065
f 3171 2091 3101
f 2091 3172 3102
f 3172 2109 3103
f 3173 2948 3104
f 3105 3106 2123
f 2139 2148 3107
f 2148 2162 3108
f 3174 2174 3109
f 3110 3039 2183
f 3039 3111 2955
f 3111 2958 3112
f 3175 3041 3040
f 3041 3113 2234
f 3113 2264 3042
f 3176 2277 2273
f 3044 2966 3116
f 2966 3045 3117
f 3045 3119 3118
f 3119 2967 2321
f 2967 3177 2969
f 3120 3178 2343
f 3179 3121 3047
f 3180 2972 3122
f 2972 2374 2366
f 2374 3181 3123
f 3182 2387 3124
f 3183 2891 2395
f 2419 2424 3125
f 3184 2456 2440
f 2456 3185 2474
f 2476 3186 3126
f 2979 2502 3127
f 2502 2508 3128
f 2982 2521 3129
f 2525 2534 3130
f 3187 2898 3131
f 3132 3133 2555
f 3134 3188 2577
f 3189 2594 2579
f 3135 3063 2602
f 3190 2989 3136
f 3137 3191 2642
f 3191 2649 3138
f 3192 3139 2990
f 3140 2993 3141
f 3193 2691 3142
f 2691 3194 2994
f 3195 2910 3143
f 3196 2716 3066
f 3197 3068 3067
f 3144 3000 2745
f 3070 2774 2913
f 2915 3198 3145
f 3199 2784 3146
f 3200 2793 3147
f 3075 2806 3148
f 2806 3004 3149
f 3201 2832 3150
f 3202 1742 3151
f 1742 3203 3152
f 3153 3154 3008
f 3154 2925 3155
f 1817 2847 3156
f 3204 3157 3014
f 3205 1832 3158
f 3206 1845 1841
f 1845 3207 3159
f 3085 1896 3086
f 1898 2855 3160
f 3161 3208 2856
f 1921 3209 3162
f 3090 3164 3163
f 3164 3023 3021
f 3165 3210 3025
f 3210 1986 3166
f 3211 3167 3092
f 3167 3094 2000
f 3168 3212 2016
f 3169 3170 2021
f 3170 2943 2041
f 3099 3213 3100
f 3214 2091 3171
f 2091 2109 3172
f 3173 3215 2948
f 3215 3106 3105
f 2137 2148 2139
f 2148 2164 2162
f 3216 2174 3174
f 3110 3111 3039
f 3111 3175 2958
f 3175 3113 3041
f 3113 3217 2264
f 3218 2277 3176
f 3045 2967 3119
f 2967 3219 3177
f 3120 3220 3178
f 3179 3221 3121
f 3222 2972 3180
f 2972 3181 2374
f 3223 2387 3182
f 2418 2424 2419
f 3224 2456 3184
f 2456 3225 3185
f 2476 2979 3186
f 2979 2508 2502
f 3226 2521 2982
f 2525 3059 2534
f 3187 3227 2898
f 3228 3133 3132
f 3134 3229 3188
f 3230 2594 3189
f 3231 3063 3135
f 3232 2989 3190
f 3137 2649 3191
f 3192 3233 3139
f 3140 3234 2993
f 3234 2691 3193
f 2691 3235 3194
f 3235 2910 3195
f 2910 2716 3196
f 3236 3068 3197
f 3237 3000 3144
f 2915 3238 3198
f 3239 2784 3199
f 3200 3075 2793
f 3075 3004 2806
f 3240 2832 3201
f 3241 1742 3202
f 1742 3242 3203
f 3153 2925 3154
f 3012 2847 1817
f 3204 3243 3157
f 3205 3244 1832
f 3206 3207 1845
f 3245 1896 3085
f 1896 2855 1898
f 3246 3208 3161
f 3247 3164 3090
f 3164 3165 3023
f 3165 1986 3210
f 3211 3094 3167
f 3168 3248 3212
f 3249 3170 3169
f 3170 3250 2943
f 3099 3251 3213
f 3214 2109 2091
f 3173 3106 3215
f 2148 3252 2164
f 3216 3110 2174
f 3110 3175 3111
f 3113 3253 3217
f 3254 2277 3218
f 2966 2967 3045
f 2967 3255 3219
f 3120 3256 3220
f 3179 3257 3221
f 3222 3181 2972
f 3223 2889 2387
f 2418 2976 2424
f 3258 2456 3224
f 2456 3259 3225
f 2476 2508 2979
f 3226 2525 2521
f 2525 3187 3059
f 3187 3260 3227
f 3261 3133 3228
f 3134 3262 3229
f 3263 2594 3230
f 2901 3063 3231
f 3264 2989 3232
f 3265 2649 3137
f 3192 3266 3233
f 3140 2691 3234
f 2691 2910 3235
f 2910 3267 2716
f 3236 3268 3068
f 3269 3000 3237
f 2915 3270 3238
f 3271 2784 3239
f 3200 3004 3075
f 3240 3241 2832
f 3241 3242 1742
f 3272 2925 3153
f 3011 2847 3012
f 3204 3273 3243
f 3205 3274 3244
f 3275 3207 3206
f 3276 1896 3245
f 1896 3277 2855
f 3246 3278 3208
f 3247 3165 3164
f 3165 3279 1986
f 3280 3094 3211
f 3168 3281 3248
f 3282 3170 3249
f 3170 3283 3250
f 3099 3284 3251
f 3285 2109 3214
f 3286 3106 3173
f 2148 3287 3252
f 3216 3175 3110
f 3113 3288 3253
f 3254 3115 2277
f 2966 3255 2967
f 3120 3179 3256
f 3179 3289 3257
f 3290 3181 3222
f 3223 3291 2889
f 2418 3292 2976
f 3293 2456 3258
f 2456 3294 3259
f 2476 2509 2508
f 3295 2525 3226
f 3187 3296 3260
f 3261 3297 3133
f 3134 3263 3262
f 3263 2901 2594
f 2901 3298 3063
f 3264 3299 2989
f 3265 3300 2649
f 3192 3301 3266
f 2991 2691 3140
f 2691 3267 2910
f 3236 3302 3268
f 3269 3303 3000
f 3304 2784 3271
f 3305 3004 3200
f 3004 3241 3240
f 3241 3306 3242
f 3272 3307 2925
f 3308 2847 3011
f 3204 3309 3273
f 3205 3310 3274
f 3083 3207 3275
f 3311 1896 3276
f 1896 3312 3277
f 3246 2935 3278
f 3313 3165 3247
f 3165 3314 3279
f 3315 3094 3280
f 3168 3316 3281
f 3317 3170 3282
f 3170 3318 3283
f 3099 3319 3284
f 3285 3320 2109
f 3321 3106 3286
f 3322 3175 3216
f 3113 3323 3288
f 3324 3115 3254
f 2966 3325 3255
f 3120 3289 3179
f 3290 3326 3181
f 2418 3327 3292
f 3328 2456 3293
f 2456 3329 3294
f 2476 3330 2509
f 3331 2525 3295
f 2525 3296 3187
f 3261 3134 3297
f 3134 2901 3263
f 2901 3332 3298
f 3264 3333 3299
f 3334 3300 3265
f 3335 2691 2991
f 2691 3336 3267
f 3236 3337 3302
f 3304 3073 2784
f 3338 3004 3305
f 3004 3306 3241
f 3272 3339 3307
f 1807 2847 3308
f 3204 3340 3309
f 3205 3341 3310
f 2929 3207 3083
f 3342 1896 3311
f 1896 3343 3312
f 3246 1921 2935
f 1931 3165 3313
f 3165 3344 3314
f 3345 3094 3315
f 3168 3346 3316
f 3347 3170 3317
f 3170 2944 3318
f 3098 3319 3099
f 3348 3320 3285
f 3349 3106 3321
f 3350 3175 3322
f 3175 3323 3113
f 3351 3115 3324
f 2966 3352 3325
f 3353 3289 3120
f 3290 3354 3326
f 2418 3355 3327
f 2438 2456 3328
f 2456 3356 3329
f 2476 3357 3330
f 3358 2525 3331
f 2525 3359 3296
f 3261 2901 3134
f 2901 3264 3332
f 3334 3360 3300
f 3335 3336 2691
f 3236 2732 3337
f 3361 3073 3304
f 3362 3004 3338
f 3004 1770 3306
f 3272 1806 3339
f 1807 3363 2847
f 3364 3340 3204
f 3205 3365 3341
f 2929 3366 3207
f 3367 1896 3342
f 1896 3368 3343
f 3369 1921 3246
f 1930 3165 1931
f 3165 3370 3344
f 3371 3094 3345
f 3347 2944 3170
f 3098 3372 3319
f 3348 3373 3320
f 3374 3106 3349
f 3375 3175 3350
f 3175 2963 3323
f 3376 3115 3351
f 2966 3377 3352
f 3353 3378 3289
f 2438 3356 2456
f 2476 3379 3357
f 2525 3261 3359
f 2901 3333 3264
f 3334 3380 3360
f 3301 3336 3335
f 3361 3381 3073
f 3362 1770 3004
f 3272 1807 1806
f 1807 3364 3363
f 3364 3382 3340
f 3205 3383 3365
f 2929 3367 3366
f 3367 3368 1896
f 3209 3165 1930
f 3165 3384 3370
f 3385 3094 3371
f 3386 2944 3347
f 3098 3387 3372
f 3348 3388 3373
f 3374 3389 3106
f 3390 3175 3375
f 3175 3114 2963
f 3391 3115 3376
f 2966 3392 3377
f 3353 3290 3378
f 2438 3393 3356
f 2476 3394 3379
f 2525 2901 3261
f 2901 3395 3333
f 3334 3396 3380
f 3192 3336 3301
f 3361 3362 3381
f 3362 3006 1770
f 3272 3364 1807
f 3364 3397 3382
f 2929 3368 3367
f 1921 3165 3209
f 3165 3398 3384
f 3399 3094 3385
f 3400 2944 3386
f 3098 3348 3387
f 3348 3374 3388
f 3374 3401 3389
f 2871 3175 3390
f 3175 3402 3114
f 3403 3115 3391
f 2438 3404 3393
f 2901 3405 3395
f 3334 3406 3396
f 3192 3407 3336
f 3362 3408 3006
f 3409 3364 3272
f 3364 3410 3397
f 3411 3368 2929
f 1921 3398 3165
f 3399 3412 3094
f 3413 2944 3400
f 3098 3374 3348
f 3374 3414 3401
f 2951 3175 2871
f 3175 3415 3402
f 3416 3115 3403
f 2438 3417 3404
f 2901 3418 3405
f 3334 3419 3406
f 3192 2718 3407
f 3362 3420 3408
f 3409 3410 3364
f 3421 3368 3411
f 1921 3422 3398
f 3346 2944 3413
f 2944 3374 3098
f 3374 3423 3414
f 3175 3416 3415
f 3416 3424 3115
f 2438 3425 3417
f 2901 3334 3418
f 3334 3426 3419
f 3192 2911 2718
f 3362 3427 3420
f 3409 3428 3410
f 3429 3368 3421
f 1921 3399 3422
f 3168 2944 3346
f 2944 3423 3374
f 3175 3424 3416
f 2438 3430 3425
f 2901 3426 3334
f 3192 3236 2911
f 3362 3431 3427
f 3409 3432 3428
f 3433 3368 3429
f 1921 3412 3399
f 2944 3434 3423
f 3175 3435 3424
f 2438 3436 3430
f 2901 3437 3426
f 3361 3431 3362
f 3409 3438 3432
f 3439 3368 3433
f 3369 3412 1921
f 3168 3434 2944
f 3175 3044 3435
f 2978 3436 2438
f 2525 3437 2901
f 3440 3431 3361
f 3409 3441 3438
f 3442 3368 3439
f 3443 3434 3168
f 3175 2966 3044
f 2978 2476 3436
f 2525 3444 3437
f 3445 3431 3440
f 3409 3446 3441
f 3383 3368 3442
f 3447 3434 3443
f 3175 3392 2966
f 2978 3394 2476
f 2525 3192 3444
f 3270 3431 3445
f 3409 3448 3446
f 3383 3449 3368
f 3450 3434 3447
f 3175 3451 3392
f 3452 3394 2978
f 2525 3236 3192
f 2915 3431 3270
f 3409 3453 3448
f 3383 3454 3449
f 3455 3434 3450
f 3175 3456 3451
f 3457 3394 3452
f 3358 3236 2525
f 2915 3409 3431
f 3409 3205 3453
f 3383 3369 3454
f 3412 3434 3455
f 3175 3458 3456
f 3053 3394 3457
f 3459 3236 3358
f 3460 3409 2915
f 3409 3383 3205
f 3383 3412 3369
f 3412 3461 3434
f 3175 3462 3458
f 2893 3394 3053
f 3394 3236 3459
f 2774 3409 3460
f 3412 3463 3461
f 2951 3462 3175
f 3464 3394 2893
f 3394 2732 3236
f 2774 3383 3409
f 3412 2949 3463
f 3465 3462 2951
f 3466 3394 3464
f 3394 2739 2732
f 3070 3383 2774
f 3383 2949 3412
f 3465 3467 3462
f 3468 3394 3466
f 3303 3383 3070
f 3383 2137 2949
f 3465 3353 3467
f 3355 3394 3468
f 3269 3383 3303
f 3383 2148 2137
f 3465 3290 3353
f 3355 2739 3394
f 3469 3383 3269
f 3383 3287 2148
f 3465 3354 3290
f 2418 2739 3355
f 3470 3383 3469
f 3383 3465 3287
f 3465 3471 3354
f 2891 2739 2418
f 3472 3383 3470
f 3465 3473 3471
f 2891 2740 2739
f 3474 3383 3472
f 3465 3475 3473
f 3183 2740 2891
f 2740 3383 3474
f 3465 3476 3475
f 3183 3383 2740
f 3465 2379 3476
f 3477 3383 3183
f 3465 3050 2379
f 3478 3383 3477
f 3465 3479 3050
f 3291 3383 3478
f 3465 3480 3479
f 3223 3383 3291
f 3383 3480 3465
f 3480 3383 3223
f 1 1742 5
f 5 1742 1745
f 5 1745 4
f 4 1745 1744
f 4 1744 7
f 7 1744 1747
f 7 1747 6
f 6 1747 1746
f 6 1746 9
f 9 1746 1749
f 9 1749 8
f 8 1749 1748
f 8 1748 11
f 11 1748 1751
f 11 1751 10
f 10 1751 1750
f 10 1750 13
f 13 1750 1753
f 13 1753 12
f 12 1753 1752
f 12 1752 15
f 15 1752 1755
f 15 1755 14
f 14 1755 1754
f 14 1754 17
f 17 1754 1757
f 17 1757 16
f 16 1757 1756
f 16 1756 19
f 19 1756 1759
f 19 1759 18
f 18 1759 1758
f 18 1758 21
f 21 1758 1761
f 21 1761 20
f 20 1761 1760
f 20 1760 23
f 23 1760 1763
f 23 1763 22
f 22 1763 1762
f 22 1762 25
f 25 1762 1765
f 25 1765 24
f 24 1765 1764
f 24 1764 27
f 27 1764 1767
f 27 1767 26
f 26 1767 1766
f 26 1766 29
f 29 1766 1769
f 29 1769 28
f 28 1769 1768
f 28 1768 1101
f 1101 1768 2841
f 1101 2841 1412
f 1412 2841 3152
f 1412 3152 1463
f 1463 3152 3203
f 1463 3203 1502
f 1502 3203 3242
f 1502 3242 1566
f 1566 3242 3306
f 1566 3306 31
f 31 3306 1770
f 31 1770 32
f 32 1770 1772
f 32 1772 30
f 30 1772 1771
f 30 1771 34
f 34 1771 1774
f 34 1774 33
f 33 1774 1773
f 33 1773 36
f 36 1773 1776
f 36 1776 35
f 35 1776 1775
f 35 1775 1266
f 1266 1775 3006
f 1266 3006 1668
f 1668 3006 3408
f 1668 3408 1680
f 1680 3408 3420
f 1680 3420 1687
f 1687 3420 3427
f 1687 3427 1691
f 1691 3427 3431
f 1691 3431 1669
f 1669 3431 3409
f 1669 3409 1532
f 1532 3409 3272
f 1532 3272 1413
f 1413 3272 3153
f 1413 3153 1267
f 1267 3153 3007
f 1267 3007 1182
f 1182 3007 2922
f 1182 2922 38
f 38 2922 1777
f 38 1777 39
f 39 1777 1779
f 39 1779 37
f 37 1779 1778
f 37 1778 41
f 41 1778 1781
f 41 1781 40
f 40 1781 1780
f 40 1780 43
f 43 1780 1783
f 43 1783 42
f 42 1783 1782
f 42 1782 45
f 45 1782 1785
f 45 1785 44
f 44 1785 1784
f 44 1784 1183
f 1183 1784 2923
f 1183 2923 1268
f 1268 2923 3008
f 1268 3008 1269
f 1269 3008 3009
f 1269 3009 1102
f 1102 3009 2842
f 1102 2842 47
f 47 2842 1786
f 47 1786 48
f 48 1786 1788
f 48 1788 46
f 46 1788 1787
f 46 1787 50
f 50 1787 1790
f 50 1790 49
f 49 1790 1789
f 49 1789 52
f 52 1789 1792
f 52 1792 51
f 51 1792 1791
f 51 1791 1414
f 1414 1791 3154
f 1414 3154 1415
f 1415 3154 3155
f 1415 3155 1270
f 1270 3155 3010
f 1270 3010 1184
f 1184 3010 2924
f 1184 2924 1103
f 1103 2924 2843
f 1103 2843 54
f 54 2843 1793
f 54 1793 55
f 55 1793 1795
f 55 1795 53
f 53 1795 1794
f 53 1794 57
f 57 1794 1797
f 57 1797 56
f 56 1797 1796
f 56 1796 59
f 59 1796 1799
f 59 1799 58
f 58 1799 1798
f 58 1798 61
f 61 1798 1801
f 61 1801 60
f 60 1801 1800
f 60 1800 63
f 63 1800 1803
f 63 1803 62
f 62 1803 1802
f 62 1802 65
f 65 1802 1805
f 65 1805 64
f 64 1805 1804
f 64 1804 1104
f 1104 1804 2844
f 1104 2844 1185
f 1185 2844 2925
f 1185 2925 1567
f 1567 2925 3307
f 1567 3307 1599
f 1599 3307 3339
f 1599 3339 67
f 67 3339 1806
f 67 1806 68
f 68 1806 1808
f 68 1808 66
f 66 1808 1807
f 66 1807 1568
f 1568 1807 3308
f 1568 3308 1271
f 1271 3308 3011
f 1271 3011 1105
f 1105 3011 2845
f 1105 2845 70
f 70 2845 1809
f 70 1809 71
f 71 1809 1811
f 71 1811 69
f 69 1811 1810
f 69 1810 1186
f 1186 1810 2926
f 1186 2926 1339
f 1339 2926 3079
f 1339 3079 1272
f 1272 3079 3012
f 1272 3012 1106
f 1106 3012 2846
f 1106 2846 73
f 73 2846 1812
f 73 1812 74
f 74 1812 1814
f 74 1814 72
f 72 1814 1813
f 72 1813 76
f 76 1813 1816
f 76 1816 75
f 75 1816 1815
f 75 1815 78
f 78 1815 1818
f 78 1818 77
f 77 1818 1817
f 77 1817 1416
f 1416 1817 3156
f 1416 3156 1340
f 1340 3156 3080
f 1340 3080 1273
f 1273 3080 3013
f 1273 3013 1187
f 1187 3013 2927
f 1187 2927 80
f 80 2927 1819
f 80 1819 81
f 81 1819 1821
f 81 1821 79
f 79 1821 1820
f 79 1820 1107
f 1107 1820 2847
f 1107 2847 1623
f 1623 2847 3363
f 1623 3363 1624
f 1624 3363 3364
f 1624 3364 1464
f 1464 3364 3204
f 1464 3204 1274
f 1274 3204 3014
f 1274 3014 83
f 83 3014 1822
f 83 1822 84
f 84 1822 1824
f 84 1824 82
f 82 1824 1823
f 82 1823 86
f 86 1823 1826
f 86 1826 85
f 85 1826 1825
f 85 1825 88
f 88 1825 1828
f 88 1828 87
f 87 1828 1827
f 87 1827 90
f 90 1827 1830
f 90 1830 89
f 89 1830 1829
f 89 1829 1341
f 1341 1829 3081
f 1341 3081 1417
f 1417 3081 3157
f 1417 3157 1503
f 1503 3157 3243
f 1503 3243 1533
f 1533 3243 3273
f 1533 3273 1569
f 1569 3273 3309
f 1569 3309 1600
f 1600 3309 3340
f 1600 3340 1642
f 1642 3340 3382
f 1642 3382 1657
f 1657 3382 3397
f 1657 3397 1670
f 1670 3397 3410
f 1670 3410 1688
f 1688 3410 3428
f 1688 3428 1692
f 1692 3428 3432
f 1692 3432 1698
f 1698 3432 3438
f 1698 3438 1701
f 1701 3438 3441
f 1701 3441 1706
f 1706 3441 3446
f 1706 3446 1708
f 1708 3446 3448
f 1708 3448 1713
f 1713 3448 3453
f 1713 3453 1465
f 1465 3453 3205
f 1465 3205 1418
f 1418 3205 3158
f 1418 3158 1342
f 1342 3158 3082
f 1342 3082 1275
f 1275 3082 3015
f 1275 3015 1188
f 1188 3015 2928
f 1188 2928 1108
f 1108 2928 2848
f 1108 2848 92
f 92 2848 1831
f 92 1831 93
f 93 1831 1833
f 93 1833 91
f 91 1833 1832
f 91 1832 1504
f 1504 1832 3244
f 1504 3244 1534
f 1534 3244 3274
f 1534 3274 1570
f 1570 3274 3310
f 1570 3310 1601
f 1601 3310 3341
f 1601 3341 1625
f 1625 3341 3365
f 1625 3365 1643
f 1643 3365 3383
f 1643 3383 1702
f 1702 3383 3442
f 1702 3442 1699
f 1699 3442 3439
f 1699 3439 1693
f 1693 3439 3433
f 1693 3433 1689
f 1689 3433 3429
f 1689 3429 1681
f 1681 3429 3421
f 1681 3421 1671
f 1671 3421 3411
f 1671 3411 1189
f 1189 3411 2929
f 1189 2929 95
f 95 2929 1834
f 95 1834 96
f 96 1834 1836
f 96 1836 94
f 94 1836 1835
f 94 1835 98
f 98 1835 1838
f 98 1838 97
f 97 1838 1837
f 97 1837 100
f 100 1837 1840
f 100 1840 99
f 99 1840 1839
f 99 1839 1109
f 1109 1839 2849
f 1109 2849 1190
f 1190 2849 2930
f 1190 2930 1343
f 1343 2930 3083
f 1343 3083 1535
f 1535 3083 3275
f 1535 3275 1466
f 1466 3275 3206
f 1466 3206 102
f 102 3206 1841
f 102 1841 103
f 103 1841 1843
f 103 1843 101
f 101 1843 1842
f 101 1842 1276
f 1276 1842 3016
f 1276 3016 1191
f 1191 3016 2931
f 1191 2931 1110
f 1110 2931 2850
f 1110 2850 105
f 105 2850 1844
f 105 1844 106
f 106 1844 1846
f 106 1846 104
f 104 1846 1845
f 104 1845 108
f 108 1845 1848
f 108 1848 107
f 107 1848 1847
f 107 1847 1111
f 1111 1847 2851
f 1111 2851 1112
f 1112 2851 2852
f 1112 2852 110
f 110 2852 1849
f 110 1849 111
f 111 1849 1851
f 111 1851 109
f 109 1851 1850
f 109 1850 1192
f 1192 1850 2932
f 1192 2932 1344
f 1344 2932 3084
f 1344 3084 1419
f 1419 3084 3159
f 1419 3159 1467
f 1467 3159 3207
f 1467 3207 1626
f 1626 3207 3366
f 1626 3366 1627
f 1627 3366 3367
f 1627 3367 1602
f 1602 3367 3342
f 1602 3342 1571
f 1571 3342 3311
f 1571 3311 1536
f 1536 3311 3276
f 1536 3276 1505
f 1505 3276 3245
f 1505 3245 1345
f 1345 3245 3085
f 1345 3085 1193
f 1193 3085 2933
f 1193 2933 113
f 113 2933 1852
f 113 1852 114
f 114 1852 1854
f 114 1854 112
f 112 1854 1853
f 112 1853 116
f 116 1853 1856
f 116 1856 115
f 115 1856 1855
f 115 1855 118
f 118 1855 1858
f 118 1858 117
f 117 1858 1857
f 117 1857 1113
f 1113 1857 2853
f 1113 2853 1346
f 1346 2853 3086
f 1346 3086 1277
f 1277 3086 3017
f 1277 3017 1114
f 1114 3017 2854
f 1114 2854 120
f 120 2854 1859
f 120 1859 121
f 121 1859 1861
f 121 1861 119
f 119 1861 1860
f 119 1860 123
f 123 1860 1863
f 123 1863 122
f 122 1863 1862
f 122 1862 125
f 125 1862 1865
f 125 1865 124
f 124 1865 1864
f 124 1864 127
f 127 1864 1867
f 127 1867 126
f 126 1867 1866
f 126 1866 129
f 129 1866 1869
f 129 1869 128
f 128 1869 1868
f 128 1868 131
f 131 1868 1871
f 131 1871 130
f 130 1871 1870
f 130 1870 133
f 133 1870 1873
f 133 1873 132
f 132 1873 1872
f 132 1872 135
f 135 1872 1875
f 135 1875 134
f 134 1875 1874
f 134 1874 137
f 137 1874 1877
f 137 1877 136
f 136 1877 1876
f 136 1876 139
f 139 1876 1879
f 139 1879 138
f 138 1879 1878
f 138 1878 141
f 141 1878 1881
f 141 1881 140
f 140 1881 1880
f 140 1880 143
f 143 1880 1883
f 143 1883 142
f 142 1883 1882
f 142 1882 145
f 145 1882 1885
f 145 1885 144
f 144 1885 1884
f 144 1884 147
f 147 1884 1887
f 147 1887 146
f 146 1887 1886
f 146 1886 149
f 149 1886 1889
f 149 1889 148
f 148 1889 1888
f 148 1888 151
f 151 1888 1891
f 151 1891 150
f 150 1891 1890
f 150 1890 153
f 153 1890 1893
f 153 1893 152
f 152 1893 1892
f 152 1892 155
f 155 1892 1895
f 155 1895 154
f 154 1895 1894
f 154 1894 157
f 157 1894 1897
f 157 1897 156
f 156 1897 1896
f 156 1896 159
f 159 1896 1899
f 159 1899 158
f 158 1899 1898
f 158 1898 1420
f 1420 1898 3160
f 1420 3160 1347
f 1347 3160 3087
f 1347 3087 1278
f 1278 3087 3018
f 1278 3018 161
f 161 3018 1900
f 161 1900 162
f 162 1900 1902
f 162 1902 160
f 160 1902 1901
f 160 1901 164
f 164 1901 1904
f 164 1904 163
f 163 1904 1903
f 163 1903 166
f 166 1903 1906
f 166 1906 165
f 165 1906 1905
f 165 1905 1115
f 1115 1905 2855
f 1115 2855 1537
f 1537 2855 3277
f 1537 3277 1572
f 1572 3277 3312
f 1572 3312 1603
f 1603 3312 3343
f 1603 3343 1628
f 1628 3343 3368
f 1628 3368 1709
f 1709 3368 3449
f 1709 3449 1714
f 1714 3449 3454
f 1714 3454 1629
f 1629 3454 3369
f 1629 3369 1506
f 1506 3369 3246
f 1506 3246 1421
f 1421 3246 3161
f 1421 3161 1348
f 1348 3161 3088
f 1348 3088 1194
f 1194 3088 2934
f 1194 2934 168
f 168 2934 1907
f 168 1907 169
f 169 1907 1909
f 169 1909 167
f 167 1909 1908
f 167 1908 171
f 171 1908 1911
f 171 1911 170
f 170 1911 1910
f 170 1910 173
f 173 1910 1913
f 173 1913 172
f 172 1913 1912
f 172 1912 1116
f 1116 1912 2856
f 1116 2856 1468
f 1468 2856 3208
f 1468 3208 1538
f 1538 3208 3278
f 1538 3278 1195
f 1195 3278 2935
f 1195 2935 175
f 175 2935 1914
f 175 1914 176
f 176 1914 1916
f 176 1916 174
f 174 1916 1915
f 174 1915 178
f 178 1915 1918
f 178 1918 177
f 177 1918 1917
f 177 1917 180
f 180 1917 1920
f 180 1920 179
f 179 1920 1919
f 179 1919 182
f 182 1919 1922
f 182 1922 181
f 181 1922 1921
f 181 1921 184
f 184 1921 1923
f 184 1923 185
f 185 1923 1925
f 185 1925 183
f 183 1925 1924
f 183 1924 187
f 187 1924 1927
f 187 1927 186
f 186 1927 1926
f 186 1926 189
f 189 1926 1929
f 189 1929 188
f 188 1929 1928
f 188 1928 1279
f 1279 1928 3019
f 1279 3019 1349
f 1349 3019 3089
f 1349 3089 1422
f 1422 3089 3162
f 1422 3162 1469
f 1469 3162 3209
f 1469 3209 191
f 191 3209 1930
f 191 1930 192
f 192 1930 1932
f 192 1932 190
f 190 1932 1931
f 190 1931 1573
f 1573 1931 3313
f 1573 3313 1507
f 1507 3313 3247
f 1507 3247 1350
f 1350 3247 3090
f 1350 3090 1196
f 1196 3090 2936
f 1196 2936 194
f 194 2936 1933
f 194 1933 195
f 195 1933 1935
f 195 1935 193
f 193 1935 1934
f 193 1934 197
f 197 1934 1937
f 197 1937 196
f 196 1937 1936
f 196 1936 199
f 199 1936 1939
f 199 1939 198
f 198 1939 1938
f 198 1938 1423
f 1423 1938 3163
f 1423 3163 1424
f 1424 3163 3164
f 1424 3164 1280
f 1280 3164 3020
f 1280 3020 1197
f 1197 3020 2937
f 1197 2937 1117
f 1117 2937 2857
f 1117 2857 201
f 201 2857 1940
f 201 1940 202
f 202 1940 1942
f 202 1942 200
f 200 1942 1941
f 200 1941 204
f 204 1941 1944
f 204 1944 203
f 203 1944 1943
f 203 1943 206
f 206 1943 1946
f 206 1946 205
f 205 1946 1945
f 205 1945 208
f 208 1945 1948
f 208 1948 207
f 207 1948 1947
f 207 1947 1281
f 1281 1947 3021
f 1281 3021 1282
f 1282 3021 3022
f 1282 3022 1118
f 1118 3022 2858
f 1118 2858 210
f 210 2858 1949
f 210 1949 211
f 211 1949 1951
f 211 1951 209
f 209 1951 1950
f 209 1950 213
f 213 1950 1953
f 213 1953 212
f 212 1953 1952
f 212 1952 215
f 215 1952 1955
f 215 1955 214
f 214 1955 1954
f 214 1954 217
f 217 1954 1957
f 217 1957 216
f 216 1957 1956
f 216 1956 219
f 219 1956 1959
f 219 1959 218
f 218 1959 1958
f 218 1958 221
f 221 1958 1961
f 221 1961 220
f 220 1961 1960
f 220 1960 1119
f 1119 1960 2859
f 1119 2859 1283
f 1283 2859 3023
f 1283 3023 1425
f 1425 3023 3165
f 1425 3165 1284
f 1284 3165 3024
f 1284 3024 223
f 223 3024 1962
f 223 1962 224
f 224 1962 1964
f 224 1964 222
f 222 1964 1963
f 222 1963 226
f 226 1963 1966
f 226 1966 225
f 225 1966 1965
f 225 1965 228
f 228 1965 1968
f 228 1968 227
f 227 1968 1967
f 227 1967 230
f 230 1967 1970
f 230 1970 229
f 229 1970 1969
f 229 1969 232
f 232 1969 1972
f 232 1972 231
f 231 1972 1971
f 231 1971 234
f 234 1971 1974
f 234 1974 233
f 233 1974 1973
f 233 1973 1198
f 1198 1973 2938
f 1198 2938 1285
f 1285 2938 3025
f 1285 3025 1470
f 1470 3025 3210
f 1470 3210 1426
f 1426 3210 3166
f 1426 3166 1351
f 1351 3166 3091
f 1351 3091 1199
f 1199 3091 2939
f 1199 2939 236
f 236 2939 1975
f 236 1975 237
f 237 1975 1977
f 237 1977 235
f 235 1977 1976
f 235 1976 239
f 239 1976 1979
f 239 1979 238
f 238 1979 1978
f 238 1978 241
f 241 1978 1981
f 241 1981 240
f 240 1981 1980
f 240 1980 243
f 243 1980 1983
f 243 1983 242
f 242 1983 1982
f 242 1982 245
f 245 1982 1985
f 245 1985 244
f 244 1985 1984
f 244 1984 247
f 247 1984 1987
f 247 1987 246
f 246 1987 1986
f 246 1986 1539
f 1539 1986 3279
f 1539 3279 1574
f 1574 3279 3314
f 1574 3314 1604
f 1604 3314 3344
f 1604 3344 1630
f 1630 3344 3370
f 1630 3370 1644
f 1644 3370 3384
f 1644 3384 1658
f 1658 3384 3398
f 1658 3398 1682
f 1682 3398 3422
f 1682 3422 1659
f 1659 3422 3399
f 1659 3399 1645
f 1645 3399 3385
f 1645 3385 1631
f 1631 3385 3371
f 1631 3371 1605
f 1605 3371 3345
f 1605 3345 1575
f 1575 3345 3315
f 1575 3315 1540
f 1540 3315 3280
f 1540 3280 1471
f 1471 3280 3211
f 1471 3211 1352
f 1352 3211 3092
f 1352 3092 1286
f 1286 3092 3026
f 1286 3026 1120
f 1120 3026 2860
f 1120 2860 249
f 249 2860 1988
f 249 1988 250
f 250 1988 1990
f 250 1990 248
f 248 1990 1989
f 248 1989 252
f 252 1989 1992
f 252 1992 251
f 251 1992 1991
f 251 1991 254
f 254 1991 1994
f 254 1994 253
f 253 1994 1993
f 253 1993 1427
f 1427 1993 3167
f 1427 3167 1353
f 1353 3167 3093
f 1353 3093 1287
f 1287 3093 3027
f 1287 3027 1121
f 1121 3027 2861
f 1121 2861 256
f 256 2861 1995
f 256 1995 257
f 257 1995 1997
f 257 1997 255
f 255 1997 1996
f 255 1996 259
f 259 1996 1999
f 259 1999 258
f 258 1999 1998
f 258 1998 261
f 261 1998 2001
f 261 2001 260
f 260 2001 2000
f 260 2000 263
f 263 2000 2003
f 263 2003 262
f 262 2003 2002
f 262 2002 265
f 265 2002 2005
f 265 2005 264
f 264 2005 2004
f 264 2004 267
f 267 2004 2007
f 267 2007 266
f 266 2007 2006
f 266 2006 1122
f 1122 2006 2862
f 1122 2862 1288
f 1288 2862 3028
f 1288 3028 1354
f 1354 3028 3094
f 1354 3094 1672
f 1672 3094 3412
f 1672 3412 1715
f 1715 3412 3455
f 1715 3455 1710
f 1710 3455 3450
f 1710 3450 1707
f 1707 3450 3447
f 1707 3447 1703
f 1703 3447 3443
f 1703 3443 1428
f 1428 3443 3168
f 1428 3168 1289
f 1289 3168 3029
f 1289 3029 1200
f 1200 3029 2940
f 1200 2940 269
f 269 2940 2008
f 269 2008 270
f 270 2008 2010
f 270 2010 268
f 268 2010 2009
f 268 2009 272
f 272 2009 2011
f 272 2011 273
f 273 2011 2013
f 273 2013 271
f 271 2013 2012
f 271 2012 275
f 275 2012 2015
f 275 2015 274
f 274 2015 2014
f 274 2014 277
f 277 2014 2017
f 277 2017 276
f 276 2017 2016
f 276 2016 1472
f 1472 2016 3212
f 1472 3212 1508
f 1508 3212 3248
f 1508 3248 1541
f 1541 3248 3281
f 1541 3281 1576
f 1576 3281 3316
f 1576 3316 1606
f 1606 3316 3346
f 1606 3346 1673
f 1673 3346 3413
f 1673 3413 1660
f 1660 3413 3400
f 1660 3400 1646
f 1646 3400 3386
f 1646 3386 1607
f 1607 3386 3347
f 1607 3347 1577
f 1577 3347 3317
f 1577 3317 1542
f 1542 3317 3282
f 1542 3282 1509
f 1509 3282 3249
f 1509 3249 1429
f 1429 3249 3169
f 1429 3169 1355
f 1355 3169 3095
f 1355 3095 1290
f 1290 3095 3030
f 1290 3030 1201
f 1201 3030 2941
f 1201 2941 279
f 279 2941 2018
f 279 2018 280
f 280 2018 2020
f 280 2020 278
f 278 2020 2019
f 278 2019 282
f 282 2019 2022
f 282 2022 281
f 281 2022 2021
f 281 2021 284
f 284 2021 2024
f 284 2024 283
f 283 2024 2023
f 283 2023 286
f 286 2023 2026
f 286 2026 285
f 285 2026 2025
f 285 2025 288
f 288 2025 2028
f 288 2028 287
f 287 2028 2027
f 287 2027 290
f 290 2027 2030
f 290 2030 289
f 289 2030 2029
f 289 2029 1291
f 1291 2029 3031
f 1291 3031 1356
f 1356 3031 3096
f 1356 3096 1430
f 1430 3096 3170
f 1430 3170 1357
f 1357 3170 3097
f 1357 3097 1202
f 1202 3097 2942
f 1202 2942 292
f 292 2942 2031
f 292 2031 293
f 293 2031 2033
f 293 2033 291
f 291 2033 2032
f 291 2032 295
f 295 2032 2035
f 295 2035 294
f 294 2035 2034
f 294 2034 297
f 297 2034 2037
f 297 2037 296
f 296 2037 2036
f 296 2036 299
f 299 2036 2039
f 299 2039 298
f 298 2039 2038
f 298 2038 301
f 301 2038 2040
f 301 2040 302
f 302 2040 2042
f 302 2042 300
f 300 2042 2041
f 300 2041 304
f 304 2041 2044
f 304 2044 303
f 303 2044 2043
f 303 2043 306
f 306 2043 2046
f 306 2046 305
f 305 2046 2045
f 305 2045 1203
f 1203 2045 2943
f 1203 2943 1510
f 1510 2943 3250
f 1510 3250 1543
f 1543 3250 3283
f 1543 3283 1578
f 1578 3283 3318
f 1578 3318 1204
f 1204 3318 2944
f 1204 2944 308
f 308 2944 2047
f 308 2047 309
f 309 2047 2049
f 309 2049 307
f 307 2049 2048
f 307 2048 311
f 311 2048 2051
f 311 2051 310
f 310 2051 2050
f 310 2050 313
f 313 2050 2053
f 313 2053 312
f 312 2053 2052
f 312 2052 1123
f 1123 2052 2863
f 1123 2863 1358
f 1358 2863 3098
f 1358 3098 1359
f 1359 3098 3099
f 1359 3099 1205
f 1205 3099 2945
f 1205 2945 315
f 315 2945 2054
f 315 2054 316
f 316 2054 2056
f 316 2056 314
f 314 2056 2055
f 314 2055 318
f 318 2055 2058
f 318 2058 317
f 317 2058 2057
f 317 2057 320
f 320 2057 2060
f 320 2060 319
f 319 2060 2059
f 319 2059 322
f 322 2059 2062
f 322 2062 321
f 321 2062 2061
f 321 2061 324
f 324 2061 2064
f 324 2064 323
f 323 2064 2063
f 323 2063 326
f 326 2063 2066
f 326 2066 325
f 325 2066 2065
f 325 2065 328
f 328 2065 2067
f 328 2067 329
f 329 2067 2069
f 329 2069 327
f 327 2069 2068
f 327 2068 331
f 331 2068 2071
f 331 2071 330
f 330 2071 2070
f 330 2070 333
f 333 2070 2073
f 333 2073 332
f 332 2073 2072
f 332 2072 335
f 335 2072 2075
f 335 2075 334
f 334 2075 2074
f 334 2074 337
f 337 2074 2077
f 337 2077 336
f 336 2077 2076
f 336 2076 339
f 339 2076 2079
f 339 2079 338
f 338 2079 2078
f 338 2078 341
f 341 2078 2081
f 341 2081 340
f 340 2081 2080
f 340 2080 1360
f 1360 2080 3100
f 1360 3100 1473
f 1473 3100 3213
f 1473 3213 1511
f 1511 3213 3251
f 1511 3251 1544
f 1544 3251 3284
f 1544 3284 1579
f 1579 3284 3319
f 1579 3319 1632
f 1632 3319 3372
f 1632 3372 1647
f 1647 3372 3387
f 1647 3387 1608
f 1608 3387 3348
f 1608 3348 1545
f 1545 3348 3285
f 1545 3285 1474
f 1474 3285 3214
f 1474 3214 1431
f 1431 3214 3171
f 1431 3171 1361
f 1361 3171 3101
f 1361 3101 1124
f 1124 3101 2864
f 1124 2864 343
f 343 2864 2082
f 343 2082 344
f 344 2082 2084
f 344 2084 342
f 342 2084 2083
f 342 2083 346
f 346 2083 2086
f 346 2086 345
f 345 2086 2085
f 345 2085 348
f 348 2085 2088
f 348 2088 347
f 347 2088 2087
f 347 2087 350
f 350 2087 2090
f 350 2090 349
f 349 2090 2089
f 349 2089 352
f 352 2089 2091
f 352 2091 353
f 353 2091 2093
f 353 2093 351
f 351 2093 2092
f 351 2092 355
f 355 2092 2095
f 355 2095 354
f 354 2095 2094
f 354 2094 357
f 357 2094 2097
f 357 2097 356
f 356 2097 2096
f 356 2096 1125
f 1125 2096 2865
f 1125 2865 1292
f 1292 2865 3032
f 1292 3032 1362
f 1362 3032 3102
f 1362 3102 1432
f 1432 3102 3172
f 1432 3172 1363
f 1363 3172 3103
f 1363 3103 1206
f 1206 3103 2946
f 1206 2946 359
f 359 2946 2098
f 359 2098 360
f 360 2098 2100
f 360 2100 358
f 358 2100 2099
f 358 2099 362
f 362 2099 2102
f 362 2102 361
f 361 2102 2101
f 361 2101 364
f 364 2101 2104
f 364 2104 363
f 363 2104 2103
f 363 2103 366
f 366 2103 2106
f 366 2106 365
f 365 2106 2105
f 365 2105 368
f 368 2105 2108
f 368 2108 367
f 367 2108 2107
f 367 2107 370
f 370 2107 2110
f 370 2110 369
f 369 2110 2109
f 369 2109 1580
f 1580 2109 3320
f 1580 3320 1633
f 1633 3320 3373
f 1633 3373 1648
f 1648 3373 3388
f 1648 3388 1634
f 1634 3388 3374
f 1634 3374 1609
f 1609 3374 3349
f 1609 3349 1581
f 1581 3349 3321
f 1581 3321 1546
f 1546 3321 3286
f 1546 3286 1433
f 1433 3286 3173
f 1433 3173 1364
f 1364 3173 3104
f 1364 3104 1207
f 1207 3104 2947
f 1207 2947 372
f 372 2947 2111
f 372 2111 373
f 373 2111 2113
f 373 2113 371
f 371 2113 2112
f 371 2112 375
f 375 2112 2115
f 375 2115 374
f 374 2115 2114
f 374 2114 377
f 377 2114 2117
f 377 2117 376
f 376 2117 2116
f 376 2116 1126
f 1126 2116 2866
f 1126 2866 1208
f 1208 2866 2948
f 1208 2948 1475
f 1475 2948 3215
f 1475 3215 1365
f 1365 3215 3105
f 1365 3105 1293
f 1293 3105 3033
f 1293 3033 1127
f 1127 3033 2867
f 1127 2867 379
f 379 2867 2118
f 379 2118 380
f 380 2118 2120
f 380 2120 378
f 378 2120 2119
f 378 2119 382
f 382 2119 2122
f 382 2122 381
f 381 2122 2121
f 381 2121 384
f 384 2121 2124
f 384 2124 383
f 383 2124 2123
f 383 2123 386
f 386 2123 2126
f 386 2126 385
f 385 2126 2125
f 385 2125 388
f 388 2125 2128
f 388 2128 387
f 387 2128 2127
f 387 2127 390
f 390 2127 2130
f 390 2130 389
f 389 2130 2129
f 389 2129 1128
f 1128 2129 2868
f 1128 2868 1294
f 1294 2868 3034
f 1294 3034 1366
f 1366 3034 3106
f 1366 3106 1649
f 1649 3106 3389
f 1649 3389 1661
f 1661 3389 3401
f 1661 3401 1674
f 1674 3401 3414
f 1674 3414 1683
f 1683 3414 3423
f 1683 3423 1694
f 1694 3423 3434
f 1694 3434 1721
f 1721 3434 3461
f 1721 3461 1723
f 1723 3461 3463
f 1723 3463 1209
f 1209 3463 2949
f 1209 2949 392
f 392 2949 2131
f 392 2131 393
f 393 2131 2133
f 393 2133 391
f 391 2133 2132
f 391 2132 395
f 395 2132 2135
f 395 2135 394
f 394 2135 2134
f 394 2134 397
f 397 2134 2136
f 397 2136 398
f 398 2136 2138
f 398 2138 396
f 396 2138 2137
f 396 2137 400
f 400 2137 2140
f 400 2140 399
f 399 2140 2139
f 399 2139 1367
f 1367 2139 3107
f 1367 3107 1210
f 1210 3107 2950
f 1210 2950 1129
f 1129 2950 2869
f 1129 2869 402
f 402 2869 2141
f 402 2141 403
f 403 2141 2143
f 403 2143 401
f 401 2143 2142
f 401 2142 405
f 405 2142 2145
f 405 2145 404
f 404 2145 2144
f 404 2144 407
f 407 2144 2147
f 407 2147 406
f 406 2147 2146
f 406 2146 409
f 409 2146 2149
f 409 2149 408
f 408 2149 2148
f 408 2148 411
f 411 2148 2150
f 411 2150 412
f 412 2150 2152
f 412 2152 410
f 410 2152 2151
f 410 2151 414
f 414 2151 2154
f 414 2154 413
f 413 2154 2153
f 413 2153 416
f 416 2153 2156
f 416 2156 415
f 415 2156 2155
f 415 2155 1295
f 1295 2155 3035
f 1295 3035 1368
f 1368 3035 3108
f 1368 3108 1296
f 1296 3108 3036
f 1296 3036 1130
f 1130 3036 2870
f 1130 2870 418
f 418 2870 2157
f 418 2157 419
f 419 2157 2159
f 419 2159 417
f 417 2159 2158
f 417 2158 421
f 421 2158 2161
f 421 2161 420
f 420 2161 2160
f 420 2160 423
f 423 2160 2163
f 423 2163 422
f 422 2163 2162
f 422 2162 425
f 425 2162 2165
f 425 2165 424
f 424 2165 2164
f 424 2164 1512
f 1512 2164 3252
f 1512 3252 1547
f 1547 3252 3287
f 1547 3287 1725
f 1725 3287 3465
f 1725 3465 1211
f 1211 3465 2951
f 1211 2951 427
f 427 2951 2166
f 427 2166 428
f 428 2166 2168
f 428 2168 426
f 426 2168 2167
f 426 2167 430
f 430 2167 2170
f 430 2170 429
f 429 2170 2169
f 429 2169 432
f 432 2169 2172
f 432 2172 431
f 431 2172 2171
f 431 2171 1131
f 1131 2171 2871
f 1131 2871 1650
f 1650 2871 3390
f 1650 3390 1635
f 1635 3390 3375
f 1635 3375 1610
f 1610 3375 3350
f 1610 3350 1582
f 1582 3350 3322
f 1582 3322 1476
f 1476 3322 3216
f 1476 3216 1434
f 1434 3216 3174
f 1434 3174 1369
f 1369 3174 3109
f 1369 3109 1297
f 1297 3109 3037
f 1297 3037 1212
f 1212 3037 2952
f 1212 2952 1132
f 1132 2952 2872
f 1132 2872 434
f 434 2872 2173
f 434 2173 435
f 435 2173 2175
f 435 2175 433
f 433 2175 2174
f 433 2174 1370
f 1370 2174 3110
f 1370 3110 437
f 437 3110 2176
f 437 2176 438
f 438 2176 2178
f 438 2178 436
f 436 2178 2177
f 436 2177 1133
f 1133 2177 2873
f 1133 2873 1134
f 1134 2873 2874
f 1134 2874 440
f 440 2874 2179
f 440 2179 441
f 441 2179 2181
f 441 2181 439
f 439 2181 2180
f 439 2180 443
f 443 2180 2182
f 443 2182 444
f 444 2182 2184
f 444 2184 442
f 442 2184 2183
f 442 2183 446
f 446 2183 2186
f 446 2186 445
f 445 2186 2185
f 445 2185 448
f 448 2185 2188
f 448 2188 447
f 447 2188 2187
f 447 2187 1213
f 1213 2187 2953
f 1213 2953 1298
f 1298 2953 3038
f 1298 3038 1299
f 1299 3038 3039
f 1299 3039 1214
f 1214 3039 2954
f 1214 2954 450
f 450 2954 2189
f 450 2189 451
f 451 2189 2191
f 451 2191 449
f 449 2191 2190
f 449 2190 453
f 453 2190 2193
f 453 2193 452
f 452 2193 2192
f 452 2192 455
f 455 2192 2195
f 455 2195 454
f 454 2195 2194
f 454 2194 457
f 457 2194 2197
f 457 2197 456
f 456 2197 2196
f 456 2196 459
f 459 2196 2199
f 459 2199 458
f 458 2199 2198
f 458 2198 1215
f 1215 2198 2955
f 1215 2955 1135
f 1135 2955 2875
f 1135 2875 461
f 461 2875 2200
f 461 2200 462
f 462 2200 2202
f 462 2202 460
f 460 2202 2201
f 460 2201 464
f 464 2201 2204
f 464 2204 463
f 463 2204 2203
f 463 2203 466
f 466 2203 2206
f 466 2206 465
f 465 2206 2205
f 465 2205 1216
f 1216 2205 2956
f 1216 2956 1371
f 1371 2956 3111
f 1371 3111 1372
f 1372 3111 3112
f 1372 3112 1217
f 1217 3112 2957
f 1217 2957 468
f 468 2957 2207
f 468 2207 469
f 469 2207 2209
f 469 2209 467
f 467 2209 2208
f 467 2208 471
f 471 2208 2211
f 471 2211 470
f 470 2211 2210
f 470 2210 473
f 473 2210 2213
f 473 2213 472
f 472 2213 2212
f 472 2212 1136
f 1136 2212 2876
f 1136 2876 1218
f 1218 2876 2958
f 1218 2958 1435
f 1435 2958 3175
f 1435 3175 1300
f 1300 3175 3040
f 1300 3040 1219
f 1219 3040 2959
f 1219 2959 475
f 475 2959 2214
f 475 2214 476
f 476 2214 2216
f 476 2216 474
f 474 2216 2215
f 474 2215 478
f 478 2215 2218
f 478 2218 477
f 477 2218 2217
f 477 2217 480
f 480 2217 2220
f 480 2220 479
f 479 2220 2219
f 479 2219 482
f 482 2219 2222
f 482 2222 481
f 481 2222 2221
f 481 2221 1220
f 1220 2221 2960
f 1220 2960 1301
f 1301 2960 3041
f 1301 3041 1221
f 1221 3041 2961
f 1221 2961 484
f 484 2961 2223
f 484 2223 485
f 485 2223 2225
f 485 2225 483
f 483 2225 2224
f 483 2224 487
f 487 2224 2227
f 487 2227 486
f 486 2227 2226
f 486 2226 489
f 489 2226 2229
f 489 2229 488
f 488 2229 2228
f 488 2228 491
f 491 2228 2231
f 491 2231 490
f 490 2231 2230
f 490 2230 493
f 493 2230 2233
f 493 2233 492
f 492 2233 2232
f 492 2232 495
f 495 2232 2235
f 495 2235 494
f 494 2235 2234
f 494 2234 497
f 497 2234 2237
f 497 2237 496
f 496 2237 2236
f 496 2236 499
f 499 2236 2239
f 499 2239 498
f 498 2239 2238
f 498 2238 501
f 501 2238 2241
f 501 2241 500
f 500 2241 2240
f 500 2240 503
f 503 2240 2242
f 503 2242 504
f 504 2242 2244
f 504 2244 502
f 502 2244 2243
f 502 2243 506
f 506 2243 2246
f 506 2246 505
f 505 2246 2245
f 505 2245 508
f 508 2245 2248
f 508 2248 507
f 507 2248 2247
f 507 2247 510
f 510 2247 2250
f 510 2250 509
f 509 2250 2249
f 509 2249 1373
f 1373 2249 3113
f 1373 3113 1302
f 1302 3113 3042
f 1302 3042 1222
f 1222 3042 2962
f 1222 2962 512
f 512 2962 2251
f 512 2251 513
f 513 2251 2253
f 513 2253 511
f 511 2253 2252
f 511 2252 515
f 515 2252 2255
f 515 2255 514
f 514 2255 2254
f 514 2254 517
f 517 2254 2257
f 517 2257 516
f 516 2257 2256
f 516 2256 519
f 519 2256 2259
f 519 2259 518
f 518 2259 2258
f 518 2258 521
f 521 2258 2261
f 521 2261 520
f 520 2261 2260
f 520 2260 523
f 523 2260 2263
f 523 2263 522
f 522 2263 2262
f 522 2262 525
f 525 2262 2265
f 525 2265 524
f 524 2265 2264
f 524 2264 1477
f 1477 2264 3217
f 1477 3217 1513
f 1513 3217 3253
f 1513 3253 1548
f 1548 3253 3288
f 1548 3288 1583
f 1583 3288 3323
f 1583 3323 1223
f 1223 3323 2963
f 1223 2963 527
f 527 2963 2266
f 527 2266 528
f 528 2266 2268
f 528 2268 526
f 526 2268 2267
f 526 2267 530
f 530 2267 2270
f 530 2270 529
f 529 2270 2269
f 529 2269 532
f 532 2269 2272
f 532 2272 531
f 531 2272 2271
f 531 2271 1374
f 1374 2271 3114
f 1374 3114 1662
f 1662 3114 3402
f 1662 3402 1675
f 1675 3402 3415
f 1675 3415 1676
f 1676 3415 3416
f 1676 3416 1663
f 1663 3416 3403
f 1663 3403 1651
f 1651 3403 3391
f 1651 3391 1636
f 1636 3391 3376
f 1636 3376 1611
f 1611 3376 3351
f 1611 3351 1584
f 1584 3351 3324
f 1584 3324 1514
f 1514 3324 3254
f 1514 3254 1478
f 1478 3254 3218
f 1478 3218 1436
f 1436 3218 3176
f 1436 3176 534
f 534 3176 2273
f 534 2273 535
f 535 2273 2275
f 535 2275 533
f 533 2275 2274
f 533 2274 1137
f 1137 2274 2877
f 1137 2877 1224
f 1224 2877 2964
f 1224 2964 1303
f 1303 2964 3043
f 1303 3043 1225
f 1225 3043 2965
f 1225 2965 1138
f 1138 2965 2878
f 1138 2878 537
f 537 2878 2276
f 537 2276 538
f 538 2276 2278
f 538 2278 536
f 536 2278 2277
f 536 2277 540
f 540 2277 2280
f 540 2280 539
f 539 2280 2279
f 539 2279 542
f 542 2279 2282
f 542 2282 541
f 541 2282 2281
f 541 2281 544
f 544 2281 2284
f 544 2284 543
f 543 2284 2283
f 543 2283 546
f 546 2283 2286
f 546 2286 545
f 545 2286 2285
f 545 2285 548
f 548 2285 2288
f 548 2288 547
f 547 2288 2287
f 547 2287 550
f 550 2287 2290
f 550 2290 549
f 549 2290 2289
f 549 2289 1375
f 1375 2289 3115
f 1375 3115 1684
f 1684 3115 3424
f 1684 3424 1695
f 1695 3424 3435
f 1695 3435 1304
f 1304 3435 3044
f 1304 3044 552
f 552 3044 2291
f 552 2291 553
f 553 2291 2293
f 553 2293 551
f 551 2293 2292
f 551 2292 555
f 555 2292 2295
f 555 2295 554
f 554 2295 2294
f 554 2294 557
f 557 2294 2297
f 557 2297 556
f 556 2297 2296
f 556 2296 559
f 559 2296 2299
f 559 2299 558
f 558 2299 2298
f 558 2298 1376
f 1376 2298 3116
f 1376 3116 1226
f 1226 3116 2966
f 1226 2966 1139
f 1139 2966 2879
f 1139 2879 561
f 561 2879 2300
f 561 2300 562
f 562 2300 2302
f 562 2302 560
f 560 2302 2301
f 560 2301 564
f 564 2301 2304
f 564 2304 563
f 563 2304 2303
f 563 2303 566
f 566 2303 2306
f 566 2306 565
f 565 2306 2305
f 565 2305 568
f 568 2305 2308
f 568 2308 567
f 567 2308 2307
f 567 2307 1140
f 1140 2307 2880
f 1140 2880 1377
f 1377 2880 3117
f 1377 3117 1305
f 1305 3117 3045
f 1305 3045 570
f 570 3045 2309
f 570 2309 571
f 571 2309 2311
f 571 2311 569
f 569 2311 2310
f 569 2310 573
f 573 2310 2313
f 573 2313 572
f 572 2313 2312
f 572 2312 575
f 575 2312 2315
f 575 2315 574
f 574 2315 2314
f 574 2314 1141
f 1141 2314 2881
f 1141 2881 1378
f 1378 2881 3118
f 1378 3118 1379
f 1379 3118 3119
f 1379 3119 1306
f 1306 3119 3046
f 1306 3046 1142
f 1142 3046 2882
f 1142 2882 577
f 577 2882 2316
f 577 2316 578
f 578 2316 2318
f 578 2318 576
f 576 2318 2317
f 576 2317 580
f 580 2317 2320
f 580 2320 579
f 579 2320 2319
f 579 2319 582
f 582 2319 2322
f 582 2322 581
f 581 2322 2321
f 581 2321 584
f 584 2321 2324
f 584 2324 583
f 583 2324 2323
f 583 2323 1143
f 1143 2323 2883
f 1143 2883 1227
f 1227 2883 2967
f 1227 2967 1228
f 1228 2967 2968
f 1228 2968 586
f 586 2968 2325
f 586 2325 587
f 587 2325 2327
f 587 2327 585
f 585 2327 2326
f 585 2326 589
f 589 2326 2329
f 589 2329 588
f 588 2329 2328
f 588 2328 591
f 591 2328 2331
f 591 2331 590
f 590 2331 2330
f 590 2330 1144
f 1144 2330 2884
f 1144 2884 1229
f 1229 2884 2969
f 1229 2969 1437
f 1437 2969 3177
f 1437 3177 1479
f 1479 3177 3219
f 1479 3219 1515
f 1515 3219 3255
f 1515 3255 1585
f 1585 3255 3325
f 1585 3325 1612
f 1612 3325 3352
f 1612 3352 1637
f 1637 3352 3377
f 1637 3377 1652
f 1652 3377 3392
f 1652 3392 1711
f 1711 3392 3451
f 1711 3451 1716
f 1716 3451 3456
f 1716 3456 1718
f 1718 3456 3458
f 1718 3458 1722
f 1722 3458 3462
f 1722 3462 1727
f 1727 3462 3467
f 1727 3467 1613
f 1613 3467 3353
f 1613 3353 1380
f 1380 3353 3120
f 1380 3120 1230
f 1230 3120 2970
f 1230 2970 593
f 593 2970 2332
f 593 2332 594
f 594 2332 2334
f 594 2334 592
f 592 2334 2333
f 592 2333 596
f 596 2333 2336
f 596 2336 595
f 595 2336 2335
f 595 2335 598
f 598 2335 2338
f 598 2338 597
f 597 2338 2337
f 597 2337 600
f 600 2337 2340
f 600 2340 599
f 599 2340 2339
f 599 2339 602
f 602 2339 2342
f 602 2342 601
f 601 2342 2341
f 601 2341 604
f 604 2341 2344
f 604 2344 603
f 603 2344 2343
f 603 2343 1438
f 1438 2343 3178
f 1438 3178 1480
f 1480 3178 3220
f 1480 3220 1516
f 1516 3220 3256
f 1516 3256 1439
f 1439 3256 3179
f 1439 3179 1307
f 1307 3179 3047
f 1307 3047 606
f 606 3047 2345
f 606 2345 607
f 607 2345 2347
f 607 2347 605
f 605 2347 2346
f 605 2346 609
f 609 2346 2349
f 609 2349 608
f 608 2349 2348
f 608 2348 611
f 611 2348 2351
f 611 2351 610
f 610 2351 2350
f 610 2350 1145
f 1145 2350 2885
f 1145 2885 1381
f 1381 2885 3121
f 1381 3121 1481
f 1481 3121 3221
f 1481 3221 1517
f 1517 3221 3257
f 1517 3257 1549
f 1549 3257 3289
f 1549 3289 1638
f 1638 3289 3378
f 1638 3378 1550
f 1550 3378 3290
f 1550 3290 1482
f 1482 3290 3222
f 1482 3222 1440
f 1440 3222 3180
f 1440 3180 1382
f 1382 3180 3122
f 1382 3122 1231
f 1231 3122 2971
f 1231 2971 613
f 613 2971 2352
f 613 2352 614
f 614 2352 2354
f 614 2354 612
f 612 2354 2353
f 612 2353 616
f 616 2353 2356
f 616 2356 615
f 615 2356 2355
f 615 2355 618
f 618 2355 2358
f 618 2358 617
f 617 2358 2357
f 617 2357 620
f 620 2357 2360
f 620 2360 619
f 619 2360 2359
f 619 2359 1232
f 1232 2359 2972
f 1232 2972 1308
f 1308 2972 3048
f 1308 3048 1146
f 1146 3048 2886
f 1146 2886 622
f 622 2886 2361
f 622 2361 623
f 623 2361 2363
f 623 2363 621
f 621 2363 2362
f 621 2362 625
f 625 2362 2365
f 625 2365 624
f 624 2365 2364
f 624 2364 627
f 627 2364 2367
f 627 2367 626
f 626 2367 2366
f 626 2366 629
f 629 2366 2369
f 629 2369 628
f 628 2369 2368
f 628 2368 631
f 631 2368 2371
f 631 2371 630
f 630 2371 2370
f 630 2370 633
f 633 2370 2373
f 633 2373 632
f 632 2373 2372
f 632 2372 635
f 635 2372 2375
f 635 2375 634
f 634 2375 2374
f 634 2374 637
f 637 2374 2376
f 637 2376 638
f 638 2376 2378
f 638 2378 636
f 636 2378 2377
f 636 2377 1233
f 1233 2377 2973
f 1233 2973 1309
f 1309 2973 3049
f 1309 3049 1383
f 1383 3049 3123
f 1383 3123 1441
f 1441 3123 3181
f 1441 3181 1586
f 1586 3181 3326
f 1586 3326 1614
f 1614 3326 3354
f 1614 3354 1731
f 1731 3354 3471
f 1731 3471 1733
f 1733 3471 3473
f 1733 3473 1735
f 1735 3473 3475
f 1735 3475 1736
f 1736 3475 3476
f 1736 3476 640
f 640 3476 2379
f 640 2379 641
f 641 2379 2381
f 641 2381 639
f 639 2381 2380
f 639 2380 1147
f 1147 2380 2887
f 1147 2887 1234
f 1234 2887 2974
f 1234 2974 1310
f 1310 2974 3050
f 1310 3050 1739
f 1739 3050 3479
f 1739 3479 1740
f 1740 3479 3480
f 1740 3480 1483
f 1483 3480 3223
f 1483 3223 1442
f 1442 3223 3182
f 1442 3182 1384
f 1384 3182 3124
f 1384 3124 1311
f 1311 3124 3051
f 1311 3051 1148
f 1148 3051 2888
f 1148 2888 643
f 643 2888 2382
f 643 2382 644
f 644 2382 2384
f 644 2384 642
f 642 2384 2383
f 642 2383 646
f 646 2383 2386
f 646 2386 645
f 645 2386 2385
f 645 2385 648
f 648 2385 2388
f 648 2388 647
f 647 2388 2387
f 647 2387 650
f 650 2387 2390
f 650 2390 649
f 649 2390 2389
f 649 2389 652
f 652 2389 2392
f 652 2392 651
f 651 2392 2391
f 651 2391 654
f 654 2391 2394
f 654 2394 653
f 653 2394 2393
f 653 2393 1149
f 1149 2393 2889
f 1149 2889 1551
f 1551 2889 3291
f 1551 3291 1738
f 1738 3291 3478
f 1738 3478 1737
f 1737 3478 3477
f 1737 3477 1443
f 1443 3477 3183
f 1443 3183 656
f 656 3183 2395
f 656 2395 657
f 657 2395 2397
f 657 2397 655
f 655 2397 2396
f 655 2396 659
f 659 2396 2399
f 659 2399 658
f 658 2399 2398
f 658 2398 1150
f 1150 2398 2890
f 1150 2890 661
f 661 2890 2400
f 661 2400 662
f 662 2400 2402
f 662 2402 660
f 660 2402 2401
f 660 2401 664
f 664 2401 2404
f 664 2404 663
f 663 2404 2403
f 663 2403 666
f 666 2403 2406
f 666 2406 665
f 665 2406 2405
f 665 2405 668
f 668 2405 2408
f 668 2408 667
f 667 2408 2407
f 667 2407 670
f 670 2407 2410
f 670 2410 669
f 669 2410 2409
f 669 2409 672
f 672 2409 2412
f 672 2412 671
f 671 2412 2411
f 671 2411 674
f 674 2411 2414
f 674 2414 673
f 673 2414 2413
f 673 2413 1151
f 1151 2413 2891
f 1151 2891 676
f 676 2891 2415
f 676 2415 677
f 677 2415 2417
f 677 2417 675
f 675 2417 2416
f 675 2416 679
f 679 2416 2418
f 679 2418 680
f 680 2418 2420
f 680 2420 678
f 678 2420 2419
f 678 2419 1385
f 1385 2419 3125
f 1385 3125 1312
f 1312 3125 3052
f 1312 3052 1235
f 1235 3052 2975
f 1235 2975 682
f 682 2975 2421
f 682 2421 683
f 683 2421 2423
f 683 2423 681
f 681 2423 2422
f 681 2422 685
f 685 2422 2425
f 685 2425 684
f 684 2425 2424
f 684 2424 687
f 687 2424 2427
f 687 2427 686
f 686 2427 2426
f 686 2426 1152
f 1152 2426 2892
f 1152 2892 1236
f 1236 2892 2976
f 1236 2976 1552
f 1552 2976 3292
f 1552 3292 1587
f 1587 3292 3327
f 1587 3327 1615
f 1615 3327 3355
f 1615 3355 1728
f 1728 3355 3468
f 1728 3468 1726
f 1726 3468 3466
f 1726 3466 1724
f 1724 3466 3464
f 1724 3464 1153
f 1153 3464 2893
f 1153 2893 689
f 689 2893 2428
f 689 2428 690
f 690 2428 2430
f 690 2430 688
f 688 2430 2429
f 688 2429 1237
f 1237 2429 2977
f 1237 2977 1313
f 1313 2977 3053
f 1313 3053 1717
f 1717 3053 3457
f 1717 3457 1712
f 1712 3457 3452
f 1712 3452 1238
f 1238 3452 2978
f 1238 2978 692
f 692 2978 2431
f 692 2431 693
f 693 2431 2433
f 693 2433 691
f 691 2433 2432
f 691 2432 695
f 695 2432 2435
f 695 2435 694
f 694 2435 2434
f 694 2434 697
f 697 2434 2437
f 697 2437 696
f 696 2437 2436
f 696 2436 699
f 699 2436 2439
f 699 2439 698
f 698 2439 2438
f 698 2438 1588
f 1588 2438 3328
f 1588 3328 1553
f 1553 3328 3293
f 1553 3293 1518
f 1518 3293 3258
f 1518 3258 1484
f 1484 3258 3224
f 1484 3224 1444
f 1444 3224 3184
f 1444 3184 701
f 701 3184 2440
f 701 2440 702
f 702 2440 2442
f 702 2442 700
f 700 2442 2441
f 700 2441 704
f 704 2441 2443
f 704 2443 705
f 705 2443 2445
f 705 2445 703
f 703 2445 2444
f 703 2444 707
f 707 2444 2447
f 707 2447 706
f 706 2447 2446
f 706 2446 709
f 709 2446 2449
f 709 2449 708
f 708 2449 2448
f 708 2448 711
f 711 2448 2451
f 711 2451 710
f 710 2451 2450
f 710 2450 713
f 713 2450 2453
f 713 2453 712
f 712 2453 2452
f 712 2452 715
f 715 2452 2455
f 715 2455 714
f 714 2455 2454
f 714 2454 717
f 717 2454 2457
f 717 2457 716
f 716 2457 2456
f 716 2456 719
f 719 2456 2459
f 719 2459 718
f 718 2459 2458
f 718 2458 721
f 721 2458 2461
f 721 2461 720
f 720 2461 2460
f 720 2460 723
f 723 2460 2463
f 723 2463 722
f 722 2463 2462
f 722 2462 725
f 725 2462 2465
f 725 2465 724
f 724 2465 2464
f 724 2464 727
f 727 2464 2467
f 727 2467 726
f 726 2467 2466
f 726 2466 729
f 729 2466 2469
f 729 2469 728
f 728 2469 2468
f 728 2468 731
f 731 2468 2471
f 731 2471 730
f 730 2471 2470
f 730 2470 733
f 733 2470 2473
f 733 2473 732
f 732 2473 2472
f 732 2472 735
f 735 2472 2475
f 735 2475 734
f 734 2475 2474
f 734 2474 1445
f 1445 2474 3185
f 1445 3185 1485
f 1485 3185 3225
f 1485 3225 1519
f 1519 3225 3259
f 1519 3259 1554
f 1554 3259 3294
f 1554 3294 1589
f 1589 3294 3329
f 1589 3329 1616
f 1616 3329 3356
f 1616 3356 1653
f 1653 3356 3393
f 1653 3393 1664
f 1664 3393 3404
f 1664 3404 1677
f 1677 3404 3417
f 1677 3417 1685
f 1685 3417 3425
f 1685 3425 1690
f 1690 3425 3430
f 1690 3430 1696
f 1696 3430 3436
f 1696 3436 737
f 737 3436 2476
f 737 2476 738
f 738 2476 2478
f 738 2478 736
f 736 2478 2477
f 736 2477 740
f 740 2477 2480
f 740 2480 739
f 739 2480 2479
f 739 2479 742
f 742 2479 2482
f 742 2482 741
f 741 2482 2481
f 741 2481 744
f 744 2481 2484
f 744 2484 743
f 743 2484 2483
f 743 2483 746
f 746 2483 2486
f 746 2486 745
f 745 2486 2485
f 745 2485 748
f 748 2485 2488
f 748 2488 747
f 747 2488 2487
f 747 2487 750
f 750 2487 2490
f 750 2490 749
f 749 2490 2489
f 749 2489 1386
f 1386 2489 3126
f 1386 3126 1446
f 1446 3126 3186
f 1446 3186 1239
f 1239 3186 2979
f 1239 2979 752
f 752 2979 2491
f 752 2491 753
f 753 2491 2493
f 753 2493 751
f 751 2493 2492
f 751 2492 755
f 755 2492 2495
f 755 2495 754
f 754 2495 2494
f 754 2494 1154
f 1154 2494 2894
f 1154 2894 757
f 757 2894 2496
f 757 2496 758
f 758 2496 2498
f 758 2498 756
f 756 2498 2497
f 756 2497 1387
f 1387 2497 3127
f 1387 3127 1314
f 1314 3127 3054
f 1314 3054 1240
f 1240 3054 2980
f 1240 2980 760
f 760 2980 2499
f 760 2499 761
f 761 2499 2501
f 761 2501 759
f 759 2501 2500
f 759 2500 763
f 763 2500 2503
f 763 2503 762
f 762 2503 2502
f 762 2502 765
f 765 2502 2505
f 765 2505 764
f 764 2505 2504
f 764 2504 767
f 767 2504 2507
f 767 2507 766
f 766 2507 2506
f 766 2506 1241
f 1241 2506 2981
f 1241 2981 1315
f 1315 2981 3055
f 1315 3055 1388
f 1388 3055 3128
f 1388 3128 769
f 769 3128 2508
f 769 2508 770
f 770 2508 2510
f 770 2510 768
f 768 2510 2509
f 768 2509 1590
f 1590 2509 3330
f 1590 3330 1617
f 1617 3330 3357
f 1617 3357 1639
f 1639 3357 3379
f 1639 3379 1654
f 1654 3379 3394
f 1654 3394 1719
f 1719 3394 3459
f 1719 3459 1618
f 1618 3459 3358
f 1618 3358 1591
f 1591 3358 3331
f 1591 3331 1555
f 1555 3331 3295
f 1555 3295 1486
f 1486 3295 3226
f 1486 3226 1242
f 1242 3226 2982
f 1242 2982 772
f 772 2982 2511
f 772 2511 773
f 773 2511 2513
f 773 2513 771
f 771 2513 2512
f 771 2512 775
f 775 2512 2515
f 775 2515 774
f 774 2515 2514
f 774 2514 777
f 777 2514 2517
f 777 2517 776
f 776 2517 2516
f 776 2516 1155
f 1155 2516 2895
f 1155 2895 1389
f 1389 2895 3129
f 1389 3129 1316
f 1316 3129 3056
f 1316 3056 1243
f 1243 3056 2983
f 1243 2983 779
f 779 2983 2518
f 779 2518 780
f 780 2518 2520
f 780 2520 778
f 778 2520 2519
f 778 2519 782
f 782 2519 2522
f 782 2522 781
f 781 2522 2521
f 781 2521 784
f 784 2521 2524
f 784 2524 783
f 783 2524 2523
f 783 2523 786
f 786 2523 2526
f 786 2526 785
f 785 2526 2525
f 785 2525 788
f 788 2525 2528
f 788 2528 787
f 787 2528 2527
f 787 2527 790
f 790 2527 2530
f 790 2530 789
f 789 2530 2529
f 789 2529 792
f 792 2529 2532
f 792 2532 791
f 791 2532 2531
f 791 2531 1156
f 1156 2531 2896
f 1156 2896 1317
f 1317 2896 3057
f 1317 3057 1390
f 1390 3057 3130
f 1390 3130 1318
f 1318 3130 3058
f 1318 3058 1244
f 1244 3058 2984
f 1244 2984 1157
f 1157 2984 2897
f 1157 2897 794
f 794 2897 2533
f 794 2533 795
f 795 2533 2535
f 795 2535 793
f 793 2535 2534
f 793 2534 797
f 797 2534 2537
f 797 2537 796
f 796 2537 2536
f 796 2536 799
f 799 2536 2539
f 799 2539 798
f 798 2539 2538
f 798 2538 801
f 801 2538 2541
f 801 2541 800
f 800 2541 2540
f 800 2540 1319
f 1319 2540 3059
f 1319 3059 1447
f 1447 3059 3187
f 1447 3187 1391
f 1391 3187 3131
f 1391 3131 1245
f 1245 3131 2985
f 1245 2985 803
f 803 2985 2542
f 803 2542 804
f 804 2542 2544
f 804 2544 802
f 802 2544 2543
f 802 2543 806
f 806 2543 2546
f 806 2546 805
f 805 2546 2545
f 805 2545 808
f 808 2545 2548
f 808 2548 807
f 807 2548 2547
f 807 2547 810
f 810 2547 2549
f 810 2549 811
f 811 2549 2551
f 811 2551 809
f 809 2551 2550
f 809 2550 1158
f 1158 2550 2898
f 1158 2898 1487
f 1487 2898 3227
f 1487 3227 1520
f 1520 3227 3260
f 1520 3260 1556
f 1556 3260 3296
f 1556 3296 1619
f 1619 3296 3359
f 1619 3359 1521
f 1521 3359 3261
f 1521 3261 1488
f 1488 3261 3228
f 1488 3228 1392
f 1392 3228 3132
f 1392 3132 1320
f 1320 3132 3060
f 1320 3060 1246
f 1246 3060 2986
f 1246 2986 813
f 813 2986 2552
f 813 2552 814
f 814 2552 2554
f 814 2554 812
f 812 2554 2553
f 812 2553 816
f 816 2553 2556
f 816 2556 815
f 815 2556 2555
f 815 2555 818
f 818 2555 2558
f 818 2558 817
f 817 2558 2557
f 817 2557 820
f 820 2557 2560
f 820 2560 819
f 819 2560 2559
f 819 2559 822
f 822 2559 2562
f 822 2562 821
f 821 2562 2561
f 821 2561 824
f 824 2561 2564
f 824 2564 823
f 823 2564 2563
f 823 2563 826
f 826 2563 2565
f 826 2565 827
f 827 2565 2567
f 827 2567 825
f 825 2567 2566
f 825 2566 829
f 829 2566 2569
f 829 2569 828
f 828 2569 2568
f 828 2568 831
f 831 2568 2571
f 831 2571 830
f 830 2571 2570
f 830 2570 1393
f 1393 2570 3133
f 1393 3133 1557
f 1557 3133 3297
f 1557 3297 1394
f 1394 3297 3134
f 1394 3134 1321
f 1321 3134 3061
f 1321 3061 1159
f 1159 3061 2899
f 1159 2899 833
f 833 2899 2572
f 833 2572 834
f 834 2572 2574
f 834 2574 832
f 832 2574 2573
f 832 2573 836
f 836 2573 2576
f 836 2576 835
f 835 2576 2575
f 835 2575 838
f 838 2575 2578
f 838 2578 837
f 837 2578 2577
f 837 2577 1448
f 1448 2577 3188
f 1448 3188 1489
f 1489 3188 3229
f 1489 3229 1522
f 1522 3229 3262
f 1522 3262 1523
f 1523 3262 3263
f 1523 3263 1490
f 1490 3263 3230
f 1490 3230 1449
f 1449 3230 3189
f 1449 3189 840
f 840 3189 2579
f 840 2579 841
f 841 2579 2581
f 841 2581 839
f 839 2581 2580
f 839 2580 843
f 843 2580 2583
f 843 2583 842
f 842 2583 2582
f 842 2582 845
f 845 2582 2585
f 845 2585 844
f 844 2585 2584
f 844 2584 847
f 847 2584 2587
f 847 2587 846
f 846 2587 2586
f 846 2586 849
f 849 2586 2589
f 849 2589 848
f 848 2589 2588
f 848 2588 851
f 851 2588 2591
f 851 2591 850
f 850 2591 2590
f 850 2590 853
f 853 2590 2593
f 853 2593 852
f 852 2593 2592
f 852 2592 1160
f 1160 2592 2900
f 1160 2900 855
f 855 2900 2594
f 855 2594 856
f 856 2594 2596
f 856 2596 854
f 854 2596 2595
f 854 2595 858
f 858 2595 2598
f 858 2598 857
f 857 2598 2597
f 857 2597 860
f 860 2597 2600
f 860 2600 859
f 859 2600 2599
f 859 2599 1161
f 1161 2599 2901
f 1161 2901 1491
f 1491 2901 3231
f 1491 3231 1395
f 1395 3231 3135
f 1395 3135 1322
f 1322 3135 3062
f 1322 3062 1247
f 1247 3062 2987
f 1247 2987 1162
f 1162 2987 2902
f 1162 2902 862
f 862 2902 2601
f 862 2601 863
f 863 2601 2603
f 863 2603 861
f 861 2603 2602
f 861 2602 865
f 865 2602 2605
f 865 2605 864
f 864 2605 2604
f 864 2604 867
f 867 2604 2607
f 867 2607 866
f 866 2607 2606
f 866 2606 869
f 869 2606 2609
f 869 2609 868
f 868 2609 2608
f 868 2608 871
f 871 2608 2611
f 871 2611 870
f 870 2611 2610
f 870 2610 873
f 873 2610 2613
f 873 2613 872
f 872 2613 2612
f 872 2612 875
f 875 2612 2615
f 875 2615 874
f 874 2615 2614
f 874 2614 877
f 877 2614 2617
f 877 2617 876
f 876 2617 2616
f 876 2616 879
f 879 2616 2619
f 879 2619 878
f 878 2619 2618
f 878 2618 881
f 881 2618 2621
f 881 2621 880
f 880 2621 2620
f 880 2620 883
f 883 2620 2623
f 883 2623 882
f 882 2623 2622
f 882 2622 885
f 885 2622 2625
f 885 2625 884
f 884 2625 2624
f 884 2624 887
f 887 2624 2627
f 887 2627 886
f 886 2627 2626
f 886 2626 1323
f 1323 2626 3063
f 1323 3063 1558
f 1558 3063 3298
f 1558 3298 1592
f 1592 3298 3332
f 1592 3332 1524
f 1524 3332 3264
f 1524 3264 1492
f 1492 3264 3232
f 1492 3232 1450
f 1450 3232 3190
f 1450 3190 1396
f 1396 3190 3136
f 1396 3136 1248
f 1248 3136 2988
f 1248 2988 889
f 889 2988 2628
f 889 2628 890
f 890 2628 2630
f 890 2630 888
f 888 2630 2629
f 888 2629 892
f 892 2629 2632
f 892 2632 891
f 891 2632 2631
f 891 2631 894
f 894 2631 2634
f 894 2634 893
f 893 2634 2633
f 893 2633 896
f 896 2633 2636
f 896 2636 895
f 895 2636 2635
f 895 2635 1249
f 1249 2635 2989
f 1249 2989 1559
f 1559 2989 3299
f 1559 3299 1593
f 1593 3299 3333
f 1593 3333 1655
f 1655 3333 3395
f 1655 3395 1665
f 1665 3395 3405
f 1665 3405 1678
f 1678 3405 3418
f 1678 3418 1594
f 1594 3418 3334
f 1594 3334 1525
f 1525 3334 3265
f 1525 3265 1397
f 1397 3265 3137
f 1397 3137 1324
f 1324 3137 3064
f 1324 3064 1163
f 1163 3064 2903
f 1163 2903 898
f 898 2903 2637
f 898 2637 899
f 899 2637 2639
f 899 2639 897
f 897 2639 2638
f 897 2638 901
f 901 2638 2641
f 901 2641 900
f 900 2641 2640
f 900 2640 903
f 903 2640 2643
f 903 2643 902
f 902 2643 2642
f 902 2642 1451
f 1451 2642 3191
f 1451 3191 1398
f 1398 3191 3138
f 1398 3138 1325
f 1325 3138 3065
f 1325 3065 1164
f 1164 3065 2904
f 1164 2904 905
f 905 2904 2644
f 905 2644 906
f 906 2644 2646
f 906 2646 904
f 904 2646 2645
f 904 2645 908
f 908 2645 2648
f 908 2648 907
f 907 2648 2647
f 907 2647 910
f 910 2647 2650
f 910 2650 909
f 909 2650 2649
f 909 2649 1560
f 1560 2649 3300
f 1560 3300 1620
f 1620 3300 3360
f 1620 3360 1640
f 1640 3360 3380
f 1640 3380 1656
f 1656 3380 3396
f 1656 3396 1666
f 1666 3396 3406
f 1666 3406 1679
f 1679 3406 3419
f 1679 3419 1686
f 1686 3419 3426
f 1686 3426 1697
f 1697 3426 3437
f 1697 3437 1704
f 1704 3437 3444
f 1704 3444 1452
f 1452 3444 3192
f 1452 3192 1250
f 1250 3192 2990
f 1250 2990 912
f 912 2990 2651
f 912 2651 913
f 913 2651 2653
f 913 2653 911
f 911 2653 2652
f 911 2652 915
f 915 2652 2655
f 915 2655 914
f 914 2655 2654
f 914 2654 917
f 917 2654 2657
f 917 2657 916
f 916 2657 2656
f 916 2656 919
f 919 2656 2659
f 919 2659 918
f 918 2659 2658
f 918 2658 921
f 921 2658 2661
f 921 2661 920
f 920 2661 2660
f 920 2660 923
f 923 2660 2663
f 923 2663 922
f 922 2663 2662
f 922 2662 1399
f 1399 2662 3139
f 1399 3139 1493
f 1493 3139 3233
f 1493 3233 1526
f 1526 3233 3266
f 1526 3266 1561
f 1561 3266 3301
f 1561 3301 1595
f 1595 3301 3335
f 1595 3335 1251
f 1251 3335 2991
f 1251 2991 925
f 925 2991 2664
f 925 2664 926
f 926 2664 2666
f 926 2666 924
f 924 2666 2665
f 924 2665 928
f 928 2665 2668
f 928 2668 927
f 927 2668 2667
f 927 2667 930
f 930 2667 2670
f 930 2670 929
f 929 2670 2669
f 929 2669 1165
f 1165 2669 2905
f 1165 2905 1400
f 1400 2905 3140
f 1400 3140 1401
f 1401 3140 3141
f 1401 3141 1252
f 1252 3141 2992
f 1252 2992 932
f 932 2992 2671
f 932 2671 933
f 933 2671 2673
f 933 2673 931
f 931 2673 2672
f 931 2672 935
f 935 2672 2675
f 935 2675 934
f 934 2675 2674
f 934 2674 937
f 937 2674 2677
f 937 2677 936
f 936 2677 2676
f 936 2676 1166
f 1166 2676 2906
f 1166 2906 1253
f 1253 2906 2993
f 1253 2993 1494
f 1494 2993 3234
f 1494 3234 1453
f 1453 3234 3193
f 1453 3193 1402
f 1402 3193 3142
f 1402 3142 1167
f 1167 3142 2907
f 1167 2907 939
f 939 2907 2678
f 939 2678 940
f 940 2678 2680
f 940 2680 938
f 938 2680 2679
f 938 2679 942
f 942 2679 2682
f 942 2682 941
f 941 2682 2681
f 941 2681 944
f 944 2681 2684
f 944 2684 943
f 943 2684 2683
f 943 2683 946
f 946 2683 2686
f 946 2686 945
f 945 2686 2685
f 945 2685 948
f 948 2685 2688
f 948 2688 947
f 947 2688 2687
f 947 2687 950
f 950 2687 2690
f 950 2690 949
f 949 2690 2689
f 949 2689 952
f 952 2689 2692
f 952 2692 951
f 951 2692 2691
f 951 2691 954
f 954 2691 2694
f 954 2694 953
f 953 2694 2693
f 953 2693 1168
f 1168 2693 2908
f 1168 2908 1169
f 1169 2908 2909
f 1169 2909 956
f 956 2909 2695
f 956 2695 957
f 957 2695 2697
f 957 2697 955
f 955 2697 2696
f 955 2696 959
f 959 2696 2699
f 959 2699 958
f 958 2699 2698
f 958 2698 961
f 961 2698 2701
f 961 2701 960
f 960 2701 2700
f 960 2700 1254
f 1254 2700 2994
f 1254 2994 1454
f 1454 2994 3194
f 1454 3194 1495
f 1495 3194 3235
f 1495 3235 1455
f 1455 3235 3195
f 1455 3195 1403
f 1403 3195 3143
f 1403 3143 1255
f 1255 3143 2995
f 1255 2995 963
f 963 2995 2702
f 963 2702 964
f 964 2702 2704
f 964 2704 962
f 962 2704 2703
f 962 2703 966
f 966 2703 2706
f 966 2706 965
f 965 2706 2705
f 965 2705 968
f 968 2705 2708
f 968 2708 967
f 967 2708 2707
f 967 2707 1170
f 1170 2707 2910
f 1170 2910 1456
f 1456 2910 3196
f 1456 3196 1326
f 1326 3196 3066
f 1326 3066 1256
f 1256 3066 2996
f 1256 2996 970
f 970 2996 2709
f 970 2709 971
f 971 2709 2711
f 971 2711 969
f 969 2711 2710
f 969 2710 973
f 973 2710 2713
f 973 2713 972
f 972 2713 2712
f 972 2712 975
f 975 2712 2715
f 975 2715 974
f 974 2715 2714
f 974 2714 977
f 977 2714 2717
f 977 2717 976
f 976 2717 2716
f 976 2716 1527
f 1527 2716 3267
f 1527 3267 1596
f 1596 3267 3336
f 1596 3336 1667
f 1667 3336 3407
f 1667 3407 979
f 979 3407 2718
f 979 2718 980
f 980 2718 2720
f 980 2720 978
f 978 2720 2719
f 978 2719 982
f 982 2719 2722
f 982 2722 981
f 981 2722 2721
f 981 2721 984
f 984 2721 2724
f 984 2724 983
f 983 2724 2723
f 983 2723 1171
f 1171 2723 2911
f 1171 2911 1496
f 1496 2911 3236
f 1496 3236 1457
f 1457 3236 3197
f 1457 3197 1327
f 1327 3197 3067
f 1327 3067 1257
f 1257 3067 2997
f 1257 2997 986
f 986 2997 2725
f 986 2725 987
f 987 2725 2727
f 987 2727 985
f 985 2727 2726
f 985 2726 989
f 989 2726 2729
f 989 2729 988
f 988 2729 2728
f 988 2728 991
f 991 2728 2731
f 991 2731 990
f 990 2731 2730
f 990 2730 1172
f 1172 2730 2912
f 1172 2912 1258
f 1258 2912 2998
f 1258 2998 1328
f 1328 2998 3068
f 1328 3068 1528
f 1528 3068 3268
f 1528 3268 1562
f 1562 3268 3302
f 1562 3302 1597
f 1597 3302 3337
f 1597 3337 993
f 993 3337 2732
f 993 2732 994
f 994 2732 2734
f 994 2734 992
f 992 2734 2733
f 992 2733 996
f 996 2733 2736
f 996 2736 995
f 995 2736 2735
f 995 2735 998
f 998 2735 2738
f 998 2738 997
f 997 2738 2737
f 997 2737 1000
f 1000 2737 2739
f 1000 2739 1001
f 1001 2739 2741
f 1001 2741 999
f 999 2741 2740
f 999 2740 1734
f 1734 2740 3474
f 1734 3474 1732
f 1732 3474 3472
f 1732 3472 1730
f 1730 3472 3470
f 1730 3470 1729
f 1729 3470 3469
f 1729 3469 1529
f 1529 3469 3269
f 1529 3269 1497
f 1497 3269 3237
f 1497 3237 1404
f 1404 3237 3144
f 1404 3144 1329
f 1329 3144 3069
f 1329 3069 1259
f 1259 3069 2999
f 1259 2999 1003
f 1003 2999 2742
f 1003 2742 1004
f 1004 2742 2744
f 1004 2744 1002
f 1002 2744 2743
f 1002 2743 1006
f 1006 2743 2746
f 1006 2746 1005
f 1005 2746 2745
f 1005 2745 1008
f 1008 2745 2748
f 1008 2748 1007
f 1007 2748 2747
f 1007 2747 1010
f 1010 2747 2750
f 1010 2750 1009
f 1009 2750 2749
f 1009 2749 1260
f 1260 2749 3000
f 1260 3000 1563
f 1563 3000 3303
f 1563 3303 1330
f 1330 3303 3070
f 1330 3070 1012
f 1012 3070 2751
f 1012 2751 1013
f 1013 2751 2753
f 1013 2753 1011
f 1011 2753 2752
f 1011 2752 1015
f 1015 2752 2755
f 1015 2755 1014
f 1014 2755 2754
f 1014 2754 1017
f 1017 2754 2757
f 1017 2757 1016
f 1016 2757 2756
f 1016 2756 1019
f 1019 2756 2758
f 1019 2758 1020
f 1020 2758 2760
f 1020 2760 1018
f 1018 2760 2759
f 1018 2759 1022
f 1022 2759 2762
f 1022 2762 1021
f 1021 2762 2761
f 1021 2761 1024
f 1024 2761 2764
f 1024 2764 1023
f 1023 2764 2763
f 1023 2763 1026
f 1026 2763 2766
f 1026 2766 1025
f 1025 2766 2765
f 1025 2765 1028
f 1028 2765 2768
f 1028 2768 1027
f 1027 2768 2767
f 1027 2767 1030
f 1030 2767 2770
f 1030 2770 1029
f 1029 2770 2769
f 1029 2769 1032
f 1032 2769 2772
f 1032 2772 1031
f 1031 2772 2771
f 1031 2771 1173
f 1173 2771 2913
f 1173 2913 1174
f 1174 2913 2914
f 1174 2914 1034
f 1034 2914 2773
f 1034 2773 1035
f 1035 2773 2775
f 1035 2775 1033
f 1033 2775 2774
f 1033 2774 1720
f 1720 2774 3460
f 1720 3460 1175
f 1175 3460 2915
f 1175 2915 1037
f 1037 2915 2776
f 1037 2776 1038
f 1038 2776 2778
f 1038 2778 1036
f 1036 2778 2777
f 1036 2777 1040
f 1040 2777 2780
f 1040 2780 1039
f 1039 2780 2779
f 1039 2779 1176
f 1176 2779 2916
f 1176 2916 1331
f 1331 2916 3071
f 1331 3071 1405
f 1405 3071 3145
f 1405 3145 1458
f 1458 3145 3198
f 1458 3198 1498
f 1498 3198 3238
f 1498 3238 1530
f 1530 3238 3270
f 1530 3270 1705
f 1705 3270 3445
f 1705 3445 1700
f 1700 3445 3440
f 1700 3440 1621
f 1621 3440 3361
f 1621 3361 1564
f 1564 3361 3304
f 1564 3304 1531
f 1531 3304 3271
f 1531 3271 1499
f 1499 3271 3239
f 1499 3239 1459
f 1459 3239 3199
f 1459 3199 1406
f 1406 3199 3146
f 1406 3146 1332
f 1332 3146 3072
f 1332 3072 1261
f 1261 3072 3001
f 1261 3001 1042
f 1042 3001 2781
f 1042 2781 1043
f 1043 2781 2783
f 1043 2783 1041
f 1041 2783 2782
f 1041 2782 1045
f 1045 2782 2785
f 1045 2785 1044
f 1044 2785 2784
f 1044 2784 1047
f 1047 2784 2787
f 1047 2787 1046
f 1046 2787 2786
f 1046 2786 1049
f 1049 2786 2789
f 1049 2789 1048
f 1048 2789 2788
f 1048 2788 1051
f 1051 2788 2791
f 1051 2791 1050
f 1050 2791 2790
f 1050 2790 1333
f 1333 2790 3073
f 1333 3073 1641
f 1641 3073 3381
f 1641 3381 1622
f 1622 3381 3362
f 1622 3362 1598
f 1598 3362 3338
f 1598 3338 1565
f 1565 3338 3305
f 1565 3305 1460
f 1460 3305 3200
f 1460 3200 1407
f 1407 3200 3147
f 1407 3147 1334
f 1334 3147 3074
f 1334 3074 1262
f 1262 3074 3002
f 1262 3002 1177
f 1177 3002 2917
f 1177 2917 1053
f 1053 2917 2792
f 1053 2792 1054
f 1054 2792 2794
f 1054 2794 1052
f 1052 2794 2793
f 1052 2793 1056
f 1056 2793 2796
f 1056 2796 1055
f 1055 2796 2795
f 1055 2795 1058
f 1058 2795 2798
f 1058 2798 1057
f 1057 2798 2797
f 1057 2797 1060
f 1060 2797 2800
f 1060 2800 1059
f 1059 2800 2799
f 1059 2799 1178
f 1178 2799 2918
f 1178 2918 1335
f 1335 2918 3075
f 1335 3075 1408
f 1408 3075 3148
f 1408 3148 1336
f 1336 3148 3076
f 1336 3076 1179
f 1179 3076 2919
f 1179 2919 1062
f 1062 2919 2801
f 1062 2801 1063
f 1063 2801 2803
f 1063 2803 1061
f 1061 2803 2802
f 1061 2802 1065
f 1065 2802 2805
f 1065 2805 1064
f 1064 2805 2804
f 1064 2804 1067
f 1067 2804 2807
f 1067 2807 1066
f 1066 2807 2806
f 1066 2806 1069
f 1069 2806 2809
f 1069 2809 1068
f 1068 2809 2808
f 1068 2808 1071
f 1071 2808 2811
f 1071 2811 1070
f 1070 2811 2810
f 1070 2810 1073
f 1073 2810 2813
f 1073 2813 1072
f 1072 2813 2812
f 1072 2812 1180
f 1180 2812 2920
f 1180 2920 1337
f 1337 2920 3077
f 1337 3077 1409
f 1409 3077 3149
f 1409 3149 1263
f 1263 3149 3003
f 1263 3003 1181
f 1181 3003 2921
f 1181 2921 1075
f 1075 2921 2814
f 1075 2814 1076
f 1076 2814 2816
f 1076 2816 1074
f 1074 2816 2815
f 1074 2815 1078
f 1078 2815 2818
f 1078 2818 1077
f 1077 2818 2817
f 1077 2817 1080
f 1080 2817 2820
f 1080 2820 1079
f 1079 2820 2819
f 1079 2819 1264
f 1264 2819 3004
f 1264 3004 1500
f 1500 3004 3240
f 1500 3240 1461
f 1461 3240 3201
f 1461 3201 1410
f 1410 3201 3150
f 1410 3150 1265
f 1265 3150 3005
f 1265 3005 1082
f 1082 3005 2821
f 1082 2821 1083
f 1083 2821 2823
f 1083 2823 1081
f 1081 2823 2822
f 1081 2822 1085
f 1085 2822 2825
f 1085 2825 1084
f 1084 2825 2824
f 1084 2824 1087
f 1087 2824 2827
f 1087 2827 1086
f 1086 2827 2826
f 1086 2826 1089
f 1089 2826 2829
f 1089 2829 1088
f 1088 2829 2828
f 1088 2828 1091
f 1091 2828 2831
f 1091 2831 1090
f 1090 2831 2830
f 1090 2830 1093
f 1093 2830 2833
f 1093 2833 1092
f 1092 2833 2832
f 1092 2832 1501
f 1501 2832 3241
f 1501 3241 1462
f 1462 3241 3202
f 1462 3202 1411
f 1411 3202 3151
f 1411 3151 1338
f 1338 3151 3078
f 1338 3078 1095
f 1095 3078 2834
f 1095 2834 1096
f 1096 2834 2836
f 1096 2836 1094
f 1094 2836 2835
f 1094 2835 1098
f 1098 2835 2838
f 1098 2838 1097
f 1097 2838 2837
f 1097 2837 1100
f 1100 2837 2840
f 1100 2840 1099
f 1099 2840 2839
f 1099 2839 2
f 2 2839 1741
f 2 1741 3
f 3 1741 1743
f 3 1743 1
f 1 1743 1742
