o 
v 52.65 0 -49.414
v 47.183 0 -49.69
v 52.64 0 -49.478
v 58.539 0 -49.587
v 58.41 0 -49.47
v 58.463 0 -49.52
v 58.737 0 -49.756
v 58.632 0 -49.667
v 58.96 0 -49.94
v 58.848 0 -49.848
v 52.65 0 -49.542
v 36.011 0 -51.33
v 40.33 0 -50.93
v 40.3 0 -50.76
v 36.04 0 -53.764
v 35.999 0 -52.613
v 36.454 0 -56.057
v 36.14 0 -54.67
v 37.47 0 -58.79
v 36.903 0 -57.443
v 38.886 0 -61.216
v 38.137 0 -60.06
v 39.814 0 -62.343
v 39.7 0 -62.22
v 40.264 0 -62.908
v 40.111 0 -62.708
v 40.13 0 -62.74
v 41.091 0 -63.646
v 40.609 0 -63.231
v 42.175 0 -64.508
v 41.637 0 -64.093
v 43.326 0 -65.268
v 42.63 0 -64.83
v 44.709 0 -65.989
v 44.017 0 -65.653
v 46.115 0 -66.52
v 45.406 0 -66.277
v 47.483 0 -66.87
v 46.84 0 -66.72
v 48.415 0 -67.046
v 47.987 0 -66.977
v 49.307 0 -67.105
v 48.833 0 -67.087
v 51.216 0 -67.048
v 49.9 0 -67.11
v 53.673 0 -66.564
v 52.468 0 -66.868
v 56.015 0 -65.556
v 54.849 0 -66.129
v 58.399 0 -63.938
v 57.19 0 -64.84
v 60.535 0 -61.772
v 59.519 0 -62.91
v 62.204 0 -59.228
v 61.434 0 -60.54
v 62.852 0 -57.795
v 62.83 0 -57.85
v 63.07 0 -57.252
v 62.964 0 -57.529
v 62.99 0 -57.47
v 63.264 0 -56.629
v 63.163 0 -56.963
v 63.455 0 -55.923
v 63.363 0 -56.274
v 63.567 0 -55.423
v 63.53 0 -55.6
v 63.649 0 -55.022
v 63.607 0 -55.227
v 63.727 0 -54.629
v 63.689 0 -54.82
v 63.818 0 -53.873
v 63.76 0 -54.46
v 63.865 0 -51.859
v 63.853 0 -52.951
v 63.818 0 -49.814
v 63.853 0 -50.759
v 63.726 0 -49.006
v 63.76 0 -49.19
v 63.644 0 -48.561
v 63.687 0 -48.793
v 63.464 0 -47.574
v 63.558 0 -48.093
v 63.52 0 -47.88
v 63.34 0 -46.998
v 63.406 0 -47.285
v 63.176 0 -46.361
v 63.264 0 -46.695
v 63.049 0 -45.905
v 63.07 0 -45.98
v 62.933 0 -45.456
v 62.963 0 -45.583
v 62.95 0 -45.52
v 62.893 0 -45.319
v 62.914 0 -45.388
v 62.845 0 -45.191
v 62.869 0 -45.252
v 62.776 0 -45.016
v 62.82 0 -45.14
v 62.801 0 -45.086
v 62.714 0 -44.85
v 62.746 0 -44.936
v 62.549 0 -44.396
v 62.65 0 -44.68
v 62.597 0 -44.529
v 62.414 0 -44.047
v 62.493 0 -44.246
v 62.14 0 -43.37
v 62.301 0 -43.766
v 60.395 0 -39.942
v 61.348 0 -41.636
v 58.092 0 -36.794
v 59.303 0 -38.319
v 55.4 0 -34.16
v 56.784 0 -35.398
v 54.096 0 -33.183
v 54.758 0 -33.662
v 52.85 0 -32.373
v 53.449 0 -32.746
v 51.94 0 -31.91
v 52.336 0 -32.087
v 51.174 0 -31.804
v 51.627 0 -31.846
v 50.122 0 -31.789
v 50.65 0 -31.785
v 49.33 0 -31.87
v 49.659 0 -31.817
v 47.881 0 -32.362
v 48.552 0 -32.117
v 46.706 0 -32.918
v 47.279 0 -32.622
v 45.49 0 -33.69
v 46.122 0 -33.268
v 44.069 0 -34.803
v 44.777 0 -34.218
v 42.674 0 -36.14
v 43.368 0 -35.444
v 41.32 0 -37.7
v 41.991 0 -36.893
v 40.564 0 -38.689
v 40.948 0 -38.176
v 39.906 0 -39.627
v 40.205 0 -39.19
v 39.63 0 -40.11
v 39.702 0 -39.951
v 39.501 0 -40.219
v 39.54 0 -40.21
v 39.52 0 -40.212
v 39.472 0 -40.244
v 39.485 0 -40.23
v 39.46 0 -40.28
v 39.463 0 -40.261
v 38.525 0 -41.967
v 39.22 0 -40.747
v 39.13 0 -40.89
v 37.446 0 -44.313
v 37.96 0 -43.119
v 36.624 0 -46.704
v 36.997 0 -45.518
v 36.186 0 -48.829
v 36.34 0 -47.84
v 36.075 0 -50.031
v 40.341 0 -50.523
v 46.321 0 -48.518
v 46.19 0 -48.48
v 46.251 0 -48.5
v 46.475 0 -48.545
v 46.397 0 -48.534
v 46.62 0 -48.55
v 46.551 0 -48.551
v 47.28 0 -49.397
v 52.68 0 -49.617
v 40.407 0 -51.104
v 39.916 0 -62.459
v 40.067 0 -62.647
v 62.878 0 -57.731
v 62.935 0 -57.595
v 39.627 0 -40.134
v 39.449 0 -40.319
v 39.3 0 -40.612
v 40.459 0 -50.258
v 47.297 0 -49.133
v 52.73 0 -49.71
v 40.526 0 -51.275
v 62.906 0 -57.664
v 63.6 0 -48.324
v 63.026 0 -45.823
v 62.981 0 -45.657
v 62.681 0 -44.763
v 39.62 0 -40.156
v 39.568 0 -40.203
v 47.231 0 -48.908
v 52.883 0 -49.921
v 40.683 0 -51.436
v 40.001 0 -62.563
v 63.002 0 -45.739
v 39.366 0 -40.491
v 40.645 0 -49.976
v 46.691 0 -48.556
v 47.08 0 -48.73
v 53.15 0 -50.213
v 40.872 0 -51.58
v 39.59 0 -40.191
v 39.417 0 -40.391
v 40.891 0 -49.689
v 47.013 0 -48.682
v 53.495 0 -50.553
v 41.09 0 -51.7
v 39.607 0 -40.175
v 46.936 0 -48.639
v 53.883 0 -50.907
v 41.633 0 -51.882
v 41.189 0 -49.407
v 46.854 0 -48.603
v 54.28 0 -51.244
v 42.27 0 -51.97
v 41.53 0 -49.14
v 46.77 0 -48.574
v 54.65 0 -51.53
v 41.792 0 -48.978
v 55.083 0 -51.826
v 42.969 0 -51.967
v 42.099 0 -48.811
v 55.445 0 -52.034
v 43.697 0 -51.876
v 42.423 0 -48.653
v 45.92 0 -48.439
v 55.787 0 -52.17
v 44.421 0 -51.7
v 42.734 0 -48.516
v 52.68 0 -49.345
v 47.009 0 -50.001
v 45.11 0 -51.44
v 43.006 0 -48.414
v 52.73 0 -49.26
v 46.76 0 -50.32
v 45.36 0 -51.311
v 43.21 0 -48.36
v 52.924 0 -49.035
v 56.162 0 -52.249
v 45.673 0 -51.123
v 53.185 0 -48.859
v 46.593 0 -50.474
v 46.01 0 -50.903
v 43.551 0 -48.342
v 45.406 0 -48.4
v 46.33 0 -50.677
v 44.107 0 -48.347
v 53.524 0 -48.726
v 44.764 0 -48.368
v 56.619 0 -52.287
v 57.21 0 -52.3
v 53.951 0 -48.635
v 57.618 0 -52.297
v 54.48 0 -48.581
v 57.951 0 -52.288
v 55.12 0 -48.56
v 58.222 0 -52.271
v 55.442 0 -48.56
v 58.446 0 -52.245
v 55.746 0 -48.569
v 58.634 0 -52.209
v 56.029 0 -48.588
v 58.8 0 -52.16
v 56.287 0 -48.614
v 59.159 0 -52.02
v 56.519 0 -48.648
v 59.449 0 -51.878
v 56.72 0 -48.69
v 59.671 0 -51.734
v 57.022 0 -48.774
v 59.827 0 -51.585
v 57.343 0 -48.89
v 59.92 0 -51.431
v 57.662 0 -49.028
v 57.961 0 -49.177
v 59.95 0 -51.27
v 58.217 0 -49.327
v 59.911 0 -51.106
v 59.804 0 -50.894
v 59.643 0 -50.654
v 59.207 0 -50.159
v 59.439 0 -50.403
v 47.183 10 -49.69
v 52.65 10 -49.414
v 52.64 10 -49.478
v 58.41 10 -49.47
v 58.539 10 -49.587
v 58.463 10 -49.52
v 58.737 10 -49.756
v 58.632 10 -49.667
v 58.96 10 -49.94
v 58.848 10 -49.848
v 52.65 10 -49.542
v 40.33 10 -50.93
v 36.011 10 -51.33
v 40.3 10 -50.76
v 36.04 10 -53.764
v 35.999 10 -52.613
v 36.454 10 -56.057
v 36.14 10 -54.67
v 37.47 10 -58.79
v 36.903 10 -57.443
v 38.886 10 -61.216
v 38.137 10 -60.06
v 39.814 10 -62.343
v 39.7 10 -62.22
v 40.111 10 -62.708
v 40.264 10 -62.908
v 40.13 10 -62.74
v 41.091 10 -63.646
v 40.609 10 -63.231
v 42.175 10 -64.508
v 41.637 10 -64.093
v 43.326 10 -65.268
v 42.63 10 -64.83
v 44.709 10 -65.989
v 44.017 10 -65.653
v 46.115 10 -66.52
v 45.406 10 -66.277
v 47.483 10 -66.87
v 46.84 10 -66.72
v 48.415 10 -67.046
v 47.987 10 -66.977
v 49.307 10 -67.105
v 48.833 10 -67.087
v 51.216 10 -67.048
v 49.9 10 -67.11
v 53.673 10 -66.564
v 52.468 10 -66.868
v 56.015 10 -65.556
v 54.849 10 -66.129
v 58.399 10 -63.938
v 57.19 10 -64.84
v 60.535 10 -61.772
v 59.519 10 -62.91
v 62.204 10 -59.228
v 61.434 10 -60.54
v 62.852 10 -57.795
v 62.83 10 -57.85
v 62.964 10 -57.529
v 63.07 10 -57.252
v 62.99 10 -57.47
v 63.264 10 -56.629
v 63.163 10 -56.963
v 63.455 10 -55.923
v 63.363 10 -56.274
v 63.567 10 -55.423
v 63.53 10 -55.6
v 63.649 10 -55.022
v 63.607 10 -55.227
v 63.727 10 -54.629
v 63.689 10 -54.82
v 63.818 10 -53.873
v 63.76 10 -54.46
v 63.865 10 -51.859
v 63.853 10 -52.951
v 63.818 10 -49.814
v 63.853 10 -50.759
v 63.726 10 -49.006
v 63.76 10 -49.19
v 63.644 10 -48.561
v 63.687 10 -48.793
v 63.558 10 -48.093
v 63.464 10 -47.574
v 63.52 10 -47.88
v 63.34 10 -46.998
v 63.406 10 -47.285
v 63.176 10 -46.361
v 63.264 10 -46.695
v 63.049 10 -45.905
v 63.07 10 -45.98
v 62.963 10 -45.583
v 62.933 10 -45.456
v 62.95 10 -45.52
v 62.893 10 -45.319
v 62.914 10 -45.388
v 62.845 10 -45.191
v 62.869 10 -45.252
v 62.82 10 -45.14
v 62.776 10 -45.016
v 62.801 10 -45.086
v 62.714 10 -44.85
v 62.746 10 -44.936
v 62.65 10 -44.68
v 62.549 10 -44.396
v 62.597 10 -44.529
v 62.414 10 -44.047
v 62.493 10 -44.246
v 62.14 10 -43.37
v 62.301 10 -43.766
v 60.395 10 -39.942
v 61.348 10 -41.636
v 58.092 10 -36.794
v 59.303 10 -38.319
v 55.4 10 -34.16
v 56.784 10 -35.398
v 54.096 10 -33.183
v 54.758 10 -33.662
v 52.85 10 -32.373
v 53.449 10 -32.746
v 51.94 10 -31.91
v 52.336 10 -32.087
v 51.174 10 -31.804
v 51.627 10 -31.846
v 50.122 10 -31.789
v 50.65 10 -31.785
v 49.33 10 -31.87
v 49.659 10 -31.817
v 47.881 10 -32.362
v 48.552 10 -32.117
v 46.706 10 -32.918
v 47.279 10 -32.622
v 45.49 10 -33.69
v 46.122 10 -33.268
v 44.069 10 -34.803
v 44.777 10 -34.218
v 42.674 10 -36.14
v 43.368 10 -35.444
v 41.32 10 -37.7
v 41.991 10 -36.893
v 40.564 10 -38.689
v 40.948 10 -38.176
v 39.906 10 -39.627
v 40.205 10 -39.19
v 39.63 10 -40.11
v 39.702 10 -39.951
v 39.54 10 -40.21
v 39.501 10 -40.219
v 39.52 10 -40.212
v 39.472 10 -40.244
v 39.485 10 -40.23
v 39.46 10 -40.28
v 39.463 10 -40.261
v 39.22 10 -40.747
v 38.525 10 -41.967
v 39.13 10 -40.89
v 37.446 10 -44.313
v 37.96 10 -43.119
v 36.624 10 -46.704
v 36.997 10 -45.518
v 36.186 10 -48.829
v 36.34 10 -47.84
v 36.075 10 -50.031
v 40.341 10 -50.523
v 46.19 10 -48.48
v 46.321 10 -48.518
v 46.251 10 -48.5
v 46.475 10 -48.545
v 46.397 10 -48.534
v 46.62 10 -48.55
v 46.551 10 -48.551
v 47.28 10 -49.397
v 52.68 10 -49.617
v 40.407 10 -51.104
v 39.916 10 -62.459
v 40.067 10 -62.647
v 62.878 10 -57.731
v 62.935 10 -57.595
v 39.627 10 -40.134
v 39.449 10 -40.319
v 39.3 10 -40.612
v 40.459 10 -50.258
v 47.297 10 -49.133
v 52.73 10 -49.71
v 40.526 10 -51.275
v 62.906 10 -57.664
v 63.6 10 -48.324
v 63.026 10 -45.823
v 62.981 10 -45.657
v 62.681 10 -44.763
v 39.62 10 -40.156
v 39.568 10 -40.203
v 47.231 10 -48.908
v 52.883 10 -49.921
v 40.683 10 -51.436
v 40.001 10 -62.563
v 63.002 10 -45.739
v 39.366 10 -40.491
v 40.645 10 -49.976
v 46.691 10 -48.556
v 47.08 10 -48.73
v 53.15 10 -50.213
v 40.872 10 -51.58
v 39.59 10 -40.191
v 39.417 10 -40.391
v 40.891 10 -49.689
v 47.013 10 -48.682
v 53.495 10 -50.553
v 41.09 10 -51.7
v 39.607 10 -40.175
v 46.936 10 -48.639
v 53.883 10 -50.907
v 41.633 10 -51.882
v 41.189 10 -49.407
v 46.854 10 -48.603
v 54.28 10 -51.244
v 42.27 10 -51.97
v 41.53 10 -49.14
v 46.77 10 -48.574
v 54.65 10 -51.53
v 41.792 10 -48.978
v 55.083 10 -51.826
v 42.969 10 -51.967
v 42.099 10 -48.811
v 55.445 10 -52.034
v 43.697 10 -51.876
v 42.423 10 -48.653
v 45.92 10 -48.439
v 55.787 10 -52.17
v 44.421 10 -51.7
v 42.734 10 -48.516
v 52.68 10 -49.345
v 47.009 10 -50.001
v 45.11 10 -51.44
v 43.006 10 -48.414
v 52.73 10 -49.26
v 46.76 10 -50.32
v 45.36 10 -51.311
v 43.21 10 -48.36
v 52.924 10 -49.035
v 56.162 10 -52.249
v 45.673 10 -51.123
v 53.185 10 -48.859
v 46.593 10 -50.474
v 46.01 10 -50.903
v 43.551 10 -48.342
v 45.406 10 -48.4
v 46.33 10 -50.677
v 44.107 10 -48.347
v 53.524 10 -48.726
v 44.764 10 -48.368
v 56.619 10 -52.287
v 57.21 10 -52.3
v 53.951 10 -48.635
v 57.618 10 -52.297
v 54.48 10 -48.581
v 57.951 10 -52.288
v 55.12 10 -48.56
v 58.222 10 -52.271
v 55.442 10 -48.56
v 58.446 10 -52.245
v 55.746 10 -48.569
v 58.634 10 -52.209
v 56.029 10 -48.588
v 58.8 10 -52.16
v 56.287 10 -48.614
v 59.159 10 -52.02
v 56.519 10 -48.648
v 59.449 10 -51.878
v 56.72 10 -48.69
v 59.671 10 -51.734
v 57.022 10 -48.774
v 59.827 10 -51.585
v 57.343 10 -48.89
v 59.92 10 -51.431
v 57.662 10 -49.028
v 57.961 10 -49.177
v 59.95 10 -51.27
v 58.217 10 -49.327
v 59.911 10 -51.106
v 59.804 10 -50.894
v 59.643 10 -50.654
v 59.207 10 -50.159
v 59.439 10 -50.403
f 1 2 3
f 4 5 6
f 7 4 8
f 9 7 10
f 2 11 3
f 12 13 14
f 15 12 16
f 17 15 18
f 19 17 20
f 21 19 22
f 23 21 24
f 25 26 27
f 28 25 29
f 30 28 31
f 32 30 33
f 34 32 35
f 36 34 37
f 38 36 39
f 40 38 41
f 42 40 43
f 44 42 45
f 46 44 47
f 48 46 49
f 50 48 51
f 52 50 53
f 54 52 55
f 56 54 57
f 58 59 60
f 61 58 62
f 63 61 64
f 65 63 66
f 67 65 68
f 69 67 70
f 71 69 72
f 73 71 74
f 75 73 76
f 77 75 78
f 79 77 80
f 81 82 83
f 84 81 85
f 86 84 87
f 88 86 89
f 90 91 92
f 93 90 94
f 95 93 96
f 97 98 99
f 100 97 101
f 102 103 104
f 105 102 106
f 107 105 108
f 109 107 110
f 111 109 112
f 113 111 114
f 115 113 116
f 117 115 118
f 119 117 120
f 121 119 122
f 123 121 124
f 125 123 126
f 127 125 128
f 129 127 130
f 131 129 132
f 133 131 134
f 135 133 136
f 137 135 138
f 139 137 140
f 141 139 142
f 143 141 144
f 145 146 147
f 148 145 149
f 150 148 151
f 152 153 154
f 155 152 156
f 157 155 158
f 159 157 160
f 12 159 161
f 162 12 14
f 163 164 165
f 166 163 167
f 168 166 169
f 1 170 2
f 7 5 4
f 2 171 11
f 12 172 13
f 17 12 15
f 21 17 19
f 173 21 23
f 25 174 26
f 30 25 28
f 34 30 32
f 38 34 36
f 42 38 40
f 46 42 44
f 50 46 48
f 54 50 52
f 175 54 56
f 58 176 59
f 63 58 61
f 67 63 65
f 71 67 69
f 75 71 73
f 79 75 77
f 84 82 81
f 88 84 86
f 93 91 90
f 98 93 95
f 100 98 97
f 105 103 102
f 109 105 107
f 113 109 111
f 117 113 115
f 121 117 119
f 125 121 123
f 129 125 127
f 133 129 131
f 137 133 135
f 141 137 139
f 177 141 143
f 148 146 145
f 178 148 150
f 152 179 153
f 157 152 155
f 12 157 159
f 180 12 162
f 166 164 163
f 1 181 170
f 9 5 7
f 2 182 171
f 12 183 172
f 21 12 17
f 30 174 25
f 38 30 34
f 46 38 42
f 54 46 50
f 184 54 175
f 58 184 176
f 67 58 63
f 75 67 71
f 185 75 79
f 84 185 82
f 186 84 88
f 93 187 91
f 188 98 100
f 109 103 105
f 117 109 113
f 125 117 121
f 133 125 129
f 141 133 137
f 189 141 177
f 148 190 146
f 157 179 152
f 180 157 12
f 168 164 166
f 1 191 181
f 2 192 182
f 12 193 183
f 173 12 21
f 30 194 174
f 46 30 38
f 184 46 54
f 67 184 58
f 185 67 75
f 186 185 84
f 93 195 187
f 103 98 188
f 117 103 109
f 133 117 125
f 189 133 141
f 178 190 148
f 157 196 179
f 197 157 180
f 198 164 168
f 1 199 191
f 2 200 192
f 12 201 193
f 194 12 173
f 46 194 30
f 67 46 184
f 186 67 185
f 98 195 93
f 117 98 103
f 189 117 133
f 178 202 190
f 157 203 196
f 204 157 197
f 1 205 199
f 2 206 200
f 12 207 201
f 46 12 194
f 186 46 67
f 98 186 195
f 189 98 117
f 178 208 202
f 204 203 157
f 1 209 205
f 2 210 206
f 12 211 207
f 98 46 186
f 208 98 189
f 203 208 178
f 212 203 204
f 1 213 209
f 2 214 210
f 12 215 211
f 203 98 208
f 216 203 212
f 1 217 213
f 2 218 214
f 46 215 12
f 219 203 216
f 1 198 217
f 2 220 218
f 46 221 215
f 222 203 219
f 1 164 198
f 2 223 220
f 46 224 221
f 225 203 222
f 1 226 164
f 2 227 223
f 46 228 224
f 229 203 225
f 230 226 1
f 231 227 2
f 46 232 228
f 233 203 229
f 234 226 230
f 235 227 231
f 46 236 232
f 237 203 233
f 238 226 234
f 235 239 227
f 46 240 236
f 237 98 203
f 241 226 238
f 242 239 235
f 46 243 240
f 244 98 237
f 241 245 226
f 246 239 242
f 46 246 243
f 247 98 244
f 248 245 241
f 46 239 246
f 249 98 247
f 248 249 245
f 46 250 239
f 248 98 249
f 46 251 250
f 252 98 248
f 46 253 251
f 254 98 252
f 46 255 253
f 256 98 254
f 46 257 255
f 258 98 256
f 46 259 257
f 260 98 258
f 46 261 259
f 262 98 260
f 46 263 261
f 264 98 262
f 46 265 263
f 266 98 264
f 46 267 265
f 268 98 266
f 46 269 267
f 270 98 268
f 46 271 269
f 272 98 270
f 46 273 271
f 274 98 272
f 98 273 46
f 275 98 274
f 98 276 273
f 277 98 275
f 98 278 276
f 5 98 277
f 98 279 278
f 9 98 5
f 98 280 279
f 281 98 9
f 98 282 280
f 282 98 281
f 283 284 285
f 286 287 288
f 287 289 290
f 289 291 292
f 293 283 285
f 294 295 296
f 295 297 298
f 297 299 300
f 299 301 302
f 301 303 304
f 303 305 306
f 307 308 309
f 308 310 311
f 310 312 313
f 312 314 315
f 314 316 317
f 316 318 319
f 318 320 321
f 320 322 323
f 322 324 325
f 324 326 327
f 326 328 329
f 328 330 331
f 330 332 333
f 332 334 335
f 334 336 337
f 336 338 339
f 340 341 342
f 341 343 344
f 343 345 346
f 345 347 348
f 347 349 350
f 349 351 352
f 351 353 354
f 353 355 356
f 355 357 358
f 357 359 360
f 359 361 362
f 363 364 365
f 364 366 367
f 366 368 369
f 368 370 371
f 372 373 374
f 373 375 376
f 375 377 378
f 379 380 381
f 380 382 383
f 384 385 386
f 385 387 388
f 387 389 390
f 389 391 392
f 391 393 394
f 393 395 396
f 395 397 398
f 397 399 400
f 399 401 402
f 401 403 404
f 403 405 406
f 405 407 408
f 407 409 410
f 409 411 412
f 411 413 414
f 413 415 416
f 415 417 418
f 417 419 420
f 419 421 422
f 421 423 424
f 423 425 426
f 427 428 429
f 428 430 431
f 430 432 433
f 434 435 436
f 435 437 438
f 437 439 440
f 439 441 442
f 441 295 443
f 295 444 296
f 445 446 447
f 446 448 449
f 448 450 451
f 452 284 283
f 286 289 287
f 453 283 293
f 454 295 294
f 295 299 297
f 299 303 301
f 303 455 305
f 456 308 307
f 308 312 310
f 312 316 314
f 316 320 318
f 320 324 322
f 324 328 326
f 328 332 330
f 332 336 334
f 336 457 338
f 458 341 340
f 341 345 343
f 345 349 347
f 349 353 351
f 353 357 355
f 357 361 359
f 363 366 364
f 366 370 368
f 372 375 373
f 375 379 377
f 379 382 380
f 384 387 385
f 387 391 389
f 391 395 393
f 395 399 397
f 399 403 401
f 403 407 405
f 407 411 409
f 411 415 413
f 415 419 417
f 419 423 421
f 423 459 425
f 427 430 428
f 430 460 432
f 461 435 434
f 435 439 437
f 439 295 441
f 295 462 444
f 445 448 446
f 463 284 452
f 286 291 289
f 464 283 453
f 465 295 454
f 295 303 299
f 456 312 308
f 312 320 316
f 320 328 324
f 328 336 332
f 336 466 457
f 466 341 458
f 341 349 345
f 349 357 353
f 357 467 361
f 467 366 363
f 366 468 370
f 469 375 372
f 379 470 382
f 384 391 387
f 391 399 395
f 399 407 403
f 407 415 411
f 415 423 419
f 423 471 459
f 472 430 427
f 461 439 435
f 439 462 295
f 445 450 448
f 473 284 463
f 474 283 464
f 475 295 465
f 295 455 303
f 476 312 456
f 312 328 320
f 328 466 336
f 466 349 341
f 349 467 357
f 467 468 366
f 477 375 469
f 379 384 470
f 384 399 391
f 399 415 407
f 415 471 423
f 472 460 430
f 478 439 461
f 439 479 462
f 445 480 450
f 481 284 473
f 482 283 474
f 483 295 475
f 295 476 455
f 476 328 312
f 328 349 466
f 349 468 467
f 477 379 375
f 379 399 384
f 399 471 415
f 484 460 472
f 485 439 478
f 439 486 479
f 487 284 481
f 488 283 482
f 489 295 483
f 295 328 476
f 328 468 349
f 468 379 477
f 379 471 399
f 490 460 484
f 485 486 439
f 491 284 487
f 492 283 488
f 493 295 489
f 328 379 468
f 379 490 471
f 490 485 460
f 485 494 486
f 495 284 491
f 496 283 492
f 497 295 493
f 379 485 490
f 485 498 494
f 499 284 495
f 500 283 496
f 497 328 295
f 485 501 498
f 480 284 499
f 502 283 500
f 503 328 497
f 485 504 501
f 445 284 480
f 505 283 502
f 506 328 503
f 485 507 504
f 508 284 445
f 509 283 505
f 510 328 506
f 485 511 507
f 508 512 284
f 509 513 283
f 514 328 510
f 485 515 511
f 508 516 512
f 509 517 513
f 518 328 514
f 485 519 515
f 508 520 516
f 521 517 509
f 522 328 518
f 379 519 485
f 508 523 520
f 521 524 517
f 525 328 522
f 379 526 519
f 527 523 508
f 521 528 524
f 528 328 525
f 379 529 526
f 527 530 523
f 521 328 528
f 379 531 529
f 531 530 527
f 532 328 521
f 379 530 531
f 533 328 532
f 379 534 530
f 535 328 533
f 379 536 534
f 537 328 535
f 379 538 536
f 539 328 537
f 379 540 538
f 541 328 539
f 379 542 540
f 543 328 541
f 379 544 542
f 545 328 543
f 379 546 544
f 547 328 545
f 379 548 546
f 549 328 547
f 379 550 548
f 551 328 549
f 379 552 550
f 553 328 551
f 379 554 552
f 555 328 553
f 379 556 554
f 555 379 328
f 379 557 556
f 558 379 555
f 379 559 557
f 560 379 558
f 379 286 559
f 561 379 560
f 379 291 286
f 562 379 561
f 379 563 291
f 564 379 562
f 379 564 563
f 125 407 128
f 128 407 410
f 128 410 127
f 127 410 409
f 127 409 130
f 130 409 412
f 130 412 129
f 129 412 411
f 129 411 132
f 132 411 414
f 132 414 131
f 131 414 413
f 131 413 134
f 134 413 416
f 134 416 133
f 133 416 415
f 133 415 136
f 136 415 418
f 136 418 135
f 135 418 417
f 135 417 138
f 138 417 420
f 138 420 137
f 137 420 419
f 137 419 140
f 140 419 422
f 140 422 139
f 139 422 421
f 139 421 142
f 142 421 424
f 142 424 141
f 141 424 423
f 141 423 144
f 144 423 426
f 144 426 143
f 143 426 425
f 143 425 177
f 177 425 459
f 177 459 189
f 189 459 471
f 189 471 208
f 208 471 490
f 208 490 202
f 202 490 484
f 202 484 190
f 190 484 472
f 190 472 146
f 146 472 427
f 146 427 147
f 147 427 429
f 147 429 145
f 145 429 428
f 145 428 149
f 149 428 431
f 149 431 148
f 148 431 430
f 148 430 151
f 151 430 433
f 151 433 150
f 150 433 432
f 150 432 178
f 178 432 460
f 178 460 203
f 203 460 485
f 203 485 196
f 196 485 478
f 196 478 179
f 179 478 461
f 179 461 153
f 153 461 434
f 153 434 154
f 154 434 436
f 154 436 152
f 152 436 435
f 152 435 156
f 156 435 438
f 156 438 155
f 155 438 437
f 155 437 158
f 158 437 440
f 158 440 157
f 157 440 439
f 157 439 160
f 160 439 442
f 160 442 159
f 159 442 441
f 159 441 161
f 161 441 443
f 161 443 12
f 12 443 295
f 12 295 16
f 16 295 298
f 16 298 15
f 15 298 297
f 15 297 18
f 18 297 300
f 18 300 17
f 17 300 299
f 17 299 20
f 20 299 302
f 20 302 19
f 19 302 301
f 19 301 22
f 22 301 304
f 22 304 21
f 21 304 303
f 21 303 24
f 24 303 306
f 24 306 23
f 23 306 305
f 23 305 173
f 173 305 455
f 173 455 194
f 194 455 476
f 194 476 174
f 174 476 456
f 174 456 26
f 26 456 307
f 26 307 27
f 27 307 309
f 27 309 25
f 25 309 308
f 25 308 29
f 29 308 311
f 29 311 28
f 28 311 310
f 28 310 31
f 31 310 313
f 31 313 30
f 30 313 312
f 30 312 33
f 33 312 315
f 33 315 32
f 32 315 314
f 32 314 35
f 35 314 317
f 35 317 34
f 34 317 316
f 34 316 37
f 37 316 319
f 37 319 36
f 36 319 318
f 36 318 39
f 39 318 321
f 39 321 38
f 38 321 320
f 38 320 41
f 41 320 323
f 41 323 40
f 40 323 322
f 40 322 43
f 43 322 325
f 43 325 42
f 42 325 324
f 42 324 45
f 45 324 327
f 45 327 44
f 44 327 326
f 44 326 47
f 47 326 329
f 47 329 46
f 46 329 328
f 46 328 49
f 49 328 331
f 49 331 48
f 48 331 330
f 48 330 51
f 51 330 333
f 51 333 50
f 50 333 332
f 50 332 53
f 53 332 335
f 53 335 52
f 52 335 334
f 52 334 55
f 55 334 337
f 55 337 54
f 54 337 336
f 54 336 57
f 57 336 339
f 57 339 56
f 56 339 338
f 56 338 175
f 175 338 457
f 175 457 184
f 184 457 466
f 184 466 176
f 176 466 458
f 176 458 59
f 59 458 340
f 59 340 60
f 60 340 342
f 60 342 58
f 58 342 341
f 58 341 62
f 62 341 344
f 62 344 61
f 61 344 343
f 61 343 64
f 64 343 346
f 64 346 63
f 63 346 345
f 63 345 66
f 66 345 348
f 66 348 65
f 65 348 347
f 65 347 68
f 68 347 350
f 68 350 67
f 67 350 349
f 67 349 70
f 70 349 352
f 70 352 69
f 69 352 351
f 69 351 72
f 72 351 354
f 72 354 71
f 71 354 353
f 71 353 74
f 74 353 356
f 74 356 73
f 73 356 355
f 73 355 76
f 76 355 358
f 76 358 75
f 75 358 357
f 75 357 78
f 78 357 360
f 78 360 77
f 77 360 359
f 77 359 80
f 80 359 362
f 80 362 79
f 79 362 361
f 79 361 185
f 185 361 467
f 185 467 82
f 82 467 363
f 82 363 83
f 83 363 365
f 83 365 81
f 81 365 364
f 81 364 85
f 85 364 367
f 85 367 84
f 84 367 366
f 84 366 87
f 87 366 369
f 87 369 86
f 86 369 368
f 86 368 89
f 89 368 371
f 89 371 88
f 88 371 370
f 88 370 186
f 186 370 468
f 186 468 195
f 195 468 477
f 195 477 187
f 187 477 469
f 187 469 91
f 91 469 372
f 91 372 92
f 92 372 374
f 92 374 90
f 90 374 373
f 90 373 94
f 94 373 376
f 94 376 93
f 93 376 375
f 93 375 96
f 96 375 378
f 96 378 95
f 95 378 377
f 95 377 98
f 98 377 379
f 98 379 99
f 99 379 381
f 99 381 97
f 97 381 380
f 97 380 101
f 101 380 383
f 101 383 100
f 100 383 382
f 100 382 188
f 188 382 470
f 188 470 103
f 103 470 384
f 103 384 104
f 104 384 386
f 104 386 102
f 102 386 385
f 102 385 106
f 106 385 388
f 106 388 105
f 105 388 387
f 105 387 108
f 108 387 390
f 108 390 107
f 107 390 389
f 107 389 110
f 110 389 392
f 110 392 109
f 109 392 391
f 109 391 112
f 112 391 394
f 112 394 111
f 111 394 393
f 111 393 114
f 114 393 396
f 114 396 113
f 113 396 395
f 113 395 116
f 116 395 398
f 116 398 115
f 115 398 397
f 115 397 118
f 118 397 400
f 118 400 117
f 117 400 399
f 117 399 120
f 120 399 402
f 120 402 119
f 119 402 401
f 119 401 122
f 122 401 404
f 122 404 121
f 121 404 403
f 121 403 124
f 124 403 406
f 124 406 123
f 123 406 405
f 123 405 126
f 126 405 408
f 126 408 125
f 125 408 407
f 268 550 270
f 270 550 552
f 270 552 272
f 272 552 554
f 272 554 274
f 274 554 556
f 274 556 275
f 275 556 557
f 275 557 277
f 277 557 559
f 277 559 5
f 5 559 286
f 5 286 6
f 6 286 288
f 6 288 4
f 4 288 287
f 4 287 8
f 8 287 290
f 8 290 7
f 7 290 289
f 7 289 10
f 10 289 292
f 10 292 9
f 9 292 291
f 9 291 281
f 281 291 563
f 281 563 282
f 282 563 564
f 282 564 280
f 280 564 562
f 280 562 279
f 279 562 561
f 279 561 278
f 278 561 560
f 278 560 276
f 276 560 558
f 276 558 273
f 273 558 555
f 273 555 271
f 271 555 553
f 271 553 269
f 269 553 551
f 269 551 267
f 267 551 549
f 267 549 265
f 265 549 547
f 265 547 263
f 263 547 545
f 263 545 261
f 261 545 543
f 261 543 259
f 259 543 541
f 259 541 257
f 257 541 539
f 257 539 255
f 255 539 537
f 255 537 253
f 253 537 535
f 253 535 251
f 251 535 533
f 251 533 250
f 250 533 532
f 250 532 239
f 239 532 521
f 239 521 227
f 227 521 509
f 227 509 223
f 223 509 505
f 223 505 220
f 220 505 502
f 220 502 218
f 218 502 500
f 218 500 214
f 214 500 496
f 214 496 210
f 210 496 492
f 210 492 206
f 206 492 488
f 206 488 200
f 200 488 482
f 200 482 192
f 192 482 474
f 192 474 182
f 182 474 464
f 182 464 171
f 171 464 453
f 171 453 11
f 11 453 293
f 11 293 3
f 3 293 285
f 3 285 1
f 1 285 284
f 1 284 230
f 230 284 512
f 230 512 234
f 234 512 516
f 234 516 238
f 238 516 520
f 238 520 241
f 241 520 523
f 241 523 248
f 248 523 530
f 248 530 252
f 252 530 534
f 252 534 254
f 254 534 536
f 254 536 256
f 256 536 538
f 256 538 258
f 258 538 540
f 258 540 260
f 260 540 542
f 260 542 262
f 262 542 544
f 262 544 264
f 264 544 546
f 264 546 266
f 266 546 548
f 266 548 268
f 268 548 550
f 164 445 165
f 165 445 447
f 165 447 163
f 163 447 446
f 163 446 167
f 167 446 449
f 167 449 166
f 166 449 448
f 166 448 169
f 169 448 451
f 169 451 168
f 168 451 450
f 168 450 198
f 198 450 480
f 198 480 217
f 217 480 499
f 217 499 213
f 213 499 495
f 213 495 209
f 209 495 491
f 209 491 205
f 205 491 487
f 205 487 199
f 199 487 481
f 199 481 191
f 191 481 473
f 191 473 181
f 181 473 463
f 181 463 170
f 170 463 452
f 170 452 2
f 2 452 283
f 2 283 231
f 231 283 513
f 231 513 235
f 235 513 517
f 235 517 242
f 242 517 524
f 242 524 246
f 246 524 528
f 246 528 243
f 243 528 525
f 243 525 240
f 240 525 522
f 240 522 236
f 236 522 518
f 236 518 232
f 232 518 514
f 232 514 228
f 228 514 510
f 228 510 224
f 224 510 506
f 224 506 221
f 221 506 503
f 221 503 215
f 215 503 497
f 215 497 211
f 211 497 493
f 211 493 207
f 207 493 489
f 207 489 201
f 201 489 483
f 201 483 193
f 193 483 475
f 193 475 183
f 183 475 465
f 183 465 172
f 172 465 454
f 172 454 13
f 13 454 294
f 13 294 14
f 14 294 296
f 14 296 162
f 162 296 444
f 162 444 180
f 180 444 462
f 180 462 197
f 197 462 479
f 197 479 204
f 204 479 486
f 204 486 212
f 212 486 494
f 212 494 216
f 216 494 498
f 216 498 219
f 219 498 501
f 219 501 222
f 222 501 504
f 222 504 225
f 225 504 507
f 225 507 229
f 229 507 511
f 229 511 233
f 233 511 515
f 233 515 237
f 237 515 519
f 237 519 244
f 244 519 526
f 244 526 247
f 247 526 529
f 247 529 249
f 249 529 531
f 249 531 245
f 245 531 527
f 245 527 226
f 226 527 508
f 226 508 164
f 164 508 445
o 
v 41.46 0 -73.11
v 41.97 0 -72.78
v 41.5 0 -72.74
v 41.424 0 -73.393
v 41.443 0 -73.232
v 41.27 0 -74.74
v 41.349 0 -73.994
v 41.32 0 -74.2
v 41.23 0 -76.084
v 41.24 0 -75.389
v 41.27 0 -77.357
v 41.24 0 -76.761
v 41.427 0 -78.391
v 41.32 0 -77.81
v 41.701 0 -79.624
v 41.555 0 -79.001
v 42.032 0 -80.84
v 41.861 0 -80.243
v 42.403 0 -81.969
v 42.21 0 -81.4
v 42.839 0 -83.214
v 42.619 0 -82.592
v 43.218 0 -84.241
v 43.045 0 -83.781
v 43.366 0 -84.599
v 43.34 0 -84.54
v 43.554 0 -85.06
v 43.5 0 -84.92
v 43.524 0 -84.983
v 43.626 0 -85.236
v 43.589 0 -85.146
v 43.7 0 -85.41
v 43.664 0 -85.326
v 44.027 0 -86.188
v 43.823 0 -85.702
v 43.917 0 -85.927
v 44.27 0 -86.76
v 44.146 0 -86.47
v 44.506 0 -87.329
v 44.39 0 -87.049
v 44.704 0 -87.804
v 44.612 0 -87.585
v 44.82 0 -88.08
v 44.775 0 -87.974
v 45.108 0 -88.751
v 45.032 0 -88.568
v 45.07 0 -88.66
v 45.194 0 -88.952
v 45.15 0 -88.85
v 45.356 0 -89.331
v 45.276 0 -89.147
v 45.31 0 -89.23
v 45.876 0 -90.635
v 45.684 0 -90.144
v 45.78 0 -90.39
v 46.06 0 -91.09
v 45.971 0 -90.872
v 46.204 0 -91.425
v 46.139 0 -91.278
v 48.75 0 -99.089
v 48.4 0 -97.72
v 48.586 0 -98.497
v 49.04 0 -99.798
v 48.899 0 -99.516
v 49.33 0 -100
v 49.181 0 -99.953
v 49.554 0 -99.86
v 49.435 0 -99.963
v 49.809 0 -99.496
v 49.681 0 -99.701
v 50.04 0 -98.99
v 49.931 0 -99.256
v 50.121 0 -98.774
v 50.081 0 -98.883
v 50.269 0 -98.383
v 50.226 0 -98.497
v 50.25 0 -98.44
v 50.324 0 -98.21
v 50.294 0 -98.304
v 50.389 0 -97.997
v 50.356 0 -98.106
v 50.451 0 -97.782
v 50.42 0 -97.89
v 50.612 0 -97.228
v 50.568 0 -97.371
v 50.59 0 -97.3
v 50.666 0 -97.033
v 50.638 0 -97.137
v 50.724 0 -96.803
v 50.695 0 -96.919
v 50.777 0 -96.571
v 50.75 0 -96.69
v 50.991 0 -95.641
v 50.903 0 -96.04
v 50.93 0 -95.93
v 51.173 0 -94.65
v 51.075 0 -95.194
v 51.361 0 -93.512
v 51.271 0 -94.069
v 51.627 0 -91.77
v 51.573 0 -92.119
v 51.6 0 -91.95
v 51.689 0 -91.356
v 51.657 0 -91.569
v 51.747 0 -90.946
v 51.719 0 -91.145
v 52.856 0 -84.13
v 52.794 0 -84.411
v 52.823 0 -84.278
v 52.922 0 -83.823
v 52.89 0 -83.976
v 52.977 0 -83.538
v 52.95 0 -83.68
v 53.139 0 -82.787
v 53.097 0 -82.976
v 53.12 0 -82.88
v 53.253 0 -82.282
v 53.193 0 -82.546
v 53.223 0 -82.413
v 53.462 0 -81.323
v 53.28 0 -82.16
v 54.487 0 -77.781
v 54.427 0 -77.926
v 54.457 0 -77.855
v 54.541 0 -77.64
v 54.516 0 -77.709
v 55.018 0 -76.512
v 54.887 0 -76.801
v 54.97 0 -76.62
v 55.096 0 -76.325
v 55.061 0 -76.413
v 55.138 0 -76.204
v 55.123 0 -76.254
v 55.605 0 -75.127
v 55.44 0 -75.48
v 55.524 0 -75.301
v 55.741 0 -74.833
v 55.679 0 -74.969
v 55.82 0 -74.66
v 55.79 0 -74.727
v 56.009 0 -74.162
v 55.914 0 -74.431
v 56.171 0 -73.621
v 56.097 0 -73.882
v 56.24 0 -73.27
v 56.221 0 -73.408
v 56.159 0 -73.123
v 56.231 0 -73.178
v 55.561 0 -73.123
v 55.958 0 -73.105
v 53.92 0 -73.27
v 54.904 0 -73.178
v 42.894 0 -72.898
v 43.443 0 -72.972
v 43.08 0 -72.92
v 42.118 0 -72.798
v 42.491 0 -72.846
v 42.296 0 -72.821
v 41.401 0 -73.58
v 41.376 0 -73.784
v 43.395 0 -84.665
v 43.749 0 -85.525
v 44.858 0 -88.163
v 45.237 0 -89.053
v 46.25 0 -91.52
v 50.16 0 -98.67
v 50.196 0 -98.576
v 50.482 0 -97.67
v 50.872 0 -96.167
v 51.543 0 -92.308
v 53.069 0 -83.099
v 54.4 0 -77.99
v 54.56 0 -77.58
v 55.14 0 -76.18
v 42.694 0 -72.873
v 43.424 0 -84.734
v 44.99 0 -88.467
v 45.589 0 -89.903
v 48.192 0 -96.933
v 50.513 0 -97.561
v 50.541 0 -97.46
v 50.808 0 -96.44
v 50.84 0 -96.302
v 51.43 0 -93.04
v 51.511 0 -92.506
v 51.77 0 -90.77
v 53.164 0 -82.673
v 54.815 0 -76.96
v 55.15 0 -76.143
v 43.478 0 -84.865
v 44.9 0 -88.259
v 51.453 0 -92.884
v 52.77 0 -84.52
v 54.626 0 -77.408
v 55.359 0 -75.655
v 43.857 0 -73.026
v 43.452 0 -84.801
v 44.945 0 -88.363
v 45.5 0 -89.679
v 47.88 0 -95.924
v 51.481 0 -92.702
v 53.007 0 -83.388
v 54.75 0 -77.107
v 55.287 0 -75.815
v 52.544 0 -73.374
v 45.421 0 -89.484
v 47.498 0 -94.785
v 54.689 0 -77.253
v 44.32 0 -73.084
v 46.65 0 -92.49
v 47.076 0 -93.61
v 51.84 0 -90.236
v 55.18 0 -76.065
v 55.226 0 -75.954
v 44.826 0 -73.144
v 45.371 0 -73.206
v 51.918 0 -89.671
v 45.95 0 -73.27
v 47.147 0 -73.374
v 48.43 0 -73.437
v 52 0 -89.098
v 54.247 0 -78.407
v 49.774 0 -73.458
v 52.082 0 -88.539
v 54.065 0 -78.989
v 51.154 0 -73.437
v 52.16 0 -88.019
v 53.866 0 -79.696
v 52.23 0 -87.56
v 53.661 0 -80.488
v 52.328 0 -86.98
v 52.434 0 -86.356
v 53.039 0 -83.239
v 52.541 0 -85.744
v 52.639 0 -85.197
v 52.718 0 -84.771
v 41.97 10 -72.78
v 41.46 10 -73.11
v 41.5 10 -72.74
v 41.424 10 -73.393
v 41.443 10 -73.232
v 41.349 10 -73.994
v 41.27 10 -74.74
v 41.32 10 -74.2
v 41.23 10 -76.084
v 41.24 10 -75.389
v 41.27 10 -77.357
v 41.24 10 -76.761
v 41.427 10 -78.391
v 41.32 10 -77.81
v 41.701 10 -79.624
v 41.555 10 -79.001
v 42.032 10 -80.84
v 41.861 10 -80.243
v 42.403 10 -81.969
v 42.21 10 -81.4
v 42.839 10 -83.214
v 42.619 10 -82.592
v 43.218 10 -84.241
v 43.045 10 -83.781
v 43.366 10 -84.599
v 43.34 10 -84.54
v 43.5 10 -84.92
v 43.554 10 -85.06
v 43.524 10 -84.983
v 43.626 10 -85.236
v 43.589 10 -85.146
v 43.7 10 -85.41
v 43.664 10 -85.326
v 43.823 10 -85.702
v 44.027 10 -86.188
v 43.917 10 -85.927
v 44.27 10 -86.76
v 44.146 10 -86.47
v 44.506 10 -87.329
v 44.39 10 -87.049
v 44.704 10 -87.804
v 44.612 10 -87.585
v 44.82 10 -88.08
v 44.775 10 -87.974
v 45.032 10 -88.568
v 45.108 10 -88.751
v 45.07 10 -88.66
v 45.194 10 -88.952
v 45.15 10 -88.85
v 45.276 10 -89.147
v 45.356 10 -89.331
v 45.31 10 -89.23
v 45.684 10 -90.144
v 45.876 10 -90.635
v 45.78 10 -90.39
v 46.06 10 -91.09
v 45.971 10 -90.872
v 46.204 10 -91.425
v 46.139 10 -91.278
v 48.4 10 -97.72
v 48.75 10 -99.089
v 48.586 10 -98.497
v 49.04 10 -99.798
v 48.899 10 -99.516
v 49.33 10 -100
v 49.181 10 -99.953
v 49.554 10 -99.86
v 49.435 10 -99.963
v 49.809 10 -99.496
v 49.681 10 -99.701
v 50.04 10 -98.99
v 49.931 10 -99.256
v 50.121 10 -98.774
v 50.081 10 -98.883
v 50.226 10 -98.497
v 50.269 10 -98.383
v 50.25 10 -98.44
v 50.324 10 -98.21
v 50.294 10 -98.304
v 50.389 10 -97.997
v 50.356 10 -98.106
v 50.451 10 -97.782
v 50.42 10 -97.89
v 50.568 10 -97.371
v 50.612 10 -97.228
v 50.59 10 -97.3
v 50.666 10 -97.033
v 50.638 10 -97.137
v 50.724 10 -96.803
v 50.695 10 -96.919
v 50.777 10 -96.571
v 50.75 10 -96.69
v 50.903 10 -96.04
v 50.991 10 -95.641
v 50.93 10 -95.93
v 51.173 10 -94.65
v 51.075 10 -95.194
v 51.361 10 -93.512
v 51.271 10 -94.069
v 51.573 10 -92.119
v 51.627 10 -91.77
v 51.6 10 -91.95
v 51.689 10 -91.356
v 51.657 10 -91.569
v 51.747 10 -90.946
v 51.719 10 -91.145
v 52.794 10 -84.411
v 52.856 10 -84.13
v 52.823 10 -84.278
v 52.922 10 -83.823
v 52.89 10 -83.976
v 52.977 10 -83.538
v 52.95 10 -83.68
v 53.097 10 -82.976
v 53.139 10 -82.787
v 53.12 10 -82.88
v 53.193 10 -82.546
v 53.253 10 -82.282
v 53.223 10 -82.413
v 53.462 10 -81.323
v 53.28 10 -82.16
v 54.427 10 -77.926
v 54.487 10 -77.781
v 54.457 10 -77.855
v 54.541 10 -77.64
v 54.516 10 -77.709
v 54.887 10 -76.801
v 55.018 10 -76.512
v 54.97 10 -76.62
v 55.096 10 -76.325
v 55.061 10 -76.413
v 55.138 10 -76.204
v 55.123 10 -76.254
v 55.44 10 -75.48
v 55.605 10 -75.127
v 55.524 10 -75.301
v 55.741 10 -74.833
v 55.679 10 -74.969
v 55.82 10 -74.66
v 55.79 10 -74.727
v 56.009 10 -74.162
v 55.914 10 -74.431
v 56.171 10 -73.621
v 56.097 10 -73.882
v 56.24 10 -73.27
v 56.221 10 -73.408
v 56.159 10 -73.123
v 56.231 10 -73.178
v 55.561 10 -73.123
v 55.958 10 -73.105
v 53.92 10 -73.27
v 54.904 10 -73.178
v 43.443 10 -72.972
v 42.894 10 -72.898
v 43.08 10 -72.92
v 42.491 10 -72.846
v 42.118 10 -72.798
v 42.296 10 -72.821
v 41.401 10 -73.58
v 41.376 10 -73.784
v 43.395 10 -84.665
v 43.749 10 -85.525
v 44.858 10 -88.163
v 45.237 10 -89.053
v 46.25 10 -91.52
v 50.16 10 -98.67
v 50.196 10 -98.576
v 50.482 10 -97.67
v 50.872 10 -96.167
v 51.543 10 -92.308
v 53.069 10 -83.099
v 54.4 10 -77.99
v 54.56 10 -77.58
v 55.14 10 -76.18
v 42.694 10 -72.873
v 43.424 10 -84.734
v 44.99 10 -88.467
v 45.589 10 -89.903
v 48.192 10 -96.933
v 50.513 10 -97.561
v 50.541 10 -97.46
v 50.808 10 -96.44
v 50.84 10 -96.302
v 51.43 10 -93.04
v 51.511 10 -92.506
v 51.77 10 -90.77
v 53.164 10 -82.673
v 54.815 10 -76.96
v 55.15 10 -76.143
v 43.478 10 -84.865
v 44.9 10 -88.259
v 51.453 10 -92.884
v 52.77 10 -84.52
v 54.626 10 -77.408
v 55.359 10 -75.655
v 43.857 10 -73.026
v 43.452 10 -84.801
v 44.945 10 -88.363
v 45.5 10 -89.679
v 47.88 10 -95.924
v 51.481 10 -92.702
v 53.007 10 -83.388
v 54.75 10 -77.107
v 55.287 10 -75.815
v 52.544 10 -73.374
v 45.421 10 -89.484
v 47.498 10 -94.785
v 54.689 10 -77.253
v 44.32 10 -73.084
v 46.65 10 -92.49
v 47.076 10 -93.61
v 51.84 10 -90.236
v 55.18 10 -76.065
v 55.226 10 -75.954
v 44.826 10 -73.144
v 45.371 10 -73.206
v 51.918 10 -89.671
v 45.95 10 -73.27
v 47.147 10 -73.374
v 48.43 10 -73.437
v 52 10 -89.098
v 54.247 10 -78.407
v 49.774 10 -73.458
v 52.082 10 -88.539
v 54.065 10 -78.989
v 51.154 10 -73.437
v 52.16 10 -88.019
v 53.866 10 -79.696
v 52.23 10 -87.56
v 53.661 10 -80.488
v 52.328 10 -86.98
v 52.434 10 -86.356
v 53.039 10 -83.239
v 52.541 10 -85.744
v 52.639 10 -85.197
v 52.718 10 -84.771
f 565 566 567
f 568 565 569
f 570 571 572
f 573 570 574
f 575 573 576
f 577 575 578
f 579 577 580
f 581 579 582
f 583 581 584
f 585 583 586
f 587 585 588
f 589 587 590
f 591 592 593
f 594 591 595
f 596 594 597
f 598 599 600
f 601 598 602
f 603 601 604
f 605 603 606
f 607 605 608
f 609 610 611
f 612 609 613
f 614 615 616
f 617 618 619
f 620 617 621
f 622 620 623
f 624 625 626
f 627 624 628
f 629 627 630
f 631 629 632
f 633 631 634
f 635 633 636
f 637 635 638
f 639 640 641
f 642 639 643
f 644 642 645
f 646 644 647
f 648 649 650
f 651 648 652
f 653 651 654
f 655 653 656
f 657 658 659
f 660 657 661
f 662 660 663
f 664 665 666
f 667 664 668
f 669 667 670
f 671 672 673
f 674 671 675
f 676 674 677
f 678 679 680
f 681 682 683
f 684 681 685
f 686 687 688
f 689 686 690
f 691 692 693
f 694 691 695
f 696 694 697
f 698 699 700
f 701 698 702
f 703 701 704
f 705 703 706
f 707 705 708
f 709 707 710
f 711 709 712
f 713 711 714
f 715 713 716
f 717 718 719
f 720 721 722
f 565 720 566
f 723 565 568
f 570 724 571
f 575 570 573
f 579 575 577
f 583 579 581
f 587 583 585
f 725 587 589
f 594 592 591
f 726 594 596
f 601 599 598
f 605 601 603
f 727 605 607
f 612 610 609
f 614 728 615
f 620 618 617
f 729 620 622
f 627 625 624
f 631 627 629
f 635 631 633
f 730 635 637
f 639 731 640
f 644 639 642
f 732 644 646
f 651 649 648
f 655 651 653
f 657 733 658
f 662 657 660
f 664 734 665
f 669 664 667
f 674 672 671
f 678 735 679
f 684 682 681
f 686 736 687
f 737 686 689
f 694 692 691
f 738 694 696
f 701 699 698
f 705 701 703
f 709 705 707
f 713 709 711
f 739 718 717
f 720 739 721
f 723 720 565
f 570 723 724
f 579 570 575
f 587 579 583
f 740 587 725
f 726 592 594
f 601 726 599
f 727 601 605
f 612 741 610
f 614 612 728
f 620 742 618
f 627 743 625
f 635 627 631
f 644 731 639
f 744 644 732
f 651 745 649
f 746 651 655
f 657 747 733
f 748 657 662
f 664 749 734
f 750 664 669
f 676 672 674
f 751 735 678
f 684 751 682
f 737 736 686
f 694 752 692
f 753 694 738
f 705 699 701
f 713 705 709
f 720 718 739
f 570 720 723
f 587 570 579
f 726 754 592
f 755 601 727
f 614 741 612
f 729 742 620
f 635 743 627
f 644 730 731
f 746 745 651
f 657 746 747
f 756 657 748
f 750 749 664
f 676 757 672
f 684 735 751
f 758 736 737
f 753 752 694
f 705 759 699
f 715 705 713
f 720 760 718
f 587 720 570
f 726 761 754
f 762 601 755
f 729 763 742
f 635 764 743
f 644 635 730
f 746 744 745
f 756 746 657
f 750 765 749
f 766 757 676
f 753 767 752
f 705 768 759
f 769 705 715
f 587 760 720
f 601 761 726
f 741 601 762
f 729 770 763
f 635 771 764
f 744 635 644
f 756 744 746
f 750 756 765
f 753 772 767
f 769 768 705
f 587 773 760
f 601 740 761
f 614 601 741
f 774 770 729
f 635 775 771
f 756 635 744
f 776 756 750
f 777 772 753
f 769 778 768
f 587 779 773
f 614 740 601
f 635 774 775
f 776 635 756
f 769 777 778
f 587 780 779
f 614 587 740
f 635 770 774
f 781 635 776
f 769 772 777
f 587 782 780
f 770 587 614
f 781 770 635
f 769 758 772
f 587 783 782
f 781 587 770
f 769 736 758
f 587 784 783
f 785 587 781
f 769 786 736
f 587 787 784
f 788 587 785
f 769 789 786
f 587 790 787
f 791 587 788
f 769 792 789
f 587 769 790
f 793 587 791
f 769 794 792
f 793 769 587
f 769 684 794
f 795 769 793
f 769 735 684
f 796 769 795
f 769 797 735
f 798 769 796
f 769 766 797
f 799 769 798
f 769 757 766
f 800 769 799
f 769 800 757
f 801 802 803
f 802 804 805
f 806 807 808
f 807 809 810
f 809 811 812
f 811 813 814
f 813 815 816
f 815 817 818
f 817 819 820
f 819 821 822
f 821 823 824
f 823 825 826
f 827 828 829
f 828 830 831
f 830 832 833
f 834 835 836
f 835 837 838
f 837 839 840
f 839 841 842
f 841 843 844
f 845 846 847
f 846 848 849
f 850 851 852
f 853 854 855
f 854 856 857
f 856 858 859
f 860 861 862
f 861 863 864
f 863 865 866
f 865 867 868
f 867 869 870
f 869 871 872
f 871 873 874
f 875 876 877
f 876 878 879
f 878 880 881
f 880 882 883
f 884 885 886
f 885 887 888
f 887 889 890
f 889 891 892
f 893 894 895
f 894 896 897
f 896 898 899
f 900 901 902
f 901 903 904
f 903 905 906
f 907 908 909
f 908 910 911
f 910 912 913
f 914 915 916
f 917 918 919
f 918 920 921
f 922 923 924
f 923 925 926
f 927 928 929
f 928 930 931
f 930 932 933
f 934 935 936
f 935 937 938
f 937 939 940
f 939 941 942
f 941 943 944
f 943 945 946
f 945 947 948
f 947 949 950
f 949 951 952
f 953 954 955
f 956 957 958
f 957 802 801
f 802 959 804
f 960 807 806
f 807 811 809
f 811 815 813
f 815 819 817
f 819 823 821
f 823 961 825
f 827 830 828
f 830 962 832
f 834 837 835
f 837 841 839
f 841 963 843
f 845 848 846
f 964 851 850
f 853 856 854
f 856 965 858
f 860 863 861
f 863 867 865
f 867 871 869
f 871 966 873
f 967 876 875
f 876 880 878
f 880 968 882
f 884 887 885
f 887 891 889
f 969 894 893
f 894 898 896
f 970 901 900
f 901 905 903
f 907 910 908
f 971 915 914
f 917 920 918
f 972 923 922
f 923 973 925
f 927 930 928
f 930 974 932
f 934 937 935
f 937 941 939
f 941 945 943
f 945 949 947
f 953 975 954
f 975 957 956
f 957 959 802
f 959 807 960
f 807 815 811
f 815 823 819
f 823 976 961
f 827 962 830
f 962 837 834
f 837 963 841
f 977 848 845
f 848 851 964
f 978 856 853
f 979 863 860
f 863 871 867
f 967 880 876
f 880 980 968
f 981 887 884
f 887 982 891
f 983 894 969
f 894 984 898
f 985 901 970
f 901 986 905
f 907 912 910
f 971 987 915
f 987 920 917
f 972 973 923
f 988 930 927
f 930 989 974
f 934 941 937
f 941 949 945
f 953 957 975
f 957 807 959
f 807 823 815
f 990 962 827
f 837 991 963
f 977 851 848
f 978 965 856
f 979 871 863
f 966 880 967
f 981 982 887
f 982 894 983
f 894 992 984
f 985 986 901
f 993 912 907
f 971 920 987
f 972 994 973
f 988 989 930
f 995 941 934
f 941 951 949
f 996 957 953
f 957 823 807
f 997 962 990
f 837 998 991
f 999 965 978
f 1000 871 979
f 871 880 966
f 980 982 981
f 982 992 894
f 1001 986 985
f 993 1002 912
f 1003 989 988
f 1004 941 995
f 941 1005 951
f 996 823 957
f 997 837 962
f 837 977 998
f 1006 965 999
f 1007 871 1000
f 871 980 880
f 980 992 982
f 992 986 1001
f 1008 989 1003
f 1004 1005 941
f 1009 823 996
f 976 837 997
f 837 851 977
f 1006 1010 965
f 1011 871 1007
f 871 992 980
f 992 1012 986
f 1008 1013 989
f 1014 1005 1004
f 1015 823 1009
f 976 851 837
f 1010 871 1011
f 871 1012 992
f 1013 1005 1014
f 1016 823 1015
f 823 851 976
f 1006 871 1010
f 871 1017 1012
f 1008 1005 1013
f 1018 823 1016
f 823 1006 851
f 1006 1017 871
f 994 1005 1008
f 1019 823 1018
f 823 1017 1006
f 972 1005 994
f 1020 823 1019
f 823 1021 1017
f 1022 1005 972
f 1023 823 1020
f 823 1024 1021
f 1025 1005 1022
f 1026 823 1023
f 823 1027 1024
f 1028 1005 1025
f 1005 823 1026
f 823 1029 1027
f 1030 1005 1028
f 1005 1029 823
f 920 1005 1030
f 1005 1031 1029
f 971 1005 920
f 1005 1032 1031
f 1033 1005 971
f 1005 1034 1032
f 1002 1005 1033
f 1005 1035 1034
f 993 1005 1002
f 1005 1036 1035
f 1036 1005 993
f 565 802 569
f 569 802 805
f 569 805 568
f 568 805 804
f 568 804 723
f 723 804 959
f 723 959 724
f 724 959 960
f 724 960 571
f 571 960 806
f 571 806 572
f 572 806 808
f 572 808 570
f 570 808 807
f 570 807 574
f 574 807 810
f 574 810 573
f 573 810 809
f 573 809 576
f 576 809 812
f 576 812 575
f 575 812 811
f 575 811 578
f 578 811 814
f 578 814 577
f 577 814 813
f 577 813 580
f 580 813 816
f 580 816 579
f 579 816 815
f 579 815 582
f 582 815 818
f 582 818 581
f 581 818 817
f 581 817 584
f 584 817 820
f 584 820 583
f 583 820 819
f 583 819 586
f 586 819 822
f 586 822 585
f 585 822 821
f 585 821 588
f 588 821 824
f 588 824 587
f 587 824 823
f 587 823 590
f 590 823 826
f 590 826 589
f 589 826 825
f 589 825 725
f 725 825 961
f 725 961 740
f 740 961 976
f 740 976 761
f 761 976 997
f 761 997 754
f 754 997 990
f 754 990 592
f 592 990 827
f 592 827 593
f 593 827 829
f 593 829 591
f 591 829 828
f 591 828 595
f 595 828 831
f 595 831 594
f 594 831 830
f 594 830 597
f 597 830 833
f 597 833 596
f 596 833 832
f 596 832 726
f 726 832 962
f 726 962 599
f 599 962 834
f 599 834 600
f 600 834 836
f 600 836 598
f 598 836 835
f 598 835 602
f 602 835 838
f 602 838 601
f 601 838 837
f 601 837 604
f 604 837 840
f 604 840 603
f 603 840 839
f 603 839 606
f 606 839 842
f 606 842 605
f 605 842 841
f 605 841 608
f 608 841 844
f 608 844 607
f 607 844 843
f 607 843 727
f 727 843 963
f 727 963 755
f 755 963 991
f 755 991 762
f 762 991 998
f 762 998 741
f 741 998 977
f 741 977 610
f 610 977 845
f 610 845 611
f 611 845 847
f 611 847 609
f 609 847 846
f 609 846 613
f 613 846 849
f 613 849 612
f 612 849 848
f 612 848 728
f 728 848 964
f 728 964 615
f 615 964 850
f 615 850 616
f 616 850 852
f 616 852 614
f 614 852 851
f 614 851 770
f 770 851 1006
f 770 1006 763
f 763 1006 999
f 763 999 742
f 742 999 978
f 742 978 618
f 618 978 853
f 618 853 619
f 619 853 855
f 619 855 617
f 617 855 854
f 617 854 621
f 621 854 857
f 621 857 620
f 620 857 856
f 620 856 623
f 623 856 859
f 623 859 622
f 622 859 858
f 622 858 729
f 729 858 965
f 729 965 774
f 774 965 1010
f 774 1010 775
f 775 1010 1011
f 775 1011 771
f 771 1011 1007
f 771 1007 764
f 764 1007 1000
f 764 1000 743
f 743 1000 979
f 743 979 625
f 625 979 860
f 625 860 626
f 626 860 862
f 626 862 624
f 624 862 861
f 624 861 628
f 628 861 864
f 628 864 627
f 627 864 863
f 627 863 630
f 630 863 866
f 630 866 629
f 629 866 865
f 629 865 632
f 632 865 868
f 632 868 631
f 631 868 867
f 631 867 634
f 634 867 870
f 634 870 633
f 633 870 869
f 633 869 636
f 636 869 872
f 636 872 635
f 635 872 871
f 635 871 638
f 638 871 874
f 638 874 637
f 637 874 873
f 637 873 730
f 730 873 966
f 730 966 731
f 731 966 967
f 731 967 640
f 640 967 875
f 640 875 641
f 641 875 877
f 641 877 639
f 639 877 876
f 639 876 643
f 643 876 879
f 643 879 642
f 642 879 878
f 642 878 645
f 645 878 881
f 645 881 644
f 644 881 880
f 644 880 647
f 647 880 883
f 647 883 646
f 646 883 882
f 646 882 732
f 732 882 968
f 732 968 744
f 744 968 980
f 744 980 745
f 745 980 981
f 745 981 649
f 649 981 884
f 649 884 650
f 650 884 886
f 650 886 648
f 648 886 885
f 648 885 652
f 652 885 888
f 652 888 651
f 651 888 887
f 651 887 654
f 654 887 890
f 654 890 653
f 653 890 889
f 653 889 656
f 656 889 892
f 656 892 655
f 655 892 891
f 655 891 746
f 746 891 982
f 746 982 747
f 747 982 983
f 747 983 733
f 733 983 969
f 733 969 658
f 658 969 893
f 658 893 659
f 659 893 895
f 659 895 657
f 657 895 894
f 657 894 661
f 661 894 897
f 661 897 660
f 660 897 896
f 660 896 663
f 663 896 899
f 663 899 662
f 662 899 898
f 662 898 748
f 748 898 984
f 748 984 756
f 756 984 992
f 756 992 765
f 765 992 1001
f 765 1001 749
f 749 1001 985
f 749 985 734
f 734 985 970
f 734 970 665
f 665 970 900
f 665 900 666
f 666 900 902
f 666 902 664
f 664 902 901
f 664 901 668
f 668 901 904
f 668 904 667
f 667 904 903
f 667 903 670
f 670 903 906
f 670 906 669
f 669 906 905
f 669 905 750
f 750 905 986
f 750 986 776
f 776 986 1012
f 776 1012 781
f 781 1012 1017
f 781 1017 785
f 785 1017 1021
f 785 1021 788
f 788 1021 1024
f 788 1024 791
f 791 1024 1027
f 791 1027 793
f 793 1027 1029
f 793 1029 795
f 795 1029 1031
f 795 1031 796
f 796 1031 1032
f 796 1032 798
f 798 1032 1034
f 798 1034 799
f 799 1034 1035
f 799 1035 800
f 800 1035 1036
f 800 1036 757
f 757 1036 993
f 757 993 672
f 672 993 907
f 672 907 673
f 673 907 909
f 673 909 671
f 671 909 908
f 671 908 675
f 675 908 911
f 675 911 674
f 674 911 910
f 674 910 677
f 677 910 913
f 677 913 676
f 676 913 912
f 676 912 766
f 766 912 1002
f 766 1002 797
f 797 1002 1033
f 797 1033 735
f 735 1033 971
f 735 971 679
f 679 971 914
f 679 914 680
f 680 914 916
f 680 916 678
f 678 916 915
f 678 915 751
f 751 915 987
f 751 987 682
f 682 987 917
f 682 917 683
f 683 917 919
f 683 919 681
f 681 919 918
f 681 918 685
f 685 918 921
f 685 921 684
f 684 921 920
f 684 920 794
f 794 920 1030
f 794 1030 792
f 792 1030 1028
f 792 1028 789
f 789 1028 1025
f 789 1025 786
f 786 1025 1022
f 786 1022 736
f 736 1022 972
f 736 972 687
f 687 972 922
f 687 922 688
f 688 922 924
f 688 924 686
f 686 924 923
f 686 923 690
f 690 923 926
f 690 926 689
f 689 926 925
f 689 925 737
f 737 925 973
f 737 973 758
f 758 973 994
f 758 994 772
f 772 994 1008
f 772 1008 767
f 767 1008 1003
f 767 1003 752
f 752 1003 988
f 752 988 692
f 692 988 927
f 692 927 693
f 693 927 929
f 693 929 691
f 691 929 928
f 691 928 695
f 695 928 931
f 695 931 694
f 694 931 930
f 694 930 697
f 697 930 933
f 697 933 696
f 696 933 932
f 696 932 738
f 738 932 974
f 738 974 753
f 753 974 989
f 753 989 777
f 777 989 1013
f 777 1013 778
f 778 1013 1014
f 778 1014 768
f 768 1014 1004
f 768 1004 759
f 759 1004 995
f 759 995 699
f 699 995 934
f 699 934 700
f 700 934 936
f 700 936 698
f 698 936 935
f 698 935 702
f 702 935 938
f 702 938 701
f 701 938 937
f 701 937 704
f 704 937 940
f 704 940 703
f 703 940 939
f 703 939 706
f 706 939 942
f 706 942 705
f 705 942 941
f 705 941 708
f 708 941 944
f 708 944 707
f 707 944 943
f 707 943 710
f 710 943 946
f 710 946 709
f 709 946 945
f 709 945 712
f 712 945 948
f 712 948 711
f 711 948 947
f 711 947 714
f 714 947 950
f 714 950 713
f 713 950 949
f 713 949 716
f 716 949 952
f 716 952 715
f 715 952 951
f 715 951 769
f 769 951 1005
f 769 1005 790
f 790 1005 1026
f 790 1026 787
f 787 1026 1023
f 787 1023 784
f 784 1023 1020
f 784 1020 783
f 783 1020 1019
f 783 1019 782
f 782 1019 1018
f 782 1018 780
f 780 1018 1016
f 780 1016 779
f 779 1016 1015
f 779 1015 773
f 773 1015 1009
f 773 1009 760
f 760 1009 996
f 760 996 718
f 718 996 953
f 718 953 719
f 719 953 955
f 719 955 717
f 717 955 954
f 717 954 739
f 739 954 975
f 739 975 721
f 721 975 956
f 721 956 722
f 722 956 958
f 722 958 720
f 720 958 957
f 720 957 566
f 566 957 801
f 566 801 567
f 567 801 803
f 567 803 565
f 565 803 802
o 
v 68.82 0 -63.97
v 70.076 0 -62.442
v 69.558 0 -63.053
v 62.121 0 -70.334
v 63.26 0 -69.49
v 62.608 0 -69.97
v 61.459 0 -70.859
v 61.754 0 -70.619
v 60.9 0 -71.35
v 61.189 0 -71.091
v 60.575 0 -71.678
v 60.726 0 -71.52
v 60.361 0 -71.939
v 60.452 0 -71.819
v 60.29 0 -72.1
v 60.306 0 -72.034
v 60.72 0 -72.919
v 60.405 0 -72.429
v 61.773 0 -74.171
v 61.191 0 -73.518
v 63.09 0 -75.43
v 62.421 0 -74.826
v 64.859 0 -76.699
v 63.901 0 -76.059
v 67.225 0 -78.014
v 65.965 0 -77.35
v 70.22 0 -79.39
v 68.642 0 -78.694
v 70.391 0 -79.467
v 70.299 0 -79.427
v 70.592 0 -79.549
v 70.491 0 -79.509
v 71.064 0 -79.749
v 70.77 0 -79.62
v 70.881 0 -79.671
v 71.586 0 -79.964
v 71.304 0 -79.849
v 72.22 0 -80.22
v 71.897 0 -80.09
v 73.87 0 -80.904
v 73.7 0 -80.83
v 73.783 0 -80.866
v 74.036 0 -80.973
v 73.956 0 -80.94
v 74.16 0 -81.02
v 74.106 0 -81
v 74.542 0 -81.183
v 74.365 0 -81.105
v 74.453 0 -81.144
v 74.738 0 -81.265
v 74.63 0 -81.22
v 75.263 0 -81.486
v 74.887 0 -81.327
v 75.065 0 -81.402
v 75.68 0 -81.66
v 75.472 0 -81.573
v 76.905 0 -82.175
v 76.677 0 -82.076
v 76.8 0 -82.13
v 77.407 0 -82.401
v 77.152 0 -82.286
v 77.282 0 -82.345
v 77.637 0 -82.501
v 77.52 0 -82.45
v 78.177 0 -82.74
v 77.793 0 -82.57
v 77.976 0 -82.651
v 78.59 0 -82.92
v 78.385 0 -82.832
v 83.631 0 -85.463
v 82.89 0 -85.04
v 83.281 0 -85.269
v 84.182 0 -85.734
v 83.934 0 -85.619
v 84.49 0 -85.83
v 84.369 0 -85.806
v 84.603 0 -85.806
v 84.555 0 -85.825
v 84.654 0 -85.704
v 84.635 0 -85.768
v 84.66 0 -85.48
v 84.661 0 -85.61
v 84.61 0 -85.037
v 84.649 0 -85.259
v 84.407 0 -84.473
v 84.533 0 -84.785
v 83.97 0 -83.55
v 84.223 0 -84.071
v 83.433 0 -82.522
v 83.678 0 -82.981
v 82.9 0 -81.631
v 83.189 0 -82.098
v 82.01 0 -80.27
v 82.523 0 -81.048
v 80.751 0 -78.442
v 81.399 0 -79.366
v 79.382 0 -76.581
v 80.076 0 -77.51
v 77.97 0 -74.78
v 78.677 0 -75.667
v 74.077 0 -69.115
v 74.28 0 -69.47
v 74.178 0 -69.292
v 73.893 0 -68.795
v 73.98 0 -68.946
v 71.691 0 -63.781
v 71.997 0 -64.682
v 71.89 0 -64.36
v 71.371 0 -62.934
v 71.521 0 -63.311
v 71.108 0 -62.39
v 71.236 0 -62.633
v 70.826 0 -62.011
v 70.98 0 -62.19
v 70.425 0 -62.094
v 70.658 0 -61.965
v 72.544 0 -80.351
v 74.214 0 -81.04
v 77.024 0 -82.229
v 70.687 0 -79.587
v 73.58 0 -80.779
v 74.284 0 -81.07
v 82.48 0 -84.816
v 73.822 0 -68.67
v 72.106 0 -65
v 64.319 0 -68.678
v 72.857 0 -80.478
v 72.211 0 -65.298
v 67.811 0 -65.212
v 73.39 0 -80.699
v 75.895 0 -81.748
v 81.789 0 -84.461
v 65.239 0 -67.908
v 73.144 0 -80.596
v 76.113 0 -81.837
v 80.935 0 -84.036
v 77.443 0 -74.095
v 72.307 0 -65.56
v 66.085 0 -67.116
v 76.323 0 -81.925
v 80.038 0 -83.599
v 76.776 0 -73.177
v 72.388 0 -65.772
v 66.921 0 -66.239
v 79.217 0 -83.207
v 76.046 0 -72.14
v 72.45 0 -65.92
v 75.334 0 -71.1
v 72.622 0 -66.284
v 74.719 0 -70.172
v 72.863 0 -66.783
v 73.136 0 -67.34
v 76.514 0 -82.006
v 73.403 0 -67.877
v 73.627 0 -68.316
v 73.77 0 -68.58
v 70.076 10 -62.442
v 68.82 10 -63.97
v 69.558 10 -63.053
v 63.26 10 -69.49
v 62.121 10 -70.334
v 62.608 10 -69.97
v 61.459 10 -70.859
v 61.754 10 -70.619
v 60.9 10 -71.35
v 61.189 10 -71.091
v 60.575 10 -71.678
v 60.726 10 -71.52
v 60.361 10 -71.939
v 60.452 10 -71.819
v 60.29 10 -72.1
v 60.306 10 -72.034
v 60.72 10 -72.919
v 60.405 10 -72.429
v 61.773 10 -74.171
v 61.191 10 -73.518
v 63.09 10 -75.43
v 62.421 10 -74.826
v 64.859 10 -76.699
v 63.901 10 -76.059
v 67.225 10 -78.014
v 65.965 10 -77.35
v 70.22 10 -79.39
v 68.642 10 -78.694
v 70.391 10 -79.467
v 70.299 10 -79.427
v 70.592 10 -79.549
v 70.491 10 -79.509
v 70.77 10 -79.62
v 71.064 10 -79.749
v 70.881 10 -79.671
v 71.586 10 -79.964
v 71.304 10 -79.849
v 72.22 10 -80.22
v 71.897 10 -80.09
v 73.7 10 -80.83
v 73.87 10 -80.904
v 73.783 10 -80.866
v 74.036 10 -80.973
v 73.956 10 -80.94
v 74.16 10 -81.02
v 74.106 10 -81
v 74.365 10 -81.105
v 74.542 10 -81.183
v 74.453 10 -81.144
v 74.738 10 -81.265
v 74.63 10 -81.22
v 74.887 10 -81.327
v 75.263 10 -81.486
v 75.065 10 -81.402
v 75.68 10 -81.66
v 75.472 10 -81.573
v 76.677 10 -82.076
v 76.905 10 -82.175
v 76.8 10 -82.13
v 77.152 10 -82.286
v 77.407 10 -82.401
v 77.282 10 -82.345
v 77.637 10 -82.501
v 77.52 10 -82.45
v 77.793 10 -82.57
v 78.177 10 -82.74
v 77.976 10 -82.651
v 78.59 10 -82.92
v 78.385 10 -82.832
v 82.89 10 -85.04
v 83.631 10 -85.463
v 83.281 10 -85.269
v 84.182 10 -85.734
v 83.934 10 -85.619
v 84.49 10 -85.83
v 84.369 10 -85.806
v 84.603 10 -85.806
v 84.555 10 -85.825
v 84.654 10 -85.704
v 84.635 10 -85.768
v 84.66 10 -85.48
v 84.661 10 -85.61
v 84.61 10 -85.037
v 84.649 10 -85.259
v 84.407 10 -84.473
v 84.533 10 -84.785
v 83.97 10 -83.55
v 84.223 10 -84.071
v 83.433 10 -82.522
v 83.678 10 -82.981
v 82.9 10 -81.631
v 83.189 10 -82.098
v 82.01 10 -80.27
v 82.523 10 -81.048
v 80.751 10 -78.442
v 81.399 10 -79.366
v 79.382 10 -76.581
v 80.076 10 -77.51
v 77.97 10 -74.78
v 78.677 10 -75.667
v 74.28 10 -69.47
v 74.077 10 -69.115
v 74.178 10 -69.292
v 73.893 10 -68.795
v 73.98 10 -68.946
v 71.997 10 -64.682
v 71.691 10 -63.781
v 71.89 10 -64.36
v 71.371 10 -62.934
v 71.521 10 -63.311
v 71.108 10 -62.39
v 71.236 10 -62.633
v 70.826 10 -62.011
v 70.98 10 -62.19
v 70.425 10 -62.094
v 70.658 10 -61.965
v 72.544 10 -80.351
v 74.214 10 -81.04
v 77.024 10 -82.229
v 70.687 10 -79.587
v 73.58 10 -80.779
v 74.284 10 -81.07
v 82.48 10 -84.816
v 73.822 10 -68.67
v 72.106 10 -65
v 64.319 10 -68.678
v 72.857 10 -80.478
v 72.211 10 -65.298
v 67.811 10 -65.212
v 73.39 10 -80.699
v 75.895 10 -81.748
v 81.789 10 -84.461
v 65.239 10 -67.908
v 73.144 10 -80.596
v 76.113 10 -81.837
v 80.935 10 -84.036
v 77.443 10 -74.095
v 72.307 10 -65.56
v 66.085 10 -67.116
v 76.323 10 -81.925
v 80.038 10 -83.599
v 76.776 10 -73.177
v 72.388 10 -65.772
v 66.921 10 -66.239
v 79.217 10 -83.207
v 76.046 10 -72.14
v 72.45 10 -65.92
v 75.334 10 -71.1
v 72.622 10 -66.284
v 74.719 10 -70.172
v 72.863 10 -66.783
v 73.136 10 -67.34
v 76.514 10 -82.006
v 73.403 10 -67.877
v 73.627 10 -68.316
v 73.77 10 -68.58
f 1037 1038 1039
f 1040 1041 1042
f 1043 1040 1044
f 1045 1043 1046
f 1047 1045 1048
f 1049 1047 1050
f 1051 1049 1052
f 1053 1051 1054
f 1055 1053 1056
f 1057 1055 1058
f 1059 1057 1060
f 1061 1059 1062
f 1063 1061 1064
f 1065 1063 1066
f 1067 1065 1068
f 1069 1070 1071
f 1072 1069 1073
f 1074 1072 1075
f 1076 1077 1078
f 1079 1076 1080
f 1081 1079 1082
f 1083 1084 1085
f 1086 1083 1087
f 1088 1089 1090
f 1091 1088 1092
f 1093 1094 1095
f 1096 1097 1098
f 1099 1096 1100
f 1101 1102 1103
f 1104 1101 1105
f 1106 1107 1108
f 1109 1106 1110
f 1111 1109 1112
f 1113 1111 1114
f 1115 1113 1116
f 1117 1115 1118
f 1119 1117 1120
f 1121 1119 1122
f 1123 1121 1124
f 1125 1123 1126
f 1127 1125 1128
f 1129 1127 1130
f 1131 1129 1132
f 1133 1131 1134
f 1135 1133 1136
f 1137 1138 1139
f 1140 1137 1141
f 1142 1143 1144
f 1145 1142 1146
f 1147 1145 1148
f 1149 1147 1150
f 1151 1149 1152
f 1037 1151 1038
f 1043 1041 1040
f 1047 1043 1045
f 1051 1047 1049
f 1055 1051 1053
f 1059 1055 1057
f 1063 1059 1061
f 1067 1063 1065
f 1072 1070 1069
f 1153 1072 1074
f 1079 1077 1076
f 1154 1079 1081
f 1086 1084 1083
f 1091 1089 1088
f 1096 1155 1097
f 1104 1102 1101
f 1109 1107 1106
f 1113 1109 1111
f 1117 1113 1115
f 1121 1117 1119
f 1125 1121 1123
f 1129 1125 1127
f 1133 1129 1131
f 1140 1138 1137
f 1145 1143 1142
f 1149 1145 1147
f 1037 1149 1151
f 1047 1041 1043
f 1055 1047 1051
f 1063 1055 1059
f 1156 1063 1067
f 1153 1070 1072
f 1079 1157 1077
f 1086 1158 1084
f 1091 1086 1089
f 1099 1155 1096
f 1104 1099 1102
f 1109 1159 1107
f 1117 1109 1113
f 1125 1117 1121
f 1133 1125 1129
f 1160 1138 1140
f 1145 1161 1143
f 1037 1145 1149
f 1047 1162 1041
f 1063 1047 1055
f 1070 1063 1156
f 1163 1070 1153
f 1154 1157 1079
f 1091 1158 1086
f 1099 1093 1155
f 1117 1159 1109
f 1133 1117 1125
f 1145 1164 1161
f 1165 1145 1037
f 1063 1162 1047
f 1163 1063 1070
f 1154 1166 1157
f 1167 1158 1091
f 1104 1093 1099
f 1117 1168 1159
f 1135 1117 1133
f 1165 1164 1145
f 1063 1169 1162
f 1170 1063 1163
f 1154 1170 1166
f 1171 1158 1167
f 1117 1172 1168
f 1173 1117 1135
f 1165 1174 1164
f 1063 1175 1169
f 1176 1158 1171
f 1117 1177 1172
f 1178 1117 1173
f 1165 1179 1174
f 1063 1180 1175
f 1117 1181 1177
f 1182 1117 1178
f 1165 1183 1179
f 1063 1165 1180
f 1117 1104 1181
f 1184 1117 1182
f 1165 1185 1183
f 1170 1165 1063
f 1117 1093 1104
f 1186 1117 1184
f 1165 1187 1185
f 1154 1165 1170
f 1117 1094 1093
f 1165 1188 1187
f 1158 1165 1154
f 1117 1189 1094
f 1165 1190 1188
f 1176 1165 1158
f 1186 1189 1117
f 1165 1191 1190
f 1189 1165 1176
f 1138 1189 1186
f 1165 1192 1191
f 1138 1165 1189
f 1165 1160 1192
f 1160 1165 1138
f 1193 1194 1195
f 1196 1197 1198
f 1197 1199 1200
f 1199 1201 1202
f 1201 1203 1204
f 1203 1205 1206
f 1205 1207 1208
f 1207 1209 1210
f 1209 1211 1212
f 1211 1213 1214
f 1213 1215 1216
f 1215 1217 1218
f 1217 1219 1220
f 1219 1221 1222
f 1221 1223 1224
f 1225 1226 1227
f 1226 1228 1229
f 1228 1230 1231
f 1232 1233 1234
f 1233 1235 1236
f 1235 1237 1238
f 1239 1240 1241
f 1240 1242 1243
f 1244 1245 1246
f 1245 1247 1248
f 1249 1250 1251
f 1252 1253 1254
f 1253 1255 1256
f 1257 1258 1259
f 1258 1260 1261
f 1262 1263 1264
f 1263 1265 1266
f 1265 1267 1268
f 1267 1269 1270
f 1269 1271 1272
f 1271 1273 1274
f 1273 1275 1276
f 1275 1277 1278
f 1277 1279 1280
f 1279 1281 1282
f 1281 1283 1284
f 1283 1285 1286
f 1285 1287 1288
f 1287 1289 1290
f 1289 1291 1292
f 1293 1294 1295
f 1294 1296 1297
f 1298 1299 1300
f 1299 1301 1302
f 1301 1303 1304
f 1303 1305 1306
f 1305 1307 1308
f 1307 1194 1193
f 1196 1199 1197
f 1199 1203 1201
f 1203 1207 1205
f 1207 1211 1209
f 1211 1215 1213
f 1215 1219 1217
f 1219 1223 1221
f 1225 1228 1226
f 1228 1309 1230
f 1232 1235 1233
f 1235 1310 1237
f 1239 1242 1240
f 1244 1247 1245
f 1311 1253 1252
f 1257 1260 1258
f 1262 1265 1263
f 1265 1269 1267
f 1269 1273 1271
f 1273 1277 1275
f 1277 1281 1279
f 1281 1285 1283
f 1285 1289 1287
f 1293 1296 1294
f 1298 1301 1299
f 1301 1305 1303
f 1305 1194 1307
f 1196 1203 1199
f 1203 1211 1207
f 1211 1219 1215
f 1219 1312 1223
f 1225 1309 1228
f 1313 1235 1232
f 1314 1242 1239
f 1242 1247 1244
f 1311 1255 1253
f 1255 1260 1257
f 1315 1265 1262
f 1265 1273 1269
f 1273 1281 1277
f 1281 1289 1285
f 1293 1316 1296
f 1317 1301 1298
f 1301 1194 1305
f 1318 1203 1196
f 1203 1219 1211
f 1219 1225 1312
f 1225 1319 1309
f 1313 1310 1235
f 1314 1247 1242
f 1250 1255 1311
f 1315 1273 1265
f 1273 1289 1281
f 1320 1301 1317
f 1301 1321 1194
f 1318 1219 1203
f 1219 1319 1225
f 1322 1310 1313
f 1314 1323 1247
f 1250 1260 1255
f 1324 1273 1315
f 1273 1291 1289
f 1320 1321 1301
f 1325 1219 1318
f 1219 1326 1319
f 1326 1310 1322
f 1314 1327 1323
f 1328 1273 1324
f 1273 1329 1291
f 1330 1321 1320
f 1331 1219 1325
f 1314 1332 1327
f 1333 1273 1328
f 1273 1334 1329
f 1335 1321 1330
f 1336 1219 1331
f 1337 1273 1333
f 1273 1338 1334
f 1339 1321 1335
f 1321 1219 1336
f 1260 1273 1337
f 1273 1340 1338
f 1341 1321 1339
f 1321 1326 1219
f 1250 1273 1260
f 1273 1342 1340
f 1343 1321 1341
f 1321 1310 1326
f 1249 1273 1250
f 1344 1321 1343
f 1321 1314 1310
f 1345 1273 1249
f 1346 1321 1344
f 1321 1332 1314
f 1345 1342 1273
f 1347 1321 1346
f 1321 1345 1332
f 1345 1293 1342
f 1348 1321 1347
f 1321 1293 1345
f 1316 1321 1348
f 1321 1316 1293
f 1037 1194 1165
f 1165 1194 1321
f 1165 1321 1180
f 1180 1321 1336
f 1180 1336 1175
f 1175 1336 1331
f 1175 1331 1169
f 1169 1331 1325
f 1169 1325 1162
f 1162 1325 1318
f 1162 1318 1041
f 1041 1318 1196
f 1041 1196 1042
f 1042 1196 1198
f 1042 1198 1040
f 1040 1198 1197
f 1040 1197 1044
f 1044 1197 1200
f 1044 1200 1043
f 1043 1200 1199
f 1043 1199 1046
f 1046 1199 1202
f 1046 1202 1045
f 1045 1202 1201
f 1045 1201 1048
f 1048 1201 1204
f 1048 1204 1047
f 1047 1204 1203
f 1047 1203 1050
f 1050 1203 1206
f 1050 1206 1049
f 1049 1206 1205
f 1049 1205 1052
f 1052 1205 1208
f 1052 1208 1051
f 1051 1208 1207
f 1051 1207 1054
f 1054 1207 1210
f 1054 1210 1053
f 1053 1210 1209
f 1053 1209 1056
f 1056 1209 1212
f 1056 1212 1055
f 1055 1212 1211
f 1055 1211 1058
f 1058 1211 1214
f 1058 1214 1057
f 1057 1214 1213
f 1057 1213 1060
f 1060 1213 1216
f 1060 1216 1059
f 1059 1216 1215
f 1059 1215 1062
f 1062 1215 1218
f 1062 1218 1061
f 1061 1218 1217
f 1061 1217 1064
f 1064 1217 1220
f 1064 1220 1063
f 1063 1220 1219
f 1063 1219 1066
f 1066 1219 1222
f 1066 1222 1065
f 1065 1222 1221
f 1065 1221 1068
f 1068 1221 1224
f 1068 1224 1067
f 1067 1224 1223
f 1067 1223 1156
f 1156 1223 1312
f 1156 1312 1070
f 1070 1312 1225
f 1070 1225 1071
f 1071 1225 1227
f 1071 1227 1069
f 1069 1227 1226
f 1069 1226 1073
f 1073 1226 1229
f 1073 1229 1072
f 1072 1229 1228
f 1072 1228 1075
f 1075 1228 1231
f 1075 1231 1074
f 1074 1231 1230
f 1074 1230 1153
f 1153 1230 1309
f 1153 1309 1163
f 1163 1309 1319
f 1163 1319 1170
f 1170 1319 1326
f 1170 1326 1166
f 1166 1326 1322
f 1166 1322 1157
f 1157 1322 1313
f 1157 1313 1077
f 1077 1313 1232
f 1077 1232 1078
f 1078 1232 1234
f 1078 1234 1076
f 1076 1234 1233
f 1076 1233 1080
f 1080 1233 1236
f 1080 1236 1079
f 1079 1236 1235
f 1079 1235 1082
f 1082 1235 1238
f 1082 1238 1081
f 1081 1238 1237
f 1081 1237 1154
f 1154 1237 1310
f 1154 1310 1158
f 1158 1310 1314
f 1158 1314 1084
f 1084 1314 1239
f 1084 1239 1085
f 1085 1239 1241
f 1085 1241 1083
f 1083 1241 1240
f 1083 1240 1087
f 1087 1240 1243
f 1087 1243 1086
f 1086 1243 1242
f 1086 1242 1089
f 1089 1242 1244
f 1089 1244 1090
f 1090 1244 1246
f 1090 1246 1088
f 1088 1246 1245
f 1088 1245 1092
f 1092 1245 1248
f 1092 1248 1091
f 1091 1248 1247
f 1091 1247 1167
f 1167 1247 1323
f 1167 1323 1171
f 1171 1323 1327
f 1171 1327 1176
f 1176 1327 1332
f 1176 1332 1189
f 1189 1332 1345
f 1189 1345 1094
f 1094 1345 1249
f 1094 1249 1095
f 1095 1249 1251
f 1095 1251 1093
f 1093 1251 1250
f 1093 1250 1155
f 1155 1250 1311
f 1155 1311 1097
f 1097 1311 1252
f 1097 1252 1098
f 1098 1252 1254
f 1098 1254 1096
f 1096 1254 1253
f 1096 1253 1100
f 1100 1253 1256
f 1100 1256 1099
f 1099 1256 1255
f 1099 1255 1102
f 1102 1255 1257
f 1102 1257 1103
f 1103 1257 1259
f 1103 1259 1101
f 1101 1259 1258
f 1101 1258 1105
f 1105 1258 1261
f 1105 1261 1104
f 1104 1261 1260
f 1104 1260 1181
f 1181 1260 1337
f 1181 1337 1177
f 1177 1337 1333
f 1177 1333 1172
f 1172 1333 1328
f 1172 1328 1168
f 1168 1328 1324
f 1168 1324 1159
f 1159 1324 1315
f 1159 1315 1107
f 1107 1315 1262
f 1107 1262 1108
f 1108 1262 1264
f 1108 1264 1106
f 1106 1264 1263
f 1106 1263 1110
f 1110 1263 1266
f 1110 1266 1109
f 1109 1266 1265
f 1109 1265 1112
f 1112 1265 1268
f 1112 1268 1111
f 1111 1268 1267
f 1111 1267 1114
f 1114 1267 1270
f 1114 1270 1113
f 1113 1270 1269
f 1113 1269 1116
f 1116 1269 1272
f 1116 1272 1115
f 1115 1272 1271
f 1115 1271 1118
f 1118 1271 1274
f 1118 1274 1117
f 1117 1274 1273
f 1117 1273 1120
f 1120 1273 1276
f 1120 1276 1119
f 1119 1276 1275
f 1119 1275 1122
f 1122 1275 1278
f 1122 1278 1121
f 1121 1278 1277
f 1121 1277 1124
f 1124 1277 1280
f 1124 1280 1123
f 1123 1280 1279
f 1123 1279 1126
f 1126 1279 1282
f 1126 1282 1125
f 1125 1282 1281
f 1125 1281 1128
f 1128 1281 1284
f 1128 1284 1127
f 1127 1284 1283
f 1127 1283 1130
f 1130 1283 1286
f 1130 1286 1129
f 1129 1286 1285
f 1129 1285 1132
f 1132 1285 1288
f 1132 1288 1131
f 1131 1288 1287
f 1131 1287 1134
f 1134 1287 1290
f 1134 1290 1133
f 1133 1290 1289
f 1133 1289 1136
f 1136 1289 1292
f 1136 1292 1135
f 1135 1292 1291
f 1135 1291 1173
f 1173 1291 1329
f 1173 1329 1178
f 1178 1329 1334
f 1178 1334 1182
f 1182 1334 1338
f 1182 1338 1184
f 1184 1338 1340
f 1184 1340 1186
f 1186 1340 1342
f 1186 1342 1138
f 1138 1342 1293
f 1138 1293 1139
f 1139 1293 1295
f 1139 1295 1137
f 1137 1295 1294
f 1137 1294 1141
f 1141 1294 1297
f 1141 1297 1140
f 1140 1297 1296
f 1140 1296 1160
f 1160 1296 1316
f 1160 1316 1192
f 1192 1316 1348
f 1192 1348 1191
f 1191 1348 1347
f 1191 1347 1190
f 1190 1347 1346
f 1190 1346 1188
f 1188 1346 1344
f 1188 1344 1187
f 1187 1344 1343
f 1187 1343 1185
f 1185 1343 1341
f 1185 1341 1183
f 1183 1341 1339
f 1183 1339 1179
f 1179 1339 1335
f 1179 1335 1174
f 1174 1335 1330
f 1174 1330 1164
f 1164 1330 1320
f 1164 1320 1161
f 1161 1320 1317
f 1161 1317 1143
f 1143 1317 1298
f 1143 1298 1144
f 1144 1298 1300
f 1144 1300 1142
f 1142 1300 1299
f 1142 1299 1146
f 1146 1299 1302
f 1146 1302 1145
f 1145 1302 1301
f 1145 1301 1148
f 1148 1301 1304
f 1148 1304 1147
f 1147 1304 1303
f 1147 1303 1150
f 1150 1303 1306
f 1150 1306 1149
f 1149 1306 1305
f 1149 1305 1152
f 1152 1305 1308
f 1152 1308 1151
f 1151 1308 1307
f 1151 1307 1038
f 1038 1307 1193
f 1038 1193 1039
f 1039 1193 1195
f 1039 1195 1037
f 1037 1195 1194
o 
v 27.61 0 -60.51
v 27.743 0 -60.487
v 27.667 0 -60.497
v 26.53 0 -61.209
v 27.147 0 -60.745
v 25.097 0 -62.568
v 25.825 0 -61.838
v 23.83 0 -64.08
v 24.41 0 -63.336
v 23.545 0 -64.499
v 23.68 0 -64.299
v 23.342 0 -64.814
v 23.43 0 -64.674
v 23.27 0 -64.96
v 23.286 0 -64.912
v 22.866 0 -65.672
v 23.154 0 -65.18
v 23.11 0 -65.24
v 21.993 0 -67.384
v 22.463 0 -66.447
v 21.206 0 -69.012
v 21.543 0 -68.299
v 21.061 0 -69.373
v 21.07 0 -69.34
v 20.756 0 -70.076
v 20.887 0 -69.784
v 20.82 0 -69.93
v 20.646 0 -70.33
v 20.697 0 -70.212
v 20.579 0 -70.49
v 20.606 0 -70.425
v 20.564 0 -70.548
v 20.57 0 -70.52
v 20.256 0 -71.275
v 20.438 0 -70.862
v 20.39 0 -70.97
v 20.044 0 -71.766
v 20.144 0 -71.53
v 19.829 0 -72.301
v 19.943 0 -72.013
v 19.209 0 -73.843
v 19.299 0 -73.644
v 19.25 0 -73.75
v 19.13 0 -74.03
v 19.169 0 -73.937
v 19.064 0 -74.191
v 19.094 0 -74.116
v 19.018 0 -74.309
v 19.04 0 -74.25
v 18.89 0 -74.63
v 18.938 0 -74.511
v 18.912 0 -74.575
v 18.638 0 -75.238
v 18.721 0 -75.051
v 18.68 0 -75.14
v 18.546 0 -75.466
v 18.593 0 -75.349
v 18.458 0 -75.698
v 18.501 0 -75.584
v 18.122 0 -76.517
v 18.202 0 -76.341
v 18.16 0 -76.43
v 18.036 0 -76.717
v 18.08 0 -76.615
v 17.954 0 -76.911
v 17.993 0 -76.818
v 17.83 0 -77.193
v 17.92 0 -76.99
v 17.88 0 -77.08
v 17.716 0 -77.463
v 17.775 0 -77.324
v 17.464 0 -78.034
v 17.6 0 -77.74
v 17.536 0 -77.878
v 17.316 0 -78.366
v 17.39 0 -78.2
v 16.888 0 -79.302
v 17.244 0 -78.522
v 17.18 0 -78.66
v 14.735 0 -83.321
v 15.01 0 -82.87
v 14.87 0 -83.092
v 14.502 0 -83.755
v 14.61 0 -83.546
v 14.36 0 -84.08
v 14.416 0 -83.937
v 14.276 0 -84.499
v 14.302 0 -84.301
v 14.318 0 -84.794
v 14.281 0 -84.666
v 14.48 0 -84.9
v 14.384 0 -84.875
v 14.937 0 -84.784
v 14.66 0 -84.869
v 15.656 0 -84.503
v 15.28 0 -84.658
v 16.38 0 -84.16
v 16.034 0 -84.333
v 17.292 0 -83.663
v 16.892 0 -83.885
v 18.128 0 -83.147
v 17.673 0 -83.436
v 19.64 0 -82.15
v 18.753 0 -82.737
v 21.065 0 -81.197
v 20.451 0 -81.612
v 22.305 0 -80.306
v 21.632 0 -80.798
v 24.57 0 -78.62
v 23.234 0 -79.616
v 30.812 0 -74.246
v 30.74 0 -74.28
v 30.766 0 -74.271
v 30.951 0 -74.157
v 30.875 0 -74.208
v 31.13 0 -74.03
v 31.037 0 -74.097
v 33.467 0 -72.833
v 32.466 0 -73.322
v 32.84 0 -73.14
v 35.782 0 -71.898
v 34.783 0 -72.262
v 35.16 0 -72.13
v 37.036 0 -71.378
v 36.428 0 -71.638
v 37.894 0 -70.957
v 37.545 0 -71.142
v 37.944 0 -70.733
v 38.02 0 -70.85
v 37.456 0 -70.217
v 37.742 0 -70.508
v 36.799 0 -69.602
v 37.128 0 -69.902
v 36.364 0 -69.243
v 36.51 0 -69.36
v 35.831 0 -68.803
v 35.92 0 -68.88
v 35.892 0 -68.855
v 35.633 0 -68.637
v 35.743 0 -68.729
v 35.37 0 -68.42
v 35.507 0 -68.533
v 28.83 0 -60.89
v 29.24 0 -61.52
v 29.017 0 -61.158
v 28.5 0 -60.583
v 28.663 0 -60.704
v 28.13 0 -60.48
v 28.327 0 -60.513
v 27.931 0 -60.477
v 28.032 0 -60.477
v 27.833 0 -60.48
v 23.268 0 -64.986
v 23.194 0 -65.123
v 21.036 0 -69.44
v 20.947 0 -69.65
v 19.69 0 -72.66
v 18.866 0 -74.694
v 18.42 0 -75.8
v 36.228 0 -69.133
v 35.95 0 -68.906
v 29.466 0 -61.873
v 23.228 0 -65.07
v 18.965 0 -74.444
v 18.761 0 -74.957
v 18.382 0 -75.902
v 17.657 0 -77.605
v 15.298 0 -82.378
v 30.44 0 -74.433
v 34.494 0 -72.367
v 36.11 0 -69.037
v 23.253 0 -65.024
v 20.481 0 -70.762
v 18.992 0 -74.375
v 18.247 0 -76.238
v 36.015 0 -68.96
v 29.781 0 -62.33
v 20.997 0 -69.534
v 19.604 0 -72.882
v 19.362 0 -73.494
v 18.836 0 -74.773
v 18.8 0 -74.863
v 15.673 0 -81.694
v 31.271 0 -73.944
v 34.225 0 -72.478
v 30.146 0 -62.839
v 20.546 0 -70.601
v 19.518 0 -73.103
v 18.339 0 -76.012
v 16.091 0 -80.9
v 26.145 0 -77.455
v 33.906 0 -72.623
v 30.526 0 -63.35
v 20.517 0 -70.674
v 19.436 0 -73.31
v 18.294 0 -76.126
v 16.511 0 -80.076
v 27.574 0 -76.415
v 30.883 0 -63.814
v 28.802 0 -75.539
v 31.18 0 -64.18
v 29.776 0 -74.865
v 32.106 0 -73.502
v 31.775 0 -73.671
v 31.856 0 -64.945
v 31.491 0 -73.821
v 32.597 0 -65.744
v 33.361 0 -66.533
v 34.106 0 -67.27
v 34.789 0 -67.913
v 27.743 10 -60.487
v 27.61 10 -60.51
v 27.667 10 -60.497
v 26.53 10 -61.209
v 27.147 10 -60.745
v 25.097 10 -62.568
v 25.825 10 -61.838
v 23.83 10 -64.08
v 24.41 10 -63.336
v 23.545 10 -64.499
v 23.68 10 -64.299
v 23.342 10 -64.814
v 23.43 10 -64.674
v 23.27 10 -64.96
v 23.286 10 -64.912
v 23.154 10 -65.18
v 22.866 10 -65.672
v 23.11 10 -65.24
v 21.993 10 -67.384
v 22.463 10 -66.447
v 21.206 10 -69.012
v 21.543 10 -68.299
v 21.061 10 -69.373
v 21.07 10 -69.34
v 20.887 10 -69.784
v 20.756 10 -70.076
v 20.82 10 -69.93
v 20.646 10 -70.33
v 20.697 10 -70.212
v 20.579 10 -70.49
v 20.606 10 -70.425
v 20.564 10 -70.548
v 20.57 10 -70.52
v 20.438 10 -70.862
v 20.256 10 -71.275
v 20.39 10 -70.97
v 20.044 10 -71.766
v 20.144 10 -71.53
v 19.829 10 -72.301
v 19.943 10 -72.013
v 19.299 10 -73.644
v 19.209 10 -73.843
v 19.25 10 -73.75
v 19.13 10 -74.03
v 19.169 10 -73.937
v 19.064 10 -74.191
v 19.094 10 -74.116
v 19.018 10 -74.309
v 19.04 10 -74.25
v 18.938 10 -74.511
v 18.89 10 -74.63
v 18.912 10 -74.575
v 18.721 10 -75.051
v 18.638 10 -75.238
v 18.68 10 -75.14
v 18.546 10 -75.466
v 18.593 10 -75.349
v 18.458 10 -75.698
v 18.501 10 -75.584
v 18.202 10 -76.341
v 18.122 10 -76.517
v 18.16 10 -76.43
v 18.036 10 -76.717
v 18.08 10 -76.615
v 17.954 10 -76.911
v 17.993 10 -76.818
v 17.92 10 -76.99
v 17.83 10 -77.193
v 17.88 10 -77.08
v 17.716 10 -77.463
v 17.775 10 -77.324
v 17.6 10 -77.74
v 17.464 10 -78.034
v 17.536 10 -77.878
v 17.316 10 -78.366
v 17.39 10 -78.2
v 17.244 10 -78.522
v 16.888 10 -79.302
v 17.18 10 -78.66
v 15.01 10 -82.87
v 14.735 10 -83.321
v 14.87 10 -83.092
v 14.502 10 -83.755
v 14.61 10 -83.546
v 14.36 10 -84.08
v 14.416 10 -83.937
v 14.276 10 -84.499
v 14.302 10 -84.301
v 14.318 10 -84.794
v 14.281 10 -84.666
v 14.48 10 -84.9
v 14.384 10 -84.875
v 14.937 10 -84.784
v 14.66 10 -84.869
v 15.656 10 -84.503
v 15.28 10 -84.658
v 16.38 10 -84.16
v 16.034 10 -84.333
v 17.292 10 -83.663
v 16.892 10 -83.885
v 18.128 10 -83.147
v 17.673 10 -83.436
v 19.64 10 -82.15
v 18.753 10 -82.737
v 21.065 10 -81.197
v 20.451 10 -81.612
v 22.305 10 -80.306
v 21.632 10 -80.798
v 24.57 10 -78.62
v 23.234 10 -79.616
v 30.74 10 -74.28
v 30.812 10 -74.246
v 30.766 10 -74.271
v 30.951 10 -74.157
v 30.875 10 -74.208
v 31.13 10 -74.03
v 31.037 10 -74.097
v 32.466 10 -73.322
v 33.467 10 -72.833
v 32.84 10 -73.14
v 34.783 10 -72.262
v 35.782 10 -71.898
v 35.16 10 -72.13
v 37.036 10 -71.378
v 36.428 10 -71.638
v 37.894 10 -70.957
v 37.545 10 -71.142
v 37.944 10 -70.733
v 38.02 10 -70.85
v 37.456 10 -70.217
v 37.742 10 -70.508
v 36.799 10 -69.602
v 37.128 10 -69.902
v 36.364 10 -69.243
v 36.51 10 -69.36
v 35.92 10 -68.88
v 35.831 10 -68.803
v 35.892 10 -68.855
v 35.633 10 -68.637
v 35.743 10 -68.729
v 35.37 10 -68.42
v 35.507 10 -68.533
v 29.24 10 -61.52
v 28.83 10 -60.89
v 29.017 10 -61.158
v 28.5 10 -60.583
v 28.663 10 -60.704
v 28.13 10 -60.48
v 28.327 10 -60.513
v 27.931 10 -60.477
v 28.032 10 -60.477
v 27.833 10 -60.48
v 23.268 10 -64.986
v 23.194 10 -65.123
v 21.036 10 -69.44
v 20.947 10 -69.65
v 19.69 10 -72.66
v 18.866 10 -74.694
v 18.42 10 -75.8
v 36.228 10 -69.133
v 35.95 10 -68.906
v 29.466 10 -61.873
v 23.228 10 -65.07
v 18.965 10 -74.444
v 18.761 10 -74.957
v 18.382 10 -75.902
v 17.657 10 -77.605
v 15.298 10 -82.378
v 30.44 10 -74.433
v 34.494 10 -72.367
v 36.11 10 -69.037
v 23.253 10 -65.024
v 20.481 10 -70.762
v 18.992 10 -74.375
v 18.247 10 -76.238
v 36.015 10 -68.96
v 29.781 10 -62.33
v 20.997 10 -69.534
v 19.604 10 -72.882
v 19.362 10 -73.494
v 18.836 10 -74.773
v 18.8 10 -74.863
v 15.673 10 -81.694
v 31.271 10 -73.944
v 34.225 10 -72.478
v 30.146 10 -62.839
v 20.546 10 -70.601
v 19.518 10 -73.103
v 18.339 10 -76.012
v 16.091 10 -80.9
v 26.145 10 -77.455
v 33.906 10 -72.623
v 30.526 10 -63.35
v 20.517 10 -70.674
v 19.436 10 -73.31
v 18.294 10 -76.126
v 16.511 10 -80.076
v 27.574 10 -76.415
v 30.883 10 -63.814
v 28.802 10 -75.539
v 31.18 10 -64.18
v 29.776 10 -74.865
v 32.106 10 -73.502
v 31.775 10 -73.671
v 31.856 10 -64.945
v 31.491 10 -73.821
v 32.597 10 -65.744
v 33.361 10 -66.533
v 34.106 10 -67.27
v 34.789 10 -67.913
f 1349 1350 1351
f 1352 1349 1353
f 1354 1352 1355
f 1356 1354 1357
f 1358 1356 1359
f 1360 1358 1361
f 1362 1360 1363
f 1364 1365 1366
f 1367 1364 1368
f 1369 1367 1370
f 1371 1369 1372
f 1373 1374 1375
f 1376 1373 1377
f 1378 1376 1379
f 1380 1378 1381
f 1382 1383 1384
f 1385 1382 1386
f 1387 1385 1388
f 1389 1390 1391
f 1392 1389 1393
f 1394 1392 1395
f 1396 1394 1397
f 1398 1399 1400
f 1401 1402 1403
f 1404 1401 1405
f 1406 1404 1407
f 1408 1409 1410
f 1411 1408 1412
f 1413 1411 1414
f 1415 1416 1417
f 1418 1415 1419
f 1420 1421 1422
f 1423 1420 1424
f 1425 1426 1427
f 1428 1429 1430
f 1431 1428 1432
f 1433 1431 1434
f 1435 1433 1436
f 1437 1435 1438
f 1439 1437 1440
f 1441 1439 1442
f 1443 1441 1444
f 1445 1443 1446
f 1447 1445 1448
f 1449 1447 1450
f 1451 1449 1452
f 1453 1451 1454
f 1455 1453 1456
f 1457 1455 1458
f 1459 1460 1461
f 1462 1459 1463
f 1464 1462 1465
f 1466 1467 1468
f 1469 1470 1471
f 1472 1469 1473
f 1474 1472 1475
f 1476 1474 1477
f 1478 1476 1479
f 1480 1478 1481
f 1482 1480 1483
f 1484 1485 1486
f 1487 1484 1488
f 1489 1487 1490
f 1491 1492 1493
f 1494 1491 1495
f 1496 1494 1497
f 1498 1496 1499
f 1350 1498 1500
f 1352 1350 1349
f 1356 1352 1354
f 1360 1356 1358
f 1501 1360 1362
f 1364 1502 1365
f 1369 1364 1367
f 1503 1369 1371
f 1373 1504 1374
f 1378 1373 1376
f 1385 1383 1382
f 1505 1385 1387
f 1392 1390 1389
f 1396 1392 1394
f 1506 1399 1398
f 1404 1402 1401
f 1507 1404 1406
f 1411 1409 1408
f 1418 1416 1415
f 1423 1421 1420
f 1431 1429 1428
f 1435 1431 1433
f 1439 1435 1437
f 1443 1439 1441
f 1447 1443 1445
f 1451 1447 1449
f 1455 1451 1453
f 1462 1460 1459
f 1472 1470 1469
f 1476 1472 1474
f 1480 1476 1478
f 1508 1480 1482
f 1484 1509 1485
f 1489 1484 1487
f 1491 1510 1492
f 1496 1491 1494
f 1350 1496 1498
f 1356 1350 1352
f 1501 1356 1360
f 1364 1511 1502
f 1503 1364 1369
f 1378 1504 1373
f 1505 1383 1385
f 1396 1390 1392
f 1506 1512 1399
f 1404 1513 1402
f 1514 1404 1507
f 1413 1409 1411
f 1515 1416 1418
f 1431 1516 1429
f 1439 1431 1435
f 1447 1439 1443
f 1455 1447 1451
f 1462 1517 1460
f 1472 1518 1470
f 1480 1472 1476
f 1519 1480 1508
f 1489 1509 1484
f 1496 1510 1491
f 1356 1496 1350
f 1520 1356 1501
f 1503 1511 1364
f 1380 1504 1378
f 1505 1521 1383
f 1522 1390 1396
f 1506 1522 1512
f 1514 1513 1404
f 1413 1523 1409
f 1421 1416 1515
f 1439 1516 1431
f 1455 1439 1447
f 1464 1517 1462
f 1480 1518 1472
f 1524 1480 1519
f 1496 1525 1510
f 1520 1496 1356
f 1503 1520 1511
f 1380 1526 1504
f 1527 1521 1505
f 1522 1528 1390
f 1529 1522 1506
f 1514 1530 1513
f 1416 1523 1413
f 1439 1531 1516
f 1457 1439 1455
f 1532 1517 1464
f 1480 1533 1518
f 1496 1534 1525
f 1503 1496 1520
f 1535 1526 1380
f 1536 1521 1527
f 1529 1528 1522
f 1537 1530 1514
f 1421 1523 1416
f 1439 1538 1531
f 1539 1439 1457
f 1480 1540 1533
f 1496 1541 1534
f 1526 1496 1503
f 1542 1526 1535
f 1543 1521 1536
f 1530 1528 1529
f 1544 1530 1537
f 1439 1545 1538
f 1546 1439 1539
f 1480 1466 1540
f 1496 1547 1541
f 1542 1496 1526
f 1543 1542 1521
f 1544 1528 1530
f 1439 1425 1545
f 1548 1439 1546
f 1480 1467 1466
f 1496 1549 1547
f 1543 1496 1542
f 1439 1426 1425
f 1550 1439 1548
f 1480 1551 1467
f 1543 1549 1496
f 1439 1423 1426
f 1480 1552 1551
f 1543 1553 1549
f 1439 1421 1423
f 1480 1554 1552
f 1543 1555 1553
f 1550 1421 1439
f 1480 1532 1554
f 1543 1556 1555
f 1550 1523 1421
f 1480 1517 1532
f 1543 1557 1556
f 1550 1544 1523
f 1480 1550 1517
f 1543 1558 1557
f 1550 1528 1544
f 1524 1550 1480
f 1543 1489 1558
f 1550 1543 1528
f 1509 1550 1524
f 1543 1509 1489
f 1509 1543 1550
f 1559 1560 1561
f 1560 1562 1563
f 1562 1564 1565
f 1564 1566 1567
f 1566 1568 1569
f 1568 1570 1571
f 1570 1572 1573
f 1574 1575 1576
f 1575 1577 1578
f 1577 1579 1580
f 1579 1581 1582
f 1583 1584 1585
f 1584 1586 1587
f 1586 1588 1589
f 1588 1590 1591
f 1592 1593 1594
f 1593 1595 1596
f 1595 1597 1598
f 1599 1600 1601
f 1600 1602 1603
f 1602 1604 1605
f 1604 1606 1607
f 1608 1609 1610
f 1611 1612 1613
f 1612 1614 1615
f 1614 1616 1617
f 1618 1619 1620
f 1619 1621 1622
f 1621 1623 1624
f 1625 1626 1627
f 1626 1628 1629
f 1630 1631 1632
f 1631 1633 1634
f 1635 1636 1637
f 1638 1639 1640
f 1639 1641 1642
f 1641 1643 1644
f 1643 1645 1646
f 1645 1647 1648
f 1647 1649 1650
f 1649 1651 1652
f 1651 1653 1654
f 1653 1655 1656
f 1655 1657 1658
f 1657 1659 1660
f 1659 1661 1662
f 1661 1663 1664
f 1663 1665 1666
f 1665 1667 1668
f 1669 1670 1671
f 1670 1672 1673
f 1672 1674 1675
f 1676 1677 1678
f 1679 1680 1681
f 1680 1682 1683
f 1682 1684 1685
f 1684 1686 1687
f 1686 1688 1689
f 1688 1690 1691
f 1690 1692 1693
f 1694 1695 1696
f 1695 1697 1698
f 1697 1699 1700
f 1701 1702 1703
f 1702 1704 1705
f 1704 1706 1707
f 1706 1708 1709
f 1708 1559 1710
f 1559 1562 1560
f 1562 1566 1564
f 1566 1570 1568
f 1570 1711 1572
f 1712 1575 1574
f 1575 1579 1577
f 1579 1713 1581
f 1714 1584 1583
f 1584 1588 1586
f 1592 1595 1593
f 1595 1715 1597
f 1599 1602 1600
f 1602 1606 1604
f 1608 1716 1609
f 1611 1614 1612
f 1614 1717 1616
f 1618 1621 1619
f 1625 1628 1626
f 1630 1633 1631
f 1638 1641 1639
f 1641 1645 1643
f 1645 1649 1647
f 1649 1653 1651
f 1653 1657 1655
f 1657 1661 1659
f 1661 1665 1663
f 1669 1672 1670
f 1679 1682 1680
f 1682 1686 1684
f 1686 1690 1688
f 1690 1718 1692
f 1719 1695 1694
f 1695 1699 1697
f 1720 1702 1701
f 1702 1706 1704
f 1706 1559 1708
f 1559 1566 1562
f 1566 1711 1570
f 1721 1575 1712
f 1575 1713 1579
f 1714 1588 1584
f 1592 1715 1595
f 1599 1606 1602
f 1722 1716 1608
f 1723 1614 1611
f 1614 1724 1717
f 1618 1623 1621
f 1625 1725 1628
f 1726 1641 1638
f 1641 1649 1645
f 1649 1657 1653
f 1657 1665 1661
f 1727 1672 1669
f 1728 1682 1679
f 1682 1690 1686
f 1690 1729 1718
f 1719 1699 1695
f 1720 1706 1702
f 1706 1566 1559
f 1566 1730 1711
f 1721 1713 1575
f 1714 1590 1588
f 1731 1715 1592
f 1599 1732 1606
f 1732 1716 1722
f 1723 1724 1614
f 1733 1623 1618
f 1625 1630 1725
f 1726 1649 1641
f 1649 1665 1657
f 1727 1674 1672
f 1728 1690 1682
f 1690 1734 1729
f 1735 1706 1720
f 1706 1730 1566
f 1730 1713 1721
f 1736 1590 1714
f 1731 1737 1715
f 1738 1732 1599
f 1732 1739 1716
f 1740 1724 1723
f 1733 1625 1623
f 1741 1649 1726
f 1649 1667 1665
f 1727 1742 1674
f 1743 1690 1728
f 1744 1706 1735
f 1706 1713 1730
f 1736 1745 1590
f 1731 1746 1737
f 1738 1739 1732
f 1740 1747 1724
f 1733 1630 1625
f 1748 1649 1741
f 1649 1749 1667
f 1750 1690 1743
f 1751 1706 1744
f 1706 1736 1713
f 1736 1752 1745
f 1731 1753 1746
f 1738 1740 1739
f 1740 1754 1747
f 1755 1649 1748
f 1649 1756 1749
f 1677 1690 1750
f 1757 1706 1751
f 1706 1752 1736
f 1752 1753 1731
f 1738 1754 1740
f 1636 1649 1755
f 1649 1758 1756
f 1676 1690 1677
f 1759 1706 1757
f 1706 1753 1752
f 1635 1649 1636
f 1649 1760 1758
f 1761 1690 1676
f 1759 1753 1706
f 1633 1649 1635
f 1762 1690 1761
f 1763 1753 1759
f 1630 1649 1633
f 1764 1690 1762
f 1765 1753 1763
f 1630 1760 1649
f 1742 1690 1764
f 1766 1753 1765
f 1733 1760 1630
f 1727 1690 1742
f 1767 1753 1766
f 1754 1760 1733
f 1760 1690 1727
f 1768 1753 1767
f 1738 1760 1754
f 1760 1734 1690
f 1699 1753 1768
f 1753 1760 1738
f 1760 1719 1734
f 1719 1753 1699
f 1753 1719 1760
f 1349 1560 1353
f 1353 1560 1563
f 1353 1563 1352
f 1352 1563 1562
f 1352 1562 1355
f 1355 1562 1565
f 1355 1565 1354
f 1354 1565 1564
f 1354 1564 1357
f 1357 1564 1567
f 1357 1567 1356
f 1356 1567 1566
f 1356 1566 1359
f 1359 1566 1569
f 1359 1569 1358
f 1358 1569 1568
f 1358 1568 1361
f 1361 1568 1571
f 1361 1571 1360
f 1360 1571 1570
f 1360 1570 1363
f 1363 1570 1573
f 1363 1573 1362
f 1362 1573 1572
f 1362 1572 1501
f 1501 1572 1711
f 1501 1711 1520
f 1520 1711 1730
f 1520 1730 1511
f 1511 1730 1721
f 1511 1721 1502
f 1502 1721 1712
f 1502 1712 1365
f 1365 1712 1574
f 1365 1574 1366
f 1366 1574 1576
f 1366 1576 1364
f 1364 1576 1575
f 1364 1575 1368
f 1368 1575 1578
f 1368 1578 1367
f 1367 1578 1577
f 1367 1577 1370
f 1370 1577 1580
f 1370 1580 1369
f 1369 1580 1579
f 1369 1579 1372
f 1372 1579 1582
f 1372 1582 1371
f 1371 1582 1581
f 1371 1581 1503
f 1503 1581 1713
f 1503 1713 1526
f 1526 1713 1736
f 1526 1736 1504
f 1504 1736 1714
f 1504 1714 1374
f 1374 1714 1583
f 1374 1583 1375
f 1375 1583 1585
f 1375 1585 1373
f 1373 1585 1584
f 1373 1584 1377
f 1377 1584 1587
f 1377 1587 1376
f 1376 1587 1586
f 1376 1586 1379
f 1379 1586 1589
f 1379 1589 1378
f 1378 1589 1588
f 1378 1588 1381
f 1381 1588 1591
f 1381 1591 1380
f 1380 1591 1590
f 1380 1590 1535
f 1535 1590 1745
f 1535 1745 1542
f 1542 1745 1752
f 1542 1752 1521
f 1521 1752 1731
f 1521 1731 1383
f 1383 1731 1592
f 1383 1592 1384
f 1384 1592 1594
f 1384 1594 1382
f 1382 1594 1593
f 1382 1593 1386
f 1386 1593 1596
f 1386 1596 1385
f 1385 1596 1595
f 1385 1595 1388
f 1388 1595 1598
f 1388 1598 1387
f 1387 1598 1597
f 1387 1597 1505
f 1505 1597 1715
f 1505 1715 1527
f 1527 1715 1737
f 1527 1737 1536
f 1536 1737 1746
f 1536 1746 1543
f 1543 1746 1753
f 1543 1753 1528
f 1528 1753 1738
f 1528 1738 1390
f 1390 1738 1599
f 1390 1599 1391
f 1391 1599 1601
f 1391 1601 1389
f 1389 1601 1600
f 1389 1600 1393
f 1393 1600 1603
f 1393 1603 1392
f 1392 1603 1602
f 1392 1602 1395
f 1395 1602 1605
f 1395 1605 1394
f 1394 1605 1604
f 1394 1604 1397
f 1397 1604 1607
f 1397 1607 1396
f 1396 1607 1606
f 1396 1606 1522
f 1522 1606 1732
f 1522 1732 1512
f 1512 1732 1722
f 1512 1722 1399
f 1399 1722 1608
f 1399 1608 1400
f 1400 1608 1610
f 1400 1610 1398
f 1398 1610 1609
f 1398 1609 1506
f 1506 1609 1716
f 1506 1716 1529
f 1529 1716 1739
f 1529 1739 1530
f 1530 1739 1740
f 1530 1740 1513
f 1513 1740 1723
f 1513 1723 1402
f 1402 1723 1611
f 1402 1611 1403
f 1403 1611 1613
f 1403 1613 1401
f 1401 1613 1612
f 1401 1612 1405
f 1405 1612 1615
f 1405 1615 1404
f 1404 1615 1614
f 1404 1614 1407
f 1407 1614 1617
f 1407 1617 1406
f 1406 1617 1616
f 1406 1616 1507
f 1507 1616 1717
f 1507 1717 1514
f 1514 1717 1724
f 1514 1724 1537
f 1537 1724 1747
f 1537 1747 1544
f 1544 1747 1754
f 1544 1754 1523
f 1523 1754 1733
f 1523 1733 1409
f 1409 1733 1618
f 1409 1618 1410
f 1410 1618 1620
f 1410 1620 1408
f 1408 1620 1619
f 1408 1619 1412
f 1412 1619 1622
f 1412 1622 1411
f 1411 1622 1621
f 1411 1621 1414
f 1414 1621 1624
f 1414 1624 1413
f 1413 1624 1623
f 1413 1623 1416
f 1416 1623 1625
f 1416 1625 1417
f 1417 1625 1627
f 1417 1627 1415
f 1415 1627 1626
f 1415 1626 1419
f 1419 1626 1629
f 1419 1629 1418
f 1418 1629 1628
f 1418 1628 1515
f 1515 1628 1725
f 1515 1725 1421
f 1421 1725 1630
f 1421 1630 1422
f 1422 1630 1632
f 1422 1632 1420
f 1420 1632 1631
f 1420 1631 1424
f 1424 1631 1634
f 1424 1634 1423
f 1423 1634 1633
f 1423 1633 1426
f 1426 1633 1635
f 1426 1635 1427
f 1427 1635 1637
f 1427 1637 1425
f 1425 1637 1636
f 1425 1636 1545
f 1545 1636 1755
f 1545 1755 1538
f 1538 1755 1748
f 1538 1748 1531
f 1531 1748 1741
f 1531 1741 1516
f 1516 1741 1726
f 1516 1726 1429
f 1429 1726 1638
f 1429 1638 1430
f 1430 1638 1640
f 1430 1640 1428
f 1428 1640 1639
f 1428 1639 1432
f 1432 1639 1642
f 1432 1642 1431
f 1431 1642 1641
f 1431 1641 1434
f 1434 1641 1644
f 1434 1644 1433
f 1433 1644 1643
f 1433 1643 1436
f 1436 1643 1646
f 1436 1646 1435
f 1435 1646 1645
f 1435 1645 1438
f 1438 1645 1648
f 1438 1648 1437
f 1437 1648 1647
f 1437 1647 1440
f 1440 1647 1650
f 1440 1650 1439
f 1439 1650 1649
f 1439 1649 1442
f 1442 1649 1652
f 1442 1652 1441
f 1441 1652 1651
f 1441 1651 1444
f 1444 1651 1654
f 1444 1654 1443
f 1443 1654 1653
f 1443 1653 1446
f 1446 1653 1656
f 1446 1656 1445
f 1445 1656 1655
f 1445 1655 1448
f 1448 1655 1658
f 1448 1658 1447
f 1447 1658 1657
f 1447 1657 1450
f 1450 1657 1660
f 1450 1660 1449
f 1449 1660 1659
f 1449 1659 1452
f 1452 1659 1662
f 1452 1662 1451
f 1451 1662 1661
f 1451 1661 1454
f 1454 1661 1664
f 1454 1664 1453
f 1453 1664 1663
f 1453 1663 1456
f 1456 1663 1666
f 1456 1666 1455
f 1455 1666 1665
f 1455 1665 1458
f 1458 1665 1668
f 1458 1668 1457
f 1457 1668 1667
f 1457 1667 1539
f 1539 1667 1749
f 1539 1749 1546
f 1546 1749 1756
f 1546 1756 1548
f 1548 1756 1758
f 1548 1758 1550
f 1550 1758 1760
f 1550 1760 1517
f 1517 1760 1727
f 1517 1727 1460
f 1460 1727 1669
f 1460 1669 1461
f 1461 1669 1671
f 1461 1671 1459
f 1459 1671 1670
f 1459 1670 1463
f 1463 1670 1673
f 1463 1673 1462
f 1462 1673 1672
f 1462 1672 1465
f 1465 1672 1675
f 1465 1675 1464
f 1464 1675 1674
f 1464 1674 1532
f 1532 1674 1742
f 1532 1742 1554
f 1554 1742 1764
f 1554 1764 1552
f 1552 1764 1762
f 1552 1762 1551
f 1551 1762 1761
f 1551 1761 1467
f 1467 1761 1676
f 1467 1676 1468
f 1468 1676 1678
f 1468 1678 1466
f 1466 1678 1677
f 1466 1677 1540
f 1540 1677 1750
f 1540 1750 1533
f 1533 1750 1743
f 1533 1743 1518
f 1518 1743 1728
f 1518 1728 1470
f 1470 1728 1679
f 1470 1679 1471
f 1471 1679 1681
f 1471 1681 1469
f 1469 1681 1680
f 1469 1680 1473
f 1473 1680 1683
f 1473 1683 1472
f 1472 1683 1682
f 1472 1682 1475
f 1475 1682 1685
f 1475 1685 1474
f 1474 1685 1684
f 1474 1684 1477
f 1477 1684 1687
f 1477 1687 1476
f 1476 1687 1686
f 1476 1686 1479
f 1479 1686 1689
f 1479 1689 1478
f 1478 1689 1688
f 1478 1688 1481
f 1481 1688 1691
f 1481 1691 1480
f 1480 1691 1690
f 1480 1690 1483
f 1483 1690 1693
f 1483 1693 1482
f 1482 1693 1692
f 1482 1692 1508
f 1508 1692 1718
f 1508 1718 1519
f 1519 1718 1729
f 1519 1729 1524
f 1524 1729 1734
f 1524 1734 1509
f 1509 1734 1719
f 1509 1719 1485
f 1485 1719 1694
f 1485 1694 1486
f 1486 1694 1696
f 1486 1696 1484
f 1484 1696 1695
f 1484 1695 1488
f 1488 1695 1698
f 1488 1698 1487
f 1487 1698 1697
f 1487 1697 1490
f 1490 1697 1700
f 1490 1700 1489
f 1489 1700 1699
f 1489 1699 1558
f 1558 1699 1768
f 1558 1768 1557
f 1557 1768 1767
f 1557 1767 1556
f 1556 1767 1766
f 1556 1766 1555
f 1555 1766 1765
f 1555 1765 1553
f 1553 1765 1763
f 1553 1763 1549
f 1549 1763 1759
f 1549 1759 1547
f 1547 1759 1757
f 1547 1757 1541
f 1541 1757 1751
f 1541 1751 1534
f 1534 1751 1744
f 1534 1744 1525
f 1525 1744 1735
f 1525 1735 1510
f 1510 1735 1720
f 1510 1720 1492
f 1492 1720 1701
f 1492 1701 1493
f 1493 1701 1703
f 1493 1703 1491
f 1491 1703 1702
f 1491 1702 1495
f 1495 1702 1705
f 1495 1705 1494
f 1494 1705 1704
f 1494 1704 1497
f 1497 1704 1707
f 1497 1707 1496
f 1496 1707 1706
f 1496 1706 1499
f 1499 1706 1709
f 1499 1709 1498
f 1498 1709 1708
f 1498 1708 1500
f 1500 1708 1710
f 1500 1710 1350
f 1350 1710 1559
f 1350 1559 1351
f 1351 1559 1561
f 1351 1561 1349
f 1349 1561 1560
o 
v 21.83 0 -41.4
v 23.301 0 -41.323
v 22.418 0 -41.351
v 20.298 0 -41.711
v 21.093 0 -41.538
v 18.759 0 -42.106
v 19.501 0 -41.905
v 17.66 0 -42.47
v 18.127 0 -42.299
v 17.015 0 -42.712
v 17.19 0 -42.65
v 17.103 0 -42.681
v 16.851 0 -42.771
v 16.93 0 -42.743
v 16.73 0 -42.82
v 16.784 0 -42.798
v 14.673 0 -43.615
v 15.481 0 -43.308
v 15.08 0 -43.46
v 13.926 0 -43.908
v 14.283 0 -43.767
v 13.383 0 -44.126
v 13.621 0 -44.03
v 13.123 0 -44.236
v 13.23 0 -44.19
v 12.737 0 -44.395
v 12.91 0 -44.324
v 12.816 0 -44.363
v 12.568 0 -44.461
v 12.68 0 -44.42
v 12.629 0 -44.438
v 12.432 0 -44.516
v 12.501 0 -44.487
v 12.3 0 -44.57
v 12.364 0 -44.544
v 12.129 0 -44.643
v 12.226 0 -44.601
v 11.357 0 -44.953
v 11.63 0 -44.85
v 11.498 0 -44.899
v 11.083 0 -45.064
v 11.216 0 -45.009
v 10.87 0 -45.16
v 10.964 0 -45.116
v 10.339 0 -45.371
v 10.458 0 -45.33
v 10.4 0 -45.35
v 10.167 0 -45.444
v 10.26 0 -45.403
v 9.962 0 -45.54
v 10.067 0 -45.49
v 9.552 0 -45.71
v 9.86 0 -45.59
v 9.729 0 -45.641
v 8.221 0 -46.213
v 8.87 0 -45.972
v 8.63 0 -46.06
v 7.695 0 -46.412
v 7.919 0 -46.327
v 7.382 0 -46.539
v 7.525 0 -46.48
v 7.062 0 -46.666
v 7.24 0 -46.6
v 7.164 0 -46.627
v 6.242 0 -46.973
v 6.52 0 -46.87
v 6.379 0 -46.921
v 6.001 0 -47.064
v 6.114 0 -47.021
v 5.634 0 -47.201
v 5.911 0 -47.098
v 5.85 0 -47.12
v 3.44 0 -47.954
v 3.61 0 -47.9
v 3.527 0 -47.926
v 3.274 0 -48.009
v 3.354 0 -47.982
v 3.15 0 -48.05
v 3.204 0 -48.032
v 1.987 0 -48.394
v 2.6 0 -48.22
v 2.261 0 -48.315
v 1.533 0 -48.539
v 1.753 0 -48.466
v 1.04 0 -48.72
v 1.304 0 -48.621
v 0.504 0 -48.93
v 0.746 0 -48.83
v 0.179 0 -49.103
v 0.315 0 -49.021
v 0.07 0 -49.24
v 0.097 0 -49.176
v 0.121 0 -49.307
v 0.084 0 -49.265
v 0.255 0 -49.426
v 0.18 0 -49.362
v 0.44 0 -49.56
v 0.343 0 -49.493
v 1.122 0 -49.896
v 0.719 0 -49.72
v 2.228 0 -50.277
v 1.631 0 -50.084
v 3.61 0 -50.66
v 2.894 0 -50.471
v 4.369 0 -50.853
v 4.172 0 -50.803
v 4.27 0 -50.83
v 4.626 0 -50.911
v 4.49 0 -50.881
v 4.914 0 -50.973
v 4.77 0 -50.943
v 5.323 0 -51.062
v 5.05 0 -51
v 5.182 0 -51.031
v 5.597 0 -51.121
v 5.464 0 -51.092
v 6.356 0 -51.285
v 5.716 0 -51.148
v 5.81 0 -51.17
v 8.354 0 -51.638
v 7.244 0 -51.447
v 10.762 0 -52.023
v 9.566 0 -51.836
v 12.423 0 -52.269
v 11.82 0 -52.18
v 15.379 0 -52.738
v 15.04 0 -52.68
v 15.196 0 -52.707
v 15.775 0 -52.802
v 15.575 0 -52.77
v 16.14 0 -52.86
v 15.967 0 -52.833
v 18.796 0 -53.373
v 18.04 0 -53.2
v 18.475 0 -53.299
v 19.764 0 -53.605
v 19.357 0 -53.503
v 19.5 0 -53.54
v 20.82 0 -53.892
v 20.609 0 -53.83
v 20.74 0 -53.87
v 21.408 0 -54.069
v 21.077 0 -53.969
v 21.238 0 -54.017
v 25.815 0 -56.061
v 24.74 0 -55.48
v 25.32 0 -55.808
v 26.528 0 -56.333
v 26.22 0 -56.236
v 26.83 0 -56.28
v 26.734 0 -56.348
v 26.844 0 -56.093
v 26.841 0 -56.214
v 26.832 0 -55.724
v 26.841 0 -55.926
v 26.8 0 -55.25
v 26.818 0 -55.495
v 27.038 0 -43.65
v 26.847 0 -44.687
v 26.95 0 -44.13
v 27.165 0 -42.798
v 27.11 0 -43.201
v 27.212 0 -42.192
v 27.2 0 -42.456
v 27.152 0 -41.892
v 27.2 0 -42.02
v 26.978 0 -41.671
v 27.079 0 -41.776
v 26.689 0 -41.494
v 26.848 0 -41.578
v 26.079 0 -41.365
v 26.5 0 -41.42
v 24.315 0 -41.316
v 25.296 0 -41.33
v 17.606 0 -42.493
v 16.633 0 -42.86
v 13.014 0 -44.281
v 9.342 0 -45.791
v 6.94 0 -46.713
v 6.662 0 -46.818
v 3.893 0 -47.81
v 4.061 0 -50.773
v 16.451 0 -52.907
v 19.032 0 -53.426
v 21.58 0 -54.12
v 24.243 0 -55.199
v 26.712 0 -54.078
v 17.536 0 -42.521
v 17.278 0 -42.619
v 15.852 0 -43.165
v 10.531 0 -45.303
v 6.804 0 -46.764
v 2.707 0 -48.189
v 3.712 0 -50.683
v 3.944 0 -50.741
v 20.936 0 -53.926
v 12.014 0 -44.691
v 11.758 0 -44.798
v 9.111 0 -45.88
v 3.093 0 -48.069
v 14.574 0 -52.603
v 23.745 0 -54.945
v 26.646 0 -52.989
v 26.766 0 -45.29
v 17.367 0 -42.586
v 16.179 0 -43.039
v 11.888 0 -44.744
v 10.787 0 -45.196
v 10.613 0 -45.27
v 2.816 0 -48.156
v 3.826 0 -50.711
v 13.001 0 -52.356
v 23.239 0 -54.714
v 16.444 0 -42.935
v 10.699 0 -45.234
v 2.92 0 -48.124
v 13.554 0 -52.441
v 26.702 0 -45.971
v 17.455 0 -42.553
v 3.014 0 -48.094
v 22.715 0 -54.501
v 26.654 0 -46.763
v 14.079 0 -52.524
v 22.165 0 -54.305
v 26.618 0 -47.699
v 26.59 0 -48.81
v 4.311 0 -47.669
v 26.574 0 -49.895
v 4.79 0 -47.502
v 16.764 0 -52.959
v 26.578 0 -50.931
v 5.256 0 -47.338
v 17.079 0 -53.015
v 26.601 0 -51.951
v 17.396 0 -53.074
v 20.441 0 -53.782
v 20.24 0 -53.728
v 20.013 0 -53.668
v 19.21 0 -53.467
v 17.717 0 -53.136
v 23.301 10 -41.323
v 21.83 10 -41.4
v 22.418 10 -41.351
v 20.298 10 -41.711
v 21.093 10 -41.538
v 18.759 10 -42.106
v 19.501 10 -41.905
v 17.66 10 -42.47
v 18.127 10 -42.299
v 17.19 10 -42.65
v 17.015 10 -42.712
v 17.103 10 -42.681
v 16.851 10 -42.771
v 16.93 10 -42.743
v 16.73 10 -42.82
v 16.784 10 -42.798
v 15.481 10 -43.308
v 14.673 10 -43.615
v 15.08 10 -43.46
v 13.926 10 -43.908
v 14.283 10 -43.767
v 13.383 10 -44.126
v 13.621 10 -44.03
v 13.123 10 -44.236
v 13.23 10 -44.19
v 12.91 10 -44.324
v 12.737 10 -44.395
v 12.816 10 -44.363
v 12.68 10 -44.42
v 12.568 10 -44.461
v 12.629 10 -44.438
v 12.432 10 -44.516
v 12.501 10 -44.487
v 12.3 10 -44.57
v 12.364 10 -44.544
v 12.129 10 -44.643
v 12.226 10 -44.601
v 11.63 10 -44.85
v 11.357 10 -44.953
v 11.498 10 -44.899
v 11.083 10 -45.064
v 11.216 10 -45.009
v 10.87 10 -45.16
v 10.964 10 -45.116
v 10.458 10 -45.33
v 10.339 10 -45.371
v 10.4 10 -45.35
v 10.167 10 -45.444
v 10.26 10 -45.403
v 9.962 10 -45.54
v 10.067 10 -45.49
v 9.86 10 -45.59
v 9.552 10 -45.71
v 9.729 10 -45.641
v 8.87 10 -45.972
v 8.221 10 -46.213
v 8.63 10 -46.06
v 7.695 10 -46.412
v 7.919 10 -46.327
v 7.382 10 -46.539
v 7.525 10 -46.48
v 7.24 10 -46.6
v 7.062 10 -46.666
v 7.164 10 -46.627
v 6.52 10 -46.87
v 6.242 10 -46.973
v 6.379 10 -46.921
v 6.001 10 -47.064
v 6.114 10 -47.021
v 5.911 10 -47.098
v 5.634 10 -47.201
v 5.85 10 -47.12
v 3.61 10 -47.9
v 3.44 10 -47.954
v 3.527 10 -47.926
v 3.274 10 -48.009
v 3.354 10 -47.982
v 3.15 10 -48.05
v 3.204 10 -48.032
v 2.6 10 -48.22
v 1.987 10 -48.394
v 2.261 10 -48.315
v 1.533 10 -48.539
v 1.753 10 -48.466
v 1.04 10 -48.72
v 1.304 10 -48.621
v 0.504 10 -48.93
v 0.746 10 -48.83
v 0.179 10 -49.103
v 0.315 10 -49.021
v 0.07 10 -49.24
v 0.097 10 -49.176
v 0.121 10 -49.307
v 0.084 10 -49.265
v 0.255 10 -49.426
v 0.18 10 -49.362
v 0.44 10 -49.56
v 0.343 10 -49.493
v 1.122 10 -49.896
v 0.719 10 -49.72
v 2.228 10 -50.277
v 1.631 10 -50.084
v 3.61 10 -50.66
v 2.894 10 -50.471
v 4.172 10 -50.803
v 4.369 10 -50.853
v 4.27 10 -50.83
v 4.626 10 -50.911
v 4.49 10 -50.881
v 4.914 10 -50.973
v 4.77 10 -50.943
v 5.05 10 -51
v 5.323 10 -51.062
v 5.182 10 -51.031
v 5.597 10 -51.121
v 5.464 10 -51.092
v 5.716 10 -51.148
v 6.356 10 -51.285
v 5.81 10 -51.17
v 8.354 10 -51.638
v 7.244 10 -51.447
v 10.762 10 -52.023
v 9.566 10 -51.836
v 12.423 10 -52.269
v 11.82 10 -52.18
v 15.04 10 -52.68
v 15.379 10 -52.738
v 15.196 10 -52.707
v 15.775 10 -52.802
v 15.575 10 -52.77
v 16.14 10 -52.86
v 15.967 10 -52.833
v 18.04 10 -53.2
v 18.796 10 -53.373
v 18.475 10 -53.299
v 19.357 10 -53.503
v 19.764 10 -53.605
v 19.5 10 -53.54
v 20.609 10 -53.83
v 20.82 10 -53.892
v 20.74 10 -53.87
v 21.077 10 -53.969
v 21.408 10 -54.069
v 21.238 10 -54.017
v 24.74 10 -55.48
v 25.815 10 -56.061
v 25.32 10 -55.808
v 26.528 10 -56.333
v 26.22 10 -56.236
v 26.83 10 -56.28
v 26.734 10 -56.348
v 26.844 10 -56.093
v 26.841 10 -56.214
v 26.832 10 -55.724
v 26.841 10 -55.926
v 26.8 10 -55.25
v 26.818 10 -55.495
v 26.847 10 -44.687
v 27.038 10 -43.65
v 26.95 10 -44.13
v 27.165 10 -42.798
v 27.11 10 -43.201
v 27.212 10 -42.192
v 27.2 10 -42.456
v 27.152 10 -41.892
v 27.2 10 -42.02
v 26.978 10 -41.671
v 27.079 10 -41.776
v 26.689 10 -41.494
v 26.848 10 -41.578
v 26.079 10 -41.365
v 26.5 10 -41.42
v 24.315 10 -41.316
v 25.296 10 -41.33
v 17.606 10 -42.493
v 16.633 10 -42.86
v 13.014 10 -44.281
v 9.342 10 -45.791
v 6.94 10 -46.713
v 6.662 10 -46.818
v 3.893 10 -47.81
v 4.061 10 -50.773
v 16.451 10 -52.907
v 19.032 10 -53.426
v 21.58 10 -54.12
v 24.243 10 -55.199
v 26.712 10 -54.078
v 17.536 10 -42.521
v 17.278 10 -42.619
v 15.852 10 -43.165
v 10.531 10 -45.303
v 6.804 10 -46.764
v 2.707 10 -48.189
v 3.712 10 -50.683
v 3.944 10 -50.741
v 20.936 10 -53.926
v 12.014 10 -44.691
v 11.758 10 -44.798
v 9.111 10 -45.88
v 3.093 10 -48.069
v 14.574 10 -52.603
v 23.745 10 -54.945
v 26.646 10 -52.989
v 26.766 10 -45.29
v 17.367 10 -42.586
v 16.179 10 -43.039
v 11.888 10 -44.744
v 10.787 10 -45.196
v 10.613 10 -45.27
v 2.816 10 -48.156
v 3.826 10 -50.711
v 13.001 10 -52.356
v 23.239 10 -54.714
v 16.444 10 -42.935
v 10.699 10 -45.234
v 2.92 10 -48.124
v 13.554 10 -52.441
v 26.702 10 -45.971
v 17.455 10 -42.553
v 3.014 10 -48.094
v 22.715 10 -54.501
v 26.654 10 -46.763
v 14.079 10 -52.524
v 22.165 10 -54.305
v 26.618 10 -47.699
v 26.59 10 -48.81
v 4.311 10 -47.669
v 26.574 10 -49.895
v 4.79 10 -47.502
v 16.764 10 -52.959
v 26.578 10 -50.931
v 5.256 10 -47.338
v 17.079 10 -53.015
v 26.601 10 -51.951
v 17.396 10 -53.074
v 20.441 10 -53.782
v 20.24 10 -53.728
v 20.013 10 -53.668
v 19.21 10 -53.467
v 17.717 10 -53.136
f 1769 1770 1771
f 1772 1769 1773
f 1774 1772 1775
f 1776 1774 1777
f 1778 1779 1780
f 1781 1778 1782
f 1783 1781 1784
f 1785 1786 1787
f 1788 1785 1789
f 1790 1788 1791
f 1792 1790 1793
f 1794 1795 1796
f 1797 1798 1799
f 1800 1797 1801
f 1802 1800 1803
f 1804 1802 1805
f 1806 1807 1808
f 1809 1806 1810
f 1811 1809 1812
f 1813 1814 1815
f 1816 1813 1817
f 1818 1816 1819
f 1820 1821 1822
f 1823 1824 1825
f 1826 1823 1827
f 1828 1826 1829
f 1830 1831 1832
f 1833 1834 1835
f 1836 1833 1837
f 1838 1839 1840
f 1841 1842 1843
f 1844 1841 1845
f 1846 1844 1847
f 1848 1849 1850
f 1851 1848 1852
f 1853 1851 1854
f 1855 1853 1856
f 1857 1855 1858
f 1859 1857 1860
f 1861 1859 1862
f 1863 1861 1864
f 1865 1863 1866
f 1867 1865 1868
f 1869 1867 1870
f 1871 1869 1872
f 1873 1874 1875
f 1876 1873 1877
f 1878 1876 1879
f 1880 1881 1882
f 1883 1880 1884
f 1885 1886 1887
f 1888 1885 1889
f 1890 1888 1891
f 1892 1890 1893
f 1894 1895 1896
f 1897 1894 1898
f 1899 1897 1900
f 1901 1902 1903
f 1904 1905 1906
f 1907 1908 1909
f 1910 1911 1912
f 1913 1914 1915
f 1916 1913 1917
f 1918 1916 1919
f 1920 1918 1921
f 1922 1920 1923
f 1924 1922 1925
f 1926 1927 1928
f 1929 1926 1930
f 1931 1929 1932
f 1933 1931 1934
f 1935 1933 1936
f 1937 1935 1938
f 1939 1937 1940
f 1941 1939 1942
f 1769 1941 1770
f 1774 1769 1772
f 1943 1774 1776
f 1781 1779 1778
f 1944 1781 1783
f 1788 1786 1785
f 1792 1788 1790
f 1794 1945 1795
f 1800 1798 1797
f 1804 1800 1802
f 1809 1807 1806
f 1816 1814 1813
f 1821 1816 1818
f 1946 1821 1820
f 1826 1824 1823
f 1831 1826 1828
f 1947 1831 1830
f 1833 1948 1834
f 1841 1949 1842
f 1846 1841 1844
f 1851 1849 1848
f 1855 1851 1853
f 1859 1855 1857
f 1863 1859 1861
f 1867 1863 1865
f 1871 1867 1869
f 1873 1950 1874
f 1878 1873 1876
f 1883 1881 1880
f 1885 1883 1886
f 1890 1885 1888
f 1897 1895 1894
f 1951 1897 1899
f 1952 1902 1901
f 1953 1911 1910
f 1913 1954 1914
f 1918 1913 1916
f 1922 1918 1920
f 1955 1922 1924
f 1929 1927 1926
f 1933 1929 1931
f 1937 1933 1935
f 1941 1937 1939
f 1774 1941 1769
f 1956 1774 1943
f 1781 1957 1779
f 1788 1958 1786
f 1945 1788 1792
f 1798 1945 1794
f 1804 1798 1800
f 1811 1807 1809
f 1816 1959 1814
f 1831 1824 1826
f 1960 1831 1947
f 1836 1948 1833
f 1846 1949 1841
f 1851 1961 1849
f 1859 1851 1855
f 1867 1859 1863
f 1962 1867 1871
f 1873 1963 1950
f 1881 1873 1878
f 1885 1881 1883
f 1892 1885 1890
f 1951 1895 1897
f 1953 1964 1911
f 1918 1954 1913
f 1955 1918 1922
f 1933 1927 1929
f 1941 1933 1937
f 1956 1941 1774
f 1944 1957 1781
f 1945 1958 1788
f 1965 1798 1804
f 1811 1966 1807
f 1821 1959 1816
f 1831 1967 1824
f 1839 1948 1836
f 1968 1949 1846
f 1859 1961 1851
f 1962 1859 1867
f 1881 1963 1873
f 1892 1881 1885
f 1951 1969 1895
f 1918 1970 1954
f 1971 1918 1955
f 1933 1972 1927
f 1956 1933 1941
f 1944 1973 1957
f 1945 1974 1958
f 1975 1798 1965
f 1976 1966 1811
f 1821 1977 1959
f 1859 1978 1961
f 1979 1859 1962
f 1881 1979 1963
f 1980 1881 1892
f 1918 1981 1970
f 1956 1972 1933
f 1982 1973 1944
f 1945 1982 1974
f 1966 1798 1975
f 1983 1966 1976
f 1821 1983 1977
f 1859 1984 1978
f 1881 1859 1979
f 1985 1881 1980
f 1971 1981 1918
f 1956 1986 1972
f 1982 1987 1973
f 1798 1982 1945
f 1983 1798 1966
f 1859 1988 1984
f 1985 1859 1881
f 1971 1989 1981
f 1956 1990 1986
f 1798 1987 1982
f 1821 1798 1983
f 1859 1968 1988
f 1991 1859 1985
f 1971 1992 1989
f 1956 1993 1990
f 1798 1956 1987
f 1859 1949 1968
f 1969 1859 1991
f 1971 1953 1992
f 1956 1994 1993
f 1821 1956 1798
f 1859 1995 1949
f 1951 1859 1969
f 1971 1964 1953
f 1956 1996 1994
f 1859 1997 1995
f 1998 1859 1951
f 1971 1907 1964
f 1956 1999 1996
f 1859 2000 1997
f 2001 1859 1998
f 1971 1908 1907
f 1956 2002 1999
f 1859 1838 2000
f 2003 1859 2001
f 1971 2004 1908
f 1956 1971 2002
f 2003 1838 1859
f 1971 2005 2004
f 1821 1971 1956
f 2003 1839 1838
f 1971 2006 2005
f 1946 1971 1821
f 2003 1948 1839
f 1971 1904 2006
f 1967 1971 1946
f 2003 1960 1948
f 1971 1905 1904
f 1831 1971 1967
f 2003 1831 1960
f 1971 2007 1905
f 2003 1971 1831
f 1971 1952 2007
f 2008 1971 2003
f 1971 1902 1952
f 1902 1971 2008
f 2009 2010 2011
f 2010 2012 2013
f 2012 2014 2015
f 2014 2016 2017
f 2018 2019 2020
f 2019 2021 2022
f 2021 2023 2024
f 2025 2026 2027
f 2026 2028 2029
f 2028 2030 2031
f 2030 2032 2033
f 2034 2035 2036
f 2037 2038 2039
f 2038 2040 2041
f 2040 2042 2043
f 2042 2044 2045
f 2046 2047 2048
f 2047 2049 2050
f 2049 2051 2052
f 2053 2054 2055
f 2054 2056 2057
f 2056 2058 2059
f 2060 2061 2062
f 2063 2064 2065
f 2064 2066 2067
f 2066 2068 2069
f 2070 2071 2072
f 2073 2074 2075
f 2074 2076 2077
f 2078 2079 2080
f 2081 2082 2083
f 2082 2084 2085
f 2084 2086 2087
f 2088 2089 2090
f 2089 2091 2092
f 2091 2093 2094
f 2093 2095 2096
f 2095 2097 2098
f 2097 2099 2100
f 2099 2101 2102
f 2101 2103 2104
f 2103 2105 2106
f 2105 2107 2108
f 2107 2109 2110
f 2109 2111 2112
f 2113 2114 2115
f 2114 2116 2117
f 2116 2118 2119
f 2120 2121 2122
f 2121 2123 2124
f 2125 2126 2127
f 2126 2128 2129
f 2128 2130 2131
f 2130 2132 2133
f 2134 2135 2136
f 2135 2137 2138
f 2137 2139 2140
f 2141 2142 2143
f 2144 2145 2146
f 2147 2148 2149
f 2150 2151 2152
f 2153 2154 2155
f 2154 2156 2157
f 2156 2158 2159
f 2158 2160 2161
f 2160 2162 2163
f 2162 2164 2165
f 2166 2167 2168
f 2167 2169 2170
f 2169 2171 2172
f 2171 2173 2174
f 2173 2175 2176
f 2175 2177 2178
f 2177 2179 2180
f 2179 2181 2182
f 2181 2010 2009
f 2010 2014 2012
f 2014 2183 2016
f 2018 2021 2019
f 2021 2184 2023
f 2025 2028 2026
f 2028 2032 2030
f 2185 2035 2034
f 2037 2040 2038
f 2040 2044 2042
f 2046 2049 2047
f 2053 2056 2054
f 2056 2060 2058
f 2060 2186 2061
f 2063 2066 2064
f 2066 2070 2068
f 2070 2187 2071
f 2188 2074 2073
f 2189 2082 2081
f 2082 2086 2084
f 2088 2091 2089
f 2091 2095 2093
f 2095 2099 2097
f 2099 2103 2101
f 2103 2107 2105
f 2107 2111 2109
f 2190 2114 2113
f 2114 2118 2116
f 2120 2123 2121
f 2123 2126 2125
f 2126 2130 2128
f 2134 2137 2135
f 2137 2191 2139
f 2141 2192 2142
f 2150 2193 2151
f 2194 2154 2153
f 2154 2158 2156
f 2158 2162 2160
f 2162 2195 2164
f 2166 2169 2167
f 2169 2173 2171
f 2173 2177 2175
f 2177 2181 2179
f 2181 2014 2010
f 2014 2196 2183
f 2197 2021 2018
f 2198 2028 2025
f 2028 2185 2032
f 2185 2037 2035
f 2037 2044 2040
f 2046 2051 2049
f 2199 2056 2053
f 2063 2070 2066
f 2070 2200 2187
f 2188 2076 2074
f 2189 2086 2082
f 2201 2091 2088
f 2091 2099 2095
f 2099 2107 2103
f 2107 2202 2111
f 2203 2114 2190
f 2114 2120 2118
f 2120 2126 2123
f 2126 2132 2130
f 2134 2191 2137
f 2204 2193 2150
f 2194 2158 2154
f 2158 2195 2162
f 2166 2173 2169
f 2173 2181 2177
f 2181 2196 2014
f 2197 2184 2021
f 2198 2185 2028
f 2037 2205 2044
f 2206 2051 2046
f 2199 2060 2056
f 2207 2070 2063
f 2188 2078 2076
f 2189 2208 2086
f 2201 2099 2091
f 2099 2202 2107
f 2203 2120 2114
f 2120 2132 2126
f 2209 2191 2134
f 2210 2158 2194
f 2158 2211 2195
f 2212 2173 2166
f 2173 2196 2181
f 2213 2184 2197
f 2214 2185 2198
f 2037 2215 2205
f 2206 2216 2051
f 2217 2060 2199
f 2218 2099 2201
f 2099 2219 2202
f 2219 2120 2203
f 2120 2220 2132
f 2221 2158 2210
f 2212 2196 2173
f 2213 2222 2184
f 2222 2185 2214
f 2037 2206 2215
f 2206 2223 2216
f 2223 2060 2217
f 2224 2099 2218
f 2099 2120 2219
f 2120 2225 2220
f 2221 2211 2158
f 2226 2196 2212
f 2227 2222 2213
f 2222 2037 2185
f 2037 2223 2206
f 2228 2099 2224
f 2099 2225 2120
f 2229 2211 2221
f 2230 2196 2226
f 2227 2037 2222
f 2037 2060 2223
f 2208 2099 2228
f 2099 2231 2225
f 2232 2211 2229
f 2233 2196 2230
f 2196 2037 2227
f 2189 2099 2208
f 2099 2209 2231
f 2193 2211 2232
f 2234 2196 2233
f 2196 2060 2037
f 2235 2099 2189
f 2099 2191 2209
f 2204 2211 2193
f 2236 2196 2234
f 2237 2099 2235
f 2099 2238 2191
f 2148 2211 2204
f 2239 2196 2236
f 2240 2099 2237
f 2099 2241 2238
f 2147 2211 2148
f 2242 2196 2239
f 2079 2099 2240
f 2099 2243 2241
f 2244 2211 2147
f 2211 2196 2242
f 2079 2243 2099
f 2245 2211 2244
f 2211 2060 2196
f 2078 2243 2079
f 2246 2211 2245
f 2211 2186 2060
f 2188 2243 2078
f 2145 2211 2246
f 2211 2207 2186
f 2200 2243 2188
f 2144 2211 2145
f 2211 2070 2207
f 2070 2243 2200
f 2247 2211 2144
f 2211 2243 2070
f 2192 2211 2247
f 2211 2248 2243
f 2141 2211 2192
f 2211 2141 2248
f 1769 2010 1773
f 1773 2010 2013
f 1773 2013 1772
f 1772 2013 2012
f 1772 2012 1775
f 1775 2012 2015
f 1775 2015 1774
f 1774 2015 2014
f 1774 2014 1777
f 1777 2014 2017
f 1777 2017 1776
f 1776 2017 2016
f 1776 2016 1943
f 1943 2016 2183
f 1943 2183 1956
f 1956 2183 2196
f 1956 2196 1987
f 1987 2196 2227
f 1987 2227 1973
f 1973 2227 2213
f 1973 2213 1957
f 1957 2213 2197
f 1957 2197 1779
f 1779 2197 2018
f 1779 2018 1780
f 1780 2018 2020
f 1780 2020 1778
f 1778 2020 2019
f 1778 2019 1782
f 1782 2019 2022
f 1782 2022 1781
f 1781 2022 2021
f 1781 2021 1784
f 1784 2021 2024
f 1784 2024 1783
f 1783 2024 2023
f 1783 2023 1944
f 1944 2023 2184
f 1944 2184 1982
f 1982 2184 2222
f 1982 2222 1974
f 1974 2222 2214
f 1974 2214 1958
f 1958 2214 2198
f 1958 2198 1786
f 1786 2198 2025
f 1786 2025 1787
f 1787 2025 2027
f 1787 2027 1785
f 1785 2027 2026
f 1785 2026 1789
f 1789 2026 2029
f 1789 2029 1788
f 1788 2029 2028
f 1788 2028 1791
f 1791 2028 2031
f 1791 2031 1790
f 1790 2031 2030
f 1790 2030 1793
f 1793 2030 2033
f 1793 2033 1792
f 1792 2033 2032
f 1792 2032 1945
f 1945 2032 2185
f 1945 2185 1795
f 1795 2185 2034
f 1795 2034 1796
f 1796 2034 2036
f 1796 2036 1794
f 1794 2036 2035
f 1794 2035 1798
f 1798 2035 2037
f 1798 2037 1799
f 1799 2037 2039
f 1799 2039 1797
f 1797 2039 2038
f 1797 2038 1801
f 1801 2038 2041
f 1801 2041 1800
f 1800 2041 2040
f 1800 2040 1803
f 1803 2040 2043
f 1803 2043 1802
f 1802 2043 2042
f 1802 2042 1805
f 1805 2042 2045
f 1805 2045 1804
f 1804 2045 2044
f 1804 2044 1965
f 1965 2044 2205
f 1965 2205 1975
f 1975 2205 2215
f 1975 2215 1966
f 1966 2215 2206
f 1966 2206 1807
f 1807 2206 2046
f 1807 2046 1808
f 1808 2046 2048
f 1808 2048 1806
f 1806 2048 2047
f 1806 2047 1810
f 1810 2047 2050
f 1810 2050 1809
f 1809 2050 2049
f 1809 2049 1812
f 1812 2049 2052
f 1812 2052 1811
f 1811 2052 2051
f 1811 2051 1976
f 1976 2051 2216
f 1976 2216 1983
f 1983 2216 2223
f 1983 2223 1977
f 1977 2223 2217
f 1977 2217 1959
f 1959 2217 2199
f 1959 2199 1814
f 1814 2199 2053
f 1814 2053 1815
f 1815 2053 2055
f 1815 2055 1813
f 1813 2055 2054
f 1813 2054 1817
f 1817 2054 2057
f 1817 2057 1816
f 1816 2057 2056
f 1816 2056 1819
f 1819 2056 2059
f 1819 2059 1818
f 1818 2059 2058
f 1818 2058 1821
f 1821 2058 2060
f 1821 2060 1822
f 1822 2060 2062
f 1822 2062 1820
f 1820 2062 2061
f 1820 2061 1946
f 1946 2061 2186
f 1946 2186 1967
f 1967 2186 2207
f 1967 2207 1824
f 1824 2207 2063
f 1824 2063 1825
f 1825 2063 2065
f 1825 2065 1823
f 1823 2065 2064
f 1823 2064 1827
f 1827 2064 2067
f 1827 2067 1826
f 1826 2067 2066
f 1826 2066 1829
f 1829 2066 2069
f 1829 2069 1828
f 1828 2069 2068
f 1828 2068 1831
f 1831 2068 2070
f 1831 2070 1832
f 1832 2070 2072
f 1832 2072 1830
f 1830 2072 2071
f 1830 2071 1947
f 1947 2071 2187
f 1947 2187 1960
f 1960 2187 2200
f 1960 2200 1948
f 1948 2200 2188
f 1948 2188 1834
f 1834 2188 2073
f 1834 2073 1835
f 1835 2073 2075
f 1835 2075 1833
f 1833 2075 2074
f 1833 2074 1837
f 1837 2074 2077
f 1837 2077 1836
f 1836 2077 2076
f 1836 2076 1839
f 1839 2076 2078
f 1839 2078 1840
f 1840 2078 2080
f 1840 2080 1838
f 1838 2080 2079
f 1838 2079 2000
f 2000 2079 2240
f 2000 2240 1997
f 1997 2240 2237
f 1997 2237 1995
f 1995 2237 2235
f 1995 2235 1949
f 1949 2235 2189
f 1949 2189 1842
f 1842 2189 2081
f 1842 2081 1843
f 1843 2081 2083
f 1843 2083 1841
f 1841 2083 2082
f 1841 2082 1845
f 1845 2082 2085
f 1845 2085 1844
f 1844 2085 2084
f 1844 2084 1847
f 1847 2084 2087
f 1847 2087 1846
f 1846 2087 2086
f 1846 2086 1968
f 1968 2086 2208
f 1968 2208 1988
f 1988 2208 2228
f 1988 2228 1984
f 1984 2228 2224
f 1984 2224 1978
f 1978 2224 2218
f 1978 2218 1961
f 1961 2218 2201
f 1961 2201 1849
f 1849 2201 2088
f 1849 2088 1850
f 1850 2088 2090
f 1850 2090 1848
f 1848 2090 2089
f 1848 2089 1852
f 1852 2089 2092
f 1852 2092 1851
f 1851 2092 2091
f 1851 2091 1854
f 1854 2091 2094
f 1854 2094 1853
f 1853 2094 2093
f 1853 2093 1856
f 1856 2093 2096
f 1856 2096 1855
f 1855 2096 2095
f 1855 2095 1858
f 1858 2095 2098
f 1858 2098 1857
f 1857 2098 2097
f 1857 2097 1860
f 1860 2097 2100
f 1860 2100 1859
f 1859 2100 2099
f 1859 2099 1862
f 1862 2099 2102
f 1862 2102 1861
f 1861 2102 2101
f 1861 2101 1864
f 1864 2101 2104
f 1864 2104 1863
f 1863 2104 2103
f 1863 2103 1866
f 1866 2103 2106
f 1866 2106 1865
f 1865 2106 2105
f 1865 2105 1868
f 1868 2105 2108
f 1868 2108 1867
f 1867 2108 2107
f 1867 2107 1870
f 1870 2107 2110
f 1870 2110 1869
f 1869 2110 2109
f 1869 2109 1872
f 1872 2109 2112
f 1872 2112 1871
f 1871 2112 2111
f 1871 2111 1962
f 1962 2111 2202
f 1962 2202 1979
f 1979 2202 2219
f 1979 2219 1963
f 1963 2219 2203
f 1963 2203 1950
f 1950 2203 2190
f 1950 2190 1874
f 1874 2190 2113
f 1874 2113 1875
f 1875 2113 2115
f 1875 2115 1873
f 1873 2115 2114
f 1873 2114 1877
f 1877 2114 2117
f 1877 2117 1876
f 1876 2117 2116
f 1876 2116 1879
f 1879 2116 2119
f 1879 2119 1878
f 1878 2119 2118
f 1878 2118 1881
f 1881 2118 2120
f 1881 2120 1882
f 1882 2120 2122
f 1882 2122 1880
f 1880 2122 2121
f 1880 2121 1884
f 1884 2121 2124
f 1884 2124 1883
f 1883 2124 2123
f 1883 2123 1886
f 1886 2123 2125
f 1886 2125 1887
f 1887 2125 2127
f 1887 2127 1885
f 1885 2127 2126
f 1885 2126 1889
f 1889 2126 2129
f 1889 2129 1888
f 1888 2129 2128
f 1888 2128 1891
f 1891 2128 2131
f 1891 2131 1890
f 1890 2131 2130
f 1890 2130 1893
f 1893 2130 2133
f 1893 2133 1892
f 1892 2133 2132
f 1892 2132 1980
f 1980 2132 2220
f 1980 2220 1985
f 1985 2220 2225
f 1985 2225 1991
f 1991 2225 2231
f 1991 2231 1969
f 1969 2231 2209
f 1969 2209 1895
f 1895 2209 2134
f 1895 2134 1896
f 1896 2134 2136
f 1896 2136 1894
f 1894 2136 2135
f 1894 2135 1898
f 1898 2135 2138
f 1898 2138 1897
f 1897 2138 2137
f 1897 2137 1900
f 1900 2137 2140
f 1900 2140 1899
f 1899 2140 2139
f 1899 2139 1951
f 1951 2139 2191
f 1951 2191 1998
f 1998 2191 2238
f 1998 2238 2001
f 2001 2238 2241
f 2001 2241 2003
f 2003 2241 2243
f 2003 2243 2008
f 2008 2243 2248
f 2008 2248 1902
f 1902 2248 2141
f 1902 2141 1903
f 1903 2141 2143
f 1903 2143 1901
f 1901 2143 2142
f 1901 2142 1952
f 1952 2142 2192
f 1952 2192 2007
f 2007 2192 2247
f 2007 2247 1905
f 1905 2247 2144
f 1905 2144 1906
f 1906 2144 2146
f 1906 2146 1904
f 1904 2146 2145
f 1904 2145 2006
f 2006 2145 2246
f 2006 2246 2005
f 2005 2246 2245
f 2005 2245 2004
f 2004 2245 2244
f 2004 2244 1908
f 1908 2244 2147
f 1908 2147 1909
f 1909 2147 2149
f 1909 2149 1907
f 1907 2149 2148
f 1907 2148 1964
f 1964 2148 2204
f 1964 2204 1911
f 1911 2204 2150
f 1911 2150 1912
f 1912 2150 2152
f 1912 2152 1910
f 1910 2152 2151
f 1910 2151 1953
f 1953 2151 2193
f 1953 2193 1992
f 1992 2193 2232
f 1992 2232 1989
f 1989 2232 2229
f 1989 2229 1981
f 1981 2229 2221
f 1981 2221 1970
f 1970 2221 2210
f 1970 2210 1954
f 1954 2210 2194
f 1954 2194 1914
f 1914 2194 2153
f 1914 2153 1915
f 1915 2153 2155
f 1915 2155 1913
f 1913 2155 2154
f 1913 2154 1917
f 1917 2154 2157
f 1917 2157 1916
f 1916 2157 2156
f 1916 2156 1919
f 1919 2156 2159
f 1919 2159 1918
f 1918 2159 2158
f 1918 2158 1921
f 1921 2158 2161
f 1921 2161 1920
f 1920 2161 2160
f 1920 2160 1923
f 1923 2160 2163
f 1923 2163 1922
f 1922 2163 2162
f 1922 2162 1925
f 1925 2162 2165
f 1925 2165 1924
f 1924 2165 2164
f 1924 2164 1955
f 1955 2164 2195
f 1955 2195 1971
f 1971 2195 2211
f 1971 2211 2002
f 2002 2211 2242
f 2002 2242 1999
f 1999 2242 2239
f 1999 2239 1996
f 1996 2239 2236
f 1996 2236 1994
f 1994 2236 2234
f 1994 2234 1993
f 1993 2234 2233
f 1993 2233 1990
f 1990 2233 2230
f 1990 2230 1986
f 1986 2230 2226
f 1986 2226 1972
f 1972 2226 2212
f 1972 2212 1927
f 1927 2212 2166
f 1927 2166 1928
f 1928 2166 2168
f 1928 2168 1926
f 1926 2168 2167
f 1926 2167 1930
f 1930 2167 2170
f 1930 2170 1929
f 1929 2170 2169
f 1929 2169 1932
f 1932 2169 2172
f 1932 2172 1931
f 1931 2172 2171
f 1931 2171 1934
f 1934 2171 2174
f 1934 2174 1933
f 1933 2174 2173
f 1933 2173 1936
f 1936 2173 2176
f 1936 2176 1935
f 1935 2176 2175
f 1935 2175 1938
f 1938 2175 2178
f 1938 2178 1937
f 1937 2178 2177
f 1937 2177 1940
f 1940 2177 2180
f 1940 2180 1939
f 1939 2180 2179
f 1939 2179 1942
f 1942 2179 2182
f 1942 2182 1941
f 1941 2182 2181
f 1941 2181 1770
f 1770 2181 2009
f 1770 2009 1771
f 1771 2009 2011
f 1771 2011 1769
f 1769 2011 2010
o 
v 50.52 0 -0.16
v 50.626 0 -0.07
v 50.572 0 -0.112
v 50.277 0 -0.537
v 50.404 0 -0.315
v 50 0 -1.163
v 50.141 0 -0.821
v 49.71 0 -2
v 49.855 0 -1.557
v 49.542 0 -2.555
v 49.617 0 -2.304
v 49.411 0 -3.025
v 49.476 0 -2.785
v 49.25 0 -3.66
v 49.339 0 -3.306
v 49.003 0 -4.642
v 49.129 0 -4.147
v 49.074 0 -4.362
v 48.831 0 -5.324
v 48.91 0 -5.01
v 48.871 0 -5.161
v 48.729 0 -5.763
v 48.785 0 -5.519
v 48.57 0 -6.47
v 48.659 0 -6.074
v 48.393 0 -7.454
v 48.487 0 -6.891
v 48.184 0 -8.876
v 48.29 0 -8.126
v 47.98 0 -10.48
v 48.079 0 -9.671
v 47.833 0 -11.629
v 47.891 0 -11.179
v 47.861 0 -11.414
v 47.767 0 -12.132
v 47.81 0 -11.81
v 47.787 0 -11.969
v 47.737 0 -12.431
v 47.75 0 -12.289
v 47.72 0 -12.64
v 47.727 0 -12.551
v 47.617 0 -13.526
v 47.663 0 -13.245
v 47.64 0 -13.38
v 47.527 0 -14.076
v 47.589 0 -13.697
v 47.559 0 -13.884
v 47.47 0 -14.44
v 47.497 0 -14.265
v 46.521 0 -19.191
v 46.699 0 -18.552
v 46.54 0 -19.12
v 46.401 0 -19.602
v 46.466 0 -19.381
v 46.434 0 -19.49
v 45.266 0 -22.769
v 45.352 0 -22.576
v 45.31 0 -22.67
v 45.184 0 -22.958
v 45.223 0 -22.866
v 45.036 0 -23.276
v 45.15 0 -23.04
v 45.103 0 -23.133
v 44.857 0 -23.667
v 44.952 0 -23.457
v 44.65 0 -24.13
v 44.755 0 -23.895
v 44.377 0 -24.725
v 44.548 0 -24.352
v 44.456 0 -24.553
v 44.28 0 -24.951
v 44.317 0 -24.86
v 44.266 0 -25.015
v 44.27 0 -24.99
v 43.9 0 -25.823
v 44.118 0 -25.343
v 44.06 0 -25.46
v 43.696 0 -26.321
v 43.78 0 -26.107
v 43.629 0 -26.569
v 43.647 0 -26.473
v 43.838 0 -26.633
v 43.64 0 -26.62
v 45.186 0 -26.645
v 44.37 0 -26.641
v 47.471 0 -26.644
v 46.236 0 -26.646
v 50.436 0 -26.63
v 48.84 0 -26.64
v 56.508 0 -27.071
v 55.848 0 -26.949
v 56.17 0 -27.01
v 57.145 0 -27.161
v 56.837 0 -27.121
v 57.662 0 -27.202
v 57.423 0 -27.189
v 58.38 0 -27.18
v 57.85 0 -27.2
v 58.536 0 -26.195
v 58.48 0 -26.71
v 58.595 0 -24.272
v 58.575 0 -25.326
v 58.574 0 -22.303
v 58.595 0 -23.208
v 58.506 0 -21.588
v 58.53 0 -21.73
v 58.444 0 -21.231
v 58.477 0 -21.418
v 58.26 0 -20.216
v 58.378 0 -20.852
v 58.35 0 -20.68
v 58 0 -19.132
v 58.14 0 -19.685
v 57.713 0 -18.149
v 57.854 0 -18.605
v 57.557 0 -17.722
v 57.59 0 -17.81
v 57.4 0 -17.332
v 57.491 0 -17.559
v 56.744 0 -15.708
v 57.03 0 -16.42
v 56.892 0 -16.071
v 56.452 0 -15.012
v 56.595 0 -15.349
v 56.22 0 -14.48
v 56.324 0 -14.716
v 55.212 0 -12.139
v 55.504 0 -12.856
v 55.36 0 -12.5
v 54.987 0 -11.601
v 55.092 0 -11.848
v 54.783 0 -11.134
v 54.888 0 -11.372
v 53.267 0 -7.226
v 53.36 0 -7.48
v 53.314 0 -7.353
v 53.18 0 -6.998
v 53.221 0 -7.105
v 53.12 0 -6.85
v 53.145 0 -6.911
v 51.123 0 -0.621
v 51.32 0 -1.33
v 51.218 0 -0.941
v 50.947 0 -0.183
v 51.033 0 -0.369
v 50.79 0 0
v 50.867 0 -0.06
v 50.724 0 -0.01
v 50.763 0 0.002
v 50.678 0 -0.035
v 49.212 0 -3.82
v 49.173 0 -3.974
v 47.718 0 -12.729
v 46.37 0 -19.71
v 44.17 0 -25.236
v 55.521 0 -26.887
v 58.41 0 -21.039
v 56.006 0 -14.015
v 54.66 0 -10.86
v 53.559 0 -8.028
v 51.453 0 -1.835
v 47.953 0 -10.699
v 47.923 0 -10.936
v 45.39 0 -22.49
v 44.214 0 -25.143
v 55.208 0 -26.829
v 57.163 0 -16.749
v 55.848 0 -13.669
v 55.619 0 -13.138
v 51.558 0 -2.224
v 47.319 0 -15.433
v 57.289 0 -17.058
v 53.022 0 -6.596
v 47.71 0 -12.841
v 44.247 0 -25.067
v 54.922 0 -26.776
v 54.528 0 -10.546
v 53.806 0 -8.687
v 51.661 0 -2.58
v 47.699 0 -12.969
v 54.681 0 -26.732
v 51.789 0 -2.986
v 54.5 0 -26.7
v 55.726 0 -13.393
v 51.967 0 -3.525
v 47.683 0 -13.106
v 45.555 0 -22.088
v 54.199 0 -26.673
v 52.22 0 -4.28
v 45.733 0 -21.623
v 53.646 0 -26.651
v 52.447 0 -4.954
v 45.914 0 -21.122
v 52.836 0 -26.636
v 54.321 0 -10.026
v 52.633 0 -5.502
v 47.167 0 -16.34
v 46.087 0 -20.617
v 51.767 0 -26.629
v 54.07 0 -9.38
v 52.786 0 -5.944
v 47.013 0 -17.162
v 46.243 0 -20.137
v 52.913 0 -6.301
v 46.857 0 -17.9
v 46.496 0 -19.28
v 50.626 10 -0.07
v 50.52 10 -0.16
v 50.572 10 -0.112
v 50.277 10 -0.537
v 50.404 10 -0.315
v 50 10 -1.163
v 50.141 10 -0.821
v 49.71 10 -2
v 49.855 10 -1.557
v 49.542 10 -2.555
v 49.617 10 -2.304
v 49.411 10 -3.025
v 49.476 10 -2.785
v 49.25 10 -3.66
v 49.339 10 -3.306
v 49.129 10 -4.147
v 49.003 10 -4.642
v 49.074 10 -4.362
v 48.91 10 -5.01
v 48.831 10 -5.324
v 48.871 10 -5.161
v 48.729 10 -5.763
v 48.785 10 -5.519
v 48.57 10 -6.47
v 48.659 10 -6.074
v 48.393 10 -7.454
v 48.487 10 -6.891
v 48.184 10 -8.876
v 48.29 10 -8.126
v 47.98 10 -10.48
v 48.079 10 -9.671
v 47.891 10 -11.179
v 47.833 10 -11.629
v 47.861 10 -11.414
v 47.81 10 -11.81
v 47.767 10 -12.132
v 47.787 10 -11.969
v 47.737 10 -12.431
v 47.75 10 -12.289
v 47.72 10 -12.64
v 47.727 10 -12.551
v 47.663 10 -13.245
v 47.617 10 -13.526
v 47.64 10 -13.38
v 47.589 10 -13.697
v 47.527 10 -14.076
v 47.559 10 -13.884
v 47.47 10 -14.44
v 47.497 10 -14.265
v 46.699 10 -18.552
v 46.521 10 -19.191
v 46.54 10 -19.12
v 46.466 10 -19.381
v 46.401 10 -19.602
v 46.434 10 -19.49
v 45.352 10 -22.576
v 45.266 10 -22.769
v 45.31 10 -22.67
v 45.184 10 -22.958
v 45.223 10 -22.866
v 45.15 10 -23.04
v 45.036 10 -23.276
v 45.103 10 -23.133
v 44.857 10 -23.667
v 44.952 10 -23.457
v 44.65 10 -24.13
v 44.755 10 -23.895
v 44.548 10 -24.352
v 44.377 10 -24.725
v 44.456 10 -24.553
v 44.28 10 -24.951
v 44.317 10 -24.86
v 44.266 10 -25.015
v 44.27 10 -24.99
v 44.118 10 -25.343
v 43.9 10 -25.823
v 44.06 10 -25.46
v 43.696 10 -26.321
v 43.78 10 -26.107
v 43.629 10 -26.569
v 43.647 10 -26.473
v 43.838 10 -26.633
v 43.64 10 -26.62
v 45.186 10 -26.645
v 44.37 10 -26.641
v 47.471 10 -26.644
v 46.236 10 -26.646
v 50.436 10 -26.63
v 48.84 10 -26.64
v 55.848 10 -26.949
v 56.508 10 -27.071
v 56.17 10 -27.01
v 57.145 10 -27.161
v 56.837 10 -27.121
v 57.662 10 -27.202
v 57.423 10 -27.189
v 58.38 10 -27.18
v 57.85 10 -27.2
v 58.536 10 -26.195
v 58.48 10 -26.71
v 58.595 10 -24.272
v 58.575 10 -25.326
v 58.574 10 -22.303
v 58.595 10 -23.208
v 58.506 10 -21.588
v 58.53 10 -21.73
v 58.444 10 -21.231
v 58.477 10 -21.418
v 58.378 10 -20.852
v 58.26 10 -20.216
v 58.35 10 -20.68
v 58 10 -19.132
v 58.14 10 -19.685
v 57.713 10 -18.149
v 57.854 10 -18.605
v 57.557 10 -17.722
v 57.59 10 -17.81
v 57.4 10 -17.332
v 57.491 10 -17.559
v 57.03 10 -16.42
v 56.744 10 -15.708
v 56.892 10 -16.071
v 56.452 10 -15.012
v 56.595 10 -15.349
v 56.22 10 -14.48
v 56.324 10 -14.716
v 55.504 10 -12.856
v 55.212 10 -12.139
v 55.36 10 -12.5
v 54.987 10 -11.601
v 55.092 10 -11.848
v 54.783 10 -11.134
v 54.888 10 -11.372
v 53.36 10 -7.48
v 53.267 10 -7.226
v 53.314 10 -7.353
v 53.18 10 -6.998
v 53.221 10 -7.105
v 53.12 10 -6.85
v 53.145 10 -6.911
v 51.32 10 -1.33
v 51.123 10 -0.621
v 51.218 10 -0.941
v 50.947 10 -0.183
v 51.033 10 -0.369
v 50.79 10 0
v 50.867 10 -0.06
v 50.724 10 -0.01
v 50.763 10 0.002
v 50.678 10 -0.035
v 49.212 10 -3.82
v 49.173 10 -3.974
v 47.718 10 -12.729
v 46.37 10 -19.71
v 44.17 10 -25.236
v 55.521 10 -26.887
v 58.41 10 -21.039
v 56.006 10 -14.015
v 54.66 10 -10.86
v 53.559 10 -8.028
v 51.453 10 -1.835
v 47.953 10 -10.699
v 47.923 10 -10.936
v 45.39 10 -22.49
v 44.214 10 -25.143
v 55.208 10 -26.829
v 57.163 10 -16.749
v 55.848 10 -13.669
v 55.619 10 -13.138
v 51.558 10 -2.224
v 47.319 10 -15.433
v 57.289 10 -17.058
v 53.022 10 -6.596
v 47.71 10 -12.841
v 44.247 10 -25.067
v 54.922 10 -26.776
v 54.528 10 -10.546
v 53.806 10 -8.687
v 51.661 10 -2.58
v 47.699 10 -12.969
v 54.681 10 -26.732
v 51.789 10 -2.986
v 54.5 10 -26.7
v 55.726 10 -13.393
v 51.967 10 -3.525
v 47.683 10 -13.106
v 45.555 10 -22.088
v 54.199 10 -26.673
v 52.22 10 -4.28
v 45.733 10 -21.623
v 53.646 10 -26.651
v 52.447 10 -4.954
v 45.914 10 -21.122
v 52.836 10 -26.636
v 54.321 10 -10.026
v 52.633 10 -5.502
v 47.167 10 -16.34
v 46.087 10 -20.617
v 51.767 10 -26.629
v 54.07 10 -9.38
v 52.786 10 -5.944
v 47.013 10 -17.162
v 46.243 10 -20.137
v 52.913 10 -6.301
v 46.857 10 -17.9
v 46.496 10 -19.28
f 2249 2250 2251
f 2252 2249 2253
f 2254 2252 2255
f 2256 2254 2257
f 2258 2256 2259
f 2260 2258 2261
f 2262 2260 2263
f 2264 2265 2266
f 2267 2268 2269
f 2270 2267 2271
f 2272 2270 2273
f 2274 2272 2275
f 2276 2274 2277
f 2278 2276 2279
f 2280 2281 2282
f 2283 2284 2285
f 2286 2283 2287
f 2288 2286 2289
f 2290 2291 2292
f 2293 2294 2295
f 2296 2293 2297
f 2298 2299 2300
f 2301 2302 2303
f 2304 2305 2306
f 2307 2304 2308
f 2309 2310 2311
f 2312 2309 2313
f 2314 2312 2315
f 2316 2317 2318
f 2319 2316 2320
f 2321 2319 2322
f 2323 2324 2325
f 2326 2323 2327
f 2328 2326 2329
f 2330 2328 2331
f 2332 2330 2333
f 2334 2332 2335
f 2336 2334 2337
f 2338 2339 2340
f 2341 2338 2342
f 2343 2341 2344
f 2345 2343 2346
f 2347 2345 2348
f 2349 2347 2350
f 2351 2349 2352
f 2353 2351 2354
f 2355 2353 2356
f 2357 2358 2359
f 2360 2357 2361
f 2362 2360 2363
f 2364 2362 2365
f 2366 2364 2367
f 2368 2369 2370
f 2371 2368 2372
f 2373 2371 2374
f 2375 2376 2377
f 2378 2375 2379
f 2380 2378 2381
f 2382 2383 2384
f 2385 2382 2386
f 2387 2385 2388
f 2389 2390 2391
f 2392 2389 2393
f 2394 2392 2395
f 2396 2394 2397
f 2250 2396 2398
f 2252 2250 2249
f 2256 2252 2254
f 2260 2256 2258
f 2399 2260 2262
f 2264 2400 2265
f 2270 2268 2267
f 2274 2270 2272
f 2278 2274 2276
f 2284 2281 2280
f 2286 2284 2283
f 2401 2286 2288
f 2294 2291 2290
f 2296 2294 2293
f 2402 2302 2301
f 2307 2305 2304
f 2312 2310 2309
f 2316 2314 2317
f 2321 2316 2319
f 2323 2403 2324
f 2328 2323 2326
f 2332 2328 2330
f 2336 2332 2334
f 2338 2404 2339
f 2343 2338 2341
f 2347 2343 2345
f 2351 2347 2349
f 2355 2351 2353
f 2357 2405 2358
f 2362 2357 2360
f 2366 2362 2364
f 2371 2369 2368
f 2406 2371 2373
f 2378 2376 2375
f 2407 2378 2380
f 2382 2408 2383
f 2387 2382 2385
f 2389 2409 2390
f 2394 2389 2392
f 2250 2394 2396
f 2256 2250 2252
f 2399 2256 2260
f 2268 2400 2264
f 2274 2268 2270
f 2410 2274 2278
f 2284 2411 2281
f 2401 2284 2286
f 2296 2291 2294
f 2307 2412 2305
f 2314 2310 2312
f 2321 2314 2316
f 2323 2413 2403
f 2332 2323 2328
f 2338 2414 2404
f 2347 2338 2343
f 2355 2347 2351
f 2357 2355 2405
f 2366 2357 2362
f 2371 2415 2369
f 2416 2371 2406
f 2378 2417 2376
f 2387 2408 2382
f 2389 2418 2409
f 2250 2389 2394
f 2399 2250 2256
f 2274 2400 2268
f 2411 2274 2410
f 2401 2411 2284
f 2419 2291 2296
f 2310 2412 2307
f 2321 2310 2314
f 2332 2413 2323
f 2347 2414 2338
f 2357 2347 2355
f 2420 2357 2366
f 2371 2420 2415
f 2407 2417 2378
f 2421 2408 2387
f 2250 2418 2389
f 2400 2250 2399
f 2411 2400 2274
f 2422 2411 2401
f 2423 2310 2321
f 2332 2423 2413
f 2347 2424 2414
f 2420 2347 2357
f 2416 2420 2371
f 2425 2417 2407
f 2421 2426 2408
f 2250 2427 2418
f 2411 2250 2400
f 2428 2411 2422
f 2332 2310 2423
f 2347 2429 2424
f 2416 2347 2420
f 2250 2430 2427
f 2428 2250 2411
f 2332 2412 2310
f 2347 2431 2429
f 2432 2347 2416
f 2250 2433 2430
f 2434 2250 2428
f 2332 2435 2412
f 2347 2436 2431
f 2417 2347 2432
f 2250 2437 2433
f 2291 2250 2434
f 2332 2438 2435
f 2347 2439 2436
f 2425 2347 2417
f 2250 2440 2437
f 2419 2250 2291
f 2332 2441 2438
f 2347 2442 2439
f 2443 2347 2425
f 2250 2444 2440
f 2445 2250 2419
f 2332 2446 2441
f 2347 2447 2442
f 2448 2347 2443
f 2250 2449 2444
f 2450 2250 2445
f 2332 2451 2446
f 2347 2336 2447
f 2426 2347 2448
f 2250 2452 2449
f 2453 2250 2450
f 2332 2402 2451
f 2347 2332 2336
f 2421 2347 2426
f 2453 2452 2250
f 2332 2302 2402
f 2421 2332 2347
f 2453 2421 2452
f 2332 2454 2302
f 2453 2332 2421
f 2332 2298 2454
f 2299 2332 2453
f 2332 2299 2298
f 2455 2456 2457
f 2456 2458 2459
f 2458 2460 2461
f 2460 2462 2463
f 2462 2464 2465
f 2464 2466 2467
f 2466 2468 2469
f 2470 2471 2472
f 2473 2474 2475
f 2474 2476 2477
f 2476 2478 2479
f 2478 2480 2481
f 2480 2482 2483
f 2482 2484 2485
f 2486 2487 2488
f 2489 2490 2491
f 2490 2492 2493
f 2492 2494 2495
f 2496 2497 2498
f 2499 2500 2501
f 2500 2502 2503
f 2504 2505 2506
f 2507 2508 2509
f 2510 2511 2512
f 2511 2513 2514
f 2515 2516 2517
f 2516 2518 2519
f 2518 2520 2521
f 2522 2523 2524
f 2523 2525 2526
f 2525 2527 2528
f 2529 2530 2531
f 2530 2532 2533
f 2532 2534 2535
f 2534 2536 2537
f 2536 2538 2539
f 2538 2540 2541
f 2540 2542 2543
f 2544 2545 2546
f 2545 2547 2548
f 2547 2549 2550
f 2549 2551 2552
f 2551 2553 2554
f 2553 2555 2556
f 2555 2557 2558
f 2557 2559 2560
f 2559 2561 2562
f 2563 2564 2565
f 2564 2566 2567
f 2566 2568 2569
f 2568 2570 2571
f 2570 2572 2573
f 2574 2575 2576
f 2575 2577 2578
f 2577 2579 2580
f 2581 2582 2583
f 2582 2584 2585
f 2584 2586 2587
f 2588 2589 2590
f 2589 2591 2592
f 2591 2593 2594
f 2595 2596 2597
f 2596 2598 2599
f 2598 2600 2601
f 2600 2602 2603
f 2602 2455 2604
f 2455 2458 2456
f 2458 2462 2460
f 2462 2466 2464
f 2466 2605 2468
f 2606 2471 2470
f 2473 2476 2474
f 2476 2480 2478
f 2480 2484 2482
f 2486 2489 2487
f 2489 2492 2490
f 2492 2607 2494
f 2496 2499 2497
f 2499 2502 2500
f 2507 2608 2508
f 2510 2513 2511
f 2515 2518 2516
f 2520 2523 2522
f 2523 2527 2525
f 2609 2530 2529
f 2530 2534 2532
f 2534 2538 2536
f 2538 2542 2540
f 2610 2545 2544
f 2545 2549 2547
f 2549 2553 2551
f 2553 2557 2555
f 2557 2561 2559
f 2611 2564 2563
f 2564 2568 2566
f 2568 2572 2570
f 2574 2577 2575
f 2577 2612 2579
f 2581 2584 2582
f 2584 2613 2586
f 2614 2589 2588
f 2589 2593 2591
f 2615 2596 2595
f 2596 2600 2598
f 2600 2455 2602
f 2455 2462 2458
f 2462 2605 2466
f 2606 2473 2471
f 2473 2480 2476
f 2480 2616 2484
f 2617 2489 2486
f 2489 2607 2492
f 2496 2502 2499
f 2618 2513 2510
f 2515 2520 2518
f 2520 2527 2523
f 2619 2530 2609
f 2530 2538 2534
f 2620 2545 2610
f 2545 2553 2549
f 2553 2561 2557
f 2561 2564 2611
f 2564 2572 2568
f 2621 2577 2574
f 2577 2622 2612
f 2623 2584 2581
f 2614 2593 2589
f 2624 2596 2615
f 2596 2455 2600
f 2455 2605 2462
f 2606 2480 2473
f 2480 2617 2616
f 2617 2607 2489
f 2496 2625 2502
f 2618 2515 2513
f 2515 2527 2520
f 2619 2538 2530
f 2620 2553 2545
f 2553 2564 2561
f 2564 2626 2572
f 2626 2577 2621
f 2623 2613 2584
f 2614 2627 2593
f 2624 2455 2596
f 2455 2606 2605
f 2606 2617 2480
f 2617 2628 2607
f 2515 2629 2527
f 2629 2538 2619
f 2630 2553 2620
f 2553 2626 2564
f 2626 2622 2577
f 2623 2631 2613
f 2632 2627 2614
f 2633 2455 2624
f 2455 2617 2606
f 2617 2634 2628
f 2515 2538 2629
f 2635 2553 2630
f 2553 2622 2626
f 2636 2455 2633
f 2455 2634 2617
f 2618 2538 2515
f 2637 2553 2635
f 2553 2638 2622
f 2639 2455 2636
f 2455 2640 2634
f 2641 2538 2618
f 2642 2553 2637
f 2553 2623 2638
f 2643 2455 2639
f 2455 2496 2640
f 2644 2538 2641
f 2645 2553 2642
f 2553 2631 2623
f 2646 2455 2643
f 2455 2625 2496
f 2647 2538 2644
f 2648 2553 2645
f 2553 2649 2631
f 2650 2455 2646
f 2455 2651 2625
f 2652 2538 2647
f 2653 2553 2648
f 2553 2654 2649
f 2655 2455 2650
f 2455 2656 2651
f 2657 2538 2652
f 2542 2553 2653
f 2553 2632 2654
f 2658 2455 2655
f 2455 2659 2656
f 2608 2538 2657
f 2538 2553 2542
f 2553 2627 2632
f 2658 2659 2455
f 2507 2538 2608
f 2538 2627 2553
f 2627 2659 2658
f 2660 2538 2507
f 2538 2659 2627
f 2505 2538 2660
f 2538 2504 2659
f 2504 2538 2505
f 2249 2456 2253
f 2253 2456 2459
f 2253 2459 2252
f 2252 2459 2458
f 2252 2458 2255
f 2255 2458 2461
f 2255 2461 2254
f 2254 2461 2460
f 2254 2460 2257
f 2257 2460 2463
f 2257 2463 2256
f 2256 2463 2462
f 2256 2462 2259
f 2259 2462 2465
f 2259 2465 2258
f 2258 2465 2464
f 2258 2464 2261
f 2261 2464 2467
f 2261 2467 2260
f 2260 2467 2466
f 2260 2466 2263
f 2263 2466 2469
f 2263 2469 2262
f 2262 2469 2468
f 2262 2468 2399
f 2399 2468 2605
f 2399 2605 2400
f 2400 2605 2606
f 2400 2606 2265
f 2265 2606 2470
f 2265 2470 2266
f 2266 2470 2472
f 2266 2472 2264
f 2264 2472 2471
f 2264 2471 2268
f 2268 2471 2473
f 2268 2473 2269
f 2269 2473 2475
f 2269 2475 2267
f 2267 2475 2474
f 2267 2474 2271
f 2271 2474 2477
f 2271 2477 2270
f 2270 2477 2476
f 2270 2476 2273
f 2273 2476 2479
f 2273 2479 2272
f 2272 2479 2478
f 2272 2478 2275
f 2275 2478 2481
f 2275 2481 2274
f 2274 2481 2480
f 2274 2480 2277
f 2277 2480 2483
f 2277 2483 2276
f 2276 2483 2482
f 2276 2482 2279
f 2279 2482 2485
f 2279 2485 2278
f 2278 2485 2484
f 2278 2484 2410
f 2410 2484 2616
f 2410 2616 2411
f 2411 2616 2617
f 2411 2617 2281
f 2281 2617 2486
f 2281 2486 2282
f 2282 2486 2488
f 2282 2488 2280
f 2280 2488 2487
f 2280 2487 2284
f 2284 2487 2489
f 2284 2489 2285
f 2285 2489 2491
f 2285 2491 2283
f 2283 2491 2490
f 2283 2490 2287
f 2287 2490 2493
f 2287 2493 2286
f 2286 2493 2492
f 2286 2492 2289
f 2289 2492 2495
f 2289 2495 2288
f 2288 2495 2494
f 2288 2494 2401
f 2401 2494 2607
f 2401 2607 2422
f 2422 2607 2628
f 2422 2628 2428
f 2428 2628 2634
f 2428 2634 2434
f 2434 2634 2640
f 2434 2640 2291
f 2291 2640 2496
f 2291 2496 2292
f 2292 2496 2498
f 2292 2498 2290
f 2290 2498 2497
f 2290 2497 2294
f 2294 2497 2499
f 2294 2499 2295
f 2295 2499 2501
f 2295 2501 2293
f 2293 2501 2500
f 2293 2500 2297
f 2297 2500 2503
f 2297 2503 2296
f 2296 2503 2502
f 2296 2502 2419
f 2419 2502 2625
f 2419 2625 2445
f 2445 2625 2651
f 2445 2651 2450
f 2450 2651 2656
f 2450 2656 2453
f 2453 2656 2659
f 2453 2659 2299
f 2299 2659 2504
f 2299 2504 2300
f 2300 2504 2506
f 2300 2506 2298
f 2298 2506 2505
f 2298 2505 2454
f 2454 2505 2660
f 2454 2660 2302
f 2302 2660 2507
f 2302 2507 2303
f 2303 2507 2509
f 2303 2509 2301
f 2301 2509 2508
f 2301 2508 2402
f 2402 2508 2608
f 2402 2608 2451
f 2451 2608 2657
f 2451 2657 2446
f 2446 2657 2652
f 2446 2652 2441
f 2441 2652 2647
f 2441 2647 2438
f 2438 2647 2644
f 2438 2644 2435
f 2435 2644 2641
f 2435 2641 2412
f 2412 2641 2618
f 2412 2618 2305
f 2305 2618 2510
f 2305 2510 2306
f 2306 2510 2512
f 2306 2512 2304
f 2304 2512 2511
f 2304 2511 2308
f 2308 2511 2514
f 2308 2514 2307
f 2307 2514 2513
f 2307 2513 2310
f 2310 2513 2515
f 2310 2515 2311
f 2311 2515 2517
f 2311 2517 2309
f 2309 2517 2516
f 2309 2516 2313
f 2313 2516 2519
f 2313 2519 2312
f 2312 2519 2518
f 2312 2518 2315
f 2315 2518 2521
f 2315 2521 2314
f 2314 2521 2520
f 2314 2520 2317
f 2317 2520 2522
f 2317 2522 2318
f 2318 2522 2524
f 2318 2524 2316
f 2316 2524 2523
f 2316 2523 2320
f 2320 2523 2526
f 2320 2526 2319
f 2319 2526 2525
f 2319 2525 2322
f 2322 2525 2528
f 2322 2528 2321
f 2321 2528 2527
f 2321 2527 2423
f 2423 2527 2629
f 2423 2629 2413
f 2413 2629 2619
f 2413 2619 2403
f 2403 2619 2609
f 2403 2609 2324
f 2324 2609 2529
f 2324 2529 2325
f 2325 2529 2531
f 2325 2531 2323
f 2323 2531 2530
f 2323 2530 2327
f 2327 2530 2533
f 2327 2533 2326
f 2326 2533 2532
f 2326 2532 2329
f 2329 2532 2535
f 2329 2535 2328
f 2328 2535 2534
f 2328 2534 2331
f 2331 2534 2537
f 2331 2537 2330
f 2330 2537 2536
f 2330 2536 2333
f 2333 2536 2539
f 2333 2539 2332
f 2332 2539 2538
f 2332 2538 2335
f 2335 2538 2541
f 2335 2541 2334
f 2334 2541 2540
f 2334 2540 2337
f 2337 2540 2543
f 2337 2543 2336
f 2336 2543 2542
f 2336 2542 2447
f 2447 2542 2653
f 2447 2653 2442
f 2442 2653 2648
f 2442 2648 2439
f 2439 2648 2645
f 2439 2645 2436
f 2436 2645 2642
f 2436 2642 2431
f 2431 2642 2637
f 2431 2637 2429
f 2429 2637 2635
f 2429 2635 2424
f 2424 2635 2630
f 2424 2630 2414
f 2414 2630 2620
f 2414 2620 2404
f 2404 2620 2610
f 2404 2610 2339
f 2339 2610 2544
f 2339 2544 2340
f 2340 2544 2546
f 2340 2546 2338
f 2338 2546 2545
f 2338 2545 2342
f 2342 2545 2548
f 2342 2548 2341
f 2341 2548 2547
f 2341 2547 2344
f 2344 2547 2550
f 2344 2550 2343
f 2343 2550 2549
f 2343 2549 2346
f 2346 2549 2552
f 2346 2552 2345
f 2345 2552 2551
f 2345 2551 2348
f 2348 2551 2554
f 2348 2554 2347
f 2347 2554 2553
f 2347 2553 2350
f 2350 2553 2556
f 2350 2556 2349
f 2349 2556 2555
f 2349 2555 2352
f 2352 2555 2558
f 2352 2558 2351
f 2351 2558 2557
f 2351 2557 2354
f 2354 2557 2560
f 2354 2560 2353
f 2353 2560 2559
f 2353 2559 2356
f 2356 2559 2562
f 2356 2562 2355
f 2355 2562 2561
f 2355 2561 2405
f 2405 2561 2611
f 2405 2611 2358
f 2358 2611 2563
f 2358 2563 2359
f 2359 2563 2565
f 2359 2565 2357
f 2357 2565 2564
f 2357 2564 2361
f 2361 2564 2567
f 2361 2567 2360
f 2360 2567 2566
f 2360 2566 2363
f 2363 2566 2569
f 2363 2569 2362
f 2362 2569 2568
f 2362 2568 2365
f 2365 2568 2571
f 2365 2571 2364
f 2364 2571 2570
f 2364 2570 2367
f 2367 2570 2573
f 2367 2573 2366
f 2366 2573 2572
f 2366 2572 2420
f 2420 2572 2626
f 2420 2626 2415
f 2415 2626 2621
f 2415 2621 2369
f 2369 2621 2574
f 2369 2574 2370
f 2370 2574 2576
f 2370 2576 2368
f 2368 2576 2575
f 2368 2575 2372
f 2372 2575 2578
f 2372 2578 2371
f 2371 2578 2577
f 2371 2577 2374
f 2374 2577 2580
f 2374 2580 2373
f 2373 2580 2579
f 2373 2579 2406
f 2406 2579 2612
f 2406 2612 2416
f 2416 2612 2622
f 2416 2622 2432
f 2432 2622 2638
f 2432 2638 2417
f 2417 2638 2623
f 2417 2623 2376
f 2376 2623 2581
f 2376 2581 2377
f 2377 2581 2583
f 2377 2583 2375
f 2375 2583 2582
f 2375 2582 2379
f 2379 2582 2585
f 2379 2585 2378
f 2378 2585 2584
f 2378 2584 2381
f 2381 2584 2587
f 2381 2587 2380
f 2380 2587 2586
f 2380 2586 2407
f 2407 2586 2613
f 2407 2613 2425
f 2425 2613 2631
f 2425 2631 2443
f 2443 2631 2649
f 2443 2649 2448
f 2448 2649 2654
f 2448 2654 2426
f 2426 2654 2632
f 2426 2632 2408
f 2408 2632 2614
f 2408 2614 2383
f 2383 2614 2588
f 2383 2588 2384
f 2384 2588 2590
f 2384 2590 2382
f 2382 2590 2589
f 2382 2589 2386
f 2386 2589 2592
f 2386 2592 2385
f 2385 2592 2591
f 2385 2591 2388
f 2388 2591 2594
f 2388 2594 2387
f 2387 2594 2593
f 2387 2593 2421
f 2421 2593 2627
f 2421 2627 2452
f 2452 2627 2658
f 2452 2658 2449
f 2449 2658 2655
f 2449 2655 2444
f 2444 2655 2650
f 2444 2650 2440
f 2440 2650 2646
f 2440 2646 2437
f 2437 2646 2643
f 2437 2643 2433
f 2433 2643 2639
f 2433 2639 2430
f 2430 2639 2636
f 2430 2636 2427
f 2427 2636 2633
f 2427 2633 2418
f 2418 2633 2624
f 2418 2624 2409
f 2409 2624 2615
f 2409 2615 2390
f 2390 2615 2595
f 2390 2595 2391
f 2391 2595 2597
f 2391 2597 2389
f 2389 2597 2596
f 2389 2596 2393
f 2393 2596 2599
f 2393 2599 2392
f 2392 2599 2598
f 2392 2598 2395
f 2395 2598 2601
f 2395 2601 2394
f 2394 2601 2600
f 2394 2600 2397
f 2397 2600 2603
f 2397 2603 2396
f 2396 2603 2602
f 2396 2602 2398
f 2398 2602 2604
f 2398 2604 2250
f 2250 2604 2455
f 2250 2455 2251
f 2251 2455 2457
f 2251 2457 2249
f 2249 2457 2456
o 
v 15.17 0 -14.34
v 15.185 0 -14.244
v 15.174 0 -14.288
v 15.881 0 -15.948
v 15.361 0 -14.914
v 17.592 0 -18.856
v 16.651 0 -17.306
v 19.67 0 -21.99
v 18.625 0 -20.462
v 20.581 0 -23.272
v 20.304 0 -22.88
v 20.41 0 -23.03
v 21.016 0 -23.874
v 20.786 0 -23.558
v 21.508 0 -24.539
v 21.26 0 -24.206
v 24.353 0 -28.441
v 24.12 0 -28.1
v 24.239 0 -28.279
v 24.541 0 -28.692
v 24.455 0 -28.581
v 24.64 0 -28.8
v 24.604 0 -28.767
v 24.709 0 -28.953
v 24.698 0 -28.895
v 24.7 0 -28.92
v 24.771 0 -29.079
v 24.733 0 -29.007
v 24.877 0 -29.255
v 24.82 0 -29.163
v 27.36 0 -34.304
v 27.31 0 -34.18
v 27.33 0 -34.234
v 27.434 0 -34.47
v 27.395 0 -34.384
v 28.2 0 -36.295
v 27.899 0 -35.574
v 28 0 -35.82
v 28.603 0 -37.159
v 28.404 0 -36.748
v 28.945 0 -37.779
v 28.786 0 -37.509
v 29.128 0 -38.006
v 29.07 0 -37.95
v 29.243 0 -38.02
v 29.181 0 -38.032
v 29.444 0 -37.86
v 29.326 0 -37.965
v 29.738 0 -37.571
v 29.61 0 -37.7
v 30.044 0 -37.229
v 29.885 0 -37.41
v 30.36 0 -36.843
v 30.205 0 -37.036
v 39.681 0 -28.254
v 39.48 0 -28.4
v 39.586 0 -28.326
v 39.825 0 -28.133
v 39.763 0 -28.189
v 39.88 0 -28.06
v 39.866 0 -28.089
v 39.208 0 -27.142
v 39.694 0 -27.739
v 37.772 0 -25.588
v 38.531 0 -26.386
v 36.44 0 -24.33
v 37.039 0 -24.864
v 35.951 0 -23.926
v 36.199 0 -24.131
v 36.072 0 -24.026
v 35.75 0 -23.76
v 35.841 0 -23.835
v 35.025 0 -23.194
v 35.434 0 -23.499
v 34.091 0 -22.563
v 34.564 0 -22.872
v 33.28 0 -22.09
v 33.65 0 -22.293
v 32.849 0 -21.878
v 33.085 0 -21.991
v 32.311 0 -21.635
v 32.586 0 -21.757
v 31.78 0 -21.41
v 32.038 0 -21.517
v 30.517 0 -20.884
v 30.709 0 -20.967
v 30.6 0 -20.92
v 30.344 0 -20.813
v 30.43 0 -20.848
v 30.089 0 -20.702
v 30.194 0 -20.747
v 30.14 0 -20.72
v 29.665 0 -20.536
v 29.824 0 -20.596
v 29.76 0 -20.57
v 28.781 0 -20.199
v 29.301 0 -20.397
v 29.055 0 -20.303
v 28.204 0 -19.985
v 28.49 0 -20.09
v 27.157 0 -19.585
v 27.336 0 -19.654
v 27.25 0 -19.62
v 26.387 0 -19.276
v 26.656 0 -19.385
v 26.45 0 -19.3
v 25.71 0 -18.993
v 25.96 0 -19.1
v 25.856 0 -19.055
v 25.333 0 -18.834
v 25.532 0 -18.918
v 24.91 0 -18.66
v 25.122 0 -18.747
v 22.715 0 -17.697
v 23.262 0 -17.946
v 22.86 0 -17.76
v 22.471 0 -17.591
v 22.584 0 -17.64
v 22.324 0 -17.529
v 22.383 0 -17.553
v 16.456 0 -14.681
v 17.57 0 -15.23
v 16.988 0 -14.941
v 15.634 0 -14.292
v 15.998 0 -14.461
v 15.28 0 -14.15
v 15.387 0 -14.185
v 15.225 0 -14.179
v 15.251 0 -14.16
v 15.203 0 -14.207
v 20.183 0 -22.707
v 24.655 0 -28.812
v 24.94 0 -29.35
v 27.258 0 -34.045
v 27.473 0 -34.557
v 27.8 0 -35.332
v 39.063 0 -28.697
v 36.324 0 -24.234
v 30.264 0 -20.779
v 29.892 0 -20.624
v 29.509 0 -20.477
v 27.487 0 -19.713
v 26.82 0 -19.452
v 26.044 0 -19.136
v 22.3 0 -17.52
v 18.722 0 -15.799
v 23.858 0 -27.729
v 24.691 0 -28.871
v 25.191 0 -29.746
v 27.706 0 -35.106
v 31.534 0 -21.309
v 30.028 0 -20.679
v 29.961 0 -20.652
v 27.06 0 -19.548
v 26.31 0 -19.246
v 23.605 0 -18.102
v 20.051 0 -22.521
v 27.187 0 -33.871
v 30.5 0 -36.66
v 38.482 0 -29.114
v 26.951 0 -19.505
v 26.134 0 -19.174
v 19.814 0 -16.335
v 19.788 0 -22.152
v 19.917 0 -22.333
v 23.483 0 -27.209
v 24.681 0 -28.849
v 27.51 0 -34.64
v 27.624 0 -34.908
v 31.457 0 -35.441
v 37.826 0 -29.588
v 27.933 0 -19.884
v 26.224 0 -19.211
v 24.541 0 -18.507
v 22.09 0 -17.43
v 20.782 0 -16.806
v 21.75 0 -24.86
v 23.04 0 -26.6
v 25.474 0 -30.236
v 27.094 0 -33.649
v 27.557 0 -34.749
v 32.41 0 -34.321
v 37.184 0 -30.053
v 31.292 0 -21.21
v 23.915 0 -18.24
v 22.128 0 -25.364
v 24.669 0 -28.829
v 36.646 0 -30.445
v 31.066 0 -21.116
v 30.868 0 -21.034
v 21.563 0 -17.182
v 22.573 0 -25.964
v 36.3 0 -30.7
v 26.973 0 -33.365
v 27.69 0 -19.791
v 26.82 0 -33.009
v 35.306 0 -31.489
v 24.219 0 -18.371
v 26.63 0 -32.57
v 34.33 0 -32.352
v 26.367 0 -31.986
v 33.366 0 -33.294
v 26.076 0 -31.384
v 25.774 0 -30.791
v 15.185 10 -14.244
v 15.17 10 -14.34
v 15.174 10 -14.288
v 15.881 10 -15.948
v 15.361 10 -14.914
v 17.592 10 -18.856
v 16.651 10 -17.306
v 19.67 10 -21.99
v 18.625 10 -20.462
v 20.304 10 -22.88
v 20.581 10 -23.272
v 20.41 10 -23.03
v 21.016 10 -23.874
v 20.786 10 -23.558
v 21.508 10 -24.539
v 21.26 10 -24.206
v 24.12 10 -28.1
v 24.353 10 -28.441
v 24.239 10 -28.279
v 24.541 10 -28.692
v 24.455 10 -28.581
v 24.64 10 -28.8
v 24.604 10 -28.767
v 24.698 10 -28.895
v 24.709 10 -28.953
v 24.7 10 -28.92
v 24.771 10 -29.079
v 24.733 10 -29.007
v 24.877 10 -29.255
v 24.82 10 -29.163
v 27.31 10 -34.18
v 27.36 10 -34.304
v 27.33 10 -34.234
v 27.434 10 -34.47
v 27.395 10 -34.384
v 27.899 10 -35.574
v 28.2 10 -36.295
v 28 10 -35.82
v 28.603 10 -37.159
v 28.404 10 -36.748
v 28.945 10 -37.779
v 28.786 10 -37.509
v 29.128 10 -38.006
v 29.07 10 -37.95
v 29.243 10 -38.02
v 29.181 10 -38.032
v 29.444 10 -37.86
v 29.326 10 -37.965
v 29.738 10 -37.571
v 29.61 10 -37.7
v 30.044 10 -37.229
v 29.885 10 -37.41
v 30.36 10 -36.843
v 30.205 10 -37.036
v 39.48 10 -28.4
v 39.681 10 -28.254
v 39.586 10 -28.326
v 39.825 10 -28.133
v 39.763 10 -28.189
v 39.88 10 -28.06
v 39.866 10 -28.089
v 39.208 10 -27.142
v 39.694 10 -27.739
v 37.772 10 -25.588
v 38.531 10 -26.386
v 36.44 10 -24.33
v 37.039 10 -24.864
v 36.199 10 -24.131
v 35.951 10 -23.926
v 36.072 10 -24.026
v 35.75 10 -23.76
v 35.841 10 -23.835
v 35.025 10 -23.194
v 35.434 10 -23.499
v 34.091 10 -22.563
v 34.564 10 -22.872
v 33.28 10 -22.09
v 33.65 10 -22.293
v 32.849 10 -21.878
v 33.085 10 -21.991
v 32.311 10 -21.635
v 32.586 10 -21.757
v 31.78 10 -21.41
v 32.038 10 -21.517
v 30.709 10 -20.967
v 30.517 10 -20.884
v 30.6 10 -20.92
v 30.344 10 -20.813
v 30.43 10 -20.848
v 30.194 10 -20.747
v 30.089 10 -20.702
v 30.14 10 -20.72
v 29.824 10 -20.596
v 29.665 10 -20.536
v 29.76 10 -20.57
v 29.301 10 -20.397
v 28.781 10 -20.199
v 29.055 10 -20.303
v 28.204 10 -19.985
v 28.49 10 -20.09
v 27.336 10 -19.654
v 27.157 10 -19.585
v 27.25 10 -19.62
v 26.656 10 -19.385
v 26.387 10 -19.276
v 26.45 10 -19.3
v 25.96 10 -19.1
v 25.71 10 -18.993
v 25.856 10 -19.055
v 25.333 10 -18.834
v 25.532 10 -18.918
v 24.91 10 -18.66
v 25.122 10 -18.747
v 23.262 10 -17.946
v 22.715 10 -17.697
v 22.86 10 -17.76
v 22.471 10 -17.591
v 22.584 10 -17.64
v 22.324 10 -17.529
v 22.383 10 -17.553
v 17.57 10 -15.23
v 16.456 10 -14.681
v 16.988 10 -14.941
v 15.634 10 -14.292
v 15.998 10 -14.461
v 15.28 10 -14.15
v 15.387 10 -14.185
v 15.225 10 -14.179
v 15.251 10 -14.16
v 15.203 10 -14.207
v 20.183 10 -22.707
v 24.655 10 -28.812
v 24.94 10 -29.35
v 27.258 10 -34.045
v 27.473 10 -34.557
v 27.8 10 -35.332
v 39.063 10 -28.697
v 36.324 10 -24.234
v 30.264 10 -20.779
v 29.892 10 -20.624
v 29.509 10 -20.477
v 27.487 10 -19.713
v 26.82 10 -19.452
v 26.044 10 -19.136
v 22.3 10 -17.52
v 18.722 10 -15.799
v 23.858 10 -27.729
v 24.691 10 -28.871
v 25.191 10 -29.746
v 27.706 10 -35.106
v 31.534 10 -21.309
v 30.028 10 -20.679
v 29.961 10 -20.652
v 27.06 10 -19.548
v 26.31 10 -19.246
v 23.605 10 -18.102
v 20.051 10 -22.521
v 27.187 10 -33.871
v 30.5 10 -36.66
v 38.482 10 -29.114
v 26.951 10 -19.505
v 26.134 10 -19.174
v 19.814 10 -16.335
v 19.788 10 -22.152
v 19.917 10 -22.333
v 23.483 10 -27.209
v 24.681 10 -28.849
v 27.51 10 -34.64
v 27.624 10 -34.908
v 31.457 10 -35.441
v 37.826 10 -29.588
v 27.933 10 -19.884
v 26.224 10 -19.211
v 24.541 10 -18.507
v 22.09 10 -17.43
v 20.782 10 -16.806
v 21.75 10 -24.86
v 23.04 10 -26.6
v 25.474 10 -30.236
v 27.094 10 -33.649
v 27.557 10 -34.749
v 32.41 10 -34.321
v 37.184 10 -30.053
v 31.292 10 -21.21
v 23.915 10 -18.24
v 22.128 10 -25.364
v 24.669 10 -28.829
v 36.646 10 -30.445
v 31.066 10 -21.116
v 30.868 10 -21.034
v 21.563 10 -17.182
v 22.573 10 -25.964
v 36.3 10 -30.7
v 26.973 10 -33.365
v 27.69 10 -19.791
v 26.82 10 -33.009
v 35.306 10 -31.489
v 24.219 10 -18.371
v 26.63 10 -32.57
v 34.33 10 -32.352
v 26.367 10 -31.986
v 33.366 10 -33.294
v 26.076 10 -31.384
v 25.774 10 -30.791
f 2661 2662 2663
f 2664 2661 2665
f 2666 2664 2667
f 2668 2666 2669
f 2670 2671 2672
f 2673 2670 2674
f 2675 2673 2676
f 2677 2678 2679
f 2680 2677 2681
f 2682 2680 2683
f 2684 2685 2686
f 2687 2684 2688
f 2689 2687 2690
f 2691 2692 2693
f 2694 2691 2695
f 2696 2697 2698
f 2699 2696 2700
f 2701 2699 2702
f 2703 2701 2704
f 2705 2703 2706
f 2707 2705 2708
f 2709 2707 2710
f 2711 2709 2712
f 2713 2711 2714
f 2715 2716 2717
f 2718 2715 2719
f 2720 2718 2721
f 2722 2720 2723
f 2724 2722 2725
f 2726 2724 2727
f 2728 2729 2730
f 2731 2728 2732
f 2733 2731 2734
f 2735 2733 2736
f 2737 2735 2738
f 2739 2737 2740
f 2741 2739 2742
f 2743 2741 2744
f 2745 2746 2747
f 2748 2745 2749
f 2750 2751 2752
f 2753 2754 2755
f 2756 2757 2758
f 2759 2756 2760
f 2761 2762 2763
f 2764 2765 2766
f 2767 2768 2769
f 2770 2767 2771
f 2772 2770 2773
f 2774 2775 2776
f 2777 2774 2778
f 2779 2777 2780
f 2781 2782 2783
f 2784 2781 2785
f 2786 2784 2787
f 2788 2786 2789
f 2662 2788 2790
f 2664 2662 2661
f 2668 2664 2666
f 2670 2791 2671
f 2675 2670 2673
f 2680 2678 2677
f 2792 2680 2682
f 2687 2685 2684
f 2793 2687 2689
f 2691 2794 2692
f 2795 2691 2694
f 2696 2796 2697
f 2701 2696 2699
f 2705 2701 2703
f 2709 2705 2707
f 2713 2709 2711
f 2715 2797 2716
f 2720 2715 2718
f 2724 2720 2722
f 2798 2724 2726
f 2731 2729 2728
f 2735 2731 2733
f 2739 2735 2737
f 2743 2739 2741
f 2748 2746 2745
f 2750 2799 2751
f 2753 2800 2754
f 2756 2801 2757
f 2761 2802 2762
f 2764 2803 2765
f 2767 2804 2768
f 2772 2767 2770
f 2777 2775 2774
f 2805 2777 2779
f 2781 2806 2782
f 2786 2781 2784
f 2662 2786 2788
f 2668 2662 2664
f 2675 2791 2670
f 2680 2807 2678
f 2687 2808 2685
f 2809 2687 2793
f 2795 2794 2691
f 2696 2810 2796
f 2705 2696 2701
f 2713 2705 2709
f 2720 2797 2715
f 2798 2720 2724
f 2731 2798 2729
f 2739 2731 2735
f 2811 2739 2743
f 2812 2799 2750
f 2753 2813 2800
f 2759 2801 2756
f 2814 2802 2761
f 2815 2803 2764
f 2772 2804 2767
f 2777 2816 2775
f 2786 2806 2781
f 2668 2786 2662
f 2675 2817 2791
f 2792 2807 2680
f 2809 2808 2687
f 2795 2818 2794
f 2705 2810 2696
f 2819 2705 2713
f 2720 2820 2797
f 2731 2720 2798
f 2811 2731 2739
f 2812 2748 2799
f 2753 2812 2813
f 2759 2753 2801
f 2815 2821 2803
f 2772 2822 2804
f 2805 2816 2777
f 2786 2823 2806
f 2824 2786 2668
f 2675 2825 2817
f 2792 2826 2807
f 2809 2827 2808
f 2828 2818 2795
f 2705 2829 2810
f 2830 2705 2819
f 2720 2831 2820
f 2811 2720 2731
f 2753 2748 2812
f 2832 2753 2759
f 2833 2821 2815
f 2834 2822 2772
f 2835 2816 2805
f 2786 2836 2823
f 2825 2786 2824
f 2837 2825 2675
f 2792 2838 2826
f 2839 2827 2809
f 2828 2840 2818
f 2705 2841 2829
f 2842 2705 2830
f 2720 2843 2831
f 2844 2720 2811
f 2753 2746 2748
f 2835 2845 2816
f 2825 2836 2786
f 2846 2825 2837
f 2847 2838 2792
f 2841 2840 2828
f 2842 2841 2705
f 2720 2848 2843
f 2849 2720 2844
f 2753 2850 2746
f 2825 2851 2836
f 2852 2825 2846
f 2842 2840 2841
f 2720 2853 2848
f 2850 2720 2849
f 2832 2850 2753
f 2825 2835 2851
f 2838 2825 2852
f 2842 2854 2840
f 2850 2853 2720
f 2855 2850 2832
f 2825 2845 2835
f 2842 2856 2854
f 2850 2857 2853
f 2802 2850 2855
f 2825 2858 2845
f 2842 2859 2856
f 2850 2860 2857
f 2814 2850 2802
f 2825 2834 2858
f 2842 2861 2859
f 2850 2862 2860
f 2825 2822 2834
f 2842 2863 2861
f 2850 2842 2862
f 2825 2833 2822
f 2842 2864 2863
f 2814 2842 2850
f 2825 2821 2833
f 2842 2839 2864
f 2821 2842 2814
f 2838 2821 2825
f 2842 2827 2839
f 2838 2842 2821
f 2842 2847 2827
f 2847 2842 2838
f 2865 2866 2867
f 2866 2868 2869
f 2868 2870 2871
f 2870 2872 2873
f 2874 2875 2876
f 2875 2877 2878
f 2877 2879 2880
f 2881 2882 2883
f 2882 2884 2885
f 2884 2886 2887
f 2888 2889 2890
f 2889 2891 2892
f 2891 2893 2894
f 2895 2896 2897
f 2896 2898 2899
f 2900 2901 2902
f 2901 2903 2904
f 2903 2905 2906
f 2905 2907 2908
f 2907 2909 2910
f 2909 2911 2912
f 2911 2913 2914
f 2913 2915 2916
f 2915 2917 2918
f 2919 2920 2921
f 2920 2922 2923
f 2922 2924 2925
f 2924 2926 2927
f 2926 2928 2929
f 2928 2930 2931
f 2932 2933 2934
f 2933 2935 2936
f 2935 2937 2938
f 2937 2939 2940
f 2939 2941 2942
f 2941 2943 2944
f 2943 2945 2946
f 2945 2947 2948
f 2949 2950 2951
f 2950 2952 2953
f 2954 2955 2956
f 2957 2958 2959
f 2960 2961 2962
f 2961 2963 2964
f 2965 2966 2967
f 2968 2969 2970
f 2971 2972 2973
f 2972 2974 2975
f 2974 2976 2977
f 2978 2979 2980
f 2979 2981 2982
f 2981 2983 2984
f 2985 2986 2987
f 2986 2988 2989
f 2988 2990 2991
f 2990 2992 2993
f 2992 2865 2994
f 2865 2868 2866
f 2868 2872 2870
f 2995 2875 2874
f 2875 2879 2877
f 2881 2884 2882
f 2884 2996 2886
f 2888 2891 2889
f 2891 2997 2893
f 2998 2896 2895
f 2896 2999 2898
f 3000 2901 2900
f 2901 2905 2903
f 2905 2909 2907
f 2909 2913 2911
f 2913 2917 2915
f 3001 2920 2919
f 2920 2924 2922
f 2924 2928 2926
f 2928 3002 2930
f 2932 2935 2933
f 2935 2939 2937
f 2939 2943 2941
f 2943 2947 2945
f 2949 2952 2950
f 3003 2955 2954
f 3004 2958 2957
f 3005 2961 2960
f 3006 2966 2965
f 3007 2969 2968
f 3008 2972 2971
f 2972 2976 2974
f 2978 2981 2979
f 2981 3009 2983
f 3010 2986 2985
f 2986 2990 2988
f 2990 2865 2992
f 2865 2872 2868
f 2995 2879 2875
f 3011 2884 2881
f 3012 2891 2888
f 2891 3013 2997
f 2998 2999 2896
f 3014 2901 3000
f 2901 2909 2905
f 2909 2917 2913
f 3001 2924 2920
f 2924 3002 2928
f 3002 2935 2932
f 2935 2943 2939
f 2943 3015 2947
f 3003 3016 2955
f 3017 2958 3004
f 3005 2963 2961
f 3006 3018 2966
f 3007 3019 2969
f 3008 2976 2972
f 3020 2981 2978
f 3010 2990 2986
f 2990 2872 2865
f 3021 2879 2995
f 3011 2996 2884
f 3012 3013 2891
f 3022 2999 2998
f 3014 2909 2901
f 2909 3023 2917
f 3024 2924 3001
f 2924 2935 3002
f 2935 3015 2943
f 2952 3016 3003
f 3016 2958 3017
f 2958 2963 3005
f 3025 3019 3007
f 3026 2976 3008
f 3020 3009 2981
f 3027 2990 3010
f 2990 3028 2872
f 3029 2879 3021
f 3030 2996 3011
f 3031 3013 3012
f 3022 3032 2999
f 3033 2909 3014
f 2909 3034 3023
f 3035 2924 3024
f 2924 3015 2935
f 2952 2958 3016
f 2958 3036 2963
f 3025 3037 3019
f 3026 3038 2976
f 3020 3039 3009
f 3040 2990 3027
f 2990 3029 3028
f 3029 3041 2879
f 3042 2996 3030
f 3031 3043 3013
f 3044 3032 3022
f 3045 2909 3033
f 2909 3046 3034
f 3047 2924 3035
f 2924 3048 3015
f 2949 2958 2952
f 3049 3039 3020
f 3040 3029 2990
f 3029 3050 3041
f 3042 3051 2996
f 3044 3045 3032
f 3045 3046 2909
f 3052 2924 3047
f 2924 3053 3048
f 3054 2958 2949
f 3055 3029 3040
f 3029 3056 3050
f 3044 3046 3045
f 3057 2924 3052
f 2924 3054 3053
f 3054 3036 2958
f 3039 3029 3055
f 3029 3042 3056
f 3058 3046 3044
f 3057 3054 2924
f 3054 3059 3036
f 3049 3029 3039
f 3060 3046 3058
f 3061 3054 3057
f 3054 3006 3059
f 3062 3029 3049
f 3063 3046 3060
f 3064 3054 3061
f 3054 3018 3006
f 3038 3029 3062
f 3065 3046 3063
f 3066 3054 3064
f 3026 3029 3038
f 3067 3046 3065
f 3046 3054 3066
f 3037 3029 3026
f 3068 3046 3067
f 3046 3018 3054
f 3025 3029 3037
f 3043 3046 3068
f 3046 3025 3018
f 3025 3042 3029
f 3031 3046 3043
f 3046 3042 3025
f 3051 3046 3031
f 3046 3051 3042
f 2661 2866 2665
f 2665 2866 2869
f 2665 2869 2664
f 2664 2869 2868
f 2664 2868 2667
f 2667 2868 2871
f 2667 2871 2666
f 2666 2871 2870
f 2666 2870 2669
f 2669 2870 2873
f 2669 2873 2668
f 2668 2873 2872
f 2668 2872 2824
f 2824 2872 3028
f 2824 3028 2825
f 2825 3028 3029
f 2825 3029 2817
f 2817 3029 3021
f 2817 3021 2791
f 2791 3021 2995
f 2791 2995 2671
f 2671 2995 2874
f 2671 2874 2672
f 2672 2874 2876
f 2672 2876 2670
f 2670 2876 2875
f 2670 2875 2674
f 2674 2875 2878
f 2674 2878 2673
f 2673 2878 2877
f 2673 2877 2676
f 2676 2877 2880
f 2676 2880 2675
f 2675 2880 2879
f 2675 2879 2837
f 2837 2879 3041
f 2837 3041 2846
f 2846 3041 3050
f 2846 3050 2852
f 2852 3050 3056
f 2852 3056 2838
f 2838 3056 3042
f 2838 3042 2826
f 2826 3042 3030
f 2826 3030 2807
f 2807 3030 3011
f 2807 3011 2678
f 2678 3011 2881
f 2678 2881 2679
f 2679 2881 2883
f 2679 2883 2677
f 2677 2883 2882
f 2677 2882 2681
f 2681 2882 2885
f 2681 2885 2680
f 2680 2885 2884
f 2680 2884 2683
f 2683 2884 2887
f 2683 2887 2682
f 2682 2887 2886
f 2682 2886 2792
f 2792 2886 2996
f 2792 2996 2847
f 2847 2996 3051
f 2847 3051 2827
f 2827 3051 3031
f 2827 3031 2808
f 2808 3031 3012
f 2808 3012 2685
f 2685 3012 2888
f 2685 2888 2686
f 2686 2888 2890
f 2686 2890 2684
f 2684 2890 2889
f 2684 2889 2688
f 2688 2889 2892
f 2688 2892 2687
f 2687 2892 2891
f 2687 2891 2690
f 2690 2891 2894
f 2690 2894 2689
f 2689 2894 2893
f 2689 2893 2793
f 2793 2893 2997
f 2793 2997 2809
f 2809 2997 3013
f 2809 3013 2839
f 2839 3013 3043
f 2839 3043 2864
f 2864 3043 3068
f 2864 3068 2863
f 2863 3068 3067
f 2863 3067 2861
f 2861 3067 3065
f 2861 3065 2859
f 2859 3065 3063
f 2859 3063 2856
f 2856 3063 3060
f 2856 3060 2854
f 2854 3060 3058
f 2854 3058 2840
f 2840 3058 3044
f 2840 3044 2818
f 2818 3044 3022
f 2818 3022 2794
f 2794 3022 2998
f 2794 2998 2692
f 2692 2998 2895
f 2692 2895 2693
f 2693 2895 2897
f 2693 2897 2691
f 2691 2897 2896
f 2691 2896 2695
f 2695 2896 2899
f 2695 2899 2694
f 2694 2899 2898
f 2694 2898 2795
f 2795 2898 2999
f 2795 2999 2828
f 2828 2999 3032
f 2828 3032 2841
f 2841 3032 3045
f 2841 3045 2829
f 2829 3045 3033
f 2829 3033 2810
f 2810 3033 3014
f 2810 3014 2796
f 2796 3014 3000
f 2796 3000 2697
f 2697 3000 2900
f 2697 2900 2698
f 2698 2900 2902
f 2698 2902 2696
f 2696 2902 2901
f 2696 2901 2700
f 2700 2901 2904
f 2700 2904 2699
f 2699 2904 2903
f 2699 2903 2702
f 2702 2903 2906
f 2702 2906 2701
f 2701 2906 2905
f 2701 2905 2704
f 2704 2905 2908
f 2704 2908 2703
f 2703 2908 2907
f 2703 2907 2706
f 2706 2907 2910
f 2706 2910 2705
f 2705 2910 2909
f 2705 2909 2708
f 2708 2909 2912
f 2708 2912 2707
f 2707 2912 2911
f 2707 2911 2710
f 2710 2911 2914
f 2710 2914 2709
f 2709 2914 2913
f 2709 2913 2712
f 2712 2913 2916
f 2712 2916 2711
f 2711 2916 2915
f 2711 2915 2714
f 2714 2915 2918
f 2714 2918 2713
f 2713 2918 2917
f 2713 2917 2819
f 2819 2917 3023
f 2819 3023 2830
f 2830 3023 3034
f 2830 3034 2842
f 2842 3034 3046
f 2842 3046 2862
f 2862 3046 3066
f 2862 3066 2860
f 2860 3066 3064
f 2860 3064 2857
f 2857 3064 3061
f 2857 3061 2853
f 2853 3061 3057
f 2853 3057 2848
f 2848 3057 3052
f 2848 3052 2843
f 2843 3052 3047
f 2843 3047 2831
f 2831 3047 3035
f 2831 3035 2820
f 2820 3035 3024
f 2820 3024 2797
f 2797 3024 3001
f 2797 3001 2716
f 2716 3001 2919
f 2716 2919 2717
f 2717 2919 2921
f 2717 2921 2715
f 2715 2921 2920
f 2715 2920 2719
f 2719 2920 2923
f 2719 2923 2718
f 2718 2923 2922
f 2718 2922 2721
f 2721 2922 2925
f 2721 2925 2720
f 2720 2925 2924
f 2720 2924 2723
f 2723 2924 2927
f 2723 2927 2722
f 2722 2927 2926
f 2722 2926 2725
f 2725 2926 2929
f 2725 2929 2724
f 2724 2929 2928
f 2724 2928 2727
f 2727 2928 2931
f 2727 2931 2726
f 2726 2931 2930
f 2726 2930 2798
f 2798 2930 3002
f 2798 3002 2729
f 2729 3002 2932
f 2729 2932 2730
f 2730 2932 2934
f 2730 2934 2728
f 2728 2934 2933
f 2728 2933 2732
f 2732 2933 2936
f 2732 2936 2731
f 2731 2936 2935
f 2731 2935 2734
f 2734 2935 2938
f 2734 2938 2733
f 2733 2938 2937
f 2733 2937 2736
f 2736 2937 2940
f 2736 2940 2735
f 2735 2940 2939
f 2735 2939 2738
f 2738 2939 2942
f 2738 2942 2737
f 2737 2942 2941
f 2737 2941 2740
f 2740 2941 2944
f 2740 2944 2739
f 2739 2944 2943
f 2739 2943 2742
f 2742 2943 2946
f 2742 2946 2741
f 2741 2946 2945
f 2741 2945 2744
f 2744 2945 2948
f 2744 2948 2743
f 2743 2948 2947
f 2743 2947 2811
f 2811 2947 3015
f 2811 3015 2844
f 2844 3015 3048
f 2844 3048 2849
f 2849 3048 3053
f 2849 3053 2850
f 2850 3053 3054
f 2850 3054 2746
f 2746 3054 2949
f 2746 2949 2747
f 2747 2949 2951
f 2747 2951 2745
f 2745 2951 2950
f 2745 2950 2749
f 2749 2950 2953
f 2749 2953 2748
f 2748 2953 2952
f 2748 2952 2799
f 2799 2952 3003
f 2799 3003 2751
f 2751 3003 2954
f 2751 2954 2752
f 2752 2954 2956
f 2752 2956 2750
f 2750 2956 2955
f 2750 2955 2812
f 2812 2955 3016
f 2812 3016 2813
f 2813 3016 3017
f 2813 3017 2800
f 2800 3017 3004
f 2800 3004 2754
f 2754 3004 2957
f 2754 2957 2755
f 2755 2957 2959
f 2755 2959 2753
f 2753 2959 2958
f 2753 2958 2801
f 2801 2958 3005
f 2801 3005 2757
f 2757 3005 2960
f 2757 2960 2758
f 2758 2960 2962
f 2758 2962 2756
f 2756 2962 2961
f 2756 2961 2760
f 2760 2961 2964
f 2760 2964 2759
f 2759 2964 2963
f 2759 2963 2832
f 2832 2963 3036
f 2832 3036 2855
f 2855 3036 3059
f 2855 3059 2802
f 2802 3059 3006
f 2802 3006 2762
f 2762 3006 2965
f 2762 2965 2763
f 2763 2965 2967
f 2763 2967 2761
f 2761 2967 2966
f 2761 2966 2814
f 2814 2966 3018
f 2814 3018 2821
f 2821 3018 3025
f 2821 3025 2803
f 2803 3025 3007
f 2803 3007 2765
f 2765 3007 2968
f 2765 2968 2766
f 2766 2968 2970
f 2766 2970 2764
f 2764 2970 2969
f 2764 2969 2815
f 2815 2969 3019
f 2815 3019 2833
f 2833 3019 3037
f 2833 3037 2822
f 2822 3037 3026
f 2822 3026 2804
f 2804 3026 3008
f 2804 3008 2768
f 2768 3008 2971
f 2768 2971 2769
f 2769 2971 2973
f 2769 2973 2767
f 2767 2973 2972
f 2767 2972 2771
f 2771 2972 2975
f 2771 2975 2770
f 2770 2975 2974
f 2770 2974 2773
f 2773 2974 2977
f 2773 2977 2772
f 2772 2977 2976
f 2772 2976 2834
f 2834 2976 3038
f 2834 3038 2858
f 2858 3038 3062
f 2858 3062 2845
f 2845 3062 3049
f 2845 3049 2816
f 2816 3049 3020
f 2816 3020 2775
f 2775 3020 2978
f 2775 2978 2776
f 2776 2978 2980
f 2776 2980 2774
f 2774 2980 2979
f 2774 2979 2778
f 2778 2979 2982
f 2778 2982 2777
f 2777 2982 2981
f 2777 2981 2780
f 2780 2981 2984
f 2780 2984 2779
f 2779 2984 2983
f 2779 2983 2805
f 2805 2983 3009
f 2805 3009 2835
f 2835 3009 3039
f 2835 3039 2851
f 2851 3039 3055
f 2851 3055 2836
f 2836 3055 3040
f 2836 3040 2823
f 2823 3040 3027
f 2823 3027 2806
f 2806 3027 3010
f 2806 3010 2782
f 2782 3010 2985
f 2782 2985 2783
f 2783 2985 2987
f 2783 2987 2781
f 2781 2987 2986
f 2781 2986 2785
f 2785 2986 2989
f 2785 2989 2784
f 2784 2989 2988
f 2784 2988 2787
f 2787 2988 2991
f 2787 2991 2786
f 2786 2991 2990
f 2786 2990 2789
f 2789 2990 2993
f 2789 2993 2788
f 2788 2993 2992
f 2788 2992 2790
f 2790 2992 2994
f 2790 2994 2662
f 2662 2994 2865
f 2662 2865 2663
f 2663 2865 2867
f 2663 2867 2661
f 2661 2867 2866
o 
v 84.87 0 -15.39
v 85.04 0 -15.371
v 84.951 0 -15.38
v 84.736 0 -15.425
v 84.803 0 -15.406
v 84.614 0 -15.465
v 84.671 0 -15.445
v 84.54 0 -15.5
v 84.569 0 -15.484
v 84.2 0 -15.618
v 84.381 0 -15.577
v 84.35 0 -15.58
v 83.605 0 -15.876
v 83.94 0 -15.722
v 82.837 0 -16.271
v 83.226 0 -16.064
v 81.997 0 -16.784
v 82.47 0 -16.48
v 80.423 0 -17.834
v 81.279 0 -17.259
v 78.721 0 -19
v 79.534 0 -18.438
v 77.48 0 -19.899
v 78.09 0 -19.45
v 75.491 0 -21.384
v 76.56 0 -20.584
v 73.559 0 -22.839
v 74.437 0 -22.176
v 70.56 0 -24.964
v 70.62 0 -24.94
v 70.597 0 -24.946
v 70.456 0 -25.026
v 70.512 0 -24.991
v 70.33 0 -25.11
v 70.395 0 -25.066
v 62.644 0 -28.696
v 63.79 0 -28.27
v 63.139 0 -28.505
v 62.056 0 -28.971
v 62.289 0 -28.849
v 61.89 0 -29.15
v 61.929 0 -29.069
v 62.066 0 -29.491
v 61.928 0 -29.297
v 62.788 0 -30.149
v 62.34 0 -29.764
v 64.35 0 -31.39
v 63.446 0 -30.68
v 68.413 0 -35.566
v 68.27 0 -35.4
v 68.332 0 -35.472
v 68.611 0 -35.791
v 68.507 0 -35.674
v 69.057 0 -36.31
v 68.82 0 -36.03
v 68.93 0 -36.161
v 70.343 0 -37.84
v 69.455 0 -36.78
v 69.57 0 -36.92
v 71.459 0 -39.084
v 70.969 0 -38.557
v 72.078 0 -39.618
v 71.825 0 -39.433
v 72.595 0 -39.423
v 72.23 0 -39.65
v 73.811 0 -38.346
v 73.141 0 -38.97
v 75.298 0 -36.806
v 74.549 0 -37.606
v 76.321 0 -35.597
v 76 0 -36
v 76.87 0 -34.771
v 76.604 0 -35.198
v 77.419 0 -33.709
v 77.136 0 -34.285
v 77.79 0 -32.891
v 77.74 0 -33.01
v 78.08 0 -32.25
v 77.972 0 -32.487
v 78.03 0 -32.36
v 78.306 0 -31.717
v 78.134 0 -32.123
v 78.211 0 -31.941
v 78.522 0 -31.199
v 78.412 0 -31.466
v 79.16 0 -29.66
v 79.038 0 -29.947
v 79.111 0 -29.776
v 79.307 0 -29.309
v 79.237 0 -29.477
v 79.43 0 -29.008
v 79.371 0 -29.152
v 79.53 0 -28.75
v 79.482 0 -28.874
v 79.754 0 -28.217
v 79.613 0 -28.546
v 79.671 0 -28.41
v 80.03 0 -27.56
v 79.87 0 -27.943
v 80.883 0 -25.597
v 80.74 0 -25.91
v 80.804 0 -25.77
v 81.067 0 -25.19
v 80.973 0 -25.4
v 81.25 0 -24.77
v 81.161 0 -24.977
v 82.493 0 -22.056
v 82.326 0 -22.416
v 82.39 0 -22.28
v 84.08 0 -18.82
v 83.3 0 -20.406
v 83.677 0 -19.639
v 84.839 0 -17.26
v 84.477 0 -18.007
v 85.391 0 -16.09
v 85.149 0 -16.61
v 85.61 0 -15.57
v 85.55 0 -15.733
v 85.61 0 -15.442
v 85.618 0 -15.496
v 85.54 0 -15.381
v 85.585 0 -15.405
v 85.38 0 -15.36
v 85.472 0 -15.367
v 85.223 0 -15.359
v 85.308 0 -15.357
v 85.132 0 -15.364
v 73.02 0 -23.25
v 64.018 0 -28.186
v 67.534 0 -34.541
v 69.191 0 -36.467
v 77.91 0 -32.622
v 78.948 0 -30.16
v 82.247 0 -22.585
v 84.513 0 -15.52
v 84.415 0 -15.568
v 64.236 0 -28.105
v 69.327 0 -36.627
v 78.63 0 -30.93
v 80.192 0 -27.17
v 82.965 0 -21.086
v 84.482 0 -15.539
v 72.607 0 -23.563
v 70.774 0 -24.856
v 68.717 0 -35.912
v 77.848 0 -32.76
v 78.737 0 -30.664
v 78.845 0 -30.403
v 80.636 0 -26.142
v 84.449 0 -15.555
v 70.055 0 -25.29
v 64.434 0 -28.031
v 82.69 0 -21.647
v 64.6 0 -27.969
v 79.569 0 -28.651
v 64.726 0 -27.92
v 66.816 0 -33.743
v 72.107 0 -23.93
v 64.8 0 -27.89
v 66.126 0 -33.016
v 82.158 0 -22.777
v 71.588 0 -24.301
v 65.307 0 -27.678
v 65.477 0 -32.374
v 82.063 0 -22.981
v 71.12 0 -24.626
v 65.743 0 -27.492
v 64.881 0 -31.828
v 81.969 0 -23.186
v 66.141 0 -27.316
v 81.88 0 -23.38
v 66.537 0 -27.134
v 81.787 0 -23.584
v 66.965 0 -26.931
v 67.46 0 -26.69
v 81.681 0 -23.816
v 68.027 0 -26.406
v 80.325 0 -26.854
v 81.569 0 -24.064
v 68.604 0 -26.105
v 80.438 0 -26.592
v 81.456 0 -24.314
v 69.158 0 -25.806
v 80.538 0 -26.362
v 81.347 0 -24.554
v 69.653 0 -25.529
v 85.04 10 -15.371
v 84.87 10 -15.39
v 84.951 10 -15.38
v 84.736 10 -15.425
v 84.803 10 -15.406
v 84.614 10 -15.465
v 84.671 10 -15.445
v 84.54 10 -15.5
v 84.569 10 -15.484
v 84.381 10 -15.577
v 84.2 10 -15.618
v 84.35 10 -15.58
v 83.605 10 -15.876
v 83.94 10 -15.722
v 82.837 10 -16.271
v 83.226 10 -16.064
v 81.997 10 -16.784
v 82.47 10 -16.48
v 80.423 10 -17.834
v 81.279 10 -17.259
v 78.721 10 -19
v 79.534 10 -18.438
v 77.48 10 -19.899
v 78.09 10 -19.45
v 75.491 10 -21.384
v 76.56 10 -20.584
v 73.559 10 -22.839
v 74.437 10 -22.176
v 70.62 10 -24.94
v 70.56 10 -24.964
v 70.597 10 -24.946
v 70.456 10 -25.026
v 70.512 10 -24.991
v 70.33 10 -25.11
v 70.395 10 -25.066
v 63.79 10 -28.27
v 62.644 10 -28.696
v 63.139 10 -28.505
v 62.056 10 -28.971
v 62.289 10 -28.849
v 61.89 10 -29.15
v 61.929 10 -29.069
v 62.066 10 -29.491
v 61.928 10 -29.297
v 62.788 10 -30.149
v 62.34 10 -29.764
v 64.35 10 -31.39
v 63.446 10 -30.68
v 68.27 10 -35.4
v 68.413 10 -35.566
v 68.332 10 -35.472
v 68.611 10 -35.791
v 68.507 10 -35.674
v 68.82 10 -36.03
v 69.057 10 -36.31
v 68.93 10 -36.161
v 69.455 10 -36.78
v 70.343 10 -37.84
v 69.57 10 -36.92
v 71.459 10 -39.084
v 70.969 10 -38.557
v 72.078 10 -39.618
v 71.825 10 -39.433
v 72.595 10 -39.423
v 72.23 10 -39.65
v 73.811 10 -38.346
v 73.141 10 -38.97
v 75.298 10 -36.806
v 74.549 10 -37.606
v 76.321 10 -35.597
v 76 10 -36
v 76.87 10 -34.771
v 76.604 10 -35.198
v 77.419 10 -33.709
v 77.136 10 -34.285
v 77.79 10 -32.891
v 77.74 10 -33.01
v 77.972 10 -32.487
v 78.08 10 -32.25
v 78.03 10 -32.36
v 78.134 10 -32.123
v 78.306 10 -31.717
v 78.211 10 -31.941
v 78.522 10 -31.199
v 78.412 10 -31.466
v 79.038 10 -29.947
v 79.16 10 -29.66
v 79.111 10 -29.776
v 79.307 10 -29.309
v 79.237 10 -29.477
v 79.43 10 -29.008
v 79.371 10 -29.152
v 79.53 10 -28.75
v 79.482 10 -28.874
v 79.613 10 -28.546
v 79.754 10 -28.217
v 79.671 10 -28.41
v 80.03 10 -27.56
v 79.87 10 -27.943
v 80.74 10 -25.91
v 80.883 10 -25.597
v 80.804 10 -25.77
v 81.067 10 -25.19
v 80.973 10 -25.4
v 81.25 10 -24.77
v 81.161 10 -24.977
v 82.326 10 -22.416
v 82.493 10 -22.056
v 82.39 10 -22.28
v 83.3 10 -20.406
v 84.08 10 -18.82
v 83.677 10 -19.639
v 84.839 10 -17.26
v 84.477 10 -18.007
v 85.391 10 -16.09
v 85.149 10 -16.61
v 85.61 10 -15.57
v 85.55 10 -15.733
v 85.61 10 -15.442
v 85.618 10 -15.496
v 85.54 10 -15.381
v 85.585 10 -15.405
v 85.38 10 -15.36
v 85.472 10 -15.367
v 85.223 10 -15.359
v 85.308 10 -15.357
v 85.132 10 -15.364
v 73.02 10 -23.25
v 64.018 10 -28.186
v 67.534 10 -34.541
v 69.191 10 -36.467
v 77.91 10 -32.622
v 78.948 10 -30.16
v 82.247 10 -22.585
v 84.513 10 -15.52
v 84.415 10 -15.568
v 64.236 10 -28.105
v 69.327 10 -36.627
v 78.63 10 -30.93
v 80.192 10 -27.17
v 82.965 10 -21.086
v 84.482 10 -15.539
v 72.607 10 -23.563
v 70.774 10 -24.856
v 68.717 10 -35.912
v 77.848 10 -32.76
v 78.737 10 -30.664
v 78.845 10 -30.403
v 80.636 10 -26.142
v 84.449 10 -15.555
v 70.055 10 -25.29
v 64.434 10 -28.031
v 82.69 10 -21.647
v 64.6 10 -27.969
v 79.569 10 -28.651
v 64.726 10 -27.92
v 66.816 10 -33.743
v 72.107 10 -23.93
v 64.8 10 -27.89
v 66.126 10 -33.016
v 82.158 10 -22.777
v 71.588 10 -24.301
v 65.307 10 -27.678
v 65.477 10 -32.374
v 82.063 10 -22.981
v 71.12 10 -24.626
v 65.743 10 -27.492
v 64.881 10 -31.828
v 81.969 10 -23.186
v 66.141 10 -27.316
v 81.88 10 -23.38
v 66.537 10 -27.134
v 81.787 10 -23.584
v 66.965 10 -26.931
v 67.46 10 -26.69
v 81.681 10 -23.816
v 68.027 10 -26.406
v 80.325 10 -26.854
v 81.569 10 -24.064
v 68.604 10 -26.105
v 80.438 10 -26.592
v 81.456 10 -24.314
v 69.158 10 -25.806
v 80.538 10 -26.362
v 81.347 10 -24.554
v 69.653 10 -25.529
f 3069 3070 3071
f 3072 3069 3073
f 3074 3072 3075
f 3076 3074 3077
f 3078 3079 3080
f 3081 3078 3082
f 3083 3081 3084
f 3085 3083 3086
f 3087 3085 3088
f 3089 3087 3090
f 3091 3089 3092
f 3093 3091 3094
f 3095 3093 3096
f 3097 3098 3099
f 3100 3097 3101
f 3102 3100 3103
f 3104 3105 3106
f 3107 3104 3108
f 3109 3107 3110
f 3111 3109 3112
f 3113 3111 3114
f 3115 3113 3116
f 3117 3118 3119
f 3120 3117 3121
f 3122 3123 3124
f 3125 3126 3127
f 3128 3125 3129
f 3130 3128 3131
f 3132 3130 3133
f 3134 3132 3135
f 3136 3134 3137
f 3138 3136 3139
f 3140 3138 3141
f 3142 3140 3143
f 3144 3142 3145
f 3146 3147 3148
f 3149 3150 3151
f 3152 3149 3153
f 3154 3155 3156
f 3157 3154 3158
f 3159 3157 3160
f 3161 3159 3162
f 3163 3164 3165
f 3166 3163 3167
f 3168 3169 3170
f 3171 3168 3172
f 3173 3171 3174
f 3175 3176 3177
f 3178 3179 3180
f 3181 3178 3182
f 3183 3181 3184
f 3185 3183 3186
f 3187 3185 3188
f 3189 3187 3190
f 3191 3189 3192
f 3193 3191 3194
f 3070 3193 3195
f 3072 3070 3069
f 3076 3072 3074
f 3081 3079 3078
f 3085 3081 3083
f 3089 3085 3087
f 3093 3089 3091
f 3196 3093 3095
f 3100 3098 3097
f 3104 3197 3105
f 3109 3104 3107
f 3113 3109 3111
f 3117 3198 3118
f 3199 3123 3122
f 3128 3126 3125
f 3132 3128 3130
f 3136 3132 3134
f 3140 3136 3138
f 3144 3140 3142
f 3146 3200 3147
f 3152 3150 3149
f 3154 3201 3155
f 3159 3154 3157
f 3166 3164 3163
f 3171 3169 3168
f 3175 3202 3176
f 3181 3179 3178
f 3185 3181 3183
f 3189 3185 3187
f 3193 3189 3191
f 3072 3193 3070
f 3203 3072 3076
f 3081 3204 3079
f 3089 3081 3085
f 3196 3089 3093
f 3102 3098 3100
f 3104 3205 3197
f 3113 3104 3109
f 3120 3198 3117
f 3206 3123 3199
f 3128 3206 3126
f 3136 3128 3132
f 3144 3136 3140
f 3150 3200 3146
f 3207 3150 3152
f 3159 3201 3154
f 3208 3164 3166
f 3173 3169 3171
f 3181 3209 3179
f 3189 3181 3185
f 3072 3189 3193
f 3210 3072 3203
f 3089 3204 3081
f 3211 3089 3196
f 3102 3212 3098
f 3113 3205 3104
f 3213 3198 3120
f 3128 3123 3206
f 3144 3128 3136
f 3150 3214 3200
f 3215 3150 3207
f 3159 3216 3201
f 3173 3217 3169
f 3189 3209 3181
f 3210 3189 3072
f 3089 3218 3204
f 3219 3212 3102
f 3113 3220 3205
f 3123 3198 3213
f 3144 3123 3128
f 3215 3214 3150
f 3161 3216 3159
f 3189 3221 3209
f 3218 3189 3210
f 3211 3218 3089
f 3113 3222 3220
f 3144 3198 3123
f 3215 3144 3214
f 3223 3216 3161
f 3189 3175 3221
f 3211 3189 3218
f 3113 3224 3222
f 3144 3225 3198
f 3216 3144 3215
f 3189 3202 3175
f 3226 3189 3211
f 3113 3227 3224
f 3144 3228 3225
f 3223 3144 3216
f 3189 3229 3202
f 3230 3189 3226
f 3113 3231 3227
f 3144 3232 3228
f 3164 3144 3223
f 3189 3233 3229
f 3234 3189 3230
f 3113 3235 3231
f 3144 3236 3232
f 3189 3237 3233
f 3212 3189 3234
f 3113 3238 3235
f 3144 3115 3236
f 3189 3239 3237
f 3113 3240 3238
f 3144 3113 3115
f 3189 3241 3239
f 3113 3242 3240
f 3164 3113 3144
f 3212 3241 3189
f 3113 3243 3242
f 3208 3113 3164
f 3212 3244 3241
f 3113 3245 3243
f 3246 3113 3208
f 3212 3247 3244
f 3113 3248 3245
f 3249 3113 3246
f 3212 3250 3247
f 3113 3251 3248
f 3252 3113 3249
f 3212 3253 3250
f 3113 3254 3251
f 3217 3113 3252
f 3212 3173 3253
f 3113 3219 3254
f 3173 3113 3217
f 3219 3173 3212
f 3173 3219 3113
f 3255 3256 3257
f 3256 3258 3259
f 3258 3260 3261
f 3260 3262 3263
f 3264 3265 3266
f 3265 3267 3268
f 3267 3269 3270
f 3269 3271 3272
f 3271 3273 3274
f 3273 3275 3276
f 3275 3277 3278
f 3277 3279 3280
f 3279 3281 3282
f 3283 3284 3285
f 3284 3286 3287
f 3286 3288 3289
f 3290 3291 3292
f 3291 3293 3294
f 3293 3295 3296
f 3295 3297 3298
f 3297 3299 3300
f 3299 3301 3302
f 3303 3304 3305
f 3304 3306 3307
f 3308 3309 3310
f 3311 3312 3313
f 3312 3314 3315
f 3314 3316 3317
f 3316 3318 3319
f 3318 3320 3321
f 3320 3322 3323
f 3322 3324 3325
f 3324 3326 3327
f 3326 3328 3329
f 3328 3330 3331
f 3332 3333 3334
f 3335 3336 3337
f 3336 3338 3339
f 3340 3341 3342
f 3341 3343 3344
f 3343 3345 3346
f 3345 3347 3348
f 3349 3350 3351
f 3350 3352 3353
f 3354 3355 3356
f 3355 3357 3358
f 3357 3359 3360
f 3361 3362 3363
f 3364 3365 3366
f 3365 3367 3368
f 3367 3369 3370
f 3369 3371 3372
f 3371 3373 3374
f 3373 3375 3376
f 3375 3377 3378
f 3377 3379 3380
f 3379 3255 3381
f 3255 3258 3256
f 3258 3262 3260
f 3264 3267 3265
f 3267 3271 3269
f 3271 3275 3273
f 3275 3279 3277
f 3279 3382 3281
f 3283 3286 3284
f 3383 3291 3290
f 3291 3295 3293
f 3295 3299 3297
f 3384 3304 3303
f 3308 3385 3309
f 3311 3314 3312
f 3314 3318 3316
f 3318 3322 3320
f 3322 3326 3324
f 3326 3330 3328
f 3386 3333 3332
f 3335 3338 3336
f 3387 3341 3340
f 3341 3345 3343
f 3349 3352 3350
f 3354 3357 3355
f 3388 3362 3361
f 3364 3367 3365
f 3367 3371 3369
f 3371 3375 3373
f 3375 3379 3377
f 3379 3258 3255
f 3258 3389 3262
f 3390 3267 3264
f 3267 3275 3271
f 3275 3382 3279
f 3283 3288 3286
f 3391 3291 3383
f 3291 3299 3295
f 3384 3306 3304
f 3308 3392 3385
f 3392 3314 3311
f 3314 3322 3318
f 3322 3330 3326
f 3386 3335 3333
f 3335 3393 3338
f 3387 3345 3341
f 3349 3394 3352
f 3354 3359 3357
f 3395 3367 3364
f 3367 3375 3371
f 3375 3258 3379
f 3258 3396 3389
f 3390 3275 3267
f 3275 3397 3382
f 3398 3288 3283
f 3391 3299 3291
f 3384 3399 3306
f 3308 3314 3392
f 3314 3330 3322
f 3400 3335 3386
f 3335 3401 3393
f 3402 3345 3387
f 3403 3359 3354
f 3395 3375 3367
f 3375 3396 3258
f 3404 3275 3390
f 3398 3405 3288
f 3406 3299 3391
f 3384 3308 3399
f 3308 3330 3314
f 3400 3401 3335
f 3402 3347 3345
f 3407 3375 3395
f 3375 3404 3396
f 3404 3397 3275
f 3408 3299 3406
f 3384 3330 3308
f 3330 3401 3400
f 3402 3409 3347
f 3362 3375 3407
f 3375 3397 3404
f 3410 3299 3408
f 3411 3330 3384
f 3330 3402 3401
f 3388 3375 3362
f 3375 3412 3397
f 3413 3299 3410
f 3414 3330 3411
f 3330 3409 3402
f 3415 3375 3388
f 3375 3416 3412
f 3417 3299 3413
f 3418 3330 3414
f 3330 3349 3409
f 3419 3375 3415
f 3375 3420 3416
f 3421 3299 3417
f 3422 3330 3418
f 3423 3375 3419
f 3375 3398 3420
f 3424 3299 3421
f 3301 3330 3422
f 3425 3375 3423
f 3426 3299 3424
f 3299 3330 3301
f 3427 3375 3425
f 3428 3299 3426
f 3299 3349 3330
f 3427 3398 3375
f 3429 3299 3428
f 3299 3394 3349
f 3430 3398 3427
f 3431 3299 3429
f 3299 3432 3394
f 3433 3398 3430
f 3434 3299 3431
f 3299 3435 3432
f 3436 3398 3433
f 3437 3299 3434
f 3299 3438 3435
f 3439 3398 3436
f 3440 3299 3437
f 3299 3403 3438
f 3359 3398 3439
f 3405 3299 3440
f 3299 3359 3403
f 3359 3405 3398
f 3405 3359 3299
f 3069 3256 3073
f 3073 3256 3259
f 3073 3259 3072
f 3072 3259 3258
f 3072 3258 3075
f 3075 3258 3261
f 3075 3261 3074
f 3074 3261 3260
f 3074 3260 3077
f 3077 3260 3263
f 3077 3263 3076
f 3076 3263 3262
f 3076 3262 3203
f 3203 3262 3389
f 3203 3389 3210
f 3210 3389 3396
f 3210 3396 3218
f 3218 3396 3404
f 3218 3404 3204
f 3204 3404 3390
f 3204 3390 3079
f 3079 3390 3264
f 3079 3264 3080
f 3080 3264 3266
f 3080 3266 3078
f 3078 3266 3265
f 3078 3265 3082
f 3082 3265 3268
f 3082 3268 3081
f 3081 3268 3267
f 3081 3267 3084
f 3084 3267 3270
f 3084 3270 3083
f 3083 3270 3269
f 3083 3269 3086
f 3086 3269 3272
f 3086 3272 3085
f 3085 3272 3271
f 3085 3271 3088
f 3088 3271 3274
f 3088 3274 3087
f 3087 3274 3273
f 3087 3273 3090
f 3090 3273 3276
f 3090 3276 3089
f 3089 3276 3275
f 3089 3275 3092
f 3092 3275 3278
f 3092 3278 3091
f 3091 3278 3277
f 3091 3277 3094
f 3094 3277 3280
f 3094 3280 3093
f 3093 3280 3279
f 3093 3279 3096
f 3096 3279 3282
f 3096 3282 3095
f 3095 3282 3281
f 3095 3281 3196
f 3196 3281 3382
f 3196 3382 3211
f 3211 3382 3397
f 3211 3397 3226
f 3226 3397 3412
f 3226 3412 3230
f 3230 3412 3416
f 3230 3416 3234
f 3234 3416 3420
f 3234 3420 3212
f 3212 3420 3398
f 3212 3398 3098
f 3098 3398 3283
f 3098 3283 3099
f 3099 3283 3285
f 3099 3285 3097
f 3097 3285 3284
f 3097 3284 3101
f 3101 3284 3287
f 3101 3287 3100
f 3100 3287 3286
f 3100 3286 3103
f 3103 3286 3289
f 3103 3289 3102
f 3102 3289 3288
f 3102 3288 3219
f 3219 3288 3405
f 3219 3405 3254
f 3254 3405 3440
f 3254 3440 3251
f 3251 3440 3437
f 3251 3437 3248
f 3248 3437 3434
f 3248 3434 3245
f 3245 3434 3431
f 3245 3431 3243
f 3243 3431 3429
f 3243 3429 3242
f 3242 3429 3428
f 3242 3428 3240
f 3240 3428 3426
f 3240 3426 3238
f 3238 3426 3424
f 3238 3424 3235
f 3235 3424 3421
f 3235 3421 3231
f 3231 3421 3417
f 3231 3417 3227
f 3227 3417 3413
f 3227 3413 3224
f 3224 3413 3410
f 3224 3410 3222
f 3222 3410 3408
f 3222 3408 3220
f 3220 3408 3406
f 3220 3406 3205
f 3205 3406 3391
f 3205 3391 3197
f 3197 3391 3383
f 3197 3383 3105
f 3105 3383 3290
f 3105 3290 3106
f 3106 3290 3292
f 3106 3292 3104
f 3104 3292 3291
f 3104 3291 3108
f 3108 3291 3294
f 3108 3294 3107
f 3107 3294 3293
f 3107 3293 3110
f 3110 3293 3296
f 3110 3296 3109
f 3109 3296 3295
f 3109 3295 3112
f 3112 3295 3298
f 3112 3298 3111
f 3111 3298 3297
f 3111 3297 3114
f 3114 3297 3300
f 3114 3300 3113
f 3113 3300 3299
f 3113 3299 3116
f 3116 3299 3302
f 3116 3302 3115
f 3115 3302 3301
f 3115 3301 3236
f 3236 3301 3422
f 3236 3422 3232
f 3232 3422 3418
f 3232 3418 3228
f 3228 3418 3414
f 3228 3414 3225
f 3225 3414 3411
f 3225 3411 3198
f 3198 3411 3384
f 3198 3384 3118
f 3118 3384 3303
f 3118 3303 3119
f 3119 3303 3305
f 3119 3305 3117
f 3117 3305 3304
f 3117 3304 3121
f 3121 3304 3307
f 3121 3307 3120
f 3120 3307 3306
f 3120 3306 3213
f 3213 3306 3399
f 3213 3399 3123
f 3123 3399 3308
f 3123 3308 3124
f 3124 3308 3310
f 3124 3310 3122
f 3122 3310 3309
f 3122 3309 3199
f 3199 3309 3385
f 3199 3385 3206
f 3206 3385 3392
f 3206 3392 3126
f 3126 3392 3311
f 3126 3311 3127
f 3127 3311 3313
f 3127 3313 3125
f 3125 3313 3312
f 3125 3312 3129
f 3129 3312 3315
f 3129 3315 3128
f 3128 3315 3314
f 3128 3314 3131
f 3131 3314 3317
f 3131 3317 3130
f 3130 3317 3316
f 3130 3316 3133
f 3133 3316 3319
f 3133 3319 3132
f 3132 3319 3318
f 3132 3318 3135
f 3135 3318 3321
f 3135 3321 3134
f 3134 3321 3320
f 3134 3320 3137
f 3137 3320 3323
f 3137 3323 3136
f 3136 3323 3322
f 3136 3322 3139
f 3139 3322 3325
f 3139 3325 3138
f 3138 3325 3324
f 3138 3324 3141
f 3141 3324 3327
f 3141 3327 3140
f 3140 3327 3326
f 3140 3326 3143
f 3143 3326 3329
f 3143 3329 3142
f 3142 3329 3328
f 3142 3328 3145
f 3145 3328 3331
f 3145 3331 3144
f 3144 3331 3330
f 3144 3330 3214
f 3214 3330 3400
f 3214 3400 3200
f 3200 3400 3386
f 3200 3386 3147
f 3147 3386 3332
f 3147 3332 3148
f 3148 3332 3334
f 3148 3334 3146
f 3146 3334 3333
f 3146 3333 3150
f 3150 3333 3335
f 3150 3335 3151
f 3151 3335 3337
f 3151 3337 3149
f 3149 3337 3336
f 3149 3336 3153
f 3153 3336 3339
f 3153 3339 3152
f 3152 3339 3338
f 3152 3338 3207
f 3207 3338 3393
f 3207 3393 3215
f 3215 3393 3401
f 3215 3401 3216
f 3216 3401 3402
f 3216 3402 3201
f 3201 3402 3387
f 3201 3387 3155
f 3155 3387 3340
f 3155 3340 3156
f 3156 3340 3342
f 3156 3342 3154
f 3154 3342 3341
f 3154 3341 3158
f 3158 3341 3344
f 3158 3344 3157
f 3157 3344 3343
f 3157 3343 3160
f 3160 3343 3346
f 3160 3346 3159
f 3159 3346 3345
f 3159 3345 3162
f 3162 3345 3348
f 3162 3348 3161
f 3161 3348 3347
f 3161 3347 3223
f 3223 3347 3409
f 3223 3409 3164
f 3164 3409 3349
f 3164 3349 3165
f 3165 3349 3351
f 3165 3351 3163
f 3163 3351 3350
f 3163 3350 3167
f 3167 3350 3353
f 3167 3353 3166
f 3166 3353 3352
f 3166 3352 3208
f 3208 3352 3394
f 3208 3394 3246
f 3246 3394 3432
f 3246 3432 3249
f 3249 3432 3435
f 3249 3435 3252
f 3252 3435 3438
f 3252 3438 3217
f 3217 3438 3403
f 3217 3403 3169
f 3169 3403 3354
f 3169 3354 3170
f 3170 3354 3356
f 3170 3356 3168
f 3168 3356 3355
f 3168 3355 3172
f 3172 3355 3358
f 3172 3358 3171
f 3171 3358 3357
f 3171 3357 3174
f 3174 3357 3360
f 3174 3360 3173
f 3173 3360 3359
f 3173 3359 3253
f 3253 3359 3439
f 3253 3439 3250
f 3250 3439 3436
f 3250 3436 3247
f 3247 3436 3433
f 3247 3433 3244
f 3244 3433 3430
f 3244 3430 3241
f 3241 3430 3427
f 3241 3427 3239
f 3239 3427 3425
f 3239 3425 3237
f 3237 3425 3423
f 3237 3423 3233
f 3233 3423 3419
f 3233 3419 3229
f 3229 3419 3415
f 3229 3415 3202
f 3202 3415 3388
f 3202 3388 3176
f 3176 3388 3361
f 3176 3361 3177
f 3177 3361 3363
f 3177 3363 3175
f 3175 3363 3362
f 3175 3362 3221
f 3221 3362 3407
f 3221 3407 3209
f 3209 3407 3395
f 3209 3395 3179
f 3179 3395 3364
f 3179 3364 3180
f 3180 3364 3366
f 3180 3366 3178
f 3178 3366 3365
f 3178 3365 3182
f 3182 3365 3368
f 3182 3368 3181
f 3181 3368 3367
f 3181 3367 3184
f 3184 3367 3370
f 3184 3370 3183
f 3183 3370 3369
f 3183 3369 3186
f 3186 3369 3372
f 3186 3372 3185
f 3185 3372 3371
f 3185 3371 3188
f 3188 3371 3374
f 3188 3374 3187
f 3187 3374 3373
f 3187 3373 3190
f 3190 3373 3376
f 3190 3376 3189
f 3189 3376 3375
f 3189 3375 3192
f 3192 3375 3378
f 3192 3378 3191
f 3191 3378 3377
f 3191 3377 3194
f 3194 3377 3380
f 3194 3380 3193
f 3193 3380 3379
f 3193 3379 3195
f 3195 3379 3381
f 3195 3381 3070
f 3070 3381 3255
f 3070 3255 3071
f 3071 3255 3257
f 3071 3257 3069
f 3069 3257 3256
o 
v 73.1 0 -44.02
v 73.186 0 -43.9
v 73.138 0 -43.95
v 73.039 0 -44.529
v 73.055 0 -44.207
v 73.088 0 -45.478
v 73.05 0 -44.961
v 73.24 0 -46.66
v 73.152 0 -46.053
v 72.713 0 -57.48
v 72.8 0 -57.02
v 72.746 0 -57.286
v 72.713 0 -57.74
v 72.702 0 -57.624
v 72.8 0 -57.98
v 72.746 0 -57.851
v 73.123 0 -58.358
v 72.934 0 -58.203
v 73.881 0 -58.512
v 73.42 0 -58.458
v 75.51 0 -58.53
v 74.559 0 -58.532
v 77.927 0 -58.434
v 76.794 0 -58.502
v 79.917 0 -58.149
v 78.952 0 -58.319
v 81.84 0 -57.62
v 80.864 0 -57.919
v 82.694 0 -57.327
v 82.229 0 -57.489
v 83.653 0 -56.98
v 83.185 0 -57.151
v 84.32 0 -56.72
v 84.047 0 -56.83
v 84.803 0 -56.527
v 84.649 0 -56.588
v 84.7 0 -56.57
v 85.215 0 -56.358
v 84.922 0 -56.479
v 85.059 0 -56.423
v 85.59 0 -56.2
v 85.391 0 -56.284
v 88.336 0 -55.091
v 87.49 0 -55.43
v 87.927 0 -55.256
v 89 0 -54.816
v 88.7 0 -54.941
v 89.34 0 -54.67
v 89.22 0 -54.723
v 94.516 0 -52.645
v 94.07 0 -52.81
v 94.298 0 -52.726
v 94.88 0 -52.509
v 94.714 0 -52.571
v 95.08 0 -52.43
v 95.006 0 -52.46
v 95.204 0 -52.386
v 95.134 0 -52.411
v 95.623 0 -52.243
v 95.457 0 -52.297
v 95.54 0 -52.27
v 95.798 0 -52.18
v 95.711 0 -52.212
v 95.952 0 -52.117
v 95.879 0 -52.148
v 99.127 0 -51.09
v 98.441 0 -51.307
v 98.92 0 -51.16
v 99.567 0 -50.899
v 99.351 0 -50.999
v 99.882 0 -50.717
v 99.753 0 -50.801
v 99.909 0 -50.609
v 99.93 0 -50.66
v 99.764 0 -50.463
v 99.852 0 -50.541
v 99.521 0 -50.296
v 99.651 0 -50.379
v 99.164 0 -50.126
v 99.38 0 -50.22
v 98.475 0 -49.871
v 98.847 0 -50.004
v 97.746 0 -49.633
v 98.093 0 -49.742
v 97.39 0 -49.542
v 97.48 0 -49.56
v 96.418 0 -49.311
v 96.948 0 -49.436
v 96.85 0 -49.41
v 95.588 0 -49.134
v 96.005 0 -49.22
v 94.644 0 -48.953
v 95.142 0 -49.046
v 93.662 0 -48.776
v 94.07 0 -48.85
v 93.874 0 -48.814
v 93.238 0 -48.701
v 93.446 0 -48.737
v 92.241 0 -48.525
v 92.89 0 -48.64
v 92.572 0 -48.584
v 91.549 0 -48.408
v 91.899 0 -48.466
v 90.84 0 -48.3
v 91.195 0 -48.352
v 90.493 0 -48.243
v 90.677 0 -48.273
v 90.104 0 -48.181
v 90.299 0 -48.211
v 89.75 0 -48.13
v 89.918 0 -48.153
v 89.183 0 -48.041
v 89.577 0 -48.103
v 89.384 0 -48.073
v 88.795 0 -47.983
v 88.983 0 -48.011
v 87.886 0 -47.85
v 88.28 0 -47.91
v 88.084 0 -47.88
v 87.53 0 -47.8
v 87.698 0 -47.823
v 85.731 0 -47.535
v 86.355 0 -47.631
v 86.1 0 -47.59
v 82.996 0 -47.011
v 83.869 0 -47.189
v 83.1 0 -47.03
v 82.514 0 -46.903
v 82.755 0 -46.959
v 82.631 0 -46.93
v 74.517 0 -44.092
v 75.62 0 -44.61
v 74.981 0 -44.306
v 73.946 0 -43.874
v 74.186 0 -43.954
v 73.57 0 -43.83
v 73.754 0 -43.838
v 73.33 0 -43.844
v 73.436 0 -43.833
v 73.249 0 -43.865
v 73.048 0 -55.799
v 84.384 0 -56.694
v 84.588 0 -56.611
v 85.725 0 -56.143
v 87.055 0 -55.604
v 95.284 0 -52.357
v 96.01 0 -52.09
v 97.848 0 -51.492
v 97.286 0 -49.519
v 97.058 0 -49.464
v 88.63 0 -47.96
v 86.62 0 -47.671
v 82.41 0 -46.88
v 73.283 0 -46.987
v 84.452 0 -56.666
v 97.173 0 -49.493
v 93.049 0 -48.668
v 88.466 0 -47.937
v 76.526 0 -45.016
v 73.227 0 -54.722
v 84.521 0 -56.638
v 86.642 0 -55.77
v 95.37 0 -52.327
v 97.225 0 -51.689
v 87.35 0 -47.776
v 86.27 0 -55.92
v 96.656 0 -51.871
v 87.13 0 -47.746
v 77.489 0 -45.403
v 73.346 0 -53.696
v 89.79 0 -54.485
v 96.223 0 -52.013
v 78.5 0 -45.769
v 73.413 0 -52.628
v 85.958 0 -56.047
v 79.551 0 -46.11
v 73.434 0 -51.424
v 86.882 0 -47.71
v 80.634 0 -46.425
v 73.42 0 -49.99
v 81.74 0 -46.71
v 73.402 0 -49.196
v 73.38 0 -48.502
v 93.449 0 -53.045
v 73.353 0 -47.905
v 92.559 0 -53.39
v 73.32 0 -47.401
v 91.551 0 -53.785
v 82.879 0 -46.987
v 90.577 0 -54.17
v 84.476 0 -47.311
v 84.96 0 -47.404
v 85.364 0 -47.476
v 73.186 10 -43.9
v 73.1 10 -44.02
v 73.138 10 -43.95
v 73.039 10 -44.529
v 73.055 10 -44.207
v 73.088 10 -45.478
v 73.05 10 -44.961
v 73.24 10 -46.66
v 73.152 10 -46.053
v 72.8 10 -57.02
v 72.713 10 -57.48
v 72.746 10 -57.286
v 72.713 10 -57.74
v 72.702 10 -57.624
v 72.8 10 -57.98
v 72.746 10 -57.851
v 73.123 10 -58.358
v 72.934 10 -58.203
v 73.881 10 -58.512
v 73.42 10 -58.458
v 75.51 10 -58.53
v 74.559 10 -58.532
v 77.927 10 -58.434
v 76.794 10 -58.502
v 79.917 10 -58.149
v 78.952 10 -58.319
v 81.84 10 -57.62
v 80.864 10 -57.919
v 82.694 10 -57.327
v 82.229 10 -57.489
v 83.653 10 -56.98
v 83.185 10 -57.151
v 84.32 10 -56.72
v 84.047 10 -56.83
v 84.649 10 -56.588
v 84.803 10 -56.527
v 84.7 10 -56.57
v 84.922 10 -56.479
v 85.215 10 -56.358
v 85.059 10 -56.423
v 85.59 10 -56.2
v 85.391 10 -56.284
v 87.49 10 -55.43
v 88.336 10 -55.091
v 87.927 10 -55.256
v 89 10 -54.816
v 88.7 10 -54.941
v 89.34 10 -54.67
v 89.22 10 -54.723
v 94.07 10 -52.81
v 94.516 10 -52.645
v 94.298 10 -52.726
v 94.88 10 -52.509
v 94.714 10 -52.571
v 95.08 10 -52.43
v 95.006 10 -52.46
v 95.204 10 -52.386
v 95.134 10 -52.411
v 95.457 10 -52.297
v 95.623 10 -52.243
v 95.54 10 -52.27
v 95.798 10 -52.18
v 95.711 10 -52.212
v 95.952 10 -52.117
v 95.879 10 -52.148
v 98.441 10 -51.307
v 99.127 10 -51.09
v 98.92 10 -51.16
v 99.567 10 -50.899
v 99.351 10 -50.999
v 99.882 10 -50.717
v 99.753 10 -50.801
v 99.909 10 -50.609
v 99.93 10 -50.66
v 99.764 10 -50.463
v 99.852 10 -50.541
v 99.521 10 -50.296
v 99.651 10 -50.379
v 99.164 10 -50.126
v 99.38 10 -50.22
v 98.475 10 -49.871
v 98.847 10 -50.004
v 97.746 10 -49.633
v 98.093 10 -49.742
v 97.39 10 -49.542
v 97.48 10 -49.56
v 96.948 10 -49.436
v 96.418 10 -49.311
v 96.85 10 -49.41
v 95.588 10 -49.134
v 96.005 10 -49.22
v 94.644 10 -48.953
v 95.142 10 -49.046
v 94.07 10 -48.85
v 93.662 10 -48.776
v 93.874 10 -48.814
v 93.238 10 -48.701
v 93.446 10 -48.737
v 92.89 10 -48.64
v 92.241 10 -48.525
v 92.572 10 -48.584
v 91.549 10 -48.408
v 91.899 10 -48.466
v 90.84 10 -48.3
v 91.195 10 -48.352
v 90.493 10 -48.243
v 90.677 10 -48.273
v 90.104 10 -48.181
v 90.299 10 -48.211
v 89.75 10 -48.13
v 89.918 10 -48.153
v 89.577 10 -48.103
v 89.183 10 -48.041
v 89.384 10 -48.073
v 88.795 10 -47.983
v 88.983 10 -48.011
v 88.28 10 -47.91
v 87.886 10 -47.85
v 88.084 10 -47.88
v 87.53 10 -47.8
v 87.698 10 -47.823
v 86.355 10 -47.631
v 85.731 10 -47.535
v 86.1 10 -47.59
v 83.869 10 -47.189
v 82.996 10 -47.011
v 83.1 10 -47.03
v 82.755 10 -46.959
v 82.514 10 -46.903
v 82.631 10 -46.93
v 75.62 10 -44.61
v 74.517 10 -44.092
v 74.981 10 -44.306
v 73.946 10 -43.874
v 74.186 10 -43.954
v 73.57 10 -43.83
v 73.754 10 -43.838
v 73.33 10 -43.844
v 73.436 10 -43.833
v 73.249 10 -43.865
v 73.048 10 -55.799
v 84.384 10 -56.694
v 84.588 10 -56.611
v 85.725 10 -56.143
v 87.055 10 -55.604
v 95.284 10 -52.357
v 96.01 10 -52.09
v 97.848 10 -51.492
v 97.286 10 -49.519
v 97.058 10 -49.464
v 88.63 10 -47.96
v 86.62 10 -47.671
v 82.41 10 -46.88
v 73.283 10 -46.987
v 84.452 10 -56.666
v 97.173 10 -49.493
v 93.049 10 -48.668
v 88.466 10 -47.937
v 76.526 10 -45.016
v 73.227 10 -54.722
v 84.521 10 -56.638
v 86.642 10 -55.77
v 95.37 10 -52.327
v 97.225 10 -51.689
v 87.35 10 -47.776
v 86.27 10 -55.92
v 96.656 10 -51.871
v 87.13 10 -47.746
v 77.489 10 -45.403
v 73.346 10 -53.696
v 89.79 10 -54.485
v 96.223 10 -52.013
v 78.5 10 -45.769
v 73.413 10 -52.628
v 85.958 10 -56.047
v 79.551 10 -46.11
v 73.434 10 -51.424
v 86.882 10 -47.71
v 80.634 10 -46.425
v 73.42 10 -49.99
v 81.74 10 -46.71
v 73.402 10 -49.196
v 73.38 10 -48.502
v 93.449 10 -53.045
v 73.353 10 -47.905
v 92.559 10 -53.39
v 73.32 10 -47.401
v 91.551 10 -53.785
v 82.879 10 -46.987
v 90.577 10 -54.17
v 84.476 10 -47.311
v 84.96 10 -47.404
v 85.364 10 -47.476
f 3441 3442 3443
f 3444 3441 3445
f 3446 3444 3447
f 3448 3446 3449
f 3450 3451 3452
f 3453 3450 3454
f 3455 3453 3456
f 3457 3455 3458
f 3459 3457 3460
f 3461 3459 3462
f 3463 3461 3464
f 3465 3463 3466
f 3467 3465 3468
f 3469 3467 3470
f 3471 3469 3472
f 3473 3471 3474
f 3475 3476 3477
f 3478 3479 3480
f 3481 3478 3482
f 3483 3484 3485
f 3486 3483 3487
f 3488 3486 3489
f 3490 3491 3492
f 3493 3490 3494
f 3495 3493 3496
f 3497 3495 3498
f 3499 3500 3501
f 3502 3499 3503
f 3504 3502 3505
f 3506 3507 3508
f 3509 3506 3510
f 3511 3509 3512
f 3513 3511 3514
f 3515 3513 3516
f 3517 3515 3518
f 3519 3517 3520
f 3521 3519 3522
f 3523 3521 3524
f 3525 3523 3526
f 3527 3528 3529
f 3530 3527 3531
f 3532 3530 3533
f 3534 3535 3536
f 3537 3534 3538
f 3539 3540 3541
f 3542 3539 3543
f 3544 3542 3545
f 3546 3544 3547
f 3548 3546 3549
f 3550 3548 3551
f 3552 3553 3554
f 3555 3552 3556
f 3557 3558 3559
f 3560 3557 3561
f 3562 3563 3564
f 3565 3566 3567
f 3568 3569 3570
f 3571 3572 3573
f 3574 3571 3575
f 3576 3574 3577
f 3578 3576 3579
f 3442 3578 3580
f 3444 3442 3441
f 3448 3444 3446
f 3450 3581 3451
f 3455 3450 3453
f 3459 3455 3457
f 3463 3459 3461
f 3467 3463 3465
f 3471 3467 3469
f 3582 3471 3473
f 3475 3583 3476
f 3478 3475 3479
f 3584 3478 3481
f 3483 3585 3484
f 3488 3483 3486
f 3493 3491 3490
f 3586 3495 3497
f 3502 3500 3499
f 3587 3502 3504
f 3506 3588 3507
f 3511 3506 3509
f 3515 3511 3513
f 3519 3515 3517
f 3523 3519 3521
f 3589 3523 3525
f 3527 3590 3528
f 3532 3527 3530
f 3537 3535 3534
f 3542 3540 3539
f 3548 3544 3546
f 3552 3550 3553
f 3591 3552 3555
f 3560 3558 3557
f 3562 3592 3563
f 3593 3569 3568
f 3574 3572 3571
f 3578 3574 3576
f 3444 3578 3442
f 3594 3444 3448
f 3455 3581 3450
f 3463 3455 3459
f 3471 3463 3467
f 3595 3471 3582
f 3478 3583 3475
f 3488 3585 3483
f 3495 3491 3493
f 3587 3500 3502
f 3511 3588 3506
f 3519 3511 3515
f 3589 3519 3523
f 3527 3596 3590
f 3535 3527 3532
f 3597 3535 3537
f 3542 3597 3540
f 3550 3544 3548
f 3591 3550 3552
f 3560 3598 3558
f 3574 3599 3572
f 3444 3574 3578
f 3455 3600 3581
f 3471 3455 3463
f 3601 3471 3595
f 3478 3601 3583
f 3488 3602 3585
f 3587 3603 3500
f 3511 3604 3588
f 3589 3511 3519
f 3535 3596 3527
f 3542 3535 3597
f 3591 3544 3550
f 3605 3598 3560
f 3444 3599 3574
f 3471 3600 3455
f 3478 3471 3601
f 3488 3606 3602
f 3587 3586 3603
f 3511 3607 3604
f 3596 3511 3589
f 3542 3596 3535
f 3598 3544 3591
f 3608 3598 3605
f 3444 3609 3599
f 3471 3610 3600
f 3584 3471 3478
f 3611 3606 3488
f 3587 3495 3586
f 3511 3612 3607
f 3542 3511 3596
f 3608 3544 3598
f 3444 3613 3609
f 3471 3614 3610
f 3615 3471 3584
f 3611 3615 3606
f 3542 3612 3511
f 3608 3542 3544
f 3444 3616 3613
f 3471 3617 3614
f 3611 3471 3615
f 3542 3587 3612
f 3618 3542 3608
f 3444 3619 3616
f 3471 3620 3617
f 3542 3495 3587
f 3592 3542 3618
f 3444 3621 3619
f 3471 3622 3620
f 3542 3491 3495
f 3444 3593 3621
f 3471 3623 3622
f 3542 3624 3491
f 3594 3593 3444
f 3471 3625 3623
f 3542 3626 3624
f 3594 3569 3593
f 3471 3627 3625
f 3542 3628 3626
f 3594 3629 3569
f 3471 3594 3627
f 3542 3630 3628
f 3594 3565 3629
f 3611 3594 3471
f 3542 3611 3630
f 3594 3566 3565
f 3542 3594 3611
f 3594 3631 3566
f 3592 3594 3542
f 3594 3632 3631
f 3562 3594 3592
f 3594 3633 3632
f 3633 3594 3562
f 3634 3635 3636
f 3635 3637 3638
f 3637 3639 3640
f 3639 3641 3642
f 3643 3644 3645
f 3644 3646 3647
f 3646 3648 3649
f 3648 3650 3651
f 3650 3652 3653
f 3652 3654 3655
f 3654 3656 3657
f 3656 3658 3659
f 3658 3660 3661
f 3660 3662 3663
f 3662 3664 3665
f 3664 3666 3667
f 3668 3669 3670
f 3671 3672 3673
f 3672 3674 3675
f 3676 3677 3678
f 3677 3679 3680
f 3679 3681 3682
f 3683 3684 3685
f 3684 3686 3687
f 3686 3688 3689
f 3688 3690 3691
f 3692 3693 3694
f 3693 3695 3696
f 3695 3697 3698
f 3699 3700 3701
f 3700 3702 3703
f 3702 3704 3705
f 3704 3706 3707
f 3706 3708 3709
f 3708 3710 3711
f 3710 3712 3713
f 3712 3714 3715
f 3714 3716 3717
f 3716 3718 3719
f 3720 3721 3722
f 3721 3723 3724
f 3723 3725 3726
f 3727 3728 3729
f 3728 3730 3731
f 3732 3733 3734
f 3733 3735 3736
f 3735 3737 3738
f 3737 3739 3740
f 3739 3741 3742
f 3741 3743 3744
f 3745 3746 3747
f 3746 3748 3749
f 3750 3751 3752
f 3751 3753 3754
f 3755 3756 3757
f 3758 3759 3760
f 3761 3762 3763
f 3764 3765 3766
f 3765 3767 3768
f 3767 3769 3770
f 3769 3771 3772
f 3771 3634 3773
f 3634 3637 3635
f 3637 3641 3639
f 3774 3644 3643
f 3644 3648 3646
f 3648 3652 3650
f 3652 3656 3654
f 3656 3660 3658
f 3660 3664 3662
f 3664 3775 3666
f 3776 3669 3668
f 3669 3672 3671
f 3672 3777 3674
f 3778 3677 3676
f 3677 3681 3679
f 3683 3686 3684
f 3688 3779 3690
f 3692 3695 3693
f 3695 3780 3697
f 3781 3700 3699
f 3700 3704 3702
f 3704 3708 3706
f 3708 3712 3710
f 3712 3716 3714
f 3716 3782 3718
f 3783 3721 3720
f 3721 3725 3723
f 3727 3730 3728
f 3732 3735 3733
f 3737 3741 3739
f 3743 3746 3745
f 3746 3784 3748
f 3750 3753 3751
f 3785 3756 3755
f 3761 3786 3762
f 3764 3767 3765
f 3767 3771 3769
f 3771 3637 3634
f 3637 3787 3641
f 3774 3648 3644
f 3648 3656 3652
f 3656 3664 3660
f 3664 3788 3775
f 3776 3672 3669
f 3778 3681 3677
f 3683 3688 3686
f 3692 3780 3695
f 3781 3704 3700
f 3704 3712 3708
f 3712 3782 3716
f 3789 3721 3783
f 3721 3727 3725
f 3727 3790 3730
f 3790 3735 3732
f 3737 3743 3741
f 3743 3784 3746
f 3791 3753 3750
f 3792 3767 3764
f 3767 3637 3771
f 3793 3648 3774
f 3648 3664 3656
f 3664 3794 3788
f 3794 3672 3776
f 3795 3681 3778
f 3796 3780 3692
f 3797 3704 3781
f 3704 3782 3712
f 3789 3727 3721
f 3727 3735 3790
f 3737 3784 3743
f 3791 3798 3753
f 3792 3637 3767
f 3793 3664 3648
f 3664 3672 3794
f 3799 3681 3795
f 3779 3780 3796
f 3800 3704 3797
f 3704 3789 3782
f 3789 3735 3727
f 3737 3791 3784
f 3791 3801 3798
f 3802 3637 3792
f 3803 3664 3793
f 3664 3777 3672
f 3799 3804 3681
f 3688 3780 3779
f 3805 3704 3800
f 3704 3735 3789
f 3737 3801 3791
f 3806 3637 3802
f 3807 3664 3803
f 3664 3808 3777
f 3808 3804 3799
f 3805 3735 3704
f 3735 3801 3737
f 3809 3637 3806
f 3810 3664 3807
f 3664 3804 3808
f 3780 3735 3805
f 3735 3811 3801
f 3812 3637 3809
f 3813 3664 3810
f 3688 3735 3780
f 3735 3785 3811
f 3814 3637 3812
f 3815 3664 3813
f 3683 3735 3688
f 3786 3637 3814
f 3816 3664 3815
f 3817 3735 3683
f 3786 3787 3637
f 3818 3664 3816
f 3819 3735 3817
f 3761 3787 3786
f 3820 3664 3818
f 3821 3735 3819
f 3822 3787 3761
f 3787 3664 3820
f 3823 3735 3821
f 3759 3787 3822
f 3787 3804 3664
f 3804 3735 3823
f 3758 3787 3759
f 3787 3735 3804
f 3824 3787 3758
f 3787 3785 3735
f 3825 3787 3824
f 3787 3756 3785
f 3826 3787 3825
f 3787 3826 3756
f 3441 3635 3445
f 3445 3635 3638
f 3445 3638 3444
f 3444 3638 3637
f 3444 3637 3447
f 3447 3637 3640
f 3447 3640 3446
f 3446 3640 3639
f 3446 3639 3449
f 3449 3639 3642
f 3449 3642 3448
f 3448 3642 3641
f 3448 3641 3594
f 3594 3641 3787
f 3594 3787 3627
f 3627 3787 3820
f 3627 3820 3625
f 3625 3820 3818
f 3625 3818 3623
f 3623 3818 3816
f 3623 3816 3622
f 3622 3816 3815
f 3622 3815 3620
f 3620 3815 3813
f 3620 3813 3617
f 3617 3813 3810
f 3617 3810 3614
f 3614 3810 3807
f 3614 3807 3610
f 3610 3807 3803
f 3610 3803 3600
f 3600 3803 3793
f 3600 3793 3581
f 3581 3793 3774
f 3581 3774 3451
f 3451 3774 3643
f 3451 3643 3452
f 3452 3643 3645
f 3452 3645 3450
f 3450 3645 3644
f 3450 3644 3454
f 3454 3644 3647
f 3454 3647 3453
f 3453 3647 3646
f 3453 3646 3456
f 3456 3646 3649
f 3456 3649 3455
f 3455 3649 3648
f 3455 3648 3458
f 3458 3648 3651
f 3458 3651 3457
f 3457 3651 3650
f 3457 3650 3460
f 3460 3650 3653
f 3460 3653 3459
f 3459 3653 3652
f 3459 3652 3462
f 3462 3652 3655
f 3462 3655 3461
f 3461 3655 3654
f 3461 3654 3464
f 3464 3654 3657
f 3464 3657 3463
f 3463 3657 3656
f 3463 3656 3466
f 3466 3656 3659
f 3466 3659 3465
f 3465 3659 3658
f 3465 3658 3468
f 3468 3658 3661
f 3468 3661 3467
f 3467 3661 3660
f 3467 3660 3470
f 3470 3660 3663
f 3470 3663 3469
f 3469 3663 3662
f 3469 3662 3472
f 3472 3662 3665
f 3472 3665 3471
f 3471 3665 3664
f 3471 3664 3474
f 3474 3664 3667
f 3474 3667 3473
f 3473 3667 3666
f 3473 3666 3582
f 3582 3666 3775
f 3582 3775 3595
f 3595 3775 3788
f 3595 3788 3601
f 3601 3788 3794
f 3601 3794 3583
f 3583 3794 3776
f 3583 3776 3476
f 3476 3776 3668
f 3476 3668 3477
f 3477 3668 3670
f 3477 3670 3475
f 3475 3670 3669
f 3475 3669 3479
f 3479 3669 3671
f 3479 3671 3480
f 3480 3671 3673
f 3480 3673 3478
f 3478 3673 3672
f 3478 3672 3482
f 3482 3672 3675
f 3482 3675 3481
f 3481 3675 3674
f 3481 3674 3584
f 3584 3674 3777
f 3584 3777 3615
f 3615 3777 3808
f 3615 3808 3606
f 3606 3808 3799
f 3606 3799 3602
f 3602 3799 3795
f 3602 3795 3585
f 3585 3795 3778
f 3585 3778 3484
f 3484 3778 3676
f 3484 3676 3485
f 3485 3676 3678
f 3485 3678 3483
f 3483 3678 3677
f 3483 3677 3487
f 3487 3677 3680
f 3487 3680 3486
f 3486 3680 3679
f 3486 3679 3489
f 3489 3679 3682
f 3489 3682 3488
f 3488 3682 3681
f 3488 3681 3611
f 3611 3681 3804
f 3611 3804 3630
f 3630 3804 3823
f 3630 3823 3628
f 3628 3823 3821
f 3628 3821 3626
f 3626 3821 3819
f 3626 3819 3624
f 3624 3819 3817
f 3624 3817 3491
f 3491 3817 3683
f 3491 3683 3492
f 3492 3683 3685
f 3492 3685 3490
f 3490 3685 3684
f 3490 3684 3494
f 3494 3684 3687
f 3494 3687 3493
f 3493 3687 3686
f 3493 3686 3496
f 3496 3686 3689
f 3496 3689 3495
f 3495 3689 3688
f 3495 3688 3498
f 3498 3688 3691
f 3498 3691 3497
f 3497 3691 3690
f 3497 3690 3586
f 3586 3690 3779
f 3586 3779 3603
f 3603 3779 3796
f 3603 3796 3500
f 3500 3796 3692
f 3500 3692 3501
f 3501 3692 3694
f 3501 3694 3499
f 3499 3694 3693
f 3499 3693 3503
f 3503 3693 3696
f 3503 3696 3502
f 3502 3696 3695
f 3502 3695 3505
f 3505 3695 3698
f 3505 3698 3504
f 3504 3698 3697
f 3504 3697 3587
f 3587 3697 3780
f 3587 3780 3612
f 3612 3780 3805
f 3612 3805 3607
f 3607 3805 3800
f 3607 3800 3604
f 3604 3800 3797
f 3604 3797 3588
f 3588 3797 3781
f 3588 3781 3507
f 3507 3781 3699
f 3507 3699 3508
f 3508 3699 3701
f 3508 3701 3506
f 3506 3701 3700
f 3506 3700 3510
f 3510 3700 3703
f 3510 3703 3509
f 3509 3703 3702
f 3509 3702 3512
f 3512 3702 3705
f 3512 3705 3511
f 3511 3705 3704
f 3511 3704 3514
f 3514 3704 3707
f 3514 3707 3513
f 3513 3707 3706
f 3513 3706 3516
f 3516 3706 3709
f 3516 3709 3515
f 3515 3709 3708
f 3515 3708 3518
f 3518 3708 3711
f 3518 3711 3517
f 3517 3711 3710
f 3517 3710 3520
f 3520 3710 3713
f 3520 3713 3519
f 3519 3713 3712
f 3519 3712 3522
f 3522 3712 3715
f 3522 3715 3521
f 3521 3715 3714
f 3521 3714 3524
f 3524 3714 3717
f 3524 3717 3523
f 3523 3717 3716
f 3523 3716 3526
f 3526 3716 3719
f 3526 3719 3525
f 3525 3719 3718
f 3525 3718 3589
f 3589 3718 3782
f 3589 3782 3596
f 3596 3782 3789
f 3596 3789 3590
f 3590 3789 3783
f 3590 3783 3528
f 3528 3783 3720
f 3528 3720 3529
f 3529 3720 3722
f 3529 3722 3527
f 3527 3722 3721
f 3527 3721 3531
f 3531 3721 3724
f 3531 3724 3530
f 3530 3724 3723
f 3530 3723 3533
f 3533 3723 3726
f 3533 3726 3532
f 3532 3726 3725
f 3532 3725 3535
f 3535 3725 3727
f 3535 3727 3536
f 3536 3727 3729
f 3536 3729 3534
f 3534 3729 3728
f 3534 3728 3538
f 3538 3728 3731
f 3538 3731 3537
f 3537 3731 3730
f 3537 3730 3597
f 3597 3730 3790
f 3597 3790 3540
f 3540 3790 3732
f 3540 3732 3541
f 3541 3732 3734
f 3541 3734 3539
f 3539 3734 3733
f 3539 3733 3543
f 3543 3733 3736
f 3543 3736 3542
f 3542 3736 3735
f 3542 3735 3545
f 3545 3735 3738
f 3545 3738 3544
f 3544 3738 3737
f 3544 3737 3547
f 3547 3737 3740
f 3547 3740 3546
f 3546 3740 3739
f 3546 3739 3549
f 3549 3739 3742
f 3549 3742 3548
f 3548 3742 3741
f 3548 3741 3551
f 3551 3741 3744
f 3551 3744 3550
f 3550 3744 3743
f 3550 3743 3553
f 3553 3743 3745
f 3553 3745 3554
f 3554 3745 3747
f 3554 3747 3552
f 3552 3747 3746
f 3552 3746 3556
f 3556 3746 3749
f 3556 3749 3555
f 3555 3749 3748
f 3555 3748 3591
f 3591 3748 3784
f 3591 3784 3598
f 3598 3784 3791
f 3598 3791 3558
f 3558 3791 3750
f 3558 3750 3559
f 3559 3750 3752
f 3559 3752 3557
f 3557 3752 3751
f 3557 3751 3561
f 3561 3751 3754
f 3561 3754 3560
f 3560 3754 3753
f 3560 3753 3605
f 3605 3753 3798
f 3605 3798 3608
f 3608 3798 3801
f 3608 3801 3618
f 3618 3801 3811
f 3618 3811 3592
f 3592 3811 3785
f 3592 3785 3563
f 3563 3785 3755
f 3563 3755 3564
f 3564 3755 3757
f 3564 3757 3562
f 3562 3757 3756
f 3562 3756 3633
f 3633 3756 3826
f 3633 3826 3632
f 3632 3826 3825
f 3632 3825 3631
f 3631 3825 3824
f 3631 3824 3566
f 3566 3824 3758
f 3566 3758 3567
f 3567 3758 3760
f 3567 3760 3565
f 3565 3760 3759
f 3565 3759 3629
f 3629 3759 3822
f 3629 3822 3569
f 3569 3822 3761
f 3569 3761 3570
f 3570 3761 3763
f 3570 3763 3568
f 3568 3763 3762
f 3568 3762 3593
f 3593 3762 3786
f 3593 3786 3621
f 3621 3786 3814
f 3621 3814 3619
f 3619 3814 3812
f 3619 3812 3616
f 3616 3812 3809
f 3616 3809 3613
f 3613 3809 3806
f 3613 3806 3609
f 3609 3806 3802
f 3609 3802 3599
f 3599 3802 3792
f 3599 3792 3572
f 3572 3792 3764
f 3572 3764 3573
f 3573 3764 3766
f 3573 3766 3571
f 3571 3766 3765
f 3571 3765 3575
f 3575 3765 3768
f 3575 3768 3574
f 3574 3768 3767
f 3574 3767 3577
f 3577 3767 3770
f 3577 3770 3576
f 3576 3770 3769
f 3576 3769 3579
f 3579 3769 3772
f 3579 3772 3578
f 3578 3772 3771
f 3578 3771 3580
f 3580 3771 3773
f 3580 3773 3442
f 3442 3773 3634
f 3442 3634 3443
f 3443 3634 3636
f 3443 3636 3441
f 3441 3636 3635
