o 
v 8.14 0 -50.53
v 0.589 0 -52.576
v 8.114 0 -52.676
v 10.585 0 -35.835
v 10.469 0 -36.172
v 10.529 0 -35.997
v 10.67 0 -35.58
v 10.633 0 -35.693
v 10.778 0 -35.31
v 10.718 0 -35.463
v 10.922 0 -34.93
v 10.847 0 -35.129
v 11.07 0 -34.52
v 10.997 0 -34.724
v 16.226 0 -25.014
v 16.17 0 -25.08
v 16.192 0 -25.056
v 16.32 0 -24.893
v 16.27 0 -24.959
v 16.43 0 -24.74
v 16.375 0 -24.819
v 34.468 0 -10.858
v 34.005 0 -11.059
v 34.38 0 -10.9
v 34.87 0 -10.678
v 34.673 0 -10.766
v 34.776 0 -10.721
v 36.867 0 -9.934
v 36.493 0 -10.057
v 36.76 0 -9.97
v 37.074 0 -9.857
v 36.973 0 -9.896
v 37.238 0 -9.788
v 37.164 0 -9.821
v 37.609 0 -9.681
v 37.531 0 -9.679
v 37.57 0 -9.68
v 37.706 0 -9.662
v 37.656 0 -9.675
v 37.806 0 -9.624
v 37.757 0 -9.645
v 46.039 0 -8.03
v 44.779 0 -8.133
v 45.69 0 -8.06
v 46.632 0 -7.975
v 46.358 0 -8.001
v 46.992 0 -7.933
v 46.849 0 -7.952
v 62.393 0 -9.639
v 62.29 0 -9.6
v 62.339 0 -9.62
v 62.507 0 -9.668
v 62.45 0 -9.655
v 62.61 0 -9.68
v 62.561 0 -9.677
v 62.843 0 -9.777
v 62.804 0 -9.737
v 62.82 0 -9.76
v 62.93 0 -9.82
v 62.88 0 -9.798
v 63.057 0 -9.863
v 62.99 0 -9.842
v 71.043 0 -13.52
v 70.77 0 -13.35
v 70.912 0 -13.44
v 71.251 0 -13.637
v 71.158 0 -13.586
v 71.35 0 -13.68
v 71.317 0 -13.669
v 72.98 0 -14.72
v 72.177 0 -14.201
v 72.559 0 -14.449
v 81.761 0 -22.551
v 81.46 0 -22.18
v 81.616 0 -22.374
v 81.992 0 -22.826
v 81.889 0 -22.704
v 82.1 0 -22.95
v 82.064 0 -22.91
v 83.812 0 -25.151
v 82.797 0 -23.835
v 83.03 0 -24.14
v 86.221 0 -28.87
v 85.98 0 -28.41
v 86.096 0 -28.635
v 86.469 0 -29.32
v 86.348 0 -29.103
v 86.67 0 -29.66
v 86.579 0 -29.51
v 89.446 0 -35.976
v 89.16 0 -35.2
v 89.33 0 -35.67
v 90.41 0 -39.011
v 90.36 0 -38.83
v 90.383 0 -38.914
v 90.62 0 -39.757
v 90.497 0 -39.322
v 90.52 0 -39.41
v 90.87 0 -40.66
v 90.795 0 -40.383
v 90.832 0 -40.522
v 90.851 0 -59.116
v 90.97 0 -58.67
v 90.91 0 -58.893
v 90.749 0 -59.514
v 90.796 0 -59.326
v 90.69 0 -59.78
v 90.713 0 -59.669
v 90.368 0 -60.936
v 90.435 0 -60.714
v 90.4 0 -60.829
v 90.317 0 -61.125
v 90.34 0 -61.03
v 90.203 0 -61.527
v 90.26 0 -61.331
v 90.23 0 -61.433
v 90.158 0 -61.7
v 90.18 0 -61.61
v 89.802 0 -62.905
v 89.975 0 -62.322
v 89.92 0 -62.5
v 89.103 0 -64.976
v 89.16 0 -64.84
v 89.135 0 -64.897
v 89.027 0 -65.174
v 89.066 0 -65.07
v 88.95 0 -65.39
v 88.987 0 -65.283
v 88.176 0 -67.44
v 88.25 0 -67.27
v 88.214 0 -67.353
v 82.164 0 -77.168
v 82.27 0 -77.05
v 82.235 0 -77.088
v 81.939 0 -77.426
v 82.064 0 -77.283
v 81.64 0 -77.77
v 81.796 0 -77.59
v 59.199 0 -91.314
v 59.47 0 -91.25
v 59.336 0 -91.281
v 58.944 0 -91.379
v 59.066 0 -91.348
v 58.76 0 -91.43
v 58.84 0 -91.407
v 57.043 0 -91.597
v 57.827 0 -91.543
v 57.56 0 -91.56
v 56.24 0 -91.73
v 56.609 0 -91.653
v 55.624 0 -91.969
v 55.918 0 -91.834
v 54.982 0 -92.422
v 55.34 0 -92.14
v 54.231 0 -93.254
v 54.61 0 -92.796
v 53.471 0 -94.402
v 53.85 0 -93.791
v 52.687 0 -95.848
v 53.1 0 -95.08
v 46.515 0 -94.204
v 47.38 0 -95.71
v 46.935 0 -94.912
v 45.772 0 -93.1
v 46.125 0 -93.596
v 45.2 0 -92.48
v 45.461 0 -92.724
v 44.467 0 -92.11
v 44.896 0 -92.296
v 43.366 0 -91.77
v 43.946 0 -91.931
v 42.16 0 -91.54
v 42.759 0 -91.637
v 41.394 0 -91.401
v 41.563 0 -91.441
v 41.48 0 -91.42
v 41.007 0 -91.314
v 41.283 0 -91.376
v 41.151 0 -91.346
v 40.71 0 -91.25
v 40.858 0 -91.281
v 39.508 0 -90.941
v 39.729 0 -91.006
v 39.62 0 -90.974
v 34.949 0 -89.406
v 35.1 0 -89.47
v 35.026 0 -89.439
v 34.795 0 -89.344
v 34.87 0 -89.374
v 34.67 0 -89.3
v 34.727 0 -89.319
v 34.544 0 -89.246
v 34.615 0 -89.276
v 34.116 0 -89.058
v 34.29 0 -89.136
v 34.21 0 -89.1
v 33.845 0 -88.942
v 33.992 0 -89.004
v 33.52 0 -88.807
v 33.685 0 -88.876
v 13.59 0 -70.759
v 13.75 0 -71.04
v 13.677 0 -70.911
v 13.4 0 -70.427
v 13.496 0 -70.595
v 13.22 0 -70.12
v 13.306 0 -70.266
v 11.131 0 -65.883
v 11.25 0 -66.16
v 11.192 0 -66.024
v 10.86 0 -65.212
v 10.93 0 -65.39
v 10.897 0 -65.302
v 10.783 0 -65.038
v 10.821 0 -65.122
v 10.72 0 -64.9
v 10.749 0 -64.963
v 10.59 0 -64.579
v 10.653 0 -64.732
v 10.244 0 -63.684
v 10.438 0 -64.195
v 10.4 0 -64.09
v 8.17 0 -54.47
v 0.787 0 -55.738
v 0.669 0 -54.202
v 0.966 0 -57.322
v 0.94 0 -57.14
v 1.063 0 -58.036
v 1.018 0 -57.702
v 1.041 0 -57.88
v 1.097 0 -58.276
v 1.08 0 -58.16
v 1.14 0 -58.554
v 1.118 0 -58.41
v 1.223 0 -59.101
v 1.183 0 -58.841
v 1.2 0 -58.97
v 1.406 0 -60.135
v 1.343 0 -59.786
v 1.37 0 -59.95
v 1.508 0 -60.641
v 1.453 0 -60.37
v 1.629 0 -61.231
v 1.567 0 -60.933
v 1.861 0 -62.316
v 1.69 0 -61.52
v 1.779 0 -61.945
v 2.026 0 -62.994
v 1.941 0 -62.658
v 2.23 0 -63.75
v 2.12 0 -63.35
v 2.278 0 -63.929
v 2.252 0 -63.833
v 2.335 0 -64.131
v 2.306 0 -64.03
v 2.39 0 -64.31
v 2.364 0 -64.227
v 2.774 0 -65.562
v 2.555 0 -64.883
v 3.289 0 -67.005
v 3.026 0 -66.289
v 3.76 0 -68.17
v 3.541 0 -67.651
v 4.253 0 -69.342
v 4.035 0 -68.811
v 4.08 0 -68.93
v 4.731 0 -70.405
v 4.471 0 -69.835
v 5.373 0 -71.761
v 5.033 0 -71.049
v 6.024 0 -73.092
v 5.75 0 -72.54
v 6.552 0 -74.103
v 6.283 0 -73.597
v 7.221 0 -75.293
v 6.857 0 -74.653
v 8.242 0 -77.01
v 7.67 0 -76.07
v 9.74 0 -79.171
v 8.941 0 -78.056
v 11.531 0 -81.469
v 10.612 0 -80.321
v 13.037 0 -83.201
v 12.47 0 -82.58
v 14.774 0 -85.004
v 13.843 0 -84.047
v 16.561 0 -86.79
v 15.717 0 -85.956
v 18.472 0 -88.506
v 17.19 0 -87.39
v 21.358 0 -90.757
v 19.877 0 -89.64
v 24.356 0 -92.802
v 22.866 0 -91.823
v 26.461 0 -94.031
v 25.78 0 -93.66
v 28.282 0 -94.98
v 27.341 0 -94.494
v 29.791 0 -95.729
v 29.145 0 -95.416
v 30.108 0 -95.857
v 30.08 0 -95.85
v 30.422 0 -95.98
v 30.234 0 -95.905
v 30.322 0 -95.94
v 31.592 0 -96.479
v 30.53 0 -96.02
v 31.079 0 -96.262
v 32.561 0 -96.861
v 32.083 0 -96.677
v 33.53 0 -97.2
v 33.04 0 -97.033
v 34.577 0 -97.595
v 34.48 0 -97.55
v 34.527 0 -97.574
v 34.676 0 -97.625
v 34.627 0 -97.613
v 34.76 0 -97.63
v 34.721 0 -97.631
v 35.316 0 -97.815
v 34.996 0 -97.686
v 35.04 0 -97.71
v 36.509 0 -98.173
v 35.832 0 -97.977
v 38.031 0 -98.576
v 37.268 0 -98.38
v 39.36 0 -98.886
v 38.72 0 -98.74
v 40.495 0 -99.129
v 39.947 0 -99.014
v 41.524 0 -99.329
v 41.016 0 -99.233
v 43.05 0 -99.59
v 42.03 0 -99.42
v 45.908 0 -99.897
v 44.347 0 -99.767
v 49.529 0 -100.003
v 47.66 0 -99.976
v 53.32 0 -99.89
v 51.44 0 -99.975
v 56.257 0 -99.653
v 54.873 0 -99.782
v 58.683 0 -99.311
v 57.514 0 -99.497
v 60.92 0 -98.82
v 59.805 0 -99.087
v 61.191 0 -98.751
v 61.03 0 -98.792
v 62.354 0 -98.472
v 61.863 0 -98.587
v 62.11 0 -98.53
v 62.803 0 -98.355
v 62.589 0 -98.413
v 63.124 0 -98.264
v 62.985 0 -98.304
v 63.281 0 -98.217
v 63.21 0 -98.24
v 63.921 0 -98.029
v 63.697 0 -98.091
v 63.81 0 -98.06
v 64.134 0 -97.964
v 64.03 0 -97.996
v 64.303 0 -97.909
v 64.226 0 -97.934
v 64.804 0 -97.747
v 64.526 0 -97.836
v 64.655 0 -97.795
v 65.13 0 -97.64
v 64.965 0 -97.695
v 65.454 0 -97.537
v 65.295 0 -97.589
v 65.726 0 -97.443
v 65.6 0 -97.488
v 65.89 0 -97.38
v 65.825 0 -97.406
v 67.295 0 -96.864
v 66.61 0 -97.11
v 66.926 0 -96.999
v 68.075 0 -96.566
v 67.688 0 -96.716
v 68.72 0 -96.3
v 68.429 0 -96.423
v 70.26 0 -95.642
v 69.193 0 -96.103
v 69.28 0 -96.07
v 72.368 0 -94.621
v 71.303 0 -95.152
v 74.402 0 -93.524
v 73.414 0 -94.071
v 75.509 0 -92.866
v 75.29 0 -93
v 76.39 0 -92.355
v 76.29 0 -92.41
v 76.343 0 -92.384
v 76.46 0 -92.298
v 76.43 0 -92.326
v 76.48 0 -92.25
v 76.477 0 -92.272
v 76.722 0 -92.113
v 76.546 0 -92.192
v 76.57 0 -92.19
v 77.504 0 -91.609
v 77.052 0 -91.907
v 78.548 0 -90.888
v 78.021 0 -91.257
v 80.833 0 -89.148
v 79.03 0 -90.54
v 84.305 0 -86.08
v 82.597 0 -87.655
v 87.471 0 -82.759
v 85.936 0 -84.441
v 89.359 0 -80.419
v 88.89 0 -81.05
v 90.795 0 -78.353
v 90.038 0 -79.455
v 92.018 0 -76.506
v 91.499 0 -77.305
v 92.226 0 -76.127
v 92.22 0 -76.15
v 92.74 0 -75.336
v 92.346 0 -75.925
v 92.39 0 -75.86
v 93.592 0 -73.893
v 93.156 0 -74.651
v 94.332 0 -72.496
v 94 0 -73.145
v 94.61 0 -71.851
v 94.54 0 -72.03
v 95.246 0 -70.432
v 94.974 0 -71.028
v 95.14 0 -70.67
v 95.479 0 -69.89
v 95.361 0 -70.167
v 95.694 0 -69.362
v 95.592 0 -69.617
v 95.855 0 -68.941
v 95.78 0 -69.14
v 96.254 0 -67.904
v 96.101 0 -68.314
v 96.13 0 -68.24
v 96.711 0 -66.535
v 96.461 0 -67.295
v 97.185 0 -65.046
v 96.966 0 -65.745
v 97.352 0 -64.481
v 97.33 0 -64.56
v 97.405 0 -64.289
v 97.378 0 -64.389
v 97.458 0 -64.093
v 97.432 0 -64.188
v 97.736 0 -63.049
v 97.48 0 -64.01
v 97.588 0 -63.612
v 98.061 0 -61.784
v 97.901 0 -62.41
v 98.27 0 -60.93
v 98.191 0 -61.261
v 98.417 0 -60.266
v 98.359 0 -60.526
v 98.389 0 -60.391
v 98.962 0 -57.346
v 98.44 0 -60.16
v 99.45 0 -51.284
v 99.299 0 -54.376
v 99.191 0 -44.872
v 99.414 0 -48.104
v 98.755 0 -41.479
v 98.78 0 -41.62
v 98.707 0 -41.209
v 98.731 0 -41.339
v 98.667 0 -41.002
v 98.686 0 -41.094
v 98.4 0 -39.729
v 98.536 0 -40.401
v 98.51 0 -40.26
v 98.111 0 -38.429
v 98.262 0 -39.094
v 97.839 0 -37.299
v 97.965 0 -37.806
v 97.696 0 -36.79
v 97.75 0 -36.98
v 97.729 0 -36.901
v 97.607 0 -36.503
v 97.655 0 -36.655
v 97.5 0 -36.18
v 97.555 0 -36.342
v 97.334 0 -35.634
v 97.435 0 -35.957
v 97.056 0 -34.776
v 97.205 0 -35.232
v 96.73 0 -33.79
v 96.895 0 -34.288
v 96.3 0 -32.496
v 96.492 0 -33.071
v 96.014 0 -31.664
v 96.144 0 -32.036
v 95.79 0 -31.07
v 95.899 0 -31.351
v 95.718 0 -30.874
v 95.764 0 -30.997
v 95.582 0 -30.52
v 95.656 0 -30.711
v 95.41 0 -30.09
v 95.499 0 -30.309
v 95.161 0 -29.446
v 95.273 0 -29.73
v 94.956 0 -28.961
v 95.06 0 -29.201
v 94.68 0 -28.35
v 94.834 0 -28.689
v 94.336 0 -27.61
v 94.53 0 -28.022
v 93.911 0 -26.74
v 94.121 0 -27.166
v 93.6 0 -26.14
v 93.729 0 -26.381
v 92.593 0 -24.362
v 93.12 0 -25.29
v 92.873 0 -24.849
v 92.064 0 -23.465
v 92.313 0 -23.882
v 91.79 0 -23.03
v 91.879 0 -23.163
v 90.859 0 -21.672
v 91.504 0 -22.616
v 91.42 0 -22.48
v 89.276 0 -19.613
v 90.128 0 -20.696
v 87.404 0 -17.36
v 88.352 0 -18.481
v 84.648 0 -14.356
v 86.48 0 -16.31
v 81.16 0 -11.092
v 82.894 0 -12.633
v 77.525 0 -8.369
v 79.39 0 -9.687
v 74.794 0 -6.668
v 75.51 0 -7.09
v 73.03 0 -5.713
v 73.944 0 -6.197
v 71.292 0 -4.843
v 72.123 0 -5.249
v 70.405 0 -4.439
v 70.61 0 -4.53
v 69.997 0 -4.262
v 70.197 0 -4.349
v 68.43 0 -3.595
v 69.663 0 -4.119
v 69.55 0 -4.07
v 65.806 0 -2.644
v 67.172 0 -3.116
v 62.879 0 -1.756
v 64.365 0 -2.187
v 61.277 0 -1.333
v 61.38 0 -1.36
v 60.919 0 -1.238
v 61.161 0 -1.302
v 61.04 0 -1.27
v 60.7 0 -1.18
v 60.803 0 -1.207
v 59.062 0 -0.81
v 59.899 0 -0.99
v 57.331 0 -0.493
v 58.202 0 -0.644
v 55.6 0 -0.25
v 56.46 0 -0.361
v 53.346 0 -0.084
v 54.606 0 -0.158
v 50.631 0 -0.006
v 51.97 0 -0.033
v 48.67 0 -0.04
v 49.481 0 -0.007
v 45.648 0 -0.195
v 47.037 0 -0.125
v 46.54 0 -0.15
v 44.246 0 -0.295
v 44.897 0 -0.242
v 43.087 0 -0.435
v 43.656 0 -0.358
v 41.668 0 -0.674
v 42.5 0 -0.53
v 40.146 0 -0.971
v 40.889 0 -0.82
v 38.695 0 -1.312
v 39.421 0 -1.134
v 37.601 0 -1.603
v 37.95 0 -1.51
v 37.774 0 -1.556
v 37.296 0 -1.687
v 37.439 0 -1.647
v 36.211 0 -1.994
v 37.18 0 -1.719
v 37.1 0 -1.74
v 34.107 0 -2.668
v 35.19 0 -2.311
v 32.037 0 -3.401
v 33.033 0 -3.039
v 31.013 0 -3.803
v 31.19 0 -3.73
v 30.616 0 -3.97
v 30.821 0 -3.883
v 30.17 0 -4.163
v 30.399 0 -4.063
v 29.166 0 -4.579
v 29.427 0 -4.482
v 29.4 0 -4.49
v 27.97 0 -5.175
v 28.664 0 -4.821
v 26.307 0 -6.064
v 27.159 0 -5.603
v 24.965 0 -6.85
v 25.49 0 -6.52
v 23.044 0 -8.118
v 24.096 0 -7.418
v 21.026 0 -9.485
v 21.967 0 -8.842
v 19.853 0 -10.332
v 20.38 0 -9.94
v 18.612 0 -11.287
v 19.244 0 -10.797
v 17.525 0 -12.156
v 18.019 0 -11.756
v 17.098 0 -12.521
v 17.19 0 -12.44
v 16.31 0 -13.22
v 16.596 0 -12.964
v 16.47 0 -13.07
v 15.77 0 -13.743
v 16.07 0 -13.45
v 15.057 0 -14.445
v 15.426 0 -14.08
v 13.669 0 -15.866
v 14.68 0 -14.82
v 11.858 0 -17.957
v 12.741 0 -16.895
v 10.066 0 -20.376
v 10.979 0 -19.101
v 8.756 0 -22.32
v 9.08 0 -21.83
v 8.211 0 -23.155
v 8.463 0 -22.768
v 7.883 0 -23.67
v 8.014 0 -23.462
v 7.803 0 -23.809
v 7.83 0 -23.76
v 7.043 0 -25.12
v 7.32 0 -24.65
v 7.185 0 -24.88
v 6.773 0 -25.58
v 6.904 0 -25.357
v 6.57 0 -25.93
v 6.66 0 -25.775
v 5.857 0 -27.31
v 6.298 0 -26.445
v 4.857 0 -29.31
v 5.344 0 -28.33
v 4.35 0 -30.37
v 4.493 0 -30.055
v 3.97 0 -31.279
v 4.1 0 -30.99
v 4.032 0 -31.141
v 3.876 0 -31.491
v 3.918 0 -31.397
v 3.84 0 -31.58
v 3.85 0 -31.554
v 3.72 0 -31.889
v 3.79 0 -31.717
v 3.757 0 -31.797
v 3.247 0 -33.076
v 3.68 0 -31.99
v 3.49 0 -32.44
v 2.716 0 -34.587
v 2.98 0 -33.819
v 2.31 0 -35.88
v 2.484 0 -35.301
v 2.184 0 -36.315
v 2.246 0 -36.102
v 2.214 0 -36.213
v 2.14 0 -36.47
v 2.159 0 -36.403
v 1.704 0 -38.246
v 1.927 0 -37.256
v 1.256 0 -40.68
v 1.477 0 -39.401
v 0.86 0 -43.45
v 1.048 0 -42.043
v 0.754 0 -44.421
v 0.8 0 -43.956
v 0.682 0 -45.575
v 0.717 0 -44.932
v 0.59 0 -47.6
v 0.642 0 -46.436
v 0.547 0 -50.904
v 0.547 0 -49.231
v 34.568 0 -10.813
v 37.29 0 -9.76
v 37.85 0 -9.6
v 47.05 0 -7.92
v 61.934 0 -9.462
v 63.13 0 -9.88
v 88.99 0 -34.73
v 90.44 0 -39.116
v 90.47 0 -39.222
v 90.03 0 -62.145
v 88.858 0 -65.664
v 88.139 0 -67.526
v 39.4 0 -90.91
v 34.463 0 -89.211
v 10.967 0 -65.488
v 10.534 0 -64.439
v 8.256 0 -55.524
v 1.162 0 -58.7
v 1.313 0 -59.609
v 3.809 0 -68.277
v 3.981 0 -68.677
v 33.748 0 -97.272
v 34.799 0 -97.629
v 34.947 0 -97.665
v 64.36 0 -97.89
v 64.425 0 -97.869
v 65.954 0 -97.354
v 68.799 0 -96.263
v 69.095 0 -96.141
v 75.72 0 -92.738
v 76.208 0 -92.452
v 76.524 0 -92.199
v 92.244 0 -76.09
v 94.849 0 -71.3
v 96.055 0 -68.429
v 98.297 0 -60.803
v 98.327 0 -60.666
v 98.564 0 -40.541
v 93.213 0 -25.454
v 91.585 0 -22.74
v 69.816 0 -4.185
v 29.93 0 -4.27
v 16.728 0 -12.849
v 7.747 0 -23.911
v 3.834 0 -31.606
v 2.279 0 -35.989
v 10.408 0 -36.349
v 62.777 0 -9.717
v 63.344 0 -9.94
v 70.585 0 -13.237
v 85.698 0 -27.883
v 90.695 0 -40.021
v 90.47 0 -60.598
v 90.29 0 -61.227
v 88.104 0 -67.606
v 58.082 0 -91.522
v 47.745 0 -96.333
v 38.679 0 -90.701
v 34.376 0 -89.174
v 8.372 0 -56.508
v 0.992 0 -57.513
v 1.251 0 -59.257
v 1.281 0 -59.43
v 3.865 0 -68.403
v 30.161 0 -95.876
v 34.412 0 -97.52
v 61.619 0 -98.645
v 63.37 0 -98.189
v 63.583 0 -98.124
v 66.459 0 -97.165
v 68.892 0 -96.223
v 68.993 0 -96.181
v 92.306 0 -75.986
v 94.678 0 -71.686
v 95.996 0 -68.577
v 93.307 0 -25.621
v 91.764 0 -22.998
v 91.658 0 -22.849
v 47.506 0 -0.101
v 29.486 0 -4.46
v 16.86 0 -12.732
v 4.341 0 -30.405
v 3.816 0 -31.653
v 16.003 0 -25.298
v 34.95 0 -10.64
v 36.171 0 -10.17
v 37.486 0 -9.685
v 62.655 0 -9.682
v 82.146 0 -23.005
v 91.077 0 -58.244
v 90.502 0 -60.488
v 90.124 0 -61.825
v 89.241 0 -64.626
v 58.314 0 -91.499
v 40.564 0 -91.219
v 39.83 0 -91.036
v 13.904 0 -71.307
v 11.015 0 -65.607
v 8.53 0 -57.485
v 3.924 0 -68.539
v 34.296 0 -97.473
v 34.896 0 -97.647
v 61.391 0 -98.701
v 66.31 0 -97.22
v 75.914 0 -92.622
v 76.08 0 -92.525
v 76.506 0 -92.209
v 92.271 0 -76.042
v 94.754 0 -71.511
v 95.929 0 -68.751
v 98.65 0 -40.94
v 98.591 0 -40.671
v 93.549 0 -26.051
v 93.397 0 -25.783
v 91.719 0 -22.936
v 48.527 0 -0.048
v 47.924 0 -0.08
v 29.571 0 -4.425
v 7.447 0 -24.434
v 4.316 0 -30.475
v 4.167 0 -30.839
v 8.238 0 -48.221
v 16.899 0 -24.091
v 33.644 0 -11.219
v 37.337 0 -9.736
v 38.102 0 -9.494
v 62.7 0 -9.69
v 62.741 0 -9.701
v 71.421 0 -13.718
v 86.96 0 -30.158
v 90.668 0 -59.869
v 88.74 0 -65.995
v 48.143 0 -96.932
v 8.741 0 -58.519
v 33.954 0 -97.344
v 63.472 0 -98.158
v 66.171 0 -97.271
v 76.483 0 -92.235
v 98.636 0 -40.878
v 98.616 0 -40.786
v 93.48 0 -25.929
v 48.271 0 -0.062
v 29.677 0 -4.38
v 16.986 0 -12.621
v 7.665 0 -24.055
v 7.563 0 -24.233
v 4.278 0 -30.575
v 8.397 0 -45.94
v 35.825 0 -10.298
v 37.438 0 -9.698
v 61.336 0 -9.281
v 63.708 0 -10.063
v 58.511 0 -91.475
v 48.553 0 -97.48
v 33.36 0 -88.74
v 9.017 0 -59.673
v 34.14 0 -97.412
v 34.846 0 -97.635
v 76.492 0 -92.221
v 29.798 0 -4.328
v 8.608 0 -43.877
v 37.387 0 -9.715
v 38.509 0 -9.362
v 64.161 0 -10.228
v 90.53 0 -60.39
v 58.663 0 -91.451
v 48.95 0 -97.948
v 9.37 0 -61.01
v 66.05 0 -97.317
v 4.227 0 -30.698
v 8.86 0 -42.22
v 90.556 0 -60.297
v 49.314 0 -98.307
v 9.497 0 -61.449
v 42.039 0 -91.523
v 9.666 0 -61.991
v 60.249 0 -91.046
v 41.913 0 -91.504
v 9.859 0 -62.58
v 9.056 0 -41.253
v 61.295 0 -90.721
v 41.786 0 -91.484
v 10.057 0 -63.163
v 9.266 0 -40.318
v 62.486 0 -90.32
v 41.667 0 -91.462
v 9.496 0 -39.396
v 63.702 0 -89.886
v 9.75 0 -38.469
v 64.82 0 -89.461
v 10.483 0 -64.311
v 10.033 0 -37.517
v 65.72 0 -89.09
v 40.421 0 -91.186
v 10.35 0 -36.52
v 65.857 0 -89.032
v 40.286 0 -91.154
v 66.02 0 -88.963
v 40.166 0 -91.124
v 66.2 0 -88.885
v 40.065 0 -91.099
v 11.071 0 -65.741
v 66.387 0 -88.804
v 39.99 0 -91.08
v 11.271 0 -33.993
v 66.57 0 -88.724
v 39.919 0 -91.061
v 11.461 0 -33.52
v 66.74 0 -88.65
v 11.456 0 -66.615
v 11.667 0 -33.044
v 67.318 0 -88.391
v 11.787 0 -67.304
v 11.915 0 -32.503
v 68.106 0 -88.016
v 49.62 0 -98.53
v 12.186 0 -68.114
v 12.231 0 -31.838
v 69.003 0 -87.575
v 37.892 0 -90.457
v 12.596 0 -68.929
v 12.64 0 -30.99
v 69.907 0 -87.117
v 37.089 0 -90.194
v 12.959 0 -69.636
v 12.861 0 -30.553
v 52.277 0 -96.567
v 36.321 0 -89.93
v 13.094 0 -30.098
v 70.72 0 -86.693
v 35.641 0 -89.683
v 13.329 0 -29.647
v 51.886 0 -97.213
v 14.061 0 -71.578
v 13.553 0 -29.226
v 71.34 0 -86.35
v 14.231 0 -71.865
v 13.754 0 -28.855
v 51.53 0 -97.759
v 14.422 0 -72.182
v 13.92 0 -28.56
v 51.222 0 -98.183
v 32.094 0 -88.185
v 14.642 0 -72.543
v 14.267 0 -27.988
v 50.98 0 -98.46
v 30.83 0 -87.576
v 14.9 0 -72.96
v 14.719 0 -27.264
v 50.896 0 -98.527
v 29.591 0 -86.927
v 16.341 0 -75.105
v 15.206 0 -26.501
v 50.811 0 -98.578
v 28.4 0 -86.25
v 15.658 0 -25.809
v 18.005 0 -77.23
v 19.859 0 -79.3
v 21.872 0 -81.284
v 17.452 0 -23.389
v 24.013 0 -83.148
v 18.083 0 -22.64
v 26.25 0 -84.86
v 18.785 0 -21.851
v 27.279 0 -85.557
v 19.553 0 -21.029
v 20.38 0 -20.18
v 21.389 0 -19.194
v 22.386 0 -18.279
v 49.698 0 -98.563
v 23.388 0 -17.419
v 49.799 0 -98.592
v 24.411 0 -16.601
v 49.916 0 -98.616
v 25.473 0 -15.813
v 50.044 0 -98.634
v 26.59 0 -15.04
v 50.178 0 -98.646
v 27.398 0 -14.509
v 28.14 0 -14.046
v 50.31 0 -98.65
v 28.875 0 -13.616
v 50.473 0 -98.65
v 29.66 0 -13.187
v 50.606 0 -98.639
v 30.552 0 -12.726
v 50.716 0 -98.615
v 31.61 0 -12.2
v 32.281 0 -11.87
v 32.819 0 -11.607
v 73.034 0 -85.286
v 33.261 0 -11.396
v 74.857 0 -83.974
v 76.719 0 -82.491
v 78.53 0 -80.912
v 35.184 0 -10.545
v 80.2 0 -79.313
v 35.486 0 -10.426
v 82.4 0 -76.898
v 82.665 0 -76.567
v 83.015 0 -76.121
v 39.046 0 -9.209
v 83.398 0 -75.626
v 39.688 0 -9.041
v 83.764 0 -75.147
v 40.408 0 -8.866
v 84.06 0 -74.75
v 41.18 0 -8.69
v 84.426 0 -74.249
v 41.979 0 -8.525
v 84.771 0 -73.751
v 42.676 0 -8.396
v 85.109 0 -73.24
v 43.334 0 -8.293
v 85.453 0 -72.695
v 44.014 0 -8.208
v 85.815 0 -72.098
v 86.21 0 -71.43
v 86.413 0 -71.052
v 47.587 0 -7.9
v 86.754 0 -70.384
v 48.894 0 -7.905
v 87.16 0 -69.573
v 50.621 0 -7.93
v 87.56 0 -68.763
v 52.42 0 -7.968
v 87.88 0 -68.1
v 53.939 0 -8.014
v 88.05 0 -67.73
v 54.83 0 -8.06
v 88.074 0 -67.676
v 55.475 0 -8.122
v 55.979 0 -8.174
v 56.412 0 -8.228
v 88.35 0 -67.021
v 56.848 0 -8.293
v 88.474 0 -66.705
v 57.356 0 -8.38
v 88.607 0 -66.353
v 58.01 0 -8.5
v 58.833 0 -8.667
v 59.711 0 -8.865
v 89.361 0 -64.278
v 60.57 0 -9.076
v 89.506 0 -63.842
v 89.659 0 -63.369
v 64.646 0 -10.41
v 90.08 0 -61.976
v 65.102 0 -10.589
v 65.47 0 -10.74
v 66.234 0 -11.074
v 90.585 0 -60.192
v 66.861 0 -11.352
v 90.614 0 -60.081
v 67.4 0 -11.599
v 90.642 0 -59.971
v 67.903 0 -11.838
v 68.419 0 -12.093
v 69 0 -12.39
v 91.18 0 -57.797
v 69.347 0 -12.569
v 91.276 0 -57.33
v 69.697 0 -12.752
v 91.367 0 -56.843
v 70.031 0 -12.93
v 91.452 0 -56.336
v 70.333 0 -13.094
v 91.53 0 -55.81
v 91.558 0 -55.473
v 91.58 0 -54.858
v 91.598 0 -53.991
v 71.593 0 -13.825
v 91.61 0 -52.899
v 71.85 0 -13.99
v 91.618 0 -51.607
v 91.62 0 -50.14
v 91.617 0 -47.527
v 73.76 0 -15.25
v 91.588 0 -45.622
v 74.586 0 -15.837
v 91.515 0 -44.204
v 75.409 0 -16.441
v 91.382 0 -43.051
v 76.177 0 -17.027
v 76.841 0 -17.555
v 91.173 0 -41.943
v 77.35 0 -17.99
v 78.223 0 -18.786
v 78.989 0 -19.51
v 90.751 0 -40.222
v 79.671 0 -20.186
v 80.294 0 -20.84
v 80.883 0 -21.497
v 90.198 0 -38.287
v 90.006 0 -37.669
v 89.804 0 -37.036
v 82.248 0 -23.132
v 89.61 0 -36.451
v 82.396 0 -23.32
v 82.582 0 -23.558
v 88.525 0 -33.582
v 88.084 0 -32.538
v 84.446 0 -25.996
v 87.673 0 -31.61
v 84.955 0 -26.71
v 87.296 0 -30.812
v 85.364 0 -27.327
v 0.589 10 -52.576
v 8.14 10 -50.53
v 8.114 10 -52.676
v 10.469 10 -36.172
v 10.585 10 -35.835
v 10.529 10 -35.997
v 10.67 10 -35.58
v 10.633 10 -35.693
v 10.778 10 -35.31
v 10.718 10 -35.463
v 10.922 10 -34.93
v 10.847 10 -35.129
v 11.07 10 -34.52
v 10.997 10 -34.724
v 16.17 10 -25.08
v 16.226 10 -25.014
v 16.192 10 -25.056
v 16.32 10 -24.893
v 16.27 10 -24.959
v 16.43 10 -24.74
v 16.375 10 -24.819
v 34.005 10 -11.059
v 34.468 10 -10.858
v 34.38 10 -10.9
v 34.673 10 -10.766
v 34.87 10 -10.678
v 34.776 10 -10.721
v 36.493 10 -10.057
v 36.867 10 -9.934
v 36.76 10 -9.97
v 37.074 10 -9.857
v 36.973 10 -9.896
v 37.238 10 -9.788
v 37.164 10 -9.821
v 37.531 10 -9.679
v 37.609 10 -9.681
v 37.57 10 -9.68
v 37.706 10 -9.662
v 37.656 10 -9.675
v 37.806 10 -9.624
v 37.757 10 -9.645
v 44.779 10 -8.133
v 46.039 10 -8.03
v 45.69 10 -8.06
v 46.632 10 -7.975
v 46.358 10 -8.001
v 46.992 10 -7.933
v 46.849 10 -7.952
v 62.29 10 -9.6
v 62.393 10 -9.639
v 62.339 10 -9.62
v 62.507 10 -9.668
v 62.45 10 -9.655
v 62.61 10 -9.68
v 62.561 10 -9.677
v 62.804 10 -9.737
v 62.843 10 -9.777
v 62.82 10 -9.76
v 62.93 10 -9.82
v 62.88 10 -9.798
v 63.057 10 -9.863
v 62.99 10 -9.842
v 70.77 10 -13.35
v 71.043 10 -13.52
v 70.912 10 -13.44
v 71.251 10 -13.637
v 71.158 10 -13.586
v 71.35 10 -13.68
v 71.317 10 -13.669
v 72.177 10 -14.201
v 72.98 10 -14.72
v 72.559 10 -14.449
v 81.46 10 -22.18
v 81.761 10 -22.551
v 81.616 10 -22.374
v 81.992 10 -22.826
v 81.889 10 -22.704
v 82.1 10 -22.95
v 82.064 10 -22.91
v 82.797 10 -23.835
v 83.812 10 -25.151
v 83.03 10 -24.14
v 85.98 10 -28.41
v 86.221 10 -28.87
v 86.096 10 -28.635
v 86.469 10 -29.32
v 86.348 10 -29.103
v 86.67 10 -29.66
v 86.579 10 -29.51
v 89.16 10 -35.2
v 89.446 10 -35.976
v 89.33 10 -35.67
v 90.36 10 -38.83
v 90.41 10 -39.011
v 90.383 10 -38.914
v 90.497 10 -39.322
v 90.62 10 -39.757
v 90.52 10 -39.41
v 90.795 10 -40.383
v 90.87 10 -40.66
v 90.832 10 -40.522
v 90.97 10 -58.67
v 90.851 10 -59.116
v 90.91 10 -58.893
v 90.749 10 -59.514
v 90.796 10 -59.326
v 90.69 10 -59.78
v 90.713 10 -59.669
v 90.435 10 -60.714
v 90.368 10 -60.936
v 90.4 10 -60.829
v 90.317 10 -61.125
v 90.34 10 -61.03
v 90.26 10 -61.331
v 90.203 10 -61.527
v 90.23 10 -61.433
v 90.158 10 -61.7
v 90.18 10 -61.61
v 89.975 10 -62.322
v 89.802 10 -62.905
v 89.92 10 -62.5
v 89.16 10 -64.84
v 89.103 10 -64.976
v 89.135 10 -64.897
v 89.027 10 -65.174
v 89.066 10 -65.07
v 88.95 10 -65.39
v 88.987 10 -65.283
v 88.25 10 -67.27
v 88.176 10 -67.44
v 88.214 10 -67.353
v 82.27 10 -77.05
v 82.164 10 -77.168
v 82.235 10 -77.088
v 81.939 10 -77.426
v 82.064 10 -77.283
v 81.64 10 -77.77
v 81.796 10 -77.59
v 59.47 10 -91.25
v 59.199 10 -91.314
v 59.336 10 -91.281
v 58.944 10 -91.379
v 59.066 10 -91.348
v 58.76 10 -91.43
v 58.84 10 -91.407
v 57.827 10 -91.543
v 57.043 10 -91.597
v 57.56 10 -91.56
v 56.24 10 -91.73
v 56.609 10 -91.653
v 55.624 10 -91.969
v 55.918 10 -91.834
v 54.982 10 -92.422
v 55.34 10 -92.14
v 54.231 10 -93.254
v 54.61 10 -92.796
v 53.471 10 -94.402
v 53.85 10 -93.791
v 52.687 10 -95.848
v 53.1 10 -95.08
v 47.38 10 -95.71
v 46.515 10 -94.204
v 46.935 10 -94.912
v 45.772 10 -93.1
v 46.125 10 -93.596
v 45.2 10 -92.48
v 45.461 10 -92.724
v 44.467 10 -92.11
v 44.896 10 -92.296
v 43.366 10 -91.77
v 43.946 10 -91.931
v 42.16 10 -91.54
v 42.759 10 -91.637
v 41.563 10 -91.441
v 41.394 10 -91.401
v 41.48 10 -91.42
v 41.283 10 -91.376
v 41.007 10 -91.314
v 41.151 10 -91.346
v 40.71 10 -91.25
v 40.858 10 -91.281
v 39.729 10 -91.006
v 39.508 10 -90.941
v 39.62 10 -90.974
v 35.1 10 -89.47
v 34.949 10 -89.406
v 35.026 10 -89.439
v 34.795 10 -89.344
v 34.87 10 -89.374
v 34.67 10 -89.3
v 34.727 10 -89.319
v 34.544 10 -89.246
v 34.615 10 -89.276
v 34.29 10 -89.136
v 34.116 10 -89.058
v 34.21 10 -89.1
v 33.845 10 -88.942
v 33.992 10 -89.004
v 33.52 10 -88.807
v 33.685 10 -88.876
v 13.75 10 -71.04
v 13.59 10 -70.759
v 13.677 10 -70.911
v 13.4 10 -70.427
v 13.496 10 -70.595
v 13.22 10 -70.12
v 13.306 10 -70.266
v 11.25 10 -66.16
v 11.131 10 -65.883
v 11.192 10 -66.024
v 10.93 10 -65.39
v 10.86 10 -65.212
v 10.897 10 -65.302
v 10.783 10 -65.038
v 10.821 10 -65.122
v 10.72 10 -64.9
v 10.749 10 -64.963
v 10.59 10 -64.579
v 10.653 10 -64.732
v 10.438 10 -64.195
v 10.244 10 -63.684
v 10.4 10 -64.09
v 8.17 10 -54.47
v 0.787 10 -55.738
v 0.669 10 -54.202
v 0.966 10 -57.322
v 0.94 10 -57.14
v 1.018 10 -57.702
v 1.063 10 -58.036
v 1.041 10 -57.88
v 1.097 10 -58.276
v 1.08 10 -58.16
v 1.14 10 -58.554
v 1.118 10 -58.41
v 1.183 10 -58.841
v 1.223 10 -59.101
v 1.2 10 -58.97
v 1.343 10 -59.786
v 1.406 10 -60.135
v 1.37 10 -59.95
v 1.508 10 -60.641
v 1.453 10 -60.37
v 1.629 10 -61.231
v 1.567 10 -60.933
v 1.69 10 -61.52
v 1.861 10 -62.316
v 1.779 10 -61.945
v 2.026 10 -62.994
v 1.941 10 -62.658
v 2.23 10 -63.75
v 2.12 10 -63.35
v 2.278 10 -63.929
v 2.252 10 -63.833
v 2.335 10 -64.131
v 2.306 10 -64.03
v 2.39 10 -64.31
v 2.364 10 -64.227
v 2.774 10 -65.562
v 2.555 10 -64.883
v 3.289 10 -67.005
v 3.026 10 -66.289
v 3.76 10 -68.17
v 3.541 10 -67.651
v 4.035 10 -68.811
v 4.253 10 -69.342
v 4.08 10 -68.93
v 4.731 10 -70.405
v 4.471 10 -69.835
v 5.373 10 -71.761
v 5.033 10 -71.049
v 6.024 10 -73.092
v 5.75 10 -72.54
v 6.552 10 -74.103
v 6.283 10 -73.597
v 7.221 10 -75.293
v 6.857 10 -74.653
v 8.242 10 -77.01
v 7.67 10 -76.07
v 9.74 10 -79.171
v 8.941 10 -78.056
v 11.531 10 -81.469
v 10.612 10 -80.321
v 13.037 10 -83.201
v 12.47 10 -82.58
v 14.774 10 -85.004
v 13.843 10 -84.047
v 16.561 10 -86.79
v 15.717 10 -85.956
v 18.472 10 -88.506
v 17.19 10 -87.39
v 21.358 10 -90.757
v 19.877 10 -89.64
v 24.356 10 -92.802
v 22.866 10 -91.823
v 26.461 10 -94.031
v 25.78 10 -93.66
v 28.282 10 -94.98
v 27.341 10 -94.494
v 29.791 10 -95.729
v 29.145 10 -95.416
v 30.108 10 -95.857
v 30.08 10 -95.85
v 30.234 10 -95.905
v 30.422 10 -95.98
v 30.322 10 -95.94
v 30.53 10 -96.02
v 31.592 10 -96.479
v 31.079 10 -96.262
v 32.561 10 -96.861
v 32.083 10 -96.677
v 33.53 10 -97.2
v 33.04 10 -97.033
v 34.48 10 -97.55
v 34.577 10 -97.595
v 34.527 10 -97.574
v 34.676 10 -97.625
v 34.627 10 -97.613
v 34.76 10 -97.63
v 34.721 10 -97.631
v 34.996 10 -97.686
v 35.316 10 -97.815
v 35.04 10 -97.71
v 36.509 10 -98.173
v 35.832 10 -97.977
v 38.031 10 -98.576
v 37.268 10 -98.38
v 39.36 10 -98.886
v 38.72 10 -98.74
v 40.495 10 -99.129
v 39.947 10 -99.014
v 41.524 10 -99.329
v 41.016 10 -99.233
v 43.05 10 -99.59
v 42.03 10 -99.42
v 45.908 10 -99.897
v 44.347 10 -99.767
v 49.529 10 -100.003
v 47.66 10 -99.976
v 53.32 10 -99.89
v 51.44 10 -99.975
v 56.257 10 -99.653
v 54.873 10 -99.782
v 58.683 10 -99.311
v 57.514 10 -99.497
v 60.92 10 -98.82
v 59.805 10 -99.087
v 61.191 10 -98.751
v 61.03 10 -98.792
v 61.863 10 -98.587
v 62.354 10 -98.472
v 62.11 10 -98.53
v 62.803 10 -98.355
v 62.589 10 -98.413
v 63.124 10 -98.264
v 62.985 10 -98.304
v 63.281 10 -98.217
v 63.21 10 -98.24
v 63.697 10 -98.091
v 63.921 10 -98.029
v 63.81 10 -98.06
v 64.134 10 -97.964
v 64.03 10 -97.996
v 64.303 10 -97.909
v 64.226 10 -97.934
v 64.526 10 -97.836
v 64.804 10 -97.747
v 64.655 10 -97.795
v 65.13 10 -97.64
v 64.965 10 -97.695
v 65.454 10 -97.537
v 65.295 10 -97.589
v 65.726 10 -97.443
v 65.6 10 -97.488
v 65.89 10 -97.38
v 65.825 10 -97.406
v 66.61 10 -97.11
v 67.295 10 -96.864
v 66.926 10 -96.999
v 68.075 10 -96.566
v 67.688 10 -96.716
v 68.72 10 -96.3
v 68.429 10 -96.423
v 69.193 10 -96.103
v 70.26 10 -95.642
v 69.28 10 -96.07
v 72.368 10 -94.621
v 71.303 10 -95.152
v 74.402 10 -93.524
v 73.414 10 -94.071
v 75.509 10 -92.866
v 75.29 10 -93
v 76.29 10 -92.41
v 76.39 10 -92.355
v 76.343 10 -92.384
v 76.46 10 -92.298
v 76.43 10 -92.326
v 76.48 10 -92.25
v 76.477 10 -92.272
v 76.546 10 -92.192
v 76.722 10 -92.113
v 76.57 10 -92.19
v 77.504 10 -91.609
v 77.052 10 -91.907
v 78.548 10 -90.888
v 78.021 10 -91.257
v 80.833 10 -89.148
v 79.03 10 -90.54
v 84.305 10 -86.08
v 82.597 10 -87.655
v 87.471 10 -82.759
v 85.936 10 -84.441
v 89.359 10 -80.419
v 88.89 10 -81.05
v 90.795 10 -78.353
v 90.038 10 -79.455
v 92.018 10 -76.506
v 91.499 10 -77.305
v 92.226 10 -76.127
v 92.22 10 -76.15
v 92.346 10 -75.925
v 92.74 10 -75.336
v 92.39 10 -75.86
v 93.592 10 -73.893
v 93.156 10 -74.651
v 94.332 10 -72.496
v 94 10 -73.145
v 94.61 10 -71.851
v 94.54 10 -72.03
v 94.974 10 -71.028
v 95.246 10 -70.432
v 95.14 10 -70.67
v 95.479 10 -69.89
v 95.361 10 -70.167
v 95.694 10 -69.362
v 95.592 10 -69.617
v 95.855 10 -68.941
v 95.78 10 -69.14
v 96.101 10 -68.314
v 96.254 10 -67.904
v 96.13 10 -68.24
v 96.711 10 -66.535
v 96.461 10 -67.295
v 97.185 10 -65.046
v 96.966 10 -65.745
v 97.352 10 -64.481
v 97.33 10 -64.56
v 97.405 10 -64.289
v 97.378 10 -64.389
v 97.458 10 -64.093
v 97.432 10 -64.188
v 97.48 10 -64.01
v 97.736 10 -63.049
v 97.588 10 -63.612
v 98.061 10 -61.784
v 97.901 10 -62.41
v 98.27 10 -60.93
v 98.191 10 -61.261
v 98.359 10 -60.526
v 98.417 10 -60.266
v 98.389 10 -60.391
v 98.962 10 -57.346
v 98.44 10 -60.16
v 99.45 10 -51.284
v 99.299 10 -54.376
v 99.191 10 -44.872
v 99.414 10 -48.104
v 98.755 10 -41.479
v 98.78 10 -41.62
v 98.707 10 -41.209
v 98.731 10 -41.339
v 98.667 10 -41.002
v 98.686 10 -41.094
v 98.536 10 -40.401
v 98.4 10 -39.729
v 98.51 10 -40.26
v 98.111 10 -38.429
v 98.262 10 -39.094
v 97.839 10 -37.299
v 97.965 10 -37.806
v 97.75 10 -36.98
v 97.696 10 -36.79
v 97.729 10 -36.901
v 97.607 10 -36.503
v 97.655 10 -36.655
v 97.5 10 -36.18
v 97.555 10 -36.342
v 97.334 10 -35.634
v 97.435 10 -35.957
v 97.056 10 -34.776
v 97.205 10 -35.232
v 96.73 10 -33.79
v 96.895 10 -34.288
v 96.3 10 -32.496
v 96.492 10 -33.071
v 96.014 10 -31.664
v 96.144 10 -32.036
v 95.79 10 -31.07
v 95.899 10 -31.351
v 95.718 10 -30.874
v 95.764 10 -30.997
v 95.582 10 -30.52
v 95.656 10 -30.711
v 95.41 10 -30.09
v 95.499 10 -30.309
v 95.161 10 -29.446
v 95.273 10 -29.73
v 94.956 10 -28.961
v 95.06 10 -29.201
v 94.68 10 -28.35
v 94.834 10 -28.689
v 94.336 10 -27.61
v 94.53 10 -28.022
v 93.911 10 -26.74
v 94.121 10 -27.166
v 93.6 10 -26.14
v 93.729 10 -26.381
v 93.12 10 -25.29
v 92.593 10 -24.362
v 92.873 10 -24.849
v 92.064 10 -23.465
v 92.313 10 -23.882
v 91.79 10 -23.03
v 91.879 10 -23.163
v 91.504 10 -22.616
v 90.859 10 -21.672
v 91.42 10 -22.48
v 89.276 10 -19.613
v 90.128 10 -20.696
v 87.404 10 -17.36
v 88.352 10 -18.481
v 84.648 10 -14.356
v 86.48 10 -16.31
v 81.16 10 -11.092
v 82.894 10 -12.633
v 77.525 10 -8.369
v 79.39 10 -9.687
v 74.794 10 -6.668
v 75.51 10 -7.09
v 73.03 10 -5.713
v 73.944 10 -6.197
v 71.292 10 -4.843
v 72.123 10 -5.249
v 70.405 10 -4.439
v 70.61 10 -4.53
v 69.997 10 -4.262
v 70.197 10 -4.349
v 69.663 10 -4.119
v 68.43 10 -3.595
v 69.55 10 -4.07
v 65.806 10 -2.644
v 67.172 10 -3.116
v 62.879 10 -1.756
v 64.365 10 -2.187
v 61.277 10 -1.333
v 61.38 10 -1.36
v 61.161 10 -1.302
v 60.919 10 -1.238
v 61.04 10 -1.27
v 60.7 10 -1.18
v 60.803 10 -1.207
v 59.062 10 -0.81
v 59.899 10 -0.99
v 57.331 10 -0.493
v 58.202 10 -0.644
v 55.6 10 -0.25
v 56.46 10 -0.361
v 53.346 10 -0.084
v 54.606 10 -0.158
v 50.631 10 -0.006
v 51.97 10 -0.033
v 48.67 10 -0.04
v 49.481 10 -0.007
v 47.037 10 -0.125
v 45.648 10 -0.195
v 46.54 10 -0.15
v 44.246 10 -0.295
v 44.897 10 -0.242
v 43.087 10 -0.435
v 43.656 10 -0.358
v 41.668 10 -0.674
v 42.5 10 -0.53
v 40.146 10 -0.971
v 40.889 10 -0.82
v 38.695 10 -1.312
v 39.421 10 -1.134
v 37.95 10 -1.51
v 37.601 10 -1.603
v 37.774 10 -1.556
v 37.296 10 -1.687
v 37.439 10 -1.647
v 37.18 10 -1.719
v 36.211 10 -1.994
v 37.1 10 -1.74
v 34.107 10 -2.668
v 35.19 10 -2.311
v 32.037 10 -3.401
v 33.033 10 -3.039
v 31.013 10 -3.803
v 31.19 10 -3.73
v 30.616 10 -3.97
v 30.821 10 -3.883
v 30.17 10 -4.163
v 30.399 10 -4.063
v 29.427 10 -4.482
v 29.166 10 -4.579
v 29.4 10 -4.49
v 27.97 10 -5.175
v 28.664 10 -4.821
v 26.307 10 -6.064
v 27.159 10 -5.603
v 24.965 10 -6.85
v 25.49 10 -6.52
v 23.044 10 -8.118
v 24.096 10 -7.418
v 21.026 10 -9.485
v 21.967 10 -8.842
v 19.853 10 -10.332
v 20.38 10 -9.94
v 18.612 10 -11.287
v 19.244 10 -10.797
v 17.525 10 -12.156
v 18.019 10 -11.756
v 17.098 10 -12.521
v 17.19 10 -12.44
v 16.596 10 -12.964
v 16.31 10 -13.22
v 16.47 10 -13.07
v 15.77 10 -13.743
v 16.07 10 -13.45
v 15.057 10 -14.445
v 15.426 10 -14.08
v 13.669 10 -15.866
v 14.68 10 -14.82
v 11.858 10 -17.957
v 12.741 10 -16.895
v 10.066 10 -20.376
v 10.979 10 -19.101
v 8.756 10 -22.32
v 9.08 10 -21.83
v 8.211 10 -23.155
v 8.463 10 -22.768
v 7.883 10 -23.67
v 8.014 10 -23.462
v 7.803 10 -23.809
v 7.83 10 -23.76
v 7.32 10 -24.65
v 7.043 10 -25.12
v 7.185 10 -24.88
v 6.773 10 -25.58
v 6.904 10 -25.357
v 6.57 10 -25.93
v 6.66 10 -25.775
v 5.857 10 -27.31
v 6.298 10 -26.445
v 4.857 10 -29.31
v 5.344 10 -28.33
v 4.35 10 -30.37
v 4.493 10 -30.055
v 4.1 10 -30.99
v 3.97 10 -31.279
v 4.032 10 -31.141
v 3.876 10 -31.491
v 3.918 10 -31.397
v 3.84 10 -31.58
v 3.85 10 -31.554
v 3.79 10 -31.717
v 3.72 10 -31.889
v 3.757 10 -31.797
v 3.68 10 -31.99
v 3.247 10 -33.076
v 3.49 10 -32.44
v 2.716 10 -34.587
v 2.98 10 -33.819
v 2.31 10 -35.88
v 2.484 10 -35.301
v 2.246 10 -36.102
v 2.184 10 -36.315
v 2.214 10 -36.213
v 2.14 10 -36.47
v 2.159 10 -36.403
v 1.704 10 -38.246
v 1.927 10 -37.256
v 1.256 10 -40.68
v 1.477 10 -39.401
v 0.86 10 -43.45
v 1.048 10 -42.043
v 0.754 10 -44.421
v 0.8 10 -43.956
v 0.682 10 -45.575
v 0.717 10 -44.932
v 0.59 10 -47.6
v 0.642 10 -46.436
v 0.547 10 -50.904
v 0.547 10 -49.231
v 34.568 10 -10.813
v 37.29 10 -9.76
v 37.85 10 -9.6
v 47.05 10 -7.92
v 61.934 10 -9.462
v 63.13 10 -9.88
v 88.99 10 -34.73
v 90.44 10 -39.116
v 90.47 10 -39.222
v 90.03 10 -62.145
v 88.858 10 -65.664
v 88.139 10 -67.526
v 39.4 10 -90.91
v 34.463 10 -89.211
v 10.967 10 -65.488
v 10.534 10 -64.439
v 8.256 10 -55.524
v 1.162 10 -58.7
v 1.313 10 -59.609
v 3.809 10 -68.277
v 3.981 10 -68.677
v 33.748 10 -97.272
v 34.799 10 -97.629
v 34.947 10 -97.665
v 64.36 10 -97.89
v 64.425 10 -97.869
v 65.954 10 -97.354
v 68.799 10 -96.263
v 69.095 10 -96.141
v 75.72 10 -92.738
v 76.208 10 -92.452
v 76.524 10 -92.199
v 92.244 10 -76.09
v 94.849 10 -71.3
v 96.055 10 -68.429
v 98.297 10 -60.803
v 98.327 10 -60.666
v 98.564 10 -40.541
v 93.213 10 -25.454
v 91.585 10 -22.74
v 69.816 10 -4.185
v 29.93 10 -4.27
v 16.728 10 -12.849
v 7.747 10 -23.911
v 3.834 10 -31.606
v 2.279 10 -35.989
v 10.408 10 -36.349
v 62.777 10 -9.717
v 63.344 10 -9.94
v 70.585 10 -13.237
v 85.698 10 -27.883
v 90.695 10 -40.021
v 90.47 10 -60.598
v 90.29 10 -61.227
v 88.104 10 -67.606
v 58.082 10 -91.522
v 47.745 10 -96.333
v 38.679 10 -90.701
v 34.376 10 -89.174
v 8.372 10 -56.508
v 0.992 10 -57.513
v 1.251 10 -59.257
v 1.281 10 -59.43
v 3.865 10 -68.403
v 30.161 10 -95.876
v 34.412 10 -97.52
v 61.619 10 -98.645
v 63.37 10 -98.189
v 63.583 10 -98.124
v 66.459 10 -97.165
v 68.892 10 -96.223
v 68.993 10 -96.181
v 92.306 10 -75.986
v 94.678 10 -71.686
v 95.996 10 -68.577
v 93.307 10 -25.621
v 91.764 10 -22.998
v 91.658 10 -22.849
v 47.506 10 -0.101
v 29.486 10 -4.46
v 16.86 10 -12.732
v 4.341 10 -30.405
v 3.816 10 -31.653
v 16.003 10 -25.298
v 34.95 10 -10.64
v 36.171 10 -10.17
v 37.486 10 -9.685
v 62.655 10 -9.682
v 82.146 10 -23.005
v 91.077 10 -58.244
v 90.502 10 -60.488
v 90.124 10 -61.825
v 89.241 10 -64.626
v 58.314 10 -91.499
v 40.564 10 -91.219
v 39.83 10 -91.036
v 13.904 10 -71.307
v 11.015 10 -65.607
v 8.53 10 -57.485
v 3.924 10 -68.539
v 34.296 10 -97.473
v 34.896 10 -97.647
v 61.391 10 -98.701
v 66.31 10 -97.22
v 75.914 10 -92.622
v 76.08 10 -92.525
v 76.506 10 -92.209
v 92.271 10 -76.042
v 94.754 10 -71.511
v 95.929 10 -68.751
v 98.65 10 -40.94
v 98.591 10 -40.671
v 93.549 10 -26.051
v 93.397 10 -25.783
v 91.719 10 -22.936
v 48.527 10 -0.048
v 47.924 10 -0.08
v 29.571 10 -4.425
v 7.447 10 -24.434
v 4.316 10 -30.475
v 4.167 10 -30.839
v 8.238 10 -48.221
v 16.899 10 -24.091
v 33.644 10 -11.219
v 37.337 10 -9.736
v 38.102 10 -9.494
v 62.7 10 -9.69
v 62.741 10 -9.701
v 71.421 10 -13.718
v 86.96 10 -30.158
v 90.668 10 -59.869
v 88.74 10 -65.995
v 48.143 10 -96.932
v 8.741 10 -58.519
v 33.954 10 -97.344
v 63.472 10 -98.158
v 66.171 10 -97.271
v 76.483 10 -92.235
v 98.636 10 -40.878
v 98.616 10 -40.786
v 93.48 10 -25.929
v 48.271 10 -0.062
v 29.677 10 -4.38
v 16.986 10 -12.621
v 7.665 10 -24.055
v 7.563 10 -24.233
v 4.278 10 -30.575
v 8.397 10 -45.94
v 35.825 10 -10.298
v 37.438 10 -9.698
v 61.336 10 -9.281
v 63.708 10 -10.063
v 58.511 10 -91.475
v 48.553 10 -97.48
v 33.36 10 -88.74
v 9.017 10 -59.673
v 34.14 10 -97.412
v 34.846 10 -97.635
v 76.492 10 -92.221
v 29.798 10 -4.328
v 8.608 10 -43.877
v 37.387 10 -9.715
v 38.509 10 -9.362
v 64.161 10 -10.228
v 90.53 10 -60.39
v 58.663 10 -91.451
v 48.95 10 -97.948
v 9.37 10 -61.01
v 66.05 10 -97.317
v 4.227 10 -30.698
v 8.86 10 -42.22
v 90.556 10 -60.297
v 49.314 10 -98.307
v 9.497 10 -61.449
v 42.039 10 -91.523
v 9.666 10 -61.991
v 60.249 10 -91.046
v 41.913 10 -91.504
v 9.859 10 -62.58
v 9.056 10 -41.253
v 61.295 10 -90.721
v 41.786 10 -91.484
v 10.057 10 -63.163
v 9.266 10 -40.318
v 62.486 10 -90.32
v 41.667 10 -91.462
v 9.496 10 -39.396
v 63.702 10 -89.886
v 9.75 10 -38.469
v 64.82 10 -89.461
v 10.483 10 -64.311
v 10.033 10 -37.517
v 65.72 10 -89.09
v 40.421 10 -91.186
v 10.35 10 -36.52
v 65.857 10 -89.032
v 40.286 10 -91.154
v 66.02 10 -88.963
v 40.166 10 -91.124
v 66.2 10 -88.885
v 40.065 10 -91.099
v 11.071 10 -65.741
v 66.387 10 -88.804
v 39.99 10 -91.08
v 11.271 10 -33.993
v 66.57 10 -88.724
v 39.919 10 -91.061
v 11.461 10 -33.52
v 66.74 10 -88.65
v 11.456 10 -66.615
v 11.667 10 -33.044
v 67.318 10 -88.391
v 11.787 10 -67.304
v 11.915 10 -32.503
v 68.106 10 -88.016
v 49.62 10 -98.53
v 12.186 10 -68.114
v 12.231 10 -31.838
v 69.003 10 -87.575
v 37.892 10 -90.457
v 12.596 10 -68.929
v 12.64 10 -30.99
v 69.907 10 -87.117
v 37.089 10 -90.194
v 12.959 10 -69.636
v 12.861 10 -30.553
v 52.277 10 -96.567
v 36.321 10 -89.93
v 13.094 10 -30.098
v 70.72 10 -86.693
v 35.641 10 -89.683
v 13.329 10 -29.647
v 51.886 10 -97.213
v 14.061 10 -71.578
v 13.553 10 -29.226
v 71.34 10 -86.35
v 14.231 10 -71.865
v 13.754 10 -28.855
v 51.53 10 -97.759
v 14.422 10 -72.182
v 13.92 10 -28.56
v 51.222 10 -98.183
v 32.094 10 -88.185
v 14.642 10 -72.543
v 14.267 10 -27.988
v 50.98 10 -98.46
v 30.83 10 -87.576
v 14.9 10 -72.96
v 14.719 10 -27.264
v 50.896 10 -98.527
v 29.591 10 -86.927
v 16.341 10 -75.105
v 15.206 10 -26.501
v 50.811 10 -98.578
v 28.4 10 -86.25
v 15.658 10 -25.809
v 18.005 10 -77.23
v 19.859 10 -79.3
v 21.872 10 -81.284
v 17.452 10 -23.389
v 24.013 10 -83.148
v 18.083 10 -22.64
v 26.25 10 -84.86
v 18.785 10 -21.851
v 27.279 10 -85.557
v 19.553 10 -21.029
v 20.38 10 -20.18
v 21.389 10 -19.194
v 22.386 10 -18.279
v 49.698 10 -98.563
v 23.388 10 -17.419
v 49.799 10 -98.592
v 24.411 10 -16.601
v 49.916 10 -98.616
v 25.473 10 -15.813
v 50.044 10 -98.634
v 26.59 10 -15.04
v 50.178 10 -98.646
v 27.398 10 -14.509
v 28.14 10 -14.046
v 50.31 10 -98.65
v 28.875 10 -13.616
v 50.473 10 -98.65
v 29.66 10 -13.187
v 50.606 10 -98.639
v 30.552 10 -12.726
v 50.716 10 -98.615
v 31.61 10 -12.2
v 32.281 10 -11.87
v 32.819 10 -11.607
v 73.034 10 -85.286
v 33.261 10 -11.396
v 74.857 10 -83.974
v 76.719 10 -82.491
v 78.53 10 -80.912
v 35.184 10 -10.545
v 80.2 10 -79.313
v 35.486 10 -10.426
v 82.4 10 -76.898
v 82.665 10 -76.567
v 83.015 10 -76.121
v 39.046 10 -9.209
v 83.398 10 -75.626
v 39.688 10 -9.041
v 83.764 10 -75.147
v 40.408 10 -8.866
v 84.06 10 -74.75
v 41.18 10 -8.69
v 84.426 10 -74.249
v 41.979 10 -8.525
v 84.771 10 -73.751
v 42.676 10 -8.396
v 85.109 10 -73.24
v 43.334 10 -8.293
v 85.453 10 -72.695
v 44.014 10 -8.208
v 85.815 10 -72.098
v 86.21 10 -71.43
v 86.413 10 -71.052
v 47.587 10 -7.9
v 86.754 10 -70.384
v 48.894 10 -7.905
v 87.16 10 -69.573
v 50.621 10 -7.93
v 87.56 10 -68.763
v 52.42 10 -7.968
v 87.88 10 -68.1
v 53.939 10 -8.014
v 88.05 10 -67.73
v 54.83 10 -8.06
v 88.074 10 -67.676
v 55.475 10 -8.122
v 55.979 10 -8.174
v 56.412 10 -8.228
v 88.35 10 -67.021
v 56.848 10 -8.293
v 88.474 10 -66.705
v 57.356 10 -8.38
v 88.607 10 -66.353
v 58.01 10 -8.5
v 58.833 10 -8.667
v 59.711 10 -8.865
v 89.361 10 -64.278
v 60.57 10 -9.076
v 89.506 10 -63.842
v 89.659 10 -63.369
v 64.646 10 -10.41
v 90.08 10 -61.976
v 65.102 10 -10.589
v 65.47 10 -10.74
v 66.234 10 -11.074
v 90.585 10 -60.192
v 66.861 10 -11.352
v 90.614 10 -60.081
v 67.4 10 -11.599
v 90.642 10 -59.971
v 67.903 10 -11.838
v 68.419 10 -12.093
v 69 10 -12.39
v 91.18 10 -57.797
v 69.347 10 -12.569
v 91.276 10 -57.33
v 69.697 10 -12.752
v 91.367 10 -56.843
v 70.031 10 -12.93
v 91.452 10 -56.336
v 70.333 10 -13.094
v 91.53 10 -55.81
v 91.558 10 -55.473
v 91.58 10 -54.858
v 91.598 10 -53.991
v 71.593 10 -13.825
v 91.61 10 -52.899
v 71.85 10 -13.99
v 91.618 10 -51.607
v 91.62 10 -50.14
v 91.617 10 -47.527
v 73.76 10 -15.25
v 91.588 10 -45.622
v 74.586 10 -15.837
v 91.515 10 -44.204
v 75.409 10 -16.441
v 91.382 10 -43.051
v 76.177 10 -17.027
v 76.841 10 -17.555
v 91.173 10 -41.943
v 77.35 10 -17.99
v 78.223 10 -18.786
v 78.989 10 -19.51
v 90.751 10 -40.222
v 79.671 10 -20.186
v 80.294 10 -20.84
v 80.883 10 -21.497
v 90.198 10 -38.287
v 90.006 10 -37.669
v 89.804 10 -37.036
v 82.248 10 -23.132
v 89.61 10 -36.451
v 82.396 10 -23.32
v 82.582 10 -23.558
v 88.525 10 -33.582
v 88.084 10 -32.538
v 84.446 10 -25.996
v 87.673 10 -31.61
v 84.955 10 -26.71
v 87.296 10 -30.812
v 85.364 10 -27.327
f 1 2 3
f 4 5 6
f 7 4 8
f 9 7 10
f 11 9 12
f 13 11 14
f 15 16 17
f 18 15 19
f 20 18 21
f 22 23 24
f 25 26 27
f 28 29 30
f 31 28 32
f 33 31 34
f 35 36 37
f 38 35 39
f 40 38 41
f 42 43 44
f 45 42 46
f 47 45 48
f 49 50 51
f 52 49 53
f 54 52 55
f 56 57 58
f 59 56 60
f 61 59 62
f 63 64 65
f 66 63 67
f 68 66 69
f 70 71 72
f 73 74 75
f 76 73 77
f 78 76 79
f 80 81 82
f 83 84 85
f 86 83 87
f 88 86 89
f 90 91 92
f 93 94 95
f 96 97 98
f 99 100 101
f 102 103 104
f 105 102 106
f 107 105 108
f 109 110 111
f 112 109 113
f 114 115 116
f 117 114 118
f 119 120 121
f 122 123 124
f 125 122 126
f 127 125 128
f 129 130 131
f 132 133 134
f 135 132 136
f 137 135 138
f 139 140 141
f 142 139 143
f 144 142 145
f 146 147 148
f 149 146 150
f 151 149 152
f 153 151 154
f 155 153 156
f 157 155 158
f 159 157 160
f 161 162 163
f 164 161 165
f 166 164 167
f 168 166 169
f 170 168 171
f 172 170 173
f 174 175 176
f 177 178 179
f 180 177 181
f 182 183 184
f 185 186 187
f 188 185 189
f 190 188 191
f 192 190 193
f 194 195 196
f 197 194 198
f 199 197 200
f 201 202 203
f 204 201 205
f 206 204 207
f 208 209 210
f 211 212 213
f 214 211 215
f 216 214 217
f 218 216 219
f 220 221 222
f 2 223 3
f 224 2 225
f 226 224 227
f 228 229 230
f 231 228 232
f 233 231 234
f 235 236 237
f 238 239 240
f 241 238 242
f 243 241 244
f 245 246 247
f 248 245 249
f 250 248 251
f 252 250 253
f 254 252 255
f 256 254 257
f 258 256 259
f 260 258 261
f 262 260 263
f 264 265 266
f 267 264 268
f 269 267 270
f 271 269 272
f 273 271 274
f 275 273 276
f 277 275 278
f 279 277 280
f 281 279 282
f 283 281 284
f 285 283 286
f 287 285 288
f 289 287 290
f 291 289 292
f 293 291 294
f 295 293 296
f 297 295 298
f 299 297 300
f 301 299 302
f 303 304 305
f 306 307 308
f 309 306 310
f 311 309 312
f 313 314 315
f 316 313 317
f 318 316 319
f 320 321 322
f 323 320 324
f 325 323 326
f 327 325 328
f 329 327 330
f 331 329 332
f 333 331 334
f 335 333 336
f 337 335 338
f 339 337 340
f 341 339 342
f 343 341 344
f 345 343 346
f 347 345 348
f 349 350 351
f 352 349 353
f 354 352 355
f 356 354 357
f 358 359 360
f 361 358 362
f 363 361 364
f 365 366 367
f 368 365 369
f 370 368 371
f 372 370 373
f 374 372 375
f 376 377 378
f 379 376 380
f 381 379 382
f 383 384 385
f 386 383 387
f 388 386 389
f 390 388 391
f 392 393 394
f 395 392 396
f 397 395 398
f 399 400 401
f 402 399 403
f 404 402 405
f 406 404 407
f 408 406 409
f 410 408 411
f 412 410 413
f 414 412 415
f 416 414 417
f 418 416 419
f 420 421 422
f 423 420 424
f 425 423 426
f 427 425 428
f 429 430 431
f 432 429 433
f 434 432 435
f 436 434 437
f 438 439 440
f 441 438 442
f 443 441 444
f 445 443 446
f 447 445 448
f 449 447 450
f 451 452 453
f 454 451 455
f 456 454 457
f 458 459 460
f 461 458 462
f 463 461 464
f 465 463 466
f 467 465 468
f 469 467 470
f 471 469 472
f 473 474 475
f 476 473 477
f 478 476 479
f 480 481 482
f 483 480 484
f 485 483 486
f 487 485 488
f 489 487 490
f 491 489 492
f 493 491 494
f 495 493 496
f 497 495 498
f 499 497 500
f 501 499 502
f 503 501 504
f 505 503 506
f 507 505 508
f 509 507 510
f 511 509 512
f 513 511 514
f 515 513 516
f 517 518 519
f 520 517 521
f 522 520 523
f 524 525 526
f 527 524 528
f 529 527 530
f 531 529 532
f 533 531 534
f 535 533 536
f 537 535 538
f 539 537 540
f 541 539 542
f 543 541 544
f 545 543 546
f 547 548 549
f 550 547 551
f 552 550 553
f 554 552 555
f 556 557 558
f 559 556 560
f 561 559 562
f 563 561 564
f 565 563 566
f 567 565 568
f 569 567 570
f 571 569 572
f 573 574 575
f 576 573 577
f 578 576 579
f 580 578 581
f 582 580 583
f 584 582 585
f 586 587 588
f 589 586 590
f 591 592 593
f 594 591 595
f 596 594 597
f 598 596 599
f 600 598 601
f 602 600 603
f 604 605 606
f 607 604 608
f 609 607 610
f 611 609 612
f 613 611 614
f 615 613 616
f 617 615 618
f 619 617 620
f 621 619 622
f 623 621 624
f 625 626 627
f 628 625 629
f 630 628 631
f 632 630 633
f 634 632 635
f 636 634 637
f 638 636 639
f 640 638 641
f 642 640 643
f 644 642 645
f 646 647 648
f 649 646 650
f 651 649 652
f 653 651 654
f 655 653 656
f 657 655 658
f 659 660 661
f 662 659 663
f 664 662 665
f 666 667 668
f 669 670 671
f 672 669 673
f 674 672 675
f 676 677 678
f 679 676 680
f 681 679 682
f 683 681 684
f 685 683 686
f 687 685 688
f 689 687 690
f 691 689 692
f 693 691 694
f 1 693 2
f 7 5 4
f 11 7 9
f 18 16 15
f 695 23 22
f 25 695 26
f 31 29 28
f 696 31 33
f 38 36 35
f 697 38 40
f 45 43 42
f 698 45 47
f 49 699 50
f 54 49 52
f 59 57 56
f 700 59 61
f 66 64 63
f 76 74 73
f 86 84 83
f 90 701 91
f 702 94 93
f 96 703 97
f 105 103 102
f 112 110 109
f 117 115 114
f 119 704 120
f 125 123 122
f 705 125 127
f 706 130 129
f 135 133 132
f 142 140 139
f 149 147 146
f 153 149 151
f 157 153 155
f 164 162 161
f 168 164 166
f 172 168 170
f 178 175 174
f 180 178 177
f 707 183 182
f 188 186 185
f 708 190 192
f 197 195 194
f 204 202 201
f 211 709 212
f 216 211 214
f 710 216 218
f 2 711 223
f 226 2 224
f 231 229 228
f 235 712 236
f 238 713 239
f 243 238 241
f 245 243 246
f 250 245 248
f 254 250 252
f 260 256 258
f 714 260 262
f 264 715 265
f 269 264 267
f 273 269 271
f 277 273 275
f 281 277 279
f 285 281 283
f 289 285 287
f 293 289 291
f 297 293 295
f 301 297 299
f 307 304 303
f 309 307 306
f 716 309 311
f 316 314 313
f 717 316 318
f 320 718 321
f 325 320 323
f 329 325 327
f 333 329 331
f 337 333 335
f 341 337 339
f 345 341 343
f 352 350 349
f 356 352 354
f 361 359 358
f 719 361 363
f 365 720 366
f 372 368 370
f 721 372 374
f 379 377 376
f 722 379 381
f 383 723 384
f 388 383 386
f 724 388 390
f 392 725 393
f 397 392 395
f 399 726 400
f 404 399 402
f 408 404 406
f 412 408 410
f 416 412 414
f 727 416 418
f 423 421 420
f 427 423 425
f 429 728 430
f 434 429 432
f 438 729 439
f 443 438 441
f 447 443 445
f 452 447 449
f 454 452 451
f 730 454 456
f 458 731 459
f 463 458 461
f 467 463 465
f 471 467 469
f 473 732 474
f 478 473 476
f 480 478 481
f 485 480 483
f 489 485 487
f 493 489 491
f 497 493 495
f 501 497 499
f 507 503 505
f 511 507 509
f 515 511 513
f 517 733 518
f 522 517 520
f 524 734 525
f 529 524 527
f 533 529 531
f 537 533 535
f 541 537 539
f 545 541 543
f 547 735 548
f 552 547 550
f 559 557 556
f 563 559 561
f 567 563 565
f 571 567 569
f 576 574 573
f 580 576 578
f 584 580 582
f 589 587 586
f 591 589 592
f 596 591 594
f 600 596 598
f 736 600 602
f 607 605 604
f 611 607 609
f 615 611 613
f 619 615 617
f 623 619 621
f 625 737 626
f 630 625 628
f 634 630 632
f 638 634 636
f 642 638 640
f 738 642 644
f 649 647 646
f 653 649 651
f 657 653 655
f 662 660 659
f 739 662 664
f 670 667 666
f 672 670 669
f 740 672 674
f 679 677 676
f 683 679 681
f 687 683 685
f 691 687 689
f 1 691 693
f 7 741 5
f 13 7 11
f 20 16 18
f 25 23 695
f 696 29 31
f 697 36 38
f 698 43 45
f 54 699 49
f 59 742 57
f 743 59 700
f 66 744 64
f 78 74 76
f 86 745 84
f 703 94 702
f 746 703 96
f 107 103 105
f 112 747 110
f 117 748 115
f 705 123 125
f 749 130 706
f 137 133 135
f 144 140 142
f 149 750 147
f 157 149 153
f 164 751 162
f 172 164 168
f 180 175 178
f 752 183 707
f 190 186 188
f 197 753 195
f 206 202 204
f 216 709 211
f 2 754 711
f 755 2 226
f 231 755 229
f 756 712 235
f 238 757 713
f 245 238 243
f 254 245 250
f 260 254 256
f 758 260 714
f 269 715 264
f 277 269 273
f 285 277 281
f 293 285 289
f 301 293 297
f 307 759 304
f 716 307 309
f 316 760 314
f 325 718 320
f 333 325 329
f 341 333 337
f 347 341 345
f 352 761 350
f 762 352 356
f 361 763 359
f 368 720 365
f 721 368 372
f 379 764 377
f 765 379 722
f 383 766 723
f 724 383 388
f 397 725 392
f 404 726 399
f 412 404 408
f 727 412 416
f 423 767 421
f 768 423 427
f 434 728 429
f 438 769 729
f 447 438 443
f 454 447 452
f 731 454 730
f 463 731 458
f 471 463 467
f 478 732 473
f 485 478 480
f 493 485 489
f 501 493 497
f 507 501 503
f 515 507 511
f 517 770 733
f 771 517 522
f 524 772 734
f 533 524 529
f 541 533 537
f 735 541 545
f 552 735 547
f 563 557 559
f 571 563 567
f 576 773 574
f 584 576 580
f 589 584 587
f 596 589 591
f 736 596 600
f 607 774 605
f 615 607 611
f 623 615 619
f 625 775 737
f 634 625 630
f 642 634 638
f 653 647 649
f 776 653 657
f 739 660 662
f 670 777 667
f 740 670 672
f 679 740 677
f 687 679 683
f 1 687 691
f 20 778 16
f 779 23 25
f 696 780 29
f 697 781 36
f 782 699 54
f 743 742 59
f 68 744 66
f 783 74 78
f 88 745 86
f 746 94 703
f 107 784 103
f 112 785 747
f 786 748 117
f 705 787 123
f 149 788 750
f 159 149 157
f 172 751 164
f 789 175 180
f 752 790 183
f 199 753 197
f 206 791 202
f 216 792 709
f 2 793 754
f 231 2 755
f 756 233 712
f 238 756 757
f 254 238 245
f 758 254 260
f 269 794 715
f 285 269 277
f 301 285 293
f 716 759 307
f 316 795 760
f 325 796 718
f 341 325 333
f 797 341 347
f 762 761 352
f 719 763 361
f 721 720 368
f 379 798 764
f 383 765 766
f 799 383 724
f 397 800 725
f 404 801 726
f 727 404 412
f 423 802 767
f 803 423 768
f 434 803 728
f 438 804 769
f 454 438 447
f 463 454 731
f 805 463 471
f 478 806 732
f 493 478 485
f 507 493 501
f 807 507 515
f 517 808 770
f 809 517 771
f 533 772 524
f 735 533 541
f 554 735 552
f 563 554 557
f 810 563 571
f 576 811 773
f 589 576 584
f 736 589 596
f 607 812 774
f 623 607 615
f 634 775 625
f 738 634 642
f 653 813 647
f 814 653 776
f 739 815 660
f 740 777 670
f 687 740 679
f 816 687 1
f 817 778 20
f 779 818 23
f 819 780 696
f 820 781 697
f 821 699 782
f 743 822 742
f 823 744 68
f 824 745 88
f 825 784 107
f 748 785 112
f 826 787 705
f 159 788 149
f 172 827 751
f 199 708 753
f 2 828 793
f 233 2 231
f 238 233 756
f 758 238 254
f 269 758 794
f 301 269 285
f 829 759 716
f 717 795 316
f 341 796 325
f 761 341 797
f 830 761 762
f 719 830 763
f 721 719 720
f 379 831 798
f 383 379 765
f 800 383 799
f 832 800 397
f 727 801 404
f 803 802 423
f 436 803 434
f 438 436 804
f 463 438 454
f 833 463 805
f 478 834 806
f 507 478 493
f 835 507 807
f 517 835 808
f 772 517 809
f 735 772 533
f 563 735 554
f 836 563 810
f 576 836 811
f 736 576 589
f 607 837 812
f 838 607 623
f 634 838 775
f 839 634 738
f 653 840 813
f 841 653 814
f 777 815 739
f 687 777 740
f 842 687 816
f 819 843 780
f 820 844 781
f 821 845 699
f 846 822 743
f 786 785 748
f 159 847 788
f 172 848 827
f 849 708 199
f 2 850 828
f 238 2 233
f 269 238 758
f 759 269 301
f 851 759 829
f 717 851 795
f 341 852 796
f 830 341 761
f 721 830 719
f 383 831 379
f 832 383 800
f 727 853 801
f 803 727 802
f 438 803 436
f 833 438 463
f 478 833 834
f 835 478 507
f 772 835 517
f 563 772 735
f 576 563 836
f 854 576 736
f 607 854 837
f 634 607 838
f 840 634 839
f 841 840 653
f 687 815 777
f 855 687 842
f 856 843 819
f 857 844 820
f 822 845 821
f 858 822 846
f 786 859 785
f 159 860 847
f 172 861 848
f 849 190 708
f 2 862 850
f 269 2 238
f 851 269 759
f 852 851 717
f 721 341 830
f 383 863 831
f 853 383 832
f 803 853 727
f 833 803 438
f 835 833 478
f 563 835 772
f 854 563 576
f 634 854 607
f 841 634 840
f 687 864 815
f 865 687 855
f 786 866 859
f 159 144 860
f 172 867 861
f 2 868 862
f 852 269 851
f 863 341 721
f 853 863 383
f 835 803 833
f 634 563 854
f 864 634 841
f 865 864 687
f 159 140 144
f 869 867 172
f 2 870 868
f 853 341 863
f 865 634 864
f 159 871 140
f 872 867 869
f 2 873 870
f 803 341 853
f 874 634 865
f 159 875 871
f 876 867 872
f 2 877 873
f 878 634 874
f 159 879 875
f 880 867 876
f 2 220 877
f 881 634 878
f 159 882 879
f 175 867 880
f 2 221 220
f 883 634 881
f 159 884 882
f 789 867 175
f 2 885 221
f 886 634 883
f 159 887 884
f 888 867 789
f 2 710 885
f 889 634 886
f 159 890 887
f 891 867 888
f 2 216 710
f 741 634 889
f 159 892 890
f 893 867 891
f 2 792 216
f 7 634 741
f 159 894 892
f 895 867 893
f 2 896 792
f 13 634 7
f 159 897 894
f 898 867 895
f 2 208 896
f 899 634 13
f 159 900 897
f 901 867 898
f 2 209 208
f 902 634 899
f 159 903 900
f 790 867 901
f 2 904 209
f 905 634 902
f 159 906 903
f 752 867 790
f 2 907 904
f 908 634 905
f 159 909 906
f 752 910 867
f 2 911 907
f 912 634 908
f 159 913 909
f 914 910 752
f 2 915 911
f 916 634 912
f 159 917 913
f 918 910 914
f 2 919 915
f 920 634 916
f 921 917 159
f 922 910 918
f 2 206 919
f 923 634 920
f 921 924 917
f 925 910 922
f 2 791 206
f 926 634 923
f 927 924 921
f 186 910 925
f 2 928 791
f 929 634 926
f 927 930 924
f 190 910 186
f 2 931 928
f 932 634 929
f 933 930 927
f 849 910 190
f 2 934 931
f 935 634 932
f 936 930 933
f 937 910 849
f 2 938 934
f 939 634 935
f 940 930 936
f 941 910 937
f 2 942 938
f 943 634 939
f 944 930 940
f 945 910 941
f 2 946 942
f 947 634 943
f 948 930 944
f 949 910 945
f 269 946 2
f 950 634 947
f 269 951 946
f 778 634 950
f 269 952 951
f 817 634 778
f 269 953 952
f 954 634 817
f 269 955 953
f 956 634 954
f 269 957 955
f 958 634 956
f 269 959 957
f 960 634 958
f 852 959 269
f 961 634 960
f 852 949 959
f 962 634 961
f 852 910 949
f 963 634 962
f 852 964 910
f 965 634 963
f 852 966 964
f 967 634 965
f 852 968 966
f 969 634 967
f 852 970 968
f 971 634 969
f 852 972 970
f 973 634 971
f 341 972 852
f 974 634 973
f 341 975 972
f 976 634 974
f 341 977 975
f 978 634 976
f 341 979 977
f 980 634 978
f 341 981 979
f 982 634 980
f 341 948 981
f 983 634 982
f 341 930 948
f 984 634 983
f 341 985 930
f 986 634 984
f 341 987 985
f 818 634 986
f 341 988 987
f 818 563 634
f 803 988 341
f 779 563 818
f 803 989 988
f 990 563 779
f 803 991 989
f 992 563 990
f 803 137 991
f 843 563 992
f 803 133 137
f 856 563 843
f 803 993 133
f 844 563 856
f 803 994 993
f 857 563 844
f 803 995 994
f 996 563 857
f 803 997 995
f 998 563 996
f 803 999 997
f 1000 563 998
f 803 1001 999
f 1002 563 1000
f 803 1003 1001
f 1004 563 1002
f 803 1005 1003
f 1006 563 1004
f 803 1007 1005
f 1008 563 1006
f 803 1009 1007
f 1010 563 1008
f 803 1011 1009
f 43 563 1010
f 803 1012 1011
f 698 563 43
f 803 1013 1012
f 1014 563 698
f 803 1015 1013
f 1016 563 1014
f 803 1017 1015
f 1018 563 1016
f 803 1019 1017
f 1020 563 1018
f 803 1021 1019
f 1022 563 1020
f 803 1023 1021
f 1024 563 1022
f 803 1025 1023
f 1026 563 1024
f 803 749 1025
f 1027 563 1026
f 803 130 749
f 1028 563 1027
f 803 1029 130
f 1030 563 1028
f 803 1031 1029
f 1032 563 1030
f 803 1033 1031
f 1034 563 1032
f 803 826 1033
f 1035 563 1034
f 803 787 826
f 1036 563 1035
f 803 1037 787
f 1038 563 1036
f 803 1039 1037
f 845 563 1038
f 803 1040 1039
f 822 563 845
f 803 119 1040
f 858 563 822
f 803 704 119
f 1041 563 858
f 803 1042 704
f 1043 563 1041
f 803 786 1042
f 1044 563 1043
f 803 866 786
f 1045 563 1044
f 803 1046 866
f 1047 563 1045
f 803 1048 1046
f 1049 563 1047
f 803 1050 1048
f 1051 563 1049
f 803 825 1050
f 1052 563 1051
f 803 784 825
f 1053 563 1052
f 803 1054 784
f 1055 563 1053
f 803 1056 1054
f 1057 563 1055
f 803 1058 1056
f 1059 563 1057
f 803 1060 1058
f 1061 563 1059
f 803 1062 1060
f 1061 835 563
f 803 1063 1062
f 744 835 1061
f 803 1064 1063
f 823 835 744
f 803 1065 1064
f 1066 835 823
f 803 1067 1065
f 1068 835 1066
f 803 1069 1067
f 71 835 1068
f 803 1070 1069
f 70 835 71
f 803 1071 1070
f 1072 835 70
f 803 1073 1071
f 1074 835 1072
f 803 1075 1073
f 1076 835 1074
f 803 1077 1075
f 1078 835 1076
f 835 1077 803
f 1079 835 1078
f 835 1080 1077
f 1081 835 1079
f 835 99 1080
f 1082 835 1081
f 835 100 99
f 1083 835 1082
f 835 1084 100
f 1085 835 1083
f 835 746 1084
f 1086 835 1085
f 835 94 746
f 1087 835 1086
f 835 1088 94
f 74 835 1087
f 835 1089 1088
f 783 835 74
f 835 1090 1089
f 1091 835 783
f 835 1092 1090
f 1093 835 1091
f 835 90 1092
f 1094 835 1093
f 835 701 90
f 81 835 1094
f 835 1095 701
f 80 835 81
f 835 1096 1095
f 1097 835 80
f 835 1098 1096
f 1099 835 1097
f 835 1100 1098
f 1101 835 1099
f 835 824 1100
f 745 835 1101
f 835 745 824
f 1102 1103 1104
f 1105 1106 1107
f 1106 1108 1109
f 1108 1110 1111
f 1110 1112 1113
f 1112 1114 1115
f 1116 1117 1118
f 1117 1119 1120
f 1119 1121 1122
f 1123 1124 1125
f 1126 1127 1128
f 1129 1130 1131
f 1130 1132 1133
f 1132 1134 1135
f 1136 1137 1138
f 1137 1139 1140
f 1139 1141 1142
f 1143 1144 1145
f 1144 1146 1147
f 1146 1148 1149
f 1150 1151 1152
f 1151 1153 1154
f 1153 1155 1156
f 1157 1158 1159
f 1158 1160 1161
f 1160 1162 1163
f 1164 1165 1166
f 1165 1167 1168
f 1167 1169 1170
f 1171 1172 1173
f 1174 1175 1176
f 1175 1177 1178
f 1177 1179 1180
f 1181 1182 1183
f 1184 1185 1186
f 1185 1187 1188
f 1187 1189 1190
f 1191 1192 1193
f 1194 1195 1196
f 1197 1198 1199
f 1200 1201 1202
f 1203 1204 1205
f 1204 1206 1207
f 1206 1208 1209
f 1210 1211 1212
f 1211 1213 1214
f 1215 1216 1217
f 1216 1218 1219
f 1220 1221 1222
f 1223 1224 1225
f 1224 1226 1227
f 1226 1228 1229
f 1230 1231 1232
f 1233 1234 1235
f 1234 1236 1237
f 1236 1238 1239
f 1240 1241 1242
f 1241 1243 1244
f 1243 1245 1246
f 1247 1248 1249
f 1248 1250 1251
f 1250 1252 1253
f 1252 1254 1255
f 1254 1256 1257
f 1256 1258 1259
f 1258 1260 1261
f 1262 1263 1264
f 1263 1265 1266
f 1265 1267 1268
f 1267 1269 1270
f 1269 1271 1272
f 1271 1273 1274
f 1275 1276 1277
f 1278 1279 1280
f 1279 1281 1282
f 1283 1284 1285
f 1286 1287 1288
f 1287 1289 1290
f 1289 1291 1292
f 1291 1293 1294
f 1295 1296 1297
f 1296 1298 1299
f 1298 1300 1301
f 1302 1303 1304
f 1303 1305 1306
f 1305 1307 1308
f 1309 1310 1311
f 1312 1313 1314
f 1313 1315 1316
f 1315 1317 1318
f 1317 1319 1320
f 1321 1322 1323
f 1324 1102 1104
f 1102 1325 1326
f 1325 1327 1328
f 1329 1330 1331
f 1330 1332 1333
f 1332 1334 1335
f 1336 1337 1338
f 1339 1340 1341
f 1340 1342 1343
f 1342 1344 1345
f 1346 1347 1348
f 1347 1349 1350
f 1349 1351 1352
f 1351 1353 1354
f 1353 1355 1356
f 1355 1357 1358
f 1357 1359 1360
f 1359 1361 1362
f 1361 1363 1364
f 1365 1366 1367
f 1366 1368 1369
f 1368 1370 1371
f 1370 1372 1373
f 1372 1374 1375
f 1374 1376 1377
f 1376 1378 1379
f 1378 1380 1381
f 1380 1382 1383
f 1382 1384 1385
f 1384 1386 1387
f 1386 1388 1389
f 1388 1390 1391
f 1390 1392 1393
f 1392 1394 1395
f 1394 1396 1397
f 1396 1398 1399
f 1398 1400 1401
f 1400 1402 1403
f 1404 1405 1406
f 1407 1408 1409
f 1408 1410 1411
f 1410 1412 1413
f 1414 1415 1416
f 1415 1417 1418
f 1417 1419 1420
f 1421 1422 1423
f 1422 1424 1425
f 1424 1426 1427
f 1426 1428 1429
f 1428 1430 1431
f 1430 1432 1433
f 1432 1434 1435
f 1434 1436 1437
f 1436 1438 1439
f 1438 1440 1441
f 1440 1442 1443
f 1442 1444 1445
f 1444 1446 1447
f 1446 1448 1449
f 1450 1451 1452
f 1451 1453 1454
f 1453 1455 1456
f 1455 1457 1458
f 1459 1460 1461
f 1460 1462 1463
f 1462 1464 1465
f 1466 1467 1468
f 1467 1469 1470
f 1469 1471 1472
f 1471 1473 1474
f 1473 1475 1476
f 1477 1478 1479
f 1478 1480 1481
f 1480 1482 1483
f 1484 1485 1486
f 1485 1487 1488
f 1487 1489 1490
f 1489 1491 1492
f 1493 1494 1495
f 1494 1496 1497
f 1496 1498 1499
f 1500 1501 1502
f 1501 1503 1504
f 1503 1505 1506
f 1505 1507 1508
f 1507 1509 1510
f 1509 1511 1512
f 1511 1513 1514
f 1513 1515 1516
f 1515 1517 1518
f 1517 1519 1520
f 1521 1522 1523
f 1522 1524 1525
f 1524 1526 1527
f 1526 1528 1529
f 1530 1531 1532
f 1531 1533 1534
f 1533 1535 1536
f 1535 1537 1538
f 1539 1540 1541
f 1540 1542 1543
f 1542 1544 1545
f 1544 1546 1547
f 1546 1548 1549
f 1548 1550 1551
f 1552 1553 1554
f 1553 1555 1556
f 1555 1557 1558
f 1559 1560 1561
f 1560 1562 1563
f 1562 1564 1565
f 1564 1566 1567
f 1566 1568 1569
f 1568 1570 1571
f 1570 1572 1573
f 1574 1575 1576
f 1575 1577 1578
f 1577 1579 1580
f 1581 1582 1583
f 1582 1584 1585
f 1584 1586 1587
f 1586 1588 1589
f 1588 1590 1591
f 1590 1592 1593
f 1592 1594 1595
f 1594 1596 1597
f 1596 1598 1599
f 1598 1600 1601
f 1600 1602 1603
f 1602 1604 1605
f 1604 1606 1607
f 1606 1608 1609
f 1608 1610 1611
f 1610 1612 1613
f 1612 1614 1615
f 1614 1616 1617
f 1618 1619 1620
f 1619 1621 1622
f 1621 1623 1624
f 1625 1626 1627
f 1626 1628 1629
f 1628 1630 1631
f 1630 1632 1633
f 1632 1634 1635
f 1634 1636 1637
f 1636 1638 1639
f 1638 1640 1641
f 1640 1642 1643
f 1642 1644 1645
f 1644 1646 1647
f 1648 1649 1650
f 1649 1651 1652
f 1651 1653 1654
f 1653 1655 1656
f 1657 1658 1659
f 1658 1660 1661
f 1660 1662 1663
f 1662 1664 1665
f 1664 1666 1667
f 1666 1668 1669
f 1668 1670 1671
f 1670 1672 1673
f 1674 1675 1676
f 1675 1677 1678
f 1677 1679 1680
f 1679 1681 1682
f 1681 1683 1684
f 1683 1685 1686
f 1687 1688 1689
f 1688 1690 1691
f 1692 1693 1694
f 1693 1695 1696
f 1695 1697 1698
f 1697 1699 1700
f 1699 1701 1702
f 1701 1703 1704
f 1705 1706 1707
f 1706 1708 1709
f 1708 1710 1711
f 1710 1712 1713
f 1712 1714 1715
f 1714 1716 1717
f 1716 1718 1719
f 1718 1720 1721
f 1720 1722 1723
f 1722 1724 1725
f 1726 1727 1728
f 1727 1729 1730
f 1729 1731 1732
f 1731 1733 1734
f 1733 1735 1736
f 1735 1737 1738
f 1737 1739 1740
f 1739 1741 1742
f 1741 1743 1744
f 1743 1745 1746
f 1747 1748 1749
f 1748 1750 1751
f 1750 1752 1753
f 1752 1754 1755
f 1754 1756 1757
f 1756 1758 1759
f 1760 1761 1762
f 1761 1763 1764
f 1763 1765 1766
f 1767 1768 1769
f 1770 1771 1772
f 1771 1773 1774
f 1773 1775 1776
f 1777 1778 1779
f 1778 1780 1781
f 1780 1782 1783
f 1782 1784 1785
f 1784 1786 1787
f 1786 1788 1789
f 1788 1790 1791
f 1790 1792 1793
f 1792 1794 1795
f 1794 1103 1102
f 1105 1108 1106
f 1108 1112 1110
f 1116 1119 1117
f 1123 1796 1124
f 1796 1127 1126
f 1129 1132 1130
f 1132 1797 1134
f 1136 1139 1137
f 1139 1798 1141
f 1143 1146 1144
f 1146 1799 1148
f 1800 1151 1150
f 1151 1155 1153
f 1157 1160 1158
f 1160 1801 1162
f 1164 1167 1165
f 1174 1177 1175
f 1184 1187 1185
f 1802 1192 1191
f 1194 1803 1195
f 1804 1198 1197
f 1203 1206 1204
f 1210 1213 1211
f 1215 1218 1216
f 1805 1221 1220
f 1223 1226 1224
f 1226 1806 1228
f 1230 1807 1231
f 1233 1236 1234
f 1240 1243 1241
f 1247 1250 1248
f 1250 1254 1252
f 1254 1258 1256
f 1262 1265 1263
f 1265 1269 1267
f 1269 1273 1271
f 1275 1278 1276
f 1278 1281 1279
f 1283 1808 1284
f 1286 1289 1287
f 1291 1809 1293
f 1295 1298 1296
f 1302 1305 1303
f 1810 1313 1312
f 1313 1317 1315
f 1317 1811 1319
f 1812 1102 1324
f 1102 1327 1325
f 1329 1332 1330
f 1813 1337 1336
f 1814 1340 1339
f 1340 1344 1342
f 1344 1347 1346
f 1347 1351 1349
f 1351 1355 1353
f 1357 1361 1359
f 1361 1815 1363
f 1816 1366 1365
f 1366 1370 1368
f 1370 1374 1372
f 1374 1378 1376
f 1378 1382 1380
f 1382 1386 1384
f 1386 1390 1388
f 1390 1394 1392
f 1394 1398 1396
f 1398 1402 1400
f 1404 1407 1405
f 1407 1410 1408
f 1410 1817 1412
f 1414 1417 1415
f 1417 1818 1419
f 1819 1422 1421
f 1422 1426 1424
f 1426 1430 1428
f 1430 1434 1432
f 1434 1438 1436
f 1438 1442 1440
f 1442 1446 1444
f 1450 1453 1451
f 1453 1457 1455
f 1459 1462 1460
f 1462 1820 1464
f 1821 1467 1466
f 1469 1473 1471
f 1473 1822 1475
f 1477 1480 1478
f 1480 1823 1482
f 1824 1485 1484
f 1485 1489 1487
f 1489 1825 1491
f 1826 1494 1493
f 1494 1498 1496
f 1827 1501 1500
f 1501 1505 1503
f 1505 1509 1507
f 1509 1513 1511
f 1513 1517 1515
f 1517 1828 1519
f 1521 1524 1522
f 1524 1528 1526
f 1829 1531 1530
f 1531 1535 1533
f 1830 1540 1539
f 1540 1544 1542
f 1544 1548 1546
f 1548 1552 1550
f 1552 1555 1553
f 1555 1831 1557
f 1832 1560 1559
f 1560 1564 1562
f 1564 1568 1566
f 1568 1572 1570
f 1833 1575 1574
f 1575 1579 1577
f 1579 1582 1581
f 1582 1586 1584
f 1586 1590 1588
f 1590 1594 1592
f 1594 1598 1596
f 1598 1602 1600
f 1604 1608 1606
f 1608 1612 1610
f 1612 1616 1614
f 1834 1619 1618
f 1619 1623 1621
f 1835 1626 1625
f 1626 1630 1628
f 1630 1634 1632
f 1634 1638 1636
f 1638 1642 1640
f 1642 1646 1644
f 1836 1649 1648
f 1649 1653 1651
f 1657 1660 1658
f 1660 1664 1662
f 1664 1668 1666
f 1668 1672 1670
f 1674 1677 1675
f 1677 1681 1679
f 1681 1685 1683
f 1687 1690 1688
f 1690 1693 1692
f 1693 1697 1695
f 1697 1701 1699
f 1701 1837 1703
f 1705 1708 1706
f 1708 1712 1710
f 1712 1716 1714
f 1716 1720 1718
f 1720 1724 1722
f 1838 1727 1726
f 1727 1731 1729
f 1731 1735 1733
f 1735 1739 1737
f 1739 1743 1741
f 1743 1839 1745
f 1747 1750 1748
f 1750 1754 1752
f 1754 1758 1756
f 1760 1763 1761
f 1763 1840 1765
f 1767 1770 1768
f 1770 1773 1771
f 1773 1841 1775
f 1777 1780 1778
f 1780 1784 1782
f 1784 1788 1786
f 1788 1792 1790
f 1792 1103 1794
f 1842 1108 1105
f 1108 1114 1112
f 1116 1121 1119
f 1123 1127 1796
f 1129 1797 1132
f 1136 1798 1139
f 1143 1799 1146
f 1800 1155 1151
f 1843 1160 1157
f 1160 1844 1801
f 1845 1167 1164
f 1174 1179 1177
f 1846 1187 1184
f 1194 1804 1803
f 1804 1847 1198
f 1203 1208 1206
f 1848 1213 1210
f 1849 1218 1215
f 1223 1806 1226
f 1230 1850 1807
f 1233 1238 1236
f 1240 1245 1243
f 1851 1250 1247
f 1250 1258 1254
f 1852 1265 1262
f 1265 1273 1269
f 1275 1281 1278
f 1283 1853 1808
f 1286 1291 1289
f 1854 1298 1295
f 1302 1307 1305
f 1810 1317 1313
f 1855 1102 1812
f 1102 1856 1327
f 1856 1332 1329
f 1813 1857 1337
f 1858 1340 1814
f 1340 1347 1344
f 1347 1355 1351
f 1355 1361 1357
f 1361 1859 1815
f 1816 1370 1366
f 1370 1378 1374
f 1378 1386 1382
f 1386 1394 1390
f 1394 1402 1398
f 1860 1407 1404
f 1407 1817 1410
f 1861 1417 1414
f 1819 1426 1422
f 1426 1434 1430
f 1434 1442 1438
f 1442 1448 1446
f 1862 1453 1450
f 1453 1863 1457
f 1864 1462 1459
f 1821 1469 1467
f 1469 1822 1473
f 1865 1480 1477
f 1480 1866 1823
f 1867 1485 1824
f 1485 1825 1489
f 1826 1498 1494
f 1827 1505 1501
f 1505 1513 1509
f 1513 1828 1517
f 1868 1524 1521
f 1524 1869 1528
f 1829 1535 1531
f 1870 1540 1830
f 1540 1548 1544
f 1548 1555 1552
f 1555 1832 1831
f 1832 1564 1560
f 1564 1572 1568
f 1833 1579 1575
f 1579 1586 1582
f 1586 1594 1590
f 1594 1602 1598
f 1602 1608 1604
f 1608 1616 1612
f 1871 1619 1834
f 1619 1872 1623
f 1873 1626 1835
f 1626 1634 1630
f 1634 1642 1638
f 1642 1836 1646
f 1836 1653 1649
f 1657 1664 1660
f 1664 1672 1668
f 1874 1677 1674
f 1677 1685 1681
f 1685 1690 1687
f 1690 1697 1693
f 1697 1837 1701
f 1875 1708 1705
f 1708 1716 1712
f 1716 1724 1720
f 1876 1727 1838
f 1727 1735 1731
f 1735 1743 1739
f 1747 1754 1750
f 1754 1877 1758
f 1760 1840 1763
f 1878 1770 1767
f 1770 1841 1773
f 1841 1780 1777
f 1780 1788 1784
f 1788 1103 1792
f 1879 1121 1116
f 1123 1880 1127
f 1881 1797 1129
f 1882 1798 1136
f 1800 1883 1155
f 1843 1844 1160
f 1845 1169 1167
f 1174 1884 1179
f 1846 1189 1187
f 1194 1847 1804
f 1885 1208 1203
f 1886 1213 1848
f 1849 1887 1218
f 1888 1806 1223
f 1889 1250 1851
f 1250 1260 1258
f 1852 1273 1265
f 1275 1890 1281
f 1891 1853 1283
f 1854 1300 1298
f 1892 1307 1302
f 1893 1317 1810
f 1894 1102 1855
f 1102 1332 1856
f 1334 1857 1813
f 1857 1340 1858
f 1340 1355 1347
f 1355 1859 1361
f 1895 1370 1816
f 1370 1386 1378
f 1386 1402 1394
f 1860 1817 1407
f 1896 1417 1861
f 1897 1426 1819
f 1426 1442 1434
f 1442 1898 1448
f 1862 1863 1453
f 1864 1820 1462
f 1821 1822 1469
f 1899 1480 1865
f 1866 1485 1867
f 1485 1900 1825
f 1901 1498 1826
f 1902 1505 1827
f 1505 1828 1513
f 1903 1524 1868
f 1524 1904 1869
f 1904 1535 1829
f 1905 1540 1870
f 1540 1555 1548
f 1555 1564 1832
f 1564 1906 1572
f 1907 1579 1833
f 1579 1594 1586
f 1594 1608 1602
f 1608 1908 1616
f 1909 1619 1871
f 1619 1910 1872
f 1873 1634 1626
f 1634 1836 1642
f 1836 1655 1653
f 1655 1664 1657
f 1664 1911 1672
f 1912 1677 1874
f 1677 1690 1685
f 1690 1837 1697
f 1913 1708 1875
f 1708 1724 1716
f 1876 1735 1727
f 1735 1839 1743
f 1914 1754 1747
f 1754 1915 1877
f 1916 1840 1760
f 1878 1841 1770
f 1841 1788 1780
f 1788 1917 1103
f 1879 1918 1121
f 1919 1880 1123
f 1881 1920 1797
f 1882 1921 1798
f 1800 1922 1883
f 1923 1844 1843
f 1845 1924 1169
f 1846 1925 1189
f 1885 1926 1208
f 1886 1849 1213
f 1888 1927 1806
f 1889 1260 1250
f 1928 1273 1852
f 1809 1300 1854
f 1929 1102 1894
f 1102 1334 1332
f 1334 1340 1857
f 1340 1859 1355
f 1859 1370 1895
f 1370 1402 1386
f 1860 1930 1817
f 1896 1818 1417
f 1897 1442 1426
f 1442 1862 1898
f 1862 1931 1863
f 1931 1820 1864
f 1820 1822 1821
f 1932 1480 1899
f 1480 1485 1866
f 1485 1901 1900
f 1901 1933 1498
f 1902 1828 1505
f 1903 1904 1524
f 1904 1537 1535
f 1537 1540 1905
f 1540 1564 1555
f 1564 1934 1906
f 1935 1579 1907
f 1579 1608 1594
f 1608 1936 1908
f 1936 1619 1909
f 1619 1873 1910
f 1873 1836 1634
f 1836 1664 1655
f 1664 1937 1911
f 1937 1677 1912
f 1677 1837 1690
f 1938 1708 1913
f 1708 1939 1724
f 1939 1735 1876
f 1735 1940 1839
f 1941 1754 1914
f 1754 1942 1915
f 1916 1878 1840
f 1878 1788 1841
f 1788 1943 1917
f 1944 1920 1881
f 1945 1921 1882
f 1946 1922 1800
f 1923 1947 1844
f 1886 1887 1849
f 1948 1260 1889
f 1949 1273 1928
f 1809 1950 1300
f 1951 1102 1929
f 1102 1340 1334
f 1340 1370 1859
f 1370 1860 1402
f 1860 1952 1930
f 1952 1818 1896
f 1953 1442 1897
f 1442 1931 1862
f 1931 1822 1820
f 1932 1485 1480
f 1485 1933 1901
f 1954 1828 1902
f 1828 1904 1903
f 1904 1540 1537
f 1540 1934 1564
f 1934 1579 1935
f 1579 1936 1608
f 1936 1873 1619
f 1873 1664 1836
f 1664 1677 1937
f 1677 1955 1837
f 1955 1708 1938
f 1708 1735 1939
f 1735 1941 1940
f 1941 1942 1754
f 1916 1788 1878
f 1788 1956 1943
f 1944 1957 1920
f 1945 1958 1921
f 1946 1923 1922
f 1923 1959 1947
f 1960 1887 1886
f 1961 1260 1948
f 1962 1273 1949
f 1291 1950 1809
f 1963 1102 1951
f 1102 1370 1340
f 1370 1952 1860
f 1952 1953 1818
f 1442 1822 1931
f 1964 1485 1932
f 1485 1954 1933
f 1954 1904 1828
f 1904 1934 1540
f 1934 1936 1579
f 1936 1664 1873
f 1664 1955 1677
f 1955 1735 1708
f 1735 1942 1941
f 1965 1788 1916
f 1788 1966 1956
f 1967 1887 1960
f 1245 1260 1961
f 1968 1273 1962
f 1969 1102 1963
f 1370 1953 1952
f 1442 1964 1822
f 1964 1954 1485
f 1904 1936 1934
f 1664 1735 1955
f 1735 1965 1942
f 1965 1966 1788
f 1240 1260 1245
f 1968 1970 1273
f 1971 1102 1969
f 1442 1954 1964
f 1735 1966 1965
f 1972 1260 1240
f 1968 1973 1970
f 1974 1102 1971
f 1442 1904 1954
f 1735 1975 1966
f 1976 1260 1972
f 1968 1977 1973
f 1978 1102 1974
f 1735 1979 1975
f 1980 1260 1976
f 1968 1981 1977
f 1322 1102 1978
f 1735 1982 1979
f 1983 1260 1980
f 1968 1275 1981
f 1321 1102 1322
f 1735 1984 1982
f 1985 1260 1983
f 1968 1890 1275
f 1986 1102 1321
f 1735 1987 1984
f 1988 1260 1985
f 1968 1989 1890
f 1811 1102 1986
f 1735 1990 1987
f 1991 1260 1988
f 1968 1992 1989
f 1317 1102 1811
f 1735 1842 1990
f 1993 1260 1991
f 1968 1994 1992
f 1893 1102 1317
f 1735 1108 1842
f 1995 1260 1993
f 1968 1996 1994
f 1997 1102 1893
f 1735 1114 1108
f 1998 1260 1995
f 1968 1999 1996
f 1310 1102 1997
f 1735 2000 1114
f 2001 1260 1998
f 1968 2002 1999
f 1309 1102 1310
f 1735 2003 2000
f 2004 1260 2001
f 1968 1891 2002
f 2005 1102 1309
f 1735 2006 2003
f 2007 1260 2004
f 1968 1853 1891
f 2008 1102 2005
f 1735 2009 2006
f 2010 1260 2007
f 2011 1853 1968
f 2012 1102 2008
f 1735 2013 2009
f 2014 1260 2010
f 2011 2015 1853
f 2016 1102 2012
f 1735 2017 2013
f 2018 1260 2014
f 2011 2019 2015
f 2020 1102 2016
f 1735 2021 2017
f 2018 2022 1260
f 2011 2023 2019
f 1307 1102 2020
f 1735 2024 2021
f 2025 2022 2018
f 2011 2026 2023
f 1892 1102 1307
f 1735 2027 2024
f 2025 2028 2022
f 2011 1286 2026
f 2029 1102 1892
f 1735 2030 2027
f 2031 2028 2025
f 2011 1291 1286
f 2032 1102 2029
f 1735 2033 2030
f 2031 2034 2028
f 2011 1950 1291
f 2035 1102 2032
f 1735 2036 2033
f 2031 2037 2034
f 2011 2038 1950
f 2039 1102 2035
f 1735 2040 2036
f 2031 2041 2037
f 2011 2042 2038
f 2043 1102 2039
f 1735 2044 2040
f 2031 2045 2041
f 2011 2046 2042
f 2047 1102 2043
f 1735 2048 2044
f 2031 2049 2045
f 2011 2050 2046
f 2047 1370 1102
f 1735 2051 2048
f 2052 1370 2047
f 1735 1879 2051
f 2053 1370 2052
f 1735 1918 1879
f 2054 1370 2053
f 1735 2055 1918
f 2056 1370 2054
f 1735 2057 2055
f 2058 1370 2056
f 1735 2059 2057
f 2060 1370 2058
f 1735 2061 2059
f 2060 1953 1370
f 1735 2062 2061
f 2050 1953 2060
f 1735 2063 2062
f 2011 1953 2050
f 1735 2064 2063
f 2065 1953 2011
f 1735 2066 2064
f 2067 1953 2065
f 1735 2068 2066
f 2069 1953 2067
f 1735 2070 2068
f 2071 1953 2069
f 1735 2072 2070
f 2073 1953 2071
f 1735 2074 2072
f 2073 1442 1953
f 1735 2075 2074
f 2076 1442 2073
f 1735 2077 2075
f 2078 1442 2076
f 1735 2079 2077
f 2080 1442 2078
f 1735 2081 2079
f 2082 1442 2080
f 1735 2083 2081
f 2049 1442 2082
f 1735 2084 2083
f 2031 1442 2049
f 1735 2085 2084
f 2086 1442 2031
f 1735 2087 2085
f 2088 1442 2086
f 1735 1919 2087
f 2089 1442 2088
f 1664 1919 1735
f 2089 1904 1442
f 1664 1880 1919
f 2090 1904 2089
f 1664 2091 1880
f 2092 1904 2090
f 1664 2093 2091
f 1238 1904 2092
f 1664 1944 2093
f 1233 1904 1238
f 1664 1957 1944
f 2094 1904 1233
f 1664 1945 1957
f 2095 1904 2094
f 1664 1958 1945
f 2096 1904 2095
f 1664 2097 1958
f 2098 1904 2096
f 1664 2099 2097
f 2100 1904 2098
f 1664 2101 2099
f 2102 1904 2100
f 1664 2103 2101
f 2104 1904 2102
f 1664 2105 2103
f 2106 1904 2104
f 1664 2107 2105
f 2108 1904 2106
f 1664 2109 2107
f 2110 1904 2108
f 1664 2111 2109
f 2112 1904 2110
f 1664 1143 2111
f 2113 1904 2112
f 1664 1799 1143
f 2114 1904 2113
f 1664 2115 1799
f 2116 1904 2114
f 1664 2117 2115
f 2118 1904 2116
f 1664 2119 2117
f 2120 1904 2118
f 1664 2121 2119
f 2122 1904 2120
f 1664 2123 2121
f 2124 1904 2122
f 1664 2125 2123
f 2126 1904 2124
f 1664 2127 2125
f 1850 1904 2126
f 1664 2128 2127
f 1230 1904 1850
f 1664 2129 2128
f 2130 1904 1230
f 1664 2131 2129
f 2132 1904 2130
f 1664 2133 2131
f 2134 1904 2132
f 1664 2135 2133
f 1927 1904 2134
f 1664 2136 2135
f 1888 1904 1927
f 1664 2137 2136
f 2138 1904 1888
f 1664 2139 2137
f 2140 1904 2138
f 1664 1946 2139
f 2141 1904 2140
f 1664 1923 1946
f 1221 1904 2141
f 1664 1959 1923
f 1805 1904 1221
f 1664 2142 1959
f 2143 1904 1805
f 1664 2144 2142
f 1887 1904 2143
f 1664 2145 2144
f 1967 1904 1887
f 1664 2146 2145
f 2147 1904 1967
f 1664 2148 2146
f 2149 1904 2147
f 1664 2150 2148
f 2151 1904 2149
f 1664 2152 2150
f 1926 1904 2151
f 1664 2153 2152
f 1885 1904 1926
f 1664 2154 2153
f 2155 1904 1885
f 1664 2156 2154
f 2157 1904 2155
f 1664 2158 2156
f 2159 1904 2157
f 1664 2160 2158
f 2161 1904 2159
f 1664 2162 2160
f 2163 1904 2161
f 1936 2162 1664
f 2164 1904 2163
f 1936 1845 2162
f 2165 1904 2164
f 1936 1924 1845
f 2166 1904 2165
f 1936 2167 1924
f 2168 1904 2166
f 1936 2169 2167
f 2170 1904 2168
f 1936 1171 2169
f 2171 1904 2170
f 1936 1172 1171
f 2172 1904 2171
f 1936 2173 1172
f 2174 1904 2172
f 1936 2175 2173
f 2176 1904 2174
f 1936 2177 2175
f 2178 1904 2176
f 1936 2179 2177
f 2178 1936 1904
f 1936 2180 2179
f 2181 1936 2178
f 1936 2182 2180
f 1201 1936 2181
f 1936 2183 2182
f 1200 1936 1201
f 1936 2184 2183
f 2185 1936 1200
f 1936 2186 2184
f 1847 1936 2185
f 1936 2187 2186
f 1194 1936 1847
f 1936 2188 2187
f 2189 1936 1194
f 1936 1174 2188
f 2190 1936 2189
f 1936 1884 1174
f 2191 1936 2190
f 1936 2192 1884
f 2193 1936 2191
f 1936 2194 2192
f 1192 1936 2193
f 1936 2195 2194
f 1802 1936 1192
f 1936 1181 2195
f 2196 1936 1802
f 1936 1182 1181
f 2197 1936 2196
f 1936 2198 1182
f 2199 1936 2197
f 1936 2200 2198
f 2201 1936 2199
f 1936 2202 2200
f 1925 1936 2201
f 1936 1846 2202
f 1846 1936 1925
f 571 1672 810
f 810 1672 1911
f 810 1911 836
f 836 1911 1937
f 836 1937 811
f 811 1937 1912
f 811 1912 773
f 773 1912 1874
f 773 1874 574
f 574 1874 1674
f 574 1674 575
f 575 1674 1676
f 575 1676 573
f 573 1676 1675
f 573 1675 577
f 577 1675 1678
f 577 1678 576
f 576 1678 1677
f 576 1677 579
f 579 1677 1680
f 579 1680 578
f 578 1680 1679
f 578 1679 581
f 581 1679 1682
f 581 1682 580
f 580 1682 1681
f 580 1681 583
f 583 1681 1684
f 583 1684 582
f 582 1684 1683
f 582 1683 585
f 585 1683 1686
f 585 1686 584
f 584 1686 1685
f 584 1685 587
f 587 1685 1687
f 587 1687 588
f 588 1687 1689
f 588 1689 586
f 586 1689 1688
f 586 1688 590
f 590 1688 1691
f 590 1691 589
f 589 1691 1690
f 589 1690 592
f 592 1690 1692
f 592 1692 593
f 593 1692 1694
f 593 1694 591
f 591 1694 1693
f 591 1693 595
f 595 1693 1696
f 595 1696 594
f 594 1696 1695
f 594 1695 597
f 597 1695 1698
f 597 1698 596
f 596 1698 1697
f 596 1697 599
f 599 1697 1700
f 599 1700 598
f 598 1700 1699
f 598 1699 601
f 601 1699 1702
f 601 1702 600
f 600 1702 1701
f 600 1701 603
f 603 1701 1704
f 603 1704 602
f 602 1704 1703
f 602 1703 736
f 736 1703 1837
f 736 1837 854
f 854 1837 1955
f 854 1955 837
f 837 1955 1938
f 837 1938 812
f 812 1938 1913
f 812 1913 774
f 774 1913 1875
f 774 1875 605
f 605 1875 1705
f 605 1705 606
f 606 1705 1707
f 606 1707 604
f 604 1707 1706
f 604 1706 608
f 608 1706 1709
f 608 1709 607
f 607 1709 1708
f 607 1708 610
f 610 1708 1711
f 610 1711 609
f 609 1711 1710
f 609 1710 612
f 612 1710 1713
f 612 1713 611
f 611 1713 1712
f 611 1712 614
f 614 1712 1715
f 614 1715 613
f 613 1715 1714
f 613 1714 616
f 616 1714 1717
f 616 1717 615
f 615 1717 1716
f 615 1716 618
f 618 1716 1719
f 618 1719 617
f 617 1719 1718
f 617 1718 620
f 620 1718 1721
f 620 1721 619
f 619 1721 1720
f 619 1720 622
f 622 1720 1723
f 622 1723 621
f 621 1723 1722
f 621 1722 624
f 624 1722 1725
f 624 1725 623
f 623 1725 1724
f 623 1724 838
f 838 1724 1939
f 838 1939 775
f 775 1939 1876
f 775 1876 737
f 737 1876 1838
f 737 1838 626
f 626 1838 1726
f 626 1726 627
f 627 1726 1728
f 627 1728 625
f 625 1728 1727
f 625 1727 629
f 629 1727 1730
f 629 1730 628
f 628 1730 1729
f 628 1729 631
f 631 1729 1732
f 631 1732 630
f 630 1732 1731
f 630 1731 633
f 633 1731 1734
f 633 1734 632
f 632 1734 1733
f 632 1733 635
f 635 1733 1736
f 635 1736 634
f 634 1736 1735
f 634 1735 637
f 637 1735 1738
f 637 1738 636
f 636 1738 1737
f 636 1737 639
f 639 1737 1740
f 639 1740 638
f 638 1740 1739
f 638 1739 641
f 641 1739 1742
f 641 1742 640
f 640 1742 1741
f 640 1741 643
f 643 1741 1744
f 643 1744 642
f 642 1744 1743
f 642 1743 645
f 645 1743 1746
f 645 1746 644
f 644 1746 1745
f 644 1745 738
f 738 1745 1839
f 738 1839 839
f 839 1839 1940
f 839 1940 840
f 840 1940 1941
f 840 1941 813
f 813 1941 1914
f 813 1914 647
f 647 1914 1747
f 647 1747 648
f 648 1747 1749
f 648 1749 646
f 646 1749 1748
f 646 1748 650
f 650 1748 1751
f 650 1751 649
f 649 1751 1750
f 649 1750 652
f 652 1750 1753
f 652 1753 651
f 651 1753 1752
f 651 1752 654
f 654 1752 1755
f 654 1755 653
f 653 1755 1754
f 653 1754 656
f 656 1754 1757
f 656 1757 655
f 655 1757 1756
f 655 1756 658
f 658 1756 1759
f 658 1759 657
f 657 1759 1758
f 657 1758 776
f 776 1758 1877
f 776 1877 814
f 814 1877 1915
f 814 1915 841
f 841 1915 1942
f 841 1942 864
f 864 1942 1965
f 864 1965 815
f 815 1965 1916
f 815 1916 660
f 660 1916 1760
f 660 1760 661
f 661 1760 1762
f 661 1762 659
f 659 1762 1761
f 659 1761 663
f 663 1761 1764
f 663 1764 662
f 662 1764 1763
f 662 1763 665
f 665 1763 1766
f 665 1766 664
f 664 1766 1765
f 664 1765 739
f 739 1765 1840
f 739 1840 777
f 777 1840 1878
f 777 1878 667
f 667 1878 1767
f 667 1767 668
f 668 1767 1769
f 668 1769 666
f 666 1769 1768
f 666 1768 670
f 670 1768 1770
f 670 1770 671
f 671 1770 1772
f 671 1772 669
f 669 1772 1771
f 669 1771 673
f 673 1771 1774
f 673 1774 672
f 672 1774 1773
f 672 1773 675
f 675 1773 1776
f 675 1776 674
f 674 1776 1775
f 674 1775 740
f 740 1775 1841
f 740 1841 677
f 677 1841 1777
f 677 1777 678
f 678 1777 1779
f 678 1779 676
f 676 1779 1778
f 676 1778 680
f 680 1778 1781
f 680 1781 679
f 679 1781 1780
f 679 1780 682
f 682 1780 1783
f 682 1783 681
f 681 1783 1782
f 681 1782 684
f 684 1782 1785
f 684 1785 683
f 683 1785 1784
f 683 1784 686
f 686 1784 1787
f 686 1787 685
f 685 1787 1786
f 685 1786 688
f 688 1786 1789
f 688 1789 687
f 687 1789 1788
f 687 1788 690
f 690 1788 1791
f 690 1791 689
f 689 1791 1790
f 689 1790 692
f 692 1790 1793
f 692 1793 691
f 691 1793 1792
f 691 1792 694
f 694 1792 1795
f 694 1795 693
f 693 1795 1794
f 693 1794 2
f 2 1794 1102
f 2 1102 225
f 225 1102 1326
f 225 1326 224
f 224 1326 1325
f 224 1325 227
f 227 1325 1328
f 227 1328 226
f 226 1328 1327
f 226 1327 755
f 755 1327 1856
f 755 1856 229
f 229 1856 1329
f 229 1329 230
f 230 1329 1331
f 230 1331 228
f 228 1331 1330
f 228 1330 232
f 232 1330 1333
f 232 1333 231
f 231 1333 1332
f 231 1332 234
f 234 1332 1335
f 234 1335 233
f 233 1335 1334
f 233 1334 712
f 712 1334 1813
f 712 1813 236
f 236 1813 1336
f 236 1336 237
f 237 1336 1338
f 237 1338 235
f 235 1338 1337
f 235 1337 756
f 756 1337 1857
f 756 1857 757
f 757 1857 1858
f 757 1858 713
f 713 1858 1814
f 713 1814 239
f 239 1814 1339
f 239 1339 240
f 240 1339 1341
f 240 1341 238
f 238 1341 1340
f 238 1340 242
f 242 1340 1343
f 242 1343 241
f 241 1343 1342
f 241 1342 244
f 244 1342 1345
f 244 1345 243
f 243 1345 1344
f 243 1344 246
f 246 1344 1346
f 246 1346 247
f 247 1346 1348
f 247 1348 245
f 245 1348 1347
f 245 1347 249
f 249 1347 1350
f 249 1350 248
f 248 1350 1349
f 248 1349 251
f 251 1349 1352
f 251 1352 250
f 250 1352 1351
f 250 1351 253
f 253 1351 1354
f 253 1354 252
f 252 1354 1353
f 252 1353 255
f 255 1353 1356
f 255 1356 254
f 254 1356 1355
f 254 1355 257
f 257 1355 1358
f 257 1358 256
f 256 1358 1357
f 256 1357 259
f 259 1357 1360
f 259 1360 258
f 258 1360 1359
f 258 1359 261
f 261 1359 1362
f 261 1362 260
f 260 1362 1361
f 260 1361 263
f 263 1361 1364
f 263 1364 262
f 262 1364 1363
f 262 1363 714
f 714 1363 1815
f 714 1815 758
f 758 1815 1859
f 758 1859 794
f 794 1859 1895
f 794 1895 715
f 715 1895 1816
f 715 1816 265
f 265 1816 1365
f 265 1365 266
f 266 1365 1367
f 266 1367 264
f 264 1367 1366
f 264 1366 268
f 268 1366 1369
f 268 1369 267
f 267 1369 1368
f 267 1368 270
f 270 1368 1371
f 270 1371 269
f 269 1371 1370
f 269 1370 272
f 272 1370 1373
f 272 1373 271
f 271 1373 1372
f 271 1372 274
f 274 1372 1375
f 274 1375 273
f 273 1375 1374
f 273 1374 276
f 276 1374 1377
f 276 1377 275
f 275 1377 1376
f 275 1376 278
f 278 1376 1379
f 278 1379 277
f 277 1379 1378
f 277 1378 280
f 280 1378 1381
f 280 1381 279
f 279 1381 1380
f 279 1380 282
f 282 1380 1383
f 282 1383 281
f 281 1383 1382
f 281 1382 284
f 284 1382 1385
f 284 1385 283
f 283 1385 1384
f 283 1384 286
f 286 1384 1387
f 286 1387 285
f 285 1387 1386
f 285 1386 288
f 288 1386 1389
f 288 1389 287
f 287 1389 1388
f 287 1388 290
f 290 1388 1391
f 290 1391 289
f 289 1391 1390
f 289 1390 292
f 292 1390 1393
f 292 1393 291
f 291 1393 1392
f 291 1392 294
f 294 1392 1395
f 294 1395 293
f 293 1395 1394
f 293 1394 296
f 296 1394 1397
f 296 1397 295
f 295 1397 1396
f 295 1396 298
f 298 1396 1399
f 298 1399 297
f 297 1399 1398
f 297 1398 300
f 300 1398 1401
f 300 1401 299
f 299 1401 1400
f 299 1400 302
f 302 1400 1403
f 302 1403 301
f 301 1403 1402
f 301 1402 759
f 759 1402 1860
f 759 1860 304
f 304 1860 1404
f 304 1404 305
f 305 1404 1406
f 305 1406 303
f 303 1406 1405
f 303 1405 307
f 307 1405 1407
f 307 1407 308
f 308 1407 1409
f 308 1409 306
f 306 1409 1408
f 306 1408 310
f 310 1408 1411
f 310 1411 309
f 309 1411 1410
f 309 1410 312
f 312 1410 1413
f 312 1413 311
f 311 1413 1412
f 311 1412 716
f 716 1412 1817
f 716 1817 829
f 829 1817 1930
f 829 1930 851
f 851 1930 1952
f 851 1952 795
f 795 1952 1896
f 795 1896 760
f 760 1896 1861
f 760 1861 314
f 314 1861 1414
f 314 1414 315
f 315 1414 1416
f 315 1416 313
f 313 1416 1415
f 313 1415 317
f 317 1415 1418
f 317 1418 316
f 316 1418 1417
f 316 1417 319
f 319 1417 1420
f 319 1420 318
f 318 1420 1419
f 318 1419 717
f 717 1419 1818
f 717 1818 852
f 852 1818 1953
f 852 1953 796
f 796 1953 1897
f 796 1897 718
f 718 1897 1819
f 718 1819 321
f 321 1819 1421
f 321 1421 322
f 322 1421 1423
f 322 1423 320
f 320 1423 1422
f 320 1422 324
f 324 1422 1425
f 324 1425 323
f 323 1425 1424
f 323 1424 326
f 326 1424 1427
f 326 1427 325
f 325 1427 1426
f 325 1426 328
f 328 1426 1429
f 328 1429 327
f 327 1429 1428
f 327 1428 330
f 330 1428 1431
f 330 1431 329
f 329 1431 1430
f 329 1430 332
f 332 1430 1433
f 332 1433 331
f 331 1433 1432
f 331 1432 334
f 334 1432 1435
f 334 1435 333
f 333 1435 1434
f 333 1434 336
f 336 1434 1437
f 336 1437 335
f 335 1437 1436
f 335 1436 338
f 338 1436 1439
f 338 1439 337
f 337 1439 1438
f 337 1438 340
f 340 1438 1441
f 340 1441 339
f 339 1441 1440
f 339 1440 342
f 342 1440 1443
f 342 1443 341
f 341 1443 1442
f 341 1442 344
f 344 1442 1445
f 344 1445 343
f 343 1445 1444
f 343 1444 346
f 346 1444 1447
f 346 1447 345
f 345 1447 1446
f 345 1446 348
f 348 1446 1449
f 348 1449 347
f 347 1449 1448
f 347 1448 797
f 797 1448 1898
f 797 1898 761
f 761 1898 1862
f 761 1862 350
f 350 1862 1450
f 350 1450 351
f 351 1450 1452
f 351 1452 349
f 349 1452 1451
f 349 1451 353
f 353 1451 1454
f 353 1454 352
f 352 1454 1453
f 352 1453 355
f 355 1453 1456
f 355 1456 354
f 354 1456 1455
f 354 1455 357
f 357 1455 1458
f 357 1458 356
f 356 1458 1457
f 356 1457 762
f 762 1457 1863
f 762 1863 830
f 830 1863 1931
f 830 1931 763
f 763 1931 1864
f 763 1864 359
f 359 1864 1459
f 359 1459 360
f 360 1459 1461
f 360 1461 358
f 358 1461 1460
f 358 1460 362
f 362 1460 1463
f 362 1463 361
f 361 1463 1462
f 361 1462 364
f 364 1462 1465
f 364 1465 363
f 363 1465 1464
f 363 1464 719
f 719 1464 1820
f 719 1820 720
f 720 1820 1821
f 720 1821 366
f 366 1821 1466
f 366 1466 367
f 367 1466 1468
f 367 1468 365
f 365 1468 1467
f 365 1467 369
f 369 1467 1470
f 369 1470 368
f 368 1470 1469
f 368 1469 371
f 371 1469 1472
f 371 1472 370
f 370 1472 1471
f 370 1471 373
f 373 1471 1474
f 373 1474 372
f 372 1474 1473
f 372 1473 375
f 375 1473 1476
f 375 1476 374
f 374 1476 1475
f 374 1475 721
f 721 1475 1822
f 721 1822 863
f 863 1822 1964
f 863 1964 831
f 831 1964 1932
f 831 1932 798
f 798 1932 1899
f 798 1899 764
f 764 1899 1865
f 764 1865 377
f 377 1865 1477
f 377 1477 378
f 378 1477 1479
f 378 1479 376
f 376 1479 1478
f 376 1478 380
f 380 1478 1481
f 380 1481 379
f 379 1481 1480
f 379 1480 382
f 382 1480 1483
f 382 1483 381
f 381 1483 1482
f 381 1482 722
f 722 1482 1823
f 722 1823 765
f 765 1823 1866
f 765 1866 766
f 766 1866 1867
f 766 1867 723
f 723 1867 1824
f 723 1824 384
f 384 1824 1484
f 384 1484 385
f 385 1484 1486
f 385 1486 383
f 383 1486 1485
f 383 1485 387
f 387 1485 1488
f 387 1488 386
f 386 1488 1487
f 386 1487 389
f 389 1487 1490
f 389 1490 388
f 388 1490 1489
f 388 1489 391
f 391 1489 1492
f 391 1492 390
f 390 1492 1491
f 390 1491 724
f 724 1491 1825
f 724 1825 799
f 799 1825 1900
f 799 1900 800
f 800 1900 1901
f 800 1901 725
f 725 1901 1826
f 725 1826 393
f 393 1826 1493
f 393 1493 394
f 394 1493 1495
f 394 1495 392
f 392 1495 1494
f 392 1494 396
f 396 1494 1497
f 396 1497 395
f 395 1497 1496
f 395 1496 398
f 398 1496 1499
f 398 1499 397
f 397 1499 1498
f 397 1498 832
f 832 1498 1933
f 832 1933 853
f 853 1933 1954
f 853 1954 801
f 801 1954 1902
f 801 1902 726
f 726 1902 1827
f 726 1827 400
f 400 1827 1500
f 400 1500 401
f 401 1500 1502
f 401 1502 399
f 399 1502 1501
f 399 1501 403
f 403 1501 1504
f 403 1504 402
f 402 1504 1503
f 402 1503 405
f 405 1503 1506
f 405 1506 404
f 404 1506 1505
f 404 1505 407
f 407 1505 1508
f 407 1508 406
f 406 1508 1507
f 406 1507 409
f 409 1507 1510
f 409 1510 408
f 408 1510 1509
f 408 1509 411
f 411 1509 1512
f 411 1512 410
f 410 1512 1511
f 410 1511 413
f 413 1511 1514
f 413 1514 412
f 412 1514 1513
f 412 1513 415
f 415 1513 1516
f 415 1516 414
f 414 1516 1515
f 414 1515 417
f 417 1515 1518
f 417 1518 416
f 416 1518 1517
f 416 1517 419
f 419 1517 1520
f 419 1520 418
f 418 1520 1519
f 418 1519 727
f 727 1519 1828
f 727 1828 802
f 802 1828 1903
f 802 1903 767
f 767 1903 1868
f 767 1868 421
f 421 1868 1521
f 421 1521 422
f 422 1521 1523
f 422 1523 420
f 420 1523 1522
f 420 1522 424
f 424 1522 1525
f 424 1525 423
f 423 1525 1524
f 423 1524 426
f 426 1524 1527
f 426 1527 425
f 425 1527 1526
f 425 1526 428
f 428 1526 1529
f 428 1529 427
f 427 1529 1528
f 427 1528 768
f 768 1528 1869
f 768 1869 803
f 803 1869 1904
f 803 1904 728
f 728 1904 1829
f 728 1829 430
f 430 1829 1530
f 430 1530 431
f 431 1530 1532
f 431 1532 429
f 429 1532 1531
f 429 1531 433
f 433 1531 1534
f 433 1534 432
f 432 1534 1533
f 432 1533 435
f 435 1533 1536
f 435 1536 434
f 434 1536 1535
f 434 1535 437
f 437 1535 1538
f 437 1538 436
f 436 1538 1537
f 436 1537 804
f 804 1537 1905
f 804 1905 769
f 769 1905 1870
f 769 1870 729
f 729 1870 1830
f 729 1830 439
f 439 1830 1539
f 439 1539 440
f 440 1539 1541
f 440 1541 438
f 438 1541 1540
f 438 1540 442
f 442 1540 1543
f 442 1543 441
f 441 1543 1542
f 441 1542 444
f 444 1542 1545
f 444 1545 443
f 443 1545 1544
f 443 1544 446
f 446 1544 1547
f 446 1547 445
f 445 1547 1546
f 445 1546 448
f 448 1546 1549
f 448 1549 447
f 447 1549 1548
f 447 1548 450
f 450 1548 1551
f 450 1551 449
f 449 1551 1550
f 449 1550 452
f 452 1550 1552
f 452 1552 453
f 453 1552 1554
f 453 1554 451
f 451 1554 1553
f 451 1553 455
f 455 1553 1556
f 455 1556 454
f 454 1556 1555
f 454 1555 457
f 457 1555 1558
f 457 1558 456
f 456 1558 1557
f 456 1557 730
f 730 1557 1831
f 730 1831 731
f 731 1831 1832
f 731 1832 459
f 459 1832 1559
f 459 1559 460
f 460 1559 1561
f 460 1561 458
f 458 1561 1560
f 458 1560 462
f 462 1560 1563
f 462 1563 461
f 461 1563 1562
f 461 1562 464
f 464 1562 1565
f 464 1565 463
f 463 1565 1564
f 463 1564 466
f 466 1564 1567
f 466 1567 465
f 465 1567 1566
f 465 1566 468
f 468 1566 1569
f 468 1569 467
f 467 1569 1568
f 467 1568 470
f 470 1568 1571
f 470 1571 469
f 469 1571 1570
f 469 1570 472
f 472 1570 1573
f 472 1573 471
f 471 1573 1572
f 471 1572 805
f 805 1572 1906
f 805 1906 833
f 833 1906 1934
f 833 1934 834
f 834 1934 1935
f 834 1935 806
f 806 1935 1907
f 806 1907 732
f 732 1907 1833
f 732 1833 474
f 474 1833 1574
f 474 1574 475
f 475 1574 1576
f 475 1576 473
f 473 1576 1575
f 473 1575 477
f 477 1575 1578
f 477 1578 476
f 476 1578 1577
f 476 1577 479
f 479 1577 1580
f 479 1580 478
f 478 1580 1579
f 478 1579 481
f 481 1579 1581
f 481 1581 482
f 482 1581 1583
f 482 1583 480
f 480 1583 1582
f 480 1582 484
f 484 1582 1585
f 484 1585 483
f 483 1585 1584
f 483 1584 486
f 486 1584 1587
f 486 1587 485
f 485 1587 1586
f 485 1586 488
f 488 1586 1589
f 488 1589 487
f 487 1589 1588
f 487 1588 490
f 490 1588 1591
f 490 1591 489
f 489 1591 1590
f 489 1590 492
f 492 1590 1593
f 492 1593 491
f 491 1593 1592
f 491 1592 494
f 494 1592 1595
f 494 1595 493
f 493 1595 1594
f 493 1594 496
f 496 1594 1597
f 496 1597 495
f 495 1597 1596
f 495 1596 498
f 498 1596 1599
f 498 1599 497
f 497 1599 1598
f 497 1598 500
f 500 1598 1601
f 500 1601 499
f 499 1601 1600
f 499 1600 502
f 502 1600 1603
f 502 1603 501
f 501 1603 1602
f 501 1602 504
f 504 1602 1605
f 504 1605 503
f 503 1605 1604
f 503 1604 506
f 506 1604 1607
f 506 1607 505
f 505 1607 1606
f 505 1606 508
f 508 1606 1609
f 508 1609 507
f 507 1609 1608
f 507 1608 510
f 510 1608 1611
f 510 1611 509
f 509 1611 1610
f 509 1610 512
f 512 1610 1613
f 512 1613 511
f 511 1613 1612
f 511 1612 514
f 514 1612 1615
f 514 1615 513
f 513 1615 1614
f 513 1614 516
f 516 1614 1617
f 516 1617 515
f 515 1617 1616
f 515 1616 807
f 807 1616 1908
f 807 1908 835
f 835 1908 1936
f 835 1936 808
f 808 1936 1909
f 808 1909 770
f 770 1909 1871
f 770 1871 733
f 733 1871 1834
f 733 1834 518
f 518 1834 1618
f 518 1618 519
f 519 1618 1620
f 519 1620 517
f 517 1620 1619
f 517 1619 521
f 521 1619 1622
f 521 1622 520
f 520 1622 1621
f 520 1621 523
f 523 1621 1624
f 523 1624 522
f 522 1624 1623
f 522 1623 771
f 771 1623 1872
f 771 1872 809
f 809 1872 1910
f 809 1910 772
f 772 1910 1873
f 772 1873 734
f 734 1873 1835
f 734 1835 525
f 525 1835 1625
f 525 1625 526
f 526 1625 1627
f 526 1627 524
f 524 1627 1626
f 524 1626 528
f 528 1626 1629
f 528 1629 527
f 527 1629 1628
f 527 1628 530
f 530 1628 1631
f 530 1631 529
f 529 1631 1630
f 529 1630 532
f 532 1630 1633
f 532 1633 531
f 531 1633 1632
f 531 1632 534
f 534 1632 1635
f 534 1635 533
f 533 1635 1634
f 533 1634 536
f 536 1634 1637
f 536 1637 535
f 535 1637 1636
f 535 1636 538
f 538 1636 1639
f 538 1639 537
f 537 1639 1638
f 537 1638 540
f 540 1638 1641
f 540 1641 539
f 539 1641 1640
f 539 1640 542
f 542 1640 1643
f 542 1643 541
f 541 1643 1642
f 541 1642 544
f 544 1642 1645
f 544 1645 543
f 543 1645 1644
f 543 1644 546
f 546 1644 1647
f 546 1647 545
f 545 1647 1646
f 545 1646 735
f 735 1646 1836
f 735 1836 548
f 548 1836 1648
f 548 1648 549
f 549 1648 1650
f 549 1650 547
f 547 1650 1649
f 547 1649 551
f 551 1649 1652
f 551 1652 550
f 550 1652 1651
f 550 1651 553
f 553 1651 1654
f 553 1654 552
f 552 1654 1653
f 552 1653 555
f 555 1653 1656
f 555 1656 554
f 554 1656 1655
f 554 1655 557
f 557 1655 1657
f 557 1657 558
f 558 1657 1659
f 558 1659 556
f 556 1659 1658
f 556 1658 560
f 560 1658 1661
f 560 1661 559
f 559 1661 1660
f 559 1660 562
f 562 1660 1663
f 562 1663 561
f 561 1663 1662
f 561 1662 564
f 564 1662 1665
f 564 1665 563
f 563 1665 1664
f 563 1664 566
f 566 1664 1667
f 566 1667 565
f 565 1667 1666
f 565 1666 568
f 568 1666 1669
f 568 1669 567
f 567 1669 1668
f 567 1668 570
f 570 1668 1671
f 570 1671 569
f 569 1671 1670
f 569 1670 572
f 572 1670 1673
f 572 1673 571
f 571 1673 1672
f 1024 2125 1026
f 1026 2125 2127
f 1026 2127 1027
f 1027 2127 2128
f 1027 2128 1028
f 1028 2128 2129
f 1028 2129 1030
f 1030 2129 2131
f 1030 2131 1032
f 1032 2131 2133
f 1032 2133 1034
f 1034 2133 2135
f 1034 2135 1035
f 1035 2135 2136
f 1035 2136 1036
f 1036 2136 2137
f 1036 2137 1038
f 1038 2137 2139
f 1038 2139 845
f 845 2139 1946
f 845 1946 699
f 699 1946 1800
f 699 1800 50
f 50 1800 1150
f 50 1150 51
f 51 1150 1152
f 51 1152 49
f 49 1152 1151
f 49 1151 53
f 53 1151 1154
f 53 1154 52
f 52 1154 1153
f 52 1153 55
f 55 1153 1156
f 55 1156 54
f 54 1156 1155
f 54 1155 782
f 782 1155 1883
f 782 1883 821
f 821 1883 1922
f 821 1922 822
f 822 1922 1923
f 822 1923 742
f 742 1923 1843
f 742 1843 57
f 57 1843 1157
f 57 1157 58
f 58 1157 1159
f 58 1159 56
f 56 1159 1158
f 56 1158 60
f 60 1158 1161
f 60 1161 59
f 59 1161 1160
f 59 1160 62
f 62 1160 1163
f 62 1163 61
f 61 1163 1162
f 61 1162 700
f 700 1162 1801
f 700 1801 743
f 743 1801 1844
f 743 1844 846
f 846 1844 1947
f 846 1947 858
f 858 1947 1959
f 858 1959 1041
f 1041 1959 2142
f 1041 2142 1043
f 1043 2142 2144
f 1043 2144 1044
f 1044 2144 2145
f 1044 2145 1045
f 1045 2145 2146
f 1045 2146 1047
f 1047 2146 2148
f 1047 2148 1049
f 1049 2148 2150
f 1049 2150 1051
f 1051 2150 2152
f 1051 2152 1052
f 1052 2152 2153
f 1052 2153 1053
f 1053 2153 2154
f 1053 2154 1055
f 1055 2154 2156
f 1055 2156 1057
f 1057 2156 2158
f 1057 2158 1059
f 1059 2158 2160
f 1059 2160 1061
f 1061 2160 2162
f 1061 2162 744
f 744 2162 1845
f 744 1845 64
f 64 1845 1164
f 64 1164 65
f 65 1164 1166
f 65 1166 63
f 63 1166 1165
f 63 1165 67
f 67 1165 1168
f 67 1168 66
f 66 1168 1167
f 66 1167 69
f 69 1167 1170
f 69 1170 68
f 68 1170 1169
f 68 1169 823
f 823 1169 1924
f 823 1924 1066
f 1066 1924 2167
f 1066 2167 1068
f 1068 2167 2169
f 1068 2169 71
f 71 2169 1171
f 71 1171 72
f 72 1171 1173
f 72 1173 70
f 70 1173 1172
f 70 1172 1072
f 1072 1172 2173
f 1072 2173 1074
f 1074 2173 2175
f 1074 2175 1076
f 1076 2175 2177
f 1076 2177 1078
f 1078 2177 2179
f 1078 2179 1079
f 1079 2179 2180
f 1079 2180 1081
f 1081 2180 2182
f 1081 2182 1082
f 1082 2182 2183
f 1082 2183 1083
f 1083 2183 2184
f 1083 2184 1085
f 1085 2184 2186
f 1085 2186 1086
f 1086 2186 2187
f 1086 2187 1087
f 1087 2187 2188
f 1087 2188 74
f 74 2188 1174
f 74 1174 75
f 75 1174 1176
f 75 1176 73
f 73 1176 1175
f 73 1175 77
f 77 1175 1178
f 77 1178 76
f 76 1178 1177
f 76 1177 79
f 79 1177 1180
f 79 1180 78
f 78 1180 1179
f 78 1179 783
f 783 1179 1884
f 783 1884 1091
f 1091 1884 2192
f 1091 2192 1093
f 1093 2192 2194
f 1093 2194 1094
f 1094 2194 2195
f 1094 2195 81
f 81 2195 1181
f 81 1181 82
f 82 1181 1183
f 82 1183 80
f 80 1183 1182
f 80 1182 1097
f 1097 1182 2198
f 1097 2198 1099
f 1099 2198 2200
f 1099 2200 1101
f 1101 2200 2202
f 1101 2202 745
f 745 2202 1846
f 745 1846 84
f 84 1846 1184
f 84 1184 85
f 85 1184 1186
f 85 1186 83
f 83 1186 1185
f 83 1185 87
f 87 1185 1188
f 87 1188 86
f 86 1188 1187
f 86 1187 89
f 89 1187 1190
f 89 1190 88
f 88 1190 1189
f 88 1189 824
f 824 1189 1925
f 824 1925 1100
f 1100 1925 2201
f 1100 2201 1098
f 1098 2201 2199
f 1098 2199 1096
f 1096 2199 2197
f 1096 2197 1095
f 1095 2197 2196
f 1095 2196 701
f 701 2196 1802
f 701 1802 91
f 91 1802 1191
f 91 1191 92
f 92 1191 1193
f 92 1193 90
f 90 1193 1192
f 90 1192 1092
f 1092 1192 2193
f 1092 2193 1090
f 1090 2193 2191
f 1090 2191 1089
f 1089 2191 2190
f 1089 2190 1088
f 1088 2190 2189
f 1088 2189 94
f 94 2189 1194
f 94 1194 95
f 95 1194 1196
f 95 1196 93
f 93 1196 1195
f 93 1195 702
f 702 1195 1803
f 702 1803 703
f 703 1803 1804
f 703 1804 97
f 97 1804 1197
f 97 1197 98
f 98 1197 1199
f 98 1199 96
f 96 1199 1198
f 96 1198 746
f 746 1198 1847
f 746 1847 1084
f 1084 1847 2185
f 1084 2185 100
f 100 2185 1200
f 100 1200 101
f 101 1200 1202
f 101 1202 99
f 99 1202 1201
f 99 1201 1080
f 1080 1201 2181
f 1080 2181 1077
f 1077 2181 2178
f 1077 2178 1075
f 1075 2178 2176
f 1075 2176 1073
f 1073 2176 2174
f 1073 2174 1071
f 1071 2174 2172
f 1071 2172 1070
f 1070 2172 2171
f 1070 2171 1069
f 1069 2171 2170
f 1069 2170 1067
f 1067 2170 2168
f 1067 2168 1065
f 1065 2168 2166
f 1065 2166 1064
f 1064 2166 2165
f 1064 2165 1063
f 1063 2165 2164
f 1063 2164 1062
f 1062 2164 2163
f 1062 2163 1060
f 1060 2163 2161
f 1060 2161 1058
f 1058 2161 2159
f 1058 2159 1056
f 1056 2159 2157
f 1056 2157 1054
f 1054 2157 2155
f 1054 2155 784
f 784 2155 1885
f 784 1885 103
f 103 1885 1203
f 103 1203 104
f 104 1203 1205
f 104 1205 102
f 102 1205 1204
f 102 1204 106
f 106 1204 1207
f 106 1207 105
f 105 1207 1206
f 105 1206 108
f 108 1206 1209
f 108 1209 107
f 107 1209 1208
f 107 1208 825
f 825 1208 1926
f 825 1926 1050
f 1050 1926 2151
f 1050 2151 1048
f 1048 2151 2149
f 1048 2149 1046
f 1046 2149 2147
f 1046 2147 866
f 866 2147 1967
f 866 1967 859
f 859 1967 1960
f 859 1960 785
f 785 1960 1886
f 785 1886 747
f 747 1886 1848
f 747 1848 110
f 110 1848 1210
f 110 1210 111
f 111 1210 1212
f 111 1212 109
f 109 1212 1211
f 109 1211 113
f 113 1211 1214
f 113 1214 112
f 112 1214 1213
f 112 1213 748
f 748 1213 1849
f 748 1849 115
f 115 1849 1215
f 115 1215 116
f 116 1215 1217
f 116 1217 114
f 114 1217 1216
f 114 1216 118
f 118 1216 1219
f 118 1219 117
f 117 1219 1218
f 117 1218 786
f 786 1218 1887
f 786 1887 1042
f 1042 1887 2143
f 1042 2143 704
f 704 2143 1805
f 704 1805 120
f 120 1805 1220
f 120 1220 121
f 121 1220 1222
f 121 1222 119
f 119 1222 1221
f 119 1221 1040
f 1040 1221 2141
f 1040 2141 1039
f 1039 2141 2140
f 1039 2140 1037
f 1037 2140 2138
f 1037 2138 787
f 787 2138 1888
f 787 1888 123
f 123 1888 1223
f 123 1223 124
f 124 1223 1225
f 124 1225 122
f 122 1225 1224
f 122 1224 126
f 126 1224 1227
f 126 1227 125
f 125 1227 1226
f 125 1226 128
f 128 1226 1229
f 128 1229 127
f 127 1229 1228
f 127 1228 705
f 705 1228 1806
f 705 1806 826
f 826 1806 1927
f 826 1927 1033
f 1033 1927 2134
f 1033 2134 1031
f 1031 2134 2132
f 1031 2132 1029
f 1029 2132 2130
f 1029 2130 130
f 130 2130 1230
f 130 1230 131
f 131 1230 1232
f 131 1232 129
f 129 1232 1231
f 129 1231 706
f 706 1231 1807
f 706 1807 749
f 749 1807 1850
f 749 1850 1025
f 1025 1850 2126
f 1025 2126 1023
f 1023 2126 2124
f 1023 2124 1021
f 1021 2124 2122
f 1021 2122 1019
f 1019 2122 2120
f 1019 2120 1017
f 1017 2120 2118
f 1017 2118 1015
f 1015 2118 2116
f 1015 2116 1013
f 1013 2116 2114
f 1013 2114 1012
f 1012 2114 2113
f 1012 2113 1011
f 1011 2113 2112
f 1011 2112 1009
f 1009 2112 2110
f 1009 2110 1007
f 1007 2110 2108
f 1007 2108 1005
f 1005 2108 2106
f 1005 2106 1003
f 1003 2106 2104
f 1003 2104 1001
f 1001 2104 2102
f 1001 2102 999
f 999 2102 2100
f 999 2100 997
f 997 2100 2098
f 997 2098 995
f 995 2098 2096
f 995 2096 994
f 994 2096 2095
f 994 2095 993
f 993 2095 2094
f 993 2094 133
f 133 2094 1233
f 133 1233 134
f 134 1233 1235
f 134 1235 132
f 132 1235 1234
f 132 1234 136
f 136 1234 1237
f 136 1237 135
f 135 1237 1236
f 135 1236 138
f 138 1236 1239
f 138 1239 137
f 137 1239 1238
f 137 1238 991
f 991 1238 2092
f 991 2092 989
f 989 2092 2090
f 989 2090 988
f 988 2090 2089
f 988 2089 987
f 987 2089 2088
f 987 2088 985
f 985 2088 2086
f 985 2086 930
f 930 2086 2031
f 930 2031 924
f 924 2031 2025
f 924 2025 917
f 917 2025 2018
f 917 2018 913
f 913 2018 2014
f 913 2014 909
f 909 2014 2010
f 909 2010 906
f 906 2010 2007
f 906 2007 903
f 903 2007 2004
f 903 2004 900
f 900 2004 2001
f 900 2001 897
f 897 2001 1998
f 897 1998 894
f 894 1998 1995
f 894 1995 892
f 892 1995 1993
f 892 1993 890
f 890 1993 1991
f 890 1991 887
f 887 1991 1988
f 887 1988 884
f 884 1988 1985
f 884 1985 882
f 882 1985 1983
f 882 1983 879
f 879 1983 1980
f 879 1980 875
f 875 1980 1976
f 875 1976 871
f 871 1976 1972
f 871 1972 140
f 140 1972 1240
f 140 1240 141
f 141 1240 1242
f 141 1242 139
f 139 1242 1241
f 139 1241 143
f 143 1241 1244
f 143 1244 142
f 142 1244 1243
f 142 1243 145
f 145 1243 1246
f 145 1246 144
f 144 1246 1245
f 144 1245 860
f 860 1245 1961
f 860 1961 847
f 847 1961 1948
f 847 1948 788
f 788 1948 1889
f 788 1889 750
f 750 1889 1851
f 750 1851 147
f 147 1851 1247
f 147 1247 148
f 148 1247 1249
f 148 1249 146
f 146 1249 1248
f 146 1248 150
f 150 1248 1251
f 150 1251 149
f 149 1251 1250
f 149 1250 152
f 152 1250 1253
f 152 1253 151
f 151 1253 1252
f 151 1252 154
f 154 1252 1255
f 154 1255 153
f 153 1255 1254
f 153 1254 156
f 156 1254 1257
f 156 1257 155
f 155 1257 1256
f 155 1256 158
f 158 1256 1259
f 158 1259 157
f 157 1259 1258
f 157 1258 160
f 160 1258 1261
f 160 1261 159
f 159 1261 1260
f 159 1260 921
f 921 1260 2022
f 921 2022 927
f 927 2022 2028
f 927 2028 933
f 933 2028 2034
f 933 2034 936
f 936 2034 2037
f 936 2037 940
f 940 2037 2041
f 940 2041 944
f 944 2041 2045
f 944 2045 948
f 948 2045 2049
f 948 2049 981
f 981 2049 2082
f 981 2082 979
f 979 2082 2080
f 979 2080 977
f 977 2080 2078
f 977 2078 975
f 975 2078 2076
f 975 2076 972
f 972 2076 2073
f 972 2073 970
f 970 2073 2071
f 970 2071 968
f 968 2071 2069
f 968 2069 966
f 966 2069 2067
f 966 2067 964
f 964 2067 2065
f 964 2065 910
f 910 2065 2011
f 910 2011 867
f 867 2011 1968
f 867 1968 861
f 861 1968 1962
f 861 1962 848
f 848 1962 1949
f 848 1949 827
f 827 1949 1928
f 827 1928 751
f 751 1928 1852
f 751 1852 162
f 162 1852 1262
f 162 1262 163
f 163 1262 1264
f 163 1264 161
f 161 1264 1263
f 161 1263 165
f 165 1263 1266
f 165 1266 164
f 164 1266 1265
f 164 1265 167
f 167 1265 1268
f 167 1268 166
f 166 1268 1267
f 166 1267 169
f 169 1267 1270
f 169 1270 168
f 168 1270 1269
f 168 1269 171
f 171 1269 1272
f 171 1272 170
f 170 1272 1271
f 170 1271 173
f 173 1271 1274
f 173 1274 172
f 172 1274 1273
f 172 1273 869
f 869 1273 1970
f 869 1970 872
f 872 1970 1973
f 872 1973 876
f 876 1973 1977
f 876 1977 880
f 880 1977 1981
f 880 1981 175
f 175 1981 1275
f 175 1275 176
f 176 1275 1277
f 176 1277 174
f 174 1277 1276
f 174 1276 178
f 178 1276 1278
f 178 1278 179
f 179 1278 1280
f 179 1280 177
f 177 1280 1279
f 177 1279 181
f 181 1279 1282
f 181 1282 180
f 180 1282 1281
f 180 1281 789
f 789 1281 1890
f 789 1890 888
f 888 1890 1989
f 888 1989 891
f 891 1989 1992
f 891 1992 893
f 893 1992 1994
f 893 1994 895
f 895 1994 1996
f 895 1996 898
f 898 1996 1999
f 898 1999 901
f 901 1999 2002
f 901 2002 790
f 790 2002 1891
f 790 1891 183
f 183 1891 1283
f 183 1283 184
f 184 1283 1285
f 184 1285 182
f 182 1285 1284
f 182 1284 707
f 707 1284 1808
f 707 1808 752
f 752 1808 1853
f 752 1853 914
f 914 1853 2015
f 914 2015 918
f 918 2015 2019
f 918 2019 922
f 922 2019 2023
f 922 2023 925
f 925 2023 2026
f 925 2026 186
f 186 2026 1286
f 186 1286 187
f 187 1286 1288
f 187 1288 185
f 185 1288 1287
f 185 1287 189
f 189 1287 1290
f 189 1290 188
f 188 1290 1289
f 188 1289 191
f 191 1289 1292
f 191 1292 190
f 190 1292 1291
f 190 1291 193
f 193 1291 1294
f 193 1294 192
f 192 1294 1293
f 192 1293 708
f 708 1293 1809
f 708 1809 753
f 753 1809 1854
f 753 1854 195
f 195 1854 1295
f 195 1295 196
f 196 1295 1297
f 196 1297 194
f 194 1297 1296
f 194 1296 198
f 198 1296 1299
f 198 1299 197
f 197 1299 1298
f 197 1298 200
f 200 1298 1301
f 200 1301 199
f 199 1301 1300
f 199 1300 849
f 849 1300 1950
f 849 1950 937
f 937 1950 2038
f 937 2038 941
f 941 2038 2042
f 941 2042 945
f 945 2042 2046
f 945 2046 949
f 949 2046 2050
f 949 2050 959
f 959 2050 2060
f 959 2060 957
f 957 2060 2058
f 957 2058 955
f 955 2058 2056
f 955 2056 953
f 953 2056 2054
f 953 2054 952
f 952 2054 2053
f 952 2053 951
f 951 2053 2052
f 951 2052 946
f 946 2052 2047
f 946 2047 942
f 942 2047 2043
f 942 2043 938
f 938 2043 2039
f 938 2039 934
f 934 2039 2035
f 934 2035 931
f 931 2035 2032
f 931 2032 928
f 928 2032 2029
f 928 2029 791
f 791 2029 1892
f 791 1892 202
f 202 1892 1302
f 202 1302 203
f 203 1302 1304
f 203 1304 201
f 201 1304 1303
f 201 1303 205
f 205 1303 1306
f 205 1306 204
f 204 1306 1305
f 204 1305 207
f 207 1305 1308
f 207 1308 206
f 206 1308 1307
f 206 1307 919
f 919 1307 2020
f 919 2020 915
f 915 2020 2016
f 915 2016 911
f 911 2016 2012
f 911 2012 907
f 907 2012 2008
f 907 2008 904
f 904 2008 2005
f 904 2005 209
f 209 2005 1309
f 209 1309 210
f 210 1309 1311
f 210 1311 208
f 208 1311 1310
f 208 1310 896
f 896 1310 1997
f 896 1997 792
f 792 1997 1893
f 792 1893 709
f 709 1893 1810
f 709 1810 212
f 212 1810 1312
f 212 1312 213
f 213 1312 1314
f 213 1314 211
f 211 1314 1313
f 211 1313 215
f 215 1313 1316
f 215 1316 214
f 214 1316 1315
f 214 1315 217
f 217 1315 1318
f 217 1318 216
f 216 1318 1317
f 216 1317 219
f 219 1317 1320
f 219 1320 218
f 218 1320 1319
f 218 1319 710
f 710 1319 1811
f 710 1811 885
f 885 1811 1986
f 885 1986 221
f 221 1986 1321
f 221 1321 222
f 222 1321 1323
f 222 1323 220
f 220 1323 1322
f 220 1322 877
f 877 1322 1978
f 877 1978 873
f 873 1978 1974
f 873 1974 870
f 870 1974 1971
f 870 1971 868
f 868 1971 1969
f 868 1969 862
f 862 1969 1963
f 862 1963 850
f 850 1963 1951
f 850 1951 828
f 828 1951 1929
f 828 1929 793
f 793 1929 1894
f 793 1894 754
f 754 1894 1855
f 754 1855 711
f 711 1855 1812
f 711 1812 223
f 223 1812 1324
f 223 1324 3
f 3 1324 1104
f 3 1104 1
f 1 1104 1103
f 1 1103 816
f 816 1103 1917
f 816 1917 842
f 842 1917 1943
f 842 1943 855
f 855 1943 1956
f 855 1956 865
f 865 1956 1966
f 865 1966 874
f 874 1966 1975
f 874 1975 878
f 878 1975 1979
f 878 1979 881
f 881 1979 1982
f 881 1982 883
f 883 1982 1984
f 883 1984 886
f 886 1984 1987
f 886 1987 889
f 889 1987 1990
f 889 1990 741
f 741 1990 1842
f 741 1842 5
f 5 1842 1105
f 5 1105 6
f 6 1105 1107
f 6 1107 4
f 4 1107 1106
f 4 1106 8
f 8 1106 1109
f 8 1109 7
f 7 1109 1108
f 7 1108 10
f 10 1108 1111
f 10 1111 9
f 9 1111 1110
f 9 1110 12
f 12 1110 1113
f 12 1113 11
f 11 1113 1112
f 11 1112 14
f 14 1112 1115
f 14 1115 13
f 13 1115 1114
f 13 1114 899
f 899 1114 2000
f 899 2000 902
f 902 2000 2003
f 902 2003 905
f 905 2003 2006
f 905 2006 908
f 908 2006 2009
f 908 2009 912
f 912 2009 2013
f 912 2013 916
f 916 2013 2017
f 916 2017 920
f 920 2017 2021
f 920 2021 923
f 923 2021 2024
f 923 2024 926
f 926 2024 2027
f 926 2027 929
f 929 2027 2030
f 929 2030 932
f 932 2030 2033
f 932 2033 935
f 935 2033 2036
f 935 2036 939
f 939 2036 2040
f 939 2040 943
f 943 2040 2044
f 943 2044 947
f 947 2044 2048
f 947 2048 950
f 950 2048 2051
f 950 2051 778
f 778 2051 1879
f 778 1879 16
f 16 1879 1116
f 16 1116 17
f 17 1116 1118
f 17 1118 15
f 15 1118 1117
f 15 1117 19
f 19 1117 1120
f 19 1120 18
f 18 1120 1119
f 18 1119 21
f 21 1119 1122
f 21 1122 20
f 20 1122 1121
f 20 1121 817
f 817 1121 1918
f 817 1918 954
f 954 1918 2055
f 954 2055 956
f 956 2055 2057
f 956 2057 958
f 958 2057 2059
f 958 2059 960
f 960 2059 2061
f 960 2061 961
f 961 2061 2062
f 961 2062 962
f 962 2062 2063
f 962 2063 963
f 963 2063 2064
f 963 2064 965
f 965 2064 2066
f 965 2066 967
f 967 2066 2068
f 967 2068 969
f 969 2068 2070
f 969 2070 971
f 971 2070 2072
f 971 2072 973
f 973 2072 2074
f 973 2074 974
f 974 2074 2075
f 974 2075 976
f 976 2075 2077
f 976 2077 978
f 978 2077 2079
f 978 2079 980
f 980 2079 2081
f 980 2081 982
f 982 2081 2083
f 982 2083 983
f 983 2083 2084
f 983 2084 984
f 984 2084 2085
f 984 2085 986
f 986 2085 2087
f 986 2087 818
f 818 2087 1919
f 818 1919 23
f 23 1919 1123
f 23 1123 24
f 24 1123 1125
f 24 1125 22
f 22 1125 1124
f 22 1124 695
f 695 1124 1796
f 695 1796 26
f 26 1796 1126
f 26 1126 27
f 27 1126 1128
f 27 1128 25
f 25 1128 1127
f 25 1127 779
f 779 1127 1880
f 779 1880 990
f 990 1880 2091
f 990 2091 992
f 992 2091 2093
f 992 2093 843
f 843 2093 1944
f 843 1944 780
f 780 1944 1881
f 780 1881 29
f 29 1881 1129
f 29 1129 30
f 30 1129 1131
f 30 1131 28
f 28 1131 1130
f 28 1130 32
f 32 1130 1133
f 32 1133 31
f 31 1133 1132
f 31 1132 34
f 34 1132 1135
f 34 1135 33
f 33 1135 1134
f 33 1134 696
f 696 1134 1797
f 696 1797 819
f 819 1797 1920
f 819 1920 856
f 856 1920 1957
f 856 1957 844
f 844 1957 1945
f 844 1945 781
f 781 1945 1882
f 781 1882 36
f 36 1882 1136
f 36 1136 37
f 37 1136 1138
f 37 1138 35
f 35 1138 1137
f 35 1137 39
f 39 1137 1140
f 39 1140 38
f 38 1140 1139
f 38 1139 41
f 41 1139 1142
f 41 1142 40
f 40 1142 1141
f 40 1141 697
f 697 1141 1798
f 697 1798 820
f 820 1798 1921
f 820 1921 857
f 857 1921 1958
f 857 1958 996
f 996 1958 2097
f 996 2097 998
f 998 2097 2099
f 998 2099 1000
f 1000 2099 2101
f 1000 2101 1002
f 1002 2101 2103
f 1002 2103 1004
f 1004 2103 2105
f 1004 2105 1006
f 1006 2105 2107
f 1006 2107 1008
f 1008 2107 2109
f 1008 2109 1010
f 1010 2109 2111
f 1010 2111 43
f 43 2111 1143
f 43 1143 44
f 44 1143 1145
f 44 1145 42
f 42 1145 1144
f 42 1144 46
f 46 1144 1147
f 46 1147 45
f 45 1147 1146
f 45 1146 48
f 48 1146 1149
f 48 1149 47
f 47 1149 1148
f 47 1148 698
f 698 1148 1799
f 698 1799 1014
f 1014 1799 2115
f 1014 2115 1016
f 1016 2115 2117
f 1016 2117 1018
f 1018 2117 2119
f 1018 2119 1020
f 1020 2119 2121
f 1020 2121 1022
f 1022 2121 2123
f 1022 2123 1024
f 1024 2123 2125
o 
v 46.75 0 -11.9
v 48.292 0 -11.856
v 47.407 0 -11.869
v 46.203 0 -11.95
v 46.483 0 -11.923
v 45.663 0 -12.01
v 45.925 0 -11.98
v 45.25 0 -12.06
v 45.433 0 -12.037
v 44.241 0 -12.213
v 44.659 0 -12.15
v 44.444 0 -12.182
v 43.364 0 -12.35
v 44.06 0 -12.24
v 41.609 0 -12.686
v 42.514 0 -12.506
v 40.037 0 -13.039
v 40.75 0 -12.871
v 39.41 0 -13.214
v 39.57 0 -13.17
v 39.499 0 -13.189
v 39.197 0 -13.276
v 39.307 0 -13.244
v 38.517 0 -13.474
v 39.083 0 -13.309
v 38.97 0 -13.34
v 37.502 0 -13.813
v 38.024 0 -13.632
v 36.415 0 -14.225
v 36.963 0 -14.011
v 35.368 0 -14.675
v 35.87 0 -14.45
v 34.007 0 -15.338
v 34.716 0 -14.986
v 32.8 0 -15.967
v 33.337 0 -15.68
v 32.43 0 -16.193
v 32.49 0 -16.15
v 31.971 0 -16.454
v 32.239 0 -16.304
v 32.22 0 -16.31
v 30.573 0 -17.354
v 31.38 0 -16.829
v 28.82 0 -18.517
v 29.677 0 -17.944
v 27.549 0 -19.401
v 28.13 0 -18.99
v 26.239 0 -20.372
v 26.905 0 -19.872
v 25.005 0 -21.338
v 25.591 0 -20.871
v 23.936 0 -22.266
v 24.52 0 -21.74
v 22.597 0 -23.588
v 23.281 0 -22.895
v 21.306 0 -24.996
v 21.925 0 -24.301
v 20.24 0 -26.348
v 20.78 0 -25.63
v 18.798 0 -28.412
v 19.553 0 -27.314
v 17.402 0 -30.537
v 18.054 0 -29.526
v 16.807 0 -31.522
v 16.92 0 -31.33
v 16.577 0 -31.92
v 16.691 0 -31.723
v 16.382 0 -32.264
v 16.473 0 -32.104
v 16.069 0 -32.835
v 16.31 0 -32.39
v 15.471 0 -34.05
v 15.781 0 -33.405
v 14.877 0 -35.359
v 15.162 0 -34.718
v 14.369 0 -36.645
v 14.64 0 -35.92
v 13.83 0 -38.344
v 14.096 0 -37.466
v 13.371 0 -40.119
v 13.584 0 -39.241
v 13.173 0 -41.087
v 13.2 0 -40.94
v 12.931 0 -42.325
v 13.053 0 -41.681
v 13.03 0 -41.79
v 12.686 0 -43.945
v 12.815 0 -43.053
v 12.405 0 -46.111
v 12.549 0 -44.974
v 12.214 0 -48.038
v 12.26 0 -47.33
v 12.177 0 -50.283
v 12.187 0 -49.078
v 12.214 0 -52.507
v 12.187 0 -51.482
v 12.283 0 -53.399
v 12.26 0 -53.19
v 12.342 0 -53.917
v 12.311 0 -53.647
v 12.409 0 -54.469
v 12.376 0 -54.197
v 12.6 0 -55.972
v 12.44 0 -54.72
v 12.515 0 -55.355
v 12.797 0 -57.158
v 12.694 0 -56.572
v 13.03 0 -58.29
v 12.909 0 -57.73
v 13.227 0 -59.143
v 13.125 0 -58.709
v 13.417 0 -59.927
v 13.326 0 -59.56
v 13.54 0 -60.38
v 13.49 0 -60.211
v 13.596 0 -60.576
v 13.562 0 -60.46
v 13.687 0 -60.881
v 13.639 0 -60.719
v 13.97 0 -61.837
v 13.739 0 -61.054
v 13.79 0 -61.23
v 14.358 0 -63.021
v 14.164 0 -62.445
v 14.698 0 -63.942
v 14.54 0 -63.531
v 14.907 0 -64.497
v 14.897 0 -64.431
v 14.9 0 -64.46
v 14.96 0 -64.651
v 14.928 0 -64.562
v 15.053 0 -64.876
v 15.002 0 -64.758
v 15.167 0 -65.123
v 15.11 0 -65
v 15.425 0 -65.769
v 15.313 0 -65.488
v 15.32 0 -65.52
v 16.063 0 -67.089
v 15.694 0 -66.337
v 16.827 0 -68.605
v 16.462 0 -67.89
v 17.938 0 -70.516
v 17.09 0 -69.1
v 20.085 0 -73.479
v 18.939 0 -71.979
v 22.792 0 -76.558
v 21.371 0 -75.008
v 25.368 0 -79.093
v 24.34 0 -78.12
v 27.275 0 -80.728
v 26.342 0 -79.958
v 29.075 0 -82.022
v 28.181 0 -81.412
v 30.66 0 -82.965
v 29.97 0 -82.57
v 31.759 0 -83.576
v 31.243 0 -83.294
v 32.735 0 -84.084
v 32.243 0 -83.833
v 34.008 0 -84.714
v 33.27 0 -84.35
v 33.638 0 -84.533
v 34.682 0 -85.039
v 34.362 0 -84.886
v 35.14 0 -85.25
v 34.947 0 -85.163
v 35.75 0 -85.511
v 35.457 0 -85.385
v 35.61 0 -85.451
v 35.96 0 -85.6
v 35.869 0 -85.562
v 36.631 0 -85.86
v 36.217 0 -85.704
v 37.642 0 -86.224
v 37.13 0 -86.041
v 38.42 0 -86.49
v 38.096 0 -86.382
v 38.93 0 -86.66
v 38.8 0 -86.616
v 38.874 0 -86.641
v 39.4 0 -86.803
v 39.127 0 -86.726
v 40.126 0 -86.98
v 39.737 0 -86.889
v 41.01 0 -87.17
v 40.555 0 -87.075
v 41.305 0 -87.219
v 41.15 0 -87.197
v 41.625 0 -87.244
v 41.466 0 -87.235
v 41.9 0 -87.24
v 41.772 0 -87.246
v 42.36 0 -86.88
v 42.33 0 -87.21
v 42.358 0 -86.592
v 42.368 0 -86.733
v 42.272 0 -86.264
v 42.327 0 -86.441
v 42.07 0 -85.77
v 42.187 0 -86.046
v 41.397 0 -84.199
v 41.723 0 -84.949
v 40.703 0 -82.698
v 41.065 0 -83.466
v 39.79 0 -80.84
v 40.287 0 -81.841
v 37.31 0 -77.69
v 38.5 0 -78.28
v 21.048 0 -58.605
v 21.132 0 -58.925
v 21.093 0 -58.774
v 20.95 0 -58.25
v 21 0 -58.428
v 21.873 0 -38.926
v 21.78 0 -39.15
v 21.814 0 -39.069
v 22.047 0 -38.497
v 21.952 0 -38.731
v 22.26 0 -37.96
v 22.151 0 -38.236
v 34.843 0 -23.707
v 34.72 0 -23.77
v 34.769 0 -23.746
v 35.041 0 -23.596
v 34.935 0 -23.656
v 35.27 0 -23.46
v 35.154 0 -23.529
v 42.571 0 -20.516
v 42.37 0 -20.56
v 42.461 0 -20.541
v 42.816 0 -20.457
v 42.691 0 -20.488
v 68.835 0 -26.177
v 68.705 0 -26.068
v 68.79 0 -26.14
v 69.022 0 -26.336
v 68.914 0 -26.245
v 69.297 0 -26.565
v 69.152 0 -26.445
v 75.673 0 -33.96
v 75.63 0 -33.87
v 75.641 0 -33.901
v 75.784 0 -34.146
v 75.721 0 -34.044
v 75.94 0 -34.39
v 75.858 0 -34.263
v 77.888 0 -38.427
v 77.72 0 -38
v 77.805 0 -38.218
v 78.029 0 -38.779
v 77.964 0 -38.618
v 79.189 0 -42.646
v 79.15 0 -42.47
v 79.167 0 -42.55
v 79.238 0 -42.861
v 79.213 0 -42.751
v 79.29 0 -43.07
v 79.264 0 -42.969
v 79.68 0 -44.922
v 79.47 0 -43.87
v 79.64 0 -44.72
v 79.98 0 -46.77
v 79.83 0 -45.819
v 79.898 0 -46.251
v 78.196 0 -60.932
v 78.25 0 -60.8
v 78.224 0 -60.864
v 78.141 0 -61.068
v 78.168 0 -61.001
v 78.1 0 -61.18
v 78.118 0 -61.129
v 78.042 0 -61.319
v 78.075 0 -61.238
v 77.798 0 -61.858
v 77.904 0 -61.638
v 77.85 0 -61.75
v 77.719 0 -62.05
v 77.754 0 -61.96
v 77.676 0 -62.175
v 77.692 0 -62.123
v 66.389 0 -75.473
v 66.48 0 -75.43
v 66.449 0 -75.441
v 66.201 0 -75.587
v 66.305 0 -75.522
v 65.95 0 -75.75
v 66.081 0 -75.664
v 62.98 0 -77.43
v 64.247 0 -76.753
v 63.68 0 -77.05
v 61.979 0 -78.113
v 62.426 0 -77.774
v 61.254 0 -78.908
v 61.601 0 -78.48
v 60.666 0 -79.826
v 60.9 0 -79.43
v 60.046 0 -80.975
v 60.365 0 -80.372
v 59.55 0 -81.977
v 59.759 0 -81.541
v 59.458 0 -82.226
v 59.47 0 -82.19
v 58.912 0 -83.431
v 59.215 0 -82.777
v 59.12 0 -82.98
v 58.631 0 -84.056
v 58.756 0 -83.774
v 58.393 0 -84.618
v 58.517 0 -84.322
v 57.879 0 -85.913
v 58.24 0 -84.99
v 57.749 0 -86.895
v 57.706 0 -86.532
v 58.602 0 -87.037
v 58.038 0 -87.048
v 59.705 0 -86.869
v 59.47 0 -86.91
v 60.164 0 -86.775
v 59.933 0 -86.824
v 60.66 0 -86.654
v 60.403 0 -86.719
v 61.032 0 -86.553
v 60.94 0 -86.58
v 61.826 0 -86.323
v 61.452 0 -86.433
v 61.54 0 -86.41
v 62.716 0 -86.024
v 62.24 0 -86.187
v 63.597 0 -85.708
v 63.19 0 -85.857
v 63.963 0 -85.555
v 63.87 0 -85.6
v 64.36 0 -85.38
v 64.233 0 -85.435
v 64.305 0 -85.404
v 65.98 0 -84.645
v 65.09 0 -85.062
v 67.93 0 -83.665
v 66.952 0 -84.166
v 69.59 0 -82.75
v 68.835 0 -83.18
v 71.005 0 -81.858
v 70.277 0 -82.33
v 72.435 0 -80.862
v 71.736 0 -81.36
v 73.59 0 -79.97
v 73.065 0 -80.39
v 76.038 0 -77.76
v 74.829 0 -78.895
v 78.306 0 -75.373
v 77.201 0 -76.581
v 80.28 0 -72.93
v 79.337 0 -74.151
v 80.617 0 -72.477
v 80.453 0 -72.698
v 81.247 0 -71.634
v 80.984 0 -71.99
v 81.04 0 -71.92
v 81.996 0 -70.495
v 81.583 0 -71.131
v 82.842 0 -69.156
v 82.433 0 -69.809
v 83.444 0 -68.133
v 83.17 0 -68.62
v 84.151 0 -66.775
v 83.782 0 -67.496
v 84.849 0 -65.351
v 84.518 0 -66.038
v 85.38 0 -64.125
v 85.11 0 -64.78
v 85.938 0 -62.537
v 85.661 0 -63.362
v 86.422 0 -60.89
v 86.196 0 -61.698
v 86.828 0 -59.061
v 86.6 0 -60.16
v 87.181 0 -56.986
v 87.018 0 -58.027
v 87.472 0 -54.594
v 87.329 0 -55.866
v 87.666 0 -52.205
v 87.62 0 -53.1
v 87.702 0 -49.368
v 87.693 0 -50.887
v 87.666 0 -46.603
v 87.693 0 -47.866
v 87.529 0 -45.034
v 87.62 0 -45.8
v 87.38 0 -43.9
v 87.451 0 -44.416
v 87.231 0 -42.993
v 87.309 0 -43.441
v 87.044 0 -42.033
v 87.14 0 -42.51
v 86.869 0 -41.254
v 86.959 0 -41.633
v 86.623 0 -40.325
v 86.761 0 -40.837
v 86.29 0 -39.176
v 86.44 0 -39.66
v 85.781 0 -37.665
v 86.057 0 -38.472
v 85.262 0 -36.207
v 85.503 0 -36.871
v 85.064 0 -35.707
v 85.1 0 -35.79
v 84.954 0 -35.454
v 85.026 0 -35.62
v 84.989 0 -35.534
v 84.9 0 -35.33
v 84.924 0 -35.384
v 84.155 0 -33.643
v 84.575 0 -34.565
v 83.245 0 -31.77
v 83.694 0 -32.675
v 82.6 0 -30.59
v 82.863 0 -31.038
v 82.351 0 -30.149
v 82.446 0 -30.342
v 82.44 0 -30.32
v 81.781 0 -29.238
v 82.116 0 -29.764
v 81.001 0 -28.053
v 81.394 0 -28.643
v 79.706 0 -26.277
v 80.65 0 -27.54
v 77.43 0 -23.646
v 78.617 0 -24.962
v 74.954 0 -21.219
v 76.193 0 -22.381
v 73.066 0 -19.673
v 73.76 0 -20.21
v 71.45 0 -18.505
v 72.276 0 -19.09
v 69.941 0 -17.497
v 70.651 0 -17.96
v 69.236 0 -17.081
v 69.38 0 -17.16
v 68.7 0 -16.77
v 68.946 0 -16.914
v 68.814 0 -16.836
v 68.238 0 -16.524
v 68.61 0 -16.72
v 66.644 0 -15.724
v 67.525 0 -16.164
v 65.06 0 -14.947
v 65.765 0 -15.29
v 64.645 0 -14.76
v 64.7 0 -14.78
v 64.314 0 -14.623
v 64.491 0 -14.696
v 64.403 0 -14.659
v 64.127 0 -14.55
v 64.23 0 -14.59
v 63.617 0 -14.347
v 63.983 0 -14.493
v 63.81 0 -14.424
v 63.21 0 -14.19
v 63.413 0 -14.268
v 62.134 0 -13.779
v 62.389 0 -13.879
v 62.32 0 -13.85
v 61.412 0 -13.534
v 61.813 0 -13.667
v 60.591 0 -13.272
v 60.987 0 -13.396
v 60.009 0 -13.107
v 60.28 0 -13.18
v 59.373 0 -12.952
v 59.702 0 -13.03
v 58.69 0 -12.805
v 59.031 0 -12.876
v 58.199 0 -12.713
v 58.36 0 -12.74
v 56.705 0 -12.416
v 57.577 0 -12.593
v 57.47 0 -12.57
v 55.283 0 -12.189
v 55.991 0 -12.29
v 53.707 0 -12.038
v 54.536 0 -12.106
v 51.635 0 -11.923
v 52.75 0 -11.98
v 49.338 0 -11.861
v 50.474 0 -11.884
v 45.074 0 -12.087
v 32.272 0 -16.289
v 13.143 0 -41.243
v 13.081 0 -41.547
v 14.82 0 -64.22
v 15.292 0 -65.427
v 35.298 0 -85.317
v 38.518 0 -86.521
v 38.713 0 -86.586
v 79.317 0 -43.178
v 78.001 0 -61.416
v 77.67 0 -62.2
v 65.658 0 -75.943
v 61.351 0 -86.461
v 64.057 0 -85.512
v 80.89 0 -72.113
v 82.557 0 -30.53
v 82.461 0 -30.377
v 69.089 0 -16.997
v 64.574 0 -14.731
v 62.502 0 -13.925
v 57.712 0 -12.621
v 44.873 0 -12.118
v 32.371 0 -16.231
v 32.318 0 -16.264
v 13.111 0 -41.399
v 14.84 0 -64.266
v 14.888 0 -64.396
v 15.26 0 -65.342
v 21.165 0 -59.05
v 42.938 0 -20.427
v 75.526 0 -33.678
v 78.079 0 -38.903
v 77.955 0 -61.524
v 66.59 0 -75.372
v 64.697 0 -76.511
v 59.3 0 -82.593
v 61.244 0 -86.491
v 64.149 0 -85.471
v 80.765 0 -72.279
v 14.859 0 -64.311
v 38.617 0 -86.554
v 36.749 0 -77.405
v 34.374 0 -23.965
v 43.05 0 -20.4
v 69.45 0 -26.69
v 78.11 0 -38.98
v 79.034 0 -41.977
v 65.063 0 -76.306
v 61.136 0 -86.523
v 82.519 0 -30.473
v 82.486 0 -30.421
v 62.649 0 -13.982
v 58.031 0 -12.683
v 57.866 0 -12.651
v 14.875 0 -64.355
v 15.218 0 -65.239
v 76.191 0 -34.816
v 79.348 0 -43.306
v 65.373 0 -76.123
v 59.37 0 -82.435
v 63.011 0 -14.119
v 62.821 0 -14.049
v 36.202 0 -77.123
v 77.624 0 -62.322
v 59.424 0 -82.31
v 35.678 0 -76.848
v 66.829 0 -75.216
v 35.185 0 -76.584
v 67.162 0 -74.984
v 34.733 0 -76.337
v 67.558 0 -74.701
v 34.33 0 -76.11
v 67.981 0 -74.392
v 68.4 0 -74.08
v 33.916 0 -75.857
v 69.632 0 -73.096
v 33.383 0 -75.506
v 32.786 0 -75.096
v 70.759 0 -72.078
v 32.184 0 -74.667
v 71.831 0 -70.973
v 31.633 0 -74.258
v 72.898 0 -69.725
v 31.19 0 -73.91
v 74.008 0 -68.282
v 30.931 0 -73.685
v 75.21 0 -66.59
v 30.59 0 -73.375
v 75.433 0 -66.251
v 30.189 0 -73
v 75.689 0 -65.844
v 29.75 0 -72.582
v 75.961 0 -65.401
v 29.296 0 -72.141
v 76.231 0 -64.952
v 28.85 0 -71.7
v 76.48 0 -64.528
v 27.337 0 -70.103
v 76.69 0 -64.16
v 26.007 0 -68.526
v 76.895 0 -63.78
v 24.844 0 -66.944
v 77.113 0 -63.361
v 23.829 0 -65.33
v 77.323 0 -62.947
v 22.947 0 -63.661
v 77.5 0 -62.586
v 22.18 0 -61.91
v 22.091 0 -61.692
v 22.005 0 -61.483
v 21.927 0 -61.292
v 78.334 0 -60.581
v 21.861 0 -61.131
v 78.455 0 -60.236
v 21.811 0 -61.007
v 78.596 0 -59.815
v 21.78 0 -60.93
v 78.742 0 -59.367
v 21.711 0 -60.74
v 78.875 0 -58.943
v 21.605 0 -60.435
v 78.98 0 -58.59
v 21.481 0 -60.069
v 79.17 0 -57.912
v 21.359 0 -59.695
v 79.319 0 -57.36
v 21.255 0 -59.368
v 79.441 0 -56.881
v 21.19 0 -59.14
v 79.551 0 -56.42
v 79.663 0 -55.921
v 79.79 0 -55.33
v 20.568 0 -56.658
v 80.053 0 -53.929
v 20.255 0 -54.992
v 80.221 0 -52.551
v 20.019 0 -53.31
v 80.298 0 -51.17
v 19.865 0 -51.671
v 80.282 0 -49.763
v 19.8 0 -50.135
v 80.176 0 -48.304
v 19.83 0 -48.76
v 19.878 0 -48.042
v 19.926 0 -47.429
v 79.772 0 -45.46
v 19.979 0 -46.876
v 79.724 0 -45.165
v 20.04 0 -46.341
v 20.116 0 -45.781
v 20.21 0 -45.15
v 20.299 0 -44.644
v 79.443 0 -43.737
v 20.427 0 -44.009
v 79.412 0 -43.594
v 20.58 0 -43.307
v 79.38 0 -43.447
v 20.743 0 -42.605
v 20.901 0 -41.964
v 78.863 0 -41.341
v 21.04 0 -41.45
v 78.66 0 -40.643
v 21.161 0 -41.05
v 78.451 0 -39.963
v 21.305 0 -40.591
v 78.259 0 -39.382
v 21.455 0 -40.124
v 21.595 0 -39.695
v 21.709 0 -39.354
v 77.482 0 -37.441
v 77.179 0 -36.777
v 76.841 0 -36.075
v 22.488 0 -37.425
v 76.501 0 -35.399
v 22.778 0 -36.792
v 23.104 0 -36.111
v 23.442 0 -35.431
v 75.249 0 -33.262
v 23.769 0 -34.801
v 74.855 0 -32.7
v 24.06 0 -34.27
v 74.397 0 -32.068
v 24.917 0 -32.913
v 73.931 0 -31.442
v 25.94 0 -31.522
v 73.51 0 -30.9
v 27.104 0 -30.125
v 72.976 0 -30.267
v 28.384 0 -28.751
v 72.284 0 -29.502
v 29.754 0 -27.43
v 71.51 0 -28.683
v 31.19 0 -26.19
v 70.729 0 -27.888
v 31.695 0 -25.804
v 70.017 0 -27.198
v 32.363 0 -25.32
v 33.097 0 -24.808
v 33.8 0 -24.333
v 68.532 0 -25.934
v 68.275 0 -25.74
v 67.938 0 -25.49
v 35.73 0 -23.201
v 67.525 0 -25.185
v 36.313 0 -22.898
v 67.04 0 -24.83
v 36.975 0 -22.573
v 65.846 0 -24.025
v 37.674 0 -22.245
v 64.462 0 -23.222
v 38.366 0 -21.937
v 62.959 0 -22.456
v 39.01 0 -21.67
v 61.408 0 -21.761
v 39.505 0 -21.484
v 40.114 0 -21.269
v 59.881 0 -21.171
v 40.772 0 -21.048
v 58.45 0 -20.72
v 41.412 0 -20.841
v 57.522 0 -20.481
v 56.632 0 -20.272
v 41.967 0 -20.671
v 55.771 0 -20.094
v 54.931 0 -19.944
v 54.104 0 -19.823
v 43.686 0 -20.256
v 53.28 0 -19.73
v 44.386 0 -20.117
v 52.645 0 -19.707
v 45.121 0 -19.988
v 51.561 0 -19.689
v 45.864 0 -19.873
v 50.255 0 -19.679
v 46.586 0 -19.779
v 48.952 0 -19.677
v 47.26 0 -19.71
v 47.878 0 -19.687
v 48.292 10 -11.856
v 46.75 10 -11.9
v 47.407 10 -11.869
v 46.203 10 -11.95
v 46.483 10 -11.923
v 45.663 10 -12.01
v 45.925 10 -11.98
v 45.25 10 -12.06
v 45.433 10 -12.037
v 44.659 10 -12.15
v 44.241 10 -12.213
v 44.444 10 -12.182
v 43.364 10 -12.35
v 44.06 10 -12.24
v 41.609 10 -12.686
v 42.514 10 -12.506
v 40.037 10 -13.039
v 40.75 10 -12.871
v 39.57 10 -13.17
v 39.41 10 -13.214
v 39.499 10 -13.189
v 39.197 10 -13.276
v 39.307 10 -13.244
v 39.083 10 -13.309
v 38.517 10 -13.474
v 38.97 10 -13.34
v 37.502 10 -13.813
v 38.024 10 -13.632
v 36.415 10 -14.225
v 36.963 10 -14.011
v 35.368 10 -14.675
v 35.87 10 -14.45
v 34.007 10 -15.338
v 34.716 10 -14.986
v 32.8 10 -15.967
v 33.337 10 -15.68
v 32.43 10 -16.193
v 32.49 10 -16.15
v 32.239 10 -16.304
v 31.971 10 -16.454
v 32.22 10 -16.31
v 30.573 10 -17.354
v 31.38 10 -16.829
v 28.82 10 -18.517
v 29.677 10 -17.944
v 27.549 10 -19.401
v 28.13 10 -18.99
v 26.239 10 -20.372
v 26.905 10 -19.872
v 25.005 10 -21.338
v 25.591 10 -20.871
v 23.936 10 -22.266
v 24.52 10 -21.74
v 22.597 10 -23.588
v 23.281 10 -22.895
v 21.306 10 -24.996
v 21.925 10 -24.301
v 20.24 10 -26.348
v 20.78 10 -25.63
v 18.798 10 -28.412
v 19.553 10 -27.314
v 17.402 10 -30.537
v 18.054 10 -29.526
v 16.807 10 -31.522
v 16.92 10 -31.33
v 16.577 10 -31.92
v 16.691 10 -31.723
v 16.382 10 -32.264
v 16.473 10 -32.104
v 16.069 10 -32.835
v 16.31 10 -32.39
v 15.471 10 -34.05
v 15.781 10 -33.405
v 14.877 10 -35.359
v 15.162 10 -34.718
v 14.369 10 -36.645
v 14.64 10 -35.92
v 13.83 10 -38.344
v 14.096 10 -37.466
v 13.371 10 -40.119
v 13.584 10 -39.241
v 13.173 10 -41.087
v 13.2 10 -40.94
v 13.053 10 -41.681
v 12.931 10 -42.325
v 13.03 10 -41.79
v 12.686 10 -43.945
v 12.815 10 -43.053
v 12.405 10 -46.111
v 12.549 10 -44.974
v 12.214 10 -48.038
v 12.26 10 -47.33
v 12.177 10 -50.283
v 12.187 10 -49.078
v 12.214 10 -52.507
v 12.187 10 -51.482
v 12.283 10 -53.399
v 12.26 10 -53.19
v 12.342 10 -53.917
v 12.311 10 -53.647
v 12.409 10 -54.469
v 12.376 10 -54.197
v 12.44 10 -54.72
v 12.6 10 -55.972
v 12.515 10 -55.355
v 12.797 10 -57.158
v 12.694 10 -56.572
v 13.03 10 -58.29
v 12.909 10 -57.73
v 13.227 10 -59.143
v 13.125 10 -58.709
v 13.417 10 -59.927
v 13.326 10 -59.56
v 13.54 10 -60.38
v 13.49 10 -60.211
v 13.596 10 -60.576
v 13.562 10 -60.46
v 13.687 10 -60.881
v 13.639 10 -60.719
v 13.739 10 -61.054
v 13.97 10 -61.837
v 13.79 10 -61.23
v 14.358 10 -63.021
v 14.164 10 -62.445
v 14.698 10 -63.942
v 14.54 10 -63.531
v 14.897 10 -64.431
v 14.907 10 -64.497
v 14.9 10 -64.46
v 14.96 10 -64.651
v 14.928 10 -64.562
v 15.053 10 -64.876
v 15.002 10 -64.758
v 15.167 10 -65.123
v 15.11 10 -65
v 15.313 10 -65.488
v 15.425 10 -65.769
v 15.32 10 -65.52
v 16.063 10 -67.089
v 15.694 10 -66.337
v 16.827 10 -68.605
v 16.462 10 -67.89
v 17.938 10 -70.516
v 17.09 10 -69.1
v 20.085 10 -73.479
v 18.939 10 -71.979
v 22.792 10 -76.558
v 21.371 10 -75.008
v 25.368 10 -79.093
v 24.34 10 -78.12
v 27.275 10 -80.728
v 26.342 10 -79.958
v 29.075 10 -82.022
v 28.181 10 -81.412
v 30.66 10 -82.965
v 29.97 10 -82.57
v 31.759 10 -83.576
v 31.243 10 -83.294
v 32.735 10 -84.084
v 32.243 10 -83.833
v 33.27 10 -84.35
v 34.008 10 -84.714
v 33.638 10 -84.533
v 34.682 10 -85.039
v 34.362 10 -84.886
v 35.14 10 -85.25
v 34.947 10 -85.163
v 35.457 10 -85.385
v 35.75 10 -85.511
v 35.61 10 -85.451
v 35.96 10 -85.6
v 35.869 10 -85.562
v 36.631 10 -85.86
v 36.217 10 -85.704
v 37.642 10 -86.224
v 37.13 10 -86.041
v 38.42 10 -86.49
v 38.096 10 -86.382
v 38.8 10 -86.616
v 38.93 10 -86.66
v 38.874 10 -86.641
v 39.4 10 -86.803
v 39.127 10 -86.726
v 40.126 10 -86.98
v 39.737 10 -86.889
v 41.01 10 -87.17
v 40.555 10 -87.075
v 41.305 10 -87.219
v 41.15 10 -87.197
v 41.625 10 -87.244
v 41.466 10 -87.235
v 41.9 10 -87.24
v 41.772 10 -87.246
v 42.36 10 -86.88
v 42.33 10 -87.21
v 42.358 10 -86.592
v 42.368 10 -86.733
v 42.272 10 -86.264
v 42.327 10 -86.441
v 42.07 10 -85.77
v 42.187 10 -86.046
v 41.397 10 -84.199
v 41.723 10 -84.949
v 40.703 10 -82.698
v 41.065 10 -83.466
v 39.79 10 -80.84
v 40.287 10 -81.841
v 37.31 10 -77.69
v 38.5 10 -78.28
v 21.132 10 -58.925
v 21.048 10 -58.605
v 21.093 10 -58.774
v 20.95 10 -58.25
v 21 10 -58.428
v 21.78 10 -39.15
v 21.873 10 -38.926
v 21.814 10 -39.069
v 22.047 10 -38.497
v 21.952 10 -38.731
v 22.26 10 -37.96
v 22.151 10 -38.236
v 34.72 10 -23.77
v 34.843 10 -23.707
v 34.769 10 -23.746
v 35.041 10 -23.596
v 34.935 10 -23.656
v 35.27 10 -23.46
v 35.154 10 -23.529
v 42.37 10 -20.56
v 42.571 10 -20.516
v 42.461 10 -20.541
v 42.816 10 -20.457
v 42.691 10 -20.488
v 68.705 10 -26.068
v 68.835 10 -26.177
v 68.79 10 -26.14
v 69.022 10 -26.336
v 68.914 10 -26.245
v 69.297 10 -26.565
v 69.152 10 -26.445
v 75.63 10 -33.87
v 75.673 10 -33.96
v 75.641 10 -33.901
v 75.784 10 -34.146
v 75.721 10 -34.044
v 75.94 10 -34.39
v 75.858 10 -34.263
v 77.72 10 -38
v 77.888 10 -38.427
v 77.805 10 -38.218
v 78.029 10 -38.779
v 77.964 10 -38.618
v 79.15 10 -42.47
v 79.189 10 -42.646
v 79.167 10 -42.55
v 79.238 10 -42.861
v 79.213 10 -42.751
v 79.29 10 -43.07
v 79.264 10 -42.969
v 79.47 10 -43.87
v 79.68 10 -44.922
v 79.64 10 -44.72
v 79.83 10 -45.819
v 79.98 10 -46.77
v 79.898 10 -46.251
v 78.25 10 -60.8
v 78.196 10 -60.932
v 78.224 10 -60.864
v 78.141 10 -61.068
v 78.168 10 -61.001
v 78.1 10 -61.18
v 78.118 10 -61.129
v 78.042 10 -61.319
v 78.075 10 -61.238
v 77.904 10 -61.638
v 77.798 10 -61.858
v 77.85 10 -61.75
v 77.719 10 -62.05
v 77.754 10 -61.96
v 77.676 10 -62.175
v 77.692 10 -62.123
v 66.48 10 -75.43
v 66.389 10 -75.473
v 66.449 10 -75.441
v 66.201 10 -75.587
v 66.305 10 -75.522
v 65.95 10 -75.75
v 66.081 10 -75.664
v 64.247 10 -76.753
v 62.98 10 -77.43
v 63.68 10 -77.05
v 61.979 10 -78.113
v 62.426 10 -77.774
v 61.254 10 -78.908
v 61.601 10 -78.48
v 60.666 10 -79.826
v 60.9 10 -79.43
v 60.046 10 -80.975
v 60.365 10 -80.372
v 59.55 10 -81.977
v 59.759 10 -81.541
v 59.458 10 -82.226
v 59.47 10 -82.19
v 59.215 10 -82.777
v 58.912 10 -83.431
v 59.12 10 -82.98
v 58.631 10 -84.056
v 58.756 10 -83.774
v 58.393 10 -84.618
v 58.517 10 -84.322
v 57.879 10 -85.913
v 58.24 10 -84.99
v 57.749 10 -86.895
v 57.706 10 -86.532
v 58.602 10 -87.037
v 58.038 10 -87.048
v 59.705 10 -86.869
v 59.47 10 -86.91
v 60.164 10 -86.775
v 59.933 10 -86.824
v 60.66 10 -86.654
v 60.403 10 -86.719
v 61.032 10 -86.553
v 60.94 10 -86.58
v 61.452 10 -86.433
v 61.826 10 -86.323
v 61.54 10 -86.41
v 62.716 10 -86.024
v 62.24 10 -86.187
v 63.597 10 -85.708
v 63.19 10 -85.857
v 63.963 10 -85.555
v 63.87 10 -85.6
v 64.233 10 -85.435
v 64.36 10 -85.38
v 64.305 10 -85.404
v 65.98 10 -84.645
v 65.09 10 -85.062
v 67.93 10 -83.665
v 66.952 10 -84.166
v 69.59 10 -82.75
v 68.835 10 -83.18
v 71.005 10 -81.858
v 70.277 10 -82.33
v 72.435 10 -80.862
v 71.736 10 -81.36
v 73.59 10 -79.97
v 73.065 10 -80.39
v 76.038 10 -77.76
v 74.829 10 -78.895
v 78.306 10 -75.373
v 77.201 10 -76.581
v 80.28 10 -72.93
v 79.337 10 -74.151
v 80.617 10 -72.477
v 80.453 10 -72.698
v 80.984 10 -71.99
v 81.247 10 -71.634
v 81.04 10 -71.92
v 81.996 10 -70.495
v 81.583 10 -71.131
v 82.842 10 -69.156
v 82.433 10 -69.809
v 83.444 10 -68.133
v 83.17 10 -68.62
v 84.151 10 -66.775
v 83.782 10 -67.496
v 84.849 10 -65.351
v 84.518 10 -66.038
v 85.38 10 -64.125
v 85.11 10 -64.78
v 85.938 10 -62.537
v 85.661 10 -63.362
v 86.422 10 -60.89
v 86.196 10 -61.698
v 86.828 10 -59.061
v 86.6 10 -60.16
v 87.181 10 -56.986
v 87.018 10 -58.027
v 87.472 10 -54.594
v 87.329 10 -55.866
v 87.666 10 -52.205
v 87.62 10 -53.1
v 87.702 10 -49.368
v 87.693 10 -50.887
v 87.666 10 -46.603
v 87.693 10 -47.866
v 87.529 10 -45.034
v 87.62 10 -45.8
v 87.38 10 -43.9
v 87.451 10 -44.416
v 87.231 10 -42.993
v 87.309 10 -43.441
v 87.044 10 -42.033
v 87.14 10 -42.51
v 86.869 10 -41.254
v 86.959 10 -41.633
v 86.623 10 -40.325
v 86.761 10 -40.837
v 86.29 10 -39.176
v 86.44 10 -39.66
v 85.781 10 -37.665
v 86.057 10 -38.472
v 85.262 10 -36.207
v 85.503 10 -36.871
v 85.064 10 -35.707
v 85.1 10 -35.79
v 85.026 10 -35.62
v 84.954 10 -35.454
v 84.989 10 -35.534
v 84.9 10 -35.33
v 84.924 10 -35.384
v 84.155 10 -33.643
v 84.575 10 -34.565
v 83.245 10 -31.77
v 83.694 10 -32.675
v 82.6 10 -30.59
v 82.863 10 -31.038
v 82.446 10 -30.342
v 82.351 10 -30.149
v 82.44 10 -30.32
v 81.781 10 -29.238
v 82.116 10 -29.764
v 81.001 10 -28.053
v 81.394 10 -28.643
v 79.706 10 -26.277
v 80.65 10 -27.54
v 77.43 10 -23.646
v 78.617 10 -24.962
v 74.954 10 -21.219
v 76.193 10 -22.381
v 73.066 10 -19.673
v 73.76 10 -20.21
v 71.45 10 -18.505
v 72.276 10 -19.09
v 69.941 10 -17.497
v 70.651 10 -17.96
v 69.236 10 -17.081
v 69.38 10 -17.16
v 68.946 10 -16.914
v 68.7 10 -16.77
v 68.814 10 -16.836
v 68.238 10 -16.524
v 68.61 10 -16.72
v 66.644 10 -15.724
v 67.525 10 -16.164
v 65.06 10 -14.947
v 65.765 10 -15.29
v 64.645 10 -14.76
v 64.7 10 -14.78
v 64.491 10 -14.696
v 64.314 10 -14.623
v 64.403 10 -14.659
v 64.127 10 -14.55
v 64.23 10 -14.59
v 63.983 10 -14.493
v 63.617 10 -14.347
v 63.81 10 -14.424
v 63.21 10 -14.19
v 63.413 10 -14.268
v 62.389 10 -13.879
v 62.134 10 -13.779
v 62.32 10 -13.85
v 61.412 10 -13.534
v 61.813 10 -13.667
v 60.591 10 -13.272
v 60.987 10 -13.396
v 60.009 10 -13.107
v 60.28 10 -13.18
v 59.373 10 -12.952
v 59.702 10 -13.03
v 58.69 10 -12.805
v 59.031 10 -12.876
v 58.199 10 -12.713
v 58.36 10 -12.74
v 57.577 10 -12.593
v 56.705 10 -12.416
v 57.47 10 -12.57
v 55.283 10 -12.189
v 55.991 10 -12.29
v 53.707 10 -12.038
v 54.536 10 -12.106
v 51.635 10 -11.923
v 52.75 10 -11.98
v 49.338 10 -11.861
v 50.474 10 -11.884
v 45.074 10 -12.087
v 32.272 10 -16.289
v 13.143 10 -41.243
v 13.081 10 -41.547
v 14.82 10 -64.22
v 15.292 10 -65.427
v 35.298 10 -85.317
v 38.518 10 -86.521
v 38.713 10 -86.586
v 79.317 10 -43.178
v 78.001 10 -61.416
v 77.67 10 -62.2
v 65.658 10 -75.943
v 61.351 10 -86.461
v 64.057 10 -85.512
v 80.89 10 -72.113
v 82.557 10 -30.53
v 82.461 10 -30.377
v 69.089 10 -16.997
v 64.574 10 -14.731
v 62.502 10 -13.925
v 57.712 10 -12.621
v 44.873 10 -12.118
v 32.371 10 -16.231
v 32.318 10 -16.264
v 13.111 10 -41.399
v 14.84 10 -64.266
v 14.888 10 -64.396
v 15.26 10 -65.342
v 21.165 10 -59.05
v 42.938 10 -20.427
v 75.526 10 -33.678
v 78.079 10 -38.903
v 77.955 10 -61.524
v 66.59 10 -75.372
v 64.697 10 -76.511
v 59.3 10 -82.593
v 61.244 10 -86.491
v 64.149 10 -85.471
v 80.765 10 -72.279
v 14.859 10 -64.311
v 38.617 10 -86.554
v 36.749 10 -77.405
v 34.374 10 -23.965
v 43.05 10 -20.4
v 69.45 10 -26.69
v 78.11 10 -38.98
v 79.034 10 -41.977
v 65.063 10 -76.306
v 61.136 10 -86.523
v 82.519 10 -30.473
v 82.486 10 -30.421
v 62.649 10 -13.982
v 58.031 10 -12.683
v 57.866 10 -12.651
v 14.875 10 -64.355
v 15.218 10 -65.239
v 76.191 10 -34.816
v 79.348 10 -43.306
v 65.373 10 -76.123
v 59.37 10 -82.435
v 63.011 10 -14.119
v 62.821 10 -14.049
v 36.202 10 -77.123
v 77.624 10 -62.322
v 59.424 10 -82.31
v 35.678 10 -76.848
v 66.829 10 -75.216
v 35.185 10 -76.584
v 67.162 10 -74.984
v 34.733 10 -76.337
v 67.558 10 -74.701
v 34.33 10 -76.11
v 67.981 10 -74.392
v 68.4 10 -74.08
v 33.916 10 -75.857
v 69.632 10 -73.096
v 33.383 10 -75.506
v 32.786 10 -75.096
v 70.759 10 -72.078
v 32.184 10 -74.667
v 71.831 10 -70.973
v 31.633 10 -74.258
v 72.898 10 -69.725
v 31.19 10 -73.91
v 74.008 10 -68.282
v 30.931 10 -73.685
v 75.21 10 -66.59
v 30.59 10 -73.375
v 75.433 10 -66.251
v 30.189 10 -73
v 75.689 10 -65.844
v 29.75 10 -72.582
v 75.961 10 -65.401
v 29.296 10 -72.141
v 76.231 10 -64.952
v 28.85 10 -71.7
v 76.48 10 -64.528
v 27.337 10 -70.103
v 76.69 10 -64.16
v 26.007 10 -68.526
v 76.895 10 -63.78
v 24.844 10 -66.944
v 77.113 10 -63.361
v 23.829 10 -65.33
v 77.323 10 -62.947
v 22.947 10 -63.661
v 77.5 10 -62.586
v 22.18 10 -61.91
v 22.091 10 -61.692
v 22.005 10 -61.483
v 21.927 10 -61.292
v 78.334 10 -60.581
v 21.861 10 -61.131
v 78.455 10 -60.236
v 21.811 10 -61.007
v 78.596 10 -59.815
v 21.78 10 -60.93
v 78.742 10 -59.367
v 21.711 10 -60.74
v 78.875 10 -58.943
v 21.605 10 -60.435
v 78.98 10 -58.59
v 21.481 10 -60.069
v 79.17 10 -57.912
v 21.359 10 -59.695
v 79.319 10 -57.36
v 21.255 10 -59.368
v 79.441 10 -56.881
v 21.19 10 -59.14
v 79.551 10 -56.42
v 79.663 10 -55.921
v 79.79 10 -55.33
v 20.568 10 -56.658
v 80.053 10 -53.929
v 20.255 10 -54.992
v 80.221 10 -52.551
v 20.019 10 -53.31
v 80.298 10 -51.17
v 19.865 10 -51.671
v 80.282 10 -49.763
v 19.8 10 -50.135
v 80.176 10 -48.304
v 19.83 10 -48.76
v 19.878 10 -48.042
v 19.926 10 -47.429
v 79.772 10 -45.46
v 19.979 10 -46.876
v 79.724 10 -45.165
v 20.04 10 -46.341
v 20.116 10 -45.781
v 20.21 10 -45.15
v 20.299 10 -44.644
v 79.443 10 -43.737
v 20.427 10 -44.009
v 79.412 10 -43.594
v 20.58 10 -43.307
v 79.38 10 -43.447
v 20.743 10 -42.605
v 20.901 10 -41.964
v 78.863 10 -41.341
v 21.04 10 -41.45
v 78.66 10 -40.643
v 21.161 10 -41.05
v 78.451 10 -39.963
v 21.305 10 -40.591
v 78.259 10 -39.382
v 21.455 10 -40.124
v 21.595 10 -39.695
v 21.709 10 -39.354
v 77.482 10 -37.441
v 77.179 10 -36.777
v 76.841 10 -36.075
v 22.488 10 -37.425
v 76.501 10 -35.399
v 22.778 10 -36.792
v 23.104 10 -36.111
v 23.442 10 -35.431
v 75.249 10 -33.262
v 23.769 10 -34.801
v 74.855 10 -32.7
v 24.06 10 -34.27
v 74.397 10 -32.068
v 24.917 10 -32.913
v 73.931 10 -31.442
v 25.94 10 -31.522
v 73.51 10 -30.9
v 27.104 10 -30.125
v 72.976 10 -30.267
v 28.384 10 -28.751
v 72.284 10 -29.502
v 29.754 10 -27.43
v 71.51 10 -28.683
v 31.19 10 -26.19
v 70.729 10 -27.888
v 31.695 10 -25.804
v 70.017 10 -27.198
v 32.363 10 -25.32
v 33.097 10 -24.808
v 33.8 10 -24.333
v 68.532 10 -25.934
v 68.275 10 -25.74
v 67.938 10 -25.49
v 35.73 10 -23.201
v 67.525 10 -25.185
v 36.313 10 -22.898
v 67.04 10 -24.83
v 36.975 10 -22.573
v 65.846 10 -24.025
v 37.674 10 -22.245
v 64.462 10 -23.222
v 38.366 10 -21.937
v 62.959 10 -22.456
v 39.01 10 -21.67
v 61.408 10 -21.761
v 39.505 10 -21.484
v 40.114 10 -21.269
v 59.881 10 -21.171
v 40.772 10 -21.048
v 58.45 10 -20.72
v 41.412 10 -20.841
v 57.522 10 -20.481
v 56.632 10 -20.272
v 41.967 10 -20.671
v 55.771 10 -20.094
v 54.931 10 -19.944
v 54.104 10 -19.823
v 43.686 10 -20.256
v 53.28 10 -19.73
v 44.386 10 -20.117
v 52.645 10 -19.707
v 45.121 10 -19.988
v 51.561 10 -19.689
v 45.864 10 -19.873
v 50.255 10 -19.679
v 46.586 10 -19.779
v 48.952 10 -19.677
v 47.26 10 -19.71
v 47.878 10 -19.687
f 2203 2204 2205
f 2206 2203 2207
f 2208 2206 2209
f 2210 2208 2211
f 2212 2213 2214
f 2215 2212 2216
f 2217 2215 2218
f 2219 2217 2220
f 2221 2222 2223
f 2224 2221 2225
f 2226 2227 2228
f 2229 2226 2230
f 2231 2229 2232
f 2233 2231 2234
f 2235 2233 2236
f 2237 2235 2238
f 2239 2237 2240
f 2241 2242 2243
f 2244 2241 2245
f 2246 2244 2247
f 2248 2246 2249
f 2250 2248 2251
f 2252 2250 2253
f 2254 2252 2255
f 2256 2254 2257
f 2258 2256 2259
f 2260 2258 2261
f 2262 2260 2263
f 2264 2262 2265
f 2266 2264 2267
f 2268 2266 2269
f 2270 2268 2271
f 2272 2270 2273
f 2274 2272 2275
f 2276 2274 2277
f 2278 2276 2279
f 2280 2278 2281
f 2282 2280 2283
f 2284 2282 2285
f 2286 2287 2288
f 2289 2286 2290
f 2291 2289 2292
f 2293 2291 2294
f 2295 2293 2296
f 2297 2295 2298
f 2299 2297 2300
f 2301 2299 2302
f 2303 2301 2304
f 2305 2306 2307
f 2308 2305 2309
f 2310 2308 2311
f 2312 2310 2313
f 2314 2312 2315
f 2316 2314 2317
f 2318 2316 2319
f 2320 2318 2321
f 2322 2323 2324
f 2325 2322 2326
f 2327 2325 2328
f 2329 2330 2331
f 2332 2329 2333
f 2334 2332 2335
f 2336 2334 2337
f 2338 2339 2340
f 2341 2338 2342
f 2343 2341 2344
f 2345 2343 2346
f 2347 2345 2348
f 2349 2347 2350
f 2351 2349 2352
f 2353 2351 2354
f 2355 2353 2356
f 2357 2355 2358
f 2359 2357 2360
f 2361 2359 2362
f 2363 2364 2365
f 2366 2363 2367
f 2368 2366 2369
f 2370 2371 2372
f 2373 2370 2374
f 2375 2373 2376
f 2377 2375 2378
f 2379 2377 2380
f 2381 2382 2383
f 2384 2381 2385
f 2386 2384 2387
f 2388 2386 2389
f 2390 2388 2391
f 2392 2390 2393
f 2394 2392 2395
f 2396 2394 2397
f 2398 2396 2399
f 2400 2398 2401
f 2402 2400 2403
f 2404 2402 2405
f 2406 2404 2407
f 2408 2406 2409
f 2410 2408 2411
f 2412 2413 2414
f 2415 2412 2416
f 2417 2418 2419
f 2420 2417 2421
f 2422 2420 2423
f 2424 2425 2426
f 2427 2424 2428
f 2429 2427 2430
f 2431 2432 2433
f 2434 2431 2435
f 2436 2437 2438
f 2439 2436 2440
f 2441 2439 2442
f 2443 2444 2445
f 2446 2443 2447
f 2448 2446 2449
f 2450 2451 2452
f 2453 2450 2454
f 2455 2456 2457
f 2458 2455 2459
f 2460 2458 2461
f 2462 2463 2464
f 2465 2466 2467
f 2468 2469 2470
f 2471 2468 2472
f 2473 2471 2474
f 2475 2473 2476
f 2477 2478 2479
f 2480 2477 2481
f 2482 2480 2483
f 2484 2485 2486
f 2487 2484 2488
f 2489 2487 2490
f 2491 2492 2493
f 2494 2491 2495
f 2496 2494 2497
f 2498 2496 2499
f 2500 2498 2501
f 2502 2500 2503
f 2504 2502 2505
f 2506 2507 2508
f 2509 2506 2510
f 2511 2509 2512
f 2513 2511 2514
f 2515 2513 2516
f 2517 2515 2518
f 2519 2517 2520
f 2521 2519 2522
f 2523 2521 2524
f 2525 2523 2526
f 2527 2528 2529
f 2530 2527 2531
f 2532 2530 2533
f 2534 2532 2535
f 2536 2537 2538
f 2539 2536 2540
f 2541 2539 2542
f 2543 2541 2544
f 2545 2543 2546
f 2547 2545 2548
f 2549 2547 2550
f 2551 2549 2552
f 2553 2551 2554
f 2555 2553 2556
f 2557 2555 2558
f 2559 2560 2561
f 2562 2559 2563
f 2564 2562 2565
f 2566 2564 2567
f 2568 2566 2569
f 2570 2568 2571
f 2572 2570 2573
f 2574 2572 2575
f 2576 2574 2577
f 2578 2576 2579
f 2580 2578 2581
f 2582 2580 2583
f 2584 2582 2585
f 2586 2584 2587
f 2588 2586 2589
f 2590 2588 2591
f 2592 2590 2593
f 2594 2592 2595
f 2596 2594 2597
f 2598 2596 2599
f 2600 2598 2601
f 2602 2600 2603
f 2604 2602 2605
f 2606 2604 2607
f 2608 2606 2609
f 2610 2611 2612
f 2613 2610 2614
f 2615 2613 2616
f 2617 2615 2618
f 2619 2617 2620
f 2621 2622 2623
f 2624 2621 2625
f 2626 2624 2627
f 2628 2626 2629
f 2630 2628 2631
f 2632 2630 2633
f 2634 2632 2635
f 2636 2634 2637
f 2638 2636 2639
f 2640 2638 2641
f 2642 2643 2644
f 2645 2642 2646
f 2647 2645 2648
f 2649 2647 2650
f 2651 2649 2652
f 2653 2654 2655
f 2656 2653 2657
f 2658 2659 2660
f 2661 2658 2662
f 2663 2664 2665
f 2666 2663 2667
f 2668 2666 2669
f 2670 2668 2671
f 2672 2670 2673
f 2674 2672 2675
f 2676 2674 2677
f 2678 2679 2680
f 2681 2678 2682
f 2683 2681 2684
f 2685 2683 2686
f 2687 2685 2688
f 2203 2687 2204
f 2208 2203 2206
f 2689 2208 2210
f 2215 2213 2212
f 2219 2215 2217
f 2224 2222 2221
f 2226 2224 2227
f 2231 2226 2229
f 2235 2231 2233
f 2239 2235 2237
f 2241 2690 2242
f 2246 2241 2244
f 2250 2246 2248
f 2254 2250 2252
f 2258 2254 2256
f 2262 2258 2260
f 2266 2262 2264
f 2270 2266 2268
f 2274 2270 2272
f 2278 2274 2276
f 2282 2278 2280
f 2691 2282 2284
f 2286 2692 2287
f 2291 2286 2289
f 2295 2291 2293
f 2299 2295 2297
f 2303 2299 2301
f 2305 2303 2306
f 2310 2305 2308
f 2314 2310 2312
f 2318 2314 2316
f 2325 2323 2322
f 2693 2325 2327
f 2332 2330 2329
f 2336 2332 2334
f 2338 2694 2339
f 2343 2338 2341
f 2347 2343 2345
f 2351 2347 2349
f 2355 2351 2353
f 2359 2355 2357
f 2364 2359 2361
f 2366 2364 2363
f 2695 2366 2368
f 2373 2371 2370
f 2377 2373 2375
f 2696 2377 2379
f 2381 2697 2382
f 2386 2381 2384
f 2390 2386 2388
f 2394 2390 2392
f 2398 2394 2396
f 2402 2398 2400
f 2406 2402 2404
f 2410 2406 2408
f 2415 2413 2412
f 2420 2418 2417
f 2427 2425 2424
f 2434 2432 2431
f 2441 2436 2439
f 2446 2444 2443
f 2453 2451 2450
f 2458 2456 2455
f 2698 2458 2460
f 2471 2469 2468
f 2699 2473 2475
f 2480 2478 2477
f 2700 2480 2482
f 2487 2485 2484
f 2701 2487 2489
f 2494 2492 2491
f 2498 2494 2496
f 2502 2498 2500
f 2509 2507 2506
f 2513 2509 2511
f 2517 2513 2515
f 2521 2517 2519
f 2525 2521 2523
f 2527 2702 2528
f 2532 2527 2530
f 2703 2532 2534
f 2539 2537 2536
f 2543 2539 2541
f 2547 2543 2545
f 2551 2547 2549
f 2555 2551 2553
f 2559 2704 2560
f 2564 2559 2562
f 2568 2564 2566
f 2572 2568 2570
f 2576 2572 2574
f 2580 2576 2578
f 2584 2580 2582
f 2588 2584 2586
f 2592 2588 2590
f 2596 2592 2594
f 2600 2596 2598
f 2604 2600 2602
f 2608 2604 2606
f 2613 2611 2610
f 2617 2613 2615
f 2705 2617 2619
f 2621 2706 2622
f 2626 2621 2624
f 2630 2626 2628
f 2634 2630 2632
f 2638 2634 2636
f 2707 2638 2640
f 2645 2643 2642
f 2649 2645 2647
f 2708 2649 2651
f 2653 2708 2654
f 2661 2659 2658
f 2663 2709 2664
f 2668 2663 2666
f 2672 2668 2670
f 2676 2672 2674
f 2678 2710 2679
f 2683 2678 2681
f 2687 2683 2685
f 2208 2687 2203
f 2711 2208 2689
f 2215 2711 2213
f 2222 2215 2219
f 2226 2222 2224
f 2235 2226 2231
f 2712 2235 2239
f 2241 2713 2690
f 2250 2241 2246
f 2258 2250 2254
f 2266 2258 2262
f 2274 2266 2270
f 2282 2274 2278
f 2714 2282 2691
f 2286 2714 2692
f 2295 2286 2291
f 2303 2295 2299
f 2310 2303 2305
f 2318 2310 2314
f 2325 2320 2323
f 2715 2325 2693
f 2332 2716 2330
f 2338 2717 2694
f 2347 2338 2343
f 2355 2347 2351
f 2364 2355 2359
f 2695 2364 2366
f 2373 2695 2371
f 2696 2373 2377
f 2386 2697 2381
f 2394 2386 2390
f 2402 2394 2398
f 2410 2402 2406
f 2415 2718 2413
f 2422 2418 2420
f 2429 2425 2427
f 2719 2432 2434
f 2441 2437 2436
f 2446 2720 2444
f 2721 2451 2453
f 2698 2456 2458
f 2473 2469 2471
f 2480 2722 2478
f 2487 2723 2485
f 2494 2724 2492
f 2502 2494 2498
f 2509 2725 2507
f 2517 2509 2513
f 2525 2517 2521
f 2527 2726 2702
f 2703 2527 2532
f 2539 2727 2537
f 2547 2539 2543
f 2555 2547 2551
f 2559 2728 2704
f 2568 2559 2564
f 2576 2568 2572
f 2584 2576 2580
f 2592 2584 2588
f 2600 2592 2596
f 2608 2600 2604
f 2613 2608 2611
f 2705 2613 2617
f 2626 2706 2621
f 2634 2626 2630
f 2707 2634 2638
f 2645 2707 2643
f 2708 2645 2649
f 2656 2708 2653
f 2661 2656 2659
f 2668 2709 2663
f 2676 2668 2672
f 2683 2710 2678
f 2208 2683 2687
f 2215 2208 2711
f 2226 2215 2222
f 2712 2226 2235
f 2250 2713 2241
f 2266 2250 2258
f 2282 2266 2274
f 2286 2282 2714
f 2303 2286 2295
f 2318 2303 2310
f 2325 2318 2320
f 2729 2325 2715
f 2336 2716 2332
f 2347 2717 2338
f 2364 2347 2355
f 2373 2364 2695
f 2730 2373 2696
f 2386 2730 2697
f 2402 2386 2394
f 2731 2402 2410
f 2429 2732 2425
f 2733 2432 2719
f 2734 2437 2441
f 2448 2720 2446
f 2735 2451 2721
f 2698 2736 2456
f 2700 2722 2480
f 2701 2723 2487
f 2494 2737 2724
f 2504 2494 2502
f 2517 2725 2509
f 2738 2517 2525
f 2703 2726 2527
f 2539 2703 2727
f 2555 2539 2547
f 2568 2728 2559
f 2584 2568 2576
f 2600 2584 2592
f 2613 2600 2608
f 2739 2613 2705
f 2626 2740 2706
f 2707 2626 2634
f 2708 2707 2645
f 2661 2708 2656
f 2668 2741 2709
f 2742 2668 2676
f 2683 2743 2710
f 2215 2683 2208
f 2712 2215 2226
f 2250 2712 2713
f 2282 2250 2266
f 2303 2282 2286
f 2325 2303 2318
f 2336 2744 2716
f 2347 2745 2717
f 2373 2347 2364
f 2386 2373 2730
f 2731 2386 2402
f 2746 2720 2448
f 2747 2736 2698
f 2700 2699 2722
f 2748 2723 2701
f 2504 2737 2494
f 2517 2749 2725
f 2726 2517 2738
f 2539 2726 2703
f 2557 2539 2555
f 2568 2557 2728
f 2600 2568 2584
f 2739 2600 2613
f 2626 2739 2740
f 2708 2626 2707
f 2750 2708 2661
f 2668 2751 2741
f 2743 2668 2742
f 2215 2743 2683
f 2250 2215 2712
f 2303 2250 2282
f 2729 2303 2325
f 2336 2729 2744
f 2347 2336 2745
f 2386 2347 2373
f 2752 2386 2731
f 2753 2699 2700
f 2504 2748 2737
f 2517 2754 2749
f 2539 2517 2726
f 2568 2539 2557
f 2739 2568 2600
f 2708 2739 2626
f 2751 2708 2750
f 2743 2751 2668
f 2250 2743 2215
f 2729 2250 2303
f 2347 2729 2336
f 2752 2347 2386
f 2753 2473 2699
f 2504 2723 2748
f 2517 2504 2754
f 2568 2517 2539
f 2751 2739 2708
f 2250 2751 2743
f 2755 2347 2752
f 2504 2756 2723
f 2568 2504 2517
f 2757 2347 2755
f 2504 2758 2756
f 2759 2347 2757
f 2504 2760 2758
f 2761 2347 2759
f 2504 2762 2760
f 2761 2729 2347
f 2504 2763 2762
f 2764 2729 2761
f 2504 2765 2763
f 2766 2729 2764
f 2568 2765 2504
f 2767 2729 2766
f 2568 2768 2765
f 2769 2729 2767
f 2568 2770 2768
f 2771 2729 2769
f 2568 2772 2770
f 2773 2729 2771
f 2568 2774 2772
f 2775 2729 2773
f 2568 2776 2774
f 2777 2729 2775
f 2568 2778 2776
f 2779 2729 2777
f 2568 2780 2778
f 2781 2729 2779
f 2568 2782 2780
f 2783 2729 2781
f 2568 2784 2782
f 2785 2729 2783
f 2568 2786 2784
f 2787 2729 2785
f 2568 2788 2786
f 2789 2729 2787
f 2568 2790 2788
f 2791 2729 2789
f 2568 2792 2790
f 2793 2729 2791
f 2568 2794 2792
f 2795 2729 2793
f 2568 2796 2794
f 2797 2729 2795
f 2568 2753 2796
f 2798 2729 2797
f 2568 2473 2753
f 2799 2729 2798
f 2568 2469 2473
f 2800 2729 2799
f 2568 2801 2469
f 2802 2729 2800
f 2568 2803 2801
f 2804 2729 2802
f 2568 2805 2803
f 2806 2729 2804
f 2568 2807 2805
f 2808 2729 2806
f 2568 2809 2807
f 2810 2729 2808
f 2568 2811 2809
f 2812 2729 2810
f 2568 2813 2811
f 2814 2729 2812
f 2568 2815 2813
f 2816 2729 2814
f 2568 2817 2815
f 2818 2729 2816
f 2568 2819 2817
f 2718 2729 2818
f 2568 2820 2819
f 2415 2729 2718
f 2568 2821 2820
f 2822 2729 2415
f 2568 2823 2821
f 2824 2729 2822
f 2568 2825 2823
f 2826 2729 2824
f 2568 2827 2825
f 2828 2729 2826
f 2568 2829 2827
f 2830 2729 2828
f 2568 2831 2829
f 2832 2729 2830
f 2568 2465 2831
f 2833 2729 2832
f 2568 2466 2465
f 2834 2729 2833
f 2568 2835 2466
f 2836 2729 2834
f 2568 2837 2835
f 2838 2729 2836
f 2568 2462 2837
f 2839 2729 2838
f 2568 2463 2462
f 2840 2729 2839
f 2739 2463 2568
f 2841 2729 2840
f 2739 2842 2463
f 2843 2729 2841
f 2739 2844 2842
f 2845 2729 2843
f 2739 2846 2844
f 2847 2729 2845
f 2739 2747 2846
f 2848 2729 2847
f 2739 2736 2747
f 2848 2250 2729
f 2739 2849 2736
f 2850 2250 2848
f 2739 2851 2849
f 2852 2250 2850
f 2739 2853 2851
f 2854 2250 2852
f 2739 2855 2853
f 2856 2250 2854
f 2739 2735 2855
f 2857 2250 2856
f 2739 2451 2735
f 2858 2250 2857
f 2739 2859 2451
f 2418 2250 2858
f 2739 2860 2859
f 2422 2250 2418
f 2739 2861 2860
f 2862 2250 2422
f 2739 2863 2861
f 2864 2250 2862
f 2739 2746 2863
f 2865 2250 2864
f 2739 2720 2746
f 2866 2250 2865
f 2739 2867 2720
f 2868 2250 2866
f 2739 2869 2867
f 2870 2250 2868
f 2739 2871 2869
f 2872 2250 2870
f 2739 2873 2871
f 2874 2250 2872
f 2739 2875 2873
f 2876 2250 2874
f 2739 2877 2875
f 2878 2250 2876
f 2739 2879 2877
f 2880 2250 2878
f 2739 2881 2879
f 2882 2250 2880
f 2739 2883 2881
f 2884 2250 2882
f 2739 2885 2883
f 2886 2250 2884
f 2739 2734 2885
f 2887 2250 2886
f 2739 2437 2734
f 2888 2250 2887
f 2739 2889 2437
f 2732 2250 2888
f 2739 2890 2889
f 2429 2250 2732
f 2739 2891 2890
f 2892 2250 2429
f 2739 2893 2891
f 2894 2250 2892
f 2739 2895 2893
f 2896 2250 2894
f 2739 2897 2895
f 2898 2250 2896
f 2739 2899 2897
f 2900 2250 2898
f 2739 2901 2899
f 2902 2250 2900
f 2739 2903 2901
f 2904 2250 2902
f 2751 2903 2739
f 2905 2250 2904
f 2751 2906 2903
f 2907 2250 2905
f 2751 2908 2906
f 2909 2250 2907
f 2751 2910 2908
f 2909 2751 2250
f 2751 2911 2910
f 2912 2751 2909
f 2751 2913 2911
f 2432 2751 2912
f 2751 2914 2913
f 2733 2751 2432
f 2751 2915 2914
f 2916 2751 2733
f 2751 2917 2915
f 2918 2751 2916
f 2751 2919 2917
f 2920 2751 2918
f 2751 2921 2919
f 2922 2751 2920
f 2751 2923 2921
f 2924 2751 2922
f 2751 2925 2923
f 2926 2751 2924
f 2751 2927 2925
f 2927 2751 2926
f 2928 2929 2930
f 2929 2931 2932
f 2931 2933 2934
f 2933 2935 2936
f 2937 2938 2939
f 2938 2940 2941
f 2940 2942 2943
f 2942 2944 2945
f 2946 2947 2948
f 2947 2949 2950
f 2951 2952 2953
f 2952 2954 2955
f 2954 2956 2957
f 2956 2958 2959
f 2958 2960 2961
f 2960 2962 2963
f 2962 2964 2965
f 2966 2967 2968
f 2967 2969 2970
f 2969 2971 2972
f 2971 2973 2974
f 2973 2975 2976
f 2975 2977 2978
f 2977 2979 2980
f 2979 2981 2982
f 2981 2983 2984
f 2983 2985 2986
f 2985 2987 2988
f 2987 2989 2990
f 2989 2991 2992
f 2991 2993 2994
f 2993 2995 2996
f 2995 2997 2998
f 2997 2999 3000
f 2999 3001 3002
f 3001 3003 3004
f 3003 3005 3006
f 3005 3007 3008
f 3007 3009 3010
f 3011 3012 3013
f 3012 3014 3015
f 3014 3016 3017
f 3016 3018 3019
f 3018 3020 3021
f 3020 3022 3023
f 3022 3024 3025
f 3024 3026 3027
f 3026 3028 3029
f 3030 3031 3032
f 3031 3033 3034
f 3033 3035 3036
f 3035 3037 3038
f 3037 3039 3040
f 3039 3041 3042
f 3041 3043 3044
f 3043 3045 3046
f 3047 3048 3049
f 3048 3050 3051
f 3050 3052 3053
f 3054 3055 3056
f 3055 3057 3058
f 3057 3059 3060
f 3059 3061 3062
f 3063 3064 3065
f 3064 3066 3067
f 3066 3068 3069
f 3068 3070 3071
f 3070 3072 3073
f 3072 3074 3075
f 3074 3076 3077
f 3076 3078 3079
f 3078 3080 3081
f 3080 3082 3083
f 3082 3084 3085
f 3084 3086 3087
f 3088 3089 3090
f 3089 3091 3092
f 3091 3093 3094
f 3095 3096 3097
f 3096 3098 3099
f 3098 3100 3101
f 3100 3102 3103
f 3102 3104 3105
f 3106 3107 3108
f 3107 3109 3110
f 3109 3111 3112
f 3111 3113 3114
f 3113 3115 3116
f 3115 3117 3118
f 3117 3119 3120
f 3119 3121 3122
f 3121 3123 3124
f 3123 3125 3126
f 3125 3127 3128
f 3127 3129 3130
f 3129 3131 3132
f 3131 3133 3134
f 3133 3135 3136
f 3137 3138 3139
f 3138 3140 3141
f 3142 3143 3144
f 3143 3145 3146
f 3145 3147 3148
f 3149 3150 3151
f 3150 3152 3153
f 3152 3154 3155
f 3156 3157 3158
f 3157 3159 3160
f 3161 3162 3163
f 3162 3164 3165
f 3164 3166 3167
f 3168 3169 3170
f 3169 3171 3172
f 3171 3173 3174
f 3175 3176 3177
f 3176 3178 3179
f 3180 3181 3182
f 3181 3183 3184
f 3183 3185 3186
f 3187 3188 3189
f 3190 3191 3192
f 3193 3194 3195
f 3194 3196 3197
f 3196 3198 3199
f 3198 3200 3201
f 3202 3203 3204
f 3203 3205 3206
f 3205 3207 3208
f 3209 3210 3211
f 3210 3212 3213
f 3212 3214 3215
f 3216 3217 3218
f 3217 3219 3220
f 3219 3221 3222
f 3221 3223 3224
f 3223 3225 3226
f 3225 3227 3228
f 3227 3229 3230
f 3231 3232 3233
f 3232 3234 3235
f 3234 3236 3237
f 3236 3238 3239
f 3238 3240 3241
f 3240 3242 3243
f 3242 3244 3245
f 3244 3246 3247
f 3246 3248 3249
f 3248 3250 3251
f 3252 3253 3254
f 3253 3255 3256
f 3255 3257 3258
f 3257 3259 3260
f 3261 3262 3263
f 3262 3264 3265
f 3264 3266 3267
f 3266 3268 3269
f 3268 3270 3271
f 3270 3272 3273
f 3272 3274 3275
f 3274 3276 3277
f 3276 3278 3279
f 3278 3280 3281
f 3280 3282 3283
f 3284 3285 3286
f 3285 3287 3288
f 3287 3289 3290
f 3289 3291 3292
f 3291 3293 3294
f 3293 3295 3296
f 3295 3297 3298
f 3297 3299 3300
f 3299 3301 3302
f 3301 3303 3304
f 3303 3305 3306
f 3305 3307 3308
f 3307 3309 3310
f 3309 3311 3312
f 3311 3313 3314
f 3313 3315 3316
f 3315 3317 3318
f 3317 3319 3320
f 3319 3321 3322
f 3321 3323 3324
f 3323 3325 3326
f 3325 3327 3328
f 3327 3329 3330
f 3329 3331 3332
f 3331 3333 3334
f 3335 3336 3337
f 3336 3338 3339
f 3338 3340 3341
f 3340 3342 3343
f 3342 3344 3345
f 3346 3347 3348
f 3347 3349 3350
f 3349 3351 3352
f 3351 3353 3354
f 3353 3355 3356
f 3355 3357 3358
f 3357 3359 3360
f 3359 3361 3362
f 3361 3363 3364
f 3363 3365 3366
f 3367 3368 3369
f 3368 3370 3371
f 3370 3372 3373
f 3372 3374 3375
f 3374 3376 3377
f 3378 3379 3380
f 3379 3381 3382
f 3383 3384 3385
f 3384 3386 3387
f 3388 3389 3390
f 3389 3391 3392
f 3391 3393 3394
f 3393 3395 3396
f 3395 3397 3398
f 3397 3399 3400
f 3399 3401 3402
f 3403 3404 3405
f 3404 3406 3407
f 3406 3408 3409
f 3408 3410 3411
f 3410 3412 3413
f 3412 2929 2928
f 2929 2933 2931
f 2933 3414 2935
f 2937 2940 2938
f 2940 2944 2942
f 2946 2949 2947
f 2949 2952 2951
f 2952 2956 2954
f 2956 2960 2958
f 2960 2964 2962
f 3415 2967 2966
f 2967 2971 2969
f 2971 2975 2973
f 2975 2979 2977
f 2979 2983 2981
f 2983 2987 2985
f 2987 2991 2989
f 2991 2995 2993
f 2995 2999 2997
f 2999 3003 3001
f 3003 3007 3005
f 3007 3416 3009
f 3417 3012 3011
f 3012 3016 3014
f 3016 3020 3018
f 3020 3024 3022
f 3024 3028 3026
f 3028 3031 3030
f 3031 3035 3033
f 3035 3039 3037
f 3039 3043 3041
f 3047 3050 3048
f 3050 3418 3052
f 3054 3057 3055
f 3057 3061 3059
f 3419 3064 3063
f 3064 3068 3066
f 3068 3072 3070
f 3072 3076 3074
f 3076 3080 3078
f 3080 3084 3082
f 3084 3088 3086
f 3088 3091 3089
f 3091 3420 3093
f 3095 3098 3096
f 3098 3102 3100
f 3102 3421 3104
f 3422 3107 3106
f 3107 3111 3109
f 3111 3115 3113
f 3115 3119 3117
f 3119 3123 3121
f 3123 3127 3125
f 3127 3131 3129
f 3131 3135 3133
f 3137 3140 3138
f 3142 3145 3143
f 3149 3152 3150
f 3156 3159 3157
f 3162 3166 3164
f 3168 3171 3169
f 3175 3178 3176
f 3180 3183 3181
f 3183 3423 3185
f 3193 3196 3194
f 3198 3424 3200
f 3202 3205 3203
f 3205 3425 3207
f 3209 3212 3210
f 3212 3426 3214
f 3216 3219 3217
f 3219 3223 3221
f 3223 3227 3225
f 3231 3234 3232
f 3234 3238 3236
f 3238 3242 3240
f 3242 3246 3244
f 3246 3250 3248
f 3427 3253 3252
f 3253 3257 3255
f 3257 3428 3259
f 3261 3264 3262
f 3264 3268 3266
f 3268 3272 3270
f 3272 3276 3274
f 3276 3280 3278
f 3429 3285 3284
f 3285 3289 3287
f 3289 3293 3291
f 3293 3297 3295
f 3297 3301 3299
f 3301 3305 3303
f 3305 3309 3307
f 3309 3313 3311
f 3313 3317 3315
f 3317 3321 3319
f 3321 3325 3323
f 3325 3329 3327
f 3329 3333 3331
f 3335 3338 3336
f 3338 3342 3340
f 3342 3430 3344
f 3431 3347 3346
f 3347 3351 3349
f 3351 3355 3353
f 3355 3359 3357
f 3359 3363 3361
f 3363 3432 3365
f 3367 3370 3368
f 3370 3374 3372
f 3374 3433 3376
f 3433 3379 3378
f 3383 3386 3384
f 3434 3389 3388
f 3389 3393 3391
f 3393 3397 3395
f 3397 3401 3399
f 3435 3404 3403
f 3404 3408 3406
f 3408 3412 3410
f 3412 2933 2929
f 2933 3436 3414
f 3436 2940 2937
f 2940 2946 2944
f 2946 2952 2949
f 2952 2960 2956
f 2960 3437 2964
f 3438 2967 3415
f 2967 2975 2971
f 2975 2983 2979
f 2983 2991 2987
f 2991 2999 2995
f 2999 3007 3003
f 3007 3439 3416
f 3439 3012 3417
f 3012 3020 3016
f 3020 3028 3024
f 3028 3035 3031
f 3035 3043 3039
f 3045 3050 3047
f 3050 3440 3418
f 3441 3057 3054
f 3442 3064 3419
f 3064 3072 3068
f 3072 3080 3076
f 3080 3088 3084
f 3088 3420 3091
f 3420 3098 3095
f 3098 3421 3102
f 3422 3111 3107
f 3111 3119 3115
f 3119 3127 3123
f 3127 3135 3131
f 3443 3140 3137
f 3142 3147 3145
f 3149 3154 3152
f 3156 3444 3159
f 3161 3166 3162
f 3445 3171 3168
f 3175 3446 3178
f 3180 3423 3183
f 3193 3198 3196
f 3447 3205 3202
f 3448 3212 3209
f 3449 3219 3216
f 3219 3227 3223
f 3450 3234 3231
f 3234 3242 3238
f 3242 3250 3246
f 3451 3253 3427
f 3253 3428 3257
f 3452 3264 3261
f 3264 3272 3268
f 3272 3280 3276
f 3453 3285 3429
f 3285 3293 3289
f 3293 3301 3297
f 3301 3309 3305
f 3309 3317 3313
f 3317 3325 3321
f 3325 3333 3329
f 3333 3338 3335
f 3338 3430 3342
f 3431 3351 3347
f 3351 3359 3355
f 3359 3432 3363
f 3432 3370 3367
f 3370 3433 3374
f 3433 3381 3379
f 3381 3386 3383
f 3434 3393 3389
f 3393 3401 3397
f 3435 3408 3404
f 3408 2933 3412
f 2933 2940 3436
f 2940 2952 2946
f 2952 3437 2960
f 3438 2975 2967
f 2975 2991 2983
f 2991 3007 2999
f 3007 3012 3439
f 3012 3028 3020
f 3028 3043 3035
f 3043 3050 3045
f 3050 3454 3440
f 3441 3061 3057
f 3442 3072 3064
f 3072 3088 3080
f 3088 3098 3420
f 3098 3455 3421
f 3455 3111 3422
f 3111 3127 3119
f 3127 3456 3135
f 3457 3154 3149
f 3156 3458 3444
f 3161 3459 3166
f 3445 3173 3171
f 3175 3460 3446
f 3461 3423 3180
f 3447 3425 3205
f 3448 3426 3212
f 3462 3219 3449
f 3219 3229 3227
f 3450 3242 3234
f 3242 3463 3250
f 3451 3428 3253
f 3428 3264 3452
f 3264 3280 3272
f 3453 3293 3285
f 3293 3309 3301
f 3309 3325 3317
f 3325 3338 3333
f 3338 3464 3430
f 3465 3351 3431
f 3351 3432 3359
f 3432 3433 3370
f 3433 3386 3381
f 3466 3393 3434
f 3393 3467 3401
f 3468 3408 3435
f 3408 2940 2933
f 2940 3437 2952
f 3437 2975 3438
f 2975 3007 2991
f 3007 3028 3012
f 3028 3050 3043
f 3469 3061 3441
f 3470 3072 3442
f 3072 3098 3088
f 3098 3111 3455
f 3111 3456 3127
f 3445 3471 3173
f 3461 3472 3423
f 3424 3425 3447
f 3448 3473 3426
f 3462 3229 3219
f 3474 3242 3450
f 3242 3451 3463
f 3451 3264 3428
f 3264 3282 3280
f 3282 3293 3453
f 3293 3325 3309
f 3325 3464 3338
f 3464 3351 3465
f 3351 3433 3432
f 3433 3475 3386
f 3476 3393 3466
f 3393 3468 3467
f 3468 2940 3408
f 2940 2975 3437
f 2975 3028 3007
f 3028 3454 3050
f 3454 3061 3469
f 3061 3072 3470
f 3072 3111 3098
f 3111 3477 3456
f 3424 3478 3425
f 3473 3229 3462
f 3479 3242 3474
f 3242 3264 3451
f 3264 3293 3282
f 3293 3464 3325
f 3464 3433 3351
f 3433 3476 3475
f 3476 3468 3393
f 3468 2975 2940
f 2975 3454 3028
f 3454 3072 3061
f 3072 3477 3111
f 3198 3478 3424
f 3448 3229 3473
f 3229 3242 3479
f 3242 3293 3264
f 3464 3476 3433
f 3476 2975 3468
f 3072 3480 3477
f 3481 3229 3448
f 3229 3293 3242
f 3072 3482 3480
f 3483 3229 3481
f 3072 3484 3482
f 3485 3229 3483
f 3072 3486 3484
f 3487 3229 3485
f 3454 3486 3072
f 3488 3229 3487
f 3454 3489 3486
f 3490 3229 3488
f 3454 3491 3489
f 3490 3293 3229
f 3454 3492 3491
f 3493 3293 3490
f 3454 3494 3492
f 3495 3293 3493
f 3454 3496 3494
f 3497 3293 3495
f 3454 3498 3496
f 3499 3293 3497
f 3454 3500 3498
f 3501 3293 3499
f 3454 3502 3500
f 3503 3293 3501
f 3454 3504 3502
f 3505 3293 3503
f 3454 3506 3504
f 3507 3293 3505
f 3454 3508 3506
f 3509 3293 3507
f 3454 3510 3508
f 3511 3293 3509
f 3454 3512 3510
f 3513 3293 3511
f 3454 3514 3512
f 3515 3293 3513
f 3454 3516 3514
f 3517 3293 3515
f 3454 3518 3516
f 3519 3293 3517
f 3454 3520 3518
f 3521 3293 3519
f 3454 3522 3520
f 3478 3293 3521
f 3454 3523 3522
f 3198 3293 3478
f 3454 3524 3523
f 3193 3293 3198
f 3454 3525 3524
f 3526 3293 3193
f 3454 3527 3525
f 3528 3293 3526
f 3454 3529 3527
f 3530 3293 3528
f 3454 3531 3529
f 3532 3293 3530
f 3454 3533 3531
f 3534 3293 3532
f 3454 3535 3533
f 3536 3293 3534
f 3454 3537 3535
f 3538 3293 3536
f 3454 3539 3537
f 3540 3293 3538
f 3454 3541 3539
f 3542 3293 3540
f 3454 3543 3541
f 3544 3293 3542
f 3454 3443 3543
f 3545 3293 3544
f 3454 3140 3443
f 3546 3293 3545
f 3454 3547 3140
f 3548 3293 3546
f 3454 3549 3547
f 3550 3293 3548
f 3454 3551 3549
f 3552 3293 3550
f 3454 3553 3551
f 3554 3293 3552
f 3454 3555 3553
f 3556 3293 3554
f 3454 3557 3555
f 3191 3293 3556
f 3454 3558 3557
f 3190 3293 3191
f 3454 3559 3558
f 3560 3293 3190
f 3454 3561 3559
f 3562 3293 3560
f 3454 3563 3561
f 3188 3293 3562
f 3454 3564 3563
f 3187 3293 3188
f 3454 3565 3564
f 3187 3464 3293
f 3454 3566 3565
f 3567 3464 3187
f 3454 3568 3566
f 3569 3464 3567
f 3454 3570 3568
f 3571 3464 3569
f 3454 3572 3570
f 3472 3464 3571
f 3454 3573 3572
f 3461 3464 3472
f 2975 3573 3454
f 3574 3464 3461
f 2975 3575 3573
f 3576 3464 3574
f 2975 3577 3575
f 3578 3464 3576
f 2975 3579 3577
f 3580 3464 3578
f 2975 3581 3579
f 3460 3464 3580
f 2975 3582 3581
f 3175 3464 3460
f 2975 3583 3582
f 3584 3464 3175
f 2975 3142 3583
f 3585 3464 3584
f 2975 3147 3142
f 3586 3464 3585
f 2975 3587 3147
f 3588 3464 3586
f 2975 3589 3587
f 3471 3464 3588
f 2975 3590 3589
f 3445 3464 3471
f 2975 3591 3590
f 3592 3464 3445
f 2975 3593 3591
f 3594 3464 3592
f 2975 3595 3593
f 3596 3464 3594
f 2975 3597 3595
f 3598 3464 3596
f 2975 3599 3597
f 3600 3464 3598
f 2975 3601 3599
f 3602 3464 3600
f 2975 3603 3601
f 3604 3464 3602
f 2975 3605 3603
f 3606 3464 3604
f 2975 3607 3605
f 3608 3464 3606
f 2975 3609 3607
f 3610 3464 3608
f 2975 3611 3609
f 3459 3464 3610
f 2975 3612 3611
f 3161 3464 3459
f 2975 3613 3612
f 3614 3464 3161
f 2975 3457 3613
f 3615 3464 3614
f 2975 3154 3457
f 3616 3464 3615
f 2975 3617 3154
f 3618 3464 3616
f 2975 3619 3617
f 3620 3464 3618
f 2975 3621 3619
f 3622 3464 3620
f 2975 3623 3621
f 3624 3464 3622
f 2975 3625 3623
f 3626 3464 3624
f 2975 3627 3625
f 3628 3464 3626
f 2975 3629 3627
f 3628 3476 3464
f 2975 3630 3629
f 3631 3476 3628
f 2975 3632 3630
f 3633 3476 3631
f 2975 3634 3632
f 3635 3476 3633
f 3476 3634 2975
f 3636 3476 3635
f 3476 3637 3634
f 3638 3476 3636
f 3476 3156 3637
f 3639 3476 3638
f 3476 3458 3156
f 3640 3476 3639
f 3476 3641 3458
f 3642 3476 3640
f 3476 3643 3641
f 3644 3476 3642
f 3476 3645 3643
f 3646 3476 3644
f 3476 3647 3645
f 3648 3476 3646
f 3476 3649 3647
f 3650 3476 3648
f 3476 3651 3649
f 3652 3476 3650
f 3476 3652 3651
f 2203 2929 2207
f 2207 2929 2932
f 2207 2932 2206
f 2206 2932 2931
f 2206 2931 2209
f 2209 2931 2934
f 2209 2934 2208
f 2208 2934 2933
f 2208 2933 2211
f 2211 2933 2936
f 2211 2936 2210
f 2210 2936 2935
f 2210 2935 2689
f 2689 2935 3414
f 2689 3414 2711
f 2711 3414 3436
f 2711 3436 2213
f 2213 3436 2937
f 2213 2937 2214
f 2214 2937 2939
f 2214 2939 2212
f 2212 2939 2938
f 2212 2938 2216
f 2216 2938 2941
f 2216 2941 2215
f 2215 2941 2940
f 2215 2940 2218
f 2218 2940 2943
f 2218 2943 2217
f 2217 2943 2942
f 2217 2942 2220
f 2220 2942 2945
f 2220 2945 2219
f 2219 2945 2944
f 2219 2944 2222
f 2222 2944 2946
f 2222 2946 2223
f 2223 2946 2948
f 2223 2948 2221
f 2221 2948 2947
f 2221 2947 2225
f 2225 2947 2950
f 2225 2950 2224
f 2224 2950 2949
f 2224 2949 2227
f 2227 2949 2951
f 2227 2951 2228
f 2228 2951 2953
f 2228 2953 2226
f 2226 2953 2952
f 2226 2952 2230
f 2230 2952 2955
f 2230 2955 2229
f 2229 2955 2954
f 2229 2954 2232
f 2232 2954 2957
f 2232 2957 2231
f 2231 2957 2956
f 2231 2956 2234
f 2234 2956 2959
f 2234 2959 2233
f 2233 2959 2958
f 2233 2958 2236
f 2236 2958 2961
f 2236 2961 2235
f 2235 2961 2960
f 2235 2960 2238
f 2238 2960 2963
f 2238 2963 2237
f 2237 2963 2962
f 2237 2962 2240
f 2240 2962 2965
f 2240 2965 2239
f 2239 2965 2964
f 2239 2964 2712
f 2712 2964 3437
f 2712 3437 2713
f 2713 3437 3438
f 2713 3438 2690
f 2690 3438 3415
f 2690 3415 2242
f 2242 3415 2966
f 2242 2966 2243
f 2243 2966 2968
f 2243 2968 2241
f 2241 2968 2967
f 2241 2967 2245
f 2245 2967 2970
f 2245 2970 2244
f 2244 2970 2969
f 2244 2969 2247
f 2247 2969 2972
f 2247 2972 2246
f 2246 2972 2971
f 2246 2971 2249
f 2249 2971 2974
f 2249 2974 2248
f 2248 2974 2973
f 2248 2973 2251
f 2251 2973 2976
f 2251 2976 2250
f 2250 2976 2975
f 2250 2975 2253
f 2253 2975 2978
f 2253 2978 2252
f 2252 2978 2977
f 2252 2977 2255
f 2255 2977 2980
f 2255 2980 2254
f 2254 2980 2979
f 2254 2979 2257
f 2257 2979 2982
f 2257 2982 2256
f 2256 2982 2981
f 2256 2981 2259
f 2259 2981 2984
f 2259 2984 2258
f 2258 2984 2983
f 2258 2983 2261
f 2261 2983 2986
f 2261 2986 2260
f 2260 2986 2985
f 2260 2985 2263
f 2263 2985 2988
f 2263 2988 2262
f 2262 2988 2987
f 2262 2987 2265
f 2265 2987 2990
f 2265 2990 2264
f 2264 2990 2989
f 2264 2989 2267
f 2267 2989 2992
f 2267 2992 2266
f 2266 2992 2991
f 2266 2991 2269
f 2269 2991 2994
f 2269 2994 2268
f 2268 2994 2993
f 2268 2993 2271
f 2271 2993 2996
f 2271 2996 2270
f 2270 2996 2995
f 2270 2995 2273
f 2273 2995 2998
f 2273 2998 2272
f 2272 2998 2997
f 2272 2997 2275
f 2275 2997 3000
f 2275 3000 2274
f 2274 3000 2999
f 2274 2999 2277
f 2277 2999 3002
f 2277 3002 2276
f 2276 3002 3001
f 2276 3001 2279
f 2279 3001 3004
f 2279 3004 2278
f 2278 3004 3003
f 2278 3003 2281
f 2281 3003 3006
f 2281 3006 2280
f 2280 3006 3005
f 2280 3005 2283
f 2283 3005 3008
f 2283 3008 2282
f 2282 3008 3007
f 2282 3007 2285
f 2285 3007 3010
f 2285 3010 2284
f 2284 3010 3009
f 2284 3009 2691
f 2691 3009 3416
f 2691 3416 2714
f 2714 3416 3439
f 2714 3439 2692
f 2692 3439 3417
f 2692 3417 2287
f 2287 3417 3011
f 2287 3011 2288
f 2288 3011 3013
f 2288 3013 2286
f 2286 3013 3012
f 2286 3012 2290
f 2290 3012 3015
f 2290 3015 2289
f 2289 3015 3014
f 2289 3014 2292
f 2292 3014 3017
f 2292 3017 2291
f 2291 3017 3016
f 2291 3016 2294
f 2294 3016 3019
f 2294 3019 2293
f 2293 3019 3018
f 2293 3018 2296
f 2296 3018 3021
f 2296 3021 2295
f 2295 3021 3020
f 2295 3020 2298
f 2298 3020 3023
f 2298 3023 2297
f 2297 3023 3022
f 2297 3022 2300
f 2300 3022 3025
f 2300 3025 2299
f 2299 3025 3024
f 2299 3024 2302
f 2302 3024 3027
f 2302 3027 2301
f 2301 3027 3026
f 2301 3026 2304
f 2304 3026 3029
f 2304 3029 2303
f 2303 3029 3028
f 2303 3028 2306
f 2306 3028 3030
f 2306 3030 2307
f 2307 3030 3032
f 2307 3032 2305
f 2305 3032 3031
f 2305 3031 2309
f 2309 3031 3034
f 2309 3034 2308
f 2308 3034 3033
f 2308 3033 2311
f 2311 3033 3036
f 2311 3036 2310
f 2310 3036 3035
f 2310 3035 2313
f 2313 3035 3038
f 2313 3038 2312
f 2312 3038 3037
f 2312 3037 2315
f 2315 3037 3040
f 2315 3040 2314
f 2314 3040 3039
f 2314 3039 2317
f 2317 3039 3042
f 2317 3042 2316
f 2316 3042 3041
f 2316 3041 2319
f 2319 3041 3044
f 2319 3044 2318
f 2318 3044 3043
f 2318 3043 2321
f 2321 3043 3046
f 2321 3046 2320
f 2320 3046 3045
f 2320 3045 2323
f 2323 3045 3047
f 2323 3047 2324
f 2324 3047 3049
f 2324 3049 2322
f 2322 3049 3048
f 2322 3048 2326
f 2326 3048 3051
f 2326 3051 2325
f 2325 3051 3050
f 2325 3050 2328
f 2328 3050 3053
f 2328 3053 2327
f 2327 3053 3052
f 2327 3052 2693
f 2693 3052 3418
f 2693 3418 2715
f 2715 3418 3440
f 2715 3440 2729
f 2729 3440 3454
f 2729 3454 2744
f 2744 3454 3469
f 2744 3469 2716
f 2716 3469 3441
f 2716 3441 2330
f 2330 3441 3054
f 2330 3054 2331
f 2331 3054 3056
f 2331 3056 2329
f 2329 3056 3055
f 2329 3055 2333
f 2333 3055 3058
f 2333 3058 2332
f 2332 3058 3057
f 2332 3057 2335
f 2335 3057 3060
f 2335 3060 2334
f 2334 3060 3059
f 2334 3059 2337
f 2337 3059 3062
f 2337 3062 2336
f 2336 3062 3061
f 2336 3061 2745
f 2745 3061 3470
f 2745 3470 2717
f 2717 3470 3442
f 2717 3442 2694
f 2694 3442 3419
f 2694 3419 2339
f 2339 3419 3063
f 2339 3063 2340
f 2340 3063 3065
f 2340 3065 2338
f 2338 3065 3064
f 2338 3064 2342
f 2342 3064 3067
f 2342 3067 2341
f 2341 3067 3066
f 2341 3066 2344
f 2344 3066 3069
f 2344 3069 2343
f 2343 3069 3068
f 2343 3068 2346
f 2346 3068 3071
f 2346 3071 2345
f 2345 3071 3070
f 2345 3070 2348
f 2348 3070 3073
f 2348 3073 2347
f 2347 3073 3072
f 2347 3072 2350
f 2350 3072 3075
f 2350 3075 2349
f 2349 3075 3074
f 2349 3074 2352
f 2352 3074 3077
f 2352 3077 2351
f 2351 3077 3076
f 2351 3076 2354
f 2354 3076 3079
f 2354 3079 2353
f 2353 3079 3078
f 2353 3078 2356
f 2356 3078 3081
f 2356 3081 2355
f 2355 3081 3080
f 2355 3080 2358
f 2358 3080 3083
f 2358 3083 2357
f 2357 3083 3082
f 2357 3082 2360
f 2360 3082 3085
f 2360 3085 2359
f 2359 3085 3084
f 2359 3084 2362
f 2362 3084 3087
f 2362 3087 2361
f 2361 3087 3086
f 2361 3086 2364
f 2364 3086 3088
f 2364 3088 2365
f 2365 3088 3090
f 2365 3090 2363
f 2363 3090 3089
f 2363 3089 2367
f 2367 3089 3092
f 2367 3092 2366
f 2366 3092 3091
f 2366 3091 2369
f 2369 3091 3094
f 2369 3094 2368
f 2368 3094 3093
f 2368 3093 2695
f 2695 3093 3420
f 2695 3420 2371
f 2371 3420 3095
f 2371 3095 2372
f 2372 3095 3097
f 2372 3097 2370
f 2370 3097 3096
f 2370 3096 2374
f 2374 3096 3099
f 2374 3099 2373
f 2373 3099 3098
f 2373 3098 2376
f 2376 3098 3101
f 2376 3101 2375
f 2375 3101 3100
f 2375 3100 2378
f 2378 3100 3103
f 2378 3103 2377
f 2377 3103 3102
f 2377 3102 2380
f 2380 3102 3105
f 2380 3105 2379
f 2379 3105 3104
f 2379 3104 2696
f 2696 3104 3421
f 2696 3421 2730
f 2730 3421 3455
f 2730 3455 2697
f 2697 3455 3422
f 2697 3422 2382
f 2382 3422 3106
f 2382 3106 2383
f 2383 3106 3108
f 2383 3108 2381
f 2381 3108 3107
f 2381 3107 2385
f 2385 3107 3110
f 2385 3110 2384
f 2384 3110 3109
f 2384 3109 2387
f 2387 3109 3112
f 2387 3112 2386
f 2386 3112 3111
f 2386 3111 2389
f 2389 3111 3114
f 2389 3114 2388
f 2388 3114 3113
f 2388 3113 2391
f 2391 3113 3116
f 2391 3116 2390
f 2390 3116 3115
f 2390 3115 2393
f 2393 3115 3118
f 2393 3118 2392
f 2392 3118 3117
f 2392 3117 2395
f 2395 3117 3120
f 2395 3120 2394
f 2394 3120 3119
f 2394 3119 2397
f 2397 3119 3122
f 2397 3122 2396
f 2396 3122 3121
f 2396 3121 2399
f 2399 3121 3124
f 2399 3124 2398
f 2398 3124 3123
f 2398 3123 2401
f 2401 3123 3126
f 2401 3126 2400
f 2400 3126 3125
f 2400 3125 2403
f 2403 3125 3128
f 2403 3128 2402
f 2402 3128 3127
f 2402 3127 2405
f 2405 3127 3130
f 2405 3130 2404
f 2404 3130 3129
f 2404 3129 2407
f 2407 3129 3132
f 2407 3132 2406
f 2406 3132 3131
f 2406 3131 2409
f 2409 3131 3134
f 2409 3134 2408
f 2408 3134 3133
f 2408 3133 2411
f 2411 3133 3136
f 2411 3136 2410
f 2410 3136 3135
f 2410 3135 2731
f 2731 3135 3456
f 2731 3456 2752
f 2752 3456 3477
f 2752 3477 2755
f 2755 3477 3480
f 2755 3480 2757
f 2757 3480 3482
f 2757 3482 2759
f 2759 3482 3484
f 2759 3484 2761
f 2761 3484 3486
f 2761 3486 2764
f 2764 3486 3489
f 2764 3489 2766
f 2766 3489 3491
f 2766 3491 2767
f 2767 3491 3492
f 2767 3492 2769
f 2769 3492 3494
f 2769 3494 2771
f 2771 3494 3496
f 2771 3496 2773
f 2773 3496 3498
f 2773 3498 2775
f 2775 3498 3500
f 2775 3500 2777
f 2777 3500 3502
f 2777 3502 2779
f 2779 3502 3504
f 2779 3504 2781
f 2781 3504 3506
f 2781 3506 2783
f 2783 3506 3508
f 2783 3508 2785
f 2785 3508 3510
f 2785 3510 2787
f 2787 3510 3512
f 2787 3512 2789
f 2789 3512 3514
f 2789 3514 2791
f 2791 3514 3516
f 2791 3516 2793
f 2793 3516 3518
f 2793 3518 2795
f 2795 3518 3520
f 2795 3520 2797
f 2797 3520 3522
f 2797 3522 2798
f 2798 3522 3523
f 2798 3523 2799
f 2799 3523 3524
f 2799 3524 2800
f 2800 3524 3525
f 2800 3525 2802
f 2802 3525 3527
f 2802 3527 2804
f 2804 3527 3529
f 2804 3529 2806
f 2806 3529 3531
f 2806 3531 2808
f 2808 3531 3533
f 2808 3533 2810
f 2810 3533 3535
f 2810 3535 2812
f 2812 3535 3537
f 2812 3537 2814
f 2814 3537 3539
f 2814 3539 2816
f 2816 3539 3541
f 2816 3541 2818
f 2818 3541 3543
f 2818 3543 2718
f 2718 3543 3443
f 2718 3443 2413
f 2413 3443 3137
f 2413 3137 2414
f 2414 3137 3139
f 2414 3139 2412
f 2412 3139 3138
f 2412 3138 2416
f 2416 3138 3141
f 2416 3141 2415
f 2415 3141 3140
f 2415 3140 2822
f 2822 3140 3547
f 2822 3547 2824
f 2824 3547 3549
f 2824 3549 2826
f 2826 3549 3551
f 2826 3551 2828
f 2828 3551 3553
f 2828 3553 2830
f 2830 3553 3555
f 2830 3555 2832
f 2832 3555 3557
f 2832 3557 2833
f 2833 3557 3558
f 2833 3558 2834
f 2834 3558 3559
f 2834 3559 2836
f 2836 3559 3561
f 2836 3561 2838
f 2838 3561 3563
f 2838 3563 2839
f 2839 3563 3564
f 2839 3564 2840
f 2840 3564 3565
f 2840 3565 2841
f 2841 3565 3566
f 2841 3566 2843
f 2843 3566 3568
f 2843 3568 2845
f 2845 3568 3570
f 2845 3570 2847
f 2847 3570 3572
f 2847 3572 2848
f 2848 3572 3573
f 2848 3573 2850
f 2850 3573 3575
f 2850 3575 2852
f 2852 3575 3577
f 2852 3577 2854
f 2854 3577 3579
f 2854 3579 2856
f 2856 3579 3581
f 2856 3581 2857
f 2857 3581 3582
f 2857 3582 2858
f 2858 3582 3583
f 2858 3583 2418
f 2418 3583 3142
f 2418 3142 2419
f 2419 3142 3144
f 2419 3144 2417
f 2417 3144 3143
f 2417 3143 2421
f 2421 3143 3146
f 2421 3146 2420
f 2420 3146 3145
f 2420 3145 2423
f 2423 3145 3148
f 2423 3148 2422
f 2422 3148 3147
f 2422 3147 2862
f 2862 3147 3587
f 2862 3587 2864
f 2864 3587 3589
f 2864 3589 2865
f 2865 3589 3590
f 2865 3590 2866
f 2866 3590 3591
f 2866 3591 2868
f 2868 3591 3593
f 2868 3593 2870
f 2870 3593 3595
f 2870 3595 2872
f 2872 3595 3597
f 2872 3597 2874
f 2874 3597 3599
f 2874 3599 2876
f 2876 3599 3601
f 2876 3601 2878
f 2878 3601 3603
f 2878 3603 2880
f 2880 3603 3605
f 2880 3605 2882
f 2882 3605 3607
f 2882 3607 2884
f 2884 3607 3609
f 2884 3609 2886
f 2886 3609 3611
f 2886 3611 2887
f 2887 3611 3612
f 2887 3612 2888
f 2888 3612 3613
f 2888 3613 2732
f 2732 3613 3457
f 2732 3457 2425
f 2425 3457 3149
f 2425 3149 2426
f 2426 3149 3151
f 2426 3151 2424
f 2424 3151 3150
f 2424 3150 2428
f 2428 3150 3153
f 2428 3153 2427
f 2427 3153 3152
f 2427 3152 2430
f 2430 3152 3155
f 2430 3155 2429
f 2429 3155 3154
f 2429 3154 2892
f 2892 3154 3617
f 2892 3617 2894
f 2894 3617 3619
f 2894 3619 2896
f 2896 3619 3621
f 2896 3621 2898
f 2898 3621 3623
f 2898 3623 2900
f 2900 3623 3625
f 2900 3625 2902
f 2902 3625 3627
f 2902 3627 2904
f 2904 3627 3629
f 2904 3629 2905
f 2905 3629 3630
f 2905 3630 2907
f 2907 3630 3632
f 2907 3632 2909
f 2909 3632 3634
f 2909 3634 2912
f 2912 3634 3637
f 2912 3637 2432
f 2432 3637 3156
f 2432 3156 2433
f 2433 3156 3158
f 2433 3158 2431
f 2431 3158 3157
f 2431 3157 2435
f 2435 3157 3160
f 2435 3160 2434
f 2434 3160 3159
f 2434 3159 2719
f 2719 3159 3444
f 2719 3444 2733
f 2733 3444 3458
f 2733 3458 2916
f 2916 3458 3641
f 2916 3641 2918
f 2918 3641 3643
f 2918 3643 2920
f 2920 3643 3645
f 2920 3645 2922
f 2922 3645 3647
f 2922 3647 2924
f 2924 3647 3649
f 2924 3649 2926
f 2926 3649 3651
f 2926 3651 2927
f 2927 3651 3652
f 2927 3652 2925
f 2925 3652 3650
f 2925 3650 2923
f 2923 3650 3648
f 2923 3648 2921
f 2921 3648 3646
f 2921 3646 2919
f 2919 3646 3644
f 2919 3644 2917
f 2917 3644 3642
f 2917 3642 2915
f 2915 3642 3640
f 2915 3640 2914
f 2914 3640 3639
f 2914 3639 2913
f 2913 3639 3638
f 2913 3638 2911
f 2911 3638 3636
f 2911 3636 2910
f 2910 3636 3635
f 2910 3635 2908
f 2908 3635 3633
f 2908 3633 2906
f 2906 3633 3631
f 2906 3631 2903
f 2903 3631 3628
f 2903 3628 2901
f 2901 3628 3626
f 2901 3626 2899
f 2899 3626 3624
f 2899 3624 2897
f 2897 3624 3622
f 2897 3622 2895
f 2895 3622 3620
f 2895 3620 2893
f 2893 3620 3618
f 2893 3618 2891
f 2891 3618 3616
f 2891 3616 2890
f 2890 3616 3615
f 2890 3615 2889
f 2889 3615 3614
f 2889 3614 2437
f 2437 3614 3161
f 2437 3161 2438
f 2438 3161 3163
f 2438 3163 2436
f 2436 3163 3162
f 2436 3162 2440
f 2440 3162 3165
f 2440 3165 2439
f 2439 3165 3164
f 2439 3164 2442
f 2442 3164 3167
f 2442 3167 2441
f 2441 3167 3166
f 2441 3166 2734
f 2734 3166 3459
f 2734 3459 2885
f 2885 3459 3610
f 2885 3610 2883
f 2883 3610 3608
f 2883 3608 2881
f 2881 3608 3606
f 2881 3606 2879
f 2879 3606 3604
f 2879 3604 2877
f 2877 3604 3602
f 2877 3602 2875
f 2875 3602 3600
f 2875 3600 2873
f 2873 3600 3598
f 2873 3598 2871
f 2871 3598 3596
f 2871 3596 2869
f 2869 3596 3594
f 2869 3594 2867
f 2867 3594 3592
f 2867 3592 2720
f 2720 3592 3445
f 2720 3445 2444
f 2444 3445 3168
f 2444 3168 2445
f 2445 3168 3170
f 2445 3170 2443
f 2443 3170 3169
f 2443 3169 2447
f 2447 3169 3172
f 2447 3172 2446
f 2446 3172 3171
f 2446 3171 2449
f 2449 3171 3174
f 2449 3174 2448
f 2448 3174 3173
f 2448 3173 2746
f 2746 3173 3471
f 2746 3471 2863
f 2863 3471 3588
f 2863 3588 2861
f 2861 3588 3586
f 2861 3586 2860
f 2860 3586 3585
f 2860 3585 2859
f 2859 3585 3584
f 2859 3584 2451
f 2451 3584 3175
f 2451 3175 2452
f 2452 3175 3177
f 2452 3177 2450
f 2450 3177 3176
f 2450 3176 2454
f 2454 3176 3179
f 2454 3179 2453
f 2453 3179 3178
f 2453 3178 2721
f 2721 3178 3446
f 2721 3446 2735
f 2735 3446 3460
f 2735 3460 2855
f 2855 3460 3580
f 2855 3580 2853
f 2853 3580 3578
f 2853 3578 2851
f 2851 3578 3576
f 2851 3576 2849
f 2849 3576 3574
f 2849 3574 2736
f 2736 3574 3461
f 2736 3461 2456
f 2456 3461 3180
f 2456 3180 2457
f 2457 3180 3182
f 2457 3182 2455
f 2455 3182 3181
f 2455 3181 2459
f 2459 3181 3184
f 2459 3184 2458
f 2458 3184 3183
f 2458 3183 2461
f 2461 3183 3186
f 2461 3186 2460
f 2460 3186 3185
f 2460 3185 2698
f 2698 3185 3423
f 2698 3423 2747
f 2747 3423 3472
f 2747 3472 2846
f 2846 3472 3571
f 2846 3571 2844
f 2844 3571 3569
f 2844 3569 2842
f 2842 3569 3567
f 2842 3567 2463
f 2463 3567 3187
f 2463 3187 2464
f 2464 3187 3189
f 2464 3189 2462
f 2462 3189 3188
f 2462 3188 2837
f 2837 3188 3562
f 2837 3562 2835
f 2835 3562 3560
f 2835 3560 2466
f 2466 3560 3190
f 2466 3190 2467
f 2467 3190 3192
f 2467 3192 2465
f 2465 3192 3191
f 2465 3191 2831
f 2831 3191 3556
f 2831 3556 2829
f 2829 3556 3554
f 2829 3554 2827
f 2827 3554 3552
f 2827 3552 2825
f 2825 3552 3550
f 2825 3550 2823
f 2823 3550 3548
f 2823 3548 2821
f 2821 3548 3546
f 2821 3546 2820
f 2820 3546 3545
f 2820 3545 2819
f 2819 3545 3544
f 2819 3544 2817
f 2817 3544 3542
f 2817 3542 2815
f 2815 3542 3540
f 2815 3540 2813
f 2813 3540 3538
f 2813 3538 2811
f 2811 3538 3536
f 2811 3536 2809
f 2809 3536 3534
f 2809 3534 2807
f 2807 3534 3532
f 2807 3532 2805
f 2805 3532 3530
f 2805 3530 2803
f 2803 3530 3528
f 2803 3528 2801
f 2801 3528 3526
f 2801 3526 2469
f 2469 3526 3193
f 2469 3193 2470
f 2470 3193 3195
f 2470 3195 2468
f 2468 3195 3194
f 2468 3194 2472
f 2472 3194 3197
f 2472 3197 2471
f 2471 3197 3196
f 2471 3196 2474
f 2474 3196 3199
f 2474 3199 2473
f 2473 3199 3198
f 2473 3198 2476
f 2476 3198 3201
f 2476 3201 2475
f 2475 3201 3200
f 2475 3200 2699
f 2699 3200 3424
f 2699 3424 2722
f 2722 3424 3447
f 2722 3447 2478
f 2478 3447 3202
f 2478 3202 2479
f 2479 3202 3204
f 2479 3204 2477
f 2477 3204 3203
f 2477 3203 2481
f 2481 3203 3206
f 2481 3206 2480
f 2480 3206 3205
f 2480 3205 2483
f 2483 3205 3208
f 2483 3208 2482
f 2482 3208 3207
f 2482 3207 2700
f 2700 3207 3425
f 2700 3425 2753
f 2753 3425 3478
f 2753 3478 2796
f 2796 3478 3521
f 2796 3521 2794
f 2794 3521 3519
f 2794 3519 2792
f 2792 3519 3517
f 2792 3517 2790
f 2790 3517 3515
f 2790 3515 2788
f 2788 3515 3513
f 2788 3513 2786
f 2786 3513 3511
f 2786 3511 2784
f 2784 3511 3509
f 2784 3509 2782
f 2782 3509 3507
f 2782 3507 2780
f 2780 3507 3505
f 2780 3505 2778
f 2778 3505 3503
f 2778 3503 2776
f 2776 3503 3501
f 2776 3501 2774
f 2774 3501 3499
f 2774 3499 2772
f 2772 3499 3497
f 2772 3497 2770
f 2770 3497 3495
f 2770 3495 2768
f 2768 3495 3493
f 2768 3493 2765
f 2765 3493 3490
f 2765 3490 2763
f 2763 3490 3488
f 2763 3488 2762
f 2762 3488 3487
f 2762 3487 2760
f 2760 3487 3485
f 2760 3485 2758
f 2758 3485 3483
f 2758 3483 2756
f 2756 3483 3481
f 2756 3481 2723
f 2723 3481 3448
f 2723 3448 2485
f 2485 3448 3209
f 2485 3209 2486
f 2486 3209 3211
f 2486 3211 2484
f 2484 3211 3210
f 2484 3210 2488
f 2488 3210 3213
f 2488 3213 2487
f 2487 3213 3212
f 2487 3212 2490
f 2490 3212 3215
f 2490 3215 2489
f 2489 3215 3214
f 2489 3214 2701
f 2701 3214 3426
f 2701 3426 2748
f 2748 3426 3473
f 2748 3473 2737
f 2737 3473 3462
f 2737 3462 2724
f 2724 3462 3449
f 2724 3449 2492
f 2492 3449 3216
f 2492 3216 2493
f 2493 3216 3218
f 2493 3218 2491
f 2491 3218 3217
f 2491 3217 2495
f 2495 3217 3220
f 2495 3220 2494
f 2494 3220 3219
f 2494 3219 2497
f 2497 3219 3222
f 2497 3222 2496
f 2496 3222 3221
f 2496 3221 2499
f 2499 3221 3224
f 2499 3224 2498
f 2498 3224 3223
f 2498 3223 2501
f 2501 3223 3226
f 2501 3226 2500
f 2500 3226 3225
f 2500 3225 2503
f 2503 3225 3228
f 2503 3228 2502
f 2502 3228 3227
f 2502 3227 2505
f 2505 3227 3230
f 2505 3230 2504
f 2504 3230 3229
f 2504 3229 2754
f 2754 3229 3479
f 2754 3479 2749
f 2749 3479 3474
f 2749 3474 2725
f 2725 3474 3450
f 2725 3450 2507
f 2507 3450 3231
f 2507 3231 2508
f 2508 3231 3233
f 2508 3233 2506
f 2506 3233 3232
f 2506 3232 2510
f 2510 3232 3235
f 2510 3235 2509
f 2509 3235 3234
f 2509 3234 2512
f 2512 3234 3237
f 2512 3237 2511
f 2511 3237 3236
f 2511 3236 2514
f 2514 3236 3239
f 2514 3239 2513
f 2513 3239 3238
f 2513 3238 2516
f 2516 3238 3241
f 2516 3241 2515
f 2515 3241 3240
f 2515 3240 2518
f 2518 3240 3243
f 2518 3243 2517
f 2517 3243 3242
f 2517 3242 2520
f 2520 3242 3245
f 2520 3245 2519
f 2519 3245 3244
f 2519 3244 2522
f 2522 3244 3247
f 2522 3247 2521
f 2521 3247 3246
f 2521 3246 2524
f 2524 3246 3249
f 2524 3249 2523
f 2523 3249 3248
f 2523 3248 2526
f 2526 3248 3251
f 2526 3251 2525
f 2525 3251 3250
f 2525 3250 2738
f 2738 3250 3463
f 2738 3463 2726
f 2726 3463 3451
f 2726 3451 2702
f 2702 3451 3427
f 2702 3427 2528
f 2528 3427 3252
f 2528 3252 2529
f 2529 3252 3254
f 2529 3254 2527
f 2527 3254 3253
f 2527 3253 2531
f 2531 3253 3256
f 2531 3256 2530
f 2530 3256 3255
f 2530 3255 2533
f 2533 3255 3258
f 2533 3258 2532
f 2532 3258 3257
f 2532 3257 2535
f 2535 3257 3260
f 2535 3260 2534
f 2534 3260 3259
f 2534 3259 2703
f 2703 3259 3428
f 2703 3428 2727
f 2727 3428 3452
f 2727 3452 2537
f 2537 3452 3261
f 2537 3261 2538
f 2538 3261 3263
f 2538 3263 2536
f 2536 3263 3262
f 2536 3262 2540
f 2540 3262 3265
f 2540 3265 2539
f 2539 3265 3264
f 2539 3264 2542
f 2542 3264 3267
f 2542 3267 2541
f 2541 3267 3266
f 2541 3266 2544
f 2544 3266 3269
f 2544 3269 2543
f 2543 3269 3268
f 2543 3268 2546
f 2546 3268 3271
f 2546 3271 2545
f 2545 3271 3270
f 2545 3270 2548
f 2548 3270 3273
f 2548 3273 2547
f 2547 3273 3272
f 2547 3272 2550
f 2550 3272 3275
f 2550 3275 2549
f 2549 3275 3274
f 2549 3274 2552
f 2552 3274 3277
f 2552 3277 2551
f 2551 3277 3276
f 2551 3276 2554
f 2554 3276 3279
f 2554 3279 2553
f 2553 3279 3278
f 2553 3278 2556
f 2556 3278 3281
f 2556 3281 2555
f 2555 3281 3280
f 2555 3280 2558
f 2558 3280 3283
f 2558 3283 2557
f 2557 3283 3282
f 2557 3282 2728
f 2728 3282 3453
f 2728 3453 2704
f 2704 3453 3429
f 2704 3429 2560
f 2560 3429 3284
f 2560 3284 2561
f 2561 3284 3286
f 2561 3286 2559
f 2559 3286 3285
f 2559 3285 2563
f 2563 3285 3288
f 2563 3288 2562
f 2562 3288 3287
f 2562 3287 2565
f 2565 3287 3290
f 2565 3290 2564
f 2564 3290 3289
f 2564 3289 2567
f 2567 3289 3292
f 2567 3292 2566
f 2566 3292 3291
f 2566 3291 2569
f 2569 3291 3294
f 2569 3294 2568
f 2568 3294 3293
f 2568 3293 2571
f 2571 3293 3296
f 2571 3296 2570
f 2570 3296 3295
f 2570 3295 2573
f 2573 3295 3298
f 2573 3298 2572
f 2572 3298 3297
f 2572 3297 2575
f 2575 3297 3300
f 2575 3300 2574
f 2574 3300 3299
f 2574 3299 2577
f 2577 3299 3302
f 2577 3302 2576
f 2576 3302 3301
f 2576 3301 2579
f 2579 3301 3304
f 2579 3304 2578
f 2578 3304 3303
f 2578 3303 2581
f 2581 3303 3306
f 2581 3306 2580
f 2580 3306 3305
f 2580 3305 2583
f 2583 3305 3308
f 2583 3308 2582
f 2582 3308 3307
f 2582 3307 2585
f 2585 3307 3310
f 2585 3310 2584
f 2584 3310 3309
f 2584 3309 2587
f 2587 3309 3312
f 2587 3312 2586
f 2586 3312 3311
f 2586 3311 2589
f 2589 3311 3314
f 2589 3314 2588
f 2588 3314 3313
f 2588 3313 2591
f 2591 3313 3316
f 2591 3316 2590
f 2590 3316 3315
f 2590 3315 2593
f 2593 3315 3318
f 2593 3318 2592
f 2592 3318 3317
f 2592 3317 2595
f 2595 3317 3320
f 2595 3320 2594
f 2594 3320 3319
f 2594 3319 2597
f 2597 3319 3322
f 2597 3322 2596
f 2596 3322 3321
f 2596 3321 2599
f 2599 3321 3324
f 2599 3324 2598
f 2598 3324 3323
f 2598 3323 2601
f 2601 3323 3326
f 2601 3326 2600
f 2600 3326 3325
f 2600 3325 2603
f 2603 3325 3328
f 2603 3328 2602
f 2602 3328 3327
f 2602 3327 2605
f 2605 3327 3330
f 2605 3330 2604
f 2604 3330 3329
f 2604 3329 2607
f 2607 3329 3332
f 2607 3332 2606
f 2606 3332 3331
f 2606 3331 2609
f 2609 3331 3334
f 2609 3334 2608
f 2608 3334 3333
f 2608 3333 2611
f 2611 3333 3335
f 2611 3335 2612
f 2612 3335 3337
f 2612 3337 2610
f 2610 3337 3336
f 2610 3336 2614
f 2614 3336 3339
f 2614 3339 2613
f 2613 3339 3338
f 2613 3338 2616
f 2616 3338 3341
f 2616 3341 2615
f 2615 3341 3340
f 2615 3340 2618
f 2618 3340 3343
f 2618 3343 2617
f 2617 3343 3342
f 2617 3342 2620
f 2620 3342 3345
f 2620 3345 2619
f 2619 3345 3344
f 2619 3344 2705
f 2705 3344 3430
f 2705 3430 2739
f 2739 3430 3464
f 2739 3464 2740
f 2740 3464 3465
f 2740 3465 2706
f 2706 3465 3431
f 2706 3431 2622
f 2622 3431 3346
f 2622 3346 2623
f 2623 3346 3348
f 2623 3348 2621
f 2621 3348 3347
f 2621 3347 2625
f 2625 3347 3350
f 2625 3350 2624
f 2624 3350 3349
f 2624 3349 2627
f 2627 3349 3352
f 2627 3352 2626
f 2626 3352 3351
f 2626 3351 2629
f 2629 3351 3354
f 2629 3354 2628
f 2628 3354 3353
f 2628 3353 2631
f 2631 3353 3356
f 2631 3356 2630
f 2630 3356 3355
f 2630 3355 2633
f 2633 3355 3358
f 2633 3358 2632
f 2632 3358 3357
f 2632 3357 2635
f 2635 3357 3360
f 2635 3360 2634
f 2634 3360 3359
f 2634 3359 2637
f 2637 3359 3362
f 2637 3362 2636
f 2636 3362 3361
f 2636 3361 2639
f 2639 3361 3364
f 2639 3364 2638
f 2638 3364 3363
f 2638 3363 2641
f 2641 3363 3366
f 2641 3366 2640
f 2640 3366 3365
f 2640 3365 2707
f 2707 3365 3432
f 2707 3432 2643
f 2643 3432 3367
f 2643 3367 2644
f 2644 3367 3369
f 2644 3369 2642
f 2642 3369 3368
f 2642 3368 2646
f 2646 3368 3371
f 2646 3371 2645
f 2645 3371 3370
f 2645 3370 2648
f 2648 3370 3373
f 2648 3373 2647
f 2647 3373 3372
f 2647 3372 2650
f 2650 3372 3375
f 2650 3375 2649
f 2649 3375 3374
f 2649 3374 2652
f 2652 3374 3377
f 2652 3377 2651
f 2651 3377 3376
f 2651 3376 2708
f 2708 3376 3433
f 2708 3433 2654
f 2654 3433 3378
f 2654 3378 2655
f 2655 3378 3380
f 2655 3380 2653
f 2653 3380 3379
f 2653 3379 2657
f 2657 3379 3382
f 2657 3382 2656
f 2656 3382 3381
f 2656 3381 2659
f 2659 3381 3383
f 2659 3383 2660
f 2660 3383 3385
f 2660 3385 2658
f 2658 3385 3384
f 2658 3384 2662
f 2662 3384 3387
f 2662 3387 2661
f 2661 3387 3386
f 2661 3386 2750
f 2750 3386 3475
f 2750 3475 2751
f 2751 3475 3476
f 2751 3476 2741
f 2741 3476 3466
f 2741 3466 2709
f 2709 3466 3434
f 2709 3434 2664
f 2664 3434 3388
f 2664 3388 2665
f 2665 3388 3390
f 2665 3390 2663
f 2663 3390 3389
f 2663 3389 2667
f 2667 3389 3392
f 2667 3392 2666
f 2666 3392 3391
f 2666 3391 2669
f 2669 3391 3394
f 2669 3394 2668
f 2668 3394 3393
f 2668 3393 2671
f 2671 3393 3396
f 2671 3396 2670
f 2670 3396 3395
f 2670 3395 2673
f 2673 3395 3398
f 2673 3398 2672
f 2672 3398 3397
f 2672 3397 2675
f 2675 3397 3400
f 2675 3400 2674
f 2674 3400 3399
f 2674 3399 2677
f 2677 3399 3402
f 2677 3402 2676
f 2676 3402 3401
f 2676 3401 2742
f 2742 3401 3467
f 2742 3467 2743
f 2743 3467 3468
f 2743 3468 2710
f 2710 3468 3435
f 2710 3435 2679
f 2679 3435 3403
f 2679 3403 2680
f 2680 3403 3405
f 2680 3405 2678
f 2678 3405 3404
f 2678 3404 2682
f 2682 3404 3407
f 2682 3407 2681
f 2681 3407 3406
f 2681 3406 2684
f 2684 3406 3409
f 2684 3409 2683
f 2683 3409 3408
f 2683 3408 2686
f 2686 3408 3411
f 2686 3411 2685
f 2685 3411 3410
f 2685 3410 2688
f 2688 3410 3413
f 2688 3413 2687
f 2687 3413 3412
f 2687 3412 2204
f 2204 3412 2928
f 2204 2928 2205
f 2205 2928 2930
f 2205 2930 2203
f 2203 2930 2929
o 
v 47.82 0 -23.52
v 50.415 0 -23.564
v 49.012 0 -23.508
v 47.481 0 -23.542
v 47.656 0 -23.528
v 47.132 0 -23.581
v 47.304 0 -23.56
v 46.84 0 -23.63
v 46.974 0 -23.605
v 45.714 0 -23.86
v 46.216 0 -23.756
v 44.949 0 -24.027
v 45.303 0 -23.948
v 44.29 0 -24.19
v 44.622 0 -24.105
v 43.246 0 -24.457
v 43.395 0 -24.419
v 43.31 0 -24.44
v 43.109 0 -24.501
v 43.178 0 -24.478
v 42.981 0 -24.549
v 43.042 0 -24.525
v 41.287 0 -25.113
v 42.295 0 -24.775
v 42.12 0 -24.83
v 39.368 0 -25.886
v 40.349 0 -25.474
v 37.521 0 -26.756
v 38.404 0 -26.323
v 36.155 0 -27.545
v 36.78 0 -27.16
v 34.776 0 -28.474
v 35.475 0 -27.991
v 33.467 0 -29.439
v 34.095 0 -28.965
v 32.61 0 -30.169
v 32.93 0 -29.87
v 31.484 0 -31.28
v 32.095 0 -30.672
v 30.368 0 -32.417
v 30.875 0 -31.894
v 29.407 0 -33.545
v 30.06 0 -32.75
v 28.14 0 -35.329
v 28.763 0 -34.41
v 26.993 0 -37.269
v 27.547 0 -36.287
v 26.259 0 -38.74
v 26.49 0 -38.26
v 25.958 0 -39.38
v 26.087 0 -39.102
v 25.769 0 -39.82
v 25.857 0 -39.608
v 25.658 0 -40.114
v 25.68 0 -40.05
v 25.442 0 -40.646
v 25.546 0 -40.379
v 25.52 0 -40.43
v 25.16 0 -41.499
v 25.314 0 -41.026
v 24.864 0 -42.442
v 25.002 0 -41.994
v 24.739 0 -42.879
v 24.77 0 -42.77
v 24.644 0 -43.205
v 24.706 0 -42.992
v 24.674 0 -43.103
v 24.6 0 -43.36
v 24.619 0 -43.293
v 24.39 0 -44.244
v 24.506 0 -43.722
v 24.13 0 -45.57
v 24.261 0 -44.876
v 23.9 0 -46.94
v 24.007 0 -46.274
v 23.807 0 -48.699
v 23.842 0 -47.65
v 23.807 0 -51.154
v 23.795 0 -49.923
v 23.9 0 -52.98
v 23.842 0 -52.228
v 24.174 0 -54.732
v 24.034 0 -53.905
v 24.516 0 -56.288
v 24.331 0 -55.51
v 25.01 0 -58.04
v 24.738 0 -57.115
v 26.731 0 -62.326
v 25.778 0 -60.224
v 29.112 0 -66.161
v 27.849 0 -64.315
v 32 0 -69.3
v 30.502 0 -67.833
v 32.71 0 -69.916
v 32.405 0 -69.656
v 33.184 0 -70.287
v 32.955 0 -70.115
v 33.76 0 -70.69
v 33.438 0 -70.468
v 34.508 0 -71.176
v 34.131 0 -70.941
v 35.182 0 -71.544
v 34.866 0 -71.381
v 35.59 0 -71.69
v 35.432 0 -71.651
v 35.683 0 -71.604
v 35.648 0 -71.668
v 35.677 0 -71.346
v 35.693 0 -71.496
v 35.57 0 -70.92
v 35.637 0 -71.154
v 35.514 0 -70.724
v 35.548 0 -70.84
v 35.42 0 -70.419
v 35.47 0 -70.581
v 35.31 0 -70.07
v 35.365 0 -70.246
v 35.069 0 -69.289
v 35.191 0 -69.685
v 35.129 0 -69.482
v 34.97 0 -68.97
v 35.015 0 -69.114
v 34.409 0 -67.193
v 34.588 0 -67.767
v 34.5 0 -67.48
v 34.04 0 -65.99
v 34.155 0 -66.367
v 34.089 0 -66.152
v 32.629 0 -60.924
v 32.68 0 -61.14
v 32.657 0 -61.038
v 32.567 0 -60.689
v 32.599 0 -60.806
v 32.51 0 -60.48
v 32.537 0 -60.578
v 32.17 0 -58.99
v 32.325 0 -59.687
v 32.256 0 -59.375
v 32.023 0 -58.215
v 32.053 0 -58.424
v 32.04 0 -58.33
v 31.958 0 -57.842
v 31.994 0 -58.049
v 38.216 0 -34.894
v 37.91 0 -35.15
v 38.07 0 -35.018
v 38.441 0 -34.696
v 38.341 0 -34.785
v 38.54 0 -34.6
v 38.509 0 -34.632
v 39.06 0 -34.21
v 38.814 0 -34.389
v 38.933 0 -34.303
v 43.701 0 -31.809
v 43.14 0 -32.02
v 43.43 0 -31.912
v 44.142 0 -31.638
v 43.943 0 -31.716
v 44.37 0 -31.54
v 44.289 0 -31.578
v 56.416 0 -31.767
v 56.28 0 -31.71
v 56.337 0 -31.735
v 67.109 0 -61.36
v 67.442 0 -60.128
v 67.13 0 -61.27
v 66.822 0 -62.378
v 66.935 0 -61.982
v 66.88 0 -62.16
v 66.428 0 -63.776
v 66.645 0 -63.01
v 66.539 0 -63.386
v 66.109 0 -64.888
v 66.32 0 -64.16
v 66.212 0 -64.532
v 65.941 0 -65.485
v 66.018 0 -65.211
v 65.85 0 -65.82
v 65.883 0 -65.694
v 65.474 0 -67.215
v 65.716 0 -66.322
v 65.69 0 -66.41
v 65.061 0 -68.973
v 65.259 0 -68.096
v 64.785 0 -70.39
v 64.897 0 -69.764
v 64.755 0 -71.047
v 64.74 0 -70.77
v 64.914 0 -71.324
v 64.809 0 -71.23
v 65.322 0 -71.264
v 65.081 0 -71.334
v 65.978 0 -70.926
v 65.65 0 -71.12
v 66.836 0 -70.246
v 66.37 0 -70.638
v 68.031 0 -69.117
v 67.386 0 -69.742
v 69.74 0 -67.33
v 68.78 0 -68.36
v 71.364 0 -65.299
v 70.594 0 -66.32
v 72.731 0 -63.104
v 72.069 0 -64.237
v 73.567 0 -61.473
v 73.37 0 -61.87
v 73.92 0 -60.748
v 73.753 0 -61.093
v 74.166 0 -60.229
v 74.06 0 -60.454
v 74.351 0 -59.78
v 74.23 0 -60.09
v 74.743 0 -58.689
v 74.533 0 -59.283
v 75.114 0 -57.581
v 74.947 0 -58.091
v 75.233 0 -57.169
v 75.21 0 -57.25
v 75.291 0 -56.965
v 75.261 0 -57.072
v 75.353 0 -56.747
v 75.323 0 -56.854
v 75.488 0 -56.235
v 75.38 0 -56.65
v 75.711 0 -55.235
v 75.599 0 -55.76
v 75.925 0 -54.088
v 75.821 0 -54.674
v 76.114 0 -52.603
v 76.02 0 -53.49
v 76.181 0 -50.311
v 76.168 0 -51.509
v 76.092 0 -48.01
v 76.156 0 -49.111
v 75.872 0 -46.386
v 75.99 0 -47.11
v 75.666 0 -45.219
v 75.765 0 -45.761
v 75.477 0 -44.315
v 75.571 0 -44.743
v 75.354 0 -43.817
v 75.38 0 -43.92
v 75.236 0 -43.343
v 75.295 0 -43.58
v 75.265 0 -43.459
v 75.159 0 -43.025
v 75.21 0 -43.24
v 75.187 0 -43.138
v 75.097 0 -42.795
v 75.129 0 -42.909
v 75.04 0 -42.6
v 75.067 0 -42.69
v 74.99 0 -42.411
v 75.017 0 -42.512
v 74.447 0 -40.621
v 74.903 0 -42.092
v 74.88 0 -42
v 73.19 0 -37.771
v 73.879 0 -39.203
v 71.506 0 -34.978
v 72.394 0 -36.354
v 70.37 0 -33.456
v 70.54 0 -33.67
v 70.08 0 -33.088
v 70.215 0 -33.259
v 69.896 0 -32.859
v 69.972 0 -32.951
v 69.816 0 -32.777
v 69.86 0 -32.82
v 68.227 0 -31.086
v 69.194 0 -32.107
v 68.97 0 -31.86
v 66.539 0 -29.554
v 67.411 0 -30.312
v 64.7 0 -28.138
v 65.629 0 -28.824
v 62.983 0 -27.038
v 63.77 0 -27.51
v 61.15 0 -26.103
v 62.097 0 -26.563
v 59.224 0 -25.294
v 60.18 0 -25.674
v 58.159 0 -24.93
v 58.32 0 -24.98
v 57.287 0 -24.651
v 57.56 0 -24.74
v 57.448 0 -24.7
v 56.85 0 -24.532
v 57.085 0 -24.595
v 56.31 0 -24.39
v 56.589 0 -24.463
v 54.657 0 -24.021
v 55.764 0 -24.256
v 55.67 0 -24.23
v 51.906 0 -23.676
v 53.361 0 -23.833
v 43.524 0 -24.386
v 42.466 0 -24.72
v 25.632 0 -40.182
v 25.575 0 -40.318
v 34.677 0 -68.057
v 33.881 0 -65.479
v 32.144 0 -58.883
v 56.51 0 -31.806
v 67.076 0 -61.485
v 66.987 0 -61.805
v 65.828 0 -65.908
v 65.745 0 -66.221
v 75.325 0 -43.701
v 74.96 0 -42.304
v 74.93 0 -42.196
v 69.399 0 -32.331
v 57.625 0 -24.761
v 55.871 0 -24.285
v 44.08 0 -24.245
v 43.688 0 -24.345
v 42.93 0 -24.57
v 42.623 0 -24.67
v 25.604 0 -40.251
v 35.252 0 -69.884
v 34.319 0 -66.903
v 34.232 0 -66.622
v 32.381 0 -59.941
v 31.916 0 -57.608
v 56.614 0 -31.849
v 66.741 0 -62.667
v 69.576 0 -32.524
v 58.001 0 -24.88
v 55.986 0 -24.314
v 43.876 0 -24.297
v 42.758 0 -24.626
v 34.916 0 -68.808
v 32.733 0 -61.353
v 31.872 0 -57.356
v 38.567 0 -34.574
v 56.723 0 -31.894
v 65.774 0 -66.115
v 69.718 0 -32.676
v 57.726 0 -24.793
v 56.102 0 -24.342
v 42.863 0 -24.592
v 34.846 0 -68.593
v 32.789 0 -61.575
v 67.035 0 -61.636
v 65.802 0 -66.009
v 57.854 0 -24.834
v 56.212 0 -24.368
v 34.765 0 -68.338
v 32.47 0 -60.324
v 67.724 0 -59.014
v 33.741 0 -65.021
v 67.974 0 -57.943
v 33.612 0 -64.591
v 68.186 0 -56.929
v 33.489 0 -64.166
v 68.356 0 -55.99
v 33.364 0 -63.72
v 68.48 0 -55.14
v 33.23 0 -63.23
v 68.601 0 -53.9
v 33.068 0 -62.634
v 68.681 0 -52.452
v 32.947 0 -62.181
v 68.721 0 -50.92
v 32.857 0 -61.84
v 68.719 0 -49.428
v 68.672 0 -48.1
v 68.58 0 -47.06
v 32.429 0 -60.149
v 68.075 0 -44.532
v 67.251 0 -42.151
v 66.111 0 -39.923
v 32.119 0 -58.768
v 32.094 0 -58.649
v 64.659 0 -37.853
v 32.071 0 -58.532
v 62.898 0 -35.947
v 60.83 0 -34.21
v 60.241 0 -33.795
v 31.83 0 -57.1
v 59.569 0 -33.366
v 31.451 0 -54.628
v 58.853 0 -32.944
v 31.224 0 -52.386
v 58.131 0 -32.551
v 31.149 0 -50.319
v 57.444 0 -32.209
v 31.226 0 -48.37
v 56.83 0 -31.94
v 31.457 0 -46.486
v 31.84 0 -44.61
v 32.096 0 -43.683
v 56.218 0 -31.685
v 32.414 0 -42.763
v 56.126 0 -31.65
v 32.791 0 -41.854
v 56.011 0 -31.609
v 33.226 0 -40.957
v 55.881 0 -31.563
v 33.716 0 -40.075
v 55.741 0 -31.516
v 55.6 0 -31.47
v 34.26 0 -39.21
v 55.39 0 -31.401
v 34.791 0 -38.459
v 55.194 0 -31.342
v 35.346 0 -37.744
v 54.99 0 -31.285
v 35.931 0 -37.06
v 54.756 0 -31.225
v 36.55 0 -36.403
v 54.47 0 -31.155
v 37.208 0 -35.767
v 54.11 0 -31.07
v 52.932 0 -30.884
v 38.626 0 -34.528
v 51.479 0 -30.784
v 38.71 0 -34.465
v 49.884 0 -30.769
v 48.281 0 -30.836
v 46.805 0 -30.984
v 39.655 0 -33.784
v 45.59 0 -31.21
v 40.28 0 -33.384
v 45.261 0 -31.293
v 40.939 0 -33.01
v 44.989 0 -31.362
v 41.633 0 -32.659
v 44.77 0 -31.42
v 42.366 0 -32.329
v 44.597 0 -31.468
v 44.466 0 -31.507
v 50.415 10 -23.564
v 47.82 10 -23.52
v 49.012 10 -23.508
v 47.481 10 -23.542
v 47.656 10 -23.528
v 47.132 10 -23.581
v 47.304 10 -23.56
v 46.84 10 -23.63
v 46.974 10 -23.605
v 45.714 10 -23.86
v 46.216 10 -23.756
v 44.949 10 -24.027
v 45.303 10 -23.948
v 44.29 10 -24.19
v 44.622 10 -24.105
v 43.395 10 -24.419
v 43.246 10 -24.457
v 43.31 10 -24.44
v 43.109 10 -24.501
v 43.178 10 -24.478
v 42.981 10 -24.549
v 43.042 10 -24.525
v 42.295 10 -24.775
v 41.287 10 -25.113
v 42.12 10 -24.83
v 39.368 10 -25.886
v 40.349 10 -25.474
v 37.521 10 -26.756
v 38.404 10 -26.323
v 36.155 10 -27.545
v 36.78 10 -27.16
v 34.776 10 -28.474
v 35.475 10 -27.991
v 33.467 10 -29.439
v 34.095 10 -28.965
v 32.61 10 -30.169
v 32.93 10 -29.87
v 31.484 10 -31.28
v 32.095 10 -30.672
v 30.368 10 -32.417
v 30.875 10 -31.894
v 29.407 10 -33.545
v 30.06 10 -32.75
v 28.14 10 -35.329
v 28.763 10 -34.41
v 26.993 10 -37.269
v 27.547 10 -36.287
v 26.259 10 -38.74
v 26.49 10 -38.26
v 25.958 10 -39.38
v 26.087 10 -39.102
v 25.769 10 -39.82
v 25.857 10 -39.608
v 25.658 10 -40.114
v 25.68 10 -40.05
v 25.546 10 -40.379
v 25.442 10 -40.646
v 25.52 10 -40.43
v 25.16 10 -41.499
v 25.314 10 -41.026
v 24.864 10 -42.442
v 25.002 10 -41.994
v 24.739 10 -42.879
v 24.77 10 -42.77
v 24.706 10 -42.992
v 24.644 10 -43.205
v 24.674 10 -43.103
v 24.6 10 -43.36
v 24.619 10 -43.293
v 24.39 10 -44.244
v 24.506 10 -43.722
v 24.13 10 -45.57
v 24.261 10 -44.876
v 23.9 10 -46.94
v 24.007 10 -46.274
v 23.807 10 -48.699
v 23.842 10 -47.65
v 23.807 10 -51.154
v 23.795 10 -49.923
v 23.9 10 -52.98
v 23.842 10 -52.228
v 24.174 10 -54.732
v 24.034 10 -53.905
v 24.516 10 -56.288
v 24.331 10 -55.51
v 25.01 10 -58.04
v 24.738 10 -57.115
v 26.731 10 -62.326
v 25.778 10 -60.224
v 29.112 10 -66.161
v 27.849 10 -64.315
v 32 10 -69.3
v 30.502 10 -67.833
v 32.71 10 -69.916
v 32.405 10 -69.656
v 33.184 10 -70.287
v 32.955 10 -70.115
v 33.76 10 -70.69
v 33.438 10 -70.468
v 34.508 10 -71.176
v 34.131 10 -70.941
v 35.182 10 -71.544
v 34.866 10 -71.381
v 35.59 10 -71.69
v 35.432 10 -71.651
v 35.683 10 -71.604
v 35.648 10 -71.668
v 35.677 10 -71.346
v 35.693 10 -71.496
v 35.57 10 -70.92
v 35.637 10 -71.154
v 35.514 10 -70.724
v 35.548 10 -70.84
v 35.42 10 -70.419
v 35.47 10 -70.581
v 35.31 10 -70.07
v 35.365 10 -70.246
v 35.191 10 -69.685
v 35.069 10 -69.289
v 35.129 10 -69.482
v 34.97 10 -68.97
v 35.015 10 -69.114
v 34.588 10 -67.767
v 34.409 10 -67.193
v 34.5 10 -67.48
v 34.155 10 -66.367
v 34.04 10 -65.99
v 34.089 10 -66.152
v 32.68 10 -61.14
v 32.629 10 -60.924
v 32.657 10 -61.038
v 32.567 10 -60.689
v 32.599 10 -60.806
v 32.51 10 -60.48
v 32.537 10 -60.578
v 32.325 10 -59.687
v 32.17 10 -58.99
v 32.256 10 -59.375
v 32.053 10 -58.424
v 32.023 10 -58.215
v 32.04 10 -58.33
v 31.958 10 -57.842
v 31.994 10 -58.049
v 37.91 10 -35.15
v 38.216 10 -34.894
v 38.07 10 -35.018
v 38.441 10 -34.696
v 38.341 10 -34.785
v 38.54 10 -34.6
v 38.509 10 -34.632
v 38.814 10 -34.389
v 39.06 10 -34.21
v 38.933 10 -34.303
v 43.14 10 -32.02
v 43.701 10 -31.809
v 43.43 10 -31.912
v 44.142 10 -31.638
v 43.943 10 -31.716
v 44.37 10 -31.54
v 44.289 10 -31.578
v 56.28 10 -31.71
v 56.416 10 -31.767
v 56.337 10 -31.735
v 67.442 10 -60.128
v 67.109 10 -61.36
v 67.13 10 -61.27
v 66.935 10 -61.982
v 66.822 10 -62.378
v 66.88 10 -62.16
v 66.645 10 -63.01
v 66.428 10 -63.776
v 66.539 10 -63.386
v 66.32 10 -64.16
v 66.109 10 -64.888
v 66.212 10 -64.532
v 65.941 10 -65.485
v 66.018 10 -65.211
v 65.85 10 -65.82
v 65.883 10 -65.694
v 65.716 10 -66.322
v 65.474 10 -67.215
v 65.69 10 -66.41
v 65.061 10 -68.973
v 65.259 10 -68.096
v 64.785 10 -70.39
v 64.897 10 -69.764
v 64.755 10 -71.047
v 64.74 10 -70.77
v 64.914 10 -71.324
v 64.809 10 -71.23
v 65.322 10 -71.264
v 65.081 10 -71.334
v 65.978 10 -70.926
v 65.65 10 -71.12
v 66.836 10 -70.246
v 66.37 10 -70.638
v 68.031 10 -69.117
v 67.386 10 -69.742
v 69.74 10 -67.33
v 68.78 10 -68.36
v 71.364 10 -65.299
v 70.594 10 -66.32
v 72.731 10 -63.104
v 72.069 10 -64.237
v 73.567 10 -61.473
v 73.37 10 -61.87
v 73.92 10 -60.748
v 73.753 10 -61.093
v 74.166 10 -60.229
v 74.06 10 -60.454
v 74.351 10 -59.78
v 74.23 10 -60.09
v 74.743 10 -58.689
v 74.533 10 -59.283
v 75.114 10 -57.581
v 74.947 10 -58.091
v 75.233 10 -57.169
v 75.21 10 -57.25
v 75.291 10 -56.965
v 75.261 10 -57.072
v 75.353 10 -56.747
v 75.323 10 -56.854
v 75.488 10 -56.235
v 75.38 10 -56.65
v 75.711 10 -55.235
v 75.599 10 -55.76
v 75.925 10 -54.088
v 75.821 10 -54.674
v 76.114 10 -52.603
v 76.02 10 -53.49
v 76.181 10 -50.311
v 76.168 10 -51.509
v 76.092 10 -48.01
v 76.156 10 -49.111
v 75.872 10 -46.386
v 75.99 10 -47.11
v 75.666 10 -45.219
v 75.765 10 -45.761
v 75.477 10 -44.315
v 75.571 10 -44.743
v 75.354 10 -43.817
v 75.38 10 -43.92
v 75.295 10 -43.58
v 75.236 10 -43.343
v 75.265 10 -43.459
v 75.21 10 -43.24
v 75.159 10 -43.025
v 75.187 10 -43.138
v 75.097 10 -42.795
v 75.129 10 -42.909
v 75.04 10 -42.6
v 75.067 10 -42.69
v 74.99 10 -42.411
v 75.017 10 -42.512
v 74.903 10 -42.092
v 74.447 10 -40.621
v 74.88 10 -42
v 73.19 10 -37.771
v 73.879 10 -39.203
v 71.506 10 -34.978
v 72.394 10 -36.354
v 70.37 10 -33.456
v 70.54 10 -33.67
v 70.08 10 -33.088
v 70.215 10 -33.259
v 69.896 10 -32.859
v 69.972 10 -32.951
v 69.816 10 -32.777
v 69.86 10 -32.82
v 69.194 10 -32.107
v 68.227 10 -31.086
v 68.97 10 -31.86
v 66.539 10 -29.554
v 67.411 10 -30.312
v 64.7 10 -28.138
v 65.629 10 -28.824
v 62.983 10 -27.038
v 63.77 10 -27.51
v 61.15 10 -26.103
v 62.097 10 -26.563
v 59.224 10 -25.294
v 60.18 10 -25.674
v 58.159 10 -24.93
v 58.32 10 -24.98
v 57.56 10 -24.74
v 57.287 10 -24.651
v 57.448 10 -24.7
v 56.85 10 -24.532
v 57.085 10 -24.595
v 56.31 10 -24.39
v 56.589 10 -24.463
v 55.764 10 -24.256
v 54.657 10 -24.021
v 55.67 10 -24.23
v 51.906 10 -23.676
v 53.361 10 -23.833
v 43.524 10 -24.386
v 42.466 10 -24.72
v 25.632 10 -40.182
v 25.575 10 -40.318
v 34.677 10 -68.057
v 33.881 10 -65.479
v 32.144 10 -58.883
v 56.51 10 -31.806
v 67.076 10 -61.485
v 66.987 10 -61.805
v 65.828 10 -65.908
v 65.745 10 -66.221
v 75.325 10 -43.701
v 74.96 10 -42.304
v 74.93 10 -42.196
v 69.399 10 -32.331
v 57.625 10 -24.761
v 55.871 10 -24.285
v 44.08 10 -24.245
v 43.688 10 -24.345
v 42.93 10 -24.57
v 42.623 10 -24.67
v 25.604 10 -40.251
v 35.252 10 -69.884
v 34.319 10 -66.903
v 34.232 10 -66.622
v 32.381 10 -59.941
v 31.916 10 -57.608
v 56.614 10 -31.849
v 66.741 10 -62.667
v 69.576 10 -32.524
v 58.001 10 -24.88
v 55.986 10 -24.314
v 43.876 10 -24.297
v 42.758 10 -24.626
v 34.916 10 -68.808
v 32.733 10 -61.353
v 31.872 10 -57.356
v 38.567 10 -34.574
v 56.723 10 -31.894
v 65.774 10 -66.115
v 69.718 10 -32.676
v 57.726 10 -24.793
v 56.102 10 -24.342
v 42.863 10 -24.592
v 34.846 10 -68.593
v 32.789 10 -61.575
v 67.035 10 -61.636
v 65.802 10 -66.009
v 57.854 10 -24.834
v 56.212 10 -24.368
v 34.765 10 -68.338
v 32.47 10 -60.324
v 67.724 10 -59.014
v 33.741 10 -65.021
v 67.974 10 -57.943
v 33.612 10 -64.591
v 68.186 10 -56.929
v 33.489 10 -64.166
v 68.356 10 -55.99
v 33.364 10 -63.72
v 68.48 10 -55.14
v 33.23 10 -63.23
v 68.601 10 -53.9
v 33.068 10 -62.634
v 68.681 10 -52.452
v 32.947 10 -62.181
v 68.721 10 -50.92
v 32.857 10 -61.84
v 68.719 10 -49.428
v 68.672 10 -48.1
v 68.58 10 -47.06
v 32.429 10 -60.149
v 68.075 10 -44.532
v 67.251 10 -42.151
v 66.111 10 -39.923
v 32.119 10 -58.768
v 32.094 10 -58.649
v 64.659 10 -37.853
v 32.071 10 -58.532
v 62.898 10 -35.947
v 60.83 10 -34.21
v 60.241 10 -33.795
v 31.83 10 -57.1
v 59.569 10 -33.366
v 31.451 10 -54.628
v 58.853 10 -32.944
v 31.224 10 -52.386
v 58.131 10 -32.551
v 31.149 10 -50.319
v 57.444 10 -32.209
v 31.226 10 -48.37
v 56.83 10 -31.94
v 31.457 10 -46.486
v 31.84 10 -44.61
v 32.096 10 -43.683
v 56.218 10 -31.685
v 32.414 10 -42.763
v 56.126 10 -31.65
v 32.791 10 -41.854
v 56.011 10 -31.609
v 33.226 10 -40.957
v 55.881 10 -31.563
v 33.716 10 -40.075
v 55.741 10 -31.516
v 55.6 10 -31.47
v 34.26 10 -39.21
v 55.39 10 -31.401
v 34.791 10 -38.459
v 55.194 10 -31.342
v 35.346 10 -37.744
v 54.99 10 -31.285
v 35.931 10 -37.06
v 54.756 10 -31.225
v 36.55 10 -36.403
v 54.47 10 -31.155
v 37.208 10 -35.767
v 54.11 10 -31.07
v 52.932 10 -30.884
v 38.626 10 -34.528
v 51.479 10 -30.784
v 38.71 10 -34.465
v 49.884 10 -30.769
v 48.281 10 -30.836
v 46.805 10 -30.984
v 39.655 10 -33.784
v 45.59 10 -31.21
v 40.28 10 -33.384
v 45.261 10 -31.293
v 40.939 10 -33.01
v 44.989 10 -31.362
v 41.633 10 -32.659
v 44.77 10 -31.42
v 42.366 10 -32.329
v 44.597 10 -31.468
v 44.466 10 -31.507
f 3653 3654 3655
f 3656 3653 3657
f 3658 3656 3659
f 3660 3658 3661
f 3662 3660 3663
f 3664 3662 3665
f 3666 3664 3667
f 3668 3669 3670
f 3671 3668 3672
f 3673 3671 3674
f 3675 3676 3677
f 3678 3675 3679
f 3680 3678 3681
f 3682 3680 3683
f 3684 3682 3685
f 3686 3684 3687
f 3688 3686 3689
f 3690 3688 3691
f 3692 3690 3693
f 3694 3692 3695
f 3696 3694 3697
f 3698 3696 3699
f 3700 3698 3701
f 3702 3700 3703
f 3704 3702 3705
f 3706 3704 3707
f 3708 3709 3710
f 3711 3708 3712
f 3713 3711 3714
f 3715 3713 3716
f 3717 3718 3719
f 3720 3717 3721
f 3722 3720 3723
f 3724 3722 3725
f 3726 3724 3727
f 3728 3726 3729
f 3730 3728 3731
f 3732 3730 3733
f 3734 3732 3735
f 3736 3734 3737
f 3738 3736 3739
f 3740 3738 3741
f 3742 3740 3743
f 3744 3742 3745
f 3746 3744 3747
f 3748 3746 3749
f 3750 3748 3751
f 3752 3750 3753
f 3754 3752 3755
f 3756 3754 3757
f 3758 3756 3759
f 3760 3758 3761
f 3762 3760 3763
f 3764 3762 3765
f 3766 3764 3767
f 3768 3766 3769
f 3770 3771 3772
f 3773 3770 3774
f 3775 3776 3777
f 3778 3779 3780
f 3781 3782 3783
f 3784 3781 3785
f 3786 3784 3787
f 3788 3789 3790
f 3791 3792 3793
f 3794 3791 3795
f 3796 3797 3798
f 3799 3796 3800
f 3801 3799 3802
f 3803 3804 3805
f 3806 3807 3808
f 3809 3806 3810
f 3811 3809 3812
f 3813 3814 3815
f 3816 3817 3818
f 3819 3820 3821
f 3822 3823 3824
f 3825 3826 3827
f 3828 3825 3829
f 3830 3828 3831
f 3832 3833 3834
f 3835 3832 3836
f 3837 3835 3838
f 3839 3837 3840
f 3841 3839 3842
f 3843 3841 3844
f 3845 3843 3846
f 3847 3845 3848
f 3849 3847 3850
f 3851 3849 3852
f 3853 3851 3854
f 3855 3853 3856
f 3857 3855 3858
f 3859 3857 3860
f 3861 3859 3862
f 3863 3861 3864
f 3865 3863 3866
f 3867 3865 3868
f 3869 3867 3870
f 3871 3869 3872
f 3873 3871 3874
f 3875 3873 3876
f 3877 3875 3878
f 3879 3877 3880
f 3881 3879 3882
f 3883 3881 3884
f 3885 3883 3886
f 3887 3885 3888
f 3889 3887 3890
f 3891 3889 3892
f 3893 3891 3894
f 3895 3896 3897
f 3898 3899 3900
f 3901 3898 3902
f 3903 3901 3904
f 3905 3903 3906
f 3907 3908 3909
f 3910 3907 3911
f 3912 3910 3913
f 3914 3912 3915
f 3916 3914 3917
f 3918 3916 3919
f 3920 3918 3921
f 3922 3923 3924
f 3925 3922 3926
f 3927 3925 3928
f 3929 3927 3930
f 3931 3929 3932
f 3933 3931 3934
f 3935 3933 3936
f 3937 3938 3939
f 3940 3937 3941
f 3942 3940 3943
f 3944 3945 3946
f 3947 3944 3948
f 3653 3947 3654
f 3658 3653 3656
f 3662 3658 3660
f 3666 3662 3664
f 3668 3949 3669
f 3673 3668 3671
f 3675 3950 3676
f 3680 3675 3678
f 3684 3680 3682
f 3688 3684 3686
f 3692 3688 3690
f 3696 3692 3694
f 3700 3696 3698
f 3704 3700 3702
f 3951 3704 3706
f 3708 3952 3709
f 3713 3708 3711
f 3720 3718 3717
f 3724 3720 3722
f 3728 3724 3726
f 3732 3728 3730
f 3736 3732 3734
f 3740 3736 3738
f 3744 3740 3742
f 3748 3744 3746
f 3752 3748 3750
f 3756 3752 3754
f 3760 3756 3758
f 3764 3760 3762
f 3768 3764 3766
f 3773 3771 3770
f 3775 3953 3776
f 3954 3779 3778
f 3784 3782 3781
f 3955 3789 3788
f 3794 3792 3791
f 3799 3797 3796
f 3809 3807 3806
f 3956 3814 3813
f 3957 3817 3816
f 3819 3958 3820
f 3826 3823 3822
f 3828 3826 3825
f 3959 3828 3830
f 3832 3960 3833
f 3837 3832 3835
f 3841 3837 3839
f 3845 3841 3843
f 3849 3845 3847
f 3853 3849 3851
f 3857 3853 3855
f 3861 3857 3859
f 3865 3861 3863
f 3869 3865 3867
f 3873 3869 3871
f 3877 3873 3875
f 3881 3877 3879
f 3885 3881 3883
f 3889 3885 3887
f 3893 3889 3891
f 3895 3961 3896
f 3901 3899 3898
f 3962 3903 3905
f 3907 3963 3908
f 3912 3907 3910
f 3916 3912 3914
f 3920 3916 3918
f 3922 3964 3923
f 3927 3922 3925
f 3931 3927 3929
f 3935 3931 3933
f 3937 3965 3938
f 3942 3937 3940
f 3944 3966 3945
f 3653 3944 3947
f 3662 3653 3658
f 3967 3662 3666
f 3668 3968 3949
f 3969 3668 3673
f 3675 3970 3950
f 3684 3675 3680
f 3692 3684 3688
f 3700 3692 3696
f 3951 3700 3704
f 3708 3971 3952
f 3715 3708 3713
f 3720 3715 3718
f 3728 3720 3724
f 3736 3728 3732
f 3744 3736 3740
f 3752 3744 3748
f 3760 3752 3756
f 3768 3760 3764
f 3773 3972 3771
f 3973 3953 3775
f 3954 3974 3779
f 3786 3782 3784
f 3955 3975 3789
f 3976 3792 3794
f 3801 3797 3799
f 3811 3807 3809
f 3977 3814 3956
f 3978 3958 3819
f 3959 3826 3828
f 3837 3960 3832
f 3845 3837 3841
f 3853 3845 3849
f 3861 3853 3857
f 3869 3861 3865
f 3877 3869 3873
f 3885 3877 3881
f 3893 3885 3889
f 3899 3961 3895
f 3903 3899 3901
f 3963 3903 3962
f 3912 3963 3907
f 3920 3912 3916
f 3922 3979 3964
f 3931 3922 3927
f 3980 3931 3935
f 3942 3965 3937
f 3944 3981 3966
f 3662 3944 3653
f 3982 3662 3967
f 3969 3968 3668
f 3675 3983 3970
f 3692 3675 3684
f 3951 3692 3700
f 3715 3971 3708
f 3728 3715 3720
f 3744 3728 3736
f 3760 3744 3752
f 3972 3760 3768
f 3984 3972 3773
f 3954 3973 3974
f 3786 3985 3782
f 3986 3792 3976
f 3987 3797 3801
f 3988 3814 3977
f 3823 3958 3978
f 3959 3823 3826
f 3837 3989 3960
f 3853 3837 3845
f 3869 3853 3861
f 3885 3869 3877
f 3961 3885 3893
f 3903 3961 3899
f 3912 3903 3963
f 3990 3912 3920
f 3922 3990 3979
f 3980 3922 3931
f 3942 3991 3965
f 3944 3992 3981
f 3982 3944 3662
f 3969 3982 3968
f 3675 3993 3983
f 3951 3675 3692
f 3715 3951 3971
f 3744 3715 3728
f 3972 3744 3760
f 3994 3972 3984
f 3786 3995 3985
f 3823 3996 3958
f 3997 3823 3959
f 3837 3997 3989
f 3869 3837 3853
f 3961 3869 3885
f 3912 3961 3903
f 3922 3912 3990
f 3998 3922 3980
f 3942 3998 3991
f 3944 3999 3992
f 3969 3944 3982
f 3675 3969 3993
f 3715 3675 3951
f 3972 3715 3744
f 4000 3972 3994
f 4001 3995 3786
f 3997 3996 3823
f 3869 3997 3837
f 3912 3869 3961
f 3998 3912 3922
f 3999 3998 3942
f 3969 3999 3944
f 3715 3969 3675
f 4000 3715 3972
f 3869 3996 3997
f 3999 3912 3998
f 3953 3715 4000
f 3869 3957 3996
f 3969 3912 3999
f 3973 3715 3953
f 3869 3817 3957
f 3954 3715 3973
f 3869 4002 3817
f 4003 3715 3954
f 3869 4004 4002
f 4005 3715 4003
f 3869 4006 4004
f 4007 3715 4005
f 3869 4008 4006
f 4009 3715 4007
f 3869 4010 4008
f 4011 3715 4009
f 3869 4012 4010
f 4013 3715 4011
f 3869 4014 4012
f 4015 3715 4013
f 3869 4016 4014
f 4017 3715 4015
f 3869 4018 4016
f 3995 3715 4017
f 3869 4019 4018
f 4001 3715 3995
f 3869 4020 4019
f 4021 3715 4001
f 3869 4022 4020
f 3975 3715 4021
f 3869 4023 4022
f 3955 3715 3975
f 3869 4024 4023
f 4025 3715 3955
f 3912 4024 3869
f 4026 3715 4025
f 3912 4027 4024
f 4028 3715 4026
f 3912 4029 4027
f 3792 3715 4028
f 3912 4030 4029
f 3986 3715 3792
f 3912 4031 4030
f 4032 3715 3986
f 3912 4033 4031
f 4034 3715 4032
f 3912 4035 4033
f 4036 3715 4034
f 3912 4037 4035
f 4038 3715 4036
f 3912 4039 4037
f 4040 3715 4038
f 3912 4041 4039
f 4042 3715 4040
f 3912 3988 4041
f 4043 3715 4042
f 3912 3814 3988
f 4044 3715 4043
f 3912 4045 3814
f 4046 3715 4044
f 3912 4047 4045
f 4048 3715 4046
f 3912 4049 4047
f 4050 3715 4048
f 3912 4051 4049
f 4052 3715 4050
f 3912 4053 4051
f 4052 3969 3715
f 3912 4054 4053
f 4055 3969 4052
f 3912 4056 4054
f 4057 3969 4055
f 3912 4058 4056
f 4059 3969 4057
f 3912 4060 4058
f 4061 3969 4059
f 3912 4062 4060
f 4063 3969 4061
f 3912 4064 4062
f 4065 3969 4063
f 3912 4066 4064
f 3797 3969 4065
f 3969 4066 3912
f 3987 3969 3797
f 3969 4067 4066
f 4068 3969 3987
f 3969 4069 4067
f 4070 3969 4068
f 3969 4071 4069
f 3804 3969 4070
f 3969 4072 4071
f 3803 3969 3804
f 3969 4073 4072
f 4074 3969 3803
f 3969 4075 4073
f 4076 3969 4074
f 3969 4077 4075
f 4078 3969 4076
f 3969 4079 4077
f 4080 3969 4078
f 3969 4081 4079
f 4082 3969 4080
f 3969 4083 4081
f 3807 3969 4082
f 3969 4084 4083
f 3811 3969 3807
f 3969 3811 4084
f 4085 4086 4087
f 4086 4088 4089
f 4088 4090 4091
f 4090 4092 4093
f 4092 4094 4095
f 4094 4096 4097
f 4096 4098 4099
f 4100 4101 4102
f 4101 4103 4104
f 4103 4105 4106
f 4107 4108 4109
f 4108 4110 4111
f 4110 4112 4113
f 4112 4114 4115
f 4114 4116 4117
f 4116 4118 4119
f 4118 4120 4121
f 4120 4122 4123
f 4122 4124 4125
f 4124 4126 4127
f 4126 4128 4129
f 4128 4130 4131
f 4130 4132 4133
f 4132 4134 4135
f 4134 4136 4137
f 4136 4138 4139
f 4140 4141 4142
f 4141 4143 4144
f 4143 4145 4146
f 4145 4147 4148
f 4149 4150 4151
f 4150 4152 4153
f 4152 4154 4155
f 4154 4156 4157
f 4156 4158 4159
f 4158 4160 4161
f 4160 4162 4163
f 4162 4164 4165
f 4164 4166 4167
f 4166 4168 4169
f 4168 4170 4171
f 4170 4172 4173
f 4172 4174 4175
f 4174 4176 4177
f 4176 4178 4179
f 4178 4180 4181
f 4180 4182 4183
f 4182 4184 4185
f 4184 4186 4187
f 4186 4188 4189
f 4188 4190 4191
f 4190 4192 4193
f 4192 4194 4195
f 4194 4196 4197
f 4196 4198 4199
f 4198 4200 4201
f 4202 4203 4204
f 4203 4205 4206
f 4207 4208 4209
f 4210 4211 4212
f 4213 4214 4215
f 4214 4216 4217
f 4216 4218 4219
f 4220 4221 4222
f 4223 4224 4225
f 4224 4226 4227
f 4228 4229 4230
f 4229 4231 4232
f 4231 4233 4234
f 4235 4236 4237
f 4238 4239 4240
f 4239 4241 4242
f 4241 4243 4244
f 4245 4246 4247
f 4248 4249 4250
f 4251 4252 4253
f 4254 4255 4256
f 4257 4258 4259
f 4258 4260 4261
f 4260 4262 4263
f 4264 4265 4266
f 4265 4267 4268
f 4267 4269 4270
f 4269 4271 4272
f 4271 4273 4274
f 4273 4275 4276
f 4275 4277 4278
f 4277 4279 4280
f 4279 4281 4282
f 4281 4283 4284
f 4283 4285 4286
f 4285 4287 4288
f 4287 4289 4290
f 4289 4291 4292
f 4291 4293 4294
f 4293 4295 4296
f 4295 4297 4298
f 4297 4299 4300
f 4299 4301 4302
f 4301 4303 4304
f 4303 4305 4306
f 4305 4307 4308
f 4307 4309 4310
f 4309 4311 4312
f 4311 4313 4314
f 4313 4315 4316
f 4315 4317 4318
f 4317 4319 4320
f 4319 4321 4322
f 4321 4323 4324
f 4323 4325 4326
f 4327 4328 4329
f 4330 4331 4332
f 4331 4333 4334
f 4333 4335 4336
f 4335 4337 4338
f 4339 4340 4341
f 4340 4342 4343
f 4342 4344 4345
f 4344 4346 4347
f 4346 4348 4349
f 4348 4350 4351
f 4350 4352 4353
f 4354 4355 4356
f 4355 4357 4358
f 4357 4359 4360
f 4359 4361 4362
f 4361 4363 4364
f 4363 4365 4366
f 4365 4367 4368
f 4369 4370 4371
f 4370 4372 4373
f 4372 4374 4375
f 4376 4377 4378
f 4377 4379 4380
f 4379 4086 4085
f 4086 4090 4088
f 4090 4094 4092
f 4094 4098 4096
f 4381 4101 4100
f 4101 4105 4103
f 4382 4108 4107
f 4108 4112 4110
f 4112 4116 4114
f 4116 4120 4118
f 4120 4124 4122
f 4124 4128 4126
f 4128 4132 4130
f 4132 4136 4134
f 4136 4383 4138
f 4384 4141 4140
f 4141 4145 4143
f 4149 4152 4150
f 4152 4156 4154
f 4156 4160 4158
f 4160 4164 4162
f 4164 4168 4166
f 4168 4172 4170
f 4172 4176 4174
f 4176 4180 4178
f 4180 4184 4182
f 4184 4188 4186
f 4188 4192 4190
f 4192 4196 4194
f 4196 4200 4198
f 4202 4205 4203
f 4385 4208 4207
f 4210 4386 4211
f 4213 4216 4214
f 4220 4387 4221
f 4223 4226 4224
f 4228 4231 4229
f 4238 4241 4239
f 4245 4388 4246
f 4248 4389 4249
f 4390 4252 4251
f 4254 4257 4255
f 4257 4260 4258
f 4260 4391 4262
f 4392 4265 4264
f 4265 4269 4267
f 4269 4273 4271
f 4273 4277 4275
f 4277 4281 4279
f 4281 4285 4283
f 4285 4289 4287
f 4289 4293 4291
f 4293 4297 4295
f 4297 4301 4299
f 4301 4305 4303
f 4305 4309 4307
f 4309 4313 4311
f 4313 4317 4315
f 4317 4321 4319
f 4321 4325 4323
f 4393 4328 4327
f 4330 4333 4331
f 4335 4394 4337
f 4395 4340 4339
f 4340 4344 4342
f 4344 4348 4346
f 4348 4352 4350
f 4396 4355 4354
f 4355 4359 4357
f 4359 4363 4361
f 4363 4367 4365
f 4397 4370 4369
f 4370 4374 4372
f 4398 4377 4376
f 4377 4086 4379
f 4086 4094 4090
f 4094 4399 4098
f 4400 4101 4381
f 4101 4401 4105
f 4402 4108 4382
f 4108 4116 4112
f 4116 4124 4120
f 4124 4132 4128
f 4132 4383 4136
f 4403 4141 4384
f 4141 4147 4145
f 4147 4152 4149
f 4152 4160 4156
f 4160 4168 4164
f 4168 4176 4172
f 4176 4184 4180
f 4184 4192 4188
f 4192 4200 4196
f 4404 4205 4202
f 4385 4405 4208
f 4406 4386 4210
f 4213 4218 4216
f 4407 4387 4220
f 4223 4408 4226
f 4228 4233 4231
f 4238 4243 4241
f 4245 4409 4388
f 4390 4410 4252
f 4257 4391 4260
f 4392 4269 4265
f 4269 4277 4273
f 4277 4285 4281
f 4285 4293 4289
f 4293 4301 4297
f 4301 4309 4305
f 4309 4317 4313
f 4317 4325 4321
f 4393 4330 4328
f 4330 4335 4333
f 4335 4395 4394
f 4395 4344 4340
f 4344 4352 4348
f 4411 4355 4396
f 4355 4363 4359
f 4363 4412 4367
f 4397 4374 4370
f 4413 4377 4398
f 4377 4094 4086
f 4094 4414 4399
f 4400 4401 4101
f 4415 4108 4402
f 4108 4124 4116
f 4124 4383 4132
f 4403 4147 4141
f 4147 4160 4152
f 4160 4176 4168
f 4176 4192 4184
f 4192 4404 4200
f 4404 4416 4205
f 4405 4386 4406
f 4417 4218 4213
f 4223 4418 4408
f 4228 4419 4233
f 4245 4420 4409
f 4390 4254 4410
f 4254 4391 4257
f 4421 4269 4392
f 4269 4285 4277
f 4285 4301 4293
f 4301 4317 4309
f 4317 4393 4325
f 4393 4335 4330
f 4335 4344 4395
f 4344 4422 4352
f 4422 4355 4411
f 4355 4412 4363
f 4423 4374 4397
f 4424 4377 4413
f 4377 4414 4094
f 4414 4401 4400
f 4425 4108 4415
f 4108 4383 4124
f 4383 4147 4403
f 4147 4176 4160
f 4176 4404 4192
f 4404 4426 4416
f 4427 4218 4417
f 4428 4254 4390
f 4254 4429 4391
f 4429 4269 4421
f 4269 4301 4285
f 4301 4393 4317
f 4393 4344 4335
f 4344 4355 4422
f 4355 4430 4412
f 4430 4374 4423
f 4431 4377 4424
f 4377 4401 4414
f 4401 4108 4425
f 4108 4147 4383
f 4147 4404 4176
f 4404 4432 4426
f 4427 4433 4218
f 4428 4429 4254
f 4429 4301 4269
f 4301 4344 4393
f 4344 4430 4355
f 4430 4431 4374
f 4431 4401 4377
f 4401 4147 4108
f 4147 4432 4404
f 4428 4301 4429
f 4344 4431 4430
f 4147 4385 4432
f 4389 4301 4428
f 4344 4401 4431
f 4147 4405 4385
f 4248 4301 4389
f 4147 4386 4405
f 4434 4301 4248
f 4147 4435 4386
f 4436 4301 4434
f 4147 4437 4435
f 4438 4301 4436
f 4147 4439 4437
f 4440 4301 4438
f 4147 4441 4439
f 4442 4301 4440
f 4147 4443 4441
f 4444 4301 4442
f 4147 4445 4443
f 4446 4301 4444
f 4147 4447 4445
f 4448 4301 4446
f 4147 4449 4447
f 4450 4301 4448
f 4147 4427 4449
f 4451 4301 4450
f 4147 4433 4427
f 4452 4301 4451
f 4147 4453 4433
f 4454 4301 4452
f 4147 4407 4453
f 4455 4301 4454
f 4147 4387 4407
f 4456 4301 4455
f 4147 4457 4387
f 4456 4344 4301
f 4147 4458 4457
f 4459 4344 4456
f 4147 4460 4458
f 4461 4344 4459
f 4147 4223 4460
f 4462 4344 4461
f 4147 4418 4223
f 4463 4344 4462
f 4147 4464 4418
f 4465 4344 4463
f 4147 4466 4464
f 4467 4344 4465
f 4147 4468 4466
f 4469 4344 4467
f 4147 4470 4468
f 4471 4344 4469
f 4147 4472 4470
f 4473 4344 4471
f 4147 4474 4472
f 4420 4344 4473
f 4147 4475 4474
f 4245 4344 4420
f 4147 4476 4475
f 4477 4344 4245
f 4147 4478 4476
f 4479 4344 4477
f 4147 4480 4478
f 4481 4344 4479
f 4147 4482 4480
f 4483 4344 4481
f 4147 4484 4482
f 4485 4344 4483
f 4401 4484 4147
f 4486 4344 4485
f 4401 4487 4484
f 4488 4344 4486
f 4401 4489 4487
f 4490 4344 4488
f 4401 4491 4489
f 4492 4344 4490
f 4401 4493 4491
f 4494 4344 4492
f 4401 4495 4493
f 4496 4344 4494
f 4401 4497 4495
f 4498 4344 4496
f 4401 4228 4497
f 4498 4401 4344
f 4401 4419 4228
f 4499 4401 4498
f 4401 4500 4419
f 4501 4401 4499
f 4401 4502 4500
f 4503 4401 4501
f 4401 4235 4502
f 4504 4401 4503
f 4401 4236 4235
f 4505 4401 4504
f 4401 4506 4236
f 4507 4401 4505
f 4401 4508 4506
f 4509 4401 4507
f 4401 4510 4508
f 4511 4401 4509
f 4401 4512 4510
f 4513 4401 4511
f 4401 4514 4512
f 4515 4401 4513
f 4401 4238 4514
f 4516 4401 4515
f 4401 4243 4238
f 4243 4401 4516
f 3653 4086 3657
f 3657 4086 4089
f 3657 4089 3656
f 3656 4089 4088
f 3656 4088 3659
f 3659 4088 4091
f 3659 4091 3658
f 3658 4091 4090
f 3658 4090 3661
f 3661 4090 4093
f 3661 4093 3660
f 3660 4093 4092
f 3660 4092 3663
f 3663 4092 4095
f 3663 4095 3662
f 3662 4095 4094
f 3662 4094 3665
f 3665 4094 4097
f 3665 4097 3664
f 3664 4097 4096
f 3664 4096 3667
f 3667 4096 4099
f 3667 4099 3666
f 3666 4099 4098
f 3666 4098 3967
f 3967 4098 4399
f 3967 4399 3982
f 3982 4399 4414
f 3982 4414 3968
f 3968 4414 4400
f 3968 4400 3949
f 3949 4400 4381
f 3949 4381 3669
f 3669 4381 4100
f 3669 4100 3670
f 3670 4100 4102
f 3670 4102 3668
f 3668 4102 4101
f 3668 4101 3672
f 3672 4101 4104
f 3672 4104 3671
f 3671 4104 4103
f 3671 4103 3674
f 3674 4103 4106
f 3674 4106 3673
f 3673 4106 4105
f 3673 4105 3969
f 3969 4105 4401
f 3969 4401 3993
f 3993 4401 4425
f 3993 4425 3983
f 3983 4425 4415
f 3983 4415 3970
f 3970 4415 4402
f 3970 4402 3950
f 3950 4402 4382
f 3950 4382 3676
f 3676 4382 4107
f 3676 4107 3677
f 3677 4107 4109
f 3677 4109 3675
f 3675 4109 4108
f 3675 4108 3679
f 3679 4108 4111
f 3679 4111 3678
f 3678 4111 4110
f 3678 4110 3681
f 3681 4110 4113
f 3681 4113 3680
f 3680 4113 4112
f 3680 4112 3683
f 3683 4112 4115
f 3683 4115 3682
f 3682 4115 4114
f 3682 4114 3685
f 3685 4114 4117
f 3685 4117 3684
f 3684 4117 4116
f 3684 4116 3687
f 3687 4116 4119
f 3687 4119 3686
f 3686 4119 4118
f 3686 4118 3689
f 3689 4118 4121
f 3689 4121 3688
f 3688 4121 4120
f 3688 4120 3691
f 3691 4120 4123
f 3691 4123 3690
f 3690 4123 4122
f 3690 4122 3693
f 3693 4122 4125
f 3693 4125 3692
f 3692 4125 4124
f 3692 4124 3695
f 3695 4124 4127
f 3695 4127 3694
f 3694 4127 4126
f 3694 4126 3697
f 3697 4126 4129
f 3697 4129 3696
f 3696 4129 4128
f 3696 4128 3699
f 3699 4128 4131
f 3699 4131 3698
f 3698 4131 4130
f 3698 4130 3701
f 3701 4130 4133
f 3701 4133 3700
f 3700 4133 4132
f 3700 4132 3703
f 3703 4132 4135
f 3703 4135 3702
f 3702 4135 4134
f 3702 4134 3705
f 3705 4134 4137
f 3705 4137 3704
f 3704 4137 4136
f 3704 4136 3707
f 3707 4136 4139
f 3707 4139 3706
f 3706 4139 4138
f 3706 4138 3951
f 3951 4138 4383
f 3951 4383 3971
f 3971 4383 4403
f 3971 4403 3952
f 3952 4403 4384
f 3952 4384 3709
f 3709 4384 4140
f 3709 4140 3710
f 3710 4140 4142
f 3710 4142 3708
f 3708 4142 4141
f 3708 4141 3712
f 3712 4141 4144
f 3712 4144 3711
f 3711 4144 4143
f 3711 4143 3714
f 3714 4143 4146
f 3714 4146 3713
f 3713 4146 4145
f 3713 4145 3716
f 3716 4145 4148
f 3716 4148 3715
f 3715 4148 4147
f 3715 4147 3718
f 3718 4147 4149
f 3718 4149 3719
f 3719 4149 4151
f 3719 4151 3717
f 3717 4151 4150
f 3717 4150 3721
f 3721 4150 4153
f 3721 4153 3720
f 3720 4153 4152
f 3720 4152 3723
f 3723 4152 4155
f 3723 4155 3722
f 3722 4155 4154
f 3722 4154 3725
f 3725 4154 4157
f 3725 4157 3724
f 3724 4157 4156
f 3724 4156 3727
f 3727 4156 4159
f 3727 4159 3726
f 3726 4159 4158
f 3726 4158 3729
f 3729 4158 4161
f 3729 4161 3728
f 3728 4161 4160
f 3728 4160 3731
f 3731 4160 4163
f 3731 4163 3730
f 3730 4163 4162
f 3730 4162 3733
f 3733 4162 4165
f 3733 4165 3732
f 3732 4165 4164
f 3732 4164 3735
f 3735 4164 4167
f 3735 4167 3734
f 3734 4167 4166
f 3734 4166 3737
f 3737 4166 4169
f 3737 4169 3736
f 3736 4169 4168
f 3736 4168 3739
f 3739 4168 4171
f 3739 4171 3738
f 3738 4171 4170
f 3738 4170 3741
f 3741 4170 4173
f 3741 4173 3740
f 3740 4173 4172
f 3740 4172 3743
f 3743 4172 4175
f 3743 4175 3742
f 3742 4175 4174
f 3742 4174 3745
f 3745 4174 4177
f 3745 4177 3744
f 3744 4177 4176
f 3744 4176 3747
f 3747 4176 4179
f 3747 4179 3746
f 3746 4179 4178
f 3746 4178 3749
f 3749 4178 4181
f 3749 4181 3748
f 3748 4181 4180
f 3748 4180 3751
f 3751 4180 4183
f 3751 4183 3750
f 3750 4183 4182
f 3750 4182 3753
f 3753 4182 4185
f 3753 4185 3752
f 3752 4185 4184
f 3752 4184 3755
f 3755 4184 4187
f 3755 4187 3754
f 3754 4187 4186
f 3754 4186 3757
f 3757 4186 4189
f 3757 4189 3756
f 3756 4189 4188
f 3756 4188 3759
f 3759 4188 4191
f 3759 4191 3758
f 3758 4191 4190
f 3758 4190 3761
f 3761 4190 4193
f 3761 4193 3760
f 3760 4193 4192
f 3760 4192 3763
f 3763 4192 4195
f 3763 4195 3762
f 3762 4195 4194
f 3762 4194 3765
f 3765 4194 4197
f 3765 4197 3764
f 3764 4197 4196
f 3764 4196 3767
f 3767 4196 4199
f 3767 4199 3766
f 3766 4199 4198
f 3766 4198 3769
f 3769 4198 4201
f 3769 4201 3768
f 3768 4201 4200
f 3768 4200 3972
f 3972 4200 4404
f 3972 4404 3771
f 3771 4404 4202
f 3771 4202 3772
f 3772 4202 4204
f 3772 4204 3770
f 3770 4204 4203
f 3770 4203 3774
f 3774 4203 4206
f 3774 4206 3773
f 3773 4206 4205
f 3773 4205 3984
f 3984 4205 4416
f 3984 4416 3994
f 3994 4416 4426
f 3994 4426 4000
f 4000 4426 4432
f 4000 4432 3953
f 3953 4432 4385
f 3953 4385 3776
f 3776 4385 4207
f 3776 4207 3777
f 3777 4207 4209
f 3777 4209 3775
f 3775 4209 4208
f 3775 4208 3973
f 3973 4208 4405
f 3973 4405 3974
f 3974 4405 4406
f 3974 4406 3779
f 3779 4406 4210
f 3779 4210 3780
f 3780 4210 4212
f 3780 4212 3778
f 3778 4212 4211
f 3778 4211 3954
f 3954 4211 4386
f 3954 4386 4003
f 4003 4386 4435
f 4003 4435 4005
f 4005 4435 4437
f 4005 4437 4007
f 4007 4437 4439
f 4007 4439 4009
f 4009 4439 4441
f 4009 4441 4011
f 4011 4441 4443
f 4011 4443 4013
f 4013 4443 4445
f 4013 4445 4015
f 4015 4445 4447
f 4015 4447 4017
f 4017 4447 4449
f 4017 4449 3995
f 3995 4449 4427
f 3995 4427 3985
f 3985 4427 4417
f 3985 4417 3782
f 3782 4417 4213
f 3782 4213 3783
f 3783 4213 4215
f 3783 4215 3781
f 3781 4215 4214
f 3781 4214 3785
f 3785 4214 4217
f 3785 4217 3784
f 3784 4217 4216
f 3784 4216 3787
f 3787 4216 4219
f 3787 4219 3786
f 3786 4219 4218
f 3786 4218 4001
f 4001 4218 4433
f 4001 4433 4021
f 4021 4433 4453
f 4021 4453 3975
f 3975 4453 4407
f 3975 4407 3789
f 3789 4407 4220
f 3789 4220 3790
f 3790 4220 4222
f 3790 4222 3788
f 3788 4222 4221
f 3788 4221 3955
f 3955 4221 4387
f 3955 4387 4025
f 4025 4387 4457
f 4025 4457 4026
f 4026 4457 4458
f 4026 4458 4028
f 4028 4458 4460
f 4028 4460 3792
f 3792 4460 4223
f 3792 4223 3793
f 3793 4223 4225
f 3793 4225 3791
f 3791 4225 4224
f 3791 4224 3795
f 3795 4224 4227
f 3795 4227 3794
f 3794 4227 4226
f 3794 4226 3976
f 3976 4226 4408
f 3976 4408 3986
f 3986 4408 4418
f 3986 4418 4032
f 4032 4418 4464
f 4032 4464 4034
f 4034 4464 4466
f 4034 4466 4036
f 4036 4466 4468
f 4036 4468 4038
f 4038 4468 4470
f 4038 4470 4040
f 4040 4470 4472
f 4040 4472 4042
f 4042 4472 4474
f 4042 4474 4043
f 4043 4474 4475
f 4043 4475 4044
f 4044 4475 4476
f 4044 4476 4046
f 4046 4476 4478
f 4046 4478 4048
f 4048 4478 4480
f 4048 4480 4050
f 4050 4480 4482
f 4050 4482 4052
f 4052 4482 4484
f 4052 4484 4055
f 4055 4484 4487
f 4055 4487 4057
f 4057 4487 4489
f 4057 4489 4059
f 4059 4489 4491
f 4059 4491 4061
f 4061 4491 4493
f 4061 4493 4063
f 4063 4493 4495
f 4063 4495 4065
f 4065 4495 4497
f 4065 4497 3797
f 3797 4497 4228
f 3797 4228 3798
f 3798 4228 4230
f 3798 4230 3796
f 3796 4230 4229
f 3796 4229 3800
f 3800 4229 4232
f 3800 4232 3799
f 3799 4232 4231
f 3799 4231 3802
f 3802 4231 4234
f 3802 4234 3801
f 3801 4234 4233
f 3801 4233 3987
f 3987 4233 4419
f 3987 4419 4068
f 4068 4419 4500
f 4068 4500 4070
f 4070 4500 4502
f 4070 4502 3804
f 3804 4502 4235
f 3804 4235 3805
f 3805 4235 4237
f 3805 4237 3803
f 3803 4237 4236
f 3803 4236 4074
f 4074 4236 4506
f 4074 4506 4076
f 4076 4506 4508
f 4076 4508 4078
f 4078 4508 4510
f 4078 4510 4080
f 4080 4510 4512
f 4080 4512 4082
f 4082 4512 4514
f 4082 4514 3807
f 3807 4514 4238
f 3807 4238 3808
f 3808 4238 4240
f 3808 4240 3806
f 3806 4240 4239
f 3806 4239 3810
f 3810 4239 4242
f 3810 4242 3809
f 3809 4242 4241
f 3809 4241 3812
f 3812 4241 4244
f 3812 4244 3811
f 3811 4244 4243
f 3811 4243 4084
f 4084 4243 4516
f 4084 4516 4083
f 4083 4516 4515
f 4083 4515 4081
f 4081 4515 4513
f 4081 4513 4079
f 4079 4513 4511
f 4079 4511 4077
f 4077 4511 4509
f 4077 4509 4075
f 4075 4509 4507
f 4075 4507 4073
f 4073 4507 4505
f 4073 4505 4072
f 4072 4505 4504
f 4072 4504 4071
f 4071 4504 4503
f 4071 4503 4069
f 4069 4503 4501
f 4069 4501 4067
f 4067 4501 4499
f 4067 4499 4066
f 4066 4499 4498
f 4066 4498 4064
f 4064 4498 4496
f 4064 4496 4062
f 4062 4496 4494
f 4062 4494 4060
f 4060 4494 4492
f 4060 4492 4058
f 4058 4492 4490
f 4058 4490 4056
f 4056 4490 4488
f 4056 4488 4054
f 4054 4488 4486
f 4054 4486 4053
f 4053 4486 4485
f 4053 4485 4051
f 4051 4485 4483
f 4051 4483 4049
f 4049 4483 4481
f 4049 4481 4047
f 4047 4481 4479
f 4047 4479 4045
f 4045 4479 4477
f 4045 4477 3814
f 3814 4477 4245
f 3814 4245 3815
f 3815 4245 4247
f 3815 4247 3813
f 3813 4247 4246
f 3813 4246 3956
f 3956 4246 4388
f 3956 4388 3977
f 3977 4388 4409
f 3977 4409 3988
f 3988 4409 4420
f 3988 4420 4041
f 4041 4420 4473
f 4041 4473 4039
f 4039 4473 4471
f 4039 4471 4037
f 4037 4471 4469
f 4037 4469 4035
f 4035 4469 4467
f 4035 4467 4033
f 4033 4467 4465
f 4033 4465 4031
f 4031 4465 4463
f 4031 4463 4030
f 4030 4463 4462
f 4030 4462 4029
f 4029 4462 4461
f 4029 4461 4027
f 4027 4461 4459
f 4027 4459 4024
f 4024 4459 4456
f 4024 4456 4023
f 4023 4456 4455
f 4023 4455 4022
f 4022 4455 4454
f 4022 4454 4020
f 4020 4454 4452
f 4020 4452 4019
f 4019 4452 4451
f 4019 4451 4018
f 4018 4451 4450
f 4018 4450 4016
f 4016 4450 4448
f 4016 4448 4014
f 4014 4448 4446
f 4014 4446 4012
f 4012 4446 4444
f 4012 4444 4010
f 4010 4444 4442
f 4010 4442 4008
f 4008 4442 4440
f 4008 4440 4006
f 4006 4440 4438
f 4006 4438 4004
f 4004 4438 4436
f 4004 4436 4002
f 4002 4436 4434
f 4002 4434 3817
f 3817 4434 4248
f 3817 4248 3818
f 3818 4248 4250
f 3818 4250 3816
f 3816 4250 4249
f 3816 4249 3957
f 3957 4249 4389
f 3957 4389 3996
f 3996 4389 4428
f 3996 4428 3958
f 3958 4428 4390
f 3958 4390 3820
f 3820 4390 4251
f 3820 4251 3821
f 3821 4251 4253
f 3821 4253 3819
f 3819 4253 4252
f 3819 4252 3978
f 3978 4252 4410
f 3978 4410 3823
f 3823 4410 4254
f 3823 4254 3824
f 3824 4254 4256
f 3824 4256 3822
f 3822 4256 4255
f 3822 4255 3826
f 3826 4255 4257
f 3826 4257 3827
f 3827 4257 4259
f 3827 4259 3825
f 3825 4259 4258
f 3825 4258 3829
f 3829 4258 4261
f 3829 4261 3828
f 3828 4261 4260
f 3828 4260 3831
f 3831 4260 4263
f 3831 4263 3830
f 3830 4263 4262
f 3830 4262 3959
f 3959 4262 4391
f 3959 4391 3997
f 3997 4391 4429
f 3997 4429 3989
f 3989 4429 4421
f 3989 4421 3960
f 3960 4421 4392
f 3960 4392 3833
f 3833 4392 4264
f 3833 4264 3834
f 3834 4264 4266
f 3834 4266 3832
f 3832 4266 4265
f 3832 4265 3836
f 3836 4265 4268
f 3836 4268 3835
f 3835 4268 4267
f 3835 4267 3838
f 3838 4267 4270
f 3838 4270 3837
f 3837 4270 4269
f 3837 4269 3840
f 3840 4269 4272
f 3840 4272 3839
f 3839 4272 4271
f 3839 4271 3842
f 3842 4271 4274
f 3842 4274 3841
f 3841 4274 4273
f 3841 4273 3844
f 3844 4273 4276
f 3844 4276 3843
f 3843 4276 4275
f 3843 4275 3846
f 3846 4275 4278
f 3846 4278 3845
f 3845 4278 4277
f 3845 4277 3848
f 3848 4277 4280
f 3848 4280 3847
f 3847 4280 4279
f 3847 4279 3850
f 3850 4279 4282
f 3850 4282 3849
f 3849 4282 4281
f 3849 4281 3852
f 3852 4281 4284
f 3852 4284 3851
f 3851 4284 4283
f 3851 4283 3854
f 3854 4283 4286
f 3854 4286 3853
f 3853 4286 4285
f 3853 4285 3856
f 3856 4285 4288
f 3856 4288 3855
f 3855 4288 4287
f 3855 4287 3858
f 3858 4287 4290
f 3858 4290 3857
f 3857 4290 4289
f 3857 4289 3860
f 3860 4289 4292
f 3860 4292 3859
f 3859 4292 4291
f 3859 4291 3862
f 3862 4291 4294
f 3862 4294 3861
f 3861 4294 4293
f 3861 4293 3864
f 3864 4293 4296
f 3864 4296 3863
f 3863 4296 4295
f 3863 4295 3866
f 3866 4295 4298
f 3866 4298 3865
f 3865 4298 4297
f 3865 4297 3868
f 3868 4297 4300
f 3868 4300 3867
f 3867 4300 4299
f 3867 4299 3870
f 3870 4299 4302
f 3870 4302 3869
f 3869 4302 4301
f 3869 4301 3872
f 3872 4301 4304
f 3872 4304 3871
f 3871 4304 4303
f 3871 4303 3874
f 3874 4303 4306
f 3874 4306 3873
f 3873 4306 4305
f 3873 4305 3876
f 3876 4305 4308
f 3876 4308 3875
f 3875 4308 4307
f 3875 4307 3878
f 3878 4307 4310
f 3878 4310 3877
f 3877 4310 4309
f 3877 4309 3880
f 3880 4309 4312
f 3880 4312 3879
f 3879 4312 4311
f 3879 4311 3882
f 3882 4311 4314
f 3882 4314 3881
f 3881 4314 4313
f 3881 4313 3884
f 3884 4313 4316
f 3884 4316 3883
f 3883 4316 4315
f 3883 4315 3886
f 3886 4315 4318
f 3886 4318 3885
f 3885 4318 4317
f 3885 4317 3888
f 3888 4317 4320
f 3888 4320 3887
f 3887 4320 4319
f 3887 4319 3890
f 3890 4319 4322
f 3890 4322 3889
f 3889 4322 4321
f 3889 4321 3892
f 3892 4321 4324
f 3892 4324 3891
f 3891 4324 4323
f 3891 4323 3894
f 3894 4323 4326
f 3894 4326 3893
f 3893 4326 4325
f 3893 4325 3961
f 3961 4325 4393
f 3961 4393 3896
f 3896 4393 4327
f 3896 4327 3897
f 3897 4327 4329
f 3897 4329 3895
f 3895 4329 4328
f 3895 4328 3899
f 3899 4328 4330
f 3899 4330 3900
f 3900 4330 4332
f 3900 4332 3898
f 3898 4332 4331
f 3898 4331 3902
f 3902 4331 4334
f 3902 4334 3901
f 3901 4334 4333
f 3901 4333 3904
f 3904 4333 4336
f 3904 4336 3903
f 3903 4336 4335
f 3903 4335 3906
f 3906 4335 4338
f 3906 4338 3905
f 3905 4338 4337
f 3905 4337 3962
f 3962 4337 4394
f 3962 4394 3963
f 3963 4394 4395
f 3963 4395 3908
f 3908 4395 4339
f 3908 4339 3909
f 3909 4339 4341
f 3909 4341 3907
f 3907 4341 4340
f 3907 4340 3911
f 3911 4340 4343
f 3911 4343 3910
f 3910 4343 4342
f 3910 4342 3913
f 3913 4342 4345
f 3913 4345 3912
f 3912 4345 4344
f 3912 4344 3915
f 3915 4344 4347
f 3915 4347 3914
f 3914 4347 4346
f 3914 4346 3917
f 3917 4346 4349
f 3917 4349 3916
f 3916 4349 4348
f 3916 4348 3919
f 3919 4348 4351
f 3919 4351 3918
f 3918 4351 4350
f 3918 4350 3921
f 3921 4350 4353
f 3921 4353 3920
f 3920 4353 4352
f 3920 4352 3990
f 3990 4352 4422
f 3990 4422 3979
f 3979 4422 4411
f 3979 4411 3964
f 3964 4411 4396
f 3964 4396 3923
f 3923 4396 4354
f 3923 4354 3924
f 3924 4354 4356
f 3924 4356 3922
f 3922 4356 4355
f 3922 4355 3926
f 3926 4355 4358
f 3926 4358 3925
f 3925 4358 4357
f 3925 4357 3928
f 3928 4357 4360
f 3928 4360 3927
f 3927 4360 4359
f 3927 4359 3930
f 3930 4359 4362
f 3930 4362 3929
f 3929 4362 4361
f 3929 4361 3932
f 3932 4361 4364
f 3932 4364 3931
f 3931 4364 4363
f 3931 4363 3934
f 3934 4363 4366
f 3934 4366 3933
f 3933 4366 4365
f 3933 4365 3936
f 3936 4365 4368
f 3936 4368 3935
f 3935 4368 4367
f 3935 4367 3980
f 3980 4367 4412
f 3980 4412 3998
f 3998 4412 4430
f 3998 4430 3991
f 3991 4430 4423
f 3991 4423 3965
f 3965 4423 4397
f 3965 4397 3938
f 3938 4397 4369
f 3938 4369 3939
f 3939 4369 4371
f 3939 4371 3937
f 3937 4371 4370
f 3937 4370 3941
f 3941 4370 4373
f 3941 4373 3940
f 3940 4373 4372
f 3940 4372 3943
f 3943 4372 4375
f 3943 4375 3942
f 3942 4375 4374
f 3942 4374 3999
f 3999 4374 4431
f 3999 4431 3992
f 3992 4431 4424
f 3992 4424 3981
f 3981 4424 4413
f 3981 4413 3966
f 3966 4413 4398
f 3966 4398 3945
f 3945 4398 4376
f 3945 4376 3946
f 3946 4376 4378
f 3946 4378 3944
f 3944 4378 4377
f 3944 4377 3948
f 3948 4377 4380
f 3948 4380 3947
f 3947 4380 4379
f 3947 4379 3654
f 3654 4379 4085
f 3654 4085 3655
f 3655 4085 4087
f 3655 4087 3653
f 3653 4087 4086
o 
v 48.75 0 -34.7
v 49.524 0 -34.626
v 49.105 0 -34.654
v 47.13 0 -35.014
v 47.901 0 -34.856
v 45.85 0 -35.323
v 46.444 0 -35.17
v 44.97 0 -35.61
v 45.356 0 -35.47
v 44.035 0 -36.007
v 44.648 0 -35.744
v 44.58 0 -35.77
v 42.938 0 -36.566
v 43.484 0 -36.274
v 41.887 0 -37.209
v 42.402 0 -36.88
v 40.96 0 -37.912
v 41.4 0 -37.55
v 39.654 0 -39.114
v 40.348 0 -38.461
v 38.371 0 -40.392
v 38.965 0 -39.786
v 37.474 0 -41.482
v 37.96 0 -40.85
v 36.656 0 -42.827
v 37.038 0 -42.144
v 36.069 0 -44.233
v 36.332 0 -43.526
v 35.757 0 -45.415
v 35.87 0 -44.94
v 35.615 0 -46.054
v 35.674 0 -45.774
v 35.539 0 -46.516
v 35.572 0 -46.289
v 35.472 0 -47.55
v 35.51 0 -46.77
v 35.443 0 -50.716
v 35.45 0 -48.97
v 35.472 0 -53.926
v 35.45 0 -52.473
v 35.615 0 -55.657
v 35.51 0 -54.76
v 35.92 0 -57.612
v 35.755 0 -56.624
v 36.291 0 -59.455
v 36.102 0 -58.573
v 36.516 0 -60.345
v 36.48 0 -60.21
v 36.67 0 -60.97
v 36.619 0 -60.76
v 36.647 0 -60.876
v 36.723 0 -61.183
v 36.691 0 -61.065
v 36.804 0 -61.46
v 36.761 0 -61.318
v 36.89 0 -61.74
v 36.848 0 -61.604
v 37.504 0 -63.689
v 37.248 0 -62.874
v 37.33 0 -63.14
v 37.785 0 -64.561
v 37.656 0 -64.163
v 37.973 0 -65.117
v 37.891 0 -64.88
v 38.402 0 -66.277
v 38.2 0 -65.73
v 38.37 0 -66.2
v 39.022 0 -67.939
v 38.696 0 -67.053
v 38.79 0 -67.31
v 39.771 0 -69.885
v 39.369 0 -68.847
v 40.511 0 -71.751
v 40.171 0 -70.903
v 40.766 0 -72.363
v 40.73 0 -72.28
v 40.984 0 -72.881
v 40.93 0 -72.75
v 40.954 0 -72.808
v 41.165 0 -73.333
v 41.088 0 -73.137
v 41.12 0 -73.22
v 41.325 0 -73.717
v 41.235 0 -73.503
v 41.867 0 -75.033
v 41.65 0 -74.5
v 41.76 0 -74.77
v 42.053 0 -75.484
v 41.966 0 -75.275
v 42.17 0 -75.75
v 42.122 0 -75.646
v 42.332 0 -76.129
v 42.248 0 -75.928
v 42.29 0 -76.029
v 42.41 0 -76.3
v 42.373 0 -76.221
v 42.97 0 -77.663
v 42.742 0 -77.097
v 42.82 0 -77.3
v 43.275 0 -78.368
v 43.118 0 -78.011
v 43.66 0 -79.212
v 43.452 0 -78.759
v 44 0 -79.935
v 43.91 0 -79.75
v 44.527 0 -81.125
v 44.229 0 -80.451
v 44.24 0 -80.49
v 46.243 0 -84.639
v 45.259 0 -82.638
v 48.191 0 -88.536
v 47.284 0 -86.735
v 48.9 0 -89.885
v 48.77 0 -89.65
v 49.171 0 -90.35
v 49.037 0 -90.122
v 49.405 0 -90.735
v 49.297 0 -90.558
v 49.748 0 -91.157
v 49.49 0 -90.87
v 50.278 0 -91.141
v 50.001 0 -91.255
v 51.014 0 -90.195
v 50.606 0 -90.795
v 51.998 0 -88.43
v 51.53 0 -89.32
v 53.585 0 -85.266
v 52.736 0 -86.972
v 54.986 0 -82.386
v 54.388 0 -83.631
v 55.235 0 -81.809
v 55.22 0 -81.85
v 56.15 0 -79.835
v 55.63 0 -80.94
v 55.904 0 -80.36
v 56.52 0 -79.035
v 56.359 0 -79.386
v 56.66 0 -78.71
v 56.623 0 -78.802
v 57.731 0 -76.325
v 57.42 0 -77
v 57.586 0 -76.644
v 57.942 0 -75.841
v 57.851 0 -76.054
v 58.02 0 -75.64
v 58 0 -75.7
v 58.59 0 -74.34
v 58.182 0 -75.247
v 58.24 0 -75.12
v 58.829 0 -73.791
v 58.726 0 -74.029
v 58.977 0 -73.446
v 58.91 0 -73.604
v 59.11 0 -73.13
v 59.041 0 -73.295
v 59.226 0 -72.872
v 59.164 0 -73.011
v 59.354 0 -72.565
v 59.29 0 -72.72
v 59.47 0 -72.28
v 59.416 0 -72.415
v 59.921 0 -71.21
v 59.73 0 -71.644
v 59.77 0 -71.56
v 60.324 0 -70.192
v 60.111 0 -70.739
v 60.75 0 -69.048
v 60.543 0 -69.614
v 61.02 0 -68.274
v 60.93 0 -68.54
v 61.391 0 -67.256
v 61.34 0 -67.39
v 61.363 0 -67.331
v 61.456 0 -67.074
v 61.423 0 -67.169
v 61.52 0 -66.88
v 61.489 0 -66.977
v 61.83 0 -65.923
v 61.68 0 -66.37
v 61.745 0 -66.186
v 62.06 0 -65.16
v 61.935 0 -65.581
v 62.37 0 -64.08
v 62.205 0 -64.66
v 62.97 0 -61.929
v 62.76 0 -62.678
v 62.8 0 -62.54
v 63.287 0 -60.665
v 63.131 0 -61.309
v 63.599 0 -59.254
v 63.442 0 -59.984
v 63.973 0 -57.37
v 63.76 0 -58.46
v 64.272 0 -55.743
v 64.141 0 -56.486
v 64.472 0 -54.415
v 64.379 0 -55.074
v 64.756 0 -51.762
v 64.56 0 -53.7
v 64.75 0 -48.421
v 64.821 0 -50.02
v 64.184 0 -45.431
v 64.539 0 -46.91
v 62.948 0 -42.336
v 63.68 0 -43.93
v 60.861 0 -39.45
v 61.999 0 -40.834
v 58.125 0 -37.15
v 59.561 0 -38.213
v 56.067 0 -36.047
v 56.58 0 -36.29
v 55.447 0 -35.77
v 55.709 0 -35.883
v 54.981 0 -35.599
v 55.224 0 -35.684
v 54.264 0 -35.363
v 54.66 0 -35.49
v 53.423 0 -35.134
v 53.85 0 -35.244
v 52.548 0 -34.941
v 52.987 0 -35.032
v 51.757 0 -34.796
v 52.11 0 -34.86
v 51.94 0 -34.829
v 51.396 0 -34.731
v 51.572 0 -34.762
v 50.801 0 -34.643
v 51.238 0 -34.703
v 51.11 0 -34.68
v 49.971 0 -34.615
v 50.409 0 -34.621
v 44.919 0 -35.632
v 44.719 0 -35.715
v 36.586 0 -60.627
v 36.943 0 -61.898
v 37.165 0 -62.604
v 38.454 0 -66.412
v 40.906 0 -72.692
v 42.207 0 -75.833
v 42.663 0 -76.896
v 44.197 0 -80.369
v 56.691 0 -78.628
v 58.028 0 -75.613
v 59.519 0 -72.146
v 59.681 0 -71.751
v 61.308 0 -67.472
v 61.661 0 -66.426
v 62.702 0 -62.884
v 44.79 0 -35.686
v 36.551 0 -60.487
v 37.009 0 -62.103
v 37.084 0 -62.342
v 38.03 0 -65.27
v 38.606 0 -66.811
v 40.804 0 -72.451
v 41.018 0 -72.963
v 41.053 0 -73.049
v 44.146 0 -80.251
v 57.239 0 -77.399
v 61.636 0 -66.5
v 62.46 0 -63.754
v 44.858 0 -35.658
v 38.524 0 -66.594
v 40.841 0 -72.537
v 41.428 0 -73.964
v 41.539 0 -74.229
v 42.454 0 -76.398
v 42.585 0 -76.706
v 56.777 0 -78.429
v 57.063 0 -77.788
v 58.13 0 -75.366
v 59.572 0 -72.009
v 59.627 0 -71.875
v 61.256 0 -67.613
v 62.63 0 -63.141
v 40.876 0 -72.619
v 42.514 0 -76.537
v 44.08 0 -80.104
v 55.277 0 -81.712
v 55.523 0 -81.173
v 61.188 0 -67.8
v 61.607 0 -66.588
v 62.548 0 -63.436
v 55.342 0 -81.567
v 55.426 0 -81.385
v 56.905 0 -78.14
v 61.547 0 -66.783
v 61.577 0 -66.683
v 58.05 0 -75.554
v 58.085 0 -75.47
v 61.107 0 -68.024
v 49.524 10 -34.626
v 48.75 10 -34.7
v 49.105 10 -34.654
v 47.13 10 -35.014
v 47.901 10 -34.856
v 45.85 10 -35.323
v 46.444 10 -35.17
v 44.97 10 -35.61
v 45.356 10 -35.47
v 44.648 10 -35.744
v 44.035 10 -36.007
v 44.58 10 -35.77
v 42.938 10 -36.566
v 43.484 10 -36.274
v 41.887 10 -37.209
v 42.402 10 -36.88
v 40.96 10 -37.912
v 41.4 10 -37.55
v 39.654 10 -39.114
v 40.348 10 -38.461
v 38.371 10 -40.392
v 38.965 10 -39.786
v 37.474 10 -41.482
v 37.96 10 -40.85
v 36.656 10 -42.827
v 37.038 10 -42.144
v 36.069 10 -44.233
v 36.332 10 -43.526
v 35.757 10 -45.415
v 35.87 10 -44.94
v 35.615 10 -46.054
v 35.674 10 -45.774
v 35.539 10 -46.516
v 35.572 10 -46.289
v 35.472 10 -47.55
v 35.51 10 -46.77
v 35.443 10 -50.716
v 35.45 10 -48.97
v 35.472 10 -53.926
v 35.45 10 -52.473
v 35.615 10 -55.657
v 35.51 10 -54.76
v 35.92 10 -57.612
v 35.755 10 -56.624
v 36.291 10 -59.455
v 36.102 10 -58.573
v 36.516 10 -60.345
v 36.48 10 -60.21
v 36.619 10 -60.76
v 36.67 10 -60.97
v 36.647 10 -60.876
v 36.723 10 -61.183
v 36.691 10 -61.065
v 36.804 10 -61.46
v 36.761 10 -61.318
v 36.89 10 -61.74
v 36.848 10 -61.604
v 37.248 10 -62.874
v 37.504 10 -63.689
v 37.33 10 -63.14
v 37.785 10 -64.561
v 37.656 10 -64.163
v 37.973 10 -65.117
v 37.891 10 -64.88
v 38.2 10 -65.73
v 38.402 10 -66.277
v 38.37 10 -66.2
v 38.696 10 -67.053
v 39.022 10 -67.939
v 38.79 10 -67.31
v 39.771 10 -69.885
v 39.369 10 -68.847
v 40.511 10 -71.751
v 40.171 10 -70.903
v 40.766 10 -72.363
v 40.73 10 -72.28
v 40.93 10 -72.75
v 40.984 10 -72.881
v 40.954 10 -72.808
v 41.088 10 -73.137
v 41.165 10 -73.333
v 41.12 10 -73.22
v 41.325 10 -73.717
v 41.235 10 -73.503
v 41.65 10 -74.5
v 41.867 10 -75.033
v 41.76 10 -74.77
v 42.053 10 -75.484
v 41.966 10 -75.275
v 42.17 10 -75.75
v 42.122 10 -75.646
v 42.248 10 -75.928
v 42.332 10 -76.129
v 42.29 10 -76.029
v 42.41 10 -76.3
v 42.373 10 -76.221
v 42.742 10 -77.097
v 42.97 10 -77.663
v 42.82 10 -77.3
v 43.275 10 -78.368
v 43.118 10 -78.011
v 43.66 10 -79.212
v 43.452 10 -78.759
v 44 10 -79.935
v 43.91 10 -79.75
v 44.229 10 -80.451
v 44.527 10 -81.125
v 44.24 10 -80.49
v 46.243 10 -84.639
v 45.259 10 -82.638
v 48.191 10 -88.536
v 47.284 10 -86.735
v 48.9 10 -89.885
v 48.77 10 -89.65
v 49.171 10 -90.35
v 49.037 10 -90.122
v 49.405 10 -90.735
v 49.297 10 -90.558
v 49.748 10 -91.157
v 49.49 10 -90.87
v 50.278 10 -91.141
v 50.001 10 -91.255
v 51.014 10 -90.195
v 50.606 10 -90.795
v 51.998 10 -88.43
v 51.53 10 -89.32
v 53.585 10 -85.266
v 52.736 10 -86.972
v 54.986 10 -82.386
v 54.388 10 -83.631
v 55.235 10 -81.809
v 55.22 10 -81.85
v 55.63 10 -80.94
v 56.15 10 -79.835
v 55.904 10 -80.36
v 56.52 10 -79.035
v 56.359 10 -79.386
v 56.66 10 -78.71
v 56.623 10 -78.802
v 57.42 10 -77
v 57.731 10 -76.325
v 57.586 10 -76.644
v 57.942 10 -75.841
v 57.851 10 -76.054
v 58.02 10 -75.64
v 58 10 -75.7
v 58.182 10 -75.247
v 58.59 10 -74.34
v 58.24 10 -75.12
v 58.829 10 -73.791
v 58.726 10 -74.029
v 58.977 10 -73.446
v 58.91 10 -73.604
v 59.11 10 -73.13
v 59.041 10 -73.295
v 59.226 10 -72.872
v 59.164 10 -73.011
v 59.354 10 -72.565
v 59.29 10 -72.72
v 59.47 10 -72.28
v 59.416 10 -72.415
v 59.73 10 -71.644
v 59.921 10 -71.21
v 59.77 10 -71.56
v 60.324 10 -70.192
v 60.111 10 -70.739
v 60.75 10 -69.048
v 60.543 10 -69.614
v 61.02 10 -68.274
v 60.93 10 -68.54
v 61.34 10 -67.39
v 61.391 10 -67.256
v 61.363 10 -67.331
v 61.456 10 -67.074
v 61.423 10 -67.169
v 61.52 10 -66.88
v 61.489 10 -66.977
v 61.68 10 -66.37
v 61.83 10 -65.923
v 61.745 10 -66.186
v 62.06 10 -65.16
v 61.935 10 -65.581
v 62.37 10 -64.08
v 62.205 10 -64.66
v 62.76 10 -62.678
v 62.97 10 -61.929
v 62.8 10 -62.54
v 63.287 10 -60.665
v 63.131 10 -61.309
v 63.599 10 -59.254
v 63.442 10 -59.984
v 63.973 10 -57.37
v 63.76 10 -58.46
v 64.272 10 -55.743
v 64.141 10 -56.486
v 64.472 10 -54.415
v 64.379 10 -55.074
v 64.756 10 -51.762
v 64.56 10 -53.7
v 64.75 10 -48.421
v 64.821 10 -50.02
v 64.184 10 -45.431
v 64.539 10 -46.91
v 62.948 10 -42.336
v 63.68 10 -43.93
v 60.861 10 -39.45
v 61.999 10 -40.834
v 58.125 10 -37.15
v 59.561 10 -38.213
v 56.067 10 -36.047
v 56.58 10 -36.29
v 55.447 10 -35.77
v 55.709 10 -35.883
v 54.981 10 -35.599
v 55.224 10 -35.684
v 54.264 10 -35.363
v 54.66 10 -35.49
v 53.423 10 -35.134
v 53.85 10 -35.244
v 52.548 10 -34.941
v 52.987 10 -35.032
v 52.11 10 -34.86
v 51.757 10 -34.796
v 51.94 10 -34.829
v 51.396 10 -34.731
v 51.572 10 -34.762
v 51.238 10 -34.703
v 50.801 10 -34.643
v 51.11 10 -34.68
v 49.971 10 -34.615
v 50.409 10 -34.621
v 44.919 10 -35.632
v 44.719 10 -35.715
v 36.586 10 -60.627
v 36.943 10 -61.898
v 37.165 10 -62.604
v 38.454 10 -66.412
v 40.906 10 -72.692
v 42.207 10 -75.833
v 42.663 10 -76.896
v 44.197 10 -80.369
v 56.691 10 -78.628
v 58.028 10 -75.613
v 59.519 10 -72.146
v 59.681 10 -71.751
v 61.308 10 -67.472
v 61.661 10 -66.426
v 62.702 10 -62.884
v 44.79 10 -35.686
v 36.551 10 -60.487
v 37.009 10 -62.103
v 37.084 10 -62.342
v 38.03 10 -65.27
v 38.606 10 -66.811
v 40.804 10 -72.451
v 41.018 10 -72.963
v 41.053 10 -73.049
v 44.146 10 -80.251
v 57.239 10 -77.399
v 61.636 10 -66.5
v 62.46 10 -63.754
v 44.858 10 -35.658
v 38.524 10 -66.594
v 40.841 10 -72.537
v 41.428 10 -73.964
v 41.539 10 -74.229
v 42.454 10 -76.398
v 42.585 10 -76.706
v 56.777 10 -78.429
v 57.063 10 -77.788
v 58.13 10 -75.366
v 59.572 10 -72.009
v 59.627 10 -71.875
v 61.256 10 -67.613
v 62.63 10 -63.141
v 40.876 10 -72.619
v 42.514 10 -76.537
v 44.08 10 -80.104
v 55.277 10 -81.712
v 55.523 10 -81.173
v 61.188 10 -67.8
v 61.607 10 -66.588
v 62.548 10 -63.436
v 55.342 10 -81.567
v 55.426 10 -81.385
v 56.905 10 -78.14
v 61.547 10 -66.783
v 61.577 10 -66.683
v 58.05 10 -75.554
v 58.085 10 -75.47
v 61.107 10 -68.024
f 4517 4518 4519
f 4520 4517 4521
f 4522 4520 4523
f 4524 4522 4525
f 4526 4527 4528
f 4529 4526 4530
f 4531 4529 4532
f 4533 4531 4534
f 4535 4533 4536
f 4537 4535 4538
f 4539 4537 4540
f 4541 4539 4542
f 4543 4541 4544
f 4545 4543 4546
f 4547 4545 4548
f 4549 4547 4550
f 4551 4549 4552
f 4553 4551 4554
f 4555 4553 4556
f 4557 4555 4558
f 4559 4557 4560
f 4561 4559 4562
f 4563 4561 4564
f 4565 4566 4567
f 4568 4565 4569
f 4570 4568 4571
f 4572 4570 4573
f 4574 4575 4576
f 4577 4574 4578
f 4579 4577 4580
f 4581 4582 4583
f 4584 4585 4586
f 4587 4584 4588
f 4589 4587 4590
f 4591 4589 4592
f 4593 4594 4595
f 4596 4597 4598
f 4599 4596 4600
f 4601 4602 4603
f 4604 4601 4605
f 4606 4604 4607
f 4608 4609 4610
f 4611 4608 4612
f 4613 4614 4615
f 4616 4613 4617
f 4618 4616 4619
f 4620 4618 4621
f 4622 4623 4624
f 4625 4622 4626
f 4627 4625 4628
f 4629 4627 4630
f 4631 4629 4632
f 4633 4631 4634
f 4635 4633 4636
f 4637 4635 4638
f 4639 4637 4640
f 4641 4639 4642
f 4643 4641 4644
f 4645 4643 4646
f 4647 4645 4648
f 4649 4650 4651
f 4652 4649 4653
f 4654 4652 4655
f 4656 4657 4658
f 4659 4656 4660
f 4661 4659 4662
f 4663 4664 4665
f 4666 4663 4667
f 4668 4666 4669
f 4670 4668 4671
f 4672 4670 4673
f 4674 4672 4675
f 4676 4674 4677
f 4678 4679 4680
f 4681 4678 4682
f 4683 4681 4684
f 4685 4683 4686
f 4687 4688 4689
f 4690 4687 4691
f 4692 4690 4693
f 4694 4695 4696
f 4697 4694 4698
f 4699 4697 4700
f 4701 4702 4703
f 4704 4701 4705
f 4706 4704 4707
f 4708 4706 4709
f 4710 4708 4711
f 4712 4710 4713
f 4714 4712 4715
f 4716 4714 4717
f 4718 4716 4719
f 4720 4718 4721
f 4722 4720 4723
f 4724 4722 4725
f 4726 4724 4727
f 4728 4726 4729
f 4730 4728 4731
f 4732 4730 4733
f 4734 4732 4735
f 4736 4734 4737
f 4738 4739 4740
f 4741 4738 4742
f 4743 4744 4745
f 4746 4743 4747
f 4517 4746 4518
f 4522 4517 4520
f 4748 4522 4524
f 4526 4749 4527
f 4531 4526 4529
f 4535 4531 4533
f 4539 4535 4537
f 4543 4539 4541
f 4547 4543 4545
f 4551 4547 4549
f 4555 4551 4553
f 4559 4555 4557
f 4563 4559 4561
f 4565 4750 4566
f 4570 4565 4568
f 4751 4570 4572
f 4574 4752 4575
f 4579 4574 4577
f 4753 4582 4581
f 4587 4585 4584
f 4591 4587 4589
f 4593 4754 4594
f 4599 4597 4596
f 4604 4602 4601
f 4755 4604 4606
f 4611 4609 4608
f 4613 4756 4614
f 4618 4613 4616
f 4622 4757 4623
f 4627 4622 4625
f 4631 4627 4629
f 4635 4631 4633
f 4639 4635 4637
f 4643 4639 4641
f 4647 4643 4645
f 4652 4650 4649
f 4758 4652 4654
f 4659 4657 4656
f 4759 4659 4661
f 4666 4664 4663
f 4670 4666 4668
f 4674 4670 4672
f 4760 4674 4676
f 4678 4761 4679
f 4683 4678 4681
f 4687 4762 4688
f 4692 4687 4690
f 4694 4763 4695
f 4699 4694 4697
f 4701 4764 4702
f 4706 4701 4704
f 4710 4706 4708
f 4714 4710 4712
f 4718 4714 4716
f 4722 4718 4720
f 4726 4722 4724
f 4730 4726 4728
f 4734 4730 4732
f 4739 4734 4736
f 4741 4739 4738
f 4743 4741 4744
f 4517 4743 4746
f 4748 4517 4522
f 4526 4765 4749
f 4535 4526 4531
f 4543 4535 4539
f 4551 4543 4547
f 4559 4551 4555
f 4766 4559 4563
f 4570 4750 4565
f 4767 4570 4751
f 4574 4768 4752
f 4769 4574 4579
f 4753 4769 4582
f 4587 4770 4585
f 4771 4587 4591
f 4772 4754 4593
f 4599 4773 4597
f 4755 4602 4604
f 4611 4755 4609
f 4618 4756 4613
f 4622 4774 4757
f 4631 4622 4627
f 4639 4631 4635
f 4647 4639 4643
f 4758 4650 4652
f 4659 4775 4657
f 4670 4664 4666
f 4760 4670 4674
f 4683 4761 4678
f 4692 4762 4687
f 4694 4776 4763
f 4777 4694 4699
f 4706 4764 4701
f 4714 4706 4710
f 4722 4714 4718
f 4730 4722 4726
f 4739 4730 4734
f 4743 4739 4741
f 4748 4743 4517
f 4526 4778 4765
f 4543 4526 4535
f 4559 4543 4551
f 4750 4559 4766
f 4767 4750 4570
f 4769 4768 4574
f 4779 4769 4753
f 4587 4779 4770
f 4780 4587 4771
f 4781 4773 4599
f 4755 4782 4602
f 4783 4755 4611
f 4618 4784 4756
f 4631 4774 4622
f 4647 4631 4639
f 4785 4650 4758
f 4659 4786 4775
f 4670 4787 4664
f 4788 4670 4760
f 4683 4789 4761
f 4692 4790 4762
f 4777 4776 4694
f 4706 4791 4764
f 4722 4706 4714
f 4739 4722 4730
f 4748 4739 4743
f 4526 4748 4778
f 4559 4526 4543
f 4767 4559 4750
f 4769 4767 4768
f 4587 4769 4779
f 4792 4587 4780
f 4781 4772 4773
f 4755 4781 4782
f 4618 4793 4784
f 4631 4794 4774
f 4795 4631 4647
f 4785 4796 4650
f 4759 4786 4659
f 4788 4787 4670
f 4683 4788 4789
f 4692 4797 4790
f 4777 4798 4776
f 4706 4799 4791
f 4739 4706 4722
f 4526 4739 4748
f 4767 4526 4559
f 4587 4767 4769
f 4754 4587 4792
f 4755 4772 4781
f 4620 4793 4618
f 4631 4620 4794
f 4800 4631 4795
f 4785 4801 4796
f 4759 4802 4786
f 4683 4787 4788
f 4803 4797 4692
f 4777 4804 4798
f 4706 4777 4799
f 4526 4706 4739
f 4587 4526 4767
f 4772 4587 4754
f 4783 4772 4755
f 4620 4783 4793
f 4800 4620 4631
f 4802 4801 4785
f 4805 4802 4759
f 4683 4806 4787
f 4803 4807 4797
f 4777 4803 4804
f 4526 4777 4706
f 4772 4526 4587
f 4620 4772 4783
f 4801 4620 4800
f 4805 4801 4802
f 4685 4806 4683
f 4777 4807 4803
f 4772 4777 4526
f 4801 4772 4620
f 4806 4801 4805
f 4807 4806 4685
f 4772 4807 4777
f 4806 4772 4801
f 4772 4806 4807
f 4808 4809 4810
f 4809 4811 4812
f 4811 4813 4814
f 4813 4815 4816
f 4817 4818 4819
f 4818 4820 4821
f 4820 4822 4823
f 4822 4824 4825
f 4824 4826 4827
f 4826 4828 4829
f 4828 4830 4831
f 4830 4832 4833
f 4832 4834 4835
f 4834 4836 4837
f 4836 4838 4839
f 4838 4840 4841
f 4840 4842 4843
f 4842 4844 4845
f 4844 4846 4847
f 4846 4848 4849
f 4848 4850 4851
f 4850 4852 4853
f 4852 4854 4855
f 4856 4857 4858
f 4857 4859 4860
f 4859 4861 4862
f 4861 4863 4864
f 4865 4866 4867
f 4866 4868 4869
f 4868 4870 4871
f 4872 4873 4874
f 4875 4876 4877
f 4876 4878 4879
f 4878 4880 4881
f 4880 4882 4883
f 4884 4885 4886
f 4887 4888 4889
f 4888 4890 4891
f 4892 4893 4894
f 4893 4895 4896
f 4895 4897 4898
f 4899 4900 4901
f 4900 4902 4903
f 4904 4905 4906
f 4905 4907 4908
f 4907 4909 4910
f 4909 4911 4912
f 4913 4914 4915
f 4914 4916 4917
f 4916 4918 4919
f 4918 4920 4921
f 4920 4922 4923
f 4922 4924 4925
f 4924 4926 4927
f 4926 4928 4929
f 4928 4930 4931
f 4930 4932 4933
f 4932 4934 4935
f 4934 4936 4937
f 4936 4938 4939
f 4940 4941 4942
f 4941 4943 4944
f 4943 4945 4946
f 4947 4948 4949
f 4948 4950 4951
f 4950 4952 4953
f 4954 4955 4956
f 4955 4957 4958
f 4957 4959 4960
f 4959 4961 4962
f 4961 4963 4964
f 4963 4965 4966
f 4965 4967 4968
f 4969 4970 4971
f 4970 4972 4973
f 4972 4974 4975
f 4974 4976 4977
f 4978 4979 4980
f 4979 4981 4982
f 4981 4983 4984
f 4985 4986 4987
f 4986 4988 4989
f 4988 4990 4991
f 4992 4993 4994
f 4993 4995 4996
f 4995 4997 4998
f 4997 4999 5000
f 4999 5001 5002
f 5001 5003 5004
f 5003 5005 5006
f 5005 5007 5008
f 5007 5009 5010
f 5009 5011 5012
f 5011 5013 5014
f 5013 5015 5016
f 5015 5017 5018
f 5017 5019 5020
f 5019 5021 5022
f 5021 5023 5024
f 5023 5025 5026
f 5025 5027 5028
f 5029 5030 5031
f 5030 5032 5033
f 5034 5035 5036
f 5035 5037 5038
f 5037 4809 4808
f 4809 4813 4811
f 4813 5039 4815
f 5040 4818 4817
f 4818 4822 4820
f 4822 4826 4824
f 4826 4830 4828
f 4830 4834 4832
f 4834 4838 4836
f 4838 4842 4840
f 4842 4846 4844
f 4846 4850 4848
f 4850 4854 4852
f 5041 4857 4856
f 4857 4861 4859
f 4861 5042 4863
f 5043 4866 4865
f 4866 4870 4868
f 4872 5044 4873
f 4875 4878 4876
f 4878 4882 4880
f 5045 4885 4884
f 4887 4890 4888
f 4892 4895 4893
f 4895 5046 4897
f 4899 4902 4900
f 5047 4905 4904
f 4905 4909 4907
f 5048 4914 4913
f 4914 4918 4916
f 4918 4922 4920
f 4922 4926 4924
f 4926 4930 4928
f 4930 4934 4932
f 4934 4938 4936
f 4940 4943 4941
f 4943 5049 4945
f 4947 4950 4948
f 4950 5050 4952
f 4954 4957 4955
f 4957 4961 4959
f 4961 4965 4963
f 4965 5051 4967
f 5052 4970 4969
f 4970 4974 4972
f 5053 4979 4978
f 4979 4983 4981
f 5054 4986 4985
f 4986 4990 4988
f 5055 4993 4992
f 4993 4997 4995
f 4997 5001 4999
f 5001 5005 5003
f 5005 5009 5007
f 5009 5013 5011
f 5013 5017 5015
f 5017 5021 5019
f 5021 5025 5023
f 5025 5029 5027
f 5029 5032 5030
f 5032 5035 5034
f 5035 4809 5037
f 4809 5039 4813
f 5056 4818 5040
f 4818 4826 4822
f 4826 4834 4830
f 4834 4842 4838
f 4842 4850 4846
f 4850 5057 4854
f 5041 4861 4857
f 4861 5058 5042
f 5059 4866 5043
f 4866 5060 4870
f 5060 5044 4872
f 5061 4878 4875
f 4878 5062 4882
f 5045 5063 4885
f 5064 4890 4887
f 4892 5046 4895
f 5046 4902 4899
f 5047 4909 4905
f 5065 4914 5048
f 4914 4922 4918
f 4922 4930 4926
f 4930 4938 4934
f 4940 5049 4943
f 5066 4950 4947
f 4954 4961 4957
f 4961 5051 4965
f 5052 4974 4970
f 5053 4983 4979
f 5067 4986 5054
f 4986 5068 4990
f 5055 4997 4993
f 4997 5005 5001
f 5005 5013 5009
f 5013 5021 5017
f 5021 5029 5025
f 5029 5035 5032
f 5035 5039 4809
f 5069 4818 5056
f 4818 4834 4826
f 4834 4850 4842
f 4850 5041 5057
f 5041 5058 4861
f 5059 5060 4866
f 5060 5070 5044
f 5070 4878 5061
f 4878 5071 5062
f 5064 5072 4890
f 5073 5046 4892
f 5046 5074 4902
f 5075 4909 5047
f 5065 4922 4914
f 4922 4938 4930
f 4940 5076 5049
f 5077 4950 5066
f 5078 4961 4954
f 4961 5079 5051
f 5080 4974 5052
f 5081 4983 5053
f 5067 5068 4986
f 5082 4997 5055
f 4997 5013 5005
f 5013 5029 5021
f 5029 5039 5035
f 5039 4818 5069
f 4818 4850 4834
f 4850 5058 5041
f 5058 5060 5059
f 5060 4878 5070
f 4878 5083 5071
f 5063 5072 5064
f 5072 5046 5073
f 5084 4909 5075
f 5085 4922 5065
f 4922 5086 4938
f 5087 5076 4940
f 5077 5050 4950
f 5078 5079 4961
f 5079 4974 5080
f 5088 4983 5081
f 5089 5068 5067
f 5090 4997 5082
f 4997 5029 5013
f 5029 4818 5039
f 4818 5058 4850
f 5058 4878 5060
f 4878 5045 5083
f 5063 5046 5072
f 5084 4911 4909
f 4911 4922 5085
f 4922 5091 5086
f 5092 5076 5087
f 5093 5050 5077
f 5078 4974 5079
f 5088 5094 4983
f 5095 5068 5089
f 5068 4997 5090
f 4997 4818 5029
f 4818 4878 5058
f 4878 5063 5045
f 5063 5074 5046
f 5074 4911 5084
f 4911 5091 4922
f 5092 5093 5076
f 5093 5096 5050
f 5097 4974 5078
f 5098 5094 5088
f 5094 5068 5095
f 5068 4818 4997
f 4818 5063 4878
f 5063 4911 5074
f 4911 5092 5091
f 5092 5096 5093
f 5097 4976 4974
f 5098 5068 5094
f 5068 5063 4818
f 5063 5092 4911
f 5092 5097 5096
f 5097 5098 4976
f 5098 5063 5068
f 5063 5097 5092
f 5097 5063 5098
f 4517 4809 4521
f 4521 4809 4812
f 4521 4812 4520
f 4520 4812 4811
f 4520 4811 4523
f 4523 4811 4814
f 4523 4814 4522
f 4522 4814 4813
f 4522 4813 4525
f 4525 4813 4816
f 4525 4816 4524
f 4524 4816 4815
f 4524 4815 4748
f 4748 4815 5039
f 4748 5039 4778
f 4778 5039 5069
f 4778 5069 4765
f 4765 5069 5056
f 4765 5056 4749
f 4749 5056 5040
f 4749 5040 4527
f 4527 5040 4817
f 4527 4817 4528
f 4528 4817 4819
f 4528 4819 4526
f 4526 4819 4818
f 4526 4818 4530
f 4530 4818 4821
f 4530 4821 4529
f 4529 4821 4820
f 4529 4820 4532
f 4532 4820 4823
f 4532 4823 4531
f 4531 4823 4822
f 4531 4822 4534
f 4534 4822 4825
f 4534 4825 4533
f 4533 4825 4824
f 4533 4824 4536
f 4536 4824 4827
f 4536 4827 4535
f 4535 4827 4826
f 4535 4826 4538
f 4538 4826 4829
f 4538 4829 4537
f 4537 4829 4828
f 4537 4828 4540
f 4540 4828 4831
f 4540 4831 4539
f 4539 4831 4830
f 4539 4830 4542
f 4542 4830 4833
f 4542 4833 4541
f 4541 4833 4832
f 4541 4832 4544
f 4544 4832 4835
f 4544 4835 4543
f 4543 4835 4834
f 4543 4834 4546
f 4546 4834 4837
f 4546 4837 4545
f 4545 4837 4836
f 4545 4836 4548
f 4548 4836 4839
f 4548 4839 4547
f 4547 4839 4838
f 4547 4838 4550
f 4550 4838 4841
f 4550 4841 4549
f 4549 4841 4840
f 4549 4840 4552
f 4552 4840 4843
f 4552 4843 4551
f 4551 4843 4842
f 4551 4842 4554
f 4554 4842 4845
f 4554 4845 4553
f 4553 4845 4844
f 4553 4844 4556
f 4556 4844 4847
f 4556 4847 4555
f 4555 4847 4846
f 4555 4846 4558
f 4558 4846 4849
f 4558 4849 4557
f 4557 4849 4848
f 4557 4848 4560
f 4560 4848 4851
f 4560 4851 4559
f 4559 4851 4850
f 4559 4850 4562
f 4562 4850 4853
f 4562 4853 4561
f 4561 4853 4852
f 4561 4852 4564
f 4564 4852 4855
f 4564 4855 4563
f 4563 4855 4854
f 4563 4854 4766
f 4766 4854 5057
f 4766 5057 4750
f 4750 5057 5041
f 4750 5041 4566
f 4566 5041 4856
f 4566 4856 4567
f 4567 4856 4858
f 4567 4858 4565
f 4565 4858 4857
f 4565 4857 4569
f 4569 4857 4860
f 4569 4860 4568
f 4568 4860 4859
f 4568 4859 4571
f 4571 4859 4862
f 4571 4862 4570
f 4570 4862 4861
f 4570 4861 4573
f 4573 4861 4864
f 4573 4864 4572
f 4572 4864 4863
f 4572 4863 4751
f 4751 4863 5042
f 4751 5042 4767
f 4767 5042 5058
f 4767 5058 4768
f 4768 5058 5059
f 4768 5059 4752
f 4752 5059 5043
f 4752 5043 4575
f 4575 5043 4865
f 4575 4865 4576
f 4576 4865 4867
f 4576 4867 4574
f 4574 4867 4866
f 4574 4866 4578
f 4578 4866 4869
f 4578 4869 4577
f 4577 4869 4868
f 4577 4868 4580
f 4580 4868 4871
f 4580 4871 4579
f 4579 4871 4870
f 4579 4870 4769
f 4769 4870 5060
f 4769 5060 4582
f 4582 5060 4872
f 4582 4872 4583
f 4583 4872 4874
f 4583 4874 4581
f 4581 4874 4873
f 4581 4873 4753
f 4753 4873 5044
f 4753 5044 4779
f 4779 5044 5070
f 4779 5070 4770
f 4770 5070 5061
f 4770 5061 4585
f 4585 5061 4875
f 4585 4875 4586
f 4586 4875 4877
f 4586 4877 4584
f 4584 4877 4876
f 4584 4876 4588
f 4588 4876 4879
f 4588 4879 4587
f 4587 4879 4878
f 4587 4878 4590
f 4590 4878 4881
f 4590 4881 4589
f 4589 4881 4880
f 4589 4880 4592
f 4592 4880 4883
f 4592 4883 4591
f 4591 4883 4882
f 4591 4882 4771
f 4771 4882 5062
f 4771 5062 4780
f 4780 5062 5071
f 4780 5071 4792
f 4792 5071 5083
f 4792 5083 4754
f 4754 5083 5045
f 4754 5045 4594
f 4594 5045 4884
f 4594 4884 4595
f 4595 4884 4886
f 4595 4886 4593
f 4593 4886 4885
f 4593 4885 4772
f 4772 4885 5063
f 4772 5063 4773
f 4773 5063 5064
f 4773 5064 4597
f 4597 5064 4887
f 4597 4887 4598
f 4598 4887 4889
f 4598 4889 4596
f 4596 4889 4888
f 4596 4888 4600
f 4600 4888 4891
f 4600 4891 4599
f 4599 4891 4890
f 4599 4890 4781
f 4781 4890 5072
f 4781 5072 4782
f 4782 5072 5073
f 4782 5073 4602
f 4602 5073 4892
f 4602 4892 4603
f 4603 4892 4894
f 4603 4894 4601
f 4601 4894 4893
f 4601 4893 4605
f 4605 4893 4896
f 4605 4896 4604
f 4604 4896 4895
f 4604 4895 4607
f 4607 4895 4898
f 4607 4898 4606
f 4606 4898 4897
f 4606 4897 4755
f 4755 4897 5046
f 4755 5046 4609
f 4609 5046 4899
f 4609 4899 4610
f 4610 4899 4901
f 4610 4901 4608
f 4608 4901 4900
f 4608 4900 4612
f 4612 4900 4903
f 4612 4903 4611
f 4611 4903 4902
f 4611 4902 4783
f 4783 4902 5074
f 4783 5074 4793
f 4793 5074 5084
f 4793 5084 4784
f 4784 5084 5075
f 4784 5075 4756
f 4756 5075 5047
f 4756 5047 4614
f 4614 5047 4904
f 4614 4904 4615
f 4615 4904 4906
f 4615 4906 4613
f 4613 4906 4905
f 4613 4905 4617
f 4617 4905 4908
f 4617 4908 4616
f 4616 4908 4907
f 4616 4907 4619
f 4619 4907 4910
f 4619 4910 4618
f 4618 4910 4909
f 4618 4909 4621
f 4621 4909 4912
f 4621 4912 4620
f 4620 4912 4911
f 4620 4911 4794
f 4794 4911 5085
f 4794 5085 4774
f 4774 5085 5065
f 4774 5065 4757
f 4757 5065 5048
f 4757 5048 4623
f 4623 5048 4913
f 4623 4913 4624
f 4624 4913 4915
f 4624 4915 4622
f 4622 4915 4914
f 4622 4914 4626
f 4626 4914 4917
f 4626 4917 4625
f 4625 4917 4916
f 4625 4916 4628
f 4628 4916 4919
f 4628 4919 4627
f 4627 4919 4918
f 4627 4918 4630
f 4630 4918 4921
f 4630 4921 4629
f 4629 4921 4920
f 4629 4920 4632
f 4632 4920 4923
f 4632 4923 4631
f 4631 4923 4922
f 4631 4922 4634
f 4634 4922 4925
f 4634 4925 4633
f 4633 4925 4924
f 4633 4924 4636
f 4636 4924 4927
f 4636 4927 4635
f 4635 4927 4926
f 4635 4926 4638
f 4638 4926 4929
f 4638 4929 4637
f 4637 4929 4928
f 4637 4928 4640
f 4640 4928 4931
f 4640 4931 4639
f 4639 4931 4930
f 4639 4930 4642
f 4642 4930 4933
f 4642 4933 4641
f 4641 4933 4932
f 4641 4932 4644
f 4644 4932 4935
f 4644 4935 4643
f 4643 4935 4934
f 4643 4934 4646
f 4646 4934 4937
f 4646 4937 4645
f 4645 4937 4936
f 4645 4936 4648
f 4648 4936 4939
f 4648 4939 4647
f 4647 4939 4938
f 4647 4938 4795
f 4795 4938 5086
f 4795 5086 4800
f 4800 5086 5091
f 4800 5091 4801
f 4801 5091 5092
f 4801 5092 4796
f 4796 5092 5087
f 4796 5087 4650
f 4650 5087 4940
f 4650 4940 4651
f 4651 4940 4942
f 4651 4942 4649
f 4649 4942 4941
f 4649 4941 4653
f 4653 4941 4944
f 4653 4944 4652
f 4652 4944 4943
f 4652 4943 4655
f 4655 4943 4946
f 4655 4946 4654
f 4654 4946 4945
f 4654 4945 4758
f 4758 4945 5049
f 4758 5049 4785
f 4785 5049 5076
f 4785 5076 4802
f 4802 5076 5093
f 4802 5093 4786
f 4786 5093 5077
f 4786 5077 4775
f 4775 5077 5066
f 4775 5066 4657
f 4657 5066 4947
f 4657 4947 4658
f 4658 4947 4949
f 4658 4949 4656
f 4656 4949 4948
f 4656 4948 4660
f 4660 4948 4951
f 4660 4951 4659
f 4659 4951 4950
f 4659 4950 4662
f 4662 4950 4953
f 4662 4953 4661
f 4661 4953 4952
f 4661 4952 4759
f 4759 4952 5050
f 4759 5050 4805
f 4805 5050 5096
f 4805 5096 4806
f 4806 5096 5097
f 4806 5097 4787
f 4787 5097 5078
f 4787 5078 4664
f 4664 5078 4954
f 4664 4954 4665
f 4665 4954 4956
f 4665 4956 4663
f 4663 4956 4955
f 4663 4955 4667
f 4667 4955 4958
f 4667 4958 4666
f 4666 4958 4957
f 4666 4957 4669
f 4669 4957 4960
f 4669 4960 4668
f 4668 4960 4959
f 4668 4959 4671
f 4671 4959 4962
f 4671 4962 4670
f 4670 4962 4961
f 4670 4961 4673
f 4673 4961 4964
f 4673 4964 4672
f 4672 4964 4963
f 4672 4963 4675
f 4675 4963 4966
f 4675 4966 4674
f 4674 4966 4965
f 4674 4965 4677
f 4677 4965 4968
f 4677 4968 4676
f 4676 4968 4967
f 4676 4967 4760
f 4760 4967 5051
f 4760 5051 4788
f 4788 5051 5079
f 4788 5079 4789
f 4789 5079 5080
f 4789 5080 4761
f 4761 5080 5052
f 4761 5052 4679
f 4679 5052 4969
f 4679 4969 4680
f 4680 4969 4971
f 4680 4971 4678
f 4678 4971 4970
f 4678 4970 4682
f 4682 4970 4973
f 4682 4973 4681
f 4681 4973 4972
f 4681 4972 4684
f 4684 4972 4975
f 4684 4975 4683
f 4683 4975 4974
f 4683 4974 4686
f 4686 4974 4977
f 4686 4977 4685
f 4685 4977 4976
f 4685 4976 4807
f 4807 4976 5098
f 4807 5098 4797
f 4797 5098 5088
f 4797 5088 4790
f 4790 5088 5081
f 4790 5081 4762
f 4762 5081 5053
f 4762 5053 4688
f 4688 5053 4978
f 4688 4978 4689
f 4689 4978 4980
f 4689 4980 4687
f 4687 4980 4979
f 4687 4979 4691
f 4691 4979 4982
f 4691 4982 4690
f 4690 4982 4981
f 4690 4981 4693
f 4693 4981 4984
f 4693 4984 4692
f 4692 4984 4983
f 4692 4983 4803
f 4803 4983 5094
f 4803 5094 4804
f 4804 5094 5095
f 4804 5095 4798
f 4798 5095 5089
f 4798 5089 4776
f 4776 5089 5067
f 4776 5067 4763
f 4763 5067 5054
f 4763 5054 4695
f 4695 5054 4985
f 4695 4985 4696
f 4696 4985 4987
f 4696 4987 4694
f 4694 4987 4986
f 4694 4986 4698
f 4698 4986 4989
f 4698 4989 4697
f 4697 4989 4988
f 4697 4988 4700
f 4700 4988 4991
f 4700 4991 4699
f 4699 4991 4990
f 4699 4990 4777
f 4777 4990 5068
f 4777 5068 4799
f 4799 5068 5090
f 4799 5090 4791
f 4791 5090 5082
f 4791 5082 4764
f 4764 5082 5055
f 4764 5055 4702
f 4702 5055 4992
f 4702 4992 4703
f 4703 4992 4994
f 4703 4994 4701
f 4701 4994 4993
f 4701 4993 4705
f 4705 4993 4996
f 4705 4996 4704
f 4704 4996 4995
f 4704 4995 4707
f 4707 4995 4998
f 4707 4998 4706
f 4706 4998 4997
f 4706 4997 4709
f 4709 4997 5000
f 4709 5000 4708
f 4708 5000 4999
f 4708 4999 4711
f 4711 4999 5002
f 4711 5002 4710
f 4710 5002 5001
f 4710 5001 4713
f 4713 5001 5004
f 4713 5004 4712
f 4712 5004 5003
f 4712 5003 4715
f 4715 5003 5006
f 4715 5006 4714
f 4714 5006 5005
f 4714 5005 4717
f 4717 5005 5008
f 4717 5008 4716
f 4716 5008 5007
f 4716 5007 4719
f 4719 5007 5010
f 4719 5010 4718
f 4718 5010 5009
f 4718 5009 4721
f 4721 5009 5012
f 4721 5012 4720
f 4720 5012 5011
f 4720 5011 4723
f 4723 5011 5014
f 4723 5014 4722
f 4722 5014 5013
f 4722 5013 4725
f 4725 5013 5016
f 4725 5016 4724
f 4724 5016 5015
f 4724 5015 4727
f 4727 5015 5018
f 4727 5018 4726
f 4726 5018 5017
f 4726 5017 4729
f 4729 5017 5020
f 4729 5020 4728
f 4728 5020 5019
f 4728 5019 4731
f 4731 5019 5022
f 4731 5022 4730
f 4730 5022 5021
f 4730 5021 4733
f 4733 5021 5024
f 4733 5024 4732
f 4732 5024 5023
f 4732 5023 4735
f 4735 5023 5026
f 4735 5026 4734
f 4734 5026 5025
f 4734 5025 4737
f 4737 5025 5028
f 4737 5028 4736
f 4736 5028 5027
f 4736 5027 4739
f 4739 5027 5029
f 4739 5029 4740
f 4740 5029 5031
f 4740 5031 4738
f 4738 5031 5030
f 4738 5030 4742
f 4742 5030 5033
f 4742 5033 4741
f 4741 5033 5032
f 4741 5032 4744
f 4744 5032 5034
f 4744 5034 4745
f 4745 5034 5036
f 4745 5036 4743
f 4743 5036 5035
f 4743 5035 4747
f 4747 5035 5038
f 4747 5038 4746
f 4746 5038 5037
f 4746 5037 4518
f 4518 5037 4808
f 4518 4808 4519
f 4519 4808 4810
f 4519 4810 4517
f 4517 4810 4809
