o 
v 62.714 0 -62.433
v 51.614 0 -62.485
v 62.696 0 -62.686
v 63.542 0 -57.843
v 62.88 0 -61.46
v 63.28 0 -59.28
v 67.365 0 -53.608
v 66.142 0 -53.322
v 66.59 0 -53.43
v 68.683 0 -53.851
v 68.042 0 -53.746
v 70.1 0 -53.991
v 69.348 0 -53.931
v 72.849 0 -54.651
v 72.998 0 -54.458
v 72.96 0 -54.5
v 70.414 0 -56.647
v 71.382 0 -55.913
v 70.85 0 -56.31
v 69.55 0 -57.332
v 69.98 0 -56.987
v 68.699 0 -58.032
v 69.123 0 -57.68
v 67.86 0 -58.748
v 68.278 0 -58.388
v 67.034 0 -59.478
v 67.446 0 -59.111
v 66.221 0 -60.222
v 66.626 0 -59.848
v 65.012 0 -61.368
v 65.82 0 -60.6
v 62.722 0 -62.827
v 53.533 0 -66.293
v 52.771 0 -64.646
v 53.35 0 -65.9
v 55.236 0 -71.038
v 55.042 0 -70.353
v 55.16 0 -70.77
v 54.899 0 -74.466
v 55.136 0 -73.788
v 55.04 0 -74.05
v 41.41 0 -72.49
v 44.597 0 -73.03
v 44.579 0 -72.216
v 41.659 0 -74.216
v 41.493 0 -73.369
v 42.291 0 -75.934
v 41.921 0 -75.061
v 43.4 0 -77.88
v 42.78 0 -76.863
v 43.401 0 -78.741
v 43.708 0 -78.46
v 43.67 0 -78.49
v 42.864 0 -79.246
v 43.132 0 -78.993
v 42.331 0 -79.755
v 42.597 0 -79.5
v 41.801 0 -80.266
v 42.066 0 -80.01
v 41.274 0 -80.781
v 41.537 0 -80.523
v 40.751 0 -81.3
v 41.012 0 -81.04
v 39.506 0 -82.696
v 40.49 0 -81.56
v 37.999 0 -84.996
v 38.671 0 -83.849
v 37.195 0 -87.18
v 37.503 0 -86.114
v 37.13 0 -88.758
v 37.09 0 -88.17
v 37.426 0 -90.018
v 37.244 0 -89.38
v 37.966 0 -91.27
v 37.669 0 -90.654
v 38.452 0 -92.038
v 38.31 0 -91.85
v 38.912 0 -92.561
v 38.667 0 -92.291
v 39.313 0 -92.968
v 39.143 0 -92.803
v 39.05 0 -92.31
v 39.38 0 -93.01
v 46.535 0 -84.735
v 47.14 0 -83.95
v 46.826 0 -84.333
v 46.026 0 -85.586
v 46.268 0 -85.153
v 45.622 0 -86.49
v 45.811 0 -86.032
v 45.327 0 -87.437
v 45.46 0 -86.959
v 45.145 0 -88.411
v 45.222 0 -87.921
v 45.08 0 -89.4
v 45.098 0 -88.905
v 46.14 0 -89.473
v 46.136 0 -89.757
v 46.148 0 -90.04
v 45.396 0 -91.752
v 45.154 0 -90.559
v 46.504 0 -94.531
v 45.836 0 -93.052
v 48.64 0 -98.31
v 47.428 0 -96.26
v 49.392 0 -99.524
v 49.076 0 -99.03
v 49.784 0 -99.973
v 49.619 0 -99.826
v 50.05 0 -99.94
v 49.918 0 -99.999
v 50.37 0 -99.617
v 50.196 0 -99.82
v 50.903 0 -98.807
v 50.597 0 -99.291
v 51.85 0 -97.21
v 51.313 0 -98.125
v 53.222 0 -94.799
v 52.625 0 -95.868
v 54.008 0 -93.231
v 53.673 0 -93.941
v 54.46 0 -92
v 54.26 0 -92.605
v 54.664 0 -91.249
v 54.58 0 -91.603
v 54.749 0 -90.541
v 54.719 0 -90.906
v 54.76 0 -89.61
v 54.761 0 -90.12
v 54.604 0 -87.527
v 54.726 0 -88.483
v 53.966 0 -85.783
v 54.361 0 -86.655
v 52.59 0 -83.7
v 53.386 0 -84.827
v 60.557 0 -93.016
v 60.83 0 -92.34
v 60.49 0 -93.05
v 60.963 0 -92.615
v 60.729 0 -92.856
v 61.441 0 -92.081
v 61.214 0 -92.341
v 61.731 0 -91.67
v 61.6 0 -91.88
v 61.974 0 -91.239
v 61.856 0 -91.456
v 62.191 0 -90.794
v 62.086 0 -91.018
v 62.38 0 -90.336
v 62.289 0 -90.566
v 62.542 0 -89.868
v 62.465 0 -90.103
v 62.675 0 -89.391
v 62.612 0 -89.631
v 62.821 0 -88.157
v 62.73 0 -89.15
v 62.368 0 -85.964
v 62.698 0 -87.089
v 61.107 0 -83.607
v 61.835 0 -84.797
v 59.901 0 -82.068
v 60.19 0 -82.41
v 59.245 0 -81.354
v 59.594 0 -81.724
v 58.309 0 -80.437
v 58.826 0 -80.933
v 56.14 0 -78.43
v 57.67 0 -79.84
v 56.27 0 -78.52
v 57.184 0 -76.762
v 56.51 0 -77.88
v 58.101 0 -74.732
v 57.713 0 -75.722
v 58.488 0 -72.803
v 58.357 0 -73.768
v 58.434 0 -70.895
v 58.5 0 -71.81
v 58.037 0 -69.022
v 58.285 0 -69.983
v 57.181 0 -66.744
v 57.675 0 -67.96
v 56.153 0 -64.479
v 56.54 0 -65.32
v 65.596 0 -80.089
v 65.73 0 -80.06
v 65.633 0 -80.075
v 65.731 0 -80.111
v 65.626 0 -80.101
v 66.19 0 -80.12
v 65.916 0 -80.118
v 66.929 0 -80.085
v 66.587 0 -80.112
v 67.517 0 -79.961
v 67.234 0 -80.036
v 68.09 0 -79.72
v 67.797 0 -79.857
v 68.574 0 -79.419
v 68.341 0 -79.575
v 69.006 0 -79.061
v 68.795 0 -79.249
v 69.41 0 -78.62
v 69.209 0 -78.852
v 69.91 0 -77.806
v 69.675 0 -78.222
v 70.284 0 -76.927
v 70.113 0 -77.373
v 70.522 0 -76.002
v 70.42 0 -76.469
v 70.62 0 -75.051
v 70.589 0 -75.528
v 70.576 0 -74.097
v 70.616 0 -74.573
v 70.39 0 -73.16
v 70.501 0 -73.625
v 69.933 0 -70.902
v 69.922 0 -71.121
v 69.93 0 -71.02
v 76.714 0 -84.666
v 76.79 0 -84.53
v 76.752 0 -84.598
v 76.64 0 -84.803
v 76.677 0 -84.734
v 76.567 0 -84.941
v 76.603 0 -84.872
v 76.497 0 -85.08
v 76.532 0 -85.01
v 76.427 0 -85.22
v 76.462 0 -85.15
v 76.36 0 -85.36
v 76.393 0 -85.29
v 76.341 0 -85.493
v 76.348 0 -85.438
v 76.349 0 -85.547
v 76.341 0 -85.529
v 76.39 0 -85.54
v 76.365 0 -85.55
v 76.917 0 -84.946
v 76.658 0 -85.247
v 77.404 0 -84.318
v 77.165 0 -84.636
v 77.848 0 -83.66
v 77.631 0 -83.992
v 78.248 0 -82.973
v 78.054 0 -83.32
v 78.603 0 -82.263
v 78.432 0 -82.621
v 78.91 0 -81.53
v 78.762 0 -81.899
v 79.215 0 -80.442
v 79.079 0 -81.002
v 79.382 0 -79.298
v 79.316 0 -79.868
v 79.4 0 -78.25
v 79.41 0 -78.753
v 79.337 0 -77.552
v 79.375 0 -77.901
v 79.225 0 -76.861
v 79.287 0 -77.206
v 79.063 0 -76.18
v 79.15 0 -76.519
v 78.852 0 -75.512
v 78.963 0 -75.844
v 78.594 0 -74.861
v 78.729 0 -75.184
v 78.29 0 -74.23
v 78.448 0 -74.543
v 78.89 0 -72.238
v 78.72 0 -72.27
v 78.805 0 -72.254
v 79.059 0 -72.202
v 78.975 0 -72.22
v 79.228 0 -72.164
v 79.144 0 -72.183
v 79.396 0 -72.122
v 79.312 0 -72.143
v 79.564 0 -72.078
v 79.48 0 -72.1
v 79.73 0 -72.03
v 79.647 0 -72.054
v 81.156 0 -71.279
v 80.501 0 -71.703
v 82.074 0 -70.185
v 81.684 0 -70.769
v 82.4 0 -68.84
v 82.317 0 -69.538
v 82.351 0 -68.336
v 82.386 0 -68.622
v 82.246 0 -67.738
v 82.301 0 -68.026
v 82.15 0 -67.4
v 82.193 0 -67.514
v 82.118 0 -67.511
v 82.133 0 -67.455
v 82.091 0 -67.623
v 82.104 0 -67.567
v 82.068 0 -67.736
v 82.079 0 -67.679
v 82.051 0 -67.85
v 82.059 0 -67.793
v 82.038 0 -67.965
v 82.044 0 -67.907
v 82.03 0 -68.08
v 82.033 0 -68.022
v 88.8 0 -69.12
v 88.427 0 -67.211
v 88.59 0 -68.08
v 88.787 0 -67.034
v 88.8 0 -67.86
v 88.668 0 -65.675
v 88.744 0 -66.316
v 88.395 0 -64.503
v 88.553 0 -65.081
v 88.012 0 -63.476
v 88.19 0 -63.91
v 87.577 0 -62.646
v 87.807 0 -63.055
v 87.041 0 -61.878
v 87.321 0 -62.254
v 86.413 0 -61.182
v 86.738 0 -61.52
v 85.704 0 -60.57
v 86.068 0 -60.865
v 84.923 0 -60.052
v 85.322 0 -60.298
v 84.209 0 -59.689
v 84.51 0 -59.83
v 83.504 0 -59.42
v 83.869 0 -59.551
v 82.768 0 -59.204
v 83.131 0 -59.303
v 82.036 0 -59.08
v 82.43 0 -59.13
v 80.96 0 -59.04
v 81.529 0 -59.05
v 79.844 0 -59.08
v 80.381 0 -59.05
v 78.719 0 -59.256
v 79.4 0 -59.13
v 77.257 0 -59.625
v 78.002 0 -59.421
v 75.723 0 -60.141
v 76.495 0 -59.866
v 74.51 0 -60.641
v 74.95 0 -60.45
v 73.638 0 -61.038
v 74.073 0 -60.837
v 72.775 0 -61.457
v 73.205 0 -61.245
v 71.923 0 -61.895
v 72.348 0 -61.673
v 71.081 0 -62.354
v 71.501 0 -62.122
v 70.251 0 -62.833
v 70.665 0 -62.591
v 69.53 0 -63.276
v 69.84 0 -63.08
v 72.362 0 -58.841
v 71.154 0 -60.031
v 71.98 0 -59.22
v 93.872 0 -55.719
v 93.604 0 -55.287
v 93.8 0 -55.61
v 93.988 0 -55.835
v 93.937 0 -55.794
v 94.029 0 -55.804
v 94.02 0 -55.839
v 93.77 0 -55.21
v 94.01 0 -55.73
v 93.361 0 -54.563
v 93.571 0 -54.883
v 92.91 0 -53.945
v 93.141 0 -54.251
v 92.419 0 -53.358
v 92.67 0 -53.648
v 91.891 0 -52.805
v 92.16 0 -53.078
v 91.327 0 -52.288
v 91.613 0 -52.542
v 90.73 0 -51.81
v 91.032 0 -52.044
v 89.636 0 -51.166
v 90.182 0 -51.464
v 88.554 0 -50.708
v 89.094 0 -50.914
v 87.48 0 -50.43
v 88.016 0 -50.547
v 86.709 0 -50.347
v 87.163 0 -50.38
v 85.435 0 -50.323
v 86.129 0 -50.329
v 83.75 0 -50.34
v 84.638 0 -50.328
v 83.553 0 -48.449
v 83.1 0 -48.93
v 83.329 0 -48.692
v 83.988 0 -47.951
v 83.773 0 -48.202
v 84.402 0 -47.436
v 84.197 0 -47.696
v 84.796 0 -46.905
v 84.602 0 -47.173
v 85.169 0 -46.36
v 84.985 0 -46.634
v 85.52 0 -45.8
v 85.347 0 -46.082
v 83.025 0 -48.12
v 83.62 0 -47.55
v 71.4 0 -43.35
v 71.25 0 -43.54
v 71.71 0 -43.41
v 69.833 0 -43.709
v 70.665 0 -43.406
v 68.014 0 -44.958
v 68.938 0 -44.234
v 66.22 0 -46.91
v 67.097 0 -45.858
v 65.962 0 -47.242
v 66.09 0 -47.075
v 65.715 0 -47.583
v 65.837 0 -47.412
v 65.479 0 -47.931
v 65.595 0 -47.756
v 65.254 0 -48.287
v 65.365 0 -48.108
v 65.041 0 -48.65
v 65.146 0 -48.468
v 64.84 0 -49.02
v 64.939 0 -48.834
v 75.27 0 -37.617
v 75.111 0 -37.56
v 75.17 0 -37.59
v 75.434 0 -37.65
v 75.359 0 -37.638
v 75.527 0 -37.643
v 75.491 0 -37.652
v 75.483 0 -37.564
v 75.54 0 -37.62
v 75.113 0 -37.349
v 75.331 0 -37.469
v 74.589 0 -37.103
v 74.856 0 -37.221
v 73.999 0 -36.905
v 74.34 0 -37.01
v 73.302 0 -36.753
v 73.653 0 -36.819
v 72.592 0 -36.682
v 72.948 0 -36.707
v 71.878 0 -36.692
v 72.235 0 -36.677
v 71.171 0 -36.783
v 71.523 0 -36.728
v 70.478 0 -36.955
v 70.822 0 -36.859
v 69.536 0 -37.307
v 70.14 0 -37.07
v 68.225 0 -37.984
v 68.894 0 -37.614
v 66.86 0 -38.884
v 67.543 0 -38.409
v 65.752 0 -39.77
v 66.19 0 -39.4
v 64.895 0 -40.531
v 65.32 0 -40.147
v 64.065 0 -41.322
v 64.477 0 -40.923
v 63.262 0 -42.14
v 63.66 0 -41.727
v 62.487 0 -42.985
v 62.871 0 -42.559
v 61.742 0 -43.855
v 62.111 0 -43.417
v 61.27 0 -44.441
v 61.38 0 -44.3
v 53.39 0 -37.01
v 53.29 0 -40.17
v 53.32 0 -39.83
v 80.01 0 -13.751
v 79.4 0 -13.57
v 79.75 0 -13.677
v 80.304 0 -13.815
v 80.19 0 -13.796
v 80.38 0 -13.79
v 80.363 0 -13.812
v 79.454 0 -12.748
v 80.126 0 -13.456
v 77.383 0 -10.729
v 78.495 0 -11.796
v 75.23 0 -8.76
v 76.25 0 -9.674
v 74.224 0 -7.973
v 74.732 0 -8.352
v 73.04 0 -7.207
v 73.671 0 -7.599
v 71.4 0 -6.28
v 72.294 0 -6.776
v 69.738 0 -5.401
v 70.655 0 -5.881
v 67.922 0 -4.472
v 68.783 0 -4.909
v 67.02 0 -4.04
v 67.29 0 -4.159
v 66.946 0 -4.123
v 66.946 0 -4.057
v 67.25 0 -4.507
v 67.041 0 -4.265
v 68.09 0 -5.39
v 67.593 0 -4.873
v 67.818 0 -10.619
v 68.916 0 -10.302
v 68.49 0 -10.42
v 66.482 0 -11.043
v 67.149 0 -10.827
v 65.158 0 -11.501
v 65.819 0 -11.268
v 63.845 0 -11.991
v 64.5 0 -11.742
v 62.545 0 -12.514
v 63.193 0 -12.249
v 61.258 0 -13.07
v 61.9 0 -12.788
v 60.519 0 -13.417
v 60.62 0 -13.36
v 60.056 0 -11.645
v 59.6 0 -12.29
v 59.834 0 -11.972
v 60.466 0 -10.969
v 60.267 0 -11.311
v 60.827 0 -10.266
v 60.652 0 -10.621
v 61.137 0 -9.54
v 60.988 0 -9.906
v 61.395 0 -8.793
v 61.273 0 -9.169
v 61.6 0 -8.03
v 61.504 0 -8.413
v 61.671 0 -7.633
v 61.64 0 -7.827
v 61.709 0 -7.183
v 61.694 0 -7.426
v 61.72 0 -6.5
v 61.717 0 -6.882
v 61.686 0 -5.484
v 61.713 0 -5.938
v 61.53 0 -4.736
v 61.629 0 -5.098
v 61.17 0 -3.92
v 61.381 0 -4.357
v 61.001 0 -3.583
v 61.082 0 -3.742
v 60.869 0 -3.35
v 60.929 0 -3.45
v 60.8 0 -3.28
v 60.825 0 -3.291
v 59.08 0 -8.709
v 59.177 0 -9.23
v 59.15 0 -9.04
v 58.84 0 -7.948
v 58.97 0 -8.329
v 58.587 0 -7.379
v 58.706 0 -7.615
v 58.47 0 -7.97
v 58.5 0 -7.29
v 55.47 0 -2.7
v 54.511 0 -3.658
v 54.79 0 -3.4
v 54.404 0 -2.707
v 54.76 0 -2.7
v 53.694 0 -2.764
v 54.044 0 -2.729
v 53.074 0 -2.87
v 53.366 0 -2.811
v 52.627 0 -2.998
v 52.83 0 -2.94
v 52.741 0 -2.962
v 52.363 0 -3.105
v 52.499 0 -3.046
v 52.1 0 -3.25
v 52.227 0 -3.174
v 50.41 0 -1.426
v 50.47 0 -1.72
v 50.441 0 -1.573
v 50.34 0 -1.134
v 50.376 0 -1.28
v 50.258 0 -0.845
v 50.3 0 -0.989
v 50.166 0 -0.56
v 50.213 0 -0.702
v 50.063 0 -0.278
v 50.116 0 -0.418
v 49.95 0 0
v 50.008 0 -0.138
v 49.827 0 -0.14
v 49.89 0 -0.03
v 49.686 0 -0.551
v 49.759 0 -0.317
v 49.536 0 -1.165
v 49.611 0 -0.837
v 49.432 0 -1.696
v 49.46 0 -1.53
v 47.061 0 -2.927
v 47.84 0 -3.22
v 47.434 0 -3.055
v 46.319 0 -2.766
v 46.697 0 -2.832
v 45.42 0 -2.7
v 45.901 0 -2.723
v 44.81 0 -2.97
v 44.53 0 -2.7
v 41.455 0 -7.617
v 41.388 0 -8.32
v 41.44 0 -7.78
v 41.478 0 -7.344
v 41.468 0 -7.47
v 41.48 0 -7.174
v 41.482 0 -7.244
v 40.95 0 -8.36
v 41.47 0 -7.14
v 40.916 0 -8.466
v 40.933 0 -8.413
v 40.885 0 -8.574
v 40.9 0 -8.52
v 40.857 0 -8.682
v 40.871 0 -8.628
v 40.832 0 -8.791
v 40.844 0 -8.736
v 40.809 0 -8.9
v 40.82 0 -8.845
v 40.79 0 -9.01
v 40.799 0 -8.955
v 39.14 0 -3.28
v 38.935 0 -4.621
v 39.08 0 -3.68
v 38.927 0 -3.594
v 39.067 0 -3.354
v 38.57 0 -4.316
v 38.751 0 -3.936
v 38.31 0 -4.93
v 38.412 0 -4.668
v 38.097 0 -6.604
v 38.134 0 -5.745
v 38.443 0 -8.492
v 38.2 0 -7.518
v 39.35 0 -10.66
v 38.826 0 -9.537
v 39.839 0 -11.548
v 39.602 0 -11.134
v 40.261 0 -12.199
v 40.059 0 -11.902
v 40.61 0 -12.62
v 40.445 0 -12.437
v 37.591 0 -12.641
v 39.23 0 -13.36
v 38.384 0 -12.976
v 35.975 0 -12.053
v 36.805 0 -12.339
v 33.99 0 -11.46
v 35.053 0 -11.765
v 33.023 0 -4.011
v 32.966 0 -4.214
v 33.13 0 -3.98
v 32.364 0 -4.299
v 32.756 0 -4.122
v 31.341 0 -4.783
v 31.88 0 -4.524
v 30.198 0 -5.353
v 30.78 0 -5.06
v 29.05 0 -5.967
v 29.621 0 -5.655
v 27.922 0 -6.619
v 28.483 0 -6.288
v 26.817 0 -7.309
v 27.367 0 -6.959
v 25.735 0 -8.035
v 26.273 0 -7.667
v 24.679 0 -8.796
v 25.204 0 -8.411
v 23.765 0 -9.526
v 24.16 0 -9.19
v 22.991 0 -10.217
v 23.375 0 -9.868
v 22.24 0 -10.934
v 22.613 0 -10.572
v 21.514 0 -11.675
v 21.874 0 -11.301
v 20.813 0 -12.44
v 21.16 0 -12.055
v 20.138 0 -13.228
v 20.472 0 -12.831
v 19.785 0 -13.693
v 19.81 0 -13.63
v 19.765 0 -13.762
v 19.77 0 -13.736
v 19.785 0 -13.785
v 19.77 0 -13.777
v 20.409 0 -13.605
v 19.81 0 -13.79
v 45.216 0 -41.54
v 46.52 0 -40.23
v 45.57 0 -41.18
v 38.104 0 -43.713
v 38.632 0 -44.427
v 38.53 0 -44.27
v 37.213 0 -42.63
v 37.665 0 -43.166
v 36.272 0 -41.59
v 36.749 0 -42.105
v 35.282 0 -40.597
v 35.783 0 -41.088
v 34.246 0 -39.652
v 34.769 0 -40.118
v 33.166 0 -38.758
v 33.711 0 -39.198
v 32.049 0 -37.971
v 32.61 0 -38.33
v 30.848 0 -37.395
v 31.46 0 -37.659
v 29.57 0 -37.02
v 30.217 0 -37.181
v 28.248 0 -36.855
v 28.913 0 -36.91
v 26.918 0 -36.905
v 27.582 0 -36.853
v 25.612 0 -37.17
v 26.26 0 -37.011
v 24.874 0 -37.425
v 24.98 0 -37.38
v 24.664 0 -37.522
v 24.768 0 -37.472
v 24.46 0 -37.629
v 24.561 0 -37.575
v 24.261 0 -37.747
v 24.36 0 -37.687
v 24.068 0 -37.873
v 24.163 0 -37.809
v 23.881 0 -38.009
v 23.973 0 -37.94
v 23.807 0 -38.088
v 23.79 0 -38.08
v 23.926 0 -38.061
v 23.854 0 -38.081
v 24.129 0 -37.985
v 24.02 0 -38.029
v 36.034 0 -44.083
v 35.31 0 -42.98
v 35.83 0 -43.78
v 34.82 0 -48.549
v 34.967 0 -48.905
v 34.94 0 -48.81
v 34.178 0 -47.576
v 34.551 0 -48.117
v 33.302 0 -46.42
v 33.746 0 -46.99
v 32.132 0 -45.158
v 32.89 0 -45.93
v 30.565 0 -43.98
v 31.347 0 -44.502
v 29.132 0 -43.402
v 29.817 0 -43.608
v 28.23 0 -43.41
v 28.54 0 -43.38
v 28.901 0 -43.587
v 28.69 0 -43.54
v 42.02 0 -49.499
v 33.888 0 -49.252
v 42.014 0 -49.557
v 42.237 0 -49.27
v 42.094 0 -49.393
v 42.17 0 -49.33
v 44.41 0 -47.76
v 42.834 0 -48.836
v 43.03 0 -48.71
v 53.398 0 -49.593
v 46.63 0 -49.125
v 46.659 0 -49.453
v 58.04 0 -49.51
v 57.635 0 -49.218
v 57.86 0 -49.39
v 56.808 0 -52.304
v 57.18 0 -51.5
v 56.993 0 -51.901
v 56.448 0 -53.113
v 56.627 0 -52.708
v 56.1 0 -53.927
v 56.273 0 -53.519
v 55.765 0 -54.747
v 55.931 0 -54.336
v 55.441 0 -55.571
v 55.601 0 -55.158
v 55.13 0 -56.4
v 55.284 0 -55.985
v 53.407 0 -50.897
v 46.661 0 -51.775
v 46.693 0 -50.771
v 46.68 0 -51.1
v 46.019 0 -57.062
v 46.346 0 -54.85
v 46.16 0 -56.1
v 44.512 0 -55.643
v 44.81 0 -56.43
v 44.662 0 -56.036
v 44.202 0 -54.861
v 44.358 0 -55.252
v 43.881 0 -54.083
v 44.043 0 -54.472
v 43.549 0 -53.311
v 43.716 0 -53.696
v 43.205 0 -52.543
v 43.378 0 -52.926
v 42.85 0 -51.78
v 43.029 0 -52.161
v 42.026 0 -49.628
v 14.864 0 -46.241
v 15.79 0 -47.09
v 15.248 0 -46.592
v 14.466 0 -45.886
v 14.613 0 -46.014
v 14.38 0 -45.83
v 14.397 0 -45.832
v 14.714 0 -46.331
v 14.545 0 -46.082
v 15.062 0 -46.822
v 14.886 0 -46.577
v 15.424 0 -47.302
v 15.241 0 -47.063
v 15.799 0 -47.773
v 15.61 0 -47.539
v 16.188 0 -48.232
v 15.992 0 -48.004
v 16.59 0 -48.68
v 16.387 0 -48.457
v 13.998 0 -50.388
v 14.48 0 -50.4
v 14.239 0 -50.391
v 13.515 0 -50.394
v 13.757 0 -50.388
v 13.034 0 -50.42
v 13.274 0 -50.404
v 12.553 0 -50.464
v 12.793 0 -50.44
v 12.075 0 -50.528
v 12.314 0 -50.494
v 11.6 0 -50.61
v 11.837 0 -50.566
v 10.985 0 -50.825
v 11.306 0 -50.702
v 10.315 0 -51.138
v 10.65 0 -50.972
v 9.7 0 -51.5
v 9.994 0 -51.316
v 9.008 0 -52.003
v 9.35 0 -51.745
v 8.351 0 -52.551
v 8.675 0 -52.271
v 7.733 0 -53.143
v 8.037 0 -52.842
v 7.157 0 -53.775
v 7.44 0 -53.454
v 6.625 0 -54.445
v 6.885 0 -54.106
v 6.14 0 -55.15
v 6.377 0 -54.794
v 5.987 0 -55.51
v 6.049 0 -55.347
v 5.947 0 -55.746
v 5.952 0 -55.643
v 6.02 0 -55.88
v 5.969 0 -55.825
v 6.063 0 -55.911
v 6.045 0 -55.903
v 6.087 0 -55.889
v 6.076 0 -55.906
v 6.11 0 -55.82
v 6.097 0 -55.86
v 36.99 0 -52.27
v 15.592 0 -51.835
v 16.99 0 -52.11
v 58.01 0 -59.87
v 41.84 0 -59.87
v 41.47 0 -60.2
v 61.732 0 -55.751
v 61.99 0 -55.09
v 61.859 0 -55.42
v 61.488 0 -56.418
v 61.608 0 -56.084
v 61.258 0 -57.089
v 61.371 0 -56.753
v 61.041 0 -57.765
v 61.148 0 -57.427
v 60.838 0 -58.446
v 60.938 0 -58.105
v 60.65 0 -59.13
v 60.742 0 -58.787
v 58.113 0 -59.959
v 39.395 0 -59.668
v 39.587 0 -60.473
v 39.54 0 -60.23
v 39.085 0 -58.549
v 39.244 0 -59.107
v 38.748 0 -57.438
v 38.92 0 -57.992
v 38.385 0 -56.335
v 38.57 0 -56.885
v 37.994 0 -55.242
v 38.193 0 -55.787
v 37.578 0 -54.158
v 37.79 0 -54.699
v 37.316 0 -53.541
v 37.36 0 -53.62
v 37.041 0 -52.689
v 37.03 0 -52.6
v 18.416 0 -52.556
v 26.88 0 -54.38
v 19.849 0 -53.159
v 21.295 0 -53.92
v 29.329 0 -54.034
v 28.45 0 -54.07
v 28.89 0 -54.056
v 30.206 0 -53.961
v 29.768 0 -54.002
v 31.079 0 -53.852
v 30.643 0 -53.911
v 31.946 0 -53.707
v 31.513 0 -53.784
v 32.807 0 -53.526
v 32.378 0 -53.621
v 33.66 0 -53.31
v 33.235 0 -53.423
v 34.782 0 -53.178
v 34.475 0 -53.193
v 34.6 0 -53.19
v 33.176 0 -59.797
v 34.11 0 -60.66
v 33.645 0 -60.227
v 32.227 0 -58.95
v 32.703 0 -59.372
v 31.264 0 -58.12
v 31.747 0 -58.533
v 30.286 0 -57.306
v 30.777 0 -57.711
v 29.295 0 -56.51
v 29.792 0 -56.906
v 28.29 0 -55.73
v 28.794 0 -56.118
v 26.925 0 -54.475
v 29.044 0 -62.41
v 29.9 0 -62.973
v 29.46 0 -62.68
v 28.196 0 -61.897
v 28.623 0 -62.149
v 27.325 0 -61.424
v 27.763 0 -61.656
v 26.434 0 -60.989
v 26.882 0 -61.201
v 25.525 0 -60.595
v 25.982 0 -60.787
v 24.599 0 -60.241
v 25.064 0 -60.413
v 22.852 0 -59.637
v 24.13 0 -60.08
v 23.497 0 -59.842
v 21.535 0 -59.327
v 22.197 0 -59.465
v 20.193 0 -59.154
v 20.866 0 -59.223
v 18.84 0 -59.121
v 19.517 0 -59.12
v 17.491 0 -59.226
v 18.164 0 -59.156
v 16.16 0 -59.47
v 16.822 0 -59.331
v 14.925 0 -60.073
v 15.529 0 -59.744
v 13.819 0 -60.889
v 14.354 0 -60.456
v 12.878 0 -61.891
v 13.326 0 -61.369
v 12.133 0 -63.046
v 12.479 0 -62.452
v 11.608 0 -64.316
v 11.841 0 -63.669
v 11.32 0 -65.66
v 11.433 0 -64.981
v 11.27 0 -66.144
v 11.294 0 -65.902
v 11.228 0 -66.628
v 11.248 0 -66.386
v 11.194 0 -67.113
v 11.21 0 -66.87
v 11.168 0 -67.598
v 11.18 0 -67.355
v 11.15 0 -68.084
v 11.158 0 -67.841
v 11.14 0 -68.57
v 11.144 0 -68.327
v 11.156 0 -68.723
v 11.143 0 -68.688
v 11.224 0 -68.477
v 11.181 0 -68.658
v 11.38 0 -67.71
v 11.289 0 -68.167
v 17.88 0 -67.46
v 17.961 0 -68.62
v 17.94 0 -68.23
v 17.772 0 -67.597
v 17.836 0 -67.484
v 17.628 0 -67.986
v 17.699 0 -67.774
v 17.54 0 -68.41
v 17.571 0 -68.207
v 17.553 0 -69.24
v 17.507 0 -68.812
v 17.864 0 -70.107
v 17.674 0 -69.676
v 18.43 0 -70.89
v 18.118 0 -70.517
v 18.794 0 -71.239
v 18.607 0 -71.069
v 19.195 0 -71.544
v 18.99 0 -71.397
v 19.628 0 -71.803
v 19.408 0 -71.68
v 20.087 0 -72.012
v 19.854 0 -71.914
v 20.566 0 -72.168
v 20.324 0 -72.097
v 21.06 0 -72.27
v 20.812 0 -72.226
v 21.499 0 -74.441
v 21.74 0 -73.99
v 21.617 0 -74.214
v 21.28 0 -74.903
v 21.387 0 -74.671
v 21.083 0 -75.375
v 21.179 0 -75.138
v 20.909 0 -75.856
v 20.993 0 -75.615
v 20.758 0 -76.345
v 20.831 0 -76.1
v 20.63 0 -76.84
v 20.691 0 -76.592
v 20.579 0 -77.122
v 20.603 0 -76.981
v 20.54 0 -77.406
v 20.558 0 -77.264
v 20.514 0 -77.691
v 20.525 0 -77.548
v 20.5 0 -77.977
v 20.505 0 -77.834
v 20.499 0 -78.264
v 20.498 0 -78.12
v 20.51 0 -78.55
v 20.503 0 -78.407
v 20.521 0 -79.356
v 20.513 0 -79.007
v 20.559 0 -79.851
v 20.536 0 -79.628
v 20.63 0 -80.27
v 20.59 0 -80.055
v 20.884 0 -81.243
v 20.744 0 -80.76
v 21.236 0 -82.185
v 21.048 0 -81.719
v 21.683 0 -83.086
v 21.448 0 -82.641
v 22.22 0 -83.936
v 21.941 0 -83.518
v 22.841 0 -84.727
v 22.52 0 -84.34
v 23.54 0 -85.45
v 23.181 0 -85.097
v 29.552 0 -73.043
v 29.79 0 -72.21
v 29.661 0 -72.654
v 29.391 0 -73.707
v 29.462 0 -73.39
v 29.3 0 -74.3
v 29.338 0 -74.006
v 29.533 0 -76.722
v 29.292 0 -75.54
v 30.667 0 -78.735
v 29.999 0 -77.801
v 32.52 0 -79.99
v 31.516 0 -79.479
v 32.731 0 -80.04
v 32.617 0 -80.018
v 33.033 0 -80.073
v 32.868 0 -80.059
v 33.47 0 -80.09
v 33.232 0 -80.083
v 33.41 0 -79.93
v 34.18 0 -80.12
v 42.142 0 -68.313
v 43.28 0 -65.63
v 42.637 0 -67.046
v 41.548 0 -70.52
v 41.783 0 -69.461
v 41.428 0 -71.52
v 44.682 0 -71.309
v 51.09 0 -61.663
v 71 0 -54.04
v 62.793 0 -62.887
v 44.741 0 -73.781
v 43.545 0 -78.102
v 46.16 0 -89.19
v 46.176 0 -90.322
v 61.05 0 -91.834
v 66.146 0 -79.984
v 70.463 0 -43.788
v 53.433 0 -35.234
v 68.585 0 -5.906
v 60.416 0 -13.472
v 60.89 0 -3.8
v 39.841 0 -13.637
v 32.804 0 -4.449
v 38.739 0 -44.58
v 42.046 0 -49.447
v 42.649 0 -48.962
v 46.593 0 -48.797
v 53.45 0 -52.39
v 45.926 0 -57.695
v 42.05 0 -49.72
v 16.928 0 -49.05
v 6.138 0 -55.696
v 14.139 0 -51.707
v 41.8 0 -59.44
v 58.321 0 -60.121
v 37.276 0 -53.461
v 34.82 0 -61.318
v 27.054 0 -54.634
v 21.462 0 -72.346
v 23.359 0 -85.113
v 32.887 0 -79.807
v 43.558 0 -64.989
v 44.9 0 -70.28
v 50.64 0 -61.07
v 65.773 0 -53.24
v 71.597 0 -54.073
v 62.91 0 -62.9
v 45.013 0 -74.498
v 47.355 0 -83.669
v 46.197 0 -88.909
v 46.221 0 -90.603
v 52.259 0 -83.209
v 88.271 0 -66.485
v 93.392 0 -54.974
v 83.291 0 -50.35
v 75.027 0 -37.531
v 59.355 0 -12.659
v 61.037 0 -4.85
v 59.21 0 -9.374
v 58.436 0 -8.968
v 54.248 0 -3.932
v 50.573 0 -2.197
v 48.67 0 -3.49
v 45.151 0 -3.329
v 40.757 0 -9.213
v 38.897 0 -5.623
v 32.643 0 -4.685
v 21.011 0 -13.428
v 24.25 0 -37.93
v 29.11 0 -43.644
v 44.54 0 -47.662
v 46.547 0 -48.471
v 53.52 0 -54.123
v 42.765 0 -51.616
v 42.098 0 -49.898
v 14.723 0 -50.404
v 37.21 0 -52.05
v 41.764 0 -59.152
v 60.522 0 -59.613
v 58.588 0 -60.321
v 37.055 0 -52.778
v 26.94 0 -54.32
v 27.263 0 -54.849
v 30.228 0 -63.182
v 17.997 0 -68.948
v 23.188 0 -84.771
v 43.79 0 -64.447
v 50.29 0 -60.75
v 71.866 0 -55.532
v 45.42 0 -75.21
v 43.643 0 -78.256
v 39.01 0 -92.221
v 47.527 0 -83.436
v 46.282 0 -90.88
v 52.009 0 -82.749
v 61.221 0 -91.372
v 66.528 0 -79.909
v 70.08 0 -72
v 78.329 0 -72.355
v 88.115 0 -65.869
v 82.34 0 -49.82
v 82.399 0 -48.657
v 69.769 0 -44.125
v 76.619 0 -12.845
v 69 0 -6.355
v 69.252 0 -10.195
v 60.312 0 -13.524
v 54.001 0 -4.221
v 49.402 0 -1.862
v 41.384 0 -8.818
v 40.789 0 -12.797
v 40.284 0 -13.821
v 32.484 0 -4.923
v 21.615 0 -13.258
v 38.851 0 -44.729
v 24.422 0 -37.858
v 35.019 0 -48.98
v 29.316 0 -43.711
v 44.672 0 -47.567
v 46.492 0 -48.146
v 53.608 0 -55.58
v 45.011 0 -56.93
v 42.683 0 -51.451
v 42.149 0 -50.076
v 17.08 0 -48.25
v 6.167 0 -55.597
v 41.701 0 -58.791
v 62.76 0 -53
v 58.866 0 -60.522
v 37.072 0 -52.867
v 27.087 0 -54.26
v 28.002 0 -54.105
v 27.542 0 -55.109
v 11.556 0 -66.882
v 22.32 0 -72.73
v 23.028 0 -84.424
v 29.887 0 -71.839
v 32.464 0 -79.683
v 49.996 0 -60.632
v 65.476 0 -53.182
v 45.638 0 -75.51
v 43.7 0 -78.357
v 38.971 0 -92.131
v 46.25 0 -88.63
v 46.358 0 -91.153
v 61.349 0 -90.934
v 55.901 0 -63.907
v 66.871 0 -79.834
v 70.025 0 -71.77
v 77.074 0 -83.965
v 78.07 0 -73.747
v 87.949 0 -65.332
v 93.166 0 -54.672
v 82.942 0 -50.347
v 69.131 0 -44.584
v 74.925 0 -37.504
v 61.157 0 -44.58
v 73.902 0 -12.353
v 59.166 0 -12.954
v 59.255 0 -9.476
v 53.772 0 -4.524
v 51.39 0 -3.49
v 50.665 0 -2.569
v 49.37 0 -2.028
v 48.771 0 -3.515
v 41.43 0 -9.287
v 38.958 0 -6.626
v 40.924 0 -12.984
v 33.773 0 -11.413
v 32.326 0 -5.161
v 38.968 0 -44.875
v 29.519 0 -43.788
v 42.344 0 -49.185
v 46.43 0 -47.822
v 57.86 0 -49.94
v 53.714 0 -56.744
v 42.204 0 -50.252
v 14.966 0 -50.406
v 6.201 0 -55.511
v 41.6 0 -58.329
v 59.109 0 -60.687
v 39.643 0 -60.647
v 37.092 0 -52.954
v 27.316 0 -54.202
v 35.444 0 -61.875
v 27.887 0 -55.406
v 30.469 0 -63.32
v 18.054 0 -69.228
v 21.782 0 -72.423
v 29.956 0 -71.497
v 32.119 0 -79.549
v 43.975 0 -64.007
v 62.776 0 -62.035
v 72.076 0 -54.11
v 72.284 0 -55.184
v 45.876 0 -75.795
v 38.934 0 -92.041
v 46.45 0 -91.421
v 61.435 0 -90.498
v 55.763 0 -63.548
v 67.169 0 -79.761
v 69.981 0 -71.568
v 77.899 0 -73.362
v 78.039 0 -72.424
v 81.89 0 -68.904
v 87.763 0 -64.843
v 69.269 0 -63.404
v 92.924 0 -54.381
v 82.689 0 -50.331
v 82.302 0 -49.911
v 68.514 0 -45.199
v 74.809 0 -37.479
v 61.043 0 -44.718
v 71.315 0 -12.099
v 69.34 0 -6.743
v 60.207 0 -13.573
v 59.029 0 -13.189
v 61.053 0 -5.915
v 59.317 0 -9.543
v 53.561 0 -4.84
v 48.841 0 -3.53
v 41.53 0 -9.742
v 39.11 0 -7.57
v 33.556 0 -11.363
v 32.17 0 -5.401
v 24.596 0 -37.792
v 29.717 0 -43.874
v 42.484 0 -49.08
v 46.359 0 -47.5
v 54.918 0 -56.933
v 53.835 0 -57.597
v 42.605 0 -51.284
v 42.262 0 -50.427
v 18.261 0 -49.178
v 15.209 0 -50.404
v 58.023 0 -59.742
v 60.415 0 -59.977
v 59.27 0 -60.78
v 37.238 0 -53.379
v 37.115 0 -53.041
v 27.623 0 -54.15
v 22.761 0 -54.845
v 11.72 0 -66.188
v 18.136 0 -69.472
v 22.024 0 -72.5
v 22.877 0 -84.073
v 29.997 0 -71.198
v 31.829 0 -79.397
v 44.11 0 -63.673
v 72.445 0 -54.154
v 64.357 0 -61.961
v 46.133 0 -76.063
v 38.897 0 -91.951
v 47.666 0 -83.234
v 46.558 0 -91.684
v 61.484 0 -90.043
v 55.719 0 -63.343
v 67.414 0 -79.693
v 69.949 0 -71.394
v 77.319 0 -83.382
v 77.771 0 -73.067
v 77.836 0 -72.481
v 81.71 0 -69.553
v 87.55 0 -64.37
v 92.669 0 -54.102
v 82.514 0 -50.299
v 82.28 0 -49.98
v 74.686 0 -37.457
v 60.926 0 -44.853
v 69.606 0 -7.071
v 60.101 0 -13.621
v 60.944 0 -6.945
v 58.32 0 -9.814
v 53.369 0 -5.168
v 50.75 0 -2.853
v 48.888 0 -3.535
v 41.685 0 -10.195
v 39.346 0 -8.395
v 33.341 0 -11.308
v 32.016 0 -5.641
v 22.221 0 -13.096
v 39.089 0 -45.017
v 24.772 0 -37.732
v 29.912 0 -43.97
v 46.28 0 -47.18
v 53.971 0 -58.121
v 42.53 0 -51.115
v 42.324 0 -50.601
v 19.449 0 -49.965
v 15.452 0 -50.399
v 6.246 0 -55.426
v 58.089 0 -59.43
v 59.304 0 -60.794
v 37.203 0 -53.297
v 37.141 0 -53.127
v 30.649 0 -63.401
v 11.881 0 -65.596
v 18.25 0 -69.695
v 22.191 0 -72.577
v 22.738 0 -83.717
v 44.192 0 -63.446
v 65.243 0 -53.15
v 46.407 0 -76.312
v 38.862 0 -91.86
v 47.783 0 -83.048
v 46.68 0 -91.94
v 61.5 0 -89.55
v 67.6 0 -79.63
v 69.929 0 -71.245
v 77.524 0 -82.784
v 77.685 0 -72.854
v 77.707 0 -72.533
v 81.47 0 -70.051
v 92.401 0 -53.836
v 82.272 0 -50.034
v 67.883 0 -46.003
v 74.56 0 -37.44
v 60.806 0 -44.986
v 69.802 0 -7.346
v 59.993 0 -13.665
v 60.717 0 -7.888
v 59.4 0 -9.579
v 53.197 0 -5.507
v 50.831 0 -3.064
v 45.415 0 -3.616
v 39.66 0 -9.04
v 33.126 0 -11.251
v 31.863 0 -5.883
v 22.828 0 -12.941
v 39.215 0 -45.155
v 24.95 0 -37.678
v 46.246 0 -47.043
v 54.12 0 -58.3
v 42.389 0 -50.774
v 20.654 0 -50.615
v 15.695 0 -50.391
v 6.307 0 -55.329
v 58.204 0 -58.946
v 59.339 0 -60.807
v 37.17 0 -53.213
v 33.852 0 -53.27
v 35.974 0 -62.324
v 12.05 0 -65.075
v 18.4 0 -69.91
v 22.61 0 -83.357
v 31.574 0 -79.221
v 44.22 0 -63.33
v 46.698 0 -76.543
v 38.828 0 -91.768
v 47.887 0 -82.862
v 77.688 0 -82.173
v 77.636 0 -72.715
v 81.154 0 -70.424
v 87.35 0 -63.956
v 92.12 0 -53.583
v 81.745 0 -49.159
v 67.2 0 -47.03
v 74.343 0 -37.412
v 60.685 0 -45.117
v 69.93 0 -7.57
v 59.885 0 -13.708
v 59.51 0 -9.59
v 53.045 0 -5.855
v 50.914 0 -3.221
v 45.619 0 -3.848
v 41.9 0 -10.66
v 39.789 0 -9.199
v 32.912 0 -11.189
v 31.712 0 -6.126
v 23.438 0 -12.794
v 39.346 0 -45.289
v 25.13 0 -37.63
v 30.101 0 -44.075
v 46.213 0 -46.939
v 46.68 0 -49.782
v 42.458 0 -50.945
v 17.203 0 -49.36
v 15.938 0 -50.38
v 6.39 0 -55.21
v 58.365 0 -58.307
v 59.374 0 -60.819
v 34.028 0 -53.239
v 36.399 0 -62.655
v 12.237 0 -64.594
v 18.669 0 -70.26
v 22.492 0 -82.993
v 31.33 0 -79.01
v 45.104 0 -69.613
v 38.795 0 -91.676
v 47.99 0 -82.66
v 47.196 0 -92.526
v 61.46 0 -89.046
v 68.235 0 -79.307
v 77.81 0 -81.553
v 77.62 0 -72.64
v 80.743 0 -70.695
v 87.117 0 -63.56
v 91.827 0 -53.344
v 82.28 0 -50.08
v 66.719 0 -47.84
v 74.126 0 -37.39
v 60.561 0 -45.247
v 69.983 0 -7.686
v 58.937 0 -13.376
v 59.556 0 -9.587
v 51 0 -3.34
v 45.778 0 -4.041
v 42.31 0 -11.384
v 39.924 0 -9.334
v 32.7 0 -11.124
v 25.311 0 -37.588
v 30.285 0 -44.189
v 46.181 0 -46.864
v 46.693 0 -50.111
v 21.884 0 -51.131
v 6.592 0 -54.955
v 59.409 0 -60.831
v 34.19 0 -53.216
v 36.711 0 -62.86
v 12.45 0 -64.12
v 18.985 0 -70.54
v 22.385 0 -82.626
v 30.999 0 -78.607
v 45.321 0 -68.951
v 47.004 0 -76.753
v 38.764 0 -91.584
v 46.375 0 -88.206
v 47.914 0 -92.982
v 61.383 0 -88.546
v 68.735 0 -78.876
v 77.89 0 -80.925
v 86.853 0 -63.184
v 91.523 0 -53.12
v 82.302 0 -50.126
v 66.345 0 -48.552
v 73.908 0 -37.374
v 60.435 0 -45.374
v 70.023 0 -7.791
v 58.886 0 -13.529
v 58.101 0 -10.558
v 52.914 0 -6.212
v 51.063 0 -3.405
v 48.919 0 -3.53
v 40.717 0 -9.365
v 40.06 0 -9.442
v 32.488 0 -11.056
v 31.563 0 -6.369
v 25.494 0 -37.553
v 30.463 0 -44.312
v 46.15 0 -46.815
v 46.697 0 -50.441
v 34 0 -49.584
v 17.414 0 -49.614
v 6.8 0 -54.705
v 59.445 0 -60.841
v 34.339 0 -53.201
v 24.254 0 -55.937
v 12.622 0 -63.799
v 19.351 0 -70.754
v 22.29 0 -82.255
v 45.551 0 -68.293
v 47.323 0 -76.942
v 38.733 0 -91.491
v 48.131 0 -82.268
v 48.774 0 -93.294
v 61.27 0 -88.053
v 69.109 0 -78.323
v 77.926 0 -80.294
v 80.22 0 -70.89
v 86.559 0 -62.831
v 91.208 0 -52.911
v 81.064 0 -49.623
v 66.08 0 -49.156
v 73.69 0 -37.363
v 60.307 0 -45.499
v 60.381 0 -8.694
v 59.606 0 -9.573
v 52.804 0 -6.576
v 51.117 0 -3.452
v 45.91 0 -4.213
v 42.836 0 -12.109
v 40.193 0 -9.523
v 32.278 0 -10.984
v 31.416 0 -6.614
v 25.678 0 -37.524
v 30.635 0 -44.443
v 46.12 0 -46.788
v 34.049 0 -49.841
v 17.56 0 -49.813
v 7.016 0 -54.462
v 59.48 0 -60.849
v 25.78 0 -57.2
v 12.8 0 -63.504
v 22.205 0 -81.883
v 30.741 0 -78.129
v 45.795 0 -67.64
v 47.654 0 -77.109
v 38.704 0 -91.398
v 46.549 0 -87.799
v 49.716 0 -93.444
v 61.122 0 -87.57
v 77.92 0 -79.662
v 80.035 0 -70.918
v 86.238 0 -62.503
v 82.34 0 -50.18
v 65.925 0 -49.641
v 73.471 0 -37.359
v 70.054 0 -7.897
v 59.94 0 -9.31
v 59.665 0 -9.544
v 52.716 0 -6.946
v 49.335 0 -2.192
v 46.03 0 -4.38
v 40.666 0 -9.473
v 31.27 0 -6.86
v 25.863 0 -37.501
v 30.801 0 -44.583
v 53.42 0 -48.505
v 34.035 0 -50.028
v 23.15 0 -51.519
v 7.239 0 -54.225
v 59.517 0 -60.857
v 26.944 0 -58.261
v 12.986 0 -63.231
v 19.768 0 -70.903
v 22.132 0 -81.507
v 30.555 0 -77.56
v 46.052 0 -66.992
v 47.997 0 -77.252
v 38.677 0 -91.304
v 46.769 0 -87.416
v 50.682 0 -93.418
v 60.938 0 -87.098
v 69.365 0 -77.631
v 77.871 0 -79.031
v 79.85 0 -70.941
v 85.891 0 -62.201
v 90.884 0 -52.717
v 82.403 0 -50.249
v 65.881 0 -49.996
v 73.253 0 -37.361
v 70.077 0 -8.015
v 59.828 0 -9.418
v 57.76 0 -11.246
v 52.65 0 -7.32
v 49.298 0 -2.357
v 46.383 0 -4.992
v 40.603 0 -9.542
v 40.317 0 -9.573
v 31.005 0 -7.353
v 26.048 0 -37.484
v 30.96 0 -44.73
v 46.09 0 -46.78
v 46.627 0 -52.41
v 33.96 0 -50.15
v 17.643 0 -49.961
v 7.468 0 -53.994
v 59.553 0 -60.864
v 34.91 0 -53.177
v 28.09 0 -59.35
v 13.183 0 -62.976
v 20.237 0 -70.991
v 22.07 0 -81.13
v 30.435 0 -76.884
v 46.322 0 -66.349
v 48.348 0 -77.373
v 38.65 0 -91.21
v 47.033 0 -87.061
v 51.61 0 -93.2
v 60.721 0 -86.642
v 69.513 0 -76.785
v 77.78 0 -78.406
v 79.664 0 -70.958
v 85.52 0 -61.929
v 90.55 0 -52.54
v 80.359 0 -50.049
v 65.95 0 -50.21
v 73.034 0 -37.369
v 70.095 0 -8.156
v 59.737 0 -9.494
v 52.6 0 -7.754
v 49.258 0 -2.521
v 46.684 0 -5.631
v 40.525 0 -9.579
v 40.43 0 -9.59
v 30.789 0 -7.797
v 26.234 0 -37.474
v 53.472 0 -47.657
v 46.57 0 -53.083
v 33.919 0 -50.177
v 17.66 0 -50.06
v 7.703 0 -53.769
v 59.59 0 -60.87
v 29.15 0 -60.401
v 20.76 0 -71.02
v 22.048 0 -80.893
v 46.605 0 -65.712
v 48.706 0 -77.469
v 38.564 0 -90.826
v 47.336 0 -86.739
v 51.842 0 -93.112
v 60.47 0 -86.202
v 69.56 0 -75.77
v 77.646 0 -77.787
v 77.64 0 -72.584
v 85.129 0 -61.688
v 89.948 0 -52.262
v 64.603 0 -49.093
v 72.816 0 -37.384
v 70.11 0 -8.33
v 52.57 0 -8.336
v 51.169 0 -3.482
v 48.944 0 -3.515
v 43.423 0 -12.78
v 30.622 0 -8.198
v 26.42 0 -37.47
v 31.206 0 -45.004
v 53.553 0 -47.073
v 46.479 0 -53.87
v 33.877 0 -50.203
v 17.653 0 -50.1
v 7.945 0 -53.552
v 59.626 0 -60.874
v 35 0 -53.19
v 36.9 0 -62.93
v 13.394 0 -62.733
v 21.62 0 -70.952
v 22.03 0 -80.655
v 30.011 0 -70.957
v 44.111 0 -63.201
v 49.07 0 -77.54
v 38.501 0 -90.437
v 47.675 0 -86.455
v 52.065 0 -93.004
v 60.189 0 -85.782
v 69.558 0 -75.374
v 77.47 0 -77.18
v 79.477 0 -70.969
v 84.72 0 -61.479
v 89.33 0 -52.038
v 64.256 0 -49.071
v 72.598 0 -37.404
v 70.105 0 -8.617
v 58.87 0 -13.66
v 52.56 0 -8.994
v 49.216 0 -2.684
v 46.932 0 -6.293
v 30.504 0 -8.559
v 26.822 0 -37.463
v 31.445 0 -45.284
v 53.66 0 -46.78
v 33.835 0 -50.228
v 17.63 0 -50.134
v 8.193 0 -53.341
v 59.663 0 -60.878
v 35.07 0 -53.223
v 30.057 0 -61.35
v 13.62 0 -62.5
v 22.504 0 -70.741
v 22.018 0 -80.417
v 30.378 0 -76.086
v 46.901 0 -65.081
v 49.261 0 -77.558
v 38.462 0 -90.045
v 48.185 0 -81.918
v 52.279 0 -92.879
v 59.877 0 -85.384
v 69.542 0 -75.019
v 77.357 0 -76.875
v 79.29 0 -70.975
v 84.295 0 -61.304
v 88.691 0 -51.866
v 79.631 0 -50.436
v 63.838 0 -48.969
v 72.381 0 -37.43
v 70.09 0 -8.916
v 58.88 0 -13.757
v 52.57 0 -9.654
v 49.171 0 -2.847
v 48.97 0 -3.49
v 44.018 0 -13.341
v 30.433 0 -8.888
v 27.183 0 -37.475
v 31.678 0 -45.569
v 53.718 0 -46.761
v 33.792 0 -50.253
v 17.593 0 -50.162
v 8.446 0 -53.137
v 59.7 0 -60.88
v 35.138 0 -53.282
v 30.743 0 -62.132
v 13.949 0 -62.197
v 23.438 0 -70.379
v 22.011 0 -80.179
v 30.38 0 -75.15
v 47.209 0 -64.456
v 49.452 0 -77.57
v 48.045 0 -86.212
v 52.482 0 -92.737
v 59.537 0 -85.01
v 69.511 0 -74.691
v 77.226 0 -76.579
v 79.104 0 -70.975
v 88.026 0 -51.745
v 78.883 0 -50.782
v 63.384 0 -48.799
v 70.065 0 -9.204
v 57.277 0 -11.927
v 52.6 0 -10.244
v 49.124 0 -3.008
v 47.125 0 -6.972
v 44.568 0 -13.736
v 30.41 0 -9.19
v 27.521 0 -37.509
v 31.905 0 -45.859
v 45.87 0 -58.066
v 33.749 0 -50.278
v 17.54 0 -50.19
v 41.382 0 -60.29
v 35.22 0 -53.37
v 31.14 0 -62.68
v 14.297 0 -61.928
v 24.442 0 -69.856
v 22.009 0 -79.941
v 30.412 0 -74.643
v 47.531 0 -63.837
v 49.643 0 -77.579
v 38.445 0 -89.652
v 48.441 0 -86.015
v 52.673 0 -92.579
v 59.171 0 -84.661
v 69.464 0 -74.377
v 77.077 0 -76.286
v 78.917 0 -70.97
v 83.858 0 -61.164
v 87.331 0 -51.674
v 78.116 0 -51.087
v 62.932 0 -48.574
v 72.165 0 -37.462
v 70.03 0 -9.461
v 58.914 0 -13.828
v 52.65 0 -10.69
v 51.227 0 -3.498
v 47.261 0 -7.665
v 45.02 0 -13.91
v 30.434 0 -9.516
v 32.124 0 -46.155
v 45.837 0 -58.245
v 33.706 0 -50.301
v 17.472 0 -50.218
v 8.705 0 -52.941
v 41.288 0 -60.375
v 35.336 0 -53.514
v 31.18 0 -62.762
v 14.669 0 -61.69
v 25.542 0 -69.162
v 22.013 0 -79.703
v 29.995 0 -70.789
v 47.864 0 -63.225
v 49.835 0 -77.583
v 38.452 0 -89.259
v 48.857 0 -85.865
v 52.851 0 -92.406
v 58.78 0 -84.34
v 69.401 0 -74.065
v 78.73 0 -70.959
v 83.41 0 -61.06
v 71.95 0 -37.5
v 69.985 0 -9.667
v 56.63 0 -12.65
v 51.298 0 -3.5
v 49.075 0 -3.17
v 47.34 0 -8.367
v 41.013 0 -13.179
v 30.509 0 -9.8
v 27.857 0 -37.569
v 32.338 0 -46.455
v 45.815 0 -58.3
v 33.663 0 -50.324
v 17.39 0 -50.25
v 8.97 0 -52.752
v 31.21 0 -62.83
v 15.066 0 -61.482
v 26.76 0 -68.29
v 22.021 0 -79.465
v 30.453 0 -74.23
v 48.21 0 -62.62
v 50.027 0 -77.582
v 38.482 0 -88.866
v 48.154 0 -81.618
v 53.013 0 -92.218
v 57.702 0 -83.57
v 69.32 0 -73.74
v 76.911 0 -75.995
v 78.544 0 -70.943
v 83.071 0 -61.01
v 86.6 0 -51.65
v 71.344 0 -37.689
v 69.93 0 -9.8
v 58.972 0 -13.875
v 49.024 0 -3.33
v 41.053 0 -13.376
v 30.641 0 -10.049
v 28.21 0 -37.658
v 32.544 0 -46.76
v 33.619 0 -50.347
v 17.149 0 -50.279
v 9.24 0 -52.57
v 35.44 0 -53.716
v 31.23 0 -62.891
v 15.492 0 -61.303
v 26.93 0 -68.166
v 30.513 0 -73.878
v 43.785 0 -63.21
v 50.218 0 -77.577
v 38.535 0 -88.476
v 49.288 0 -85.766
v 53.16 0 -92.018
v 56.5 0 -82.817
v 76.725 0 -75.701
v 78.359 0 -70.921
v 82.658 0 -60.98
v 85.729 0 -51.688
v 70.748 0 -37.908
v 68.924 0 -12.087
v 56.532 0 -12.757
v 47.362 0 -9.073
v 41.043 0 -13.571
v 30.838 0 -10.27
v 28.6 0 -37.78
v 32.743 0 -47.069
v 33.574 0 -50.369
v 16.907 0 -50.305
v 10.179 0 -52.157
v 35.544 0 -54.006
v 31.24 0 -62.95
v 15.95 0 -61.15
v 27.097 0 -68.037
v 22.035 0 -79.227
v 30.601 0 -73.554
v 48.683 0 -61.817
v 50.41 0 -77.567
v 38.612 0 -88.09
v 49.728 0 -85.717
v 53.29 0 -91.807
v 55.276 0 -82.135
v 68.646 0 -72.104
v 76.52 0 -75.4
v 78.174 0 -70.893
v 82.204 0 -60.97
v 84.861 0 -51.771
v 70.164 0 -38.157
v 69.837 0 -9.901
v 56.433 0 -12.863
v 52.803 0 -11.439
v 47.325 0 -9.779
v 40.98 0 -13.76
v 31.106 0 -10.471
v 29.402 0 -38.102
v 32.936 0 -47.383
v 33.53 0 -50.39
v 24.46 0 -51.78
v 35.656 0 -54.414
v 31.24 0 -63.011
v 17.055 0 -60.97
v 27.261 0 -67.906
v 22.053 0 -78.989
v 30.727 0 -73.225
v 43.255 0 -63.351
v 50.601 0 -77.553
v 38.711 0 -87.709
v 50.17 0 -85.72
v 53.402 0 -91.586
v 67.577 0 -70.505
v 76.08 0 -74.893
v 81.742 0 -60.98
v 83.999 0 -51.901
v 69.593 0 -38.435
v 66.797 0 -12.323
v 56.331 0 -12.966
v 53.014 0 -12.088
v 47.231 0 -10.479
v 45.159 0 -13.92
v 31.45 0 -10.66
v 30.209 0 -38.53
v 33.121 0 -47.702
v 33.485 0 -50.41
v 16.665 0 -50.329
v 16.18 0 -50.366
v 39.717 0 -60.765
v 31.23 0 -63.08
v 18.327 0 -61.007
v 27.422 0 -67.77
v 22.077 0 -78.752
v 30.9 0 -72.86
v 49.076 0 -61.235
v 50.791 0 -77.534
v 38.832 0 -87.334
v 48.038 0 -81.376
v 53.495 0 -91.356
v 54.137 0 -81.58
v 66.114 0 -68.946
v 75.62 0 -74.405
v 77.99 0 -70.86
v 81.306 0 -61.01
v 83.145 0 -52.075
v 69.037 0 -38.742
v 69.701 0 -9.999
v 56.226 0 -13.067
v 40.907 0 -13.883
v 31.655 0 -10.746
v 31.048 0 -39.084
v 35.095 0 -49.035
v 33.44 0 -50.43
v 16.423 0 -50.349
v 35.788 0 -54.968
v 31.202 0 -63.215
v 19.736 0 -61.252
v 27.581 0 -67.632
v 22.106 0 -78.516
v 31.208 0 -72.32
v 49.411 0 -60.856
v 43.72 0 -78.421
v 38.975 0 -86.968
v 50.383 0 -85.725
v 53.187 0 -81.207
v 64.26 0 -67.428
v 75.141 0 -73.937
v 77.504 0 -70.75
v 80.93 0 -61.06
v 82.302 0 -52.295
v 68.497 0 -39.076
v 65 0 -12.81
v 56.12 0 -13.166
v 53.285 0 -12.641
v 40.786 0 -13.939
v 31.861 0 -10.829
v 33.299 0 -48.024
v 33.024 0 -50.596
v 11.358 0 -51.873
v 35.95 0 -55.7
v 36.923 0 -62.929
v 27.736 0 -67.49
v 22.14 0 -78.28
v 29.95 0 -70.71
v 42.535 0 -63.62
v 50.982 0 -77.51
v 39.14 0 -86.61
v 50.566 0 -85.738
v 53.57 0 -91.12
v 52.53 0 -81.07
v 74.642 0 -73.488
v 77.071 0 -70.626
v 80.328 0 -61.193
v 81.471 0 -52.559
v 67.974 0 -39.437
v 64.343 0 -13.124
v 59.06 0 -13.899
v 53.62 0 -13.102
v 24.049 0 -12.654
v 39.481 0 -45.418
v 33.47 0 -48.35
v 32.604 0 -50.753
v 12.703 0 -51.721
v 36.194 0 -56.902
v 36.947 0 -62.928
v 30.794 0 -63.44
v 22.288 0 -72.654
v 22.458 0 -77.236
v 31.537 0 -71.792
v 49.711 0 -60.661
v 50.728 0 -85.759
v 53.672 0 -90.638
v 52.401 0 -81.08
v 62.018 0 -65.952
v 74.125 0 -73.061
v 76.666 0 -70.479
v 79.731 0 -61.346
v 80.655 0 -52.866
v 67.471 0 -39.824
v 63.699 0 -13.465
v 56.012 0 -13.262
v 54.02 0 -13.474
v 32.069 0 -10.908
v 39.62 0 -45.543
v 33.712 0 -48.842
v 32.182 0 -50.901
v 36.456 0 -58.229
v 31.172 0 -63.314
v 21.249 0 -61.7
v 22.93 0 -76.236
v 31.886 0 -71.276
v 39.386 0 -86.223
v 50.874 0 -85.785
v 53.728 0 -90.111
v 52.269 0 -81.117
v 73.591 0 -72.655
v 76.266 0 -70.301
v 79.14 0 -61.52
v 79.857 0 -53.216
v 66.987 0 -40.236
v 69.51 0 -10.095
v 55.901 0 -13.356
v 54.49 0 -13.76
v 24.663 0 -12.522
v 39.763 0 -45.664
v 35.194 0 -49.07
v 31.756 0 -51.04
v 36.715 0 -59.576
v 36.97 0 -62.927
v 22.834 0 -62.341
v 27.888 0 -67.344
v 23.565 0 -75.269
v 32.254 0 -70.775
v 39.683 0 -85.815
v 51.012 0 -85.816
v 53.739 0 -89.566
v 52.141 0 -81.171
v 69.942 0 -70.822
v 73.041 0 -72.271
v 75.845 0 -70.084
v 78.556 0 -61.714
v 79.078 0 -53.607
v 66.525 0 -40.672
v 55.789 0 -13.448
v 54.554 0 -13.791
v 25.277 0 -12.397
v 39.91 0 -45.779
v 31.327 0 -51.17
v 24.941 0 -51.83
v 39.821 0 -60.836
v 31.136 0 -63.381
v 24.46 0 -63.17
v 32.641 0 -70.288
v 40.015 0 -85.404
v 51.15 0 -85.85
v 53.706 0 -89.033
v 52.024 0 -81.237
v 69.96 0 -70.771
v 72.476 0 -71.911
v 75.38 0 -69.82
v 77.978 0 -61.929
v 78.321 0 -54.039
v 66.086 0 -41.13
v 63.069 0 -13.831
v 55.674 0 -13.537
v 47.079 0 -11.169
v 31.948 0 -39.784
v 35.316 0 -49.085
v 30.895 0 -51.29
v 25.59 0 -51.861
v 36.954 0 -60.841
v 36.994 0 -62.925
v 30.93 0 -63.45
v 28.037 0 -67.196
v 29.672 0 -70.724
v 40.367 0 -85.009
v 51.416 0 -85.945
v 53.629 0 -88.538
v 69.988 0 -70.741
v 71.896 0 -71.574
v 74.622 0 -69.327
v 77.408 0 -62.163
v 77.587 0 -54.511
v 65.67 0 -41.61
v 55.558 0 -13.624
v 54.621 0 -13.817
v 25.893 0 -12.281
v 32.939 0 -40.649
v 35.46 0 -49.08
v 30.461 0 -51.4
v 26.326 0 -51.874
v 39.962 0 -60.871
v 31.088 0 -63.423
v 25.305 0 -63.682
v 28.183 0 -67.044
v 33.047 0 -69.816
v 40.724 0 -84.648
v 51.673 0 -86.059
v 70.027 0 -70.724
v 71.303 0 -71.261
v 73.826 0 -68.768
v 76.847 0 -62.417
v 76.88 0 -55.02
v 64.989 0 -42.507
v 62.454 0 -14.223
v 55.44 0 -13.708
v 46.872 0 -11.844
v 26.511 0 -12.171
v 40.06 0 -45.89
v 30.025 0 -51.501
v 40.15 0 -60.88
v 31.021 0 -63.444
v 26.156 0 -64.243
v 28.325 0 -66.889
v 33.47 0 -69.36
v 41.07 0 -84.34
v 51.922 0 -86.193
v 53.51 0 -88.11
v 70.08 0 -70.71
v 70.697 0 -70.973
v 73.052 0 -68.189
v 76.294 0 -62.69
v 76.447 0 -55.339
v 61.856 0 -14.638
v 55.32 0 -13.79
v 54.689 0 -13.839
v 27.13 0 -12.07
v 34.05 0 -41.7
v 35.654 0 -49.042
v 29.586 0 -51.593
v 27.07 0 -51.869
v 37.156 0 -61.921
v 37.017 0 -62.923
v 28.464 0 -66.731
v 29.231 0 -70.873
v 42.112 0 -83.589
v 52.159 0 -86.346
v 53.404 0 -87.849
v 75.752 0 -62.983
v 76.017 0 -55.665
v 64.205 0 -43.683
v 61.275 0 -15.078
v 55.253 0 -13.816
v 46.61 0 -12.5
v 27.794 0 -12.005
v 35.846 0 -48.995
v 29.146 0 -51.675
v 27.742 0 -51.847
v 40.275 0 -60.86
v 28.6 0 -66.57
v 33.911 0 -68.92
v 52.384 0 -86.517
v 53.278 0 -87.596
v 75.22 0 -63.294
v 75.593 0 -55.995
v 63.419 0 -44.966
v 60.712 0 -15.54
v 55.185 0 -13.838
v 54.759 0 -13.855
v 28.58 0 -11.962
v 36.037 0 -48.942
v 28.704 0 -51.747
v 28.26 0 -51.81
v 40.398 0 -60.833
v 37.041 0 -62.921
v 24.373 0 -74.324
v 34.367 0 -68.498
v 51.171 0 -77.482
v 52.595 0 -86.704
v 53.134 0 -87.354
v 59.39 0 -64.52
v 75.173 0 -56.332
v 62.731 0 -46.183
v 60.168 0 -16.025
v 55.115 0 -13.854
v 46.576 0 -12.574
v 29.421 0 -11.942
v 36.232 0 -44.389
v 36.225 0 -48.88
v 37.34 0 -51.955
v 40.52 0 -60.799
v 37.064 0 -62.918
v 25.365 0 -73.392
v 34.84 0 -68.093
v 51.36 0 -77.45
v 52.791 0 -86.906
v 52.971 0 -87.124
v 58.439 0 -64.051
v 74.699 0 -63.623
v 74.757 0 -56.674
v 62.245 0 -47.162
v 59.644 0 -16.531
v 55.045 0 -13.865
v 46.54 0 -12.647
v 30.25 0 -11.948
v 36.425 0 -44.699
v 36.41 0 -48.811
v 37.514 0 -51.853
v 37.3 0 -62.71
v 26.958 0 -64.814
v 26.55 0 -72.46
v 28.663 0 -71.139
v 51.785 0 -77.343
v 57.634 0 -63.681
v 74.19 0 -63.97
v 74.346 0 -57.022
v 62.06 0 -47.73
v 59.141 0 -17.058
v 59.178 0 -13.9
v 54.83 0 -13.865
v 30.999 0 -11.98
v 36.611 0 -45.013
v 36.592 0 -48.735
v 37.724 0 -51.749
v 40.639 0 -60.758
v 37.087 0 -62.915
v 28.625 0 -66.504
v 35.328 0 -67.707
v 52.199 0 -77.197
v 56.974 0 -63.41
v 73.433 0 -64.493
v 73.939 0 -57.375
v 62.07 0 -47.806
v 58.659 0 -17.604
v 54.973 0 -13.87
v 46.501 0 -12.718
v 31.6 0 -12.04
v 36.792 0 -45.33
v 36.772 0 -48.651
v 37.959 0 -51.647
v 40.756 0 -60.71
v 37.111 0 -62.912
v 27.287 0 -71.951
v 35.83 0 -67.34
v 52.598 0 -77.015
v 56.456 0 -63.236
v 72.742 0 -65.005
v 73.538 0 -57.733
v 62.104 0 -47.885
v 58.2 0 -18.17
v 54.902 0 -13.871
v 46.46 0 -12.789
v 32.074 0 -12.102
v 36.966 0 -45.651
v 36.947 0 -48.561
v 38.211 0 -51.553
v 40.87 0 -60.656
v 37.134 0 -62.908
v 28.003 0 -71.504
v 36.531 0 -66.857
v 52.979 0 -76.797
v 47.84 0 -81.2
v 72.361 0 -67.636
v 72.15 0 -65.48
v 73.141 0 -58.097
v 62.162 0 -47.971
v 57.787 0 -18.689
v 46.417 0 -12.858
v 32.546 0 -12.18
v 37.134 0 -45.975
v 37.119 0 -48.463
v 38.47 0 -51.47
v 40.98 0 -60.595
v 37.157 0 -62.904
v 28.638 0 -66.45
v 37.259 0 -66.384
v 43.361 0 -82.824
v 51.841 0 -82.329
v 71.81 0 -67.154
v 71.688 0 -65.891
v 72.749 0 -58.466
v 60.177 0 -45.621
v 57.455 0 -19.136
v 46.372 0 -12.926
v 33.015 0 -12.276
v 40.157 0 -45.891
v 37.287 0 -48.359
v 38.628 0 -51.445
v 37.31 0 -62.773
v 37.18 0 -62.9
v 38.021 0 -65.919
v 44.675 0 -82.12
v 47.56 0 -81.1
v 71.46 0 -66.79
v 71.387 0 -66.214
v 60.044 0 -45.742
v 57.182 0 -19.541
v 46.325 0 -12.992
v 37.296 0 -46.302
v 37.451 0 -48.248
v 37.309 0 -62.817
v 27.658 0 -65.357
v 45.909 0 -81.549
v 51.757 0 -81.954
v 71.438 0 -66.763
v 71.28 0 -66.42
v 62.25 0 -48.069
v 56.948 0 -19.934
v 46.276 0 -13.057
v 40.589 0 -13.92
v 37.452 0 -46.632
v 37.61 0 -48.13
v 38.787 0 -51.432
v 37.296 0 -62.846
v 28.203 0 -65.836
v 28.638 0 -66.401
v 46.918 0 -81.184
v 51.76 0 -81.632
v 71.418 0 -66.735
v 71.288 0 -66.454
v 70.391 0 -60.809
v 59.91 0 -45.86
v 56.731 0 -20.343
v 46.225 0 -13.12
v 33.48 0 -12.389
v 40.275 0 -45.862
v 37.724 0 -48.025
v 38.94 0 -51.432
v 37.271 0 -62.866
v 28.54 0 -66.21
v 28.622 0 -66.35
v 53.339 0 -76.546
v 51.85 0 -81.37
v 71.399 0 -66.706
v 71.297 0 -66.487
v 69.725 0 -61.518
v 62.368 0 -48.18
v 56.51 0 -20.8
v 46.172 0 -13.182
v 33.94 0 -12.519
v 37.601 0 -46.966
v 37.8 0 -47.943
v 39.08 0 -51.448
v 37.233 0 -62.882
v 28.59 0 -66.289
v 51.925 0 -81.305
v 71.38 0 -66.677
v 71.308 0 -66.52
v 69.193 0 -62.121
v 59.823 0 -45.894
v 59.776 0 -13.747
v 46.117 0 -13.242
v 34.396 0 -12.665
v 37.744 0 -47.301
v 37.846 0 -47.874
v 39.199 0 -51.48
v 38.824 0 -65.456
v 71.363 0 -66.647
v 71.32 0 -66.553
v 77.335 0 -51.348
v 59.735 0 -45.904
v 59.665 0 -13.784
v 34.845 0 -12.828
v 40.423 0 -45.795
v 37.87 0 -47.807
v 39.29 0 -51.53
v 53.674 0 -76.263
v 71.348 0 -66.616
v 71.333 0 -66.584
v 68.829 0 -62.584
v 59.639 0 -45.886
v 59.554 0 -13.819
v 46.06 0 -13.3
v 35.289 0 -13.007
v 37.88 0 -47.64
v 37.879 0 -47.733
v 53.983 0 -75.951
v 69.056 0 -63.463
v 76.54 0 -51.567
v 62.52 0 -48.31
v 59.443 0 -13.851
v 45.842 0 -13.519
v 35.726 0 -13.202
v 40.608 0 -45.685
v 45.209 0 -57.377
v 54.261 0 -75.613
v 75.734 0 -51.741
v 59.525 0 -45.836
v 55.798 0 -22.449
v 45.646 0 -13.689
v 36.155 0 -13.413
v 40.841 0 -45.525
v 39.475 0 -51.714
v 41.087 0 -60.527
v 54.509 0 -75.25
v 56.079 0 -63.156
v 74.92 0 -51.87
v 59.385 0 -45.748
v 59.33 0 -13.88
v 45.469 0 -13.811
v 36.577 0 -13.639
v 45.394 0 -57.755
v 41.19 0 -60.454
v 54.722 0 -74.867
v 68.891 0 -63.449
v 59.21 0 -45.62
v 41.13 0 -45.31
v 45.558 0 -58.046
v 68.773 0 -63.362
v 58.743 0 -45.264
v 36.99 0 -13.88
v 41.515 0 -44.983
v 45.693 0 -58.234
v 39.675 0 -64.991
v 68.7 0 -63.2
v 55.19 0 -24.035
v 37.619 0 -14.289
v 41.898 0 -44.652
v 39.673 0 -52.054
v 40.58 0 -64.52
v 68.692 0 -63.173
v 54.684 0 -25.571
v 42.277 0 -44.318
v 39.903 0 -52.604
v 41.639 0 -64.012
v 68.685 0 -63.146
v 54.277 0 -27.072
v 38.171 0 -14.669
v 42.654 0 -43.982
v 40.184 0 -53.42
v 55.216 0 -73.521
v 68.679 0 -63.119
v 53.966 0 -28.55
v 38.667 0 -15.034
v 43.029 0 -43.642
v 40.537 0 -54.557
v 55.281 0 -73.25
v 68.674 0 -63.092
v 53.75 0 -30.02
v 39.129 0 -15.401
v 43.4 0 -43.299
v 40.98 0 -56.07
v 55.331 0 -72.975
v 68.67 0 -63.064
v 53.657 0 -30.829
v 45.307 0 -13.887
v 43.769 0 -42.953
v 45.79 0 -58.3
v 55.365 0 -72.699
v 68.667 0 -63.037
v 53.583 0 -31.679
v 39.576 0 -15.788
v 44.135 0 -42.604
v 41.249 0 -56.995
v 55.383 0 -72.42
v 68.665 0 -63.009
v 53.525 0 -32.645
v 40.03 0 -16.21
v 44.498 0 -42.253
v 41.453 0 -57.739
v 59.77 0 -60.873
v 55.385 0 -72.141
v 68.664 0 -62.981
v 53.477 0 -33.804
v 41.376 0 -17.695
v 44.858 0 -41.898
v 59.833 0 -60.86
v 55.371 0 -71.863
v 68.664 0 -62.953
v 59.891 0 -60.838
v 55.342 0 -71.586
v 68.665 0 -62.925
v 42.602 0 -19.296
v 59.947 0 -60.804
v 68.667 0 -62.898
v 43.674 0 -20.96
v 44.806 0 -47.475
v 60.002 0 -60.755
v 55.297 0 -71.31
v 68.67 0 -62.87
v 44.558 0 -22.634
v 44.941 0 -47.386
v 54.227 0 -58.238
v 60.06 0 -60.69
v 45.079 0 -47.3
v 54.366 0 -58.059
v 60.15 0 -60.578
v 45.221 0 -24.265
v 45.219 0 -47.216
v 54.531 0 -57.774
v 60.235 0 -60.437
v 54.918 0 -69.937
v 45.63 0 -25.8
v 45.36 0 -47.136
v 54.717 0 -57.395
v 60.321 0 -60.244
v 54.788 0 -69.524
v 45.779 0 -26.601
v 45.503 0 -47.059
v 54.652 0 -69.112
v 45.915 0 -27.492
v 45.647 0 -46.984
v 54.51 0 -68.703
v 46.037 0 -28.455
v 45.793 0 -46.913
v 62.97 0 -52.33
v 54.362 0 -68.295
v 46.145 0 -29.471
v 45.941 0 -46.845
v 58.568 0 -57.527
v 54.208 0 -67.89
v 46.236 0 -30.522
v 58.81 0 -56.62
v 63.779 0 -56.62
v 54.048 0 -67.487
v 46.31 0 -31.59
v 59.189 0 -55.256
v 63.989 0 -55.606
v 53.882 0 -67.086
v 46.35 0 -32.411
v 46.49 0 -37.35
v 59.528 0 -54.103
v 64.171 0 -54.796
v 53.711 0 -66.688
v 46.383 0 -33.159
v 46.462 0 -35.929
v 59.826 0 -53.156
v 64.325 0 -54.186
v 46.411 0 -33.93
v 46.437 0 -34.821
v 60.086 0 -52.414
v 62.88 0 -52.18
v 55.01 0 -41.82
v 60.307 0 -51.873
v 64.45 0 -53.77
v 52.183 0 -63.494
v 56.077 0 -42.843
v 53.839 0 -46.796
v 60.49 0 -51.53
v 64.528 0 -53.609
v 56.943 0 -43.665
v 54.035 0 -46.891
v 60.554 0 -51.454
v 64.61 0 -53.467
v 55.752 0 -63.236
v 57.65 0 -44.32
v 54.318 0 -47.05
v 60.606 0 -51.404
v 62.758 0 -52.087
v 55.84 0 -63.17
v 60.656 0 -51.376
v 64.695 0 -53.349
v 58.237 0 -44.841
v 64.78 0 -53.256
v 60.717 0 -51.366
v 62.568 0 -51.974
v 57.248 0 -48.945
v 64.862 0 -53.192
v 63.13 0 -62.849
v 60.801 0 -51.368
v 64.94 0 -53.16
v 63.433 0 -62.686
v 60.92 0 -51.38
v 62.329 0 -51.851
v 63.836 0 -62.395
v 66.654 0 -50.516
v 56.754 0 -48.609
v 65.067 0 -53.143
v 67.371 0 -50.793
v 56.209 0 -48.245
v 68.098 0 -51.04
v 61.53 0 -51.53
v 62.062 0 -51.73
v 72.617 0 -54.885
v 68.835 0 -51.257
v 55.669 0 -47.89
v 54.699 0 -47.278
v 55.19 0 -47.58
v 61.789 0 -51.619
v 72.714 0 -54.203
v 73.021 0 -54.42
v 69.58 0 -51.443
v 70.332 0 -51.598
v 73.031 0 -54.388
v 71.09 0 -51.723
v 73.029 0 -54.36
v 71.852 0 -51.815
v 73.015 0 -54.338
v 72.617 0 -51.876
v 72.99 0 -54.32
v 73.385 0 -51.906
v 72.893 0 -54.258
v 74.153 0 -51.904
v 51.614 10 -62.485
v 62.714 10 -62.433
v 62.696 10 -62.686
v 62.88 10 -61.46
v 63.542 10 -57.843
v 63.28 10 -59.28
v 66.142 10 -53.322
v 67.365 10 -53.608
v 66.59 10 -53.43
v 68.683 10 -53.851
v 68.042 10 -53.746
v 70.1 10 -53.991
v 69.348 10 -53.931
v 72.998 10 -54.458
v 72.849 10 -54.651
v 72.96 10 -54.5
v 71.382 10 -55.913
v 70.414 10 -56.647
v 70.85 10 -56.31
v 69.55 10 -57.332
v 69.98 10 -56.987
v 68.699 10 -58.032
v 69.123 10 -57.68
v 67.86 10 -58.748
v 68.278 10 -58.388
v 67.034 10 -59.478
v 67.446 10 -59.111
v 66.221 10 -60.222
v 66.626 10 -59.848
v 65.012 10 -61.368
v 65.82 10 -60.6
v 62.722 10 -62.827
v 52.771 10 -64.646
v 53.533 10 -66.293
v 53.35 10 -65.9
v 55.042 10 -70.353
v 55.236 10 -71.038
v 55.16 10 -70.77
v 55.136 10 -73.788
v 54.899 10 -74.466
v 55.04 10 -74.05
v 44.597 10 -73.03
v 41.41 10 -72.49
v 44.579 10 -72.216
v 41.659 10 -74.216
v 41.493 10 -73.369
v 42.291 10 -75.934
v 41.921 10 -75.061
v 43.4 10 -77.88
v 42.78 10 -76.863
v 43.708 10 -78.46
v 43.401 10 -78.741
v 43.67 10 -78.49
v 42.864 10 -79.246
v 43.132 10 -78.993
v 42.331 10 -79.755
v 42.597 10 -79.5
v 41.801 10 -80.266
v 42.066 10 -80.01
v 41.274 10 -80.781
v 41.537 10 -80.523
v 40.751 10 -81.3
v 41.012 10 -81.04
v 39.506 10 -82.696
v 40.49 10 -81.56
v 37.999 10 -84.996
v 38.671 10 -83.849
v 37.195 10 -87.18
v 37.503 10 -86.114
v 37.13 10 -88.758
v 37.09 10 -88.17
v 37.426 10 -90.018
v 37.244 10 -89.38
v 37.966 10 -91.27
v 37.669 10 -90.654
v 38.452 10 -92.038
v 38.31 10 -91.85
v 38.912 10 -92.561
v 38.667 10 -92.291
v 39.313 10 -92.968
v 39.143 10 -92.803
v 39.05 10 -92.31
v 39.38 10 -93.01
v 47.14 10 -83.95
v 46.535 10 -84.735
v 46.826 10 -84.333
v 46.026 10 -85.586
v 46.268 10 -85.153
v 45.622 10 -86.49
v 45.811 10 -86.032
v 45.327 10 -87.437
v 45.46 10 -86.959
v 45.145 10 -88.411
v 45.222 10 -87.921
v 45.08 10 -89.4
v 45.098 10 -88.905
v 46.14 10 -89.473
v 46.136 10 -89.757
v 46.148 10 -90.04
v 45.396 10 -91.752
v 45.154 10 -90.559
v 46.504 10 -94.531
v 45.836 10 -93.052
v 48.64 10 -98.31
v 47.428 10 -96.26
v 49.392 10 -99.524
v 49.076 10 -99.03
v 49.784 10 -99.973
v 49.619 10 -99.826
v 50.05 10 -99.94
v 49.918 10 -99.999
v 50.37 10 -99.617
v 50.196 10 -99.82
v 50.903 10 -98.807
v 50.597 10 -99.291
v 51.85 10 -97.21
v 51.313 10 -98.125
v 53.222 10 -94.799
v 52.625 10 -95.868
v 54.008 10 -93.231
v 53.673 10 -93.941
v 54.46 10 -92
v 54.26 10 -92.605
v 54.664 10 -91.249
v 54.58 10 -91.603
v 54.749 10 -90.541
v 54.719 10 -90.906
v 54.76 10 -89.61
v 54.761 10 -90.12
v 54.604 10 -87.527
v 54.726 10 -88.483
v 53.966 10 -85.783
v 54.361 10 -86.655
v 52.59 10 -83.7
v 53.386 10 -84.827
v 60.83 10 -92.34
v 60.557 10 -93.016
v 60.49 10 -93.05
v 60.963 10 -92.615
v 60.729 10 -92.856
v 61.441 10 -92.081
v 61.214 10 -92.341
v 61.731 10 -91.67
v 61.6 10 -91.88
v 61.974 10 -91.239
v 61.856 10 -91.456
v 62.191 10 -90.794
v 62.086 10 -91.018
v 62.38 10 -90.336
v 62.289 10 -90.566
v 62.542 10 -89.868
v 62.465 10 -90.103
v 62.675 10 -89.391
v 62.612 10 -89.631
v 62.821 10 -88.157
v 62.73 10 -89.15
v 62.368 10 -85.964
v 62.698 10 -87.089
v 61.107 10 -83.607
v 61.835 10 -84.797
v 59.901 10 -82.068
v 60.19 10 -82.41
v 59.245 10 -81.354
v 59.594 10 -81.724
v 58.309 10 -80.437
v 58.826 10 -80.933
v 57.67 10 -79.84
v 56.14 10 -78.43
v 56.27 10 -78.52
v 57.184 10 -76.762
v 56.51 10 -77.88
v 58.101 10 -74.732
v 57.713 10 -75.722
v 58.488 10 -72.803
v 58.357 10 -73.768
v 58.434 10 -70.895
v 58.5 10 -71.81
v 58.037 10 -69.022
v 58.285 10 -69.983
v 57.181 10 -66.744
v 57.675 10 -67.96
v 56.153 10 -64.479
v 56.54 10 -65.32
v 65.73 10 -80.06
v 65.596 10 -80.089
v 65.633 10 -80.075
v 65.731 10 -80.111
v 65.626 10 -80.101
v 66.19 10 -80.12
v 65.916 10 -80.118
v 66.929 10 -80.085
v 66.587 10 -80.112
v 67.517 10 -79.961
v 67.234 10 -80.036
v 68.09 10 -79.72
v 67.797 10 -79.857
v 68.574 10 -79.419
v 68.341 10 -79.575
v 69.006 10 -79.061
v 68.795 10 -79.249
v 69.41 10 -78.62
v 69.209 10 -78.852
v 69.91 10 -77.806
v 69.675 10 -78.222
v 70.284 10 -76.927
v 70.113 10 -77.373
v 70.522 10 -76.002
v 70.42 10 -76.469
v 70.62 10 -75.051
v 70.589 10 -75.528
v 70.576 10 -74.097
v 70.616 10 -74.573
v 70.39 10 -73.16
v 70.501 10 -73.625
v 69.922 10 -71.121
v 69.933 10 -70.902
v 69.93 10 -71.02
v 76.79 10 -84.53
v 76.714 10 -84.666
v 76.752 10 -84.598
v 76.64 10 -84.803
v 76.677 10 -84.734
v 76.567 10 -84.941
v 76.603 10 -84.872
v 76.497 10 -85.08
v 76.532 10 -85.01
v 76.427 10 -85.22
v 76.462 10 -85.15
v 76.36 10 -85.36
v 76.393 10 -85.29
v 76.341 10 -85.493
v 76.348 10 -85.438
v 76.349 10 -85.547
v 76.341 10 -85.529
v 76.39 10 -85.54
v 76.365 10 -85.55
v 76.917 10 -84.946
v 76.658 10 -85.247
v 77.404 10 -84.318
v 77.165 10 -84.636
v 77.848 10 -83.66
v 77.631 10 -83.992
v 78.248 10 -82.973
v 78.054 10 -83.32
v 78.603 10 -82.263
v 78.432 10 -82.621
v 78.91 10 -81.53
v 78.762 10 -81.899
v 79.215 10 -80.442
v 79.079 10 -81.002
v 79.382 10 -79.298
v 79.316 10 -79.868
v 79.4 10 -78.25
v 79.41 10 -78.753
v 79.337 10 -77.552
v 79.375 10 -77.901
v 79.225 10 -76.861
v 79.287 10 -77.206
v 79.063 10 -76.18
v 79.15 10 -76.519
v 78.852 10 -75.512
v 78.963 10 -75.844
v 78.594 10 -74.861
v 78.729 10 -75.184
v 78.29 10 -74.23
v 78.448 10 -74.543
v 78.72 10 -72.27
v 78.89 10 -72.238
v 78.805 10 -72.254
v 79.059 10 -72.202
v 78.975 10 -72.22
v 79.228 10 -72.164
v 79.144 10 -72.183
v 79.396 10 -72.122
v 79.312 10 -72.143
v 79.564 10 -72.078
v 79.48 10 -72.1
v 79.73 10 -72.03
v 79.647 10 -72.054
v 81.156 10 -71.279
v 80.501 10 -71.703
v 82.074 10 -70.185
v 81.684 10 -70.769
v 82.4 10 -68.84
v 82.317 10 -69.538
v 82.351 10 -68.336
v 82.386 10 -68.622
v 82.246 10 -67.738
v 82.301 10 -68.026
v 82.15 10 -67.4
v 82.193 10 -67.514
v 82.118 10 -67.511
v 82.133 10 -67.455
v 82.091 10 -67.623
v 82.104 10 -67.567
v 82.068 10 -67.736
v 82.079 10 -67.679
v 82.051 10 -67.85
v 82.059 10 -67.793
v 82.038 10 -67.965
v 82.044 10 -67.907
v 82.03 10 -68.08
v 82.033 10 -68.022
v 88.427 10 -67.211
v 88.8 10 -69.12
v 88.59 10 -68.08
v 88.787 10 -67.034
v 88.8 10 -67.86
v 88.668 10 -65.675
v 88.744 10 -66.316
v 88.395 10 -64.503
v 88.553 10 -65.081
v 88.012 10 -63.476
v 88.19 10 -63.91
v 87.577 10 -62.646
v 87.807 10 -63.055
v 87.041 10 -61.878
v 87.321 10 -62.254
v 86.413 10 -61.182
v 86.738 10 -61.52
v 85.704 10 -60.57
v 86.068 10 -60.865
v 84.923 10 -60.052
v 85.322 10 -60.298
v 84.209 10 -59.689
v 84.51 10 -59.83
v 83.504 10 -59.42
v 83.869 10 -59.551
v 82.768 10 -59.204
v 83.131 10 -59.303
v 82.036 10 -59.08
v 82.43 10 -59.13
v 80.96 10 -59.04
v 81.529 10 -59.05
v 79.844 10 -59.08
v 80.381 10 -59.05
v 78.719 10 -59.256
v 79.4 10 -59.13
v 77.257 10 -59.625
v 78.002 10 -59.421
v 75.723 10 -60.141
v 76.495 10 -59.866
v 74.51 10 -60.641
v 74.95 10 -60.45
v 73.638 10 -61.038
v 74.073 10 -60.837
v 72.775 10 -61.457
v 73.205 10 -61.245
v 71.923 10 -61.895
v 72.348 10 -61.673
v 71.081 10 -62.354
v 71.501 10 -62.122
v 70.251 10 -62.833
v 70.665 10 -62.591
v 69.53 10 -63.276
v 69.84 10 -63.08
v 71.154 10 -60.031
v 72.362 10 -58.841
v 71.98 10 -59.22
v 93.604 10 -55.287
v 93.872 10 -55.719
v 93.8 10 -55.61
v 93.988 10 -55.835
v 93.937 10 -55.794
v 94.029 10 -55.804
v 94.02 10 -55.839
v 93.77 10 -55.21
v 94.01 10 -55.73
v 93.361 10 -54.563
v 93.571 10 -54.883
v 92.91 10 -53.945
v 93.141 10 -54.251
v 92.419 10 -53.358
v 92.67 10 -53.648
v 91.891 10 -52.805
v 92.16 10 -53.078
v 91.327 10 -52.288
v 91.613 10 -52.542
v 90.73 10 -51.81
v 91.032 10 -52.044
v 89.636 10 -51.166
v 90.182 10 -51.464
v 88.554 10 -50.708
v 89.094 10 -50.914
v 87.48 10 -50.43
v 88.016 10 -50.547
v 86.709 10 -50.347
v 87.163 10 -50.38
v 85.435 10 -50.323
v 86.129 10 -50.329
v 83.75 10 -50.34
v 84.638 10 -50.328
v 83.1 10 -48.93
v 83.553 10 -48.449
v 83.329 10 -48.692
v 83.988 10 -47.951
v 83.773 10 -48.202
v 84.402 10 -47.436
v 84.197 10 -47.696
v 84.796 10 -46.905
v 84.602 10 -47.173
v 85.169 10 -46.36
v 84.985 10 -46.634
v 85.52 10 -45.8
v 85.347 10 -46.082
v 83.025 10 -48.12
v 83.62 10 -47.55
v 71.25 10 -43.54
v 71.4 10 -43.35
v 71.71 10 -43.41
v 69.833 10 -43.709
v 70.665 10 -43.406
v 68.014 10 -44.958
v 68.938 10 -44.234
v 66.22 10 -46.91
v 67.097 10 -45.858
v 65.962 10 -47.242
v 66.09 10 -47.075
v 65.715 10 -47.583
v 65.837 10 -47.412
v 65.479 10 -47.931
v 65.595 10 -47.756
v 65.254 10 -48.287
v 65.365 10 -48.108
v 65.041 10 -48.65
v 65.146 10 -48.468
v 64.84 10 -49.02
v 64.939 10 -48.834
v 75.111 10 -37.56
v 75.27 10 -37.617
v 75.17 10 -37.59
v 75.434 10 -37.65
v 75.359 10 -37.638
v 75.527 10 -37.643
v 75.491 10 -37.652
v 75.483 10 -37.564
v 75.54 10 -37.62
v 75.113 10 -37.349
v 75.331 10 -37.469
v 74.589 10 -37.103
v 74.856 10 -37.221
v 73.999 10 -36.905
v 74.34 10 -37.01
v 73.302 10 -36.753
v 73.653 10 -36.819
v 72.592 10 -36.682
v 72.948 10 -36.707
v 71.878 10 -36.692
v 72.235 10 -36.677
v 71.171 10 -36.783
v 71.523 10 -36.728
v 70.478 10 -36.955
v 70.822 10 -36.859
v 69.536 10 -37.307
v 70.14 10 -37.07
v 68.225 10 -37.984
v 68.894 10 -37.614
v 66.86 10 -38.884
v 67.543 10 -38.409
v 65.752 10 -39.77
v 66.19 10 -39.4
v 64.895 10 -40.531
v 65.32 10 -40.147
v 64.065 10 -41.322
v 64.477 10 -40.923
v 63.262 10 -42.14
v 63.66 10 -41.727
v 62.487 10 -42.985
v 62.871 10 -42.559
v 61.742 10 -43.855
v 62.111 10 -43.417
v 61.27 10 -44.441
v 61.38 10 -44.3
v 53.29 10 -40.17
v 53.39 10 -37.01
v 53.32 10 -39.83
v 79.4 10 -13.57
v 80.01 10 -13.751
v 79.75 10 -13.677
v 80.304 10 -13.815
v 80.19 10 -13.796
v 80.38 10 -13.79
v 80.363 10 -13.812
v 79.454 10 -12.748
v 80.126 10 -13.456
v 77.383 10 -10.729
v 78.495 10 -11.796
v 75.23 10 -8.76
v 76.25 10 -9.674
v 74.224 10 -7.973
v 74.732 10 -8.352
v 73.04 10 -7.207
v 73.671 10 -7.599
v 71.4 10 -6.28
v 72.294 10 -6.776
v 69.738 10 -5.401
v 70.655 10 -5.881
v 67.922 10 -4.472
v 68.783 10 -4.909
v 67.02 10 -4.04
v 67.29 10 -4.159
v 66.946 10 -4.123
v 66.946 10 -4.057
v 67.25 10 -4.507
v 67.041 10 -4.265
v 68.09 10 -5.39
v 67.593 10 -4.873
v 68.916 10 -10.302
v 67.818 10 -10.619
v 68.49 10 -10.42
v 66.482 10 -11.043
v 67.149 10 -10.827
v 65.158 10 -11.501
v 65.819 10 -11.268
v 63.845 10 -11.991
v 64.5 10 -11.742
v 62.545 10 -12.514
v 63.193 10 -12.249
v 61.258 10 -13.07
v 61.9 10 -12.788
v 60.519 10 -13.417
v 60.62 10 -13.36
v 59.6 10 -12.29
v 60.056 10 -11.645
v 59.834 10 -11.972
v 60.466 10 -10.969
v 60.267 10 -11.311
v 60.827 10 -10.266
v 60.652 10 -10.621
v 61.137 10 -9.54
v 60.988 10 -9.906
v 61.395 10 -8.793
v 61.273 10 -9.169
v 61.6 10 -8.03
v 61.504 10 -8.413
v 61.671 10 -7.633
v 61.64 10 -7.827
v 61.709 10 -7.183
v 61.694 10 -7.426
v 61.72 10 -6.5
v 61.717 10 -6.882
v 61.686 10 -5.484
v 61.713 10 -5.938
v 61.53 10 -4.736
v 61.629 10 -5.098
v 61.17 10 -3.92
v 61.381 10 -4.357
v 61.001 10 -3.583
v 61.082 10 -3.742
v 60.869 10 -3.35
v 60.929 10 -3.45
v 60.8 10 -3.28
v 60.825 10 -3.291
v 59.177 10 -9.23
v 59.08 10 -8.709
v 59.15 10 -9.04
v 58.84 10 -7.948
v 58.97 10 -8.329
v 58.587 10 -7.379
v 58.706 10 -7.615
v 58.47 10 -7.97
v 58.5 10 -7.29
v 54.511 10 -3.658
v 55.47 10 -2.7
v 54.79 10 -3.4
v 54.404 10 -2.707
v 54.76 10 -2.7
v 53.694 10 -2.764
v 54.044 10 -2.729
v 53.074 10 -2.87
v 53.366 10 -2.811
v 52.83 10 -2.94
v 52.627 10 -2.998
v 52.741 10 -2.962
v 52.363 10 -3.105
v 52.499 10 -3.046
v 52.1 10 -3.25
v 52.227 10 -3.174
v 50.47 10 -1.72
v 50.41 10 -1.426
v 50.441 10 -1.573
v 50.34 10 -1.134
v 50.376 10 -1.28
v 50.258 10 -0.845
v 50.3 10 -0.989
v 50.166 10 -0.56
v 50.213 10 -0.702
v 50.063 10 -0.278
v 50.116 10 -0.418
v 49.95 10 0
v 50.008 10 -0.138
v 49.827 10 -0.14
v 49.89 10 -0.03
v 49.686 10 -0.551
v 49.759 10 -0.317
v 49.536 10 -1.165
v 49.611 10 -0.837
v 49.432 10 -1.696
v 49.46 10 -1.53
v 47.84 10 -3.22
v 47.061 10 -2.927
v 47.434 10 -3.055
v 46.319 10 -2.766
v 46.697 10 -2.832
v 45.42 10 -2.7
v 45.901 10 -2.723
v 44.81 10 -2.97
v 44.53 10 -2.7
v 41.388 10 -8.32
v 41.455 10 -7.617
v 41.44 10 -7.78
v 41.478 10 -7.344
v 41.468 10 -7.47
v 41.48 10 -7.174
v 41.482 10 -7.244
v 40.95 10 -8.36
v 41.47 10 -7.14
v 40.916 10 -8.466
v 40.933 10 -8.413
v 40.885 10 -8.574
v 40.9 10 -8.52
v 40.857 10 -8.682
v 40.871 10 -8.628
v 40.832 10 -8.791
v 40.844 10 -8.736
v 40.809 10 -8.9
v 40.82 10 -8.845
v 40.79 10 -9.01
v 40.799 10 -8.955
v 38.935 10 -4.621
v 39.14 10 -3.28
v 39.08 10 -3.68
v 38.927 10 -3.594
v 39.067 10 -3.354
v 38.57 10 -4.316
v 38.751 10 -3.936
v 38.31 10 -4.93
v 38.412 10 -4.668
v 38.097 10 -6.604
v 38.134 10 -5.745
v 38.443 10 -8.492
v 38.2 10 -7.518
v 39.35 10 -10.66
v 38.826 10 -9.537
v 39.839 10 -11.548
v 39.602 10 -11.134
v 40.261 10 -12.199
v 40.059 10 -11.902
v 40.61 10 -12.62
v 40.445 10 -12.437
v 39.23 10 -13.36
v 37.591 10 -12.641
v 38.384 10 -12.976
v 35.975 10 -12.053
v 36.805 10 -12.339
v 33.99 10 -11.46
v 35.053 10 -11.765
v 32.966 10 -4.214
v 33.023 10 -4.011
v 33.13 10 -3.98
v 32.364 10 -4.299
v 32.756 10 -4.122
v 31.341 10 -4.783
v 31.88 10 -4.524
v 30.198 10 -5.353
v 30.78 10 -5.06
v 29.05 10 -5.967
v 29.621 10 -5.655
v 27.922 10 -6.619
v 28.483 10 -6.288
v 26.817 10 -7.309
v 27.367 10 -6.959
v 25.735 10 -8.035
v 26.273 10 -7.667
v 24.679 10 -8.796
v 25.204 10 -8.411
v 23.765 10 -9.526
v 24.16 10 -9.19
v 22.991 10 -10.217
v 23.375 10 -9.868
v 22.24 10 -10.934
v 22.613 10 -10.572
v 21.514 10 -11.675
v 21.874 10 -11.301
v 20.813 10 -12.44
v 21.16 10 -12.055
v 20.138 10 -13.228
v 20.472 10 -12.831
v 19.785 10 -13.693
v 19.81 10 -13.63
v 19.765 10 -13.762
v 19.77 10 -13.736
v 19.785 10 -13.785
v 19.77 10 -13.777
v 20.409 10 -13.605
v 19.81 10 -13.79
v 46.52 10 -40.23
v 45.216 10 -41.54
v 45.57 10 -41.18
v 38.632 10 -44.427
v 38.104 10 -43.713
v 38.53 10 -44.27
v 37.213 10 -42.63
v 37.665 10 -43.166
v 36.272 10 -41.59
v 36.749 10 -42.105
v 35.282 10 -40.597
v 35.783 10 -41.088
v 34.246 10 -39.652
v 34.769 10 -40.118
v 33.166 10 -38.758
v 33.711 10 -39.198
v 32.049 10 -37.971
v 32.61 10 -38.33
v 30.848 10 -37.395
v 31.46 10 -37.659
v 29.57 10 -37.02
v 30.217 10 -37.181
v 28.248 10 -36.855
v 28.913 10 -36.91
v 26.918 10 -36.905
v 27.582 10 -36.853
v 25.612 10 -37.17
v 26.26 10 -37.011
v 24.874 10 -37.425
v 24.98 10 -37.38
v 24.664 10 -37.522
v 24.768 10 -37.472
v 24.46 10 -37.629
v 24.561 10 -37.575
v 24.261 10 -37.747
v 24.36 10 -37.687
v 24.068 10 -37.873
v 24.163 10 -37.809
v 23.881 10 -38.009
v 23.973 10 -37.94
v 23.807 10 -38.088
v 23.79 10 -38.08
v 23.926 10 -38.061
v 23.854 10 -38.081
v 24.129 10 -37.985
v 24.02 10 -38.029
v 35.31 10 -42.98
v 36.034 10 -44.083
v 35.83 10 -43.78
v 34.967 10 -48.905
v 34.82 10 -48.549
v 34.94 10 -48.81
v 34.178 10 -47.576
v 34.551 10 -48.117
v 33.302 10 -46.42
v 33.746 10 -46.99
v 32.132 10 -45.158
v 32.89 10 -45.93
v 30.565 10 -43.98
v 31.347 10 -44.502
v 29.132 10 -43.402
v 29.817 10 -43.608
v 28.23 10 -43.41
v 28.54 10 -43.38
v 28.901 10 -43.587
v 28.69 10 -43.54
v 33.888 10 -49.252
v 42.02 10 -49.499
v 42.014 10 -49.557
v 42.094 10 -49.393
v 42.237 10 -49.27
v 42.17 10 -49.33
v 42.834 10 -48.836
v 44.41 10 -47.76
v 43.03 10 -48.71
v 46.63 10 -49.125
v 53.398 10 -49.593
v 46.659 10 -49.453
v 57.635 10 -49.218
v 58.04 10 -49.51
v 57.86 10 -49.39
v 57.18 10 -51.5
v 56.808 10 -52.304
v 56.993 10 -51.901
v 56.448 10 -53.113
v 56.627 10 -52.708
v 56.1 10 -53.927
v 56.273 10 -53.519
v 55.765 10 -54.747
v 55.931 10 -54.336
v 55.441 10 -55.571
v 55.601 10 -55.158
v 55.13 10 -56.4
v 55.284 10 -55.985
v 53.407 10 -50.897
v 46.693 10 -50.771
v 46.661 10 -51.775
v 46.68 10 -51.1
v 46.346 10 -54.85
v 46.019 10 -57.062
v 46.16 10 -56.1
v 44.81 10 -56.43
v 44.512 10 -55.643
v 44.662 10 -56.036
v 44.202 10 -54.861
v 44.358 10 -55.252
v 43.881 10 -54.083
v 44.043 10 -54.472
v 43.549 10 -53.311
v 43.716 10 -53.696
v 43.205 10 -52.543
v 43.378 10 -52.926
v 42.85 10 -51.78
v 43.029 10 -52.161
v 42.026 10 -49.628
v 15.79 10 -47.09
v 14.864 10 -46.241
v 15.248 10 -46.592
v 14.466 10 -45.886
v 14.613 10 -46.014
v 14.38 10 -45.83
v 14.397 10 -45.832
v 14.714 10 -46.331
v 14.545 10 -46.082
v 15.062 10 -46.822
v 14.886 10 -46.577
v 15.424 10 -47.302
v 15.241 10 -47.063
v 15.799 10 -47.773
v 15.61 10 -47.539
v 16.188 10 -48.232
v 15.992 10 -48.004
v 16.59 10 -48.68
v 16.387 10 -48.457
v 14.48 10 -50.4
v 13.998 10 -50.388
v 14.239 10 -50.391
v 13.515 10 -50.394
v 13.757 10 -50.388
v 13.034 10 -50.42
v 13.274 10 -50.404
v 12.553 10 -50.464
v 12.793 10 -50.44
v 12.075 10 -50.528
v 12.314 10 -50.494
v 11.6 10 -50.61
v 11.837 10 -50.566
v 10.985 10 -50.825
v 11.306 10 -50.702
v 10.315 10 -51.138
v 10.65 10 -50.972
v 9.7 10 -51.5
v 9.994 10 -51.316
v 9.008 10 -52.003
v 9.35 10 -51.745
v 8.351 10 -52.551
v 8.675 10 -52.271
v 7.733 10 -53.143
v 8.037 10 -52.842
v 7.157 10 -53.775
v 7.44 10 -53.454
v 6.625 10 -54.445
v 6.885 10 -54.106
v 6.14 10 -55.15
v 6.377 10 -54.794
v 5.987 10 -55.51
v 6.049 10 -55.347
v 5.947 10 -55.746
v 5.952 10 -55.643
v 6.02 10 -55.88
v 5.969 10 -55.825
v 6.063 10 -55.911
v 6.045 10 -55.903
v 6.087 10 -55.889
v 6.076 10 -55.906
v 6.11 10 -55.82
v 6.097 10 -55.86
v 15.592 10 -51.835
v 36.99 10 -52.27
v 16.99 10 -52.11
v 41.84 10 -59.87
v 58.01 10 -59.87
v 41.47 10 -60.2
v 61.99 10 -55.09
v 61.732 10 -55.751
v 61.859 10 -55.42
v 61.488 10 -56.418
v 61.608 10 -56.084
v 61.258 10 -57.089
v 61.371 10 -56.753
v 61.041 10 -57.765
v 61.148 10 -57.427
v 60.838 10 -58.446
v 60.938 10 -58.105
v 60.65 10 -59.13
v 60.742 10 -58.787
v 58.113 10 -59.959
v 39.587 10 -60.473
v 39.395 10 -59.668
v 39.54 10 -60.23
v 39.085 10 -58.549
v 39.244 10 -59.107
v 38.748 10 -57.438
v 38.92 10 -57.992
v 38.385 10 -56.335
v 38.57 10 -56.885
v 37.994 10 -55.242
v 38.193 10 -55.787
v 37.578 10 -54.158
v 37.79 10 -54.699
v 37.316 10 -53.541
v 37.36 10 -53.62
v 37.041 10 -52.689
v 37.03 10 -52.6
v 18.416 10 -52.556
v 19.849 10 -53.159
v 26.88 10 -54.38
v 21.295 10 -53.92
v 28.45 10 -54.07
v 29.329 10 -54.034
v 28.89 10 -54.056
v 30.206 10 -53.961
v 29.768 10 -54.002
v 31.079 10 -53.852
v 30.643 10 -53.911
v 31.946 10 -53.707
v 31.513 10 -53.784
v 32.807 10 -53.526
v 32.378 10 -53.621
v 33.66 10 -53.31
v 33.235 10 -53.423
v 34.475 10 -53.193
v 34.782 10 -53.178
v 34.6 10 -53.19
v 34.11 10 -60.66
v 33.176 10 -59.797
v 33.645 10 -60.227
v 32.227 10 -58.95
v 32.703 10 -59.372
v 31.264 10 -58.12
v 31.747 10 -58.533
v 30.286 10 -57.306
v 30.777 10 -57.711
v 29.295 10 -56.51
v 29.792 10 -56.906
v 28.29 10 -55.73
v 28.794 10 -56.118
v 26.925 10 -54.475
v 29.9 10 -62.973
v 29.044 10 -62.41
v 29.46 10 -62.68
v 28.196 10 -61.897
v 28.623 10 -62.149
v 27.325 10 -61.424
v 27.763 10 -61.656
v 26.434 10 -60.989
v 26.882 10 -61.201
v 25.525 10 -60.595
v 25.982 10 -60.787
v 24.599 10 -60.241
v 25.064 10 -60.413
v 24.13 10 -60.08
v 22.852 10 -59.637
v 23.497 10 -59.842
v 21.535 10 -59.327
v 22.197 10 -59.465
v 20.193 10 -59.154
v 20.866 10 -59.223
v 18.84 10 -59.121
v 19.517 10 -59.12
v 17.491 10 -59.226
v 18.164 10 -59.156
v 16.16 10 -59.47
v 16.822 10 -59.331
v 14.925 10 -60.073
v 15.529 10 -59.744
v 13.819 10 -60.889
v 14.354 10 -60.456
v 12.878 10 -61.891
v 13.326 10 -61.369
v 12.133 10 -63.046
v 12.479 10 -62.452
v 11.608 10 -64.316
v 11.841 10 -63.669
v 11.32 10 -65.66
v 11.433 10 -64.981
v 11.27 10 -66.144
v 11.294 10 -65.902
v 11.228 10 -66.628
v 11.248 10 -66.386
v 11.194 10 -67.113
v 11.21 10 -66.87
v 11.168 10 -67.598
v 11.18 10 -67.355
v 11.15 10 -68.084
v 11.158 10 -67.841
v 11.14 10 -68.57
v 11.144 10 -68.327
v 11.156 10 -68.723
v 11.143 10 -68.688
v 11.224 10 -68.477
v 11.181 10 -68.658
v 11.38 10 -67.71
v 11.289 10 -68.167
v 17.961 10 -68.62
v 17.88 10 -67.46
v 17.94 10 -68.23
v 17.772 10 -67.597
v 17.836 10 -67.484
v 17.628 10 -67.986
v 17.699 10 -67.774
v 17.54 10 -68.41
v 17.571 10 -68.207
v 17.553 10 -69.24
v 17.507 10 -68.812
v 17.864 10 -70.107
v 17.674 10 -69.676
v 18.43 10 -70.89
v 18.118 10 -70.517
v 18.794 10 -71.239
v 18.607 10 -71.069
v 19.195 10 -71.544
v 18.99 10 -71.397
v 19.628 10 -71.803
v 19.408 10 -71.68
v 20.087 10 -72.012
v 19.854 10 -71.914
v 20.566 10 -72.168
v 20.324 10 -72.097
v 21.06 10 -72.27
v 20.812 10 -72.226
v 21.74 10 -73.99
v 21.499 10 -74.441
v 21.617 10 -74.214
v 21.28 10 -74.903
v 21.387 10 -74.671
v 21.083 10 -75.375
v 21.179 10 -75.138
v 20.909 10 -75.856
v 20.993 10 -75.615
v 20.758 10 -76.345
v 20.831 10 -76.1
v 20.63 10 -76.84
v 20.691 10 -76.592
v 20.579 10 -77.122
v 20.603 10 -76.981
v 20.54 10 -77.406
v 20.558 10 -77.264
v 20.514 10 -77.691
v 20.525 10 -77.548
v 20.5 10 -77.977
v 20.505 10 -77.834
v 20.499 10 -78.264
v 20.498 10 -78.12
v 20.51 10 -78.55
v 20.503 10 -78.407
v 20.521 10 -79.356
v 20.513 10 -79.007
v 20.559 10 -79.851
v 20.536 10 -79.628
v 20.63 10 -80.27
v 20.59 10 -80.055
v 20.884 10 -81.243
v 20.744 10 -80.76
v 21.236 10 -82.185
v 21.048 10 -81.719
v 21.683 10 -83.086
v 21.448 10 -82.641
v 22.22 10 -83.936
v 21.941 10 -83.518
v 22.841 10 -84.727
v 22.52 10 -84.34
v 23.54 10 -85.45
v 23.181 10 -85.097
v 29.79 10 -72.21
v 29.552 10 -73.043
v 29.661 10 -72.654
v 29.391 10 -73.707
v 29.462 10 -73.39
v 29.3 10 -74.3
v 29.338 10 -74.006
v 29.533 10 -76.722
v 29.292 10 -75.54
v 30.667 10 -78.735
v 29.999 10 -77.801
v 32.52 10 -79.99
v 31.516 10 -79.479
v 32.731 10 -80.04
v 32.617 10 -80.018
v 33.033 10 -80.073
v 32.868 10 -80.059
v 33.47 10 -80.09
v 33.232 10 -80.083
v 33.41 10 -79.93
v 34.18 10 -80.12
v 43.28 10 -65.63
v 42.142 10 -68.313
v 42.637 10 -67.046
v 41.548 10 -70.52
v 41.783 10 -69.461
v 41.428 10 -71.52
v 44.682 10 -71.309
v 51.09 10 -61.663
v 71 10 -54.04
v 62.793 10 -62.887
v 44.741 10 -73.781
v 43.545 10 -78.102
v 46.16 10 -89.19
v 46.176 10 -90.322
v 61.05 10 -91.834
v 66.146 10 -79.984
v 70.463 10 -43.788
v 53.433 10 -35.234
v 68.585 10 -5.906
v 60.416 10 -13.472
v 60.89 10 -3.8
v 39.841 10 -13.637
v 32.804 10 -4.449
v 38.739 10 -44.58
v 42.046 10 -49.447
v 42.649 10 -48.962
v 46.593 10 -48.797
v 53.45 10 -52.39
v 45.926 10 -57.695
v 42.05 10 -49.72
v 16.928 10 -49.05
v 6.138 10 -55.696
v 14.139 10 -51.707
v 41.8 10 -59.44
v 58.321 10 -60.121
v 37.276 10 -53.461
v 34.82 10 -61.318
v 27.054 10 -54.634
v 21.462 10 -72.346
v 23.359 10 -85.113
v 32.887 10 -79.807
v 43.558 10 -64.989
v 44.9 10 -70.28
v 50.64 10 -61.07
v 65.773 10 -53.24
v 71.597 10 -54.073
v 62.91 10 -62.9
v 45.013 10 -74.498
v 47.355 10 -83.669
v 46.197 10 -88.909
v 46.221 10 -90.603
v 52.259 10 -83.209
v 88.271 10 -66.485
v 93.392 10 -54.974
v 83.291 10 -50.35
v 75.027 10 -37.531
v 59.355 10 -12.659
v 61.037 10 -4.85
v 59.21 10 -9.374
v 58.436 10 -8.968
v 54.248 10 -3.932
v 50.573 10 -2.197
v 48.67 10 -3.49
v 45.151 10 -3.329
v 40.757 10 -9.213
v 38.897 10 -5.623
v 32.643 10 -4.685
v 21.011 10 -13.428
v 24.25 10 -37.93
v 29.11 10 -43.644
v 44.54 10 -47.662
v 46.547 10 -48.471
v 53.52 10 -54.123
v 42.765 10 -51.616
v 42.098 10 -49.898
v 14.723 10 -50.404
v 37.21 10 -52.05
v 41.764 10 -59.152
v 60.522 10 -59.613
v 58.588 10 -60.321
v 37.055 10 -52.778
v 26.94 10 -54.32
v 27.263 10 -54.849
v 30.228 10 -63.182
v 17.997 10 -68.948
v 23.188 10 -84.771
v 43.79 10 -64.447
v 50.29 10 -60.75
v 71.866 10 -55.532
v 45.42 10 -75.21
v 43.643 10 -78.256
v 39.01 10 -92.221
v 47.527 10 -83.436
v 46.282 10 -90.88
v 52.009 10 -82.749
v 61.221 10 -91.372
v 66.528 10 -79.909
v 70.08 10 -72
v 78.329 10 -72.355
v 88.115 10 -65.869
v 82.34 10 -49.82
v 82.399 10 -48.657
v 69.769 10 -44.125
v 76.619 10 -12.845
v 69 10 -6.355
v 69.252 10 -10.195
v 60.312 10 -13.524
v 54.001 10 -4.221
v 49.402 10 -1.862
v 41.384 10 -8.818
v 40.789 10 -12.797
v 40.284 10 -13.821
v 32.484 10 -4.923
v 21.615 10 -13.258
v 38.851 10 -44.729
v 24.422 10 -37.858
v 35.019 10 -48.98
v 29.316 10 -43.711
v 44.672 10 -47.567
v 46.492 10 -48.146
v 53.608 10 -55.58
v 45.011 10 -56.93
v 42.683 10 -51.451
v 42.149 10 -50.076
v 17.08 10 -48.25
v 6.167 10 -55.597
v 41.701 10 -58.791
v 62.76 10 -53
v 58.866 10 -60.522
v 37.072 10 -52.867
v 27.087 10 -54.26
v 28.002 10 -54.105
v 27.542 10 -55.109
v 11.556 10 -66.882
v 22.32 10 -72.73
v 23.028 10 -84.424
v 29.887 10 -71.839
v 32.464 10 -79.683
v 49.996 10 -60.632
v 65.476 10 -53.182
v 45.638 10 -75.51
v 43.7 10 -78.357
v 38.971 10 -92.131
v 46.25 10 -88.63
v 46.358 10 -91.153
v 61.349 10 -90.934
v 55.901 10 -63.907
v 66.871 10 -79.834
v 70.025 10 -71.77
v 77.074 10 -83.965
v 78.07 10 -73.747
v 87.949 10 -65.332
v 93.166 10 -54.672
v 82.942 10 -50.347
v 69.131 10 -44.584
v 74.925 10 -37.504
v 61.157 10 -44.58
v 73.902 10 -12.353
v 59.166 10 -12.954
v 59.255 10 -9.476
v 53.772 10 -4.524
v 51.39 10 -3.49
v 50.665 10 -2.569
v 49.37 10 -2.028
v 48.771 10 -3.515
v 41.43 10 -9.287
v 38.958 10 -6.626
v 40.924 10 -12.984
v 33.773 10 -11.413
v 32.326 10 -5.161
v 38.968 10 -44.875
v 29.519 10 -43.788
v 42.344 10 -49.185
v 46.43 10 -47.822
v 57.86 10 -49.94
v 53.714 10 -56.744
v 42.204 10 -50.252
v 14.966 10 -50.406
v 6.201 10 -55.511
v 41.6 10 -58.329
v 59.109 10 -60.687
v 39.643 10 -60.647
v 37.092 10 -52.954
v 27.316 10 -54.202
v 35.444 10 -61.875
v 27.887 10 -55.406
v 30.469 10 -63.32
v 18.054 10 -69.228
v 21.782 10 -72.423
v 29.956 10 -71.497
v 32.119 10 -79.549
v 43.975 10 -64.007
v 62.776 10 -62.035
v 72.076 10 -54.11
v 72.284 10 -55.184
v 45.876 10 -75.795
v 38.934 10 -92.041
v 46.45 10 -91.421
v 61.435 10 -90.498
v 55.763 10 -63.548
v 67.169 10 -79.761
v 69.981 10 -71.568
v 77.899 10 -73.362
v 78.039 10 -72.424
v 81.89 10 -68.904
v 87.763 10 -64.843
v 69.269 10 -63.404
v 92.924 10 -54.381
v 82.689 10 -50.331
v 82.302 10 -49.911
v 68.514 10 -45.199
v 74.809 10 -37.479
v 61.043 10 -44.718
v 71.315 10 -12.099
v 69.34 10 -6.743
v 60.207 10 -13.573
v 59.029 10 -13.189
v 61.053 10 -5.915
v 59.317 10 -9.543
v 53.561 10 -4.84
v 48.841 10 -3.53
v 41.53 10 -9.742
v 39.11 10 -7.57
v 33.556 10 -11.363
v 32.17 10 -5.401
v 24.596 10 -37.792
v 29.717 10 -43.874
v 42.484 10 -49.08
v 46.359 10 -47.5
v 54.918 10 -56.933
v 53.835 10 -57.597
v 42.605 10 -51.284
v 42.262 10 -50.427
v 18.261 10 -49.178
v 15.209 10 -50.404
v 58.023 10 -59.742
v 60.415 10 -59.977
v 59.27 10 -60.78
v 37.238 10 -53.379
v 37.115 10 -53.041
v 27.623 10 -54.15
v 22.761 10 -54.845
v 11.72 10 -66.188
v 18.136 10 -69.472
v 22.024 10 -72.5
v 22.877 10 -84.073
v 29.997 10 -71.198
v 31.829 10 -79.397
v 44.11 10 -63.673
v 72.445 10 -54.154
v 64.357 10 -61.961
v 46.133 10 -76.063
v 38.897 10 -91.951
v 47.666 10 -83.234
v 46.558 10 -91.684
v 61.484 10 -90.043
v 55.719 10 -63.343
v 67.414 10 -79.693
v 69.949 10 -71.394
v 77.319 10 -83.382
v 77.771 10 -73.067
v 77.836 10 -72.481
v 81.71 10 -69.553
v 87.55 10 -64.37
v 92.669 10 -54.102
v 82.514 10 -50.299
v 82.28 10 -49.98
v 74.686 10 -37.457
v 60.926 10 -44.853
v 69.606 10 -7.071
v 60.101 10 -13.621
v 60.944 10 -6.945
v 58.32 10 -9.814
v 53.369 10 -5.168
v 50.75 10 -2.853
v 48.888 10 -3.535
v 41.685 10 -10.195
v 39.346 10 -8.395
v 33.341 10 -11.308
v 32.016 10 -5.641
v 22.221 10 -13.096
v 39.089 10 -45.017
v 24.772 10 -37.732
v 29.912 10 -43.97
v 46.28 10 -47.18
v 53.971 10 -58.121
v 42.53 10 -51.115
v 42.324 10 -50.601
v 19.449 10 -49.965
v 15.452 10 -50.399
v 6.246 10 -55.426
v 58.089 10 -59.43
v 59.304 10 -60.794
v 37.203 10 -53.297
v 37.141 10 -53.127
v 30.649 10 -63.401
v 11.881 10 -65.596
v 18.25 10 -69.695
v 22.191 10 -72.577
v 22.738 10 -83.717
v 44.192 10 -63.446
v 65.243 10 -53.15
v 46.407 10 -76.312
v 38.862 10 -91.86
v 47.783 10 -83.048
v 46.68 10 -91.94
v 61.5 10 -89.55
v 67.6 10 -79.63
v 69.929 10 -71.245
v 77.524 10 -82.784
v 77.685 10 -72.854
v 77.707 10 -72.533
v 81.47 10 -70.051
v 92.401 10 -53.836
v 82.272 10 -50.034
v 67.883 10 -46.003
v 74.56 10 -37.44
v 60.806 10 -44.986
v 69.802 10 -7.346
v 59.993 10 -13.665
v 60.717 10 -7.888
v 59.4 10 -9.579
v 53.197 10 -5.507
v 50.831 10 -3.064
v 45.415 10 -3.616
v 39.66 10 -9.04
v 33.126 10 -11.251
v 31.863 10 -5.883
v 22.828 10 -12.941
v 39.215 10 -45.155
v 24.95 10 -37.678
v 46.246 10 -47.043
v 54.12 10 -58.3
v 42.389 10 -50.774
v 20.654 10 -50.615
v 15.695 10 -50.391
v 6.307 10 -55.329
v 58.204 10 -58.946
v 59.339 10 -60.807
v 37.17 10 -53.213
v 33.852 10 -53.27
v 35.974 10 -62.324
v 12.05 10 -65.075
v 18.4 10 -69.91
v 22.61 10 -83.357
v 31.574 10 -79.221
v 44.22 10 -63.33
v 46.698 10 -76.543
v 38.828 10 -91.768
v 47.887 10 -82.862
v 77.688 10 -82.173
v 77.636 10 -72.715
v 81.154 10 -70.424
v 87.35 10 -63.956
v 92.12 10 -53.583
v 81.745 10 -49.159
v 67.2 10 -47.03
v 74.343 10 -37.412
v 60.685 10 -45.117
v 69.93 10 -7.57
v 59.885 10 -13.708
v 59.51 10 -9.59
v 53.045 10 -5.855
v 50.914 10 -3.221
v 45.619 10 -3.848
v 41.9 10 -10.66
v 39.789 10 -9.199
v 32.912 10 -11.189
v 31.712 10 -6.126
v 23.438 10 -12.794
v 39.346 10 -45.289
v 25.13 10 -37.63
v 30.101 10 -44.075
v 46.213 10 -46.939
v 46.68 10 -49.782
v 42.458 10 -50.945
v 17.203 10 -49.36
v 15.938 10 -50.38
v 6.39 10 -55.21
v 58.365 10 -58.307
v 59.374 10 -60.819
v 34.028 10 -53.239
v 36.399 10 -62.655
v 12.237 10 -64.594
v 18.669 10 -70.26
v 22.492 10 -82.993
v 31.33 10 -79.01
v 45.104 10 -69.613
v 38.795 10 -91.676
v 47.99 10 -82.66
v 47.196 10 -92.526
v 61.46 10 -89.046
v 68.235 10 -79.307
v 77.81 10 -81.553
v 77.62 10 -72.64
v 80.743 10 -70.695
v 87.117 10 -63.56
v 91.827 10 -53.344
v 82.28 10 -50.08
v 66.719 10 -47.84
v 74.126 10 -37.39
v 60.561 10 -45.247
v 69.983 10 -7.686
v 58.937 10 -13.376
v 59.556 10 -9.587
v 51 10 -3.34
v 45.778 10 -4.041
v 42.31 10 -11.384
v 39.924 10 -9.334
v 32.7 10 -11.124
v 25.311 10 -37.588
v 30.285 10 -44.189
v 46.181 10 -46.864
v 46.693 10 -50.111
v 21.884 10 -51.131
v 6.592 10 -54.955
v 59.409 10 -60.831
v 34.19 10 -53.216
v 36.711 10 -62.86
v 12.45 10 -64.12
v 18.985 10 -70.54
v 22.385 10 -82.626
v 30.999 10 -78.607
v 45.321 10 -68.951
v 47.004 10 -76.753
v 38.764 10 -91.584
v 46.375 10 -88.206
v 47.914 10 -92.982
v 61.383 10 -88.546
v 68.735 10 -78.876
v 77.89 10 -80.925
v 86.853 10 -63.184
v 91.523 10 -53.12
v 82.302 10 -50.126
v 66.345 10 -48.552
v 73.908 10 -37.374
v 60.435 10 -45.374
v 70.023 10 -7.791
v 58.886 10 -13.529
v 58.101 10 -10.558
v 52.914 10 -6.212
v 51.063 10 -3.405
v 48.919 10 -3.53
v 40.717 10 -9.365
v 40.06 10 -9.442
v 32.488 10 -11.056
v 31.563 10 -6.369
v 25.494 10 -37.553
v 30.463 10 -44.312
v 46.15 10 -46.815
v 46.697 10 -50.441
v 34 10 -49.584
v 17.414 10 -49.614
v 6.8 10 -54.705
v 59.445 10 -60.841
v 34.339 10 -53.201
v 24.254 10 -55.937
v 12.622 10 -63.799
v 19.351 10 -70.754
v 22.29 10 -82.255
v 45.551 10 -68.293
v 47.323 10 -76.942
v 38.733 10 -91.491
v 48.131 10 -82.268
v 48.774 10 -93.294
v 61.27 10 -88.053
v 69.109 10 -78.323
v 77.926 10 -80.294
v 80.22 10 -70.89
v 86.559 10 -62.831
v 91.208 10 -52.911
v 81.064 10 -49.623
v 66.08 10 -49.156
v 73.69 10 -37.363
v 60.307 10 -45.499
v 60.381 10 -8.694
v 59.606 10 -9.573
v 52.804 10 -6.576
v 51.117 10 -3.452
v 45.91 10 -4.213
v 42.836 10 -12.109
v 40.193 10 -9.523
v 32.278 10 -10.984
v 31.416 10 -6.614
v 25.678 10 -37.524
v 30.635 10 -44.443
v 46.12 10 -46.788
v 34.049 10 -49.841
v 17.56 10 -49.813
v 7.016 10 -54.462
v 59.48 10 -60.849
v 25.78 10 -57.2
v 12.8 10 -63.504
v 22.205 10 -81.883
v 30.741 10 -78.129
v 45.795 10 -67.64
v 47.654 10 -77.109
v 38.704 10 -91.398
v 46.549 10 -87.799
v 49.716 10 -93.444
v 61.122 10 -87.57
v 77.92 10 -79.662
v 80.035 10 -70.918
v 86.238 10 -62.503
v 82.34 10 -50.18
v 65.925 10 -49.641
v 73.471 10 -37.359
v 70.054 10 -7.897
v 59.94 10 -9.31
v 59.665 10 -9.544
v 52.716 10 -6.946
v 49.335 10 -2.192
v 46.03 10 -4.38
v 40.666 10 -9.473
v 31.27 10 -6.86
v 25.863 10 -37.501
v 30.801 10 -44.583
v 53.42 10 -48.505
v 34.035 10 -50.028
v 23.15 10 -51.519
v 7.239 10 -54.225
v 59.517 10 -60.857
v 26.944 10 -58.261
v 12.986 10 -63.231
v 19.768 10 -70.903
v 22.132 10 -81.507
v 30.555 10 -77.56
v 46.052 10 -66.992
v 47.997 10 -77.252
v 38.677 10 -91.304
v 46.769 10 -87.416
v 50.682 10 -93.418
v 60.938 10 -87.098
v 69.365 10 -77.631
v 77.871 10 -79.031
v 79.85 10 -70.941
v 85.891 10 -62.201
v 90.884 10 -52.717
v 82.403 10 -50.249
v 65.881 10 -49.996
v 73.253 10 -37.361
v 70.077 10 -8.015
v 59.828 10 -9.418
v 57.76 10 -11.246
v 52.65 10 -7.32
v 49.298 10 -2.357
v 46.383 10 -4.992
v 40.603 10 -9.542
v 40.317 10 -9.573
v 31.005 10 -7.353
v 26.048 10 -37.484
v 30.96 10 -44.73
v 46.09 10 -46.78
v 46.627 10 -52.41
v 33.96 10 -50.15
v 17.643 10 -49.961
v 7.468 10 -53.994
v 59.553 10 -60.864
v 34.91 10 -53.177
v 28.09 10 -59.35
v 13.183 10 -62.976
v 20.237 10 -70.991
v 22.07 10 -81.13
v 30.435 10 -76.884
v 46.322 10 -66.349
v 48.348 10 -77.373
v 38.65 10 -91.21
v 47.033 10 -87.061
v 51.61 10 -93.2
v 60.721 10 -86.642
v 69.513 10 -76.785
v 77.78 10 -78.406
v 79.664 10 -70.958
v 85.52 10 -61.929
v 90.55 10 -52.54
v 80.359 10 -50.049
v 65.95 10 -50.21
v 73.034 10 -37.369
v 70.095 10 -8.156
v 59.737 10 -9.494
v 52.6 10 -7.754
v 49.258 10 -2.521
v 46.684 10 -5.631
v 40.525 10 -9.579
v 40.43 10 -9.59
v 30.789 10 -7.797
v 26.234 10 -37.474
v 53.472 10 -47.657
v 46.57 10 -53.083
v 33.919 10 -50.177
v 17.66 10 -50.06
v 7.703 10 -53.769
v 59.59 10 -60.87
v 29.15 10 -60.401
v 20.76 10 -71.02
v 22.048 10 -80.893
v 46.605 10 -65.712
v 48.706 10 -77.469
v 38.564 10 -90.826
v 47.336 10 -86.739
v 51.842 10 -93.112
v 60.47 10 -86.202
v 69.56 10 -75.77
v 77.646 10 -77.787
v 77.64 10 -72.584
v 85.129 10 -61.688
v 89.948 10 -52.262
v 64.603 10 -49.093
v 72.816 10 -37.384
v 70.11 10 -8.33
v 52.57 10 -8.336
v 51.169 10 -3.482
v 48.944 10 -3.515
v 43.423 10 -12.78
v 30.622 10 -8.198
v 26.42 10 -37.47
v 31.206 10 -45.004
v 53.553 10 -47.073
v 46.479 10 -53.87
v 33.877 10 -50.203
v 17.653 10 -50.1
v 7.945 10 -53.552
v 59.626 10 -60.874
v 35 10 -53.19
v 36.9 10 -62.93
v 13.394 10 -62.733
v 21.62 10 -70.952
v 22.03 10 -80.655
v 30.011 10 -70.957
v 44.111 10 -63.201
v 49.07 10 -77.54
v 38.501 10 -90.437
v 47.675 10 -86.455
v 52.065 10 -93.004
v 60.189 10 -85.782
v 69.558 10 -75.374
v 77.47 10 -77.18
v 79.477 10 -70.969
v 84.72 10 -61.479
v 89.33 10 -52.038
v 64.256 10 -49.071
v 72.598 10 -37.404
v 70.105 10 -8.617
v 58.87 10 -13.66
v 52.56 10 -8.994
v 49.216 10 -2.684
v 46.932 10 -6.293
v 30.504 10 -8.559
v 26.822 10 -37.463
v 31.445 10 -45.284
v 53.66 10 -46.78
v 33.835 10 -50.228
v 17.63 10 -50.134
v 8.193 10 -53.341
v 59.663 10 -60.878
v 35.07 10 -53.223
v 30.057 10 -61.35
v 13.62 10 -62.5
v 22.504 10 -70.741
v 22.018 10 -80.417
v 30.378 10 -76.086
v 46.901 10 -65.081
v 49.261 10 -77.558
v 38.462 10 -90.045
v 48.185 10 -81.918
v 52.279 10 -92.879
v 59.877 10 -85.384
v 69.542 10 -75.019
v 77.357 10 -76.875
v 79.29 10 -70.975
v 84.295 10 -61.304
v 88.691 10 -51.866
v 79.631 10 -50.436
v 63.838 10 -48.969
v 72.381 10 -37.43
v 70.09 10 -8.916
v 58.88 10 -13.757
v 52.57 10 -9.654
v 49.171 10 -2.847
v 48.97 10 -3.49
v 44.018 10 -13.341
v 30.433 10 -8.888
v 27.183 10 -37.475
v 31.678 10 -45.569
v 53.718 10 -46.761
v 33.792 10 -50.253
v 17.593 10 -50.162
v 8.446 10 -53.137
v 59.7 10 -60.88
v 35.138 10 -53.282
v 30.743 10 -62.132
v 13.949 10 -62.197
v 23.438 10 -70.379
v 22.011 10 -80.179
v 30.38 10 -75.15
v 47.209 10 -64.456
v 49.452 10 -77.57
v 48.045 10 -86.212
v 52.482 10 -92.737
v 59.537 10 -85.01
v 69.511 10 -74.691
v 77.226 10 -76.579
v 79.104 10 -70.975
v 88.026 10 -51.745
v 78.883 10 -50.782
v 63.384 10 -48.799
v 70.065 10 -9.204
v 57.277 10 -11.927
v 52.6 10 -10.244
v 49.124 10 -3.008
v 47.125 10 -6.972
v 44.568 10 -13.736
v 30.41 10 -9.19
v 27.521 10 -37.509
v 31.905 10 -45.859
v 45.87 10 -58.066
v 33.749 10 -50.278
v 17.54 10 -50.19
v 41.382 10 -60.29
v 35.22 10 -53.37
v 31.14 10 -62.68
v 14.297 10 -61.928
v 24.442 10 -69.856
v 22.009 10 -79.941
v 30.412 10 -74.643
v 47.531 10 -63.837
v 49.643 10 -77.579
v 38.445 10 -89.652
v 48.441 10 -86.015
v 52.673 10 -92.579
v 59.171 10 -84.661
v 69.464 10 -74.377
v 77.077 10 -76.286
v 78.917 10 -70.97
v 83.858 10 -61.164
v 87.331 10 -51.674
v 78.116 10 -51.087
v 62.932 10 -48.574
v 72.165 10 -37.462
v 70.03 10 -9.461
v 58.914 10 -13.828
v 52.65 10 -10.69
v 51.227 10 -3.498
v 47.261 10 -7.665
v 45.02 10 -13.91
v 30.434 10 -9.516
v 32.124 10 -46.155
v 45.837 10 -58.245
v 33.706 10 -50.301
v 17.472 10 -50.218
v 8.705 10 -52.941
v 41.288 10 -60.375
v 35.336 10 -53.514
v 31.18 10 -62.762
v 14.669 10 -61.69
v 25.542 10 -69.162
v 22.013 10 -79.703
v 29.995 10 -70.789
v 47.864 10 -63.225
v 49.835 10 -77.583
v 38.452 10 -89.259
v 48.857 10 -85.865
v 52.851 10 -92.406
v 58.78 10 -84.34
v 69.401 10 -74.065
v 78.73 10 -70.959
v 83.41 10 -61.06
v 71.95 10 -37.5
v 69.985 10 -9.667
v 56.63 10 -12.65
v 51.298 10 -3.5
v 49.075 10 -3.17
v 47.34 10 -8.367
v 41.013 10 -13.179
v 30.509 10 -9.8
v 27.857 10 -37.569
v 32.338 10 -46.455
v 45.815 10 -58.3
v 33.663 10 -50.324
v 17.39 10 -50.25
v 8.97 10 -52.752
v 31.21 10 -62.83
v 15.066 10 -61.482
v 26.76 10 -68.29
v 22.021 10 -79.465
v 30.453 10 -74.23
v 48.21 10 -62.62
v 50.027 10 -77.582
v 38.482 10 -88.866
v 48.154 10 -81.618
v 53.013 10 -92.218
v 57.702 10 -83.57
v 69.32 10 -73.74
v 76.911 10 -75.995
v 78.544 10 -70.943
v 83.071 10 -61.01
v 86.6 10 -51.65
v 71.344 10 -37.689
v 69.93 10 -9.8
v 58.972 10 -13.875
v 49.024 10 -3.33
v 41.053 10 -13.376
v 30.641 10 -10.049
v 28.21 10 -37.658
v 32.544 10 -46.76
v 33.619 10 -50.347
v 17.149 10 -50.279
v 9.24 10 -52.57
v 35.44 10 -53.716
v 31.23 10 -62.891
v 15.492 10 -61.303
v 26.93 10 -68.166
v 30.513 10 -73.878
v 43.785 10 -63.21
v 50.218 10 -77.577
v 38.535 10 -88.476
v 49.288 10 -85.766
v 53.16 10 -92.018
v 56.5 10 -82.817
v 76.725 10 -75.701
v 78.359 10 -70.921
v 82.658 10 -60.98
v 85.729 10 -51.688
v 70.748 10 -37.908
v 68.924 10 -12.087
v 56.532 10 -12.757
v 47.362 10 -9.073
v 41.043 10 -13.571
v 30.838 10 -10.27
v 28.6 10 -37.78
v 32.743 10 -47.069
v 33.574 10 -50.369
v 16.907 10 -50.305
v 10.179 10 -52.157
v 35.544 10 -54.006
v 31.24 10 -62.95
v 15.95 10 -61.15
v 27.097 10 -68.037
v 22.035 10 -79.227
v 30.601 10 -73.554
v 48.683 10 -61.817
v 50.41 10 -77.567
v 38.612 10 -88.09
v 49.728 10 -85.717
v 53.29 10 -91.807
v 55.276 10 -82.135
v 68.646 10 -72.104
v 76.52 10 -75.4
v 78.174 10 -70.893
v 82.204 10 -60.97
v 84.861 10 -51.771
v 70.164 10 -38.157
v 69.837 10 -9.901
v 56.433 10 -12.863
v 52.803 10 -11.439
v 47.325 10 -9.779
v 40.98 10 -13.76
v 31.106 10 -10.471
v 29.402 10 -38.102
v 32.936 10 -47.383
v 33.53 10 -50.39
v 24.46 10 -51.78
v 35.656 10 -54.414
v 31.24 10 -63.011
v 17.055 10 -60.97
v 27.261 10 -67.906
v 22.053 10 -78.989
v 30.727 10 -73.225
v 43.255 10 -63.351
v 50.601 10 -77.553
v 38.711 10 -87.709
v 50.17 10 -85.72
v 53.402 10 -91.586
v 67.577 10 -70.505
v 76.08 10 -74.893
v 81.742 10 -60.98
v 83.999 10 -51.901
v 69.593 10 -38.435
v 66.797 10 -12.323
v 56.331 10 -12.966
v 53.014 10 -12.088
v 47.231 10 -10.479
v 45.159 10 -13.92
v 31.45 10 -10.66
v 30.209 10 -38.53
v 33.121 10 -47.702
v 33.485 10 -50.41
v 16.665 10 -50.329
v 16.18 10 -50.366
v 39.717 10 -60.765
v 31.23 10 -63.08
v 18.327 10 -61.007
v 27.422 10 -67.77
v 22.077 10 -78.752
v 30.9 10 -72.86
v 49.076 10 -61.235
v 50.791 10 -77.534
v 38.832 10 -87.334
v 48.038 10 -81.376
v 53.495 10 -91.356
v 54.137 10 -81.58
v 66.114 10 -68.946
v 75.62 10 -74.405
v 77.99 10 -70.86
v 81.306 10 -61.01
v 83.145 10 -52.075
v 69.037 10 -38.742
v 69.701 10 -9.999
v 56.226 10 -13.067
v 40.907 10 -13.883
v 31.655 10 -10.746
v 31.048 10 -39.084
v 35.095 10 -49.035
v 33.44 10 -50.43
v 16.423 10 -50.349
v 35.788 10 -54.968
v 31.202 10 -63.215
v 19.736 10 -61.252
v 27.581 10 -67.632
v 22.106 10 -78.516
v 31.208 10 -72.32
v 49.411 10 -60.856
v 43.72 10 -78.421
v 38.975 10 -86.968
v 50.383 10 -85.725
v 53.187 10 -81.207
v 64.26 10 -67.428
v 75.141 10 -73.937
v 77.504 10 -70.75
v 80.93 10 -61.06
v 82.302 10 -52.295
v 68.497 10 -39.076
v 65 10 -12.81
v 56.12 10 -13.166
v 53.285 10 -12.641
v 40.786 10 -13.939
v 31.861 10 -10.829
v 33.299 10 -48.024
v 33.024 10 -50.596
v 11.358 10 -51.873
v 35.95 10 -55.7
v 36.923 10 -62.929
v 27.736 10 -67.49
v 22.14 10 -78.28
v 29.95 10 -70.71
v 42.535 10 -63.62
v 50.982 10 -77.51
v 39.14 10 -86.61
v 50.566 10 -85.738
v 53.57 10 -91.12
v 52.53 10 -81.07
v 74.642 10 -73.488
v 77.071 10 -70.626
v 80.328 10 -61.193
v 81.471 10 -52.559
v 67.974 10 -39.437
v 64.343 10 -13.124
v 59.06 10 -13.899
v 53.62 10 -13.102
v 24.049 10 -12.654
v 39.481 10 -45.418
v 33.47 10 -48.35
v 32.604 10 -50.753
v 12.703 10 -51.721
v 36.194 10 -56.902
v 36.947 10 -62.928
v 30.794 10 -63.44
v 22.288 10 -72.654
v 22.458 10 -77.236
v 31.537 10 -71.792
v 49.711 10 -60.661
v 50.728 10 -85.759
v 53.672 10 -90.638
v 52.401 10 -81.08
v 62.018 10 -65.952
v 74.125 10 -73.061
v 76.666 10 -70.479
v 79.731 10 -61.346
v 80.655 10 -52.866
v 67.471 10 -39.824
v 63.699 10 -13.465
v 56.012 10 -13.262
v 54.02 10 -13.474
v 32.069 10 -10.908
v 39.62 10 -45.543
v 33.712 10 -48.842
v 32.182 10 -50.901
v 36.456 10 -58.229
v 31.172 10 -63.314
v 21.249 10 -61.7
v 22.93 10 -76.236
v 31.886 10 -71.276
v 39.386 10 -86.223
v 50.874 10 -85.785
v 53.728 10 -90.111
v 52.269 10 -81.117
v 73.591 10 -72.655
v 76.266 10 -70.301
v 79.14 10 -61.52
v 79.857 10 -53.216
v 66.987 10 -40.236
v 69.51 10 -10.095
v 55.901 10 -13.356
v 54.49 10 -13.76
v 24.663 10 -12.522
v 39.763 10 -45.664
v 35.194 10 -49.07
v 31.756 10 -51.04
v 36.715 10 -59.576
v 36.97 10 -62.927
v 22.834 10 -62.341
v 27.888 10 -67.344
v 23.565 10 -75.269
v 32.254 10 -70.775
v 39.683 10 -85.815
v 51.012 10 -85.816
v 53.739 10 -89.566
v 52.141 10 -81.171
v 69.942 10 -70.822
v 73.041 10 -72.271
v 75.845 10 -70.084
v 78.556 10 -61.714
v 79.078 10 -53.607
v 66.525 10 -40.672
v 55.789 10 -13.448
v 54.554 10 -13.791
v 25.277 10 -12.397
v 39.91 10 -45.779
v 31.327 10 -51.17
v 24.941 10 -51.83
v 39.821 10 -60.836
v 31.136 10 -63.381
v 24.46 10 -63.17
v 32.641 10 -70.288
v 40.015 10 -85.404
v 51.15 10 -85.85
v 53.706 10 -89.033
v 52.024 10 -81.237
v 69.96 10 -70.771
v 72.476 10 -71.911
v 75.38 10 -69.82
v 77.978 10 -61.929
v 78.321 10 -54.039
v 66.086 10 -41.13
v 63.069 10 -13.831
v 55.674 10 -13.537
v 47.079 10 -11.169
v 31.948 10 -39.784
v 35.316 10 -49.085
v 30.895 10 -51.29
v 25.59 10 -51.861
v 36.954 10 -60.841
v 36.994 10 -62.925
v 30.93 10 -63.45
v 28.037 10 -67.196
v 29.672 10 -70.724
v 40.367 10 -85.009
v 51.416 10 -85.945
v 53.629 10 -88.538
v 69.988 10 -70.741
v 71.896 10 -71.574
v 74.622 10 -69.327
v 77.408 10 -62.163
v 77.587 10 -54.511
v 65.67 10 -41.61
v 55.558 10 -13.624
v 54.621 10 -13.817
v 25.893 10 -12.281
v 32.939 10 -40.649
v 35.46 10 -49.08
v 30.461 10 -51.4
v 26.326 10 -51.874
v 39.962 10 -60.871
v 31.088 10 -63.423
v 25.305 10 -63.682
v 28.183 10 -67.044
v 33.047 10 -69.816
v 40.724 10 -84.648
v 51.673 10 -86.059
v 70.027 10 -70.724
v 71.303 10 -71.261
v 73.826 10 -68.768
v 76.847 10 -62.417
v 76.88 10 -55.02
v 64.989 10 -42.507
v 62.454 10 -14.223
v 55.44 10 -13.708
v 46.872 10 -11.844
v 26.511 10 -12.171
v 40.06 10 -45.89
v 30.025 10 -51.501
v 40.15 10 -60.88
v 31.021 10 -63.444
v 26.156 10 -64.243
v 28.325 10 -66.889
v 33.47 10 -69.36
v 41.07 10 -84.34
v 51.922 10 -86.193
v 53.51 10 -88.11
v 70.08 10 -70.71
v 70.697 10 -70.973
v 73.052 10 -68.189
v 76.294 10 -62.69
v 76.447 10 -55.339
v 61.856 10 -14.638
v 55.32 10 -13.79
v 54.689 10 -13.839
v 27.13 10 -12.07
v 34.05 10 -41.7
v 35.654 10 -49.042
v 29.586 10 -51.593
v 27.07 10 -51.869
v 37.156 10 -61.921
v 37.017 10 -62.923
v 28.464 10 -66.731
v 29.231 10 -70.873
v 42.112 10 -83.589
v 52.159 10 -86.346
v 53.404 10 -87.849
v 75.752 10 -62.983
v 76.017 10 -55.665
v 64.205 10 -43.683
v 61.275 10 -15.078
v 55.253 10 -13.816
v 46.61 10 -12.5
v 27.794 10 -12.005
v 35.846 10 -48.995
v 29.146 10 -51.675
v 27.742 10 -51.847
v 40.275 10 -60.86
v 28.6 10 -66.57
v 33.911 10 -68.92
v 52.384 10 -86.517
v 53.278 10 -87.596
v 75.22 10 -63.294
v 75.593 10 -55.995
v 63.419 10 -44.966
v 60.712 10 -15.54
v 55.185 10 -13.838
v 54.759 10 -13.855
v 28.58 10 -11.962
v 36.037 10 -48.942
v 28.704 10 -51.747
v 28.26 10 -51.81
v 40.398 10 -60.833
v 37.041 10 -62.921
v 24.373 10 -74.324
v 34.367 10 -68.498
v 51.171 10 -77.482
v 52.595 10 -86.704
v 53.134 10 -87.354
v 59.39 10 -64.52
v 75.173 10 -56.332
v 62.731 10 -46.183
v 60.168 10 -16.025
v 55.115 10 -13.854
v 46.576 10 -12.574
v 29.421 10 -11.942
v 36.232 10 -44.389
v 36.225 10 -48.88
v 37.34 10 -51.955
v 40.52 10 -60.799
v 37.064 10 -62.918
v 25.365 10 -73.392
v 34.84 10 -68.093
v 51.36 10 -77.45
v 52.791 10 -86.906
v 52.971 10 -87.124
v 58.439 10 -64.051
v 74.699 10 -63.623
v 74.757 10 -56.674
v 62.245 10 -47.162
v 59.644 10 -16.531
v 55.045 10 -13.865
v 46.54 10 -12.647
v 30.25 10 -11.948
v 36.425 10 -44.699
v 36.41 10 -48.811
v 37.514 10 -51.853
v 37.3 10 -62.71
v 26.958 10 -64.814
v 26.55 10 -72.46
v 28.663 10 -71.139
v 51.785 10 -77.343
v 57.634 10 -63.681
v 74.19 10 -63.97
v 74.346 10 -57.022
v 62.06 10 -47.73
v 59.141 10 -17.058
v 59.178 10 -13.9
v 54.83 10 -13.865
v 30.999 10 -11.98
v 36.611 10 -45.013
v 36.592 10 -48.735
v 37.724 10 -51.749
v 40.639 10 -60.758
v 37.087 10 -62.915
v 28.625 10 -66.504
v 35.328 10 -67.707
v 52.199 10 -77.197
v 56.974 10 -63.41
v 73.433 10 -64.493
v 73.939 10 -57.375
v 62.07 10 -47.806
v 58.659 10 -17.604
v 54.973 10 -13.87
v 46.501 10 -12.718
v 31.6 10 -12.04
v 36.792 10 -45.33
v 36.772 10 -48.651
v 37.959 10 -51.647
v 40.756 10 -60.71
v 37.111 10 -62.912
v 27.287 10 -71.951
v 35.83 10 -67.34
v 52.598 10 -77.015
v 56.456 10 -63.236
v 72.742 10 -65.005
v 73.538 10 -57.733
v 62.104 10 -47.885
v 58.2 10 -18.17
v 54.902 10 -13.871
v 46.46 10 -12.789
v 32.074 10 -12.102
v 36.966 10 -45.651
v 36.947 10 -48.561
v 38.211 10 -51.553
v 40.87 10 -60.656
v 37.134 10 -62.908
v 28.003 10 -71.504
v 36.531 10 -66.857
v 52.979 10 -76.797
v 47.84 10 -81.2
v 72.361 10 -67.636
v 72.15 10 -65.48
v 73.141 10 -58.097
v 62.162 10 -47.971
v 57.787 10 -18.689
v 46.417 10 -12.858
v 32.546 10 -12.18
v 37.134 10 -45.975
v 37.119 10 -48.463
v 38.47 10 -51.47
v 40.98 10 -60.595
v 37.157 10 -62.904
v 28.638 10 -66.45
v 37.259 10 -66.384
v 43.361 10 -82.824
v 51.841 10 -82.329
v 71.81 10 -67.154
v 71.688 10 -65.891
v 72.749 10 -58.466
v 60.177 10 -45.621
v 57.455 10 -19.136
v 46.372 10 -12.926
v 33.015 10 -12.276
v 40.157 10 -45.891
v 37.287 10 -48.359
v 38.628 10 -51.445
v 37.31 10 -62.773
v 37.18 10 -62.9
v 38.021 10 -65.919
v 44.675 10 -82.12
v 47.56 10 -81.1
v 71.46 10 -66.79
v 71.387 10 -66.214
v 60.044 10 -45.742
v 57.182 10 -19.541
v 46.325 10 -12.992
v 37.296 10 -46.302
v 37.451 10 -48.248
v 37.309 10 -62.817
v 27.658 10 -65.357
v 45.909 10 -81.549
v 51.757 10 -81.954
v 71.438 10 -66.763
v 71.28 10 -66.42
v 62.25 10 -48.069
v 56.948 10 -19.934
v 46.276 10 -13.057
v 40.589 10 -13.92
v 37.452 10 -46.632
v 37.61 10 -48.13
v 38.787 10 -51.432
v 37.296 10 -62.846
v 28.203 10 -65.836
v 28.638 10 -66.401
v 46.918 10 -81.184
v 51.76 10 -81.632
v 71.418 10 -66.735
v 71.288 10 -66.454
v 70.391 10 -60.809
v 59.91 10 -45.86
v 56.731 10 -20.343
v 46.225 10 -13.12
v 33.48 10 -12.389
v 40.275 10 -45.862
v 37.724 10 -48.025
v 38.94 10 -51.432
v 37.271 10 -62.866
v 28.54 10 -66.21
v 28.622 10 -66.35
v 53.339 10 -76.546
v 51.85 10 -81.37
v 71.399 10 -66.706
v 71.297 10 -66.487
v 69.725 10 -61.518
v 62.368 10 -48.18
v 56.51 10 -20.8
v 46.172 10 -13.182
v 33.94 10 -12.519
v 37.601 10 -46.966
v 37.8 10 -47.943
v 39.08 10 -51.448
v 37.233 10 -62.882
v 28.59 10 -66.289
v 51.925 10 -81.305
v 71.38 10 -66.677
v 71.308 10 -66.52
v 69.193 10 -62.121
v 59.823 10 -45.894
v 59.776 10 -13.747
v 46.117 10 -13.242
v 34.396 10 -12.665
v 37.744 10 -47.301
v 37.846 10 -47.874
v 39.199 10 -51.48
v 38.824 10 -65.456
v 71.363 10 -66.647
v 71.32 10 -66.553
v 77.335 10 -51.348
v 59.735 10 -45.904
v 59.665 10 -13.784
v 34.845 10 -12.828
v 40.423 10 -45.795
v 37.87 10 -47.807
v 39.29 10 -51.53
v 53.674 10 -76.263
v 71.348 10 -66.616
v 71.333 10 -66.584
v 68.829 10 -62.584
v 59.639 10 -45.886
v 59.554 10 -13.819
v 46.06 10 -13.3
v 35.289 10 -13.007
v 37.88 10 -47.64
v 37.879 10 -47.733
v 53.983 10 -75.951
v 69.056 10 -63.463
v 76.54 10 -51.567
v 62.52 10 -48.31
v 59.443 10 -13.851
v 45.842 10 -13.519
v 35.726 10 -13.202
v 40.608 10 -45.685
v 45.209 10 -57.377
v 54.261 10 -75.613
v 75.734 10 -51.741
v 59.525 10 -45.836
v 55.798 10 -22.449
v 45.646 10 -13.689
v 36.155 10 -13.413
v 40.841 10 -45.525
v 39.475 10 -51.714
v 41.087 10 -60.527
v 54.509 10 -75.25
v 56.079 10 -63.156
v 74.92 10 -51.87
v 59.385 10 -45.748
v 59.33 10 -13.88
v 45.469 10 -13.811
v 36.577 10 -13.639
v 45.394 10 -57.755
v 41.19 10 -60.454
v 54.722 10 -74.867
v 68.891 10 -63.449
v 59.21 10 -45.62
v 41.13 10 -45.31
v 45.558 10 -58.046
v 68.773 10 -63.362
v 58.743 10 -45.264
v 36.99 10 -13.88
v 41.515 10 -44.983
v 45.693 10 -58.234
v 39.675 10 -64.991
v 68.7 10 -63.2
v 55.19 10 -24.035
v 37.619 10 -14.289
v 41.898 10 -44.652
v 39.673 10 -52.054
v 40.58 10 -64.52
v 68.692 10 -63.173
v 54.684 10 -25.571
v 42.277 10 -44.318
v 39.903 10 -52.604
v 41.639 10 -64.012
v 68.685 10 -63.146
v 54.277 10 -27.072
v 38.171 10 -14.669
v 42.654 10 -43.982
v 40.184 10 -53.42
v 55.216 10 -73.521
v 68.679 10 -63.119
v 53.966 10 -28.55
v 38.667 10 -15.034
v 43.029 10 -43.642
v 40.537 10 -54.557
v 55.281 10 -73.25
v 68.674 10 -63.092
v 53.75 10 -30.02
v 39.129 10 -15.401
v 43.4 10 -43.299
v 40.98 10 -56.07
v 55.331 10 -72.975
v 68.67 10 -63.064
v 53.657 10 -30.829
v 45.307 10 -13.887
v 43.769 10 -42.953
v 45.79 10 -58.3
v 55.365 10 -72.699
v 68.667 10 -63.037
v 53.583 10 -31.679
v 39.576 10 -15.788
v 44.135 10 -42.604
v 41.249 10 -56.995
v 55.383 10 -72.42
v 68.665 10 -63.009
v 53.525 10 -32.645
v 40.03 10 -16.21
v 44.498 10 -42.253
v 41.453 10 -57.739
v 59.77 10 -60.873
v 55.385 10 -72.141
v 68.664 10 -62.981
v 53.477 10 -33.804
v 41.376 10 -17.695
v 44.858 10 -41.898
v 59.833 10 -60.86
v 55.371 10 -71.863
v 68.664 10 -62.953
v 59.891 10 -60.838
v 55.342 10 -71.586
v 68.665 10 -62.925
v 42.602 10 -19.296
v 59.947 10 -60.804
v 68.667 10 -62.898
v 43.674 10 -20.96
v 44.806 10 -47.475
v 60.002 10 -60.755
v 55.297 10 -71.31
v 68.67 10 -62.87
v 44.558 10 -22.634
v 44.941 10 -47.386
v 54.227 10 -58.238
v 60.06 10 -60.69
v 45.079 10 -47.3
v 54.366 10 -58.059
v 60.15 10 -60.578
v 45.221 10 -24.265
v 45.219 10 -47.216
v 54.531 10 -57.774
v 60.235 10 -60.437
v 54.918 10 -69.937
v 45.63 10 -25.8
v 45.36 10 -47.136
v 54.717 10 -57.395
v 60.321 10 -60.244
v 54.788 10 -69.524
v 45.779 10 -26.601
v 45.503 10 -47.059
v 54.652 10 -69.112
v 45.915 10 -27.492
v 45.647 10 -46.984
v 54.51 10 -68.703
v 46.037 10 -28.455
v 45.793 10 -46.913
v 62.97 10 -52.33
v 54.362 10 -68.295
v 46.145 10 -29.471
v 45.941 10 -46.845
v 58.568 10 -57.527
v 54.208 10 -67.89
v 46.236 10 -30.522
v 58.81 10 -56.62
v 63.779 10 -56.62
v 54.048 10 -67.487
v 46.31 10 -31.59
v 59.189 10 -55.256
v 63.989 10 -55.606
v 53.882 10 -67.086
v 46.35 10 -32.411
v 46.49 10 -37.35
v 59.528 10 -54.103
v 64.171 10 -54.796
v 53.711 10 -66.688
v 46.383 10 -33.159
v 46.462 10 -35.929
v 59.826 10 -53.156
v 64.325 10 -54.186
v 46.411 10 -33.93
v 46.437 10 -34.821
v 60.086 10 -52.414
v 62.88 10 -52.18
v 55.01 10 -41.82
v 60.307 10 -51.873
v 64.45 10 -53.77
v 52.183 10 -63.494
v 56.077 10 -42.843
v 53.839 10 -46.796
v 60.49 10 -51.53
v 64.528 10 -53.609
v 56.943 10 -43.665
v 54.035 10 -46.891
v 60.554 10 -51.454
v 64.61 10 -53.467
v 55.752 10 -63.236
v 57.65 10 -44.32
v 54.318 10 -47.05
v 60.606 10 -51.404
v 62.758 10 -52.087
v 55.84 10 -63.17
v 60.656 10 -51.376
v 64.695 10 -53.349
v 58.237 10 -44.841
v 64.78 10 -53.256
v 60.717 10 -51.366
v 62.568 10 -51.974
v 57.248 10 -48.945
v 64.862 10 -53.192
v 63.13 10 -62.849
v 60.801 10 -51.368
v 64.94 10 -53.16
v 63.433 10 -62.686
v 60.92 10 -51.38
v 62.329 10 -51.851
v 63.836 10 -62.395
v 66.654 10 -50.516
v 56.754 10 -48.609
v 65.067 10 -53.143
v 67.371 10 -50.793
v 56.209 10 -48.245
v 68.098 10 -51.04
v 61.53 10 -51.53
v 62.062 10 -51.73
v 72.617 10 -54.885
v 68.835 10 -51.257
v 55.669 10 -47.89
v 54.699 10 -47.278
v 55.19 10 -47.58
v 61.789 10 -51.619
v 72.714 10 -54.203
v 73.021 10 -54.42
v 69.58 10 -51.443
v 70.332 10 -51.598
v 73.031 10 -54.388
v 71.09 10 -51.723
v 73.029 10 -54.36
v 71.852 10 -51.815
v 73.015 10 -54.338
v 72.617 10 -51.876
v 72.99 10 -54.32
v 73.385 10 -51.906
v 72.893 10 -54.258
v 74.153 10 -51.904
f 1 2 3
f 4 5 6
f 7 8 9
f 10 7 11
f 12 10 13
f 14 15 16
f 17 18 19
f 20 17 21
f 22 20 23
f 24 22 25
f 26 24 27
f 28 26 29
f 30 28 31
f 2 32 3
f 33 34 35
f 36 37 38
f 39 40 41
f 42 43 44
f 45 42 46
f 47 45 48
f 49 47 50
f 51 52 53
f 54 51 55
f 56 54 57
f 58 56 59
f 60 58 61
f 62 60 63
f 64 62 65
f 66 64 67
f 68 66 69
f 70 68 71
f 72 70 73
f 74 72 75
f 76 74 77
f 78 76 79
f 80 78 81
f 82 80 83
f 84 85 86
f 87 84 88
f 89 87 90
f 91 89 92
f 93 91 94
f 95 93 96
f 97 95 98
f 95 99 98
f 100 95 101
f 102 100 103
f 104 102 105
f 106 104 107
f 108 106 109
f 110 108 111
f 112 110 113
f 114 112 115
f 116 114 117
f 118 116 119
f 120 118 121
f 122 120 123
f 124 122 125
f 126 124 127
f 128 126 129
f 130 128 131
f 132 130 133
f 134 132 135
f 136 137 138
f 139 136 140
f 141 139 142
f 143 141 144
f 145 143 146
f 147 145 148
f 149 147 150
f 151 149 152
f 153 151 154
f 155 153 156
f 157 155 158
f 159 157 160
f 161 159 162
f 163 161 164
f 165 163 166
f 167 168 169
f 170 167 171
f 172 170 173
f 174 172 175
f 176 174 177
f 178 176 179
f 180 178 181
f 182 180 183
f 184 185 186
f 187 184 188
f 189 187 190
f 191 189 192
f 193 191 194
f 195 193 196
f 197 195 198
f 199 197 200
f 201 199 202
f 203 201 204
f 205 203 206
f 207 205 208
f 209 207 210
f 211 209 212
f 213 211 214
f 215 216 217
f 218 219 220
f 221 218 222
f 223 221 224
f 225 223 226
f 227 225 228
f 229 227 230
f 231 229 232
f 233 231 234
f 235 233 236
f 237 235 238
f 239 237 240
f 241 239 242
f 243 241 244
f 245 243 246
f 247 245 248
f 249 247 250
f 251 249 252
f 253 251 254
f 255 253 256
f 257 255 258
f 259 257 260
f 261 259 262
f 263 261 264
f 265 263 266
f 267 268 269
f 270 267 271
f 272 270 273
f 274 272 275
f 276 274 277
f 278 276 279
f 280 278 281
f 282 280 283
f 284 282 285
f 286 284 287
f 288 286 289
f 290 288 291
f 292 290 293
f 294 292 295
f 296 294 297
f 298 296 299
f 300 298 301
f 302 300 303
f 304 305 306
f 307 304 308
f 309 307 310
f 311 309 312
f 313 311 314
f 315 313 316
f 317 315 318
f 319 317 320
f 321 319 322
f 323 321 324
f 325 323 326
f 327 325 328
f 329 327 330
f 331 329 332
f 333 331 334
f 335 333 336
f 337 335 338
f 339 337 340
f 341 339 342
f 343 341 344
f 345 343 346
f 347 345 348
f 349 347 350
f 351 349 352
f 353 351 354
f 355 353 356
f 357 358 359
f 360 361 362
f 363 360 364
f 365 363 366
f 367 365 368
f 369 367 370
f 371 369 372
f 373 371 374
f 375 373 376
f 377 375 378
f 379 377 380
f 381 379 382
f 383 381 384
f 385 383 386
f 387 385 388
f 389 387 390
f 391 389 392
f 393 394 395
f 396 393 397
f 398 396 399
f 400 398 401
f 402 400 403
f 404 402 405
f 406 404 407
f 408 409 410
f 411 408 412
f 413 411 414
f 415 413 416
f 417 415 418
f 419 417 420
f 421 419 422
f 423 421 424
f 425 423 426
f 427 425 428
f 429 430 431
f 432 429 433
f 434 432 435
f 436 434 437
f 438 436 439
f 440 438 441
f 442 440 443
f 444 442 445
f 446 444 447
f 448 446 449
f 450 448 451
f 452 450 453
f 454 452 455
f 456 454 457
f 458 456 459
f 460 458 461
f 462 460 463
f 464 462 465
f 466 464 467
f 468 466 469
f 470 468 471
f 472 470 473
f 474 475 476
f 477 478 479
f 480 477 481
f 482 480 483
f 484 482 485
f 486 484 487
f 488 486 489
f 490 488 491
f 492 490 493
f 494 492 495
f 496 494 497
f 498 496 499
f 500 498 501
f 502 500 503
f 504 502 505
f 506 504 507
f 508 509 510
f 511 508 512
f 513 511 514
f 515 513 516
f 517 515 518
f 519 517 520
f 521 519 522
f 523 524 525
f 526 523 527
f 528 526 529
f 530 528 531
f 532 530 533
f 534 532 535
f 536 534 537
f 538 536 539
f 540 538 541
f 542 540 543
f 544 542 545
f 546 544 547
f 548 546 549
f 550 548 551
f 552 550 553
f 554 555 556
f 557 554 558
f 559 557 560
f 561 559 562
f 563 564 565
f 566 563 567
f 568 566 569
f 570 568 571
f 572 573 574
f 575 572 576
f 577 575 578
f 579 580 581
f 582 579 583
f 584 582 585
f 586 584 587
f 588 586 589
f 590 588 591
f 592 590 593
f 594 592 595
f 596 594 597
f 598 596 599
f 600 601 602
f 603 600 604
f 605 603 606
f 607 605 608
f 609 610 611
f 612 609 613
f 614 612 615
f 616 614 617
f 618 616 619
f 620 618 621
f 622 620 623
f 624 622 625
f 626 624 627
f 628 626 629
f 630 631 632
f 633 630 634
f 635 633 636
f 637 635 638
f 639 637 640
f 641 639 642
f 643 641 644
f 645 643 646
f 647 645 648
f 649 647 650
f 651 652 653
f 654 651 655
f 656 654 657
f 658 659 660
f 661 658 662
f 663 661 664
f 665 663 666
f 667 665 668
f 669 667 670
f 671 669 672
f 673 671 674
f 675 673 676
f 677 675 678
f 679 677 680
f 681 679 682
f 683 681 684
f 685 683 686
f 687 685 688
f 689 687 690
f 691 689 692
f 693 691 694
f 695 693 696
f 697 698 699
f 700 701 702
f 703 700 704
f 705 703 706
f 707 705 708
f 709 707 710
f 711 709 712
f 713 711 714
f 715 713 716
f 717 715 718
f 719 717 720
f 721 719 722
f 723 721 724
f 725 723 726
f 727 725 728
f 729 727 730
f 731 729 732
f 733 731 734
f 735 733 736
f 737 735 738
f 739 737 740
f 741 739 742
f 743 744 745
f 746 747 748
f 749 746 750
f 751 749 752
f 753 751 754
f 755 753 756
f 757 755 758
f 759 757 760
f 761 759 762
f 763 764 765
f 766 767 768
f 769 770 771
f 772 773 774
f 775 776 777
f 778 779 780
f 781 778 782
f 783 781 784
f 785 783 786
f 787 785 788
f 789 787 790
f 774 791 772
f 792 793 794
f 795 796 797
f 798 799 800
f 801 798 802
f 803 801 804
f 805 803 806
f 807 805 808
f 809 807 810
f 764 811 765
f 812 813 814
f 815 812 816
f 817 815 818
f 819 817 820
f 821 819 822
f 823 821 824
f 825 823 826
f 827 825 828
f 829 827 830
f 831 832 833
f 834 831 835
f 836 834 837
f 838 836 839
f 840 838 841
f 842 840 843
f 844 842 845
f 846 844 847
f 848 846 849
f 850 848 851
f 852 850 853
f 854 852 855
f 856 854 857
f 858 856 859
f 860 858 861
f 862 860 863
f 864 862 865
f 866 864 867
f 868 866 869
f 870 868 871
f 872 870 873
f 874 875 876
f 877 878 879
f 880 881 882
f 883 880 884
f 885 883 886
f 887 885 888
f 889 887 890
f 891 889 892
f 879 893 877
f 894 895 896
f 897 894 898
f 899 897 900
f 901 899 902
f 903 901 904
f 905 903 906
f 907 905 908
f 874 909 910
f 911 874 876
f 912 913 914
f 915 916 917
f 918 915 919
f 920 918 921
f 922 920 923
f 924 922 925
f 926 924 927
f 928 929 930
f 931 932 933
f 934 931 935
f 936 934 937
f 938 936 939
f 940 938 941
f 942 940 943
f 914 944 912
f 945 946 947
f 948 945 949
f 950 948 951
f 952 950 953
f 954 952 955
f 956 954 957
f 958 959 960
f 961 958 962
f 963 961 964
f 965 963 966
f 967 965 968
f 969 967 970
f 971 969 972
f 973 971 974
f 975 973 976
f 977 975 978
f 979 977 980
f 981 979 982
f 983 981 984
f 985 983 986
f 987 985 988
f 989 987 990
f 991 989 992
f 993 991 994
f 995 993 996
f 997 995 998
f 999 997 1000
f 1001 1002 1003
f 1004 1001 1005
f 1006 1004 1007
f 1008 1006 1009
f 1010 1008 1011
f 1012 1010 1013
f 1014 1012 1015
f 1016 1014 1017
f 1018 1016 1019
f 1020 1018 1021
f 1022 1020 1023
f 1024 1022 1025
f 1026 1024 1027
f 1028 1029 1030
f 1031 1028 1032
f 1033 1031 1034
f 1035 1033 1036
f 1037 1035 1038
f 1039 1037 1040
f 1041 1039 1042
f 1043 1041 1044
f 1045 1043 1046
f 1047 1045 1048
f 1049 1047 1050
f 1051 1049 1052
f 1053 1051 1054
f 1055 1053 1056
f 1057 1055 1058
f 1059 1057 1060
f 1061 1059 1062
f 1063 1061 1064
f 1065 1063 1066
f 1067 1065 1068
f 1069 1067 1070
f 1071 1072 1073
f 1074 1071 1075
f 1076 1074 1077
f 1078 1076 1079
f 1080 1078 1081
f 1082 1080 1083
f 1084 1082 1085
f 1086 1084 1087
f 1088 1086 1089
f 1090 1088 1091
f 1092 1093 1094
f 1095 1092 1096
f 42 1095 1097
f 1098 42 44
f 1 1099 2
f 10 8 7
f 1100 10 12
f 20 18 17
f 24 20 22
f 28 24 26
f 2 1101 32
f 42 1102 43
f 47 42 45
f 1103 47 49
f 54 52 51
f 58 54 56
f 62 58 60
f 66 62 64
f 70 66 68
f 74 70 72
f 78 74 76
f 82 78 80
f 87 85 84
f 91 87 89
f 95 91 93
f 1104 95 97
f 95 1105 99
f 102 95 100
f 106 102 104
f 110 106 108
f 114 110 112
f 118 114 116
f 122 118 120
f 126 122 124
f 130 126 128
f 134 130 132
f 136 1106 137
f 141 136 139
f 145 141 143
f 149 145 147
f 153 149 151
f 157 153 155
f 161 157 159
f 165 161 163
f 167 165 168
f 172 167 170
f 176 172 174
f 180 176 178
f 184 1107 185
f 189 184 187
f 193 189 191
f 197 193 195
f 201 197 199
f 205 201 203
f 209 205 207
f 213 209 211
f 221 219 218
f 225 221 223
f 229 225 227
f 233 229 231
f 237 233 235
f 241 237 239
f 245 241 243
f 249 245 247
f 253 249 251
f 257 253 255
f 261 257 259
f 265 261 263
f 270 268 267
f 274 270 272
f 278 274 276
f 282 278 280
f 286 282 284
f 290 286 288
f 294 290 292
f 298 294 296
f 302 298 300
f 307 305 304
f 311 307 309
f 315 311 313
f 319 315 317
f 323 319 321
f 327 323 325
f 331 327 329
f 335 331 333
f 339 335 337
f 343 339 341
f 347 343 345
f 351 347 349
f 355 351 353
f 363 361 360
f 367 363 365
f 371 367 369
f 375 371 373
f 379 375 377
f 383 379 381
f 387 383 385
f 391 387 389
f 396 394 393
f 400 396 398
f 404 400 402
f 408 1108 409
f 415 411 413
f 419 415 417
f 423 419 421
f 427 423 425
f 432 430 429
f 436 432 434
f 440 436 438
f 444 440 442
f 448 444 446
f 452 448 450
f 456 452 454
f 460 456 458
f 464 460 462
f 468 464 466
f 472 468 470
f 1109 475 474
f 480 478 477
f 484 480 482
f 488 484 486
f 492 488 490
f 496 492 494
f 500 496 498
f 504 500 502
f 1110 504 506
f 511 509 508
f 515 511 513
f 519 515 517
f 1111 519 521
f 526 524 523
f 530 526 528
f 534 530 532
f 538 534 536
f 542 538 540
f 546 542 544
f 550 546 548
f 1112 550 552
f 557 555 554
f 561 557 559
f 566 564 563
f 570 566 568
f 572 570 573
f 577 572 575
f 582 580 579
f 586 582 584
f 590 586 588
f 594 590 592
f 598 594 596
f 603 601 600
f 607 603 605
f 612 610 609
f 616 612 614
f 620 616 618
f 624 620 622
f 628 624 626
f 633 631 630
f 637 633 635
f 641 637 639
f 645 641 643
f 649 645 647
f 651 1113 652
f 656 651 654
f 658 1114 659
f 663 658 661
f 667 663 665
f 671 667 669
f 675 671 673
f 679 675 677
f 683 679 681
f 687 683 685
f 691 687 689
f 695 691 693
f 700 1115 701
f 705 700 703
f 709 705 707
f 713 709 711
f 717 713 715
f 721 717 719
f 725 721 723
f 729 725 727
f 733 729 731
f 737 733 735
f 741 737 739
f 749 747 746
f 753 749 751
f 757 753 755
f 761 757 759
f 1116 764 763
f 769 1117 770
f 772 1118 773
f 781 779 778
f 785 781 783
f 789 785 787
f 774 1119 791
f 1120 796 795
f 801 799 798
f 805 801 803
f 809 805 807
f 764 1121 811
f 815 813 812
f 819 815 817
f 823 819 821
f 827 823 825
f 1122 827 829
f 834 832 831
f 838 834 836
f 842 838 840
f 846 842 844
f 850 846 848
f 854 850 852
f 858 854 856
f 862 858 860
f 866 862 864
f 870 866 868
f 1123 870 872
f 874 1124 875
f 877 1125 878
f 883 881 880
f 887 883 885
f 891 887 889
f 879 1126 893
f 897 895 894
f 901 897 899
f 905 901 903
f 1127 905 907
f 911 909 874
f 912 911 913
f 918 916 915
f 922 918 920
f 926 922 924
f 931 1128 932
f 936 931 934
f 940 936 938
f 914 1129 944
f 948 946 945
f 952 948 950
f 956 952 954
f 961 959 958
f 965 961 963
f 969 965 967
f 973 969 971
f 977 973 975
f 981 977 979
f 985 981 983
f 989 985 987
f 993 989 991
f 997 993 995
f 1004 1002 1001
f 1008 1004 1006
f 1012 1008 1010
f 1016 1012 1014
f 1020 1016 1018
f 1024 1020 1022
f 1130 1024 1026
f 1031 1029 1028
f 1035 1031 1033
f 1039 1035 1037
f 1043 1039 1041
f 1047 1043 1045
f 1051 1047 1049
f 1055 1051 1053
f 1059 1055 1057
f 1063 1059 1061
f 1067 1063 1065
f 1131 1067 1069
f 1074 1072 1071
f 1078 1074 1076
f 1084 1080 1082
f 1088 1084 1086
f 1132 1088 1090
f 1092 1133 1093
f 42 1092 1095
f 1134 42 1098
f 1 1135 1099
f 10 1136 8
f 1137 10 1100
f 24 18 20
f 30 24 28
f 2 1138 1101
f 42 1139 1102
f 1103 42 47
f 58 52 54
f 66 58 62
f 74 66 70
f 82 74 78
f 87 1140 85
f 95 87 91
f 1141 95 1104
f 95 1142 1105
f 106 95 102
f 114 106 110
f 122 114 118
f 130 122 126
f 1143 130 134
f 141 1106 136
f 149 141 145
f 157 149 153
f 165 157 161
f 176 167 172
f 182 176 180
f 189 1107 184
f 197 189 193
f 205 197 201
f 213 205 209
f 225 219 221
f 233 225 229
f 241 233 237
f 249 241 245
f 257 249 253
f 265 257 261
f 274 268 270
f 282 274 278
f 290 282 286
f 298 290 294
f 307 1144 305
f 315 307 311
f 323 315 319
f 331 323 327
f 339 331 335
f 347 339 343
f 355 347 351
f 363 1145 361
f 371 363 367
f 379 371 375
f 387 379 383
f 1146 387 391
f 400 394 396
f 406 400 404
f 411 1108 408
f 419 411 415
f 427 419 423
f 432 1147 430
f 440 432 436
f 448 440 444
f 456 448 452
f 464 456 460
f 472 464 468
f 484 478 480
f 492 484 488
f 500 492 496
f 1110 500 504
f 515 509 511
f 1111 515 519
f 526 1148 524
f 534 526 530
f 542 534 538
f 550 542 546
f 1149 550 1112
f 557 1150 555
f 1151 557 561
f 566 1152 564
f 572 566 570
f 582 1153 580
f 590 582 586
f 598 590 594
f 603 1154 601
f 1155 603 607
f 616 610 612
f 624 616 620
f 1156 624 628
f 633 1157 631
f 641 633 637
f 649 641 645
f 656 1113 651
f 658 1158 1114
f 667 658 663
f 675 667 671
f 683 675 679
f 691 683 687
f 1159 691 695
f 705 1115 700
f 713 705 709
f 721 713 717
f 729 721 725
f 737 729 733
f 1160 737 741
f 753 747 749
f 1161 757 761
f 767 764 1116
f 1162 1117 769
f 772 1163 1118
f 785 779 781
f 774 1164 1119
f 805 799 801
f 1165 805 809
f 764 1166 1121
f 819 813 815
f 827 819 823
f 834 1167 832
f 842 834 838
f 850 842 846
f 858 850 854
f 866 858 862
f 1123 866 870
f 1168 1124 874
f 877 1169 1125
f 887 881 883
f 1170 887 891
f 879 1171 1126
f 901 895 897
f 1127 901 905
f 911 1172 909
f 1173 911 912
f 922 916 918
f 936 1128 931
f 942 936 940
f 914 1174 1129
f 948 1175 946
f 956 948 952
f 961 956 959
f 969 961 965
f 977 969 973
f 985 977 981
f 993 985 989
f 999 993 997
f 1004 1176 1002
f 1012 1004 1008
f 1020 1012 1016
f 1130 1020 1024
f 1035 1029 1031
f 1043 1035 1039
f 1051 1043 1047
f 1059 1051 1055
f 1067 1059 1063
f 1177 1067 1131
f 1078 1072 1074
f 1132 1084 1088
f 1092 1178 1133
f 1134 1092 42
f 1 1179 1135
f 1137 1136 10
f 24 1180 18
f 42 1181 1139
f 1182 42 1103
f 66 52 58
f 1183 74 82
f 87 1184 1140
f 1141 87 95
f 95 1185 1142
f 114 95 106
f 1186 130 1143
f 141 1187 1106
f 157 141 149
f 167 157 165
f 182 167 176
f 189 1188 1107
f 1189 205 213
f 233 219 225
f 249 233 241
f 265 249 257
f 274 1190 268
f 298 282 290
f 307 1191 1144
f 331 315 323
f 347 331 339
f 371 1145 363
f 1146 379 387
f 400 1192 394
f 1193 400 406
f 411 1194 1108
f 427 411 419
f 440 1147 432
f 456 440 448
f 472 456 464
f 484 1195 478
f 500 484 492
f 1196 500 1110
f 515 1197 509
f 1198 515 1111
f 534 1148 526
f 550 534 542
f 1151 1150 557
f 566 1199 1152
f 577 566 572
f 590 1153 582
f 1200 590 598
f 1155 1154 603
f 616 1201 610
f 1156 616 624
f 641 1157 633
f 1202 641 649
f 656 1203 1113
f 658 1204 1158
f 675 658 667
f 691 675 683
f 1205 691 1159
f 705 1206 1115
f 737 721 729
f 1207 737 1160
f 753 1208 747
f 1209 757 1161
f 766 764 767
f 1210 1117 1162
f 772 1211 1163
f 789 779 785
f 774 1212 1164
f 805 1213 799
f 1214 805 1165
f 764 1215 1166
f 819 1216 813
f 1122 819 827
f 842 1167 834
f 858 842 850
f 1217 866 1123
f 877 1218 1169
f 887 1219 881
f 879 1220 1171
f 1127 895 901
f 911 1221 1172
f 1222 911 1173
f 922 1223 916
f 942 1128 936
f 914 1224 1174
f 956 1175 948
f 969 956 961
f 993 977 985
f 1225 993 999
f 1012 1176 1004
f 1130 1012 1020
f 1035 1226 1029
f 1051 1035 1043
f 1067 1051 1059
f 1227 1067 1177
f 1078 1228 1072
f 1229 1084 1132
f 1134 1178 1092
f 1 1230 1179
f 1137 1231 1136
f 30 1180 24
f 42 1232 1181
f 1233 42 1182
f 1234 74 1183
f 1235 87 1141
f 95 1236 1185
f 141 1237 1187
f 1238 167 182
f 189 1239 1188
f 1240 205 1189
f 233 1241 219
f 1242 249 265
f 282 1190 274
f 302 282 298
f 307 1243 1191
f 355 331 347
f 371 1244 1145
f 1245 379 1146
f 1193 1192 400
f 411 1246 1194
f 440 1247 1147
f 1248 456 472
f 484 1249 1195
f 1196 484 500
f 1198 1197 515
f 534 1250 1148
f 1149 534 550
f 1151 1251 1150
f 566 1252 1199
f 1253 566 577
f 590 1254 1153
f 1255 590 1200
f 1155 1256 1154
f 616 1257 1201
f 641 1258 1157
f 1259 641 1202
f 1260 1203 656
f 658 1261 1204
f 691 658 675
f 705 1262 1206
f 1207 721 737
f 1263 757 1209
f 1264 764 766
f 772 1265 1211
f 789 1266 779
f 774 1267 1212
f 1214 1213 805
f 764 1268 1215
f 1122 1216 819
f 842 1269 1167
f 1270 866 1217
f 877 1271 1218
f 1170 1219 887
f 879 1272 1220
f 1127 1273 895
f 911 1274 1221
f 1275 911 1222
f 926 1223 922
f 942 1276 1128
f 914 1277 1224
f 956 1278 1175
f 1225 977 993
f 1012 1279 1176
f 1280 1012 1130
f 1051 1226 1035
f 1227 1051 1067
f 1078 1281 1228
f 1282 1084 1229
f 1134 1283 1178
f 1284 1230 1
f 1285 1231 1137
f 30 1286 1180
f 42 1287 1232
f 1288 74 1234
f 1235 1184 87
f 95 1289 1236
f 141 1290 1237
f 1291 167 1238
f 189 1292 1239
f 1293 205 1240
f 249 1241 233
f 1294 249 1242
f 282 1295 1190
f 1296 282 302
f 307 1297 1243
f 1298 331 355
f 371 1299 1244
f 1300 379 1245
f 1193 1301 1192
f 411 1302 1246
f 440 1303 1247
f 1304 456 1248
f 484 1305 1249
f 1306 484 1196
f 1307 1197 1198
f 534 1308 1250
f 1309 534 1149
f 1151 1310 1251
f 566 1311 1252
f 1255 1254 590
f 1155 1312 1256
f 616 1313 1257
f 641 1314 1258
f 1315 1203 1260
f 658 1316 1261
f 1205 658 691
f 713 1262 705
f 1317 721 1207
f 1318 757 1263
f 1319 764 1264
f 772 1320 1265
f 1321 1266 789
f 774 1322 1267
f 1323 1213 1214
f 764 1324 1268
f 1122 1325 1216
f 842 1326 1269
f 1270 858 866
f 1327 1271 877
f 1328 1219 1170
f 879 1329 1272
f 1330 1273 1127
f 911 1331 1274
f 1332 911 1275
f 926 1332 1223
f 1277 1276 942
f 1333 1277 914
f 969 1278 956
f 1334 977 1225
f 1012 1335 1279
f 1336 1012 1280
f 1337 1051 1227
f 1078 1338 1281
f 1339 1084 1282
f 1134 1340 1283
f 5 1230 1284
f 1341 1231 1285
f 1342 1286 30
f 42 1343 1287
f 1344 74 1288
f 1235 1345 1184
f 95 1346 1289
f 141 1347 1290
f 1348 167 1291
f 189 1349 1292
f 1350 205 1293
f 249 1351 1241
f 1352 249 1294
f 282 1353 1295
f 1354 282 1296
f 307 1355 1297
f 371 1356 1299
f 1357 379 1300
f 1193 1358 1301
f 427 1302 411
f 440 1359 1303
f 1360 456 1304
f 1361 484 1306
f 1362 1197 1307
f 1363 534 1309
f 1364 1310 1151
f 566 1365 1311
f 1255 1366 1254
f 1155 1367 1312
f 616 1368 1313
f 641 1369 1314
f 1370 1203 1315
f 658 1371 1316
f 1372 658 1205
f 713 1373 1262
f 1374 721 1317
f 1375 757 1318
f 1117 764 1319
f 772 1376 1320
f 774 1377 1322
f 1378 1213 1323
f 764 1379 1324
f 1122 1380 1325
f 842 1381 1326
f 1382 858 1270
f 1383 1271 1327
f 879 1384 1329
f 1385 1273 1330
f 911 1386 1331
f 926 911 1332
f 1333 1276 1277
f 969 1387 1278
f 1388 977 1334
f 1012 1389 1335
f 1390 1012 1336
f 1391 1051 1337
f 1339 1080 1084
f 1134 1392 1340
f 1341 1393 1231
f 42 1394 1343
f 1395 74 1344
f 1235 1396 1345
f 95 1397 1346
f 141 1398 1347
f 189 1399 1349
f 1400 205 1350
f 249 1401 1351
f 1402 249 1352
f 282 1403 1353
f 1404 282 1354
f 315 1355 307
f 371 1405 1356
f 1193 1406 1358
f 427 1407 1302
f 440 1408 1359
f 1409 456 1360
f 1410 484 1361
f 1411 1197 1362
f 1412 534 1363
f 1364 1413 1310
f 566 1414 1365
f 1255 1415 1366
f 1416 1367 1155
f 1156 1368 616
f 641 1417 1369
f 1418 1203 1370
f 658 1419 1371
f 1420 658 1372
f 713 1421 1373
f 1422 721 1374
f 1375 753 757
f 772 1423 1376
f 774 1424 1377
f 764 1425 1379
f 1122 1426 1380
f 842 1427 1381
f 1428 858 1382
f 1429 1271 1383
f 879 1430 1384
f 1431 1273 1385
f 911 1431 1386
f 1432 911 926
f 1333 1433 1276
f 1434 977 1388
f 1012 1435 1389
f 1436 1051 1391
f 1437 1080 1339
f 1134 1438 1392
f 42 1439 1394
f 1440 74 1395
f 1235 1441 1396
f 114 1397 95
f 157 1398 141
f 197 1399 189
f 249 1442 1401
f 1443 249 1402
f 1444 282 1404
f 315 1445 1355
f 371 1446 1405
f 1447 1406 1193
f 427 1448 1407
f 440 1449 1408
f 1450 456 1409
f 1451 484 1410
f 1452 1197 1411
f 1412 1308 534
f 1364 1453 1413
f 566 1454 1414
f 1255 1455 1415
f 1456 1367 1416
f 1156 1457 1368
f 641 1458 1417
f 1459 1203 1418
f 658 1460 1419
f 1461 658 1420
f 713 1462 1421
f 1463 721 1422
f 1464 753 1375
f 772 1465 1423
f 1466 1424 774
f 764 1467 1425
f 1468 1426 1122
f 842 1469 1427
f 1470 858 1428
f 1471 1271 1429
f 879 1472 1430
f 1473 911 1432
f 1333 1474 1433
f 1475 977 1434
f 1012 1476 1435
f 1477 1051 1436
f 1478 1080 1437
f 1479 1438 1134
f 1233 1439 42
f 1480 74 1440
f 1235 1481 1441
f 114 1482 1397
f 157 1483 1398
f 197 1484 1399
f 249 1485 1442
f 1486 249 1443
f 1487 282 1444
f 315 1488 1445
f 371 1489 1446
f 1447 1490 1406
f 427 1491 1448
f 440 1492 1449
f 1493 456 1450
f 1494 484 1451
f 1412 1495 1308
f 1364 1496 1453
f 1253 1454 566
f 1255 1497 1455
f 1498 1367 1456
f 1156 1499 1457
f 641 1500 1458
f 1501 1203 1459
f 1461 1460 658
f 1502 721 1463
f 1503 753 1464
f 772 1504 1465
f 1505 1424 1466
f 764 1378 1467
f 1468 1506 1426
f 1507 858 1470
f 879 1508 1472
f 1509 911 1473
f 1333 1510 1474
f 1511 977 1475
f 1012 1512 1476
f 1513 1051 1477
f 1514 1080 1478
f 1515 1438 1479
f 1233 1516 1439
f 1517 74 1480
f 1518 1481 1235
f 114 1519 1482
f 157 1520 1483
f 197 1521 1484
f 249 1522 1485
f 1487 1403 282
f 315 1523 1488
f 371 1524 1489
f 1447 1525 1490
f 427 1526 1491
f 440 1527 1492
f 1528 456 1493
f 1529 484 1494
f 1412 1530 1495
f 1531 1496 1364
f 1253 1532 1454
f 1255 1533 1497
f 1498 1534 1367
f 1535 1499 1156
f 641 1536 1500
f 1537 1203 1501
f 1461 1538 1460
f 1539 721 1502
f 1540 753 1503
f 772 1541 1504
f 1542 1424 1505
f 1543 1378 764
f 1544 1506 1468
f 1545 858 1507
f 879 1546 1508
f 1547 911 1509
f 1548 1510 1333
f 1549 977 1511
f 1012 1550 1512
f 1551 1051 1513
f 1514 1078 1080
f 1552 1438 1515
f 1233 1553 1516
f 1554 74 1517
f 1518 1555 1481
f 114 1556 1519
f 157 1557 1520
f 197 1558 1521
f 249 1559 1522
f 1560 1403 1487
f 315 1561 1523
f 371 1562 1524
f 1563 1525 1447
f 427 1564 1526
f 440 1565 1527
f 1566 456 1528
f 1529 1305 484
f 1567 1530 1412
f 1531 1568 1496
f 1253 1569 1532
f 1255 1570 1533
f 1571 1534 1498
f 1535 1572 1499
f 641 1573 1536
f 1574 1203 1537
f 1461 1575 1538
f 1576 721 1539
f 1577 753 1540
f 772 1578 1541
f 793 1424 1542
f 1579 1378 1543
f 1580 1506 1544
f 1581 858 1545
f 879 1582 1546
f 929 911 1547
f 1583 1510 1548
f 1584 977 1549
f 1390 1550 1012
f 1585 1051 1551
f 1586 1078 1514
f 1587 1438 1552
f 1233 1588 1553
f 1589 74 1554
f 1590 1555 1518
f 114 1591 1556
f 157 1592 1557
f 205 1558 197
f 249 1593 1559
f 1594 1403 1560
f 315 1595 1561
f 379 1562 371
f 1563 1596 1525
f 427 1597 1564
f 440 1598 1565
f 1599 1305 1529
f 1600 1530 1567
f 1531 1601 1568
f 1253 1602 1569
f 1603 1570 1255
f 1604 1534 1571
f 1605 1572 1535
f 1259 1573 641
f 1461 1606 1575
f 1607 721 1576
f 1608 753 1577
f 1609 1578 772
f 792 1424 793
f 1610 1378 1579
f 1580 1611 1506
f 1612 858 1581
f 879 1613 1582
f 928 911 929
f 1614 1510 1583
f 1615 977 1584
f 1390 1616 1550
f 1617 1051 1585
f 1618 1078 1586
f 1619 1438 1587
f 1233 1620 1588
f 1621 74 1589
f 1622 1555 1590
f 114 1623 1591
f 157 1624 1592
f 205 1625 1558
f 249 1626 1593
f 1627 1403 1594
f 315 1628 1595
f 379 1629 1562
f 1563 1630 1596
f 427 1631 1597
f 440 1632 1598
f 1633 1305 1599
f 1634 1530 1600
f 1635 1601 1531
f 1253 1636 1602
f 1637 1570 1603
f 1638 1534 1604
f 1639 1572 1605
f 1259 1640 1573
f 1461 1641 1606
f 1642 721 1607
f 1643 753 1608
f 1609 1644 1578
f 1645 1424 792
f 1646 1378 1610
f 1647 1611 1580
f 1648 858 1612
f 879 1649 1613
f 1650 911 928
f 1651 1510 1614
f 1652 977 1615
f 1390 1653 1616
f 1654 1051 1617
f 1655 1078 1618
f 1656 1438 1619
f 1233 1657 1620
f 1658 74 1621
f 1659 1555 1622
f 114 1660 1623
f 157 1661 1624
f 205 1662 1625
f 249 1663 1626
f 1664 1403 1627
f 315 1665 1628
f 379 1666 1629
f 1667 1630 1563
f 427 1668 1631
f 440 1669 1632
f 1670 1305 1633
f 1671 1530 1634
f 1635 1671 1601
f 1253 1672 1636
f 1673 1570 1637
f 1674 1534 1638
f 1675 1572 1639
f 1259 1676 1640
f 1461 1677 1641
f 1678 721 1642
f 1643 1208 753
f 1679 1644 1609
f 1680 1424 1645
f 1681 1378 1646
f 1682 1611 1647
f 1683 858 1648
f 879 1684 1649
f 1650 1431 911
f 1685 1510 1651
f 1652 969 977
f 1390 1686 1653
f 1687 1051 1654
f 1655 1338 1078
f 1688 1438 1656
f 1233 1689 1657
f 1690 74 1658
f 1691 1555 1659
f 114 1692 1660
f 157 1693 1661
f 205 1694 1662
f 249 1695 1663
f 1664 1696 1403
f 315 1697 1665
f 379 1698 1666
f 1667 1357 1630
f 1699 1668 427
f 440 1700 1669
f 1701 1305 1670
f 1635 1530 1671
f 1253 1702 1672
f 1673 1703 1570
f 1674 1704 1534
f 1675 1705 1572
f 1259 1675 1676
f 1461 1706 1677
f 1707 721 1678
f 1708 1208 1643
f 1709 1644 1679
f 1710 1424 1680
f 1711 1378 1681
f 1712 1611 1682
f 1713 858 1683
f 879 1714 1684
f 1715 1431 1650
f 1685 1716 1510
f 1717 969 1652
f 1390 1718 1686
f 1719 1051 1687
f 1655 1720 1338
f 1688 1721 1438
f 1233 1722 1689
f 1723 74 1690
f 1724 1555 1691
f 114 1725 1692
f 157 1726 1693
f 205 1727 1694
f 249 1728 1695
f 1729 1696 1664
f 315 1730 1697
f 379 1731 1698
f 1667 379 1357
f 1732 1668 1699
f 440 1733 1700
f 1734 1305 1701
f 1635 1735 1530
f 1253 1736 1702
f 1737 1703 1673
f 1738 1704 1674
f 1259 1705 1675
f 1461 1739 1706
f 1740 721 1707
f 1741 1208 1708
f 1742 1644 1709
f 796 1424 1710
f 1743 1378 1711
f 1744 1611 1712
f 1745 858 1713
f 879 1746 1714
f 1747 1431 1715
f 1748 1716 1685
f 1749 969 1717
f 1390 1750 1718
f 1751 1051 1719
f 1752 1720 1655
f 1753 1721 1688
f 1233 1754 1722
f 1755 74 1723
f 1724 1756 1555
f 114 1757 1725
f 157 1758 1726
f 205 1759 1727
f 249 1760 1728
f 1761 1696 1729
f 315 1762 1730
f 379 1763 1731
f 1764 379 1667
f 1765 1668 1732
f 440 1766 1733
f 1767 1305 1734
f 1635 1768 1735
f 1253 1769 1736
f 1770 1703 1737
f 1738 1771 1704
f 1259 1772 1705
f 1461 1773 1739
f 1774 721 1740
f 1775 1208 1741
f 1776 1644 1742
f 1120 1424 796
f 1777 1378 1743
f 1778 1611 1744
f 1779 858 1745
f 879 1780 1746
f 1781 1431 1747
f 1782 1716 1748
f 1783 969 1749
f 1390 1784 1750
f 1785 1051 1751
f 1786 1720 1752
f 1787 1721 1753
f 1233 1788 1754
f 1755 66 74
f 1789 1756 1724
f 114 1790 1757
f 157 1791 1758
f 205 1792 1759
f 249 1793 1760
f 1794 1696 1761
f 331 1762 315
f 379 1795 1763
f 1796 379 1764
f 1797 1668 1765
f 456 1766 440
f 1798 1305 1767
f 1799 1768 1635
f 1253 1800 1769
f 1801 1703 1770
f 1802 1771 1738
f 1259 1803 1772
f 1461 1804 1773
f 1805 721 1774
f 1806 1208 1775
f 1807 1424 1120
f 1808 1378 1777
f 1809 1611 1778
f 1779 842 858
f 1810 1780 879
f 1811 1431 1781
f 1812 1716 1782
f 1813 969 1783
f 1390 1814 1784
f 1815 1051 1785
f 1816 1720 1786
f 1817 1721 1787
f 1233 1818 1788
f 1819 66 1755
f 1820 1756 1789
f 114 1821 1790
f 157 1822 1791
f 205 1823 1792
f 249 1824 1793
f 1825 1696 1794
f 331 1826 1762
f 379 1827 1795
f 1828 379 1796
f 1829 1668 1797
f 456 1830 1766
f 1831 1305 1798
f 1799 1832 1768
f 1253 1833 1800
f 1801 1834 1703
f 1835 1771 1802
f 1259 1836 1803
f 1461 1837 1804
f 1805 713 721
f 1838 1208 1806
f 1839 1424 1807
f 1840 1378 1808
f 1841 1611 1809
f 1842 842 1779
f 1843 1780 1810
f 1844 1431 1811
f 1845 1716 1812
f 1846 969 1813
f 1390 1847 1814
f 1848 1051 1815
f 1816 1849 1720
f 1850 1721 1817
f 1233 1851 1818
f 1852 66 1819
f 1853 1756 1820
f 114 1854 1821
f 157 1855 1822
f 205 1856 1823
f 1486 1824 249
f 1857 1696 1825
f 331 1858 1826
f 1828 1827 379
f 456 1859 1830
f 1860 1305 1831
f 1861 1832 1799
f 1862 1833 1253
f 1863 1834 1801
f 1864 1771 1835
f 1865 1836 1259
f 1461 1866 1837
f 1867 713 1805
f 1868 1208 1838
f 1869 1424 1839
f 1870 1378 1840
f 1871 1611 1841
f 1872 842 1842
f 1844 1273 1431
f 1873 1716 1845
f 1874 969 1846
f 1390 1875 1847
f 1876 1051 1848
f 1877 1849 1816
f 1878 1721 1850
f 1233 1879 1851
f 1880 66 1852
f 1853 1881 1756
f 114 1882 1854
f 157 1883 1855
f 205 1884 1856
f 1486 1885 1824
f 1886 1696 1857
f 331 1887 1858
f 1828 1888 1827
f 456 1889 1859
f 1890 1305 1860
f 1861 1891 1832
f 1834 1833 1862
f 1892 1834 1863
f 1864 1892 1771
f 1893 1836 1865
f 1461 1894 1866
f 1895 713 1867
f 1896 1208 1868
f 1897 1378 1870
f 1898 1611 1871
f 1899 842 1872
f 1900 1273 1844
f 1901 1716 1873
f 1902 969 1874
f 1390 1903 1875
f 1876 1226 1051
f 1904 1849 1877
f 1878 1905 1721
f 1233 1906 1879
f 1907 66 1880
f 1908 1881 1853
f 114 1909 1882
f 157 1910 1883
f 1400 1884 205
f 1486 1911 1885
f 1912 1696 1886
f 331 1913 1887
f 1828 1914 1888
f 456 1915 1889
f 1890 1916 1305
f 1917 1891 1861
f 1892 1833 1834
f 1918 1892 1864
f 1919 1836 1893
f 1461 1920 1894
f 1921 713 1895
f 1922 1208 1896
f 1923 1378 1897
f 1924 1611 1898
f 1925 842 1899
f 1926 1273 1900
f 1927 1716 1901
f 1928 969 1902
f 1390 1929 1903
f 1930 1226 1876
f 1931 1849 1904
f 1932 1905 1878
f 1233 1933 1906
f 1934 66 1907
f 1935 1881 1908
f 114 1936 1909
f 157 1937 1910
f 1400 1938 1884
f 1486 1939 1911
f 1940 1696 1912
f 331 1941 1913
f 1828 1942 1914
f 456 1943 1915
f 1944 1916 1890
f 1945 1891 1917
f 1892 1946 1833
f 1947 1892 1918
f 1948 1836 1919
f 1461 1949 1920
f 1950 713 1921
f 1951 1208 1922
f 1952 1378 1923
f 1924 1953 1611
f 1925 1469 842
f 1954 1273 1926
f 1955 1716 1927
f 1956 969 1928
f 1390 1957 1929
f 1958 1226 1930
f 1959 1849 1931
f 1932 1960 1905
f 1233 1961 1933
f 1962 66 1934
f 1963 1881 1935
f 114 1964 1936
f 167 1937 157
f 1400 1965 1938
f 1486 1966 1939
f 1940 1486 1696
f 331 1967 1941
f 1828 1968 1942
f 456 1969 1943
f 1944 1970 1916
f 1971 1891 1945
f 1892 1972 1946
f 1973 1892 1947
f 1948 1974 1836
f 1461 1975 1949
f 1976 713 1950
f 1977 1208 1951
f 1978 1378 1952
f 1979 1953 1924
f 1925 1980 1469
f 1954 1981 1273
f 1982 1716 1955
f 1983 969 1956
f 1390 1984 1957
f 1985 1226 1958
f 1986 1849 1959
f 1987 1960 1932
f 1233 1988 1961
f 1989 66 1962
f 1963 1990 1881
f 114 1991 1964
f 167 1992 1937
f 1400 1993 1965
f 1486 1994 1966
f 1995 1486 1940
f 331 1996 1967
f 1828 1997 1968
f 456 1998 1969
f 1999 1970 1944
f 2000 1891 1971
f 1973 1972 1892
f 2001 1974 1948
f 1461 2002 1975
f 2003 713 1976
f 1977 2004 1208
f 2005 1378 1978
f 2006 1953 1979
f 1925 2006 1980
f 2007 1981 1954
f 2008 1716 1982
f 2009 969 1983
f 1390 2010 1984
f 2011 1226 1985
f 2012 1849 1986
f 2013 1960 1987
f 2014 1988 1233
f 2015 66 1989
f 2016 1990 1963
f 122 1991 114
f 167 2017 1992
f 1400 2018 1993
f 1486 2019 1994
f 2020 1486 1995
f 331 2021 1996
f 1828 2022 1997
f 456 2023 1998
f 1999 2024 1970
f 2025 1891 2000
f 1973 2026 1972
f 2027 1974 2001
f 1461 2028 2002
f 2003 1462 713
f 2029 2004 1977
f 2030 1378 2005
f 2031 2006 1925
f 2032 1981 2007
f 2008 2033 1716
f 2009 1387 969
f 1390 2034 2010
f 2035 1226 2011
f 2012 2036 1849
f 2013 2037 1960
f 2014 2038 1988
f 2039 66 2015
f 2040 1990 2016
f 122 2041 1991
f 167 2042 2017
f 216 2018 1400
f 1486 2043 2019
f 2044 1486 2020
f 331 2045 2021
f 1828 2046 2022
f 456 2047 2023
f 1999 2048 2024
f 2025 2049 1891
f 1973 2050 2026
f 2051 2028 1461
f 2003 2052 1462
f 2053 2004 2029
f 2054 1378 2030
f 2055 2006 2031
f 2056 1981 2032
f 2008 2057 2033
f 2009 2058 1387
f 2059 2034 1390
f 2060 1226 2035
f 2061 2036 2012
f 2062 2037 2013
f 52 2038 2014
f 2039 52 66
f 2063 1990 2040
f 122 2064 2041
f 167 2065 2042
f 216 2066 2018
f 1486 2067 2043
f 2068 1486 2044
f 331 2069 2045
f 1828 2070 2046
f 456 2071 2047
f 1999 2072 2048
f 2073 2049 2025
f 1973 2074 2050
f 2051 2075 2028
f 2003 2076 2052
f 2077 2004 2053
f 2078 1378 2054
f 1124 2006 2055
f 2079 1981 2056
f 2080 2057 2008
f 2081 2058 2009
f 1226 2034 2059
f 2082 1226 2060
f 2083 2036 2061
f 2084 52 2039
f 2085 1990 2063
f 122 2086 2064
f 167 2087 2065
f 215 2066 216
f 1486 2088 2067
f 2089 1486 2068
f 331 2090 2069
f 1828 2091 2070
f 456 2092 2071
f 2093 2072 1999
f 2094 2049 2073
f 1973 2095 2074
f 2096 2075 2051
f 2003 2097 2076
f 2077 2098 2004
f 2099 1378 2078
f 1124 1953 2006
f 2100 1981 2079
f 2080 2101 2057
f 2102 2058 2081
f 1226 2103 2034
f 2104 1226 2082
f 2105 2036 2083
f 2106 52 2084
f 2107 1990 2085
f 122 2108 2086
f 167 2109 2087
f 2110 2066 215
f 1486 2111 2088
f 2112 1486 2089
f 331 2113 2090
f 1828 2114 2091
f 456 2115 2092
f 1197 2072 2093
f 2116 2049 2094
f 1973 2117 2095
f 2118 2075 2096
f 2003 2119 2097
f 764 2098 2077
f 2120 1378 2099
f 1124 2121 1953
f 2100 2122 1981
f 2123 2101 2080
f 2124 2058 2102
f 2104 2103 1226
f 2125 2036 2105
f 2126 52 2106
f 2127 1990 2107
f 122 2128 2108
f 167 2129 2109
f 2130 2066 2110
f 1486 2131 2111
f 2132 1486 2112
f 331 2133 2113
f 1828 2134 2114
f 456 2135 2115
f 1197 2136 2072
f 2137 2049 2116
f 2138 2117 1973
f 2118 1574 2075
f 2139 2119 2003
f 764 2140 2098
f 2141 1378 2120
f 1124 2142 2121
f 2143 2122 2100
f 2123 2144 2101
f 2124 2145 2058
f 2104 2146 2103
f 2125 2147 2036
f 2148 52 2126
f 2149 1990 2127
f 122 2150 2128
f 2151 2066 2130
f 1486 2152 2131
f 2153 1486 2132
f 331 2154 2133
f 1828 2155 2134
f 456 2156 2135
f 1452 2136 1197
f 2157 2049 2137
f 2138 2158 2117
f 2159 1574 2118
f 2160 2119 2139
f 764 2161 2140
f 2162 1378 2141
f 1124 2163 2142
f 2143 2164 2122
f 2165 2144 2123
f 2166 2145 2124
f 2104 2167 2146
f 2168 2147 2125
f 2169 52 2148
f 2170 1990 2149
f 130 2150 122
f 2171 2066 2151
f 1486 2172 2152
f 2173 1486 2153
f 331 2174 2154
f 1828 2175 2155
f 456 2176 2156
f 1452 2177 2136
f 2178 2049 2157
f 2179 2158 2138
f 2180 1574 2159
f 2160 2181 2119
f 1117 2161 764
f 2182 1378 2162
f 1168 2163 1124
f 2143 2183 2164
f 2184 2144 2165
f 2185 2145 2166
f 2104 2186 2167
f 2187 2147 2168
f 2188 52 2169
f 2189 1990 2170
f 130 2190 2150
f 2191 2066 2171
f 1486 2192 2172
f 2193 1486 2173
f 331 2194 2174
f 1828 2195 2175
f 1566 2176 456
f 1452 2196 2177
f 2197 2049 2178
f 2179 2198 2158
f 2199 1574 2180
f 2200 2181 2160
f 1117 2201 2161
f 2202 1378 2182
f 1168 2203 2163
f 2204 2183 2143
f 2184 2205 2144
f 2185 2184 2145
f 2104 2206 2186
f 2187 2207 2147
f 2208 52 2188
f 2209 1990 2189
f 130 2210 2190
f 2192 2066 2191
f 2193 2192 1486
f 331 2211 2194
f 1828 2212 2195
f 1566 2213 2176
f 1452 2214 2196
f 2215 2049 2197
f 2216 2198 2179
f 2217 1574 2199
f 744 2181 2200
f 1117 2218 2201
f 2219 1378 2202
f 1168 2220 2203
f 2204 2221 2183
f 2185 2205 2184
f 2104 2222 2206
f 2223 2207 2187
f 2208 2038 52
f 2224 1990 2209
f 130 2225 2210
f 2193 2066 2192
f 331 2226 2211
f 1828 2227 2212
f 1566 2228 2213
f 1452 2229 2214
f 2230 2049 2215
f 2216 2231 2198
f 2232 1574 2217
f 743 2181 744
f 1117 2233 2218
f 2234 1378 2219
f 1168 2235 2220
f 2204 2236 2221
f 2185 2237 2205
f 2238 2222 2104
f 2239 2207 2223
f 2208 2240 2038
f 2241 1990 2224
f 130 2242 2225
f 2193 2243 2066
f 1298 2226 331
f 1828 2244 2227
f 1566 2245 2228
f 1452 2246 2229
f 2247 2049 2230
f 2248 2231 2216
f 2249 1574 2232
f 2250 2181 743
f 1117 2251 2233
f 2235 1378 2234
f 2252 2235 1168
f 2204 2253 2236
f 2185 2254 2237
f 2255 2222 2238
f 2256 2207 2239
f 2208 2257 2240
f 2258 1990 2241
f 130 2259 2242
f 2193 2260 2243
f 1298 2261 2226
f 1828 2262 2244
f 1566 2263 2245
f 1452 2264 2246
f 2265 2049 2247
f 2266 2231 2248
f 2267 1574 2249
f 2268 2181 2250
f 1117 2269 2251
f 2270 2235 2252
f 2271 2253 2204
f 2272 2254 2185
f 2273 2222 2255
f 2256 2274 2207
f 2208 2275 2257
f 130 2258 2259
f 2193 2276 2260
f 1298 2277 2261
f 1828 2278 2262
f 1566 2279 2263
f 1452 2280 2264
f 2265 2281 2049
f 2266 2282 2231
f 2283 1574 2267
f 2284 2181 2268
f 1117 2285 2269
f 2286 2235 2270
f 2271 2287 2253
f 2272 2288 2254
f 2273 2289 2222
f 2290 2274 2256
f 2208 2291 2275
f 130 1990 2258
f 2193 2292 2276
f 1298 2293 2277
f 1828 2294 2278
f 1566 2295 2279
f 1452 2296 2280
f 2297 2281 2265
f 2298 2282 2266
f 2299 1574 2283
f 2300 2181 2284
f 1117 2301 2285
f 2302 2235 2286
f 2271 2303 2287
f 2272 2304 2288
f 2305 2289 2273
f 2306 2274 2290
f 2208 2307 2291
f 1186 1990 130
f 2193 2308 2292
f 1298 2309 2293
f 1828 2310 2294
f 1566 2311 2295
f 1452 2312 2296
f 2313 2281 2297
f 2314 2282 2298
f 2315 1574 2299
f 2316 2181 2300
f 1117 2317 2301
f 2318 2235 2302
f 2271 2319 2303
f 2272 2320 2304
f 2321 2289 2305
f 2322 2274 2306
f 2208 2323 2307
f 1186 2324 1990
f 2325 2308 2193
f 1298 2326 2309
f 1828 2327 2310
f 1566 2328 2311
f 1452 2329 2312
f 2330 2282 2314
f 2331 1574 2315
f 2332 2181 2316
f 1117 2333 2317
f 2334 2235 2318
f 2271 2335 2319
f 2272 2336 2320
f 2321 2337 2289
f 2338 2274 2322
f 2339 2323 2208
f 2340 2324 1186
f 2341 2308 2325
f 1298 2342 2326
f 1828 2343 2327
f 2344 2328 1566
f 1452 2345 2329
f 2346 2282 2330
f 2347 1574 2331
f 2332 2348 2181
f 1117 2349 2333
f 2350 2235 2334
f 2351 2335 2271
f 2272 2352 2336
f 2274 2337 2321
f 2353 2274 2338
f 2354 2323 2339
f 2340 2355 2324
f 2356 2308 2341
f 1298 2357 2342
f 1828 357 2343
f 2358 2328 2344
f 1452 2359 2345
f 2360 2282 2346
f 2347 1203 1574
f 2361 2348 2332
f 1117 2362 2349
f 2350 1378 2235
f 2363 2335 2351
f 2364 2352 2272
f 2353 2337 2274
f 2365 2323 2354
f 2366 2355 2340
f 2367 2308 2356
f 1298 2368 2357
f 1828 358 357
f 2358 2369 2328
f 1452 2370 2359
f 2371 2282 2360
f 2347 2372 1203
f 2373 2348 2361
f 1117 2374 2362
f 2375 1378 2350
f 2376 2335 2363
f 2377 2352 2364
f 2353 2378 2337
f 2379 2323 2365
f 2380 2355 2366
f 2381 2308 2367
f 1298 2382 2368
f 1828 2383 358
f 2384 2369 2358
f 1452 2385 2370
f 2386 2282 2371
f 2387 2372 2347
f 2373 2388 2348
f 1117 2389 2374
f 2390 1378 2375
f 2391 2335 2376
f 2392 2352 2377
f 2353 2393 2378
f 2379 2394 2323
f 2395 2355 2380
f 2396 2308 2381
f 1298 2397 2382
f 1828 2398 2383
f 2384 2399 2369
f 1452 2400 2385
f 2401 2282 2386
f 2402 2372 2387
f 2403 2388 2373
f 1117 2404 2389
f 2405 1378 2390
f 2392 2406 2352
f 2353 2407 2393
f 2355 2394 2379
f 2408 2355 2395
f 2409 2308 2396
f 1298 2410 2397
f 1828 2411 2398
f 2412 2399 2384
f 2413 2400 1452
f 2414 2282 2401
f 2415 2372 2402
f 2416 2388 2403
f 1117 2417 2404
f 2418 1378 2405
f 2407 2406 2392
f 2419 2407 2353
f 2408 2394 2355
f 2420 2308 2409
f 1298 2421 2410
f 2422 2411 1828
f 2423 2399 2412
f 2424 2400 2413
f 2414 2313 2282
f 2425 2372 2415
f 2416 2426 2388
f 1117 2427 2417
f 2428 1378 2418
f 2419 2406 2407
f 2408 2429 2394
f 2430 2308 2420
f 1298 2431 2421
f 2422 2432 2411
f 2433 2399 2423
f 2434 2400 2424
f 2435 2313 2414
f 2436 2372 2425
f 2437 2426 2416
f 1117 2438 2427
f 2428 1213 1378
f 2419 2391 2406
f 2408 2439 2429
f 2431 2308 2430
f 2440 2431 1298
f 2441 2432 2422
f 2433 2442 2399
f 2443 2400 2434
f 2444 2313 2435
f 2445 2372 2436
f 2437 2446 2426
f 1117 2437 2438
f 2428 2447 1213
f 2419 2335 2391
f 2408 2448 2439
f 2440 2308 2431
f 2449 2432 2441
f 2450 2442 2433
f 2443 2451 2400
f 2452 2313 2444
f 2453 2372 2445
f 2437 2454 2446
f 1210 2437 1117
f 2455 2447 2428
f 2419 2456 2335
f 2408 2457 2448
f 2440 2458 2308
f 2459 2432 2449
f 2460 2442 2450
f 2461 2451 2443
f 2462 2313 2452
f 2463 2372 2453
f 1210 2454 2437
f 2455 2464 2447
f 2419 2465 2456
f 2408 2466 2457
f 2467 2458 2440
f 2468 2442 2460
f 2281 2451 2461
f 2462 2281 2313
f 2463 2027 2372
f 1210 2469 2454
f 2455 2470 2464
f 2419 1843 2465
f 2408 39 2466
f 2471 2458 2467
f 2472 2442 2468
f 2462 2451 2281
f 2473 2027 2463
f 1210 2474 2469
f 2455 2475 2470
f 2476 1843 2419
f 2129 39 2408
f 2477 2458 2471
f 2462 2478 2451
f 2479 2027 2473
f 1210 2480 2474
f 2481 2475 2455
f 2482 1843 2476
f 167 39 2129
f 2483 2458 2477
f 2462 2484 2478
f 2479 1974 2027
f 1210 2485 2480
f 2486 2475 2481
f 2487 1843 2482
f 167 40 39
f 2488 2458 2483
f 2462 2489 2484
f 2490 1974 2479
f 1210 2491 2485
f 2492 2475 2486
f 2037 1843 2487
f 167 2493 40
f 2494 2458 2488
f 2462 2495 2489
f 2496 1974 2490
f 1210 2497 2491
f 2498 2475 2492
f 2062 1843 2037
f 167 2499 2493
f 2500 2458 2494
f 2462 2501 2495
f 2502 1974 2496
f 1210 2503 2497
f 2504 2475 2498
f 1230 1843 2062
f 167 2505 2499
f 2506 2458 2500
f 2462 2507 2501
f 2502 2508 1974
f 1210 2509 2503
f 2504 2510 2475
f 1230 1780 1843
f 167 2511 2505
f 2512 2458 2506
f 2462 2513 2507
f 2514 2508 2502
f 1210 2515 2509
f 2516 2510 2504
f 5 1780 1230
f 167 2517 2511
f 2518 2458 2512
f 2462 2519 2513
f 2520 2508 2514
f 1210 2521 2515
f 2522 2510 2516
f 5 2523 1780
f 167 2524 2517
f 2525 2458 2518
f 2462 2526 2519
f 2527 2508 2520
f 1210 2528 2521
f 1271 2510 2522
f 5 2529 2523
f 167 2530 2524
f 2531 2458 2525
f 2462 1109 2526
f 2527 2462 2508
f 1210 697 2528
f 1271 1869 2510
f 5 2532 2529
f 167 2533 2530
f 2534 2458 2531
f 2462 475 1109
f 2535 2462 2527
f 1210 698 697
f 1271 1424 1869
f 5 2536 2532
f 1348 2533 167
f 2537 2458 2534
f 2538 2462 2535
f 2539 698 1210
f 1471 1424 1271
f 5 2540 2536
f 1348 2541 2533
f 2542 2458 2537
f 2543 2462 2538
f 2544 698 2539
f 1471 2545 1424
f 5 2546 2540
f 1348 36 2541
f 2543 475 2462
f 2547 698 2544
f 1471 2548 2545
f 5 2549 2546
f 1348 37 36
f 2550 475 2543
f 2551 698 2547
f 1471 2552 2548
f 5 2553 2549
f 1348 2554 37
f 2555 475 2550
f 2556 698 2551
f 1471 2557 2552
f 5 2558 2553
f 1348 2559 2554
f 2560 475 2555
f 2561 698 2556
f 1471 1321 2557
f 5 1328 2558
f 1348 2562 2559
f 2563 475 2560
f 2564 698 2561
f 1471 1266 1321
f 5 1219 1328
f 1348 2565 2562
f 2566 475 2563
f 2567 698 2564
f 1471 775 1266
f 5 2568 1219
f 1348 2569 2565
f 2570 475 2566
f 2571 698 2567
f 2572 775 1471
f 4 2568 5
f 1348 2573 2569
f 2574 475 2570
f 1644 698 2571
f 2575 775 2572
f 2576 2568 4
f 1348 2577 2573
f 2578 475 2574
f 1776 698 1644
f 2579 775 2575
f 2580 2568 2576
f 1348 2581 2577
f 2582 475 2578
f 1776 2583 698
f 2584 775 2579
f 2585 2568 2580
f 1348 2586 2581
f 2587 475 2582
f 1776 2588 2583
f 2589 775 2584
f 2590 2568 2585
f 1348 33 2586
f 2591 475 2587
f 1776 2592 2588
f 2593 775 2589
f 2590 2594 2568
f 1348 34 33
f 2591 2595 475
f 1776 2591 2592
f 2596 775 2593
f 2597 2594 2590
f 1348 2598 34
f 2591 2599 2595
f 2600 2591 1776
f 2601 775 2596
f 2602 2594 2597
f 1348 2 2598
f 2591 2603 2599
f 2604 2591 2600
f 2605 775 2601
f 2606 2594 2602
f 2607 2 1348
f 2591 2608 2603
f 2609 2591 2604
f 2610 775 2605
f 2606 2611 2594
f 2612 2 2607
f 2609 2608 2591
f 2613 775 2610
f 2614 2611 2606
f 2458 2 2612
f 2609 2615 2608
f 2613 776 775
f 2616 2611 2614
f 2458 1138 2
f 2609 2472 2615
f 2617 776 2613
f 2616 2618 2611
f 2542 1138 2458
f 2609 2442 2472
f 2617 2619 776
f 2620 2618 2616
f 2542 2621 1138
f 2609 1829 2442
f 2622 2619 2617
f 2623 2618 2620
f 2542 2624 2621
f 2609 1668 1829
f 2625 2619 2622
f 2623 2626 2618
f 2542 2627 2624
f 2609 2628 1668
f 2625 2629 2619
f 2630 2626 2623
f 2542 1342 2627
f 2609 2631 2628
f 2625 2632 2629
f 1393 2626 2630
f 2542 1286 1342
f 2609 2633 2631
f 2634 2632 2625
f 1393 2635 2626
f 2542 2636 1286
f 2609 2637 2633
f 2634 2638 2632
f 1341 2635 1393
f 2542 14 2636
f 2639 2637 2609
f 2634 2640 2638
f 1341 2641 2635
f 2542 15 14
f 2640 2637 2639
f 2641 2640 2634
f 2642 2641 1341
f 2542 2643 15
f 2641 2637 2640
f 2432 2643 2542
f 2641 2644 2637
f 2459 2643 2432
f 2641 2645 2644
f 2459 2646 2643
f 2641 2647 2645
f 2459 2648 2646
f 2641 2649 2647
f 2459 2650 2648
f 2641 2651 2649
f 2459 2652 2650
f 2641 2653 2651
f 2459 2654 2652
f 2642 2653 2641
f 2459 2642 2654
f 2642 2655 2653
f 2655 2642 2459
f 2656 2657 2658
f 2659 2660 2661
f 2662 2663 2664
f 2663 2665 2666
f 2665 2667 2668
f 2669 2670 2671
f 2672 2673 2674
f 2673 2675 2676
f 2675 2677 2678
f 2677 2679 2680
f 2679 2681 2682
f 2681 2683 2684
f 2683 2685 2686
f 2687 2656 2658
f 2688 2689 2690
f 2691 2692 2693
f 2694 2695 2696
f 2697 2698 2699
f 2698 2700 2701
f 2700 2702 2703
f 2702 2704 2705
f 2706 2707 2708
f 2707 2709 2710
f 2709 2711 2712
f 2711 2713 2714
f 2713 2715 2716
f 2715 2717 2718
f 2717 2719 2720
f 2719 2721 2722
f 2721 2723 2724
f 2723 2725 2726
f 2725 2727 2728
f 2727 2729 2730
f 2729 2731 2732
f 2731 2733 2734
f 2733 2735 2736
f 2735 2737 2738
f 2739 2740 2741
f 2740 2742 2743
f 2742 2744 2745
f 2744 2746 2747
f 2746 2748 2749
f 2748 2750 2751
f 2750 2752 2753
f 2754 2750 2753
f 2750 2755 2756
f 2755 2757 2758
f 2757 2759 2760
f 2759 2761 2762
f 2761 2763 2764
f 2763 2765 2766
f 2765 2767 2768
f 2767 2769 2770
f 2769 2771 2772
f 2771 2773 2774
f 2773 2775 2776
f 2775 2777 2778
f 2777 2779 2780
f 2779 2781 2782
f 2781 2783 2784
f 2783 2785 2786
f 2785 2787 2788
f 2787 2789 2790
f 2791 2792 2793
f 2792 2794 2795
f 2794 2796 2797
f 2796 2798 2799
f 2798 2800 2801
f 2800 2802 2803
f 2802 2804 2805
f 2804 2806 2807
f 2806 2808 2809
f 2808 2810 2811
f 2810 2812 2813
f 2812 2814 2815
f 2814 2816 2817
f 2816 2818 2819
f 2818 2820 2821
f 2822 2823 2824
f 2823 2825 2826
f 2825 2827 2828
f 2827 2829 2830
f 2829 2831 2832
f 2831 2833 2834
f 2833 2835 2836
f 2835 2837 2838
f 2839 2840 2841
f 2840 2842 2843
f 2842 2844 2845
f 2844 2846 2847
f 2846 2848 2849
f 2848 2850 2851
f 2850 2852 2853
f 2852 2854 2855
f 2854 2856 2857
f 2856 2858 2859
f 2858 2860 2861
f 2860 2862 2863
f 2862 2864 2865
f 2864 2866 2867
f 2866 2868 2869
f 2870 2871 2872
f 2873 2874 2875
f 2874 2876 2877
f 2876 2878 2879
f 2878 2880 2881
f 2880 2882 2883
f 2882 2884 2885
f 2884 2886 2887
f 2886 2888 2889
f 2888 2890 2891
f 2890 2892 2893
f 2892 2894 2895
f 2894 2896 2897
f 2896 2898 2899
f 2898 2900 2901
f 2900 2902 2903
f 2902 2904 2905
f 2904 2906 2907
f 2906 2908 2909
f 2908 2910 2911
f 2910 2912 2913
f 2912 2914 2915
f 2914 2916 2917
f 2916 2918 2919
f 2918 2920 2921
f 2922 2923 2924
f 2923 2925 2926
f 2925 2927 2928
f 2927 2929 2930
f 2929 2931 2932
f 2931 2933 2934
f 2933 2935 2936
f 2935 2937 2938
f 2937 2939 2940
f 2939 2941 2942
f 2941 2943 2944
f 2943 2945 2946
f 2945 2947 2948
f 2947 2949 2950
f 2949 2951 2952
f 2951 2953 2954
f 2953 2955 2956
f 2955 2957 2958
f 2959 2960 2961
f 2960 2962 2963
f 2962 2964 2965
f 2964 2966 2967
f 2966 2968 2969
f 2968 2970 2971
f 2970 2972 2973
f 2972 2974 2975
f 2974 2976 2977
f 2976 2978 2979
f 2978 2980 2981
f 2980 2982 2983
f 2982 2984 2985
f 2984 2986 2987
f 2986 2988 2989
f 2988 2990 2991
f 2990 2992 2993
f 2992 2994 2995
f 2994 2996 2997
f 2996 2998 2999
f 2998 3000 3001
f 3000 3002 3003
f 3002 3004 3005
f 3004 3006 3007
f 3006 3008 3009
f 3008 3010 3011
f 3012 3013 3014
f 3015 3016 3017
f 3016 3018 3019
f 3018 3020 3021
f 3020 3022 3023
f 3022 3024 3025
f 3024 3026 3027
f 3026 3028 3029
f 3028 3030 3031
f 3030 3032 3033
f 3032 3034 3035
f 3034 3036 3037
f 3036 3038 3039
f 3038 3040 3041
f 3040 3042 3043
f 3042 3044 3045
f 3044 3046 3047
f 3048 3049 3050
f 3049 3051 3052
f 3051 3053 3054
f 3053 3055 3056
f 3055 3057 3058
f 3057 3059 3060
f 3059 3061 3062
f 3063 3064 3065
f 3064 3066 3067
f 3066 3068 3069
f 3068 3070 3071
f 3070 3072 3073
f 3072 3074 3075
f 3074 3076 3077
f 3076 3078 3079
f 3078 3080 3081
f 3080 3082 3083
f 3084 3085 3086
f 3085 3087 3088
f 3087 3089 3090
f 3089 3091 3092
f 3091 3093 3094
f 3093 3095 3096
f 3095 3097 3098
f 3097 3099 3100
f 3099 3101 3102
f 3101 3103 3104
f 3103 3105 3106
f 3105 3107 3108
f 3107 3109 3110
f 3109 3111 3112
f 3111 3113 3114
f 3113 3115 3116
f 3115 3117 3118
f 3117 3119 3120
f 3119 3121 3122
f 3121 3123 3124
f 3123 3125 3126
f 3125 3127 3128
f 3129 3130 3131
f 3132 3133 3134
f 3133 3135 3136
f 3135 3137 3138
f 3137 3139 3140
f 3139 3141 3142
f 3141 3143 3144
f 3143 3145 3146
f 3145 3147 3148
f 3147 3149 3150
f 3149 3151 3152
f 3151 3153 3154
f 3153 3155 3156
f 3155 3157 3158
f 3157 3159 3160
f 3159 3161 3162
f 3163 3164 3165
f 3164 3166 3167
f 3166 3168 3169
f 3168 3170 3171
f 3170 3172 3173
f 3172 3174 3175
f 3174 3176 3177
f 3178 3179 3180
f 3179 3181 3182
f 3181 3183 3184
f 3183 3185 3186
f 3185 3187 3188
f 3187 3189 3190
f 3189 3191 3192
f 3191 3193 3194
f 3193 3195 3196
f 3195 3197 3198
f 3197 3199 3200
f 3199 3201 3202
f 3201 3203 3204
f 3203 3205 3206
f 3205 3207 3208
f 3209 3210 3211
f 3210 3212 3213
f 3212 3214 3215
f 3214 3216 3217
f 3218 3219 3220
f 3219 3221 3222
f 3221 3223 3224
f 3223 3225 3226
f 3227 3228 3229
f 3228 3230 3231
f 3230 3232 3233
f 3234 3235 3236
f 3235 3237 3238
f 3237 3239 3240
f 3239 3241 3242
f 3241 3243 3244
f 3243 3245 3246
f 3245 3247 3248
f 3247 3249 3250
f 3249 3251 3252
f 3251 3253 3254
f 3255 3256 3257
f 3256 3258 3259
f 3258 3260 3261
f 3260 3262 3263
f 3264 3265 3266
f 3265 3267 3268
f 3267 3269 3270
f 3269 3271 3272
f 3271 3273 3274
f 3273 3275 3276
f 3275 3277 3278
f 3277 3279 3280
f 3279 3281 3282
f 3281 3283 3284
f 3285 3286 3287
f 3286 3288 3289
f 3288 3290 3291
f 3290 3292 3293
f 3292 3294 3295
f 3294 3296 3297
f 3296 3298 3299
f 3298 3300 3301
f 3300 3302 3303
f 3302 3304 3305
f 3306 3307 3308
f 3307 3309 3310
f 3309 3311 3312
f 3313 3314 3315
f 3314 3316 3317
f 3316 3318 3319
f 3318 3320 3321
f 3320 3322 3323
f 3322 3324 3325
f 3324 3326 3327
f 3326 3328 3329
f 3328 3330 3331
f 3330 3332 3333
f 3332 3334 3335
f 3334 3336 3337
f 3336 3338 3339
f 3338 3340 3341
f 3340 3342 3343
f 3342 3344 3345
f 3344 3346 3347
f 3346 3348 3349
f 3348 3350 3351
f 3352 3353 3354
f 3355 3356 3357
f 3356 3358 3359
f 3358 3360 3361
f 3360 3362 3363
f 3362 3364 3365
f 3364 3366 3367
f 3366 3368 3369
f 3368 3370 3371
f 3370 3372 3373
f 3372 3374 3375
f 3374 3376 3377
f 3376 3378 3379
f 3378 3380 3381
f 3380 3382 3383
f 3382 3384 3385
f 3384 3386 3387
f 3386 3388 3389
f 3388 3390 3391
f 3390 3392 3393
f 3392 3394 3395
f 3394 3396 3397
f 3398 3399 3400
f 3401 3402 3403
f 3402 3404 3405
f 3404 3406 3407
f 3406 3408 3409
f 3408 3410 3411
f 3410 3412 3413
f 3412 3414 3415
f 3414 3416 3417
f 3418 3419 3420
f 3421 3422 3423
f 3424 3425 3426
f 3427 3428 3429
f 3430 3431 3432
f 3433 3434 3435
f 3434 3436 3437
f 3436 3438 3439
f 3438 3440 3441
f 3440 3442 3443
f 3442 3444 3445
f 3446 3429 3428
f 3447 3448 3449
f 3450 3451 3452
f 3453 3454 3455
f 3454 3456 3457
f 3456 3458 3459
f 3458 3460 3461
f 3460 3462 3463
f 3462 3464 3465
f 3466 3418 3420
f 3467 3468 3469
f 3468 3470 3471
f 3470 3472 3473
f 3472 3474 3475
f 3474 3476 3477
f 3476 3478 3479
f 3478 3480 3481
f 3480 3482 3483
f 3482 3484 3485
f 3486 3487 3488
f 3487 3489 3490
f 3489 3491 3492
f 3491 3493 3494
f 3493 3495 3496
f 3495 3497 3498
f 3497 3499 3500
f 3499 3501 3502
f 3501 3503 3504
f 3503 3505 3506
f 3505 3507 3508
f 3507 3509 3510
f 3509 3511 3512
f 3511 3513 3514
f 3513 3515 3516
f 3515 3517 3518
f 3517 3519 3520
f 3519 3521 3522
f 3521 3523 3524
f 3523 3525 3526
f 3525 3527 3528
f 3529 3530 3531
f 3532 3533 3534
f 3535 3536 3537
f 3536 3538 3539
f 3538 3540 3541
f 3540 3542 3543
f 3542 3544 3545
f 3544 3546 3547
f 3548 3534 3533
f 3549 3550 3551
f 3550 3552 3553
f 3552 3554 3555
f 3554 3556 3557
f 3556 3558 3559
f 3558 3560 3561
f 3560 3562 3563
f 3564 3530 3565
f 3530 3566 3531
f 3567 3568 3569
f 3570 3571 3572
f 3571 3573 3574
f 3573 3575 3576
f 3575 3577 3578
f 3577 3579 3580
f 3579 3581 3582
f 3583 3584 3585
f 3586 3587 3588
f 3587 3589 3590
f 3589 3591 3592
f 3591 3593 3594
f 3593 3595 3596
f 3595 3597 3598
f 3599 3569 3568
f 3600 3601 3602
f 3601 3603 3604
f 3603 3605 3606
f 3605 3607 3608
f 3607 3609 3610
f 3609 3611 3612
f 3613 3614 3615
f 3614 3616 3617
f 3616 3618 3619
f 3618 3620 3621
f 3620 3622 3623
f 3622 3624 3625
f 3624 3626 3627
f 3626 3628 3629
f 3628 3630 3631
f 3630 3632 3633
f 3632 3634 3635
f 3634 3636 3637
f 3636 3638 3639
f 3638 3640 3641
f 3640 3642 3643
f 3642 3644 3645
f 3644 3646 3647
f 3646 3648 3649
f 3648 3650 3651
f 3650 3652 3653
f 3652 3654 3655
f 3656 3657 3658
f 3657 3659 3660
f 3659 3661 3662
f 3661 3663 3664
f 3663 3665 3666
f 3665 3667 3668
f 3667 3669 3670
f 3669 3671 3672
f 3671 3673 3674
f 3673 3675 3676
f 3675 3677 3678
f 3677 3679 3680
f 3679 3681 3682
f 3683 3684 3685
f 3684 3686 3687
f 3686 3688 3689
f 3688 3690 3691
f 3690 3692 3693
f 3692 3694 3695
f 3694 3696 3697
f 3696 3698 3699
f 3698 3700 3701
f 3700 3702 3703
f 3702 3704 3705
f 3704 3706 3707
f 3706 3708 3709
f 3708 3710 3711
f 3710 3712 3713
f 3712 3714 3715
f 3714 3716 3717
f 3716 3718 3719
f 3718 3720 3721
f 3720 3722 3723
f 3722 3724 3725
f 3726 3727 3728
f 3727 3729 3730
f 3729 3731 3732
f 3731 3733 3734
f 3733 3735 3736
f 3735 3737 3738
f 3737 3739 3740
f 3739 3741 3742
f 3741 3743 3744
f 3743 3745 3746
f 3747 3748 3749
f 3748 3750 3751
f 3750 2698 3752
f 2698 3753 2699
f 3754 2657 2656
f 2662 2665 2663
f 2665 3755 2667
f 2672 2675 2673
f 2675 2679 2677
f 2679 2683 2681
f 3756 2656 2687
f 3757 2698 2697
f 2698 2702 2700
f 2702 3758 2704
f 2706 2709 2707
f 2709 2713 2711
f 2713 2717 2715
f 2717 2721 2719
f 2721 2725 2723
f 2725 2729 2727
f 2729 2733 2731
f 2733 2737 2735
f 2739 2742 2740
f 2742 2746 2744
f 2746 2750 2748
f 2750 3759 2752
f 3760 2750 2754
f 2750 2757 2755
f 2757 2761 2759
f 2761 2765 2763
f 2765 2769 2767
f 2769 2773 2771
f 2773 2777 2775
f 2777 2781 2779
f 2781 2785 2783
f 2785 2789 2787
f 3761 2792 2791
f 2792 2796 2794
f 2796 2800 2798
f 2800 2804 2802
f 2804 2808 2806
f 2808 2812 2810
f 2812 2816 2814
f 2816 2820 2818
f 2820 2823 2822
f 2823 2827 2825
f 2827 2831 2829
f 2831 2835 2833
f 3762 2840 2839
f 2840 2844 2842
f 2844 2848 2846
f 2848 2852 2850
f 2852 2856 2854
f 2856 2860 2858
f 2860 2864 2862
f 2864 2868 2866
f 2873 2876 2874
f 2876 2880 2878
f 2880 2884 2882
f 2884 2888 2886
f 2888 2892 2890
f 2892 2896 2894
f 2896 2900 2898
f 2900 2904 2902
f 2904 2908 2906
f 2908 2912 2910
f 2912 2916 2914
f 2916 2920 2918
f 2922 2925 2923
f 2925 2929 2927
f 2929 2933 2931
f 2933 2937 2935
f 2937 2941 2939
f 2941 2945 2943
f 2945 2949 2947
f 2949 2953 2951
f 2953 2957 2955
f 2959 2962 2960
f 2962 2966 2964
f 2966 2970 2968
f 2970 2974 2972
f 2974 2978 2976
f 2978 2982 2980
f 2982 2986 2984
f 2986 2990 2988
f 2990 2994 2992
f 2994 2998 2996
f 2998 3002 3000
f 3002 3006 3004
f 3006 3010 3008
f 3015 3018 3016
f 3018 3022 3020
f 3022 3026 3024
f 3026 3030 3028
f 3030 3034 3032
f 3034 3038 3036
f 3038 3042 3040
f 3042 3046 3044
f 3048 3051 3049
f 3051 3055 3053
f 3055 3059 3057
f 3763 3064 3063
f 3066 3070 3068
f 3070 3074 3072
f 3074 3078 3076
f 3078 3082 3080
f 3084 3087 3085
f 3087 3091 3089
f 3091 3095 3093
f 3095 3099 3097
f 3099 3103 3101
f 3103 3107 3105
f 3107 3111 3109
f 3111 3115 3113
f 3115 3119 3117
f 3119 3123 3121
f 3123 3127 3125
f 3129 3764 3130
f 3132 3135 3133
f 3135 3139 3137
f 3139 3143 3141
f 3143 3147 3145
f 3147 3151 3149
f 3151 3155 3153
f 3155 3159 3157
f 3159 3765 3161
f 3163 3166 3164
f 3166 3170 3168
f 3170 3174 3172
f 3174 3766 3176
f 3178 3181 3179
f 3181 3185 3183
f 3185 3189 3187
f 3189 3193 3191
f 3193 3197 3195
f 3197 3201 3199
f 3201 3205 3203
f 3205 3767 3207
f 3209 3212 3210
f 3212 3216 3214
f 3218 3221 3219
f 3221 3225 3223
f 3225 3228 3227
f 3228 3232 3230
f 3234 3237 3235
f 3237 3241 3239
f 3241 3245 3243
f 3245 3249 3247
f 3249 3253 3251
f 3255 3258 3256
f 3258 3262 3260
f 3264 3267 3265
f 3267 3271 3269
f 3271 3275 3273
f 3275 3279 3277
f 3279 3283 3281
f 3285 3288 3286
f 3288 3292 3290
f 3292 3296 3294
f 3296 3300 3298
f 3300 3304 3302
f 3768 3307 3306
f 3307 3311 3309
f 3769 3314 3313
f 3314 3318 3316
f 3318 3322 3320
f 3322 3326 3324
f 3326 3330 3328
f 3330 3334 3332
f 3334 3338 3336
f 3338 3342 3340
f 3342 3346 3344
f 3346 3350 3348
f 3770 3356 3355
f 3356 3360 3358
f 3360 3364 3362
f 3364 3368 3366
f 3368 3372 3370
f 3372 3376 3374
f 3376 3380 3378
f 3380 3384 3382
f 3384 3388 3386
f 3388 3392 3390
f 3392 3396 3394
f 3401 3404 3402
f 3404 3408 3406
f 3408 3412 3410
f 3412 3416 3414
f 3418 3771 3419
f 3772 3425 3424
f 3773 3428 3427
f 3433 3436 3434
f 3436 3440 3438
f 3440 3444 3442
f 3774 3429 3446
f 3450 3775 3451
f 3453 3456 3454
f 3456 3460 3458
f 3460 3464 3462
f 3776 3418 3466
f 3467 3470 3468
f 3470 3474 3472
f 3474 3478 3476
f 3478 3482 3480
f 3482 3777 3484
f 3486 3489 3487
f 3489 3493 3491
f 3493 3497 3495
f 3497 3501 3499
f 3501 3505 3503
f 3505 3509 3507
f 3509 3513 3511
f 3513 3517 3515
f 3517 3521 3519
f 3521 3525 3523
f 3525 3778 3527
f 3779 3530 3529
f 3780 3533 3532
f 3535 3538 3536
f 3538 3542 3540
f 3542 3546 3544
f 3781 3534 3548
f 3549 3552 3550
f 3552 3556 3554
f 3556 3560 3558
f 3560 3782 3562
f 3564 3566 3530
f 3566 3568 3567
f 3570 3573 3571
f 3573 3577 3575
f 3577 3581 3579
f 3783 3587 3586
f 3587 3591 3589
f 3591 3595 3593
f 3784 3569 3599
f 3600 3603 3601
f 3603 3607 3605
f 3607 3611 3609
f 3613 3616 3614
f 3616 3620 3618
f 3620 3624 3622
f 3624 3628 3626
f 3628 3632 3630
f 3632 3636 3634
f 3636 3640 3638
f 3640 3644 3642
f 3644 3648 3646
f 3648 3652 3650
f 3656 3659 3657
f 3659 3663 3661
f 3663 3667 3665
f 3667 3671 3669
f 3671 3675 3673
f 3675 3679 3677
f 3679 3785 3681
f 3683 3686 3684
f 3686 3690 3688
f 3690 3694 3692
f 3694 3698 3696
f 3698 3702 3700
f 3702 3706 3704
f 3706 3710 3708
f 3710 3714 3712
f 3714 3718 3716
f 3718 3722 3720
f 3722 3786 3724
f 3726 3729 3727
f 3729 3733 3731
f 3735 3739 3737
f 3739 3743 3741
f 3743 3787 3745
f 3788 3748 3747
f 3748 2698 3750
f 2698 3789 3753
f 3790 2657 3754
f 3791 2665 2662
f 2665 3792 3755
f 2672 2679 2675
f 2679 2685 2683
f 3793 2656 3756
f 3794 2698 3757
f 2698 3758 2702
f 2706 2713 2709
f 2713 2721 2717
f 2721 2729 2725
f 2729 2737 2733
f 3795 2742 2739
f 2742 2750 2746
f 2750 3796 3759
f 3797 2750 3760
f 2750 2761 2757
f 2761 2769 2765
f 2769 2777 2773
f 2777 2785 2781
f 2785 3798 2789
f 3761 2796 2792
f 2796 2804 2800
f 2804 2812 2808
f 2812 2820 2816
f 2823 2831 2827
f 2831 2837 2835
f 3762 2844 2840
f 2844 2852 2848
f 2852 2860 2856
f 2860 2868 2864
f 2873 2880 2876
f 2880 2888 2884
f 2888 2896 2892
f 2896 2904 2900
f 2904 2912 2908
f 2912 2920 2916
f 2922 2929 2925
f 2929 2937 2933
f 2937 2945 2941
f 2945 2953 2949
f 3799 2962 2959
f 2962 2970 2966
f 2970 2978 2974
f 2978 2986 2982
f 2986 2994 2990
f 2994 3002 2998
f 3002 3010 3006
f 3800 3018 3015
f 3018 3026 3022
f 3026 3034 3030
f 3034 3042 3038
f 3042 3801 3046
f 3048 3055 3051
f 3055 3061 3059
f 3763 3066 3064
f 3066 3074 3070
f 3074 3082 3078
f 3802 3087 3084
f 3087 3095 3091
f 3095 3103 3099
f 3103 3111 3107
f 3111 3119 3115
f 3119 3127 3123
f 3132 3139 3135
f 3139 3147 3143
f 3147 3155 3151
f 3155 3765 3159
f 3163 3170 3166
f 3170 3766 3174
f 3803 3181 3178
f 3181 3189 3185
f 3189 3197 3193
f 3197 3205 3201
f 3205 3804 3767
f 3805 3212 3209
f 3212 3806 3216
f 3807 3221 3218
f 3221 3228 3225
f 3808 3237 3234
f 3237 3245 3241
f 3245 3253 3249
f 3809 3258 3255
f 3258 3810 3262
f 3264 3271 3267
f 3271 3279 3275
f 3279 3811 3283
f 3812 3288 3285
f 3288 3296 3292
f 3296 3304 3300
f 3768 3311 3307
f 3813 3314 3769
f 3314 3322 3318
f 3322 3330 3326
f 3330 3338 3334
f 3338 3346 3342
f 3346 3814 3350
f 3770 3360 3356
f 3360 3368 3364
f 3368 3376 3372
f 3376 3384 3380
f 3384 3392 3388
f 3392 3815 3396
f 3401 3408 3404
f 3412 3816 3416
f 3418 3421 3771
f 3772 3817 3425
f 3818 3428 3773
f 3433 3440 3436
f 3819 3429 3774
f 3453 3460 3456
f 3460 3820 3464
f 3821 3418 3776
f 3467 3474 3470
f 3474 3482 3478
f 3822 3489 3486
f 3489 3497 3493
f 3497 3505 3501
f 3505 3513 3509
f 3513 3521 3517
f 3521 3778 3525
f 3779 3823 3530
f 3824 3533 3780
f 3535 3542 3538
f 3542 3825 3546
f 3826 3534 3781
f 3549 3556 3552
f 3556 3782 3560
f 3827 3566 3564
f 3566 3828 3568
f 3570 3577 3573
f 3783 3591 3587
f 3591 3597 3595
f 3829 3569 3784
f 3830 3603 3600
f 3603 3611 3607
f 3611 3616 3613
f 3616 3624 3620
f 3624 3632 3628
f 3632 3640 3636
f 3640 3648 3644
f 3648 3654 3652
f 3831 3659 3656
f 3659 3667 3663
f 3667 3675 3671
f 3675 3785 3679
f 3683 3690 3686
f 3690 3698 3694
f 3698 3706 3702
f 3706 3714 3710
f 3714 3722 3718
f 3722 3832 3786
f 3726 3733 3729
f 3739 3787 3743
f 3833 3748 3788
f 3748 3789 2698
f 3834 2657 3790
f 3791 3792 2665
f 3835 2679 2672
f 3836 2698 3794
f 2698 3837 3758
f 2706 2721 2713
f 2729 3838 2737
f 3839 2742 3795
f 2742 3796 2750
f 3840 2750 3797
f 2750 2769 2761
f 2785 3841 3798
f 3842 2796 3761
f 2796 2812 2804
f 2812 2823 2820
f 2823 2837 2831
f 3843 2844 3762
f 2860 3844 2868
f 2873 2888 2880
f 2888 2904 2896
f 2904 2920 2912
f 3845 2929 2922
f 2937 2953 2945
f 3846 2962 3799
f 2970 2986 2978
f 2986 3002 2994
f 3800 3026 3018
f 3034 3801 3042
f 3847 3055 3048
f 3055 3848 3061
f 3849 3066 3763
f 3066 3082 3074
f 3802 3095 3087
f 3095 3111 3103
f 3111 3127 3119
f 3850 3139 3132
f 3139 3155 3147
f 3155 3851 3765
f 3852 3170 3163
f 3170 3853 3766
f 3803 3189 3181
f 3189 3205 3197
f 3805 3806 3212
f 3854 3221 3807
f 3221 3232 3228
f 3808 3245 3237
f 3245 3855 3253
f 3809 3810 3258
f 3856 3271 3264
f 3271 3811 3279
f 3812 3296 3288
f 3296 3857 3304
f 3858 3311 3768
f 3859 3314 3813
f 3314 3330 3322
f 3330 3346 3338
f 3346 3860 3814
f 3861 3360 3770
f 3376 3392 3384
f 3392 3862 3815
f 3863 3408 3401
f 3412 3864 3816
f 3418 3422 3421
f 3772 3865 3817
f 3866 3428 3818
f 3433 3444 3440
f 3867 3429 3819
f 3868 3460 3453
f 3460 3869 3820
f 3870 3418 3821
f 3871 3474 3467
f 3474 3777 3482
f 3822 3497 3489
f 3497 3513 3505
f 3521 3872 3778
f 3873 3533 3824
f 3874 3542 3535
f 3875 3534 3826
f 3549 3782 3556
f 3876 3566 3827
f 3566 3877 3828
f 3878 3577 3570
f 3783 3597 3591
f 3879 3569 3829
f 3830 3611 3603
f 3611 3624 3616
f 3632 3648 3640
f 3648 3880 3654
f 3831 3667 3659
f 3667 3785 3675
f 3881 3690 3683
f 3690 3706 3698
f 3706 3722 3714
f 3722 3882 3832
f 3883 3733 3726
f 3739 3884 3787
f 3833 3789 3748
f 3885 2657 3834
f 3886 3792 3791
f 3835 2685 2679
f 3887 2698 3836
f 2698 3888 3837
f 2729 3889 3838
f 2742 3890 3796
f 3891 2750 3840
f 3892 2796 3842
f 2823 3893 2837
f 3894 2844 3843
f 2860 3895 3844
f 3896 2888 2873
f 2904 3897 2920
f 3845 2937 2929
f 2937 2957 2953
f 3898 2962 3846
f 2986 3010 3002
f 3899 3026 3800
f 3034 3900 3801
f 3847 3848 3055
f 3901 3066 3849
f 3902 3095 3802
f 3111 3903 3127
f 3904 3139 3850
f 3139 3851 3155
f 3852 3853 3170
f 3905 3189 3803
f 3189 3804 3205
f 3906 3806 3805
f 3907 3221 3854
f 3221 3908 3232
f 3909 3245 3808
f 3245 3910 3855
f 3911 3810 3809
f 3912 3271 3856
f 3913 3296 3812
f 3296 3914 3857
f 3858 3915 3311
f 3916 3314 3859
f 3314 3346 3330
f 3917 3360 3861
f 3376 3862 3392
f 3412 3918 3864
f 3418 3919 3422
f 3920 3428 3866
f 3921 3444 3433
f 3922 3429 3867
f 3868 3869 3460
f 3923 3418 3870
f 3871 3777 3474
f 3924 3497 3822
f 3521 3925 3872
f 3926 3533 3873
f 3874 3825 3542
f 3927 3534 3875
f 3928 3782 3549
f 3929 3566 3876
f 3566 3930 3877
f 3878 3581 3577
f 3931 3597 3783
f 3932 3569 3879
f 3933 3611 3830
f 3632 3880 3648
f 3934 3667 3831
f 3667 3935 3785
f 3881 3706 3690
f 3706 3882 3722
f 3936 3733 3883
f 3739 3937 3884
f 3938 3789 3833
f 3885 3939 2657
f 3886 3940 3792
f 3941 2685 3835
f 3942 2698 3887
f 2729 3943 3889
f 3839 3890 2742
f 3944 2750 3891
f 3945 2796 3892
f 2823 3946 3893
f 3947 2844 3894
f 2860 3948 3895
f 3896 2904 2888
f 2904 3949 3897
f 3950 2937 3845
f 2937 3951 2957
f 3952 2962 3898
f 2986 3953 3010
f 3954 3026 3899
f 3034 3955 3900
f 3956 3848 3847
f 3957 3066 3901
f 3958 3095 3902
f 3111 3959 3903
f 3960 3139 3904
f 3139 3961 3851
f 3852 3962 3853
f 3963 3189 3905
f 3189 3964 3804
f 3965 3806 3906
f 3966 3221 3907
f 3909 3910 3245
f 3967 3810 3911
f 3968 3271 3912
f 3969 3296 3913
f 3858 3970 3915
f 3971 3314 3916
f 3314 3860 3346
f 3917 3368 3360
f 3376 3972 3862
f 3412 3973 3918
f 3418 3974 3919
f 3975 3428 3920
f 3921 3976 3444
f 3977 3429 3922
f 3868 3978 3869
f 3979 3418 3923
f 3980 3777 3871
f 3981 3497 3924
f 3513 3925 3521
f 3926 3982 3533
f 3874 3983 3825
f 3984 3534 3927
f 3928 3985 3782
f 3986 3566 3929
f 3566 3987 3930
f 3987 3581 3878
f 3931 3932 3597
f 3932 3988 3569
f 3933 3624 3611
f 3632 3989 3880
f 3990 3667 3934
f 3667 3991 3935
f 3706 3992 3882
f 3993 3733 3936
f 3739 3994 3937
f 3995 3789 3938
f 3885 2659 3939
f 3886 3996 3940
f 3941 3997 2685
f 3998 2698 3942
f 2729 3999 3943
f 4000 3890 3839
f 4001 2750 3944
f 4002 2796 3945
f 2823 4003 3946
f 4004 2844 3947
f 2860 4005 3948
f 4006 2904 3896
f 2904 4007 3949
f 4008 2937 3950
f 2937 4009 3951
f 4010 2962 3952
f 4011 3026 3954
f 3034 4012 3955
f 4013 3848 3956
f 3957 3082 3066
f 4014 3095 3958
f 3111 4015 3959
f 3139 4016 3961
f 3852 4017 3962
f 3189 4018 3964
f 3965 4019 3806
f 4020 3221 3966
f 4021 3910 3909
f 4022 3810 3967
f 4023 3271 3968
f 4024 3296 3969
f 3858 4025 3970
f 4026 3314 3971
f 3314 4027 3860
f 4028 3368 3917
f 3376 4029 3972
f 3412 4030 3973
f 3418 3772 3974
f 4031 3428 3975
f 4032 3429 3977
f 3868 4033 3978
f 4034 3418 3979
f 4035 3777 3980
f 4036 3497 3981
f 3513 4037 3925
f 3926 4038 3982
f 4039 3534 3984
f 3928 4040 3985
f 4041 3566 3986
f 3566 3581 3987
f 3931 3988 3932
f 4042 3624 3933
f 3632 4043 3989
f 4044 3667 3990
f 3667 4045 3991
f 3706 4046 3992
f 3735 3994 3739
f 4047 3789 3995
f 4048 3996 3886
f 4049 2698 3998
f 2729 4050 3999
f 4051 3890 4000
f 4052 2750 4001
f 4053 2796 4002
f 4054 2844 4004
f 2860 4055 4005
f 4056 2904 4006
f 2904 4057 4007
f 4058 2937 4008
f 2937 4059 4009
f 4010 2970 2962
f 4060 3026 4011
f 4061 3848 4013
f 4062 3082 3957
f 4063 3095 4014
f 3111 4064 4015
f 3139 4065 4016
f 3852 4066 4017
f 3189 4067 4018
f 4068 4019 3965
f 4069 3221 4020
f 4070 3910 4021
f 4022 4071 3810
f 4023 3811 3271
f 4072 3296 4024
f 3858 4073 4025
f 4074 3314 4026
f 3314 4075 4027
f 4076 3368 4028
f 3376 4077 4029
f 3408 4030 3412
f 4078 3428 4031
f 4079 3429 4032
f 4080 3418 4034
f 4081 3777 4035
f 4082 3497 4036
f 3513 4083 4037
f 3926 4084 4038
f 4085 3534 4039
f 3928 4086 4040
f 4086 3566 4041
f 3566 4087 3581
f 4088 3988 3931
f 3632 4089 4043
f 4090 3667 4044
f 3706 4091 4046
f 3735 4092 3994
f 4093 3789 4047
f 4094 2698 4049
f 2729 4095 4050
f 4096 3890 4051
f 4052 2769 2750
f 4053 2812 2796
f 4054 2852 2844
f 4097 2904 4056
f 2904 4098 4057
f 2937 4099 4059
f 4100 2970 4010
f 4101 3026 4060
f 4061 4102 3848
f 4103 3082 4062
f 4104 3095 4063
f 3111 4105 4064
f 3139 4106 4065
f 3852 4107 4066
f 3963 4067 3189
f 4108 4019 4068
f 4109 3221 4069
f 4110 3910 4070
f 4022 4111 4071
f 4112 3811 4023
f 4113 3296 4072
f 3858 4114 4073
f 4115 3314 4074
f 3314 4116 4075
f 4117 3368 4076
f 3376 4118 4077
f 3408 4119 4030
f 4120 3428 4078
f 4079 4121 3429
f 4122 3418 4080
f 4081 4123 3777
f 4124 3497 4082
f 3513 4125 4083
f 3926 4126 4084
f 4127 3534 4085
f 3566 4128 4087
f 4129 3988 4088
f 3632 4130 4089
f 4131 3667 4090
f 3706 4132 4091
f 3735 4133 4092
f 4093 4134 3789
f 4094 3888 2698
f 2729 4135 4095
f 4136 3890 4096
f 4137 2769 4052
f 4138 2812 4053
f 4139 2852 4054
f 4140 2904 4097
f 2904 4141 4098
f 2937 4142 4099
f 4143 2970 4100
f 4144 3026 4101
f 4145 4102 4061
f 4146 3082 4103
f 4147 3095 4104
f 3111 4148 4105
f 3139 4149 4106
f 4150 4067 3963
f 4151 4019 4108
f 4109 3908 3221
f 4152 3910 4110
f 4022 4153 4111
f 4154 3811 4112
f 4155 3296 4113
f 3858 4156 4114
f 4115 4116 3314
f 3376 4157 4118
f 3408 4158 4119
f 4159 3428 4120
f 4079 4160 4121
f 4033 3418 4122
f 4161 4123 4081
f 3513 4162 4125
f 4163 3534 4127
f 3566 4164 4128
f 4165 3988 4129
f 3632 4166 4130
f 4167 3667 4131
f 3706 4168 4132
f 3735 4169 4133
f 4093 4170 4134
f 4171 3888 4094
f 2729 4172 4135
f 4136 4173 3890
f 4174 2769 4137
f 4175 2812 4138
f 4176 2852 4139
f 4177 2904 4140
f 4058 4142 2937
f 4178 2970 4143
f 4179 3026 4144
f 4180 4102 4145
f 4181 3082 4146
f 4182 3095 4147
f 3111 4183 4148
f 3139 4184 4149
f 4185 4067 4150
f 4151 4186 4019
f 4187 3908 4109
f 4188 3910 4152
f 4189 4153 4022
f 4154 4190 3811
f 4191 3296 4155
f 3858 4192 4156
f 4193 4116 4115
f 3376 4194 4157
f 3408 4195 4158
f 4196 3428 4159
f 4079 4197 4160
f 4033 4198 3418
f 4161 4199 4123
f 3513 4200 4162
f 4201 3534 4163
f 3566 4202 4164
f 4165 4203 3988
f 3632 4204 4166
f 4205 3667 4167
f 3706 4206 4168
f 3733 4169 3735
f 4093 4207 4170
f 4208 3888 4171
f 2729 4209 4172
f 4210 4173 4136
f 4211 2769 4174
f 4212 2812 4175
f 4213 2852 4176
f 4214 2904 4177
f 4058 4215 4142
f 4216 2970 4178
f 4217 3026 4179
f 4180 4218 4102
f 4219 3082 4181
f 4220 3095 4182
f 3111 4221 4183
f 3960 4184 3139
f 4185 4222 4067
f 4223 4186 4151
f 4224 3908 4187
f 4225 3910 4188
f 4189 4226 4153
f 4227 4190 4154
f 4228 3296 4191
f 3858 4229 4192
f 4230 4116 4193
f 3376 4231 4194
f 3408 4232 4195
f 4233 3428 4196
f 4079 3447 4197
f 4033 4234 4198
f 4161 4235 4199
f 3513 4236 4200
f 4237 3534 4201
f 3566 3583 4202
f 4165 4238 4203
f 3632 4239 4204
f 4205 4045 3667
f 3706 4240 4206
f 3733 4241 4169
f 4093 4242 4207
f 4243 3888 4208
f 2729 4244 4209
f 4210 4245 4173
f 4246 2769 4211
f 4247 2812 4212
f 4213 2860 2852
f 4248 2904 4214
f 4058 4249 4215
f 4250 2970 4216
f 4217 3034 3026
f 4251 4218 4180
f 4252 3082 4219
f 4253 3095 4220
f 3960 4254 4184
f 4185 4255 4222
f 4256 4186 4223
f 4257 3908 4224
f 4225 4258 3910
f 4189 4259 4226
f 4227 4260 4190
f 4228 3914 3296
f 4261 4116 4230
f 3376 4262 4231
f 3408 4263 4232
f 4233 4264 3428
f 4079 3448 3447
f 4033 4265 4234
f 4266 4235 4161
f 3513 4267 4236
f 4268 3534 4237
f 3566 3584 3583
f 4165 4269 4238
f 3632 4270 4239
f 4271 4045 4205
f 3706 4272 4240
f 3733 4273 4241
f 4093 4274 4242
f 4275 3888 4243
f 2729 4276 4244
f 4210 4277 4245
f 4278 2769 4246
f 4279 2812 4247
f 4280 2860 4213
f 4281 2904 4248
f 4058 4282 4249
f 4283 2970 4250
f 4284 3034 4217
f 4285 4218 4251
f 4286 3082 4252
f 4287 3095 4253
f 3960 4288 4254
f 4185 4289 4255
f 4256 4290 4186
f 4291 3908 4257
f 4225 4292 4258
f 4189 4293 4259
f 4227 4294 4260
f 4295 3914 4228
f 4296 4116 4261
f 3376 4297 4262
f 3408 4298 4263
f 4299 4264 4233
f 4079 4300 3448
f 4033 4301 4265
f 4266 4302 4235
f 3513 4303 4267
f 4304 3534 4268
f 3566 4305 3584
f 4165 4306 4269
f 3632 4307 4270
f 4308 4045 4271
f 3706 4309 4272
f 3733 4310 4273
f 4093 4311 4274
f 4312 3888 4275
f 2729 4313 4276
f 4210 4314 4277
f 4315 2769 4278
f 4316 2812 4279
f 4317 2860 4280
f 4318 2904 4281
f 4058 4319 4282
f 4320 2970 4283
f 4321 3034 4284
f 4285 4322 4218
f 4323 3082 4286
f 4324 3095 4287
f 3960 4325 4288
f 4185 4326 4289
f 4326 4290 4256
f 4327 3908 4291
f 4225 4328 4292
f 4189 4329 4293
f 4227 4330 4294
f 4331 3914 4295
f 4332 4116 4296
f 3376 4333 4297
f 3863 4298 3408
f 4299 4334 4264
f 4079 4335 4300
f 4033 4336 4301
f 4266 4337 4302
f 3513 4338 4303
f 4339 3534 4304
f 4086 4305 3566
f 4165 4340 4306
f 3624 4307 3632
f 4341 4045 4308
f 3706 4342 4309
f 3993 4310 3733
f 4093 4343 4311
f 4344 3888 4312
f 2729 4345 4313
f 4210 4346 4314
f 4347 2769 4315
f 4348 2812 4316
f 4349 2860 4317
f 4350 2904 4318
f 4351 4319 4058
f 4352 2970 4320
f 4353 3034 4321
f 4012 4322 4285
f 4323 4354 3082
f 4355 3095 4324
f 3960 4356 4325
f 4185 4290 4326
f 4357 3908 4327
f 4358 4328 4225
f 4359 4329 4189
f 4360 4330 4227
f 4330 3914 4331
f 4361 4116 4332
f 3376 4362 4333
f 3863 4363 4298
f 4299 4364 4334
f 4079 4365 4335
f 4033 4366 4336
f 4266 4367 4337
f 3513 4368 4338
f 4369 3534 4339
f 4086 4370 4305
f 4371 4340 4165
f 3624 4372 4307
f 4373 4045 4341
f 3706 4374 4342
f 4375 4310 3993
f 4376 4343 4093
f 4377 3888 4344
f 2729 4378 4345
f 4210 4379 4346
f 4380 2769 4347
f 4381 2812 4348
f 4382 2860 4349
f 4383 2904 4350
f 4351 4384 4319
f 4385 2970 4352
f 4386 3034 4353
f 3034 4322 4012
f 4323 4387 4354
f 4388 3095 4355
f 3960 4389 4356
f 4390 4290 4185
f 4391 3908 4357
f 4358 4392 4328
f 4359 4393 4329
f 4360 3914 4330
f 4394 4116 4361
f 3376 4395 4362
f 3863 4396 4363
f 4299 4397 4364
f 4079 3450 4365
f 4033 4398 4366
f 4266 4399 4367
f 3513 4400 4368
f 4401 3534 4369
f 4086 4402 4370
f 4371 4403 4340
f 3624 4404 4372
f 4405 4045 4373
f 3706 4406 4374
f 4375 4407 4310
f 4376 4408 4343
f 4409 3888 4377
f 2729 4410 4378
f 4411 4379 4210
f 4412 2769 4380
f 4413 2812 4381
f 4414 2860 4382
f 4415 2904 4383
f 4351 4416 4384
f 4417 2970 4385
f 4418 3034 4386
f 3034 4419 4322
f 4323 4420 4387
f 4421 3095 4388
f 3960 4422 4389
f 4423 4290 4390
f 4424 3908 4391
f 4358 4425 4392
f 4426 4393 4359
f 4427 3914 4360
f 4428 4116 4394
f 3376 4429 4395
f 3863 4430 4396
f 4299 4431 4397
f 4079 3775 3450
f 4033 4432 4398
f 4266 4433 4399
f 3513 4434 4400
f 4435 3534 4401
f 4086 4436 4402
f 4371 4437 4403
f 3624 4438 4404
f 4439 4045 4405
f 3706 4440 4406
f 4375 4441 4407
f 4376 4442 4408
f 4443 3888 4409
f 2721 4410 2729
f 4411 4444 4379
f 4445 2769 4412
f 4446 2812 4413
f 4447 2860 4414
f 4448 2904 4415
f 4351 4449 4416
f 4417 2986 2970
f 4450 3034 4418
f 3034 4451 4419
f 4323 4452 4420
f 4421 3111 3095
f 3960 4453 4422
f 4423 4454 4290
f 4455 3908 4424
f 4358 4456 4425
f 4426 4457 4393
f 4458 3914 4427
f 4459 4116 4428
f 3376 4460 4429
f 3863 4461 4430
f 4079 4462 3775
f 4033 4463 4432
f 4266 4464 4433
f 3497 4434 3513
f 4435 4465 3534
f 4086 4466 4436
f 4371 4467 4437
f 3624 4468 4438
f 4469 4045 4439
f 3706 4470 4440
f 4375 4471 4441
f 4376 4472 4442
f 4473 3888 4443
f 2721 4474 4410
f 4411 4475 4444
f 4476 2769 4445
f 4477 2812 4446
f 4478 2860 4447
f 4479 2904 4448
f 4351 4480 4449
f 4481 2986 4417
f 4482 3034 4450
f 3034 4483 4451
f 4323 4484 4452
f 4485 3111 4421
f 3960 4486 4453
f 4487 4454 4423
f 4488 3908 4455
f 4489 4456 4358
f 4426 4490 4457
f 4491 3914 4458
f 4492 4116 4459
f 3368 4460 3376
f 3863 4493 4461
f 4079 4494 4462
f 4033 4495 4463
f 4266 4496 4464
f 3497 4497 4434
f 4435 4498 4465
f 4086 4499 4466
f 4371 4500 4467
f 3624 4501 4468
f 4502 4045 4469
f 3706 4503 4470
f 4504 4471 4375
f 4376 4505 4472
f 4506 3888 4473
f 2721 4507 4474
f 4411 4508 4475
f 4509 2769 4476
f 4510 2812 4477
f 4511 2860 4478
f 4479 4141 2904
f 4351 4512 4480
f 4513 2986 4481
f 4482 4483 3034
f 4514 3111 4485
f 3960 4515 4486
f 4487 4516 4454
f 4488 4517 3908
f 4489 4518 4456
f 4426 4519 4490
f 4491 4520 3914
f 4521 4116 4492
f 3368 4522 4460
f 3863 4523 4493
f 4079 4524 4494
f 4033 4525 4495
f 4266 4526 4496
f 3497 4527 4497
f 3928 4499 4086
f 4371 4528 4500
f 3624 4529 4501
f 4530 4045 4502
f 3706 4531 4503
f 4504 4532 4471
f 4376 4533 4505
f 4534 3888 4506
f 2721 4535 4507
f 4536 4508 4411
f 4537 2769 4509
f 4538 2812 4510
f 4539 2860 4511
f 4540 4141 4479
f 4351 4541 4512
f 4542 2986 4513
f 4543 4483 4482
f 4544 3111 4514
f 3960 4545 4515
f 4546 4516 4487
f 4488 4489 4517
f 4489 4547 4518
f 4547 4519 4426
f 4491 4548 4520
f 4549 4116 4521
f 3368 4550 4522
f 3863 4551 4523
f 4033 4552 4525
f 4266 4553 4526
f 3497 4554 4527
f 3928 4555 4499
f 4371 4556 4528
f 3624 4557 4529
f 4558 4045 4530
f 3881 4531 3706
f 4504 4559 4532
f 4560 4533 4376
f 4561 3888 4534
f 2721 4562 4535
f 4536 4563 4508
f 4564 2769 4537
f 4565 2812 4538
f 4539 4055 2860
f 4566 4141 4540
f 4351 4567 4541
f 4568 2986 4542
f 4569 4483 4543
f 4570 3111 4544
f 4571 4545 3960
f 4546 4572 4516
f 4488 4547 4489
f 4547 4573 4519
f 4491 4574 4548
f 4575 4116 4549
f 3368 4576 4550
f 3863 4577 4551
f 4033 4578 4552
f 4266 4579 4553
f 3497 4580 4554
f 3928 4581 4555
f 4371 4582 4556
f 3624 4583 4557
f 4584 4045 4558
f 3881 4585 4531
f 4504 4586 4559
f 4560 4587 4533
f 4588 3888 4561
f 2721 4589 4562
f 4536 4590 4563
f 4591 2769 4564
f 4592 2812 4565
f 4593 4055 4539
f 4594 4141 4566
f 4351 4595 4567
f 4596 2986 4568
f 4597 4483 4569
f 4598 3111 4570
f 4571 4599 4545
f 4546 4600 4572
f 4601 4547 4488
f 4547 4602 4573
f 4491 4603 4574
f 4604 4116 4575
f 3368 4605 4576
f 3863 4606 4577
f 4033 4607 4578
f 4608 4579 4266
f 4124 4580 3497
f 3928 4609 4581
f 4371 4610 4582
f 3624 4611 4583
f 4612 4045 4584
f 3881 4613 4585
f 4504 4614 4586
f 4615 4587 4560
f 4616 3888 4588
f 2721 4617 4589
f 4536 4618 4590
f 4619 2769 4591
f 4592 2823 2812
f 4620 4055 4593
f 4621 4141 4594
f 4141 4595 4351
f 4622 2986 4596
f 4623 4483 4597
f 4624 3111 4598
f 4625 4599 4571
f 4546 4626 4600
f 4627 4547 4601
f 4547 4628 4602
f 4629 4603 4491
f 4630 4116 4604
f 3368 4631 4605
f 3863 4632 4606
f 4033 4633 4607
f 4608 4634 4579
f 4635 4580 4124
f 4636 4609 3928
f 4371 4637 4610
f 3624 4638 4611
f 4639 4045 4612
f 3881 4640 4613
f 4504 4641 4614
f 4615 4642 4587
f 4643 3888 4616
f 2721 4644 4617
f 4645 4618 4536
f 4646 2769 4619
f 4647 2823 4592
f 4648 4055 4620
f 4649 4141 4621
f 4141 4650 4595
f 4651 2986 4622
f 4652 4483 4623
f 4653 3111 4624
f 4625 4654 4599
f 4546 4655 4626
f 4627 4628 4547
f 4629 4656 4603
f 4657 4116 4630
f 3368 4658 4631
f 4659 4632 3863
f 4033 4660 4633
f 4608 4661 4634
f 4661 4580 4635
f 4636 4662 4609
f 4371 4663 4637
f 3624 4664 4638
f 4665 4045 4639
f 3881 4666 4640
f 4504 4667 4641
f 4615 4668 4642
f 4643 4669 3888
f 2721 4670 4644
f 4645 4671 4618
f 4646 2777 2769
f 4672 2823 4647
f 4673 4055 4648
f 4674 4141 4649
f 4141 4675 4650
f 4676 2986 4651
f 4677 4483 4652
f 4678 3111 4653
f 4679 4654 4625
f 4546 4680 4655
f 4681 4628 4627
f 4629 4682 4656
f 4683 4116 4657
f 4117 4658 3368
f 4659 4684 4632
f 4033 4685 4660
f 4661 4686 4580
f 4636 4687 4662
f 4688 4663 4371
f 4042 4664 3624
f 4689 4045 4665
f 3881 4690 4666
f 4691 4667 4504
f 4692 4668 4615
f 4693 4669 4643
f 2721 4694 4670
f 4645 4695 4671
f 4696 2777 4646
f 4697 2823 4672
f 4673 2870 4055
f 4698 4141 4674
f 4141 4699 4675
f 4700 2986 4676
f 4701 4483 4677
f 4702 3111 4678
f 4703 4654 4679
f 4704 4680 4546
f 4705 4628 4681
f 4683 4706 4116
f 4707 4658 4117
f 4659 4708 4684
f 4033 4709 4685
f 4661 4710 4686
f 4636 4711 4687
f 4712 4663 4688
f 4713 4664 4042
f 4689 4714 4045
f 3881 4715 4690
f 4691 4716 4667
f 4692 4717 4668
f 4693 2706 4669
f 2706 4694 2721
f 4645 4718 4695
f 4719 2777 4696
f 4720 2823 4697
f 4721 2870 4673
f 4722 4141 4698
f 4141 4723 4699
f 4724 2986 4700
f 4725 4483 4701
f 4726 3111 4702
f 4727 4654 4703
f 4704 4728 4680
f 4729 4628 4705
f 4730 4706 4683
f 4731 4658 4707
f 4659 4732 4708
f 4033 4733 4709
f 4661 3779 4710
f 4636 4734 4711
f 4712 4735 4663
f 4713 4736 4664
f 4689 3881 4714
f 3881 4737 4715
f 4691 4738 4716
f 2706 4739 4694
f 4645 4740 4718
f 4741 2777 4719
f 4742 2823 4720
f 4721 2871 2870
f 4743 4141 4722
f 4141 4744 4723
f 4745 2986 4724
f 4746 4483 4725
f 4747 3111 4726
f 4727 4748 4654
f 4704 4749 4728
f 4750 4628 4729
f 4730 4751 4706
f 4752 4658 4731
f 4753 4732 4659
f 4033 4754 4733
f 4608 3779 4661
f 4636 4755 4734
f 4756 4735 4712
f 4713 4757 4736
f 4758 3881 4689
f 3881 4759 4737
f 4691 4760 4738
f 2706 4761 4739
f 4645 4762 4740
f 4763 2777 4741
f 4764 2823 4742
f 4721 4765 2871
f 4766 4141 4743
f 4141 4767 4744
f 4768 2986 4745
f 4769 4483 4746
f 4770 3111 4747
f 4727 3852 4748
f 4704 4771 4749
f 4772 4628 4750
f 4730 4773 4751
f 4774 4658 4752
f 4753 3418 4732
f 4033 4775 4754
f 4776 3779 4608
f 4777 4755 4636
f 4756 4778 4735
f 4713 4779 4757
f 4758 4759 3881
f 4691 4780 4760
f 2706 4781 4761
f 4645 4782 4762
f 4783 2777 4763
f 4784 2823 4764
f 4721 4785 4765
f 4786 4141 4766
f 4141 4787 4767
f 4788 2986 4768
f 4789 4483 4769
f 4790 3111 4770
f 4791 3852 4727
f 4704 4792 4771
f 4772 4793 4628
f 4229 4773 4730
f 4774 4794 4658
f 4795 3418 4753
f 4033 4796 4775
f 4797 3779 4776
f 4777 4798 4755
f 4799 4778 4756
f 4800 4779 4713
f 4801 4759 4758
f 4802 4780 4691
f 2706 4803 4781
f 4645 4804 4782
f 4805 2777 4783
f 4721 4806 4785
f 4807 4141 4786
f 4141 4808 4787
f 4809 2986 4788
f 4810 4483 4789
f 4811 3111 4790
f 4791 4107 3852
f 4704 4812 4792
f 4813 4793 4772
f 4229 4814 4773
f 4774 4815 4794
f 4816 3418 4795
f 4033 4817 4796
f 4818 3779 4797
f 4819 4798 4777
f 4799 4820 4778
f 4800 4821 4779
f 4822 4759 4801
f 4802 4823 4780
f 2706 4824 4803
f 4645 4825 4804
f 4805 2785 2777
f 4721 4826 4806
f 4827 4141 4807
f 4141 4828 4808
f 4829 2986 4809
f 4830 4483 4810
f 4831 3111 4811
f 4832 4107 4791
f 4704 4833 4812
f 4813 4834 4793
f 4229 4835 4814
f 4836 4815 4774
f 4816 3772 3418
f 4033 4837 4817
f 4818 3823 3779
f 4838 4798 4819
f 4799 4839 4820
f 4800 4840 4821
f 4841 4759 4822
f 4802 4842 4823
f 2706 4843 4824
f 4645 4844 4825
f 4845 2785 4805
f 4721 4846 4826
f 4847 4141 4827
f 4141 4848 4828
f 4849 2986 4829
f 4850 4483 4830
f 4831 4221 3111
f 4851 4107 4832
f 4704 4852 4833
f 4853 4834 4813
f 4229 4854 4835
f 4836 4855 4815
f 4856 3772 4816
f 4033 4857 4837
f 4858 3823 4818
f 4838 4859 4798
f 4860 4839 4799
f 4839 4840 4800
f 4861 4759 4841
f 4862 4842 4802
f 2706 4863 4843
f 4645 4864 4844
f 4865 2785 4845
f 4721 4847 4846
f 4847 4848 4141
f 4866 2986 4849
f 4867 4483 4850
f 4868 4221 4831
f 4869 4107 4851
f 4704 4870 4852
f 4853 4871 4834
f 4229 4872 4854
f 4836 3398 4855
f 4873 3772 4856
f 4033 4874 4857
f 4875 3823 4858
f 4876 4859 4838
f 4860 4840 4839
f 4877 4759 4861
f 4862 4878 4842
f 4693 4863 2706
f 4645 4879 4864
f 4880 2785 4865
f 4721 4848 4847
f 4881 2986 4866
f 4882 4483 4867
f 4883 4221 4868
f 4884 4107 4869
f 4704 4885 4870
f 4886 4871 4853
f 4229 4887 4872
f 4836 3399 3398
f 4888 3772 4873
f 4033 4889 4874
f 4890 3823 4875
f 4891 4859 4876
f 4892 4840 4860
f 4877 4893 4759
f 4862 4894 4878
f 4895 4863 4693
f 4645 4896 4879
f 4897 2785 4880
f 4898 4848 4721
f 4881 3953 2986
f 4899 4483 4882
f 4900 4221 4883
f 4901 4107 4884
f 4704 4902 4885
f 4886 4903 4871
f 4229 4904 4887
f 4836 4905 3399
f 4906 3772 4888
f 4033 4890 4889
f 4890 4907 3823
f 4908 4859 4891
f 4909 4840 4892
f 4877 4910 4893
f 4862 4911 4894
f 4912 4863 4895
f 4645 4913 4896
f 4914 2785 4897
f 4915 4848 4898
f 4916 3953 4881
f 4917 4483 4899
f 4918 4221 4900
f 4919 4107 4901
f 4704 4920 4902
f 4886 4921 4903
f 4229 4922 4904
f 4836 4923 4905
f 4924 3772 4906
f 4890 4925 4907
f 4908 4926 4859
f 4909 4927 4840
f 4877 4928 4910
f 4929 4911 4862
f 4930 4863 4912
f 4913 2785 4914
f 4931 4848 4915
f 4932 3953 4916
f 4933 4483 4917
f 4934 4221 4918
f 4935 4107 4919
f 4936 4920 4704
f 4937 4921 4886
f 4229 4938 4922
f 4836 4939 4923
f 4940 3772 4924
f 4890 4941 4925
f 4942 4926 4908
f 4943 4927 4909
f 4944 4928 4877
f 4929 4945 4911
f 4946 4863 4930
f 4645 2785 4913
f 4947 4848 4931
f 4948 3953 4932
f 4949 4483 4933
f 4950 4221 4934
f 4951 4107 4935
f 4936 4952 4920
f 4937 4953 4921
f 4229 4954 4938
f 4836 4955 4939
f 4956 3772 4940
f 4890 4957 4941
f 4958 4926 4942
f 4959 4927 4943
f 4944 4960 4928
f 4929 4961 4945
f 4962 4863 4946
f 4645 3841 2785
f 4963 4848 4947
f 4964 3953 4948
f 4965 4483 4949
f 4966 4221 4950
f 4967 4107 4951
f 4936 4968 4952
f 4937 4969 4953
f 4229 4970 4954
f 4836 4971 4955
f 4972 3772 4956
f 4890 4973 4957
f 4974 4926 4958
f 4975 4927 4959
f 4944 4976 4960
f 4929 4977 4961
f 4978 4863 4962
f 4979 3841 4645
f 4963 4980 4848
f 4981 3953 4964
f 4982 4483 4965
f 4983 4221 4966
f 4984 4107 4967
f 4937 4985 4969
f 4229 4986 4970
f 4836 4987 4971
f 4988 3772 4972
f 4890 4989 4973
f 4990 4926 4974
f 4991 4927 4975
f 4992 4976 4944
f 4929 4993 4977
f 4978 4994 4863
f 4979 4995 3841
f 4963 4996 4980
f 4997 3953 4981
f 4998 4483 4982
f 4983 4999 4221
f 5000 4107 4984
f 4937 5001 4985
f 4229 5002 4986
f 5003 4987 4836
f 5004 3772 4988
f 4890 5005 4989
f 4990 5006 4926
f 5007 4927 4991
f 4992 4929 4976
f 4929 5008 4993
f 4978 5009 4994
f 5010 4995 4979
f 4963 5011 4996
f 5012 3953 4997
f 3013 4483 4998
f 4983 5013 4999
f 5014 4107 5000
f 4937 5015 5001
f 3858 5002 4229
f 5003 5016 4987
f 5017 3772 5004
f 4033 5005 4890
f 4990 5018 5006
f 5007 5019 4927
f 4992 5008 4929
f 4978 5020 5009
f 5010 5021 4995
f 4963 5022 5011
f 5023 3953 5012
f 3012 4483 3013
f 5024 5013 4983
f 5025 4107 5014
f 4937 5026 5015
f 5027 5002 3858
f 5003 5028 5016
f 5029 3772 5017
f 4033 5030 5005
f 4990 5031 5018
f 5007 5032 5019
f 5033 5008 4992
f 4978 5034 5020
f 5010 5035 5021
f 4963 5036 5022
f 5037 3953 5023
f 5038 4483 3012
f 5024 5039 5013
f 5040 4107 5025
f 4937 5041 5026
f 5027 5042 5002
f 5043 5028 5003
f 5044 3772 5029
f 4033 5045 5030
f 4990 5046 5031
f 5007 5047 5032
f 5048 5008 5033
f 5049 5034 4978
f 5010 5050 5035
f 4963 5051 5036
f 5052 3953 5037
f 5053 4483 5038
f 5054 5039 5024
f 5055 4107 5040
f 4937 5056 5041
f 5027 5057 5042
f 5043 5058 5028
f 5059 3772 5044
f 4033 5060 5045
f 5061 5047 5007
f 5062 5008 5048
f 5049 5010 5034
f 5010 5063 5050
f 4963 5064 5051
f 5065 3953 5052
f 5066 4483 5053
f 5054 5067 5039
f 5055 5068 4107
f 4937 5069 5056
f 5027 5070 5057
f 5043 5071 5058
f 5072 3772 5059
f 4033 5073 5060
f 5061 5062 5047
f 5062 5074 5008
f 5049 5063 5010
f 4963 5075 5064
f 5076 3953 5065
f 5066 5077 4483
f 5054 5078 5067
f 5055 5079 5068
f 4968 5069 4937
f 5027 5080 5070
f 5081 5071 5043
f 5082 3772 5072
f 4033 5083 5073
f 5061 5074 5062
f 5084 5063 5049
f 4963 5085 5075
f 5086 3953 5076
f 5087 5077 5066
f 5054 5088 5078
f 5055 5089 5079
f 4968 5090 5069
f 5027 5091 5080
f 5081 5092 5071
f 5093 3772 5082
f 3868 5083 4033
f 5046 5074 5061
f 5094 5063 5084
f 4963 5086 5085
f 5086 5095 3953
f 5087 5096 5077
f 5097 5088 5054
f 5055 5098 5089
f 4968 5099 5090
f 5027 5100 5091
f 5101 5092 5081
f 5092 3772 5093
f 5102 5083 3868
f 4990 5074 5046
f 5103 5063 5094
f 4963 5095 5086
f 5087 5104 5096
f 5097 5105 5088
f 5106 5098 5055
f 4968 5107 5099
f 5027 5108 5100
f 5109 5092 5101
f 5092 3865 3772
f 5102 5110 5083
f 5111 5074 4990
f 5112 5063 5103
f 5113 5095 4963
f 5087 5114 5104
f 5097 5115 5105
f 5106 5116 5098
f 4968 5117 5107
f 5027 5118 5108
f 5109 3865 5092
f 5119 5110 5102
f 5120 5074 5111
f 5121 5063 5112
f 5113 5122 5095
f 5097 5123 5115
f 5106 4936 5116
f 4936 5117 4968
f 4682 5118 5027
f 5124 3865 5109
f 5125 5110 5119
f 4498 5074 5120
f 2695 5063 5121
f 5113 5126 5122
f 5097 5127 5123
f 5106 5117 4936
f 4682 5128 5118
f 5129 3865 5124
f 5130 5110 5125
f 4498 5131 5074
f 2695 4784 5063
f 5113 5132 5126
f 5133 5117 5106
f 4682 5134 5128
f 5135 3865 5129
f 5130 5136 5110
f 4498 5137 5131
f 2695 2823 4784
f 5113 5138 5132
f 5139 5117 5133
f 4629 5134 4682
f 5140 3865 5135
f 5130 5141 5136
f 4498 5142 5137
f 2694 2823 2695
f 5113 5143 5138
f 5144 5117 5139
f 4629 5145 5134
f 5146 3865 5140
f 5130 5147 5141
f 4498 4692 5142
f 5148 2823 2694
f 5113 5149 5143
f 5150 5117 5144
f 4629 5151 5145
f 5152 3865 5146
f 5130 5153 5147
f 4498 4717 4692
f 5154 2823 5148
f 5113 5155 5149
f 5156 5117 5150
f 4629 5157 5151
f 5158 3865 5152
f 5130 5159 5153
f 4498 3885 4717
f 5160 2823 5154
f 5113 5161 5155
f 5162 5117 5156
f 5163 5157 4629
f 5164 3865 5158
f 5165 5159 5130
f 4435 3885 4498
f 5166 2823 5160
f 5113 5167 5161
f 5168 5117 5162
f 5163 5169 5157
f 5170 3865 5164
f 5165 5171 5159
f 4435 2659 3885
f 5172 2823 5166
f 5113 5173 5167
f 5174 5117 5168
f 5163 5175 5169
f 5176 3865 5170
f 5165 5177 5171
f 5178 2659 4435
f 5179 2823 5172
f 5113 5180 5173
f 5181 5117 5174
f 5163 5182 5175
f 5183 3865 5176
f 5165 3926 5177
f 5184 2659 5178
f 5185 2823 5179
f 5113 5186 5180
f 3764 5117 5181
f 5117 5182 5163
f 3353 3865 5183
f 4524 3926 5165
f 5187 2659 5184
f 5188 2823 5185
f 5113 5189 5186
f 3129 5117 3764
f 5117 5190 5182
f 3352 3865 3353
f 4079 3926 4524
f 5191 2659 5187
f 5188 4003 2823
f 5113 5192 5189
f 5117 5193 5190
f 3352 5194 3865
f 4079 4126 3926
f 5195 2659 5191
f 5196 4003 5188
f 5113 5197 5192
f 5117 5198 5193
f 3352 5199 5194
f 5200 4126 4079
f 5201 2659 5195
f 2692 4003 5196
f 3129 5198 5117
f 3352 5202 5199
f 5203 4126 5200
f 5204 2659 5201
f 2691 4003 2692
f 3129 5205 5198
f 3352 5206 5202
f 5207 4126 5203
f 5208 2659 5204
f 5209 4003 2691
f 3129 5210 5205
f 3352 5211 5206
f 5212 4126 5207
f 5213 2659 5208
f 5214 4003 5209
f 3129 5215 5210
f 3352 5216 5211
f 3976 4126 5212
f 3983 2659 5213
f 5217 4003 5214
f 3129 5218 5215
f 3352 5219 5216
f 3921 4126 3976
f 3874 2659 3983
f 5220 4003 5217
f 3129 5221 5218
f 3352 5222 5219
f 3431 4126 3921
f 5223 2659 3874
f 5224 4003 5220
f 3129 5225 5221
f 3352 5226 5222
f 3431 5227 4126
f 5223 2660 2659
f 5228 4003 5224
f 3129 5229 5225
f 3352 4299 5226
f 3431 5230 5227
f 5223 5231 2660
f 5232 4003 5228
f 3129 5233 5229
f 3352 4431 4299
f 3431 5234 5230
f 5223 5235 5231
f 5236 4003 5232
f 3129 5237 5233
f 5238 4431 3352
f 3431 5239 5234
f 5223 5240 5235
f 5241 4003 5236
f 3129 5242 5237
f 5243 4431 5238
f 3431 5244 5239
f 5223 5245 5240
f 2689 4003 5241
f 3129 5246 5242
f 5247 4431 5243
f 3431 5248 5244
f 5249 5245 5223
f 2688 4003 2689
f 5250 5246 3129
f 5246 4431 5247
f 3431 5251 5248
f 5249 5252 5245
f 5253 4003 2688
f 5254 5246 5250
f 5246 5255 4431
f 3431 5256 5251
f 5249 5257 5252
f 2656 4003 5253
f 5258 5246 5254
f 5246 5259 5255
f 3431 5260 5256
f 5249 5261 5257
f 2656 5262 4003
f 5263 5246 5258
f 5246 5264 5259
f 3431 5265 5260
f 5266 5261 5249
f 2656 5267 5262
f 5263 5264 5246
f 3431 5268 5265
f 5266 5269 5261
f 2656 5113 5267
f 5270 5264 5263
f 3430 5268 3431
f 5266 5271 5269
f 3793 5113 2656
f 5127 5264 5270
f 3430 5272 5268
f 5273 5271 5266
f 3793 5197 5113
f 5097 5264 5127
f 5274 5272 3430
f 5273 5275 5271
f 5276 5197 3793
f 4484 5264 5097
f 5274 5277 5272
f 5273 5278 5275
f 5279 5197 5276
f 4323 5264 4484
f 5274 5280 5277
f 5281 5278 5273
f 5282 5197 5279
f 5283 5264 4323
f 5284 5280 5274
f 5281 5285 5278
f 3997 5197 5282
f 5286 5264 5283
f 5287 5280 5284
f 5281 4048 5285
f 3941 5197 3997
f 5288 5264 5286
f 5287 5289 5280
f 5290 4048 5281
f 5291 5197 3941
f 5292 5264 5288
f 5293 5289 5287
f 5290 3996 4048
f 2670 5197 5291
f 5292 5294 5264
f 5295 5289 5293
f 5296 3996 5290
f 2669 5197 2670
f 5292 5295 5294
f 5295 5296 5289
f 5296 5297 3996
f 5298 5197 2669
f 5292 5296 5295
f 5298 5087 5197
f 5299 5296 5292
f 5298 5114 5087
f 5300 5296 5299
f 5301 5114 5298
f 5302 5296 5300
f 5303 5114 5301
f 5304 5296 5302
f 5305 5114 5303
f 5306 5296 5304
f 5307 5114 5305
f 5308 5296 5306
f 5309 5114 5307
f 5308 5297 5296
f 5297 5114 5309
f 5310 5297 5308
f 5297 5310 5114
f 593 3248 592
f 592 3248 3247
f 592 3247 595
f 595 3247 3250
f 595 3250 594
f 594 3250 3249
f 594 3249 597
f 597 3249 3252
f 597 3252 596
f 596 3252 3251
f 596 3251 599
f 599 3251 3254
f 599 3254 598
f 598 3254 3253
f 598 3253 1200
f 1200 3253 3855
f 1200 3855 1255
f 1255 3855 3910
f 1255 3910 1603
f 1603 3910 4258
f 1603 4258 1637
f 1637 4258 4292
f 1637 4292 1673
f 1673 4292 4328
f 1673 4328 1737
f 1737 4328 4392
f 1737 4392 1770
f 1770 4392 4425
f 1770 4425 1801
f 1801 4425 4456
f 1801 4456 1863
f 1863 4456 4518
f 1863 4518 1892
f 1892 4518 4547
f 1892 4547 1771
f 1771 4547 4426
f 1771 4426 1704
f 1704 4426 4359
f 1704 4359 1534
f 1534 4359 4189
f 1534 4189 1367
f 1367 4189 4022
f 1367 4022 1312
f 1312 4022 3967
f 1312 3967 1256
f 1256 3967 3911
f 1256 3911 1154
f 1154 3911 3809
f 1154 3809 601
f 601 3809 3255
f 601 3255 602
f 602 3255 3257
f 602 3257 600
f 600 3257 3256
f 600 3256 604
f 604 3256 3259
f 604 3259 603
f 603 3259 3258
f 603 3258 606
f 606 3258 3261
f 606 3261 605
f 605 3261 3260
f 605 3260 608
f 608 3260 3263
f 608 3263 607
f 607 3263 3262
f 607 3262 1155
f 1155 3262 3810
f 1155 3810 1416
f 1416 3810 4071
f 1416 4071 1456
f 1456 4071 4111
f 1456 4111 1498
f 1498 4111 4153
f 1498 4153 1571
f 1571 4153 4226
f 1571 4226 1604
f 1604 4226 4259
f 1604 4259 1638
f 1638 4259 4293
f 1638 4293 1674
f 1674 4293 4329
f 1674 4329 1738
f 1738 4329 4393
f 1738 4393 1802
f 1802 4393 4457
f 1802 4457 1835
f 1835 4457 4490
f 1835 4490 1864
f 1864 4490 4519
f 1864 4519 1918
f 1918 4519 4573
f 1918 4573 1947
f 1947 4573 4602
f 1947 4602 1973
f 1973 4602 4628
f 1973 4628 2138
f 2138 4628 4793
f 2138 4793 2179
f 2179 4793 4834
f 2179 4834 2216
f 2216 4834 4871
f 2216 4871 2248
f 2248 4871 4903
f 2248 4903 2266
f 2266 4903 4921
f 2266 4921 2298
f 2298 4921 4953
f 2298 4953 2314
f 2314 4953 4969
f 2314 4969 2330
f 2330 4969 4985
f 2330 4985 2346
f 2346 4985 5001
f 2346 5001 2360
f 2360 5001 5015
f 2360 5015 2371
f 2371 5015 5026
f 2371 5026 2386
f 2386 5026 5041
f 2386 5041 2401
f 2401 5041 5056
f 2401 5056 2414
f 2414 5056 5069
f 2414 5069 2435
f 2435 5069 5090
f 2435 5090 2444
f 2444 5090 5099
f 2444 5099 2452
f 2452 5099 5107
f 2452 5107 2462
f 2462 5107 5117
f 2462 5117 2508
f 2508 5117 5163
f 2508 5163 1974
f 1974 5163 4629
f 1974 4629 1836
f 1836 4629 4491
f 1836 4491 1803
f 1803 4491 4458
f 1803 4458 1772
f 1772 4458 4427
f 1772 4427 1705
f 1705 4427 4360
f 1705 4360 1572
f 1572 4360 4227
f 1572 4227 1499
f 1499 4227 4154
f 1499 4154 1457
f 1457 4154 4112
f 1457 4112 1368
f 1368 4112 4023
f 1368 4023 1313
f 1313 4023 3968
f 1313 3968 1257
f 1257 3968 3912
f 1257 3912 1201
f 1201 3912 3856
f 1201 3856 610
f 610 3856 3264
f 610 3264 611
f 611 3264 3266
f 611 3266 609
f 609 3266 3265
f 609 3265 613
f 613 3265 3268
f 613 3268 612
f 612 3268 3267
f 612 3267 615
f 615 3267 3270
f 615 3270 614
f 614 3270 3269
f 614 3269 617
f 617 3269 3272
f 617 3272 616
f 616 3272 3271
f 616 3271 619
f 619 3271 3274
f 619 3274 618
f 618 3274 3273
f 618 3273 621
f 621 3273 3276
f 621 3276 620
f 620 3276 3275
f 620 3275 623
f 623 3275 3278
f 623 3278 622
f 622 3278 3277
f 622 3277 625
f 625 3277 3280
f 625 3280 624
f 624 3280 3279
f 624 3279 627
f 627 3279 3282
f 627 3282 626
f 626 3282 3281
f 626 3281 629
f 629 3281 3284
f 629 3284 628
f 628 3284 3283
f 628 3283 1156
f 1156 3283 3811
f 1156 3811 1535
f 1535 3811 4190
f 1535 4190 1605
f 1605 4190 4260
f 1605 4260 1639
f 1639 4260 4294
f 1639 4294 1675
f 1675 4294 4330
f 1675 4330 1676
f 1676 4330 4331
f 1676 4331 1640
f 1640 4331 4295
f 1640 4295 1573
f 1573 4295 4228
f 1573 4228 1536
f 1536 4228 4191
f 1536 4191 1500
f 1500 4191 4155
f 1500 4155 1458
f 1458 4155 4113
f 1458 4113 1417
f 1417 4113 4072
f 1417 4072 1369
f 1369 4072 4024
f 1369 4024 1314
f 1314 4024 3969
f 1314 3969 1258
f 1258 3969 3913
f 1258 3913 1157
f 1157 3913 3812
f 1157 3812 631
f 631 3812 3285
f 631 3285 632
f 632 3285 3287
f 632 3287 630
f 630 3287 3286
f 630 3286 634
f 634 3286 3289
f 634 3289 633
f 633 3289 3288
f 633 3288 636
f 636 3288 3291
f 636 3291 635
f 635 3291 3290
f 635 3290 638
f 638 3290 3293
f 638 3293 637
f 637 3293 3292
f 637 3292 640
f 640 3292 3295
f 640 3295 639
f 639 3295 3294
f 639 3294 642
f 642 3294 3297
f 642 3297 641
f 641 3297 3296
f 641 3296 644
f 644 3296 3299
f 644 3299 643
f 643 3299 3298
f 643 3298 646
f 646 3298 3301
f 646 3301 645
f 645 3301 3300
f 645 3300 648
f 648 3300 3303
f 648 3303 647
f 647 3303 3302
f 647 3302 650
f 650 3302 3305
f 650 3305 649
f 649 3305 3304
f 649 3304 1202
f 1202 3304 3857
f 1202 3857 1259
f 1259 3857 3914
f 1259 3914 1865
f 1865 3914 4520
f 1865 4520 1893
f 1893 4520 4548
f 1893 4548 1919
f 1919 4548 4574
f 1919 4574 1948
f 1948 4574 4603
f 1948 4603 2001
f 2001 4603 4656
f 2001 4656 2027
f 2027 4656 4682
f 2027 4682 2372
f 2372 4682 5027
f 2372 5027 1203
f 1203 5027 3858
f 1203 3858 1113
f 1113 3858 3768
f 1113 3768 652
f 652 3768 3306
f 652 3306 653
f 653 3306 3308
f 653 3308 651
f 651 3308 3307
f 651 3307 655
f 655 3307 3310
f 655 3310 654
f 654 3310 3309
f 654 3309 657
f 657 3309 3312
f 657 3312 656
f 656 3312 3311
f 656 3311 1260
f 1260 3311 3915
f 1260 3915 1315
f 1315 3915 3970
f 1315 3970 1370
f 1370 3970 4025
f 1370 4025 1418
f 1418 4025 4073
f 1418 4073 1459
f 1459 4073 4114
f 1459 4114 1501
f 1501 4114 4156
f 1501 4156 1537
f 1537 4156 4192
f 1537 4192 1574
f 1574 4192 4229
f 1574 4229 2075
f 2075 4229 4730
f 2075 4730 2028
f 2028 4730 4683
f 2028 4683 2002
f 2002 4683 4657
f 2002 4657 1975
f 1975 4657 4630
f 1975 4630 1949
f 1949 4630 4604
f 1949 4604 1920
f 1920 4604 4575
f 1920 4575 1894
f 1894 4575 4549
f 1894 4549 1866
f 1866 4549 4521
f 1866 4521 1837
f 1837 4521 4492
f 1837 4492 1804
f 1804 4492 4459
f 1804 4459 1773
f 1773 4459 4428
f 1773 4428 1739
f 1739 4428 4394
f 1739 4394 1706
f 1706 4394 4361
f 1706 4361 1677
f 1677 4361 4332
f 1677 4332 1641
f 1641 4332 4296
f 1641 4296 1606
f 1606 4296 4261
f 1606 4261 1575
f 1575 4261 4230
f 1575 4230 1538
f 1538 4230 4193
f 1538 4193 1460
f 1460 4193 4115
f 1460 4115 1419
f 1419 4115 4074
f 1419 4074 1371
f 1371 4074 4026
f 1371 4026 1316
f 1316 4026 3971
f 1316 3971 1261
f 1261 3971 3916
f 1261 3916 1204
f 1204 3916 3859
f 1204 3859 1158
f 1158 3859 3813
f 1158 3813 1114
f 1114 3813 3769
f 1114 3769 659
f 659 3769 3313
f 659 3313 660
f 660 3313 3315
f 660 3315 658
f 658 3315 3314
f 658 3314 662
f 662 3314 3317
f 662 3317 661
f 661 3317 3316
f 661 3316 664
f 664 3316 3319
f 664 3319 663
f 663 3319 3318
f 663 3318 666
f 666 3318 3321
f 666 3321 665
f 665 3321 3320
f 665 3320 668
f 668 3320 3323
f 668 3323 667
f 667 3323 3322
f 667 3322 670
f 670 3322 3325
f 670 3325 669
f 669 3325 3324
f 669 3324 672
f 672 3324 3327
f 672 3327 671
f 671 3327 3326
f 671 3326 674
f 674 3326 3329
f 674 3329 673
f 673 3329 3328
f 673 3328 676
f 676 3328 3331
f 676 3331 675
f 675 3331 3330
f 675 3330 678
f 678 3330 3333
f 678 3333 677
f 677 3333 3332
f 677 3332 680
f 680 3332 3335
f 680 3335 679
f 679 3335 3334
f 679 3334 682
f 682 3334 3337
f 682 3337 681
f 681 3337 3336
f 681 3336 684
f 684 3336 3339
f 684 3339 683
f 683 3339 3338
f 683 3338 686
f 686 3338 3341
f 686 3341 685
f 685 3341 3340
f 685 3340 688
f 688 3340 3343
f 688 3343 687
f 687 3343 3342
f 687 3342 690
f 690 3342 3345
f 690 3345 689
f 689 3345 3344
f 689 3344 692
f 692 3344 3347
f 692 3347 691
f 691 3347 3346
f 691 3346 694
f 694 3346 3349
f 694 3349 693
f 693 3349 3348
f 693 3348 696
f 696 3348 3351
f 696 3351 695
f 695 3351 3350
f 695 3350 1159
f 1159 3350 3814
f 1159 3814 1205
f 1205 3814 3860
f 1205 3860 1372
f 1372 3860 4027
f 1372 4027 1420
f 1420 4027 4075
f 1420 4075 1461
f 1461 4075 4116
f 1461 4116 2051
f 2051 4116 4706
f 2051 4706 2096
f 2096 4706 4751
f 2096 4751 2118
f 2118 4751 4773
f 2118 4773 2159
f 2159 4773 4814
f 2159 4814 2180
f 2180 4814 4835
f 2180 4835 2199
f 2199 4835 4854
f 2199 4854 2217
f 2217 4854 4872
f 2217 4872 2232
f 2232 4872 4887
f 2232 4887 2249
f 2249 4887 4904
f 2249 4904 2267
f 2267 4904 4922
f 2267 4922 2283
f 2283 4922 4938
f 2283 4938 2299
f 2299 4938 4954
f 2299 4954 2315
f 2315 4954 4970
f 2315 4970 2331
f 2331 4970 4986
f 2331 4986 2347
f 2347 4986 5002
f 2347 5002 2387
f 2387 5002 5042
f 2387 5042 2402
f 2402 5042 5057
f 2402 5057 2415
f 2415 5057 5070
f 2415 5070 2425
f 2425 5070 5080
f 2425 5080 2436
f 2436 5080 5091
f 2436 5091 2445
f 2445 5091 5100
f 2445 5100 2453
f 2453 5100 5108
f 2453 5108 2463
f 2463 5108 5118
f 2463 5118 2473
f 2473 5118 5128
f 2473 5128 2479
f 2479 5128 5134
f 2479 5134 2490
f 2490 5134 5145
f 2490 5145 2496
f 2496 5145 5151
f 2496 5151 2502
f 2502 5151 5157
f 2502 5157 2514
f 2514 5157 5169
f 2514 5169 2520
f 2520 5169 5175
f 2520 5175 2527
f 2527 5175 5182
f 2527 5182 2535
f 2535 5182 5190
f 2535 5190 2538
f 2538 5190 5193
f 2538 5193 2543
f 2543 5193 5198
f 2543 5198 2550
f 2550 5198 5205
f 2550 5205 2555
f 2555 5205 5210
f 2555 5210 2560
f 2560 5210 5215
f 2560 5215 2563
f 2563 5215 5218
f 2563 5218 2566
f 2566 5218 5221
f 2566 5221 2570
f 2570 5221 5225
f 2570 5225 2574
f 2574 5225 5229
f 2574 5229 2578
f 2578 5229 5233
f 2578 5233 2582
f 2582 5233 5237
f 2582 5237 2587
f 2587 5237 5242
f 2587 5242 2591
f 2591 5242 5246
f 2591 5246 2592
f 2592 5246 5247
f 2592 5247 2588
f 2588 5247 5243
f 2588 5243 2583
f 2583 5243 5238
f 2583 5238 698
f 698 5238 3352
f 698 3352 699
f 699 3352 3354
f 699 3354 697
f 697 3354 3353
f 697 3353 2528
f 2528 3353 5183
f 2528 5183 2521
f 2521 5183 5176
f 2521 5176 2515
f 2515 5176 5170
f 2515 5170 2509
f 2509 5170 5164
f 2509 5164 2503
f 2503 5164 5158
f 2503 5158 2497
f 2497 5158 5152
f 2497 5152 2491
f 2491 5152 5146
f 2491 5146 2485
f 2485 5146 5140
f 2485 5140 2480
f 2480 5140 5135
f 2480 5135 2474
f 2474 5135 5129
f 2474 5129 2469
f 2469 5129 5124
f 2469 5124 2454
f 2454 5124 5109
f 2454 5109 2446
f 2446 5109 5101
f 2446 5101 2426
f 2426 5101 5081
f 2426 5081 2388
f 2388 5081 5043
f 2388 5043 2348
f 2348 5043 5003
f 2348 5003 2181
f 2181 5003 4836
f 2181 4836 2119
f 2119 4836 4774
f 2119 4774 2097
f 2097 4774 4752
f 2097 4752 2076
f 2076 4752 4731
f 2076 4731 2052
f 2052 4731 4707
f 2052 4707 1462
f 1462 4707 4117
f 1462 4117 1421
f 1421 4117 4076
f 1421 4076 1373
f 1373 4076 4028
f 1373 4028 1262
f 1262 4028 3917
f 1262 3917 1206
f 1206 3917 3861
f 1206 3861 1115
f 1115 3861 3770
f 1115 3770 701
f 701 3770 3355
f 701 3355 702
f 702 3355 3357
f 702 3357 700
f 700 3357 3356
f 700 3356 704
f 704 3356 3359
f 704 3359 703
f 703 3359 3358
f 703 3358 706
f 706 3358 3361
f 706 3361 705
f 705 3361 3360
f 705 3360 708
f 708 3360 3363
f 708 3363 707
f 707 3363 3362
f 707 3362 710
f 710 3362 3365
f 710 3365 709
f 709 3365 3364
f 709 3364 712
f 712 3364 3367
f 712 3367 711
f 711 3367 3366
f 711 3366 714
f 714 3366 3369
f 714 3369 713
f 713 3369 3368
f 713 3368 716
f 716 3368 3371
f 716 3371 715
f 715 3371 3370
f 715 3370 718
f 718 3370 3373
f 718 3373 717
f 717 3373 3372
f 717 3372 720
f 720 3372 3375
f 720 3375 719
f 719 3375 3374
f 719 3374 722
f 722 3374 3377
f 722 3377 721
f 721 3377 3376
f 721 3376 724
f 724 3376 3379
f 724 3379 723
f 723 3379 3378
f 723 3378 726
f 726 3378 3381
f 726 3381 725
f 725 3381 3380
f 725 3380 728
f 728 3380 3383
f 728 3383 727
f 727 3383 3382
f 727 3382 730
f 730 3382 3385
f 730 3385 729
f 729 3385 3384
f 729 3384 732
f 732 3384 3387
f 732 3387 731
f 731 3387 3386
f 731 3386 734
f 734 3386 3389
f 734 3389 733
f 733 3389 3388
f 733 3388 736
f 736 3388 3391
f 736 3391 735
f 735 3391 3390
f 735 3390 738
f 738 3390 3393
f 738 3393 737
f 737 3393 3392
f 737 3392 740
f 740 3392 3395
f 740 3395 739
f 739 3395 3394
f 739 3394 742
f 742 3394 3397
f 742 3397 741
f 741 3397 3396
f 741 3396 1160
f 1160 3396 3815
f 1160 3815 1207
f 1207 3815 3862
f 1207 3862 1317
f 1317 3862 3972
f 1317 3972 1374
f 1374 3972 4029
f 1374 4029 1422
f 1422 4029 4077
f 1422 4077 1463
f 1463 4077 4118
f 1463 4118 1502
f 1502 4118 4157
f 1502 4157 1539
f 1539 4157 4194
f 1539 4194 1576
f 1576 4194 4231
f 1576 4231 1607
f 1607 4231 4262
f 1607 4262 1642
f 1642 4262 4297
f 1642 4297 1678
f 1678 4297 4333
f 1678 4333 1707
f 1707 4333 4362
f 1707 4362 1740
f 1740 4362 4395
f 1740 4395 1774
f 1774 4395 4429
f 1774 4429 1805
f 1805 4429 4460
f 1805 4460 1867
f 1867 4460 4522
f 1867 4522 1895
f 1895 4522 4550
f 1895 4550 1921
f 1921 4550 4576
f 1921 4576 1950
f 1950 4576 4605
f 1950 4605 1976
f 1976 4605 4631
f 1976 4631 2003
f 2003 4631 4658
f 2003 4658 2139
f 2139 4658 4794
f 2139 4794 2160
f 2160 4794 4815
f 2160 4815 2200
f 2200 4815 4855
f 2200 4855 744
f 744 4855 3398
f 744 3398 745
f 745 3398 3400
f 745 3400 743
f 743 3400 3399
f 743 3399 2250
f 2250 3399 4905
f 2250 4905 2268
f 2268 4905 4923
f 2268 4923 2284
f 2284 4923 4939
f 2284 4939 2300
f 2300 4939 4955
f 2300 4955 2316
f 2316 4955 4971
f 2316 4971 2332
f 2332 4971 4987
f 2332 4987 2361
f 2361 4987 5016
f 2361 5016 2373
f 2373 5016 5028
f 2373 5028 2403
f 2403 5028 5058
f 2403 5058 2416
f 2416 5058 5071
f 2416 5071 2437
f 2437 5071 5092
f 2437 5092 2438
f 2438 5092 5093
f 2438 5093 2427
f 2427 5093 5082
f 2427 5082 2417
f 2417 5082 5072
f 2417 5072 2404
f 2404 5072 5059
f 2404 5059 2389
f 2389 5059 5044
f 2389 5044 2374
f 2374 5044 5029
f 2374 5029 2362
f 2362 5029 5017
f 2362 5017 2349
f 2349 5017 5004
f 2349 5004 2333
f 2333 5004 4988
f 2333 4988 2317
f 2317 4988 4972
f 2317 4972 2301
f 2301 4972 4956
f 2301 4956 2285
f 2285 4956 4940
f 2285 4940 2269
f 2269 4940 4924
f 2269 4924 2251
f 2251 4924 4906
f 2251 4906 2233
f 2233 4906 4888
f 2233 4888 2218
f 2218 4888 4873
f 2218 4873 2201
f 2201 4873 4856
f 2201 4856 2161
f 2161 4856 4816
f 2161 4816 2140
f 2140 4816 4795
f 2140 4795 2098
f 2098 4795 4753
f 2098 4753 2004
f 2004 4753 4659
f 2004 4659 1208
f 1208 4659 3863
f 1208 3863 747
f 747 3863 3401
f 747 3401 748
f 748 3401 3403
f 748 3403 746
f 746 3403 3402
f 746 3402 750
f 750 3402 3405
f 750 3405 749
f 749 3405 3404
f 749 3404 752
f 752 3404 3407
f 752 3407 751
f 751 3407 3406
f 751 3406 754
f 754 3406 3409
f 754 3409 753
f 753 3409 3408
f 753 3408 756
f 756 3408 3411
f 756 3411 755
f 755 3411 3410
f 755 3410 758
f 758 3410 3413
f 758 3413 757
f 757 3413 3412
f 757 3412 760
f 760 3412 3415
f 760 3415 759
f 759 3415 3414
f 759 3414 762
f 762 3414 3417
f 762 3417 761
f 761 3417 3416
f 761 3416 1161
f 1161 3416 3816
f 1161 3816 1209
f 1209 3816 3864
f 1209 3864 1263
f 1263 3864 3918
f 1263 3918 1318
f 1318 3918 3973
f 1318 3973 1375
f 1375 3973 4030
f 1375 4030 1464
f 1464 4030 4119
f 1464 4119 1503
f 1503 4119 4158
f 1503 4158 1540
f 1540 4158 4195
f 1540 4195 1577
f 1577 4195 4232
f 1577 4232 1608
f 1608 4232 4263
f 1608 4263 1643
f 1643 4263 4298
f 1643 4298 1708
f 1708 4298 4363
f 1708 4363 1741
f 1741 4363 4396
f 1741 4396 1775
f 1775 4396 4430
f 1775 4430 1806
f 1806 4430 4461
f 1806 4461 1838
f 1838 4461 4493
f 1838 4493 1868
f 1868 4493 4523
f 1868 4523 1896
f 1896 4523 4551
f 1896 4551 1922
f 1922 4551 4577
f 1922 4577 1951
f 1951 4577 4606
f 1951 4606 1977
f 1977 4606 4632
f 1977 4632 2029
f 2029 4632 4684
f 2029 4684 2053
f 2053 4684 4708
f 2053 4708 2077
f 2077 4708 4732
f 2077 4732 764
f 764 4732 3418
f 764 3418 1543
f 1543 3418 4198
f 1543 4198 1579
f 1579 4198 4234
f 1579 4234 1610
f 1610 4234 4265
f 1610 4265 1646
f 1646 4265 4301
f 1646 4301 1681
f 1681 4301 4336
f 1681 4336 1711
f 1711 4336 4366
f 1711 4366 1743
f 1743 4366 4398
f 1743 4398 1777
f 1777 4398 4432
f 1777 4432 1808
f 1808 4432 4463
f 1808 4463 1840
f 1840 4463 4495
f 1840 4495 1870
f 1870 4495 4525
f 1870 4525 1897
f 1897 4525 4552
f 1897 4552 1923
f 1923 4552 4578
f 1923 4578 1952
f 1952 4578 4607
f 1952 4607 1978
f 1978 4607 4633
f 1978 4633 2005
f 2005 4633 4660
f 2005 4660 2030
f 2030 4660 4685
f 2030 4685 2054
f 2054 4685 4709
f 2054 4709 2078
f 2078 4709 4733
f 2078 4733 2099
f 2099 4733 4754
f 2099 4754 2120
f 2120 4754 4775
f 2120 4775 2141
f 2141 4775 4796
f 2141 4796 2162
f 2162 4796 4817
f 2162 4817 2182
f 2182 4817 4837
f 2182 4837 2202
f 2202 4837 4857
f 2202 4857 2219
f 2219 4857 4874
f 2219 4874 2234
f 2234 4874 4889
f 2234 4889 2235
f 2235 4889 4890
f 2235 4890 2220
f 2220 4890 4875
f 2220 4875 2203
f 2203 4875 4858
f 2203 4858 2163
f 2163 4858 4818
f 2163 4818 2142
f 2142 4818 4797
f 2142 4797 2121
f 2121 4797 4776
f 2121 4776 1953
f 1953 4776 4608
f 1953 4608 1611
f 1611 4608 4266
f 1611 4266 1506
f 1506 4266 4161
f 1506 4161 1426
f 1426 4161 4081
f 1426 4081 1380
f 1380 4081 4035
f 1380 4035 1325
f 1325 4035 3980
f 1325 3980 1216
f 1216 3980 3871
f 1216 3871 813
f 813 3871 3467
f 813 3467 814
f 814 3467 3469
f 814 3469 812
f 812 3469 3468
f 812 3468 816
f 816 3468 3471
f 816 3471 815
f 815 3471 3470
f 815 3470 818
f 818 3470 3473
f 818 3473 817
f 817 3473 3472
f 817 3472 820
f 820 3472 3475
f 820 3475 819
f 819 3475 3474
f 819 3474 822
f 822 3474 3477
f 822 3477 821
f 821 3477 3476
f 821 3476 824
f 824 3476 3479
f 824 3479 823
f 823 3479 3478
f 823 3478 826
f 826 3478 3481
f 826 3481 825
f 825 3481 3480
f 825 3480 828
f 828 3480 3483
f 828 3483 827
f 827 3483 3482
f 827 3482 830
f 830 3482 3485
f 830 3485 829
f 829 3485 3484
f 829 3484 1122
f 1122 3484 3777
f 1122 3777 1468
f 1468 3777 4123
f 1468 4123 1544
f 1544 4123 4199
f 1544 4199 1580
f 1580 4199 4235
f 1580 4235 1647
f 1647 4235 4302
f 1647 4302 1682
f 1682 4302 4337
f 1682 4337 1712
f 1712 4337 4367
f 1712 4367 1744
f 1744 4367 4399
f 1744 4399 1778
f 1778 4399 4433
f 1778 4433 1809
f 1809 4433 4464
f 1809 4464 1841
f 1841 4464 4496
f 1841 4496 1871
f 1871 4496 4526
f 1871 4526 1898
f 1898 4526 4553
f 1898 4553 1924
f 1924 4553 4579
f 1924 4579 1979
f 1979 4579 4634
f 1979 4634 2006
f 2006 4634 4661
f 2006 4661 1980
f 1980 4661 4635
f 1980 4635 1469
f 1469 4635 4124
f 1469 4124 1427
f 1427 4124 4082
f 1427 4082 1381
f 1381 4082 4036
f 1381 4036 1326
f 1326 4036 3981
f 1326 3981 1269
f 1269 3981 3924
f 1269 3924 1167
f 1167 3924 3822
f 1167 3822 832
f 832 3822 3486
f 832 3486 833
f 833 3486 3488
f 833 3488 831
f 831 3488 3487
f 831 3487 835
f 835 3487 3490
f 835 3490 834
f 834 3490 3489
f 834 3489 837
f 837 3489 3492
f 837 3492 836
f 836 3492 3491
f 836 3491 839
f 839 3491 3494
f 839 3494 838
f 838 3494 3493
f 838 3493 841
f 841 3493 3496
f 841 3496 840
f 840 3496 3495
f 840 3495 843
f 843 3495 3498
f 843 3498 842
f 842 3498 3497
f 842 3497 845
f 845 3497 3500
f 845 3500 844
f 844 3500 3499
f 844 3499 847
f 847 3499 3502
f 847 3502 846
f 846 3502 3501
f 846 3501 849
f 849 3501 3504
f 849 3504 848
f 848 3504 3503
f 848 3503 851
f 851 3503 3506
f 851 3506 850
f 850 3506 3505
f 850 3505 853
f 853 3505 3508
f 853 3508 852
f 852 3508 3507
f 852 3507 855
f 855 3507 3510
f 855 3510 854
f 854 3510 3509
f 854 3509 857
f 857 3509 3512
f 857 3512 856
f 856 3512 3511
f 856 3511 859
f 859 3511 3514
f 859 3514 858
f 858 3514 3513
f 858 3513 861
f 861 3513 3516
f 861 3516 860
f 860 3516 3515
f 860 3515 863
f 863 3515 3518
f 863 3518 862
f 862 3518 3517
f 862 3517 865
f 865 3517 3520
f 865 3520 864
f 864 3520 3519
f 864 3519 867
f 867 3519 3522
f 867 3522 866
f 866 3522 3521
f 866 3521 869
f 869 3521 3524
f 869 3524 868
f 868 3524 3523
f 868 3523 871
f 871 3523 3526
f 871 3526 870
f 870 3526 3525
f 870 3525 873
f 873 3525 3528
f 873 3528 872
f 872 3528 3527
f 872 3527 1123
f 1123 3527 3778
f 1123 3778 1217
f 1217 3778 3872
f 1217 3872 1270
f 1270 3872 3925
f 1270 3925 1382
f 1382 3925 4037
f 1382 4037 1428
f 1428 4037 4083
f 1428 4083 1470
f 1470 4083 4125
f 1470 4125 1507
f 1507 4125 4162
f 1507 4162 1545
f 1545 4162 4200
f 1545 4200 1581
f 1581 4200 4236
f 1581 4236 1612
f 1612 4236 4267
f 1612 4267 1648
f 1648 4267 4303
f 1648 4303 1683
f 1683 4303 4338
f 1683 4338 1713
f 1713 4338 4368
f 1713 4368 1745
f 1745 4368 4400
f 1745 4400 1779
f 1779 4400 4434
f 1779 4434 1842
f 1842 4434 4497
f 1842 4497 1872
f 1872 4497 4527
f 1872 4527 1899
f 1899 4527 4554
f 1899 4554 1925
f 1925 4554 4580
f 1925 4580 2031
f 2031 4580 4686
f 2031 4686 2055
f 2055 4686 4710
f 2055 4710 1124
f 1124 4710 3779
f 1124 3779 875
f 875 3779 3529
f 875 3529 876
f 876 3529 3531
f 876 3531 911
f 911 3531 3566
f 911 3566 913
f 913 3566 3567
f 913 3567 914
f 914 3567 3569
f 914 3569 1333
f 1333 3569 3988
f 1333 3988 1548
f 1548 3988 4203
f 1548 4203 1583
f 1583 4203 4238
f 1583 4238 1614
f 1614 4238 4269
f 1614 4269 1651
f 1651 4269 4306
f 1651 4306 1685
f 1685 4306 4340
f 1685 4340 1748
f 1748 4340 4403
f 1748 4403 1782
f 1782 4403 4437
f 1782 4437 1812
f 1812 4437 4467
f 1812 4467 1845
f 1845 4467 4500
f 1845 4500 1873
f 1873 4500 4528
f 1873 4528 1901
f 1901 4528 4556
f 1901 4556 1927
f 1927 4556 4582
f 1927 4582 1955
f 1955 4582 4610
f 1955 4610 1982
f 1982 4610 4637
f 1982 4637 2008
f 2008 4637 4663
f 2008 4663 2080
f 2080 4663 4735
f 2080 4735 2123
f 2123 4735 4778
f 2123 4778 2165
f 2165 4778 4820
f 2165 4820 2184
f 2184 4820 4839
f 2184 4839 2145
f 2145 4839 4800
f 2145 4800 2058
f 2058 4800 4713
f 2058 4713 1387
f 1387 4713 4042
f 1387 4042 1278
f 1278 4042 3933
f 1278 3933 1175
f 1175 3933 3830
f 1175 3830 946
f 946 3830 3600
f 946 3600 947
f 947 3600 3602
f 947 3602 945
f 945 3602 3601
f 945 3601 949
f 949 3601 3604
f 949 3604 948
f 948 3604 3603
f 948 3603 951
f 951 3603 3606
f 951 3606 950
f 950 3606 3605
f 950 3605 953
f 953 3605 3608
f 953 3608 952
f 952 3608 3607
f 952 3607 955
f 955 3607 3610
f 955 3610 954
f 954 3610 3609
f 954 3609 957
f 957 3609 3612
f 957 3612 956
f 956 3612 3611
f 956 3611 959
f 959 3611 3613
f 959 3613 960
f 960 3613 3615
f 960 3615 958
f 958 3615 3614
f 958 3614 962
f 962 3614 3617
f 962 3617 961
f 961 3617 3616
f 961 3616 964
f 964 3616 3619
f 964 3619 963
f 963 3619 3618
f 963 3618 966
f 966 3618 3621
f 966 3621 965
f 965 3621 3620
f 965 3620 968
f 968 3620 3623
f 968 3623 967
f 967 3623 3622
f 967 3622 970
f 970 3622 3625
f 970 3625 969
f 969 3625 3624
f 969 3624 972
f 972 3624 3627
f 972 3627 971
f 971 3627 3626
f 971 3626 974
f 974 3626 3629
f 974 3629 973
f 973 3629 3628
f 973 3628 976
f 976 3628 3631
f 976 3631 975
f 975 3631 3630
f 975 3630 978
f 978 3630 3633
f 978 3633 977
f 977 3633 3632
f 977 3632 980
f 980 3632 3635
f 980 3635 979
f 979 3635 3634
f 979 3634 982
f 982 3634 3637
f 982 3637 981
f 981 3637 3636
f 981 3636 984
f 984 3636 3639
f 984 3639 983
f 983 3639 3638
f 983 3638 986
f 986 3638 3641
f 986 3641 985
f 985 3641 3640
f 985 3640 988
f 988 3640 3643
f 988 3643 987
f 987 3643 3642
f 987 3642 990
f 990 3642 3645
f 990 3645 989
f 989 3645 3644
f 989 3644 992
f 992 3644 3647
f 992 3647 991
f 991 3647 3646
f 991 3646 994
f 994 3646 3649
f 994 3649 993
f 993 3649 3648
f 993 3648 996
f 996 3648 3651
f 996 3651 995
f 995 3651 3650
f 995 3650 998
f 998 3650 3653
f 998 3653 997
f 997 3653 3652
f 997 3652 1000
f 1000 3652 3655
f 1000 3655 999
f 999 3655 3654
f 999 3654 1225
f 1225 3654 3880
f 1225 3880 1334
f 1334 3880 3989
f 1334 3989 1388
f 1388 3989 4043
f 1388 4043 1434
f 1434 4043 4089
f 1434 4089 1475
f 1475 4089 4130
f 1475 4130 1511
f 1511 4130 4166
f 1511 4166 1549
f 1549 4166 4204
f 1549 4204 1584
f 1584 4204 4239
f 1584 4239 1615
f 1615 4239 4270
f 1615 4270 1652
f 1652 4270 4307
f 1652 4307 1717
f 1717 4307 4372
f 1717 4372 1749
f 1749 4372 4404
f 1749 4404 1783
f 1783 4404 4438
f 1783 4438 1813
f 1813 4438 4468
f 1813 4468 1846
f 1846 4468 4501
f 1846 4501 1874
f 1874 4501 4529
f 1874 4529 1902
f 1902 4529 4557
f 1902 4557 1928
f 1928 4557 4583
f 1928 4583 1956
f 1956 4583 4611
f 1956 4611 1983
f 1983 4611 4638
f 1983 4638 2009
f 2009 4638 4664
f 2009 4664 2081
f 2081 4664 4736
f 2081 4736 2102
f 2102 4736 4757
f 2102 4757 2124
f 2124 4757 4779
f 2124 4779 2166
f 2166 4779 4821
f 2166 4821 2185
f 2185 4821 4840
f 2185 4840 2272
f 2272 4840 4927
f 2272 4927 2364
f 2364 4927 5019
f 2364 5019 2377
f 2377 5019 5032
f 2377 5032 2392
f 2392 5032 5047
f 2392 5047 2407
f 2407 5047 5062
f 2407 5062 2393
f 2393 5062 5048
f 2393 5048 2378
f 2378 5048 5033
f 2378 5033 2337
f 2337 5033 4992
f 2337 4992 2289
f 2289 4992 4944
f 2289 4944 2222
f 2222 4944 4877
f 2222 4877 2206
f 2206 4877 4861
f 2206 4861 2186
f 2186 4861 4841
f 2186 4841 2167
f 2167 4841 4822
f 2167 4822 2146
f 2146 4822 4801
f 2146 4801 2103
f 2103 4801 4758
f 2103 4758 2034
f 2034 4758 4689
f 2034 4689 2010
f 2010 4689 4665
f 2010 4665 1984
f 1984 4665 4639
f 1984 4639 1957
f 1957 4639 4612
f 1957 4612 1929
f 1929 4612 4584
f 1929 4584 1903
f 1903 4584 4558
f 1903 4558 1875
f 1875 4558 4530
f 1875 4530 1847
f 1847 4530 4502
f 1847 4502 1814
f 1814 4502 4469
f 1814 4469 1784
f 1784 4469 4439
f 1784 4439 1750
f 1750 4439 4405
f 1750 4405 1718
f 1718 4405 4373
f 1718 4373 1686
f 1686 4373 4341
f 1686 4341 1653
f 1653 4341 4308
f 1653 4308 1616
f 1616 4308 4271
f 1616 4271 1550
f 1550 4271 4205
f 1550 4205 1512
f 1512 4205 4167
f 1512 4167 1476
f 1476 4167 4131
f 1476 4131 1435
f 1435 4131 4090
f 1435 4090 1389
f 1389 4090 4044
f 1389 4044 1335
f 1335 4044 3990
f 1335 3990 1279
f 1279 3990 3934
f 1279 3934 1176
f 1176 3934 3831
f 1176 3831 1002
f 1002 3831 3656
f 1002 3656 1003
f 1003 3656 3658
f 1003 3658 1001
f 1001 3658 3657
f 1001 3657 1005
f 1005 3657 3660
f 1005 3660 1004
f 1004 3660 3659
f 1004 3659 1007
f 1007 3659 3662
f 1007 3662 1006
f 1006 3662 3661
f 1006 3661 1009
f 1009 3661 3664
f 1009 3664 1008
f 1008 3664 3663
f 1008 3663 1011
f 1011 3663 3666
f 1011 3666 1010
f 1010 3666 3665
f 1010 3665 1013
f 1013 3665 3668
f 1013 3668 1012
f 1012 3668 3667
f 1012 3667 1015
f 1015 3667 3670
f 1015 3670 1014
f 1014 3670 3669
f 1014 3669 1017
f 1017 3669 3672
f 1017 3672 1016
f 1016 3672 3671
f 1016 3671 1019
f 1019 3671 3674
f 1019 3674 1018
f 1018 3674 3673
f 1018 3673 1021
f 1021 3673 3676
f 1021 3676 1020
f 1020 3676 3675
f 1020 3675 1023
f 1023 3675 3678
f 1023 3678 1022
f 1022 3678 3677
f 1022 3677 1025
f 1025 3677 3680
f 1025 3680 1024
f 1024 3680 3679
f 1024 3679 1027
f 1027 3679 3682
f 1027 3682 1026
f 1026 3682 3681
f 1026 3681 1130
f 1130 3681 3785
f 1130 3785 1280
f 1280 3785 3935
f 1280 3935 1336
f 1336 3935 3991
f 1336 3991 1390
f 1390 3991 4045
f 1390 4045 2059
f 2059 4045 4714
f 2059 4714 1226
f 1226 4714 3881
f 1226 3881 1029
f 1029 3881 3683
f 1029 3683 1030
f 1030 3683 3685
f 1030 3685 1028
f 1028 3685 3684
f 1028 3684 1032
f 1032 3684 3687
f 1032 3687 1031
f 1031 3687 3686
f 1031 3686 1034
f 1034 3686 3689
f 1034 3689 1033
f 1033 3689 3688
f 1033 3688 1036
f 1036 3688 3691
f 1036 3691 1035
f 1035 3691 3690
f 1035 3690 1038
f 1038 3690 3693
f 1038 3693 1037
f 1037 3693 3692
f 1037 3692 1040
f 1040 3692 3695
f 1040 3695 1039
f 1039 3695 3694
f 1039 3694 1042
f 1042 3694 3697
f 1042 3697 1041
f 1041 3697 3696
f 1041 3696 1044
f 1044 3696 3699
f 1044 3699 1043
f 1043 3699 3698
f 1043 3698 1046
f 1046 3698 3701
f 1046 3701 1045
f 1045 3701 3700
f 1045 3700 1048
f 1048 3700 3703
f 1048 3703 1047
f 1047 3703 3702
f 1047 3702 1050
f 1050 3702 3705
f 1050 3705 1049
f 1049 3705 3704
f 1049 3704 1052
f 1052 3704 3707
f 1052 3707 1051
f 1051 3707 3706
f 1051 3706 1054
f 1054 3706 3709
f 1054 3709 1053
f 1053 3709 3708
f 1053 3708 1056
f 1056 3708 3711
f 1056 3711 1055
f 1055 3711 3710
f 1055 3710 1058
f 1058 3710 3713
f 1058 3713 1057
f 1057 3713 3712
f 1057 3712 1060
f 1060 3712 3715
f 1060 3715 1059
f 1059 3715 3714
f 1059 3714 1062
f 1062 3714 3717
f 1062 3717 1061
f 1061 3717 3716
f 1061 3716 1064
f 1064 3716 3719
f 1064 3719 1063
f 1063 3719 3718
f 1063 3718 1066
f 1066 3718 3721
f 1066 3721 1065
f 1065 3721 3720
f 1065 3720 1068
f 1068 3720 3723
f 1068 3723 1067
f 1067 3723 3722
f 1067 3722 1070
f 1070 3722 3725
f 1070 3725 1069
f 1069 3725 3724
f 1069 3724 1131
f 1131 3724 3786
f 1131 3786 1177
f 1177 3786 3832
f 1177 3832 1227
f 1227 3832 3882
f 1227 3882 1337
f 1337 3882 3992
f 1337 3992 1391
f 1391 3992 4046
f 1391 4046 1436
f 1436 4046 4091
f 1436 4091 1477
f 1477 4091 4132
f 1477 4132 1513
f 1513 4132 4168
f 1513 4168 1551
f 1551 4168 4206
f 1551 4206 1585
f 1585 4206 4240
f 1585 4240 1617
f 1617 4240 4272
f 1617 4272 1654
f 1654 4272 4309
f 1654 4309 1687
f 1687 4309 4342
f 1687 4342 1719
f 1719 4342 4374
f 1719 4374 1751
f 1751 4374 4406
f 1751 4406 1785
f 1785 4406 4440
f 1785 4440 1815
f 1815 4440 4470
f 1815 4470 1848
f 1848 4470 4503
f 1848 4503 1876
f 1876 4503 4531
f 1876 4531 1930
f 1930 4531 4585
f 1930 4585 1958
f 1958 4585 4613
f 1958 4613 1985
f 1985 4613 4640
f 1985 4640 2011
f 2011 4640 4666
f 2011 4666 2035
f 2035 4666 4690
f 2035 4690 2060
f 2060 4690 4715
f 2060 4715 2082
f 2082 4715 4737
f 2082 4737 2104
f 2104 4737 4759
f 2104 4759 2238
f 2238 4759 4893
f 2238 4893 2255
f 2255 4893 4910
f 2255 4910 2273
f 2273 4910 4928
f 2273 4928 2305
f 2305 4928 4960
f 2305 4960 2321
f 2321 4960 4976
f 2321 4976 2274
f 2274 4976 4929
f 2274 4929 2207
f 2207 4929 4862
f 2207 4862 2147
f 2147 4862 4802
f 2147 4802 2036
f 2036 4802 4691
f 2036 4691 1849
f 1849 4691 4504
f 1849 4504 1720
f 1720 4504 4375
f 1720 4375 1338
f 1338 4375 3993
f 1338 3993 1281
f 1281 3993 3936
f 1281 3936 1228
f 1228 3936 3883
f 1228 3883 1072
f 1072 3883 3726
f 1072 3726 1073
f 1073 3726 3728
f 1073 3728 1071
f 1071 3728 3727
f 1071 3727 1075
f 1075 3727 3730
f 1075 3730 1074
f 1074 3730 3729
f 1074 3729 1077
f 1077 3729 3732
f 1077 3732 1076
f 1076 3732 3731
f 1076 3731 1079
f 1079 3731 3734
f 1079 3734 1078
f 1078 3734 3733
f 1078 3733 1081
f 1081 3733 3736
f 1081 3736 1080
f 1080 3736 3735
f 1080 3735 1083
f 1083 3735 3738
f 1083 3738 1082
f 1082 3738 3737
f 1082 3737 1085
f 1085 3737 3740
f 1085 3740 1084
f 1084 3740 3739
f 1084 3739 1087
f 1087 3739 3742
f 1087 3742 1086
f 1086 3742 3741
f 1086 3741 1089
f 1089 3741 3744
f 1089 3744 1088
f 1088 3744 3743
f 1088 3743 1091
f 1091 3743 3746
f 1091 3746 1090
f 1090 3746 3745
f 1090 3745 1132
f 1132 3745 3787
f 1132 3787 1229
f 1229 3787 3884
f 1229 3884 1282
f 1282 3884 3937
f 1282 3937 1339
f 1339 3937 3994
f 1339 3994 1437
f 1437 3994 4092
f 1437 4092 1478
f 1478 4092 4133
f 1478 4133 1514
f 1514 4133 4169
f 1514 4169 1586
f 1586 4169 4241
f 1586 4241 1618
f 1618 4241 4273
f 1618 4273 1655
f 1655 4273 4310
f 1655 4310 1752
f 1752 4310 4407
f 1752 4407 1786
f 1786 4407 4441
f 1786 4441 1816
f 1816 4441 4471
f 1816 4471 1877
f 1877 4471 4532
f 1877 4532 1904
f 1904 4532 4559
f 1904 4559 1931
f 1931 4559 4586
f 1931 4586 1959
f 1959 4586 4614
f 1959 4614 1986
f 1986 4614 4641
f 1986 4641 2012
f 2012 4641 4667
f 2012 4667 2061
f 2061 4667 4716
f 2061 4716 2083
f 2083 4716 4738
f 2083 4738 2105
f 2105 4738 4760
f 2105 4760 2125
f 2125 4760 4780
f 2125 4780 2168
f 2168 4780 4823
f 2168 4823 2187
f 2187 4823 4842
f 2187 4842 2223
f 2223 4842 4878
f 2223 4878 2239
f 2239 4878 4894
f 2239 4894 2256
f 2256 4894 4911
f 2256 4911 2290
f 2290 4911 4945
f 2290 4945 2306
f 2306 4945 4961
f 2306 4961 2322
f 2322 4961 4977
f 2322 4977 2338
f 2338 4977 4993
f 2338 4993 2353
f 2353 4993 5008
f 2353 5008 2419
f 2419 5008 5074
f 2419 5074 2476
f 2476 5074 5131
f 2476 5131 2482
f 2482 5131 5137
f 2482 5137 2487
f 2487 5137 5142
f 2487 5142 2037
f 2037 5142 4692
f 2037 4692 1960
f 1960 4692 4615
f 1960 4615 1905
f 1905 4615 4560
f 1905 4560 1721
f 1721 4560 4376
f 1721 4376 1438
f 1438 4376 4093
f 1438 4093 1392
f 1392 4093 4047
f 1392 4047 1340
f 1340 4047 3995
f 1340 3995 1283
f 1283 3995 3938
f 1283 3938 1178
f 1178 3938 3833
f 1178 3833 1133
f 1133 3833 3788
f 1133 3788 1093
f 1093 3788 3747
f 1093 3747 1094
f 1094 3747 3749
f 1094 3749 1092
f 1092 3749 3748
f 1092 3748 1096
f 1096 3748 3751
f 1096 3751 1095
f 1095 3751 3750
f 1095 3750 1097
f 1097 3750 3752
f 1097 3752 42
f 42 3752 2698
f 42 2698 46
f 46 2698 2701
f 46 2701 45
f 45 2701 2700
f 45 2700 48
f 48 2700 2703
f 48 2703 47
f 47 2703 2702
f 47 2702 50
f 50 2702 2705
f 50 2705 49
f 49 2705 2704
f 49 2704 1103
f 1103 2704 3758
f 1103 3758 1182
f 1182 3758 3837
f 1182 3837 1233
f 1233 3837 3888
f 1233 3888 2014
f 2014 3888 4669
f 2014 4669 52
f 52 4669 2706
f 52 2706 53
f 53 2706 2708
f 53 2708 51
f 51 2708 2707
f 51 2707 55
f 55 2707 2710
f 55 2710 54
f 54 2710 2709
f 54 2709 57
f 57 2709 2712
f 57 2712 56
f 56 2712 2711
f 56 2711 59
f 59 2711 2714
f 59 2714 58
f 58 2714 2713
f 58 2713 61
f 61 2713 2716
f 61 2716 60
f 60 2716 2715
f 60 2715 63
f 63 2715 2718
f 63 2718 62
f 62 2718 2717
f 62 2717 65
f 65 2717 2720
f 65 2720 64
f 64 2720 2719
f 64 2719 67
f 67 2719 2722
f 67 2722 66
f 66 2722 2721
f 66 2721 69
f 69 2721 2724
f 69 2724 68
f 68 2724 2723
f 68 2723 71
f 71 2723 2726
f 71 2726 70
f 70 2726 2725
f 70 2725 73
f 73 2725 2728
f 73 2728 72
f 72 2728 2727
f 72 2727 75
f 75 2727 2730
f 75 2730 74
f 74 2730 2729
f 74 2729 77
f 77 2729 2732
f 77 2732 76
f 76 2732 2731
f 76 2731 79
f 79 2731 2734
f 79 2734 78
f 78 2734 2733
f 78 2733 81
f 81 2733 2736
f 81 2736 80
f 80 2736 2735
f 80 2735 83
f 83 2735 2738
f 83 2738 82
f 82 2738 2737
f 82 2737 1183
f 1183 2737 3838
f 1183 3838 1234
f 1234 3838 3889
f 1234 3889 1288
f 1288 3889 3943
f 1288 3943 1344
f 1344 3943 3999
f 1344 3999 1395
f 1395 3999 4050
f 1395 4050 1440
f 1440 4050 4095
f 1440 4095 1480
f 1480 4095 4135
f 1480 4135 1517
f 1517 4135 4172
f 1517 4172 1554
f 1554 4172 4209
f 1554 4209 1589
f 1589 4209 4244
f 1589 4244 1621
f 1621 4244 4276
f 1621 4276 1658
f 1658 4276 4313
f 1658 4313 1690
f 1690 4313 4345
f 1690 4345 1723
f 1723 4345 4378
f 1723 4378 1755
f 1755 4378 4410
f 1755 4410 1819
f 1819 4410 4474
f 1819 4474 1852
f 1852 4474 4507
f 1852 4507 1880
f 1880 4507 4535
f 1880 4535 1907
f 1907 4535 4562
f 1907 4562 1934
f 1934 4562 4589
f 1934 4589 1962
f 1962 4589 4617
f 1962 4617 1989
f 1989 4617 4644
f 1989 4644 2015
f 2015 4644 4670
f 2015 4670 2039
f 2039 4670 4694
f 2039 4694 2084
f 2084 4694 4739
f 2084 4739 2106
f 2106 4739 4761
f 2106 4761 2126
f 2126 4761 4781
f 2126 4781 2148
f 2148 4781 4803
f 2148 4803 2169
f 2169 4803 4824
f 2169 4824 2188
f 2188 4824 4843
f 2188 4843 2208
f 2208 4843 4863
f 2208 4863 2339
f 2339 4863 4994
f 2339 4994 2354
f 2354 4994 5009
f 2354 5009 2365
f 2365 5009 5020
f 2365 5020 2379
f 2379 5020 5034
f 2379 5034 2355
f 2355 5034 5010
f 2355 5010 2324
f 2324 5010 4979
f 2324 4979 1990
f 1990 4979 4645
f 1990 4645 1881
f 1881 4645 4536
f 1881 4536 1756
f 1756 4536 4411
f 1756 4411 1555
f 1555 4411 4210
f 1555 4210 1481
f 1481 4210 4136
f 1481 4136 1441
f 1441 4136 4096
f 1441 4096 1396
f 1396 4096 4051
f 1396 4051 1345
f 1345 4051 4000
f 1345 4000 1184
f 1184 4000 3839
f 1184 3839 1140
f 1140 3839 3795
f 1140 3795 85
f 85 3795 2739
f 85 2739 86
f 86 2739 2741
f 86 2741 84
f 84 2741 2740
f 84 2740 88
f 88 2740 2743
f 88 2743 87
f 87 2743 2742
f 87 2742 90
f 90 2742 2745
f 90 2745 89
f 89 2745 2744
f 89 2744 92
f 92 2744 2747
f 92 2747 91
f 91 2747 2746
f 91 2746 94
f 94 2746 2749
f 94 2749 93
f 93 2749 2748
f 93 2748 96
f 96 2748 2751
f 96 2751 95
f 95 2751 2750
f 95 2750 101
f 101 2750 2756
f 101 2756 100
f 100 2756 2755
f 100 2755 103
f 103 2755 2758
f 103 2758 102
f 102 2758 2757
f 102 2757 105
f 105 2757 2760
f 105 2760 104
f 104 2760 2759
f 104 2759 107
f 107 2759 2762
f 107 2762 106
f 106 2762 2761
f 106 2761 109
f 109 2761 2764
f 109 2764 108
f 108 2764 2763
f 108 2763 111
f 111 2763 2766
f 111 2766 110
f 110 2766 2765
f 110 2765 113
f 113 2765 2768
f 113 2768 112
f 112 2768 2767
f 112 2767 115
f 115 2767 2770
f 115 2770 114
f 114 2770 2769
f 114 2769 117
f 117 2769 2772
f 117 2772 116
f 116 2772 2771
f 116 2771 119
f 119 2771 2774
f 119 2774 118
f 118 2774 2773
f 118 2773 121
f 121 2773 2776
f 121 2776 120
f 120 2776 2775
f 120 2775 123
f 123 2775 2778
f 123 2778 122
f 122 2778 2777
f 122 2777 125
f 125 2777 2780
f 125 2780 124
f 124 2780 2779
f 124 2779 127
f 127 2779 2782
f 127 2782 126
f 126 2782 2781
f 126 2781 129
f 129 2781 2784
f 129 2784 128
f 128 2784 2783
f 128 2783 131
f 131 2783 2786
f 131 2786 130
f 130 2786 2785
f 130 2785 133
f 133 2785 2788
f 133 2788 132
f 132 2788 2787
f 132 2787 135
f 135 2787 2790
f 135 2790 134
f 134 2790 2789
f 134 2789 1143
f 1143 2789 3798
f 1143 3798 1186
f 1186 3798 3841
f 1186 3841 2340
f 2340 3841 4995
f 2340 4995 2366
f 2366 4995 5021
f 2366 5021 2380
f 2380 5021 5035
f 2380 5035 2395
f 2395 5035 5050
f 2395 5050 2408
f 2408 5050 5063
f 2408 5063 2129
f 2129 5063 4784
f 2129 4784 2109
f 2109 4784 4764
f 2109 4764 2087
f 2087 4764 4742
f 2087 4742 2065
f 2065 4742 4720
f 2065 4720 2042
f 2042 4720 4697
f 2042 4697 2017
f 2017 4697 4672
f 2017 4672 1992
f 1992 4672 4647
f 1992 4647 1937
f 1937 4647 4592
f 1937 4592 1910
f 1910 4592 4565
f 1910 4565 1883
f 1883 4565 4538
f 1883 4538 1855
f 1855 4538 4510
f 1855 4510 1822
f 1822 4510 4477
f 1822 4477 1791
f 1791 4477 4446
f 1791 4446 1758
f 1758 4446 4413
f 1758 4413 1726
f 1726 4413 4381
f 1726 4381 1693
f 1693 4381 4348
f 1693 4348 1661
f 1661 4348 4316
f 1661 4316 1624
f 1624 4316 4279
f 1624 4279 1592
f 1592 4279 4247
f 1592 4247 1557
f 1557 4247 4212
f 1557 4212 1520
f 1520 4212 4175
f 1520 4175 1483
f 1483 4175 4138
f 1483 4138 1398
f 1398 4138 4053
f 1398 4053 1347
f 1347 4053 4002
f 1347 4002 1290
f 1290 4002 3945
f 1290 3945 1237
f 1237 3945 3892
f 1237 3892 1187
f 1187 3892 3842
f 1187 3842 1106
f 1106 3842 3761
f 1106 3761 137
f 137 3761 2791
f 137 2791 138
f 138 2791 2793
f 138 2793 136
f 136 2793 2792
f 136 2792 140
f 140 2792 2795
f 140 2795 139
f 139 2795 2794
f 139 2794 142
f 142 2794 2797
f 142 2797 141
f 141 2797 2796
f 141 2796 144
f 144 2796 2799
f 144 2799 143
f 143 2799 2798
f 143 2798 146
f 146 2798 2801
f 146 2801 145
f 145 2801 2800
f 145 2800 148
f 148 2800 2803
f 148 2803 147
f 147 2803 2802
f 147 2802 150
f 150 2802 2805
f 150 2805 149
f 149 2805 2804
f 149 2804 152
f 152 2804 2807
f 152 2807 151
f 151 2807 2806
f 151 2806 154
f 154 2806 2809
f 154 2809 153
f 153 2809 2808
f 153 2808 156
f 156 2808 2811
f 156 2811 155
f 155 2811 2810
f 155 2810 158
f 158 2810 2813
f 158 2813 157
f 157 2813 2812
f 157 2812 160
f 160 2812 2815
f 160 2815 159
f 159 2815 2814
f 159 2814 162
f 162 2814 2817
f 162 2817 161
f 161 2817 2816
f 161 2816 164
f 164 2816 2819
f 164 2819 163
f 163 2819 2818
f 163 2818 166
f 166 2818 2821
f 166 2821 165
f 165 2821 2820
f 165 2820 168
f 168 2820 2822
f 168 2822 169
f 169 2822 2824
f 169 2824 167
f 167 2824 2823
f 167 2823 171
f 171 2823 2826
f 171 2826 170
f 170 2826 2825
f 170 2825 173
f 173 2825 2828
f 173 2828 172
f 172 2828 2827
f 172 2827 175
f 175 2827 2830
f 175 2830 174
f 174 2830 2829
f 174 2829 177
f 177 2829 2832
f 177 2832 176
f 176 2832 2831
f 176 2831 179
f 179 2831 2834
f 179 2834 178
f 178 2834 2833
f 178 2833 181
f 181 2833 2836
f 181 2836 180
f 180 2836 2835
f 180 2835 183
f 183 2835 2838
f 183 2838 182
f 182 2838 2837
f 182 2837 1238
f 1238 2837 3893
f 1238 3893 1291
f 1291 3893 3946
f 1291 3946 1348
f 1348 3946 4003
f 1348 4003 2607
f 2607 4003 5262
f 2607 5262 2612
f 2612 5262 5267
f 2612 5267 2458
f 2458 5267 5113
f 2458 5113 2308
f 2308 5113 4963
f 2308 4963 2292
f 2292 4963 4947
f 2292 4947 2276
f 2276 4947 4931
f 2276 4931 2260
f 2260 4931 4915
f 2260 4915 2243
f 2243 4915 4898
f 2243 4898 2066
f 2066 4898 4721
f 2066 4721 2018
f 2018 4721 4673
f 2018 4673 1993
f 1993 4673 4648
f 1993 4648 1965
f 1965 4648 4620
f 1965 4620 1938
f 1938 4620 4593
f 1938 4593 1884
f 1884 4593 4539
f 1884 4539 1856
f 1856 4539 4511
f 1856 4511 1823
f 1823 4511 4478
f 1823 4478 1792
f 1792 4478 4447
f 1792 4447 1759
f 1759 4447 4414
f 1759 4414 1727
f 1727 4414 4382
f 1727 4382 1694
f 1694 4382 4349
f 1694 4349 1662
f 1662 4349 4317
f 1662 4317 1625
f 1625 4317 4280
f 1625 4280 1558
f 1558 4280 4213
f 1558 4213 1521
f 1521 4213 4176
f 1521 4176 1484
f 1484 4176 4139
f 1484 4139 1399
f 1399 4139 4054
f 1399 4054 1349
f 1349 4054 4004
f 1349 4004 1292
f 1292 4004 3947
f 1292 3947 1239
f 1239 3947 3894
f 1239 3894 1188
f 1188 3894 3843
f 1188 3843 1107
f 1107 3843 3762
f 1107 3762 185
f 185 3762 2839
f 185 2839 186
f 186 2839 2841
f 186 2841 184
f 184 2841 2840
f 184 2840 188
f 188 2840 2843
f 188 2843 187
f 187 2843 2842
f 187 2842 190
f 190 2842 2845
f 190 2845 189
f 189 2845 2844
f 189 2844 192
f 192 2844 2847
f 192 2847 191
f 191 2847 2846
f 191 2846 194
f 194 2846 2849
f 194 2849 193
f 193 2849 2848
f 193 2848 196
f 196 2848 2851
f 196 2851 195
f 195 2851 2850
f 195 2850 198
f 198 2850 2853
f 198 2853 197
f 197 2853 2852
f 197 2852 200
f 200 2852 2855
f 200 2855 199
f 199 2855 2854
f 199 2854 202
f 202 2854 2857
f 202 2857 201
f 201 2857 2856
f 201 2856 204
f 204 2856 2859
f 204 2859 203
f 203 2859 2858
f 203 2858 206
f 206 2858 2861
f 206 2861 205
f 205 2861 2860
f 205 2860 208
f 208 2860 2863
f 208 2863 207
f 207 2863 2862
f 207 2862 210
f 210 2862 2865
f 210 2865 209
f 209 2865 2864
f 209 2864 212
f 212 2864 2867
f 212 2867 211
f 211 2867 2866
f 211 2866 214
f 214 2866 2869
f 214 2869 213
f 213 2869 2868
f 213 2868 1189
f 1189 2868 3844
f 1189 3844 1240
f 1240 3844 3895
f 1240 3895 1293
f 1293 3895 3948
f 1293 3948 1350
f 1350 3948 4005
f 1350 4005 1400
f 1400 4005 4055
f 1400 4055 216
f 216 4055 2870
f 216 2870 217
f 217 2870 2872
f 217 2872 215
f 215 2872 2871
f 215 2871 2110
f 2110 2871 4765
f 2110 4765 2130
f 2130 4765 4785
f 2130 4785 2151
f 2151 4785 4806
f 2151 4806 2171
f 2171 4806 4826
f 2171 4826 2191
f 2191 4826 4846
f 2191 4846 2192
f 2192 4846 4847
f 2192 4847 2172
f 2172 4847 4827
f 2172 4827 2152
f 2152 4827 4807
f 2152 4807 2131
f 2131 4807 4786
f 2131 4786 2111
f 2111 4786 4766
f 2111 4766 2088
f 2088 4766 4743
f 2088 4743 2067
f 2067 4743 4722
f 2067 4722 2043
f 2043 4722 4698
f 2043 4698 2019
f 2019 4698 4674
f 2019 4674 1994
f 1994 4674 4649
f 1994 4649 1966
f 1966 4649 4621
f 1966 4621 1939
f 1939 4621 4594
f 1939 4594 1911
f 1911 4594 4566
f 1911 4566 1885
f 1885 4566 4540
f 1885 4540 1824
f 1824 4540 4479
f 1824 4479 1793
f 1793 4479 4448
f 1793 4448 1760
f 1760 4448 4415
f 1760 4415 1728
f 1728 4415 4383
f 1728 4383 1695
f 1695 4383 4350
f 1695 4350 1663
f 1663 4350 4318
f 1663 4318 1626
f 1626 4318 4281
f 1626 4281 1593
f 1593 4281 4248
f 1593 4248 1559
f 1559 4248 4214
f 1559 4214 1522
f 1522 4214 4177
f 1522 4177 1485
f 1485 4177 4140
f 1485 4140 1442
f 1442 4140 4097
f 1442 4097 1401
f 1401 4097 4056
f 1401 4056 1351
f 1351 4056 4006
f 1351 4006 1241
f 1241 4006 3896
f 1241 3896 219
f 219 3896 2873
f 219 2873 220
f 220 2873 2875
f 220 2875 218
f 218 2875 2874
f 218 2874 222
f 222 2874 2877
f 222 2877 221
f 221 2877 2876
f 221 2876 224
f 224 2876 2879
f 224 2879 223
f 223 2879 2878
f 223 2878 226
f 226 2878 2881
f 226 2881 225
f 225 2881 2880
f 225 2880 228
f 228 2880 2883
f 228 2883 227
f 227 2883 2882
f 227 2882 230
f 230 2882 2885
f 230 2885 229
f 229 2885 2884
f 229 2884 232
f 232 2884 2887
f 232 2887 231
f 231 2887 2886
f 231 2886 234
f 234 2886 2889
f 234 2889 233
f 233 2889 2888
f 233 2888 236
f 236 2888 2891
f 236 2891 235
f 235 2891 2890
f 235 2890 238
f 238 2890 2893
f 238 2893 237
f 237 2893 2892
f 237 2892 240
f 240 2892 2895
f 240 2895 239
f 239 2895 2894
f 239 2894 242
f 242 2894 2897
f 242 2897 241
f 241 2897 2896
f 241 2896 244
f 244 2896 2899
f 244 2899 243
f 243 2899 2898
f 243 2898 246
f 246 2898 2901
f 246 2901 245
f 245 2901 2900
f 245 2900 248
f 248 2900 2903
f 248 2903 247
f 247 2903 2902
f 247 2902 250
f 250 2902 2905
f 250 2905 249
f 249 2905 2904
f 249 2904 252
f 252 2904 2907
f 252 2907 251
f 251 2907 2906
f 251 2906 254
f 254 2906 2909
f 254 2909 253
f 253 2909 2908
f 253 2908 256
f 256 2908 2911
f 256 2911 255
f 255 2911 2910
f 255 2910 258
f 258 2910 2913
f 258 2913 257
f 257 2913 2912
f 257 2912 260
f 260 2912 2915
f 260 2915 259
f 259 2915 2914
f 259 2914 262
f 262 2914 2917
f 262 2917 261
f 261 2917 2916
f 261 2916 264
f 264 2916 2919
f 264 2919 263
f 263 2919 2918
f 263 2918 266
f 266 2918 2921
f 266 2921 265
f 265 2921 2920
f 265 2920 1242
f 1242 2920 3897
f 1242 3897 1294
f 1294 3897 3949
f 1294 3949 1352
f 1352 3949 4007
f 1352 4007 1402
f 1402 4007 4057
f 1402 4057 1443
f 1443 4057 4098
f 1443 4098 1486
f 1486 4098 4141
f 1486 4141 1696
f 1696 4141 4351
f 1696 4351 1403
f 1403 4351 4058
f 1403 4058 1353
f 1353 4058 4008
f 1353 4008 1295
f 1295 4008 3950
f 1295 3950 1190
f 1190 3950 3845
f 1190 3845 268
f 268 3845 2922
f 268 2922 269
f 269 2922 2924
f 269 2924 267
f 267 2924 2923
f 267 2923 271
f 271 2923 2926
f 271 2926 270
f 270 2926 2925
f 270 2925 273
f 273 2925 2928
f 273 2928 272
f 272 2928 2927
f 272 2927 275
f 275 2927 2930
f 275 2930 274
f 274 2930 2929
f 274 2929 277
f 277 2929 2932
f 277 2932 276
f 276 2932 2931
f 276 2931 279
f 279 2931 2934
f 279 2934 278
f 278 2934 2933
f 278 2933 281
f 281 2933 2936
f 281 2936 280
f 280 2936 2935
f 280 2935 283
f 283 2935 2938
f 283 2938 282
f 282 2938 2937
f 282 2937 285
f 285 2937 2940
f 285 2940 284
f 284 2940 2939
f 284 2939 287
f 287 2939 2942
f 287 2942 286
f 286 2942 2941
f 286 2941 289
f 289 2941 2944
f 289 2944 288
f 288 2944 2943
f 288 2943 291
f 291 2943 2946
f 291 2946 290
f 290 2946 2945
f 290 2945 293
f 293 2945 2948
f 293 2948 292
f 292 2948 2947
f 292 2947 295
f 295 2947 2950
f 295 2950 294
f 294 2950 2949
f 294 2949 297
f 297 2949 2952
f 297 2952 296
f 296 2952 2951
f 296 2951 299
f 299 2951 2954
f 299 2954 298
f 298 2954 2953
f 298 2953 301
f 301 2953 2956
f 301 2956 300
f 300 2956 2955
f 300 2955 303
f 303 2955 2958
f 303 2958 302
f 302 2958 2957
f 302 2957 1296
f 1296 2957 3951
f 1296 3951 1354
f 1354 3951 4009
f 1354 4009 1404
f 1404 4009 4059
f 1404 4059 1444
f 1444 4059 4099
f 1444 4099 1487
f 1487 4099 4142
f 1487 4142 1560
f 1560 4142 4215
f 1560 4215 1594
f 1594 4215 4249
f 1594 4249 1627
f 1627 4249 4282
f 1627 4282 1664
f 1664 4282 4319
f 1664 4319 1729
f 1729 4319 4384
f 1729 4384 1761
f 1761 4384 4416
f 1761 4416 1794
f 1794 4416 4449
f 1794 4449 1825
f 1825 4449 4480
f 1825 4480 1857
f 1857 4480 4512
f 1857 4512 1886
f 1886 4512 4541
f 1886 4541 1912
f 1912 4541 4567
f 1912 4567 1940
f 1940 4567 4595
f 1940 4595 1995
f 1995 4595 4650
f 1995 4650 2020
f 2020 4650 4675
f 2020 4675 2044
f 2044 4675 4699
f 2044 4699 2068
f 2068 4699 4723
f 2068 4723 2089
f 2089 4723 4744
f 2089 4744 2112
f 2112 4744 4767
f 2112 4767 2132
f 2132 4767 4787
f 2132 4787 2153
f 2153 4787 4808
f 2153 4808 2173
f 2173 4808 4828
f 2173 4828 2193
f 2193 4828 4848
f 2193 4848 2325
f 2325 4848 4980
f 2325 4980 2341
f 2341 4980 4996
f 2341 4996 2356
f 2356 4996 5011
f 2356 5011 2367
f 2367 5011 5022
f 2367 5022 2381
f 2381 5022 5036
f 2381 5036 2396
f 2396 5036 5051
f 2396 5051 2409
f 2409 5051 5064
f 2409 5064 2420
f 2420 5064 5075
f 2420 5075 2430
f 2430 5075 5085
f 2430 5085 2431
f 2431 5085 5086
f 2431 5086 2421
f 2421 5086 5076
f 2421 5076 2410
f 2410 5076 5065
f 2410 5065 2397
f 2397 5065 5052
f 2397 5052 2382
f 2382 5052 5037
f 2382 5037 2368
f 2368 5037 5023
f 2368 5023 2357
f 2357 5023 5012
f 2357 5012 2342
f 2342 5012 4997
f 2342 4997 2326
f 2326 4997 4981
f 2326 4981 2309
f 2309 4981 4964
f 2309 4964 2293
f 2293 4964 4948
f 2293 4948 2277
f 2277 4948 4932
f 2277 4932 2261
f 2261 4932 4916
f 2261 4916 2226
f 2226 4916 4881
f 2226 4881 2211
f 2211 4881 4866
f 2211 4866 2194
f 2194 4866 4849
f 2194 4849 2174
f 2174 4849 4829
f 2174 4829 2154
f 2154 4829 4809
f 2154 4809 2133
f 2133 4809 4788
f 2133 4788 2113
f 2113 4788 4768
f 2113 4768 2090
f 2090 4768 4745
f 2090 4745 2069
f 2069 4745 4724
f 2069 4724 2045
f 2045 4724 4700
f 2045 4700 2021
f 2021 4700 4676
f 2021 4676 1996
f 1996 4676 4651
f 1996 4651 1967
f 1967 4651 4622
f 1967 4622 1941
f 1941 4622 4596
f 1941 4596 1913
f 1913 4596 4568
f 1913 4568 1887
f 1887 4568 4542
f 1887 4542 1858
f 1858 4542 4513
f 1858 4513 1826
f 1826 4513 4481
f 1826 4481 1762
f 1762 4481 4417
f 1762 4417 1730
f 1730 4417 4385
f 1730 4385 1697
f 1697 4385 4352
f 1697 4352 1665
f 1665 4352 4320
f 1665 4320 1628
f 1628 4320 4283
f 1628 4283 1595
f 1595 4283 4250
f 1595 4250 1561
f 1561 4250 4216
f 1561 4216 1523
f 1523 4216 4178
f 1523 4178 1488
f 1488 4178 4143
f 1488 4143 1445
f 1445 4143 4100
f 1445 4100 1355
f 1355 4100 4010
f 1355 4010 1297
f 1297 4010 3952
f 1297 3952 1243
f 1243 3952 3898
f 1243 3898 1191
f 1191 3898 3846
f 1191 3846 1144
f 1144 3846 3799
f 1144 3799 305
f 305 3799 2959
f 305 2959 306
f 306 2959 2961
f 306 2961 304
f 304 2961 2960
f 304 2960 308
f 308 2960 2963
f 308 2963 307
f 307 2963 2962
f 307 2962 310
f 310 2962 2965
f 310 2965 309
f 309 2965 2964
f 309 2964 312
f 312 2964 2967
f 312 2967 311
f 311 2967 2966
f 311 2966 314
f 314 2966 2969
f 314 2969 313
f 313 2969 2968
f 313 2968 316
f 316 2968 2971
f 316 2971 315
f 315 2971 2970
f 315 2970 318
f 318 2970 2973
f 318 2973 317
f 317 2973 2972
f 317 2972 320
f 320 2972 2975
f 320 2975 319
f 319 2975 2974
f 319 2974 322
f 322 2974 2977
f 322 2977 321
f 321 2977 2976
f 321 2976 324
f 324 2976 2979
f 324 2979 323
f 323 2979 2978
f 323 2978 326
f 326 2978 2981
f 326 2981 325
f 325 2981 2980
f 325 2980 328
f 328 2980 2983
f 328 2983 327
f 327 2983 2982
f 327 2982 330
f 330 2982 2985
f 330 2985 329
f 329 2985 2984
f 329 2984 332
f 332 2984 2987
f 332 2987 331
f 331 2987 2986
f 331 2986 334
f 334 2986 2989
f 334 2989 333
f 333 2989 2988
f 333 2988 336
f 336 2988 2991
f 336 2991 335
f 335 2991 2990
f 335 2990 338
f 338 2990 2993
f 338 2993 337
f 337 2993 2992
f 337 2992 340
f 340 2992 2995
f 340 2995 339
f 339 2995 2994
f 339 2994 342
f 342 2994 2997
f 342 2997 341
f 341 2997 2996
f 341 2996 344
f 344 2996 2999
f 344 2999 343
f 343 2999 2998
f 343 2998 346
f 346 2998 3001
f 346 3001 345
f 345 3001 3000
f 345 3000 348
f 348 3000 3003
f 348 3003 347
f 347 3003 3002
f 347 3002 350
f 350 3002 3005
f 350 3005 349
f 349 3005 3004
f 349 3004 352
f 352 3004 3007
f 352 3007 351
f 351 3007 3006
f 351 3006 354
f 354 3006 3009
f 354 3009 353
f 353 3009 3008
f 353 3008 356
f 356 3008 3011
f 356 3011 355
f 355 3011 3010
f 355 3010 1298
f 1298 3010 3953
f 1298 3953 2440
f 2440 3953 5095
f 2440 5095 2467
f 2467 5095 5122
f 2467 5122 2471
f 2471 5122 5126
f 2471 5126 2477
f 2477 5126 5132
f 2477 5132 2483
f 2483 5132 5138
f 2483 5138 2488
f 2488 5138 5143
f 2488 5143 2494
f 2494 5143 5149
f 2494 5149 2500
f 2500 5149 5155
f 2500 5155 2506
f 2506 5155 5161
f 2506 5161 2512
f 2512 5161 5167
f 2512 5167 2518
f 2518 5167 5173
f 2518 5173 2525
f 2525 5173 5180
f 2525 5180 2531
f 2531 5180 5186
f 2531 5186 2534
f 2534 5186 5189
f 2534 5189 2537
f 2537 5189 5192
f 2537 5192 2542
f 2542 5192 5197
f 2542 5197 2432
f 2432 5197 5087
f 2432 5087 2411
f 2411 5087 5066
f 2411 5066 2398
f 2398 5066 5053
f 2398 5053 2383
f 2383 5053 5038
f 2383 5038 358
f 358 5038 3012
f 358 3012 359
f 359 3012 3014
f 359 3014 357
f 357 3014 3013
f 357 3013 2343
f 2343 3013 4998
f 2343 4998 2327
f 2327 4998 4982
f 2327 4982 2310
f 2310 4982 4965
f 2310 4965 2294
f 2294 4965 4949
f 2294 4949 2278
f 2278 4949 4933
f 2278 4933 2262
f 2262 4933 4917
f 2262 4917 2244
f 2244 4917 4899
f 2244 4899 2227
f 2227 4899 4882
f 2227 4882 2212
f 2212 4882 4867
f 2212 4867 2195
f 2195 4867 4850
f 2195 4850 2175
f 2175 4850 4830
f 2175 4830 2155
f 2155 4830 4810
f 2155 4810 2134
f 2134 4810 4789
f 2134 4789 2114
f 2114 4789 4769
f 2114 4769 2091
f 2091 4769 4746
f 2091 4746 2070
f 2070 4746 4725
f 2070 4725 2046
f 2046 4725 4701
f 2046 4701 2022
f 2022 4701 4677
f 2022 4677 1997
f 1997 4677 4652
f 1997 4652 1968
f 1968 4652 4623
f 1968 4623 1942
f 1942 4623 4597
f 1942 4597 1914
f 1914 4597 4569
f 1914 4569 1888
f 1888 4569 4543
f 1888 4543 1827
f 1827 4543 4482
f 1827 4482 1795
f 1795 4482 4450
f 1795 4450 1763
f 1763 4450 4418
f 1763 4418 1731
f 1731 4418 4386
f 1731 4386 1698
f 1698 4386 4353
f 1698 4353 1666
f 1666 4353 4321
f 1666 4321 1629
f 1629 4321 4284
f 1629 4284 1562
f 1562 4284 4217
f 1562 4217 1524
f 1524 4217 4179
f 1524 4179 1489
f 1489 4179 4144
f 1489 4144 1446
f 1446 4144 4101
f 1446 4101 1405
f 1405 4101 4060
f 1405 4060 1356
f 1356 4060 4011
f 1356 4011 1299
f 1299 4011 3954
f 1299 3954 1244
f 1244 3954 3899
f 1244 3899 1145
f 1145 3899 3800
f 1145 3800 361
f 361 3800 3015
f 361 3015 362
f 362 3015 3017
f 362 3017 360
f 360 3017 3016
f 360 3016 364
f 364 3016 3019
f 364 3019 363
f 363 3019 3018
f 363 3018 366
f 366 3018 3021
f 366 3021 365
f 365 3021 3020
f 365 3020 368
f 368 3020 3023
f 368 3023 367
f 367 3023 3022
f 367 3022 370
f 370 3022 3025
f 370 3025 369
f 369 3025 3024
f 369 3024 372
f 372 3024 3027
f 372 3027 371
f 371 3027 3026
f 371 3026 374
f 374 3026 3029
f 374 3029 373
f 373 3029 3028
f 373 3028 376
f 376 3028 3031
f 376 3031 375
f 375 3031 3030
f 375 3030 378
f 378 3030 3033
f 378 3033 377
f 377 3033 3032
f 377 3032 380
f 380 3032 3035
f 380 3035 379
f 379 3035 3034
f 379 3034 382
f 382 3034 3037
f 382 3037 381
f 381 3037 3036
f 381 3036 384
f 384 3036 3039
f 384 3039 383
f 383 3039 3038
f 383 3038 386
f 386 3038 3041
f 386 3041 385
f 385 3041 3040
f 385 3040 388
f 388 3040 3043
f 388 3043 387
f 387 3043 3042
f 387 3042 390
f 390 3042 3045
f 390 3045 389
f 389 3045 3044
f 389 3044 392
f 392 3044 3047
f 392 3047 391
f 391 3047 3046
f 391 3046 1146
f 1146 3046 3801
f 1146 3801 1245
f 1245 3801 3900
f 1245 3900 1300
f 1300 3900 3955
f 1300 3955 1357
f 1357 3955 4012
f 1357 4012 1630
f 1630 4012 4285
f 1630 4285 1596
f 1596 4285 4251
f 1596 4251 1525
f 1525 4251 4180
f 1525 4180 1490
f 1490 4180 4145
f 1490 4145 1406
f 1406 4145 4061
f 1406 4061 1358
f 1358 4061 4013
f 1358 4013 1301
f 1301 4013 3956
f 1301 3956 1192
f 1192 3956 3847
f 1192 3847 394
f 394 3847 3048
f 394 3048 395
f 395 3048 3050
f 395 3050 393
f 393 3050 3049
f 393 3049 397
f 397 3049 3052
f 397 3052 396
f 396 3052 3051
f 396 3051 399
f 399 3051 3054
f 399 3054 398
f 398 3054 3053
f 398 3053 401
f 401 3053 3056
f 401 3056 400
f 400 3056 3055
f 400 3055 403
f 403 3055 3058
f 403 3058 402
f 402 3058 3057
f 402 3057 405
f 405 3057 3060
f 405 3060 404
f 404 3060 3059
f 404 3059 407
f 407 3059 3062
f 407 3062 406
f 406 3062 3061
f 406 3061 1193
f 1193 3061 3848
f 1193 3848 1447
f 1447 3848 4102
f 1447 4102 1563
f 1563 4102 4218
f 1563 4218 1667
f 1667 4218 4322
f 1667 4322 1764
f 1764 4322 4419
f 1764 4419 1796
f 1796 4419 4451
f 1796 4451 1828
f 1828 4451 4483
f 1828 4483 2422
f 2422 4483 5077
f 2422 5077 2441
f 2441 5077 5096
f 2441 5096 2449
f 2449 5096 5104
f 2449 5104 2459
f 2459 5104 5114
f 2459 5114 2655
f 2655 5114 5310
f 2655 5310 2653
f 2653 5310 5308
f 2653 5308 2651
f 2651 5308 5306
f 2651 5306 2649
f 2649 5306 5304
f 2649 5304 2647
f 2647 5304 5302
f 2647 5302 2645
f 2645 5302 5300
f 2645 5300 2644
f 2644 5300 5299
f 2644 5299 2637
f 2637 5299 5292
f 2637 5292 2633
f 2633 5292 5288
f 2633 5288 2631
f 2631 5288 5286
f 2631 5286 2628
f 2628 5286 5283
f 2628 5283 1668
f 1668 5283 4323
f 1668 4323 1631
f 1631 4323 4286
f 1631 4286 1597
f 1597 4286 4252
f 1597 4252 1564
f 1564 4252 4219
f 1564 4219 1526
f 1526 4219 4181
f 1526 4181 1491
f 1491 4181 4146
f 1491 4146 1448
f 1448 4146 4103
f 1448 4103 1407
f 1407 4103 4062
f 1407 4062 1302
f 1302 4062 3957
f 1302 3957 1246
f 1246 3957 3901
f 1246 3901 1194
f 1194 3901 3849
f 1194 3849 1108
f 1108 3849 3763
f 1108 3763 409
f 409 3763 3063
f 409 3063 410
f 410 3063 3065
f 410 3065 408
f 408 3065 3064
f 408 3064 412
f 412 3064 3067
f 412 3067 411
f 411 3067 3066
f 411 3066 414
f 414 3066 3069
f 414 3069 413
f 413 3069 3068
f 413 3068 416
f 416 3068 3071
f 416 3071 415
f 415 3071 3070
f 415 3070 418
f 418 3070 3073
f 418 3073 417
f 417 3073 3072
f 417 3072 420
f 420 3072 3075
f 420 3075 419
f 419 3075 3074
f 419 3074 422
f 422 3074 3077
f 422 3077 421
f 421 3077 3076
f 421 3076 424
f 424 3076 3079
f 424 3079 423
f 423 3079 3078
f 423 3078 426
f 426 3078 3081
f 426 3081 425
f 425 3081 3080
f 425 3080 428
f 428 3080 3083
f 428 3083 427
f 427 3083 3082
f 427 3082 1699
f 1699 3082 4354
f 1699 4354 1732
f 1732 4354 4387
f 1732 4387 1765
f 1765 4387 4420
f 1765 4420 1797
f 1797 4420 4452
f 1797 4452 1829
f 1829 4452 4484
f 1829 4484 2442
f 2442 4484 5097
f 2442 5097 2399
f 2399 5097 5054
f 2399 5054 2369
f 2369 5054 5024
f 2369 5024 2328
f 2328 5024 4983
f 2328 4983 2311
f 2311 4983 4966
f 2311 4966 2295
f 2295 4966 4950
f 2295 4950 2279
f 2279 4950 4934
f 2279 4934 2263
f 2263 4934 4918
f 2263 4918 2245
f 2245 4918 4900
f 2245 4900 2228
f 2228 4900 4883
f 2228 4883 2213
f 2213 4883 4868
f 2213 4868 2176
f 2176 4868 4831
f 2176 4831 2156
f 2156 4831 4811
f 2156 4811 2135
f 2135 4811 4790
f 2135 4790 2115
f 2115 4790 4770
f 2115 4770 2092
f 2092 4770 4747
f 2092 4747 2071
f 2071 4747 4726
f 2071 4726 2047
f 2047 4726 4702
f 2047 4702 2023
f 2023 4702 4678
f 2023 4678 1998
f 1998 4678 4653
f 1998 4653 1969
f 1969 4653 4624
f 1969 4624 1943
f 1943 4624 4598
f 1943 4598 1915
f 1915 4598 4570
f 1915 4570 1889
f 1889 4570 4544
f 1889 4544 1859
f 1859 4544 4514
f 1859 4514 1830
f 1830 4514 4485
f 1830 4485 1766
f 1766 4485 4421
f 1766 4421 1733
f 1733 4421 4388
f 1733 4388 1700
f 1700 4388 4355
f 1700 4355 1669
f 1669 4355 4324
f 1669 4324 1632
f 1632 4324 4287
f 1632 4287 1598
f 1598 4287 4253
f 1598 4253 1565
f 1565 4253 4220
f 1565 4220 1527
f 1527 4220 4182
f 1527 4182 1492
f 1492 4182 4147
f 1492 4147 1449
f 1449 4147 4104
f 1449 4104 1408
f 1408 4104 4063
f 1408 4063 1359
f 1359 4063 4014
f 1359 4014 1303
f 1303 4014 3958
f 1303 3958 1247
f 1247 3958 3902
f 1247 3902 1147
f 1147 3902 3802
f 1147 3802 430
f 430 3802 3084
f 430 3084 431
f 431 3084 3086
f 431 3086 429
f 429 3086 3085
f 429 3085 433
f 433 3085 3088
f 433 3088 432
f 432 3088 3087
f 432 3087 435
f 435 3087 3090
f 435 3090 434
f 434 3090 3089
f 434 3089 437
f 437 3089 3092
f 437 3092 436
f 436 3092 3091
f 436 3091 439
f 439 3091 3094
f 439 3094 438
f 438 3094 3093
f 438 3093 441
f 441 3093 3096
f 441 3096 440
f 440 3096 3095
f 440 3095 443
f 443 3095 3098
f 443 3098 442
f 442 3098 3097
f 442 3097 445
f 445 3097 3100
f 445 3100 444
f 444 3100 3099
f 444 3099 447
f 447 3099 3102
f 447 3102 446
f 446 3102 3101
f 446 3101 449
f 449 3101 3104
f 449 3104 448
f 448 3104 3103
f 448 3103 451
f 451 3103 3106
f 451 3106 450
f 450 3106 3105
f 450 3105 453
f 453 3105 3108
f 453 3108 452
f 452 3108 3107
f 452 3107 455
f 455 3107 3110
f 455 3110 454
f 454 3110 3109
f 454 3109 457
f 457 3109 3112
f 457 3112 456
f 456 3112 3111
f 456 3111 459
f 459 3111 3114
f 459 3114 458
f 458 3114 3113
f 458 3113 461
f 461 3113 3116
f 461 3116 460
f 460 3116 3115
f 460 3115 463
f 463 3115 3118
f 463 3118 462
f 462 3118 3117
f 462 3117 465
f 465 3117 3120
f 465 3120 464
f 464 3120 3119
f 464 3119 467
f 467 3119 3122
f 467 3122 466
f 466 3122 3121
f 466 3121 469
f 469 3121 3124
f 469 3124 468
f 468 3124 3123
f 468 3123 471
f 471 3123 3126
f 471 3126 470
f 470 3126 3125
f 470 3125 473
f 473 3125 3128
f 473 3128 472
f 472 3128 3127
f 472 3127 1248
f 1248 3127 3903
f 1248 3903 1304
f 1304 3903 3959
f 1304 3959 1360
f 1360 3959 4015
f 1360 4015 1409
f 1409 4015 4064
f 1409 4064 1450
f 1450 4064 4105
f 1450 4105 1493
f 1493 4105 4148
f 1493 4148 1528
f 1528 4148 4183
f 1528 4183 1566
f 1566 4183 4221
f 1566 4221 2344
f 2344 4221 4999
f 2344 4999 2358
f 2358 4999 5013
f 2358 5013 2384
f 2384 5013 5039
f 2384 5039 2412
f 2412 5039 5067
f 2412 5067 2423
f 2423 5067 5078
f 2423 5078 2433
f 2433 5078 5088
f 2433 5088 2450
f 2450 5088 5105
f 2450 5105 2460
f 2460 5105 5115
f 2460 5115 2468
f 2468 5115 5123
f 2468 5123 2472
f 2472 5123 5127
f 2472 5127 2615
f 2615 5127 5270
f 2615 5270 2608
f 2608 5270 5263
f 2608 5263 2603
f 2603 5263 5258
f 2603 5258 2599
f 2599 5258 5254
f 2599 5254 2595
f 2595 5254 5250
f 2595 5250 475
f 475 5250 3129
f 475 3129 476
f 476 3129 3131
f 476 3131 474
f 474 3131 3130
f 474 3130 1109
f 1109 3130 3764
f 1109 3764 2526
f 2526 3764 5181
f 2526 5181 2519
f 2519 5181 5174
f 2519 5174 2513
f 2513 5174 5168
f 2513 5168 2507
f 2507 5168 5162
f 2507 5162 2501
f 2501 5162 5156
f 2501 5156 2495
f 2495 5156 5150
f 2495 5150 2489
f 2489 5150 5144
f 2489 5144 2484
f 2484 5144 5139
f 2484 5139 2478
f 2478 5139 5133
f 2478 5133 2451
f 2451 5133 5106
f 2451 5106 2400
f 2400 5106 5055
f 2400 5055 2385
f 2385 5055 5040
f 2385 5040 2370
f 2370 5040 5025
f 2370 5025 2359
f 2359 5025 5014
f 2359 5014 2345
f 2345 5014 5000
f 2345 5000 2329
f 2329 5000 4984
f 2329 4984 2312
f 2312 4984 4967
f 2312 4967 2296
f 2296 4967 4951
f 2296 4951 2280
f 2280 4951 4935
f 2280 4935 2264
f 2264 4935 4919
f 2264 4919 2246
f 2246 4919 4901
f 2246 4901 2229
f 2229 4901 4884
f 2229 4884 2214
f 2214 4884 4869
f 2214 4869 2196
f 2196 4869 4851
f 2196 4851 2177
f 2177 4851 4832
f 2177 4832 2136
f 2136 4832 4791
f 2136 4791 2072
f 2072 4791 4727
f 2072 4727 2048
f 2048 4727 4703
f 2048 4703 2024
f 2024 4703 4679
f 2024 4679 1970
f 1970 4679 4625
f 1970 4625 1916
f 1916 4625 4571
f 1916 4571 1305
f 1305 4571 3960
f 1305 3960 1249
f 1249 3960 3904
f 1249 3904 1195
f 1195 3904 3850
f 1195 3850 478
f 478 3850 3132
f 478 3132 479
f 479 3132 3134
f 479 3134 477
f 477 3134 3133
f 477 3133 481
f 481 3133 3136
f 481 3136 480
f 480 3136 3135
f 480 3135 483
f 483 3135 3138
f 483 3138 482
f 482 3138 3137
f 482 3137 485
f 485 3137 3140
f 485 3140 484
f 484 3140 3139
f 484 3139 487
f 487 3139 3142
f 487 3142 486
f 486 3142 3141
f 486 3141 489
f 489 3141 3144
f 489 3144 488
f 488 3144 3143
f 488 3143 491
f 491 3143 3146
f 491 3146 490
f 490 3146 3145
f 490 3145 493
f 493 3145 3148
f 493 3148 492
f 492 3148 3147
f 492 3147 495
f 495 3147 3150
f 495 3150 494
f 494 3150 3149
f 494 3149 497
f 497 3149 3152
f 497 3152 496
f 496 3152 3151
f 496 3151 499
f 499 3151 3154
f 499 3154 498
f 498 3154 3153
f 498 3153 501
f 501 3153 3156
f 501 3156 500
f 500 3156 3155
f 500 3155 503
f 503 3155 3158
f 503 3158 502
f 502 3158 3157
f 502 3157 505
f 505 3157 3160
f 505 3160 504
f 504 3160 3159
f 504 3159 507
f 507 3159 3162
f 507 3162 506
f 506 3162 3161
f 506 3161 1110
f 1110 3161 3765
f 1110 3765 1196
f 1196 3765 3851
f 1196 3851 1306
f 1306 3851 3961
f 1306 3961 1361
f 1361 3961 4016
f 1361 4016 1410
f 1410 4016 4065
f 1410 4065 1451
f 1451 4065 4106
f 1451 4106 1494
f 1494 4106 4149
f 1494 4149 1529
f 1529 4149 4184
f 1529 4184 1599
f 1599 4184 4254
f 1599 4254 1633
f 1633 4254 4288
f 1633 4288 1670
f 1670 4288 4325
f 1670 4325 1701
f 1701 4325 4356
f 1701 4356 1734
f 1734 4356 4389
f 1734 4389 1767
f 1767 4389 4422
f 1767 4422 1798
f 1798 4422 4453
f 1798 4453 1831
f 1831 4453 4486
f 1831 4486 1860
f 1860 4486 4515
f 1860 4515 1890
f 1890 4515 4545
f 1890 4545 1944
f 1944 4545 4599
f 1944 4599 1999
f 1999 4599 4654
f 1999 4654 2093
f 2093 4654 4748
f 2093 4748 1197
f 1197 4748 3852
f 1197 3852 509
f 509 3852 3163
f 509 3163 510
f 510 3163 3165
f 510 3165 508
f 508 3165 3164
f 508 3164 512
f 512 3164 3167
f 512 3167 511
f 511 3167 3166
f 511 3166 514
f 514 3166 3169
f 514 3169 513
f 513 3169 3168
f 513 3168 516
f 516 3168 3171
f 516 3171 515
f 515 3171 3170
f 515 3170 518
f 518 3170 3173
f 518 3173 517
f 517 3173 3172
f 517 3172 520
f 520 3172 3175
f 520 3175 519
f 519 3175 3174
f 519 3174 522
f 522 3174 3177
f 522 3177 521
f 521 3177 3176
f 521 3176 1111
f 1111 3176 3766
f 1111 3766 1198
f 1198 3766 3853
f 1198 3853 1307
f 1307 3853 3962
f 1307 3962 1362
f 1362 3962 4017
f 1362 4017 1411
f 1411 4017 4066
f 1411 4066 1452
f 1452 4066 4107
f 1452 4107 2413
f 2413 4107 5068
f 2413 5068 2424
f 2424 5068 5079
f 2424 5079 2434
f 2434 5079 5089
f 2434 5089 2443
f 2443 5089 5098
f 2443 5098 2461
f 2461 5098 5116
f 2461 5116 2281
f 2281 5116 4936
f 2281 4936 2049
f 2049 4936 4704
f 2049 4704 1891
f 1891 4704 4546
f 1891 4546 1832
f 1832 4546 4487
f 1832 4487 1768
f 1768 4487 4423
f 1768 4423 1735
f 1735 4423 4390
f 1735 4390 1530
f 1530 4390 4185
f 1530 4185 1495
f 1495 4185 4150
f 1495 4150 1308
f 1308 4150 3963
f 1308 3963 1250
f 1250 3963 3905
f 1250 3905 1148
f 1148 3905 3803
f 1148 3803 524
f 524 3803 3178
f 524 3178 525
f 525 3178 3180
f 525 3180 523
f 523 3180 3179
f 523 3179 527
f 527 3179 3182
f 527 3182 526
f 526 3182 3181
f 526 3181 529
f 529 3181 3184
f 529 3184 528
f 528 3184 3183
f 528 3183 531
f 531 3183 3186
f 531 3186 530
f 530 3186 3185
f 530 3185 533
f 533 3185 3188
f 533 3188 532
f 532 3188 3187
f 532 3187 535
f 535 3187 3190
f 535 3190 534
f 534 3190 3189
f 534 3189 537
f 537 3189 3192
f 537 3192 536
f 536 3192 3191
f 536 3191 539
f 539 3191 3194
f 539 3194 538
f 538 3194 3193
f 538 3193 541
f 541 3193 3196
f 541 3196 540
f 540 3196 3195
f 540 3195 543
f 543 3195 3198
f 543 3198 542
f 542 3198 3197
f 542 3197 545
f 545 3197 3200
f 545 3200 544
f 544 3200 3199
f 544 3199 547
f 547 3199 3202
f 547 3202 546
f 546 3202 3201
f 546 3201 549
f 549 3201 3204
f 549 3204 548
f 548 3204 3203
f 548 3203 551
f 551 3203 3206
f 551 3206 550
f 550 3206 3205
f 550 3205 553
f 553 3205 3208
f 553 3208 552
f 552 3208 3207
f 552 3207 1112
f 1112 3207 3767
f 1112 3767 1149
f 1149 3767 3804
f 1149 3804 1309
f 1309 3804 3964
f 1309 3964 1363
f 1363 3964 4018
f 1363 4018 1412
f 1412 4018 4067
f 1412 4067 1567
f 1567 4067 4222
f 1567 4222 1600
f 1600 4222 4255
f 1600 4255 1634
f 1634 4255 4289
f 1634 4289 1671
f 1671 4289 4326
f 1671 4326 1601
f 1601 4326 4256
f 1601 4256 1568
f 1568 4256 4223
f 1568 4223 1496
f 1496 4223 4151
f 1496 4151 1453
f 1453 4151 4108
f 1453 4108 1413
f 1413 4108 4068
f 1413 4068 1310
f 1310 4068 3965
f 1310 3965 1251
f 1251 3965 3906
f 1251 3906 1150
f 1150 3906 3805
f 1150 3805 555
f 555 3805 3209
f 555 3209 556
f 556 3209 3211
f 556 3211 554
f 554 3211 3210
f 554 3210 558
f 558 3210 3213
f 558 3213 557
f 557 3213 3212
f 557 3212 560
f 560 3212 3215
f 560 3215 559
f 559 3215 3214
f 559 3214 562
f 562 3214 3217
f 562 3217 561
f 561 3217 3216
f 561 3216 1151
f 1151 3216 3806
f 1151 3806 1364
f 1364 3806 4019
f 1364 4019 1531
f 1531 4019 4186
f 1531 4186 1635
f 1635 4186 4290
f 1635 4290 1799
f 1799 4290 4454
f 1799 4454 1861
f 1861 4454 4516
f 1861 4516 1917
f 1917 4516 4572
f 1917 4572 1945
f 1945 4572 4600
f 1945 4600 1971
f 1971 4600 4626
f 1971 4626 2000
f 2000 4626 4655
f 2000 4655 2025
f 2025 4655 4680
f 2025 4680 2073
f 2073 4680 4728
f 2073 4728 2094
f 2094 4728 4749
f 2094 4749 2116
f 2116 4749 4771
f 2116 4771 2137
f 2137 4771 4792
f 2137 4792 2157
f 2157 4792 4812
f 2157 4812 2178
f 2178 4812 4833
f 2178 4833 2197
f 2197 4833 4852
f 2197 4852 2215
f 2215 4852 4870
f 2215 4870 2230
f 2230 4870 4885
f 2230 4885 2247
f 2247 4885 4902
f 2247 4902 2265
f 2265 4902 4920
f 2265 4920 2297
f 2297 4920 4952
f 2297 4952 2313
f 2313 4952 4968
f 2313 4968 2282
f 2282 4968 4937
f 2282 4937 2231
f 2231 4937 4886
f 2231 4886 2198
f 2198 4886 4853
f 2198 4853 2158
f 2158 4853 4813
f 2158 4813 2117
f 2117 4813 4772
f 2117 4772 2095
f 2095 4772 4750
f 2095 4750 2074
f 2074 4750 4729
f 2074 4729 2050
f 2050 4729 4705
f 2050 4705 2026
f 2026 4705 4681
f 2026 4681 1972
f 1972 4681 4627
f 1972 4627 1946
f 1946 4627 4601
f 1946 4601 1833
f 1833 4601 4488
f 1833 4488 1800
f 1800 4488 4455
f 1800 4455 1769
f 1769 4455 4424
f 1769 4424 1736
f 1736 4424 4391
f 1736 4391 1702
f 1702 4391 4357
f 1702 4357 1672
f 1672 4357 4327
f 1672 4327 1636
f 1636 4327 4291
f 1636 4291 1602
f 1602 4291 4257
f 1602 4257 1569
f 1569 4257 4224
f 1569 4224 1532
f 1532 4224 4187
f 1532 4187 1454
f 1454 4187 4109
f 1454 4109 1414
f 1414 4109 4069
f 1414 4069 1365
f 1365 4069 4020
f 1365 4020 1311
f 1311 4020 3966
f 1311 3966 1252
f 1252 3966 3907
f 1252 3907 1199
f 1199 3907 3854
f 1199 3854 1152
f 1152 3854 3807
f 1152 3807 564
f 564 3807 3218
f 564 3218 565
f 565 3218 3220
f 565 3220 563
f 563 3220 3219
f 563 3219 567
f 567 3219 3222
f 567 3222 566
f 566 3222 3221
f 566 3221 569
f 569 3221 3224
f 569 3224 568
f 568 3224 3223
f 568 3223 571
f 571 3223 3226
f 571 3226 570
f 570 3226 3225
f 570 3225 573
f 573 3225 3227
f 573 3227 574
f 574 3227 3229
f 574 3229 572
f 572 3229 3228
f 572 3228 576
f 576 3228 3231
f 576 3231 575
f 575 3231 3230
f 575 3230 578
f 578 3230 3233
f 578 3233 577
f 577 3233 3232
f 577 3232 1253
f 1253 3232 3908
f 1253 3908 1862
f 1862 3908 4517
f 1862 4517 1834
f 1834 4517 4489
f 1834 4489 1703
f 1703 4489 4358
f 1703 4358 1570
f 1570 4358 4225
f 1570 4225 1533
f 1533 4225 4188
f 1533 4188 1497
f 1497 4188 4152
f 1497 4152 1455
f 1455 4152 4110
f 1455 4110 1415
f 1415 4110 4070
f 1415 4070 1366
f 1366 4070 4021
f 1366 4021 1254
f 1254 4021 3909
f 1254 3909 1153
f 1153 3909 3808
f 1153 3808 580
f 580 3808 3234
f 580 3234 581
f 581 3234 3236
f 581 3236 579
f 579 3236 3235
f 579 3235 583
f 583 3235 3238
f 583 3238 582
f 582 3238 3237
f 582 3237 585
f 585 3237 3240
f 585 3240 584
f 584 3240 3239
f 584 3239 587
f 587 3239 3242
f 587 3242 586
f 586 3242 3241
f 586 3241 589
f 589 3241 3244
f 589 3244 588
f 588 3244 3243
f 588 3243 591
f 591 3243 3246
f 591 3246 590
f 590 3246 3245
f 590 3245 593
f 593 3245 3248
f 1179 3834 1135
f 1135 3834 3790
f 1135 3790 1099
f 1099 3790 3754
f 1099 3754 2
f 2 3754 2656
f 2 2656 2598
f 2598 2656 5253
f 2598 5253 34
f 34 5253 2688
f 34 2688 35
f 35 2688 2690
f 35 2690 33
f 33 2690 2689
f 33 2689 2586
f 2586 2689 5241
f 2586 5241 2581
f 2581 5241 5236
f 2581 5236 2577
f 2577 5236 5232
f 2577 5232 2573
f 2573 5232 5228
f 2573 5228 2569
f 2569 5228 5224
f 2569 5224 2565
f 2565 5224 5220
f 2565 5220 2562
f 2562 5220 5217
f 2562 5217 2559
f 2559 5217 5214
f 2559 5214 2554
f 2554 5214 5209
f 2554 5209 37
f 37 5209 2691
f 37 2691 38
f 38 2691 2693
f 38 2693 36
f 36 2693 2692
f 36 2692 2541
f 2541 2692 5196
f 2541 5196 2533
f 2533 5196 5188
f 2533 5188 2530
f 2530 5188 5185
f 2530 5185 2524
f 2524 5185 5179
f 2524 5179 2517
f 2517 5179 5172
f 2517 5172 2511
f 2511 5172 5166
f 2511 5166 2505
f 2505 5166 5160
f 2505 5160 2499
f 2499 5160 5154
f 2499 5154 2493
f 2493 5154 5148
f 2493 5148 40
f 40 5148 2694
f 40 2694 41
f 41 2694 2696
f 41 2696 39
f 39 2696 2695
f 39 2695 2466
f 2466 2695 5121
f 2466 5121 2457
f 2457 5121 5112
f 2457 5112 2448
f 2448 5112 5103
f 2448 5103 2439
f 2439 5103 5094
f 2439 5094 2429
f 2429 5094 5084
f 2429 5084 2394
f 2394 5084 5049
f 2394 5049 2323
f 2323 5049 4978
f 2323 4978 2307
f 2307 4978 4962
f 2307 4962 2291
f 2291 4962 4946
f 2291 4946 2275
f 2275 4946 4930
f 2275 4930 2257
f 2257 4930 4912
f 2257 4912 2240
f 2240 4912 4895
f 2240 4895 2038
f 2038 4895 4693
f 2038 4693 1988
f 1988 4693 4643
f 1988 4643 1961
f 1961 4643 4616
f 1961 4616 1933
f 1933 4616 4588
f 1933 4588 1906
f 1906 4588 4561
f 1906 4561 1879
f 1879 4561 4534
f 1879 4534 1851
f 1851 4534 4506
f 1851 4506 1818
f 1818 4506 4473
f 1818 4473 1788
f 1788 4473 4443
f 1788 4443 1754
f 1754 4443 4409
f 1754 4409 1722
f 1722 4409 4377
f 1722 4377 1689
f 1689 4377 4344
f 1689 4344 1657
f 1657 4344 4312
f 1657 4312 1620
f 1620 4312 4275
f 1620 4275 1588
f 1588 4275 4243
f 1588 4243 1553
f 1553 4243 4208
f 1553 4208 1516
f 1516 4208 4171
f 1516 4171 1439
f 1439 4171 4094
f 1439 4094 1394
f 1394 4094 4049
f 1394 4049 1343
f 1343 4049 3998
f 1343 3998 1287
f 1287 3998 3942
f 1287 3942 1232
f 1232 3942 3887
f 1232 3887 1181
f 1181 3887 3836
f 1181 3836 1139
f 1139 3836 3794
f 1139 3794 1102
f 1102 3794 3757
f 1102 3757 43
f 43 3757 2697
f 43 2697 44
f 44 2697 2699
f 44 2699 1098
f 1098 2699 3753
f 1098 3753 1134
f 1134 3753 3789
f 1134 3789 1479
f 1479 3789 4134
f 1479 4134 1515
f 1515 4134 4170
f 1515 4170 1552
f 1552 4170 4207
f 1552 4207 1587
f 1587 4207 4242
f 1587 4242 1619
f 1619 4242 4274
f 1619 4274 1656
f 1656 4274 4311
f 1656 4311 1688
f 1688 4311 4343
f 1688 4343 1753
f 1753 4343 4408
f 1753 4408 1787
f 1787 4408 4442
f 1787 4442 1817
f 1817 4442 4472
f 1817 4472 1850
f 1850 4472 4505
f 1850 4505 1878
f 1878 4505 4533
f 1878 4533 1932
f 1932 4533 4587
f 1932 4587 1987
f 1987 4587 4642
f 1987 4642 2013
f 2013 4642 4668
f 2013 4668 2062
f 2062 4668 4717
f 2062 4717 1230
f 1230 4717 3885
f 1230 3885 1179
f 1179 3885 3834
f 2127 4782 2149
f 2149 4782 4804
f 2149 4804 2170
f 2170 4804 4825
f 2170 4825 2189
f 2189 4825 4844
f 2189 4844 2209
f 2209 4844 4864
f 2209 4864 2224
f 2224 4864 4879
f 2224 4879 2241
f 2241 4879 4896
f 2241 4896 2258
f 2258 4896 4913
f 2258 4913 2259
f 2259 4913 4914
f 2259 4914 2242
f 2242 4914 4897
f 2242 4897 2225
f 2225 4897 4880
f 2225 4880 2210
f 2210 4880 4865
f 2210 4865 2190
f 2190 4865 4845
f 2190 4845 2150
f 2150 4845 4805
f 2150 4805 2128
f 2128 4805 4783
f 2128 4783 2108
f 2108 4783 4763
f 2108 4763 2086
f 2086 4763 4741
f 2086 4741 2064
f 2064 4741 4719
f 2064 4719 2041
f 2041 4719 4696
f 2041 4696 1991
f 1991 4696 4646
f 1991 4646 1964
f 1964 4646 4619
f 1964 4619 1936
f 1936 4619 4591
f 1936 4591 1909
f 1909 4591 4564
f 1909 4564 1882
f 1882 4564 4537
f 1882 4537 1854
f 1854 4537 4509
f 1854 4509 1821
f 1821 4509 4476
f 1821 4476 1790
f 1790 4476 4445
f 1790 4445 1757
f 1757 4445 4412
f 1757 4412 1725
f 1725 4412 4380
f 1725 4380 1692
f 1692 4380 4347
f 1692 4347 1660
f 1660 4347 4315
f 1660 4315 1623
f 1623 4315 4278
f 1623 4278 1591
f 1591 4278 4246
f 1591 4246 1556
f 1556 4246 4211
f 1556 4211 1519
f 1519 4211 4174
f 1519 4174 1482
f 1482 4174 4137
f 1482 4137 1397
f 1397 4137 4052
f 1397 4052 1346
f 1346 4052 4001
f 1346 4001 1289
f 1289 4001 3944
f 1289 3944 1236
f 1236 3944 3891
f 1236 3891 1185
f 1185 3891 3840
f 1185 3840 1142
f 1142 3840 3797
f 1142 3797 1105
f 1105 3797 3760
f 1105 3760 99
f 99 3760 2754
f 99 2754 98
f 98 2754 2753
f 98 2753 97
f 97 2753 2752
f 97 2752 1104
f 1104 2752 3759
f 1104 3759 1141
f 1141 3759 3796
f 1141 3796 1235
f 1235 3796 3890
f 1235 3890 1518
f 1518 3890 4173
f 1518 4173 1590
f 1590 4173 4245
f 1590 4245 1622
f 1622 4245 4277
f 1622 4277 1659
f 1659 4277 4314
f 1659 4314 1691
f 1691 4314 4346
f 1691 4346 1724
f 1724 4346 4379
f 1724 4379 1789
f 1789 4379 4444
f 1789 4444 1820
f 1820 4444 4475
f 1820 4475 1853
f 1853 4475 4508
f 1853 4508 1908
f 1908 4508 4563
f 1908 4563 1935
f 1935 4563 4590
f 1935 4590 1963
f 1963 4590 4618
f 1963 4618 2016
f 2016 4618 4671
f 2016 4671 2040
f 2040 4671 4695
f 2040 4695 2063
f 2063 4695 4718
f 2063 4718 2085
f 2085 4718 4740
f 2085 4740 2107
f 2107 4740 4762
f 2107 4762 2127
f 2127 4762 4782
f 1811 4466 1844
f 1844 4466 4499
f 1844 4499 1900
f 1900 4499 4555
f 1900 4555 1926
f 1926 4555 4581
f 1926 4581 1954
f 1954 4581 4609
f 1954 4609 2007
f 2007 4609 4662
f 2007 4662 2032
f 2032 4662 4687
f 2032 4687 2056
f 2056 4687 4711
f 2056 4711 2079
f 2079 4711 4734
f 2079 4734 2100
f 2100 4734 4755
f 2100 4755 2143
f 2143 4755 4798
f 2143 4798 2204
f 2204 4798 4859
f 2204 4859 2271
f 2271 4859 4926
f 2271 4926 2351
f 2351 4926 5006
f 2351 5006 2363
f 2363 5006 5018
f 2363 5018 2376
f 2376 5018 5031
f 2376 5031 2391
f 2391 5031 5046
f 2391 5046 2406
f 2406 5046 5061
f 2406 5061 2352
f 2352 5061 5007
f 2352 5007 2336
f 2336 5007 4991
f 2336 4991 2320
f 2320 4991 4975
f 2320 4975 2304
f 2304 4975 4959
f 2304 4959 2288
f 2288 4959 4943
f 2288 4943 2254
f 2254 4943 4909
f 2254 4909 2237
f 2237 4909 4892
f 2237 4892 2205
f 2205 4892 4860
f 2205 4860 2144
f 2144 4860 4799
f 2144 4799 2101
f 2101 4799 4756
f 2101 4756 2057
f 2057 4756 4712
f 2057 4712 2033
f 2033 4712 4688
f 2033 4688 1716
f 1716 4688 4371
f 1716 4371 1510
f 1510 4371 4165
f 1510 4165 1474
f 1474 4165 4129
f 1474 4129 1433
f 1433 4129 4088
f 1433 4088 1276
f 1276 4088 3931
f 1276 3931 1128
f 1128 3931 3783
f 1128 3783 932
f 932 3783 3586
f 932 3586 933
f 933 3586 3588
f 933 3588 931
f 931 3588 3587
f 931 3587 935
f 935 3587 3590
f 935 3590 934
f 934 3590 3589
f 934 3589 937
f 937 3589 3592
f 937 3592 936
f 936 3592 3591
f 936 3591 939
f 939 3591 3594
f 939 3594 938
f 938 3594 3593
f 938 3593 941
f 941 3593 3596
f 941 3596 940
f 940 3596 3595
f 940 3595 943
f 943 3595 3598
f 943 3598 942
f 942 3598 3597
f 942 3597 1277
f 1277 3597 3932
f 1277 3932 1224
f 1224 3932 3879
f 1224 3879 1174
f 1174 3879 3829
f 1174 3829 1129
f 1129 3829 3784
f 1129 3784 944
f 944 3784 3599
f 944 3599 912
f 912 3599 3568
f 912 3568 1173
f 1173 3568 3828
f 1173 3828 1222
f 1222 3828 3877
f 1222 3877 1275
f 1275 3877 3930
f 1275 3930 1332
f 1332 3930 3987
f 1332 3987 1223
f 1223 3987 3878
f 1223 3878 916
f 916 3878 3570
f 916 3570 917
f 917 3570 3572
f 917 3572 915
f 915 3572 3571
f 915 3571 919
f 919 3571 3574
f 919 3574 918
f 918 3574 3573
f 918 3573 921
f 921 3573 3576
f 921 3576 920
f 920 3576 3575
f 920 3575 923
f 923 3575 3578
f 923 3578 922
f 922 3578 3577
f 922 3577 925
f 925 3577 3580
f 925 3580 924
f 924 3580 3579
f 924 3579 927
f 927 3579 3582
f 927 3582 926
f 926 3582 3581
f 926 3581 1432
f 1432 3581 4087
f 1432 4087 1473
f 1473 4087 4128
f 1473 4128 1509
f 1509 4128 4164
f 1509 4164 1547
f 1547 4164 4202
f 1547 4202 929
f 929 4202 3583
f 929 3583 930
f 930 3583 3585
f 930 3585 928
f 928 3585 3584
f 928 3584 1650
f 1650 3584 4305
f 1650 4305 1715
f 1715 4305 4370
f 1715 4370 1747
f 1747 4370 4402
f 1747 4402 1781
f 1781 4402 4436
f 1781 4436 1811
f 1811 4436 4466
f 9 2664 7
f 7 2664 2663
f 7 2663 11
f 11 2663 2666
f 11 2666 10
f 10 2666 2665
f 10 2665 13
f 13 2665 2668
f 13 2668 12
f 12 2668 2667
f 12 2667 1100
f 1100 2667 3755
f 1100 3755 1137
f 1137 3755 3792
f 1137 3792 1285
f 1285 3792 3940
f 1285 3940 1341
f 1341 3940 3996
f 1341 3996 2642
f 2642 3996 5297
f 2642 5297 2654
f 2654 5297 5309
f 2654 5309 2652
f 2652 5309 5307
f 2652 5307 2650
f 2650 5307 5305
f 2650 5305 2648
f 2648 5305 5303
f 2648 5303 2646
f 2646 5303 5301
f 2646 5301 2643
f 2643 5301 5298
f 2643 5298 15
f 15 5298 2669
f 15 2669 16
f 16 2669 2671
f 16 2671 14
f 14 2671 2670
f 14 2670 2636
f 2636 2670 5291
f 2636 5291 1286
f 1286 5291 3941
f 1286 3941 1180
f 1180 3941 3835
f 1180 3835 18
f 18 3835 2672
f 18 2672 19
f 19 2672 2674
f 19 2674 17
f 17 2674 2673
f 17 2673 21
f 21 2673 2676
f 21 2676 20
f 20 2676 2675
f 20 2675 23
f 23 2675 2678
f 23 2678 22
f 22 2678 2677
f 22 2677 25
f 25 2677 2680
f 25 2680 24
f 24 2680 2679
f 24 2679 27
f 27 2679 2682
f 27 2682 26
f 26 2682 2681
f 26 2681 29
f 29 2681 2684
f 29 2684 28
f 28 2684 2683
f 28 2683 31
f 31 2683 2686
f 31 2686 30
f 30 2686 2685
f 30 2685 1342
f 1342 2685 3997
f 1342 3997 2627
f 2627 3997 5282
f 2627 5282 2624
f 2624 5282 5279
f 2624 5279 2621
f 2621 5279 5276
f 2621 5276 1138
f 1138 5276 3793
f 1138 3793 1101
f 1101 3793 3756
f 1101 3756 32
f 32 3756 2687
f 32 2687 3
f 3 2687 2658
f 3 2658 1
f 1 2658 2657
f 1 2657 1284
f 1284 2657 3939
f 1284 3939 5
f 5 3939 2659
f 5 2659 6
f 6 2659 2661
f 6 2661 4
f 4 2661 2660
f 4 2660 2576
f 2576 2660 5231
f 2576 5231 2580
f 2580 5231 5235
f 2580 5235 2585
f 2585 5235 5240
f 2585 5240 2590
f 2590 5240 5245
f 2590 5245 2597
f 2597 5245 5252
f 2597 5252 2602
f 2602 5252 5257
f 2602 5257 2606
f 2606 5257 5261
f 2606 5261 2614
f 2614 5261 5269
f 2614 5269 2616
f 2616 5269 5271
f 2616 5271 2620
f 2620 5271 5275
f 2620 5275 2623
f 2623 5275 5278
f 2623 5278 2630
f 2630 5278 5285
f 2630 5285 1393
f 1393 5285 4048
f 1393 4048 1231
f 1231 4048 3886
f 1231 3886 1136
f 1136 3886 3791
f 1136 3791 8
f 8 3791 2662
f 8 2662 9
f 9 2662 2664
f 1376 4031 1320
f 1320 4031 3975
f 1320 3975 1265
f 1265 3975 3920
f 1265 3920 1211
f 1211 3920 3866
f 1211 3866 1163
f 1163 3866 3818
f 1163 3818 1118
f 1118 3818 3773
f 1118 3773 773
f 773 3773 3427
f 773 3427 774
f 774 3427 3429
f 774 3429 1466
f 1466 3429 4121
f 1466 4121 1505
f 1505 4121 4160
f 1505 4160 1542
f 1542 4160 4197
f 1542 4197 793
f 793 4197 3447
f 793 3447 794
f 794 3447 3449
f 794 3449 792
f 792 3449 3448
f 792 3448 1645
f 1645 3448 4300
f 1645 4300 1680
f 1680 4300 4335
f 1680 4335 1710
f 1710 4335 4365
f 1710 4365 796
f 796 4365 3450
f 796 3450 797
f 797 3450 3452
f 797 3452 795
f 795 3452 3451
f 795 3451 1120
f 1120 3451 3775
f 1120 3775 1807
f 1807 3775 4462
f 1807 4462 1839
f 1839 4462 4494
f 1839 4494 1869
f 1869 4494 4524
f 1869 4524 2510
f 2510 4524 5165
f 2510 5165 2475
f 2475 5165 5130
f 2475 5130 2470
f 2470 5130 5125
f 2470 5125 2464
f 2464 5125 5119
f 2464 5119 2447
f 2447 5119 5102
f 2447 5102 1213
f 1213 5102 3868
f 1213 3868 799
f 799 3868 3453
f 799 3453 800
f 800 3453 3455
f 800 3455 798
f 798 3455 3454
f 798 3454 802
f 802 3454 3457
f 802 3457 801
f 801 3457 3456
f 801 3456 804
f 804 3456 3459
f 804 3459 803
f 803 3459 3458
f 803 3458 806
f 806 3458 3461
f 806 3461 805
f 805 3461 3460
f 805 3460 808
f 808 3460 3463
f 808 3463 807
f 807 3463 3462
f 807 3462 810
f 810 3462 3465
f 810 3465 809
f 809 3465 3464
f 809 3464 1165
f 1165 3464 3820
f 1165 3820 1214
f 1214 3820 3869
f 1214 3869 1323
f 1323 3869 3978
f 1323 3978 1378
f 1378 3978 4033
f 1378 4033 1467
f 1467 4033 4122
f 1467 4122 1425
f 1425 4122 4080
f 1425 4080 1379
f 1379 4080 4034
f 1379 4034 1324
f 1324 4034 3979
f 1324 3979 1268
f 1268 3979 3923
f 1268 3923 1215
f 1215 3923 3870
f 1215 3870 1166
f 1166 3870 3821
f 1166 3821 1121
f 1121 3821 3776
f 1121 3776 811
f 811 3776 3466
f 811 3466 765
f 765 3466 3420
f 765 3420 763
f 763 3420 3419
f 763 3419 1116
f 1116 3419 3771
f 1116 3771 767
f 767 3771 3421
f 767 3421 768
f 768 3421 3423
f 768 3423 766
f 766 3423 3422
f 766 3422 1264
f 1264 3422 3919
f 1264 3919 1319
f 1319 3919 3974
f 1319 3974 1117
f 1117 3974 3772
f 1117 3772 770
f 770 3772 3424
f 770 3424 771
f 771 3424 3426
f 771 3426 769
f 769 3426 3425
f 769 3425 1162
f 1162 3425 3817
f 1162 3817 1210
f 1210 3817 3865
f 1210 3865 2539
f 2539 3865 5194
f 2539 5194 2544
f 2544 5194 5199
f 2544 5199 2547
f 2547 5199 5202
f 2547 5202 2551
f 2551 5202 5206
f 2551 5206 2556
f 2556 5206 5211
f 2556 5211 2561
f 2561 5211 5216
f 2561 5216 2564
f 2564 5216 5219
f 2564 5219 2567
f 2567 5219 5222
f 2567 5222 2571
f 2571 5222 5226
f 2571 5226 1644
f 1644 5226 4299
f 1644 4299 1578
f 1578 4299 4233
f 1578 4233 1541
f 1541 4233 4196
f 1541 4196 1504
f 1504 4196 4159
f 1504 4159 1465
f 1465 4159 4120
f 1465 4120 1423
f 1423 4120 4078
f 1423 4078 1376
f 1376 4078 4031
f 2640 5295 2638
f 2638 5295 5293
f 2638 5293 2632
f 2632 5293 5287
f 2632 5287 2629
f 2629 5287 5284
f 2629 5284 2619
f 2619 5284 5274
f 2619 5274 776
f 776 5274 3430
f 776 3430 777
f 777 3430 3432
f 777 3432 775
f 775 3432 3431
f 775 3431 1266
f 1266 3431 3921
f 1266 3921 779
f 779 3921 3433
f 779 3433 780
f 780 3433 3435
f 780 3435 778
f 778 3435 3434
f 778 3434 782
f 782 3434 3437
f 782 3437 781
f 781 3437 3436
f 781 3436 784
f 784 3436 3439
f 784 3439 783
f 783 3439 3438
f 783 3438 786
f 786 3438 3441
f 786 3441 785
f 785 3441 3440
f 785 3440 788
f 788 3440 3443
f 788 3443 787
f 787 3443 3442
f 787 3442 790
f 790 3442 3445
f 790 3445 789
f 789 3445 3444
f 789 3444 1321
f 1321 3444 3976
f 1321 3976 2557
f 2557 3976 5212
f 2557 5212 2552
f 2552 5212 5207
f 2552 5207 2548
f 2548 5207 5203
f 2548 5203 2545
f 2545 5203 5200
f 2545 5200 1424
f 1424 5200 4079
f 1424 4079 1377
f 1377 4079 4032
f 1377 4032 1322
f 1322 4032 3977
f 1322 3977 1267
f 1267 3977 3922
f 1267 3922 1212
f 1212 3922 3867
f 1212 3867 1164
f 1164 3867 3819
f 1164 3819 1119
f 1119 3819 3774
f 1119 3774 791
f 791 3774 3446
f 791 3446 772
f 772 3446 3428
f 772 3428 1609
f 1609 3428 4264
f 1609 4264 1679
f 1679 4264 4334
f 1679 4334 1709
f 1709 4334 4364
f 1709 4364 1742
f 1742 4364 4397
f 1742 4397 1776
f 1776 4397 4431
f 1776 4431 2600
f 2600 4431 5255
f 2600 5255 2604
f 2604 5255 5259
f 2604 5259 2609
f 2609 5259 5264
f 2609 5264 2639
f 2639 5264 5294
f 2639 5294 2640
f 2640 5294 5295
f 2428 5083 2455
f 2455 5083 5110
f 2455 5110 2481
f 2481 5110 5136
f 2481 5136 2486
f 2486 5136 5141
f 2486 5141 2492
f 2492 5141 5147
f 2492 5147 2498
f 2498 5147 5153
f 2498 5153 2504
f 2504 5153 5159
f 2504 5159 2516
f 2516 5159 5171
f 2516 5171 2522
f 2522 5171 5177
f 2522 5177 1271
f 1271 5177 3926
f 1271 3926 1218
f 1218 3926 3873
f 1218 3873 1169
f 1169 3873 3824
f 1169 3824 1125
f 1125 3824 3780
f 1125 3780 878
f 878 3780 3532
f 878 3532 879
f 879 3532 3534
f 879 3534 1810
f 1810 3534 4465
f 1810 4465 1843
f 1843 4465 4498
f 1843 4498 2465
f 2465 4498 5120
f 2465 5120 2456
f 2456 5120 5111
f 2456 5111 2335
f 2335 5111 4990
f 2335 4990 2319
f 2319 4990 4974
f 2319 4974 2303
f 2303 4974 4958
f 2303 4958 2287
f 2287 4958 4942
f 2287 4942 2253
f 2253 4942 4908
f 2253 4908 2236
f 2236 4908 4891
f 2236 4891 2221
f 2221 4891 4876
f 2221 4876 2183
f 2183 4876 4838
f 2183 4838 2164
f 2164 4838 4819
f 2164 4819 2122
f 2122 4819 4777
f 2122 4777 1981
f 1981 4777 4636
f 1981 4636 1273
f 1273 4636 3928
f 1273 3928 895
f 895 3928 3549
f 895 3549 896
f 896 3549 3551
f 896 3551 894
f 894 3551 3550
f 894 3550 898
f 898 3550 3553
f 898 3553 897
f 897 3553 3552
f 897 3552 900
f 900 3552 3555
f 900 3555 899
f 899 3555 3554
f 899 3554 902
f 902 3554 3557
f 902 3557 901
f 901 3557 3556
f 901 3556 904
f 904 3556 3559
f 904 3559 903
f 903 3559 3558
f 903 3558 906
f 906 3558 3561
f 906 3561 905
f 905 3561 3560
f 905 3560 908
f 908 3560 3563
f 908 3563 907
f 907 3563 3562
f 907 3562 1127
f 1127 3562 3782
f 1127 3782 1330
f 1330 3782 3985
f 1330 3985 1385
f 1385 3985 4040
f 1385 4040 1431
f 1431 4040 4086
f 1431 4086 1386
f 1386 4086 4041
f 1386 4041 1331
f 1331 4041 3986
f 1331 3986 1274
f 1274 3986 3929
f 1274 3929 1221
f 1221 3929 3876
f 1221 3876 1172
f 1172 3876 3827
f 1172 3827 909
f 909 3827 3564
f 909 3564 910
f 910 3564 3565
f 910 3565 874
f 874 3565 3530
f 874 3530 1168
f 1168 3530 3823
f 1168 3823 2252
f 2252 3823 4907
f 2252 4907 2270
f 2270 4907 4925
f 2270 4925 2286
f 2286 4925 4941
f 2286 4941 2302
f 2302 4941 4957
f 2302 4957 2318
f 2318 4957 4973
f 2318 4973 2334
f 2334 4973 4989
f 2334 4989 2350
f 2350 4989 5005
f 2350 5005 2375
f 2375 5005 5030
f 2375 5030 2390
f 2390 5030 5045
f 2390 5045 2405
f 2405 5045 5060
f 2405 5060 2418
f 2418 5060 5073
f 2418 5073 2428
f 2428 5073 5083
f 2634 5289 2641
f 2641 5289 5296
f 2641 5296 2635
f 2635 5296 5290
f 2635 5290 2626
f 2626 5290 5281
f 2626 5281 2618
f 2618 5281 5273
f 2618 5273 2611
f 2611 5273 5266
f 2611 5266 2594
f 2594 5266 5249
f 2594 5249 2568
f 2568 5249 5223
f 2568 5223 1219
f 1219 5223 3874
f 1219 3874 881
f 881 3874 3535
f 881 3535 882
f 882 3535 3537
f 882 3537 880
f 880 3537 3536
f 880 3536 884
f 884 3536 3539
f 884 3539 883
f 883 3539 3538
f 883 3538 886
f 886 3538 3541
f 886 3541 885
f 885 3541 3540
f 885 3540 888
f 888 3540 3543
f 888 3543 887
f 887 3543 3542
f 887 3542 890
f 890 3542 3545
f 890 3545 889
f 889 3545 3544
f 889 3544 892
f 892 3544 3547
f 892 3547 891
f 891 3547 3546
f 891 3546 1170
f 1170 3546 3825
f 1170 3825 1328
f 1328 3825 3983
f 1328 3983 2558
f 2558 3983 5213
f 2558 5213 2553
f 2553 5213 5208
f 2553 5208 2549
f 2549 5208 5204
f 2549 5204 2546
f 2546 5204 5201
f 2546 5201 2540
f 2540 5201 5195
f 2540 5195 2536
f 2536 5195 5191
f 2536 5191 2532
f 2532 5191 5187
f 2532 5187 2529
f 2529 5187 5184
f 2529 5184 2523
f 2523 5184 5178
f 2523 5178 1780
f 1780 5178 4435
f 1780 4435 1746
f 1746 4435 4401
f 1746 4401 1714
f 1714 4401 4369
f 1714 4369 1684
f 1684 4369 4339
f 1684 4339 1649
f 1649 4339 4304
f 1649 4304 1613
f 1613 4304 4268
f 1613 4268 1582
f 1582 4268 4237
f 1582 4237 1546
f 1546 4237 4201
f 1546 4201 1508
f 1508 4201 4163
f 1508 4163 1472
f 1472 4163 4127
f 1472 4127 1430
f 1430 4127 4085
f 1430 4085 1384
f 1384 4085 4039
f 1384 4039 1329
f 1329 4039 3984
f 1329 3984 1272
f 1272 3984 3927
f 1272 3927 1220
f 1220 3927 3875
f 1220 3875 1171
f 1171 3875 3826
f 1171 3826 1126
f 1126 3826 3781
f 1126 3781 893
f 893 3781 3548
f 893 3548 877
f 877 3548 3533
f 877 3533 1327
f 1327 3533 3982
f 1327 3982 1383
f 1383 3982 4038
f 1383 4038 1429
f 1429 4038 4084
f 1429 4084 1471
f 1471 4084 4126
f 1471 4126 2572
f 2572 4126 5227
f 2572 5227 2575
f 2575 5227 5230
f 2575 5230 2579
f 2579 5230 5234
f 2579 5234 2584
f 2584 5234 5239
f 2584 5239 2589
f 2589 5239 5244
f 2589 5244 2593
f 2593 5244 5248
f 2593 5248 2596
f 2596 5248 5251
f 2596 5251 2601
f 2601 5251 5256
f 2601 5256 2605
f 2605 5256 5260
f 2605 5260 2610
f 2610 5260 5265
f 2610 5265 2613
f 2613 5265 5268
f 2613 5268 2617
f 2617 5268 5272
f 2617 5272 2622
f 2622 5272 5277
f 2622 5277 2625
f 2625 5277 5280
f 2625 5280 2634
f 2634 5280 5289
