o 
v 47.756 0 -82.239
v 42.96 0 -82.86
v 47.724 0 -82.598
v 51.434 0 -78.16
v 50.92 0 -78.59
v 51.183 0 -78.371
v 51.856 0 -77.803
v 51.662 0 -77.967
v 52.09 0 -77.6
v 52.002 0 -77.677
v 66.871 0 -80.146
v 66.812 0 -79.98
v 66.842 0 -80.066
v 66.92 0 -80.27
v 66.898 0 -80.216
v 67.23 0 -81.231
v 67.18 0 -81.05
v 67.203 0 -81.134
v 61.795 0 -88.89
v 62.06 0 -88.94
v 61.94 0 -88.917
v 61.465 0 -88.83
v 61.634 0 -88.86
v 61.14 0 -88.78
v 61.298 0 -88.803
v 60.155 0 -88.587
v 60.367 0 -88.634
v 60.26 0 -88.61
v 59.877 0 -88.529
v 60.024 0 -88.559
v 59.567 0 -88.467
v 59.722 0 -88.497
v 58.536 0 -88.251
v 58.721 0 -88.293
v 58.63 0 -88.27
v 58.147 0 -88.167
v 58.42 0 -88.226
v 58.287 0 -88.198
v 57.87 0 -88.11
v 58.005 0 -88.137
v 55.331 0 -87.526
v 55.82 0 -87.65
v 55.571 0 -87.586
v 54.53 0 -87.309
v 54.69 0 -87.36
v 54.619 0 -87.337
v 54.32 0 -87.244
v 54.429 0 -87.277
v 54.1 0 -87.18
v 54.208 0 -87.211
v 47.754 0 -82.961
v 38.324 0 -85.413
v 38.486 0 -85.347
v 38.4 0 -85.38
v 37.716 0 -85.631
v 37.911 0 -85.567
v 37.81 0 -85.6
v 37.548 0 -85.698
v 37.628 0 -85.664
v 37.425 0 -85.757
v 37.479 0 -85.729
v 37.126 0 -85.839
v 37.211 0 -85.841
v 37.17 0 -85.84
v 37.02 0 -85.857
v 37.074 0 -85.845
v 36.914 0 -85.896
v 36.966 0 -85.875
v 36.242 0 -86.131
v 36.456 0 -86.072
v 36.35 0 -86.1
v 36.021 0 -86.192
v 36.13 0 -86.162
v 35.831 0 -86.248
v 35.92 0 -86.221
v 30.061 0 -87.211
v 30.637 0 -87.127
v 30.52 0 -87.14
v 29.336 0 -87.416
v 29.665 0 -87.304
v 28.895 0 -87.691
v 29.079 0 -87.546
v 28.757 0 -88.02
v 28.79 0 -87.85
v 28.76 0 -88.567
v 28.748 0 -88.269
v 28.843 0 -89.188
v 28.792 0 -88.884
v 29.212 0 -90.308
v 28.91 0 -89.45
v 29.966 0 -91.853
v 29.563 0 -91.106
v 30.95 0 -93.217
v 30.427 0 -92.554
v 32.164 0 -94.424
v 31.54 0 -93.85
v 33.665 0 -95.539
v 32.866 0 -94.984
v 35.62 0 -96.677
v 34.577 0 -96.1
v 37.789 0 -97.757
v 36.81 0 -97.28
v 39.165 0 -98.372
v 38.539 0 -98.107
v 40.474 0 -98.821
v 39.774 0 -98.596
v 42.411 0 -99.836
v 42.35 0 -99.67
v 42.354 0 -99.757
v 42.662 0 -99.954
v 42.516 0 -99.902
v 43.05 0 -100
v 42.842 0 -99.988
v 43.38 0 -99.41
v 43.38 0 -100
v 43.358 0 -99.021
v 43.374 0 -99.217
v 43.296 0 -98.629
v 43.331 0 -98.824
v 43.2 0 -98.26
v 43.252 0 -98.44
v 43.038 0 -97.799
v 43.121 0 -98.027
v 42.809 0 -97.241
v 42.938 0 -97.546
v 42.42 0 -96.36
v 42.64 0 -96.856
v 45.056 0 -96.557
v 44.72 0 -96.43
v 44.89 0 -96.495
v 45.344 0 -96.663
v 45.21 0 -96.614
v 45.813 0 -96.826
v 45.45 0 -96.703
v 45.52 0 -96.73
v 46.908 0 -97.143
v 46.3 0 -96.971
v 48.182 0 -97.479
v 47.56 0 -97.319
v 50.641 0 -98.005
v 48.7 0 -97.6
v 54.249 0 -98.526
v 52.439 0 -98.309
v 58.533 0 -98.758
v 56.228 0 -98.671
v 63.222 0 -98.809
v 61.32 0 -98.8
v 65.655 0 -98.78
v 64.648 0 -98.803
v 66.648 0 -98.671
v 66.302 0 -98.737
v 66.67 0 -98.451
v 66.75 0 -98.58
v 66.103 0 -97.924
v 66.447 0 -98.226
v 65.141 0 -97.167
v 65.66 0 -97.564
v 63.893 0 -96.263
v 64.57 0 -96.75
v 67.71 0 -94.343
v 64.883 0 -94.754
v 66.12 0 -94.6
v 70.816 0 -93.499
v 69.29 0 -93.97
v 73.526 0 -92.318
v 72.243 0 -92.943
v 75.073 0 -91.298
v 74.62 0 -91.64
v 75.954 0 -90.484
v 75.505 0 -90.925
v 77.045 0 -89.24
v 76.455 0 -89.935
v 78.543 0 -87.37
v 77.76 0 -88.36
v 80.389 0 -84.967
v 79.447 0 -86.203
v 82.058 0 -82.732
v 81.287 0 -83.774
v 82.733 0 -81.791
v 82.62 0 -81.95
v 83.08 0 -81.32
v 83.003 0 -81.423
v 83.055 0 -81.354
v 83.73 0 -80.424
v 83.323 0 -81.016
v 84.65 0 -78.976
v 84.204 0 -79.694
v 85.08 0 -78.18
v 84.974 0 -78.422
v 84.927 0 -78.176
v 85.038 0 -78.174
v 84.543 0 -78.198
v 84.759 0 -78.184
v 84.01 0 -78.24
v 84.29 0 -78.217
v 77.818 0 -77.499
v 77.213 0 -77.742
v 77.32 0 -77.72
v 79.69 0 -76.007
v 78.643 0 -76.897
v 82.028 0 -73.736
v 80.853 0 -74.923
v 83.528 0 -72.02
v 83.11 0 -72.54
v 84.506 0 -70.688
v 84.004 0 -71.389
v 85.474 0 -69.241
v 85.006 0 -69.958
v 86.062 0 -68.248
v 85.88 0 -68.58
v 86.7 0 -66.993
v 86.353 0 -67.683
v 87.351 0 -65.664
v 87.05 0 -66.284
v 87.65 0 -65.001
v 87.55 0 -65.24
v 87.902 0 -64.35
v 87.771 0 -64.694
v 88.149 0 -63.672
v 88.032 0 -63.999
v 88.476 0 -62.792
v 88.422 0 -62.911
v 88.45 0 -62.85
v 88.529 0 -62.643
v 88.502 0 -62.722
v 88.578 0 -62.473
v 88.554 0 -62.558
v 88.954 0 -61.307
v 88.809 0 -61.741
v 88.86 0 -61.6
v 89.174 0 -60.553
v 89.062 0 -60.947
v 89.376 0 -59.778
v 89.281 0 -60.153
v 89.554 0 -59.036
v 89.45 0 -59.46
v 89.494 0 -59.281
v 90 0 -57.244
v 89.788 0 -58.097
v 89.87 0 -57.78
v 90.32 0 -55.748
v 90.153 0 -56.549
v 90.653 0 -54.031
v 90.49 0 -54.891
v 90.823 0 -53.07
v 90.8 0 -53.22
v 90.96 0 -52.3
v 90.91 0 -52.574
v 90.937 0 -52.425
v 91.073 0 -51.671
v 91.011 0 -52.016
v 91.041 0 -51.846
v 91.13 0 -51.34
v 91.103 0 -51.499
v 91.217 0 -50.829
v 91.157 0 -51.18
v 91.187 0 -51.006
v 91.271 0 -50.501
v 91.246 0 -50.657
v 91.37 0 -49.929
v 91.313 0 -50.241
v 91.34 0 -50.091
v 91.427 0 -49.599
v 91.4 0 -49.762
v 91.502 0 -49.154
v 91.45 0 -49.45
v 91.476 0 -49.305
v 91.72 0 -47.915
v 91.573 0 -48.751
v 91.59 0 -48.66
v 91.944 0 -46.625
v 91.839 0 -47.231
v 92.097 0 -45.708
v 92.031 0 -46.112
v 92.348 0 -44.291
v 92.3 0 -44.55
v 92.322 0 -44.431
v 92.405 0 -43.976
v 92.376 0 -44.136
v 92.46 0 -43.67
v 92.434 0 -43.818
v 92.853 0 -41.713
v 92.79 0 -42
v 92.816 0 -41.881
v 92.947 0 -41.274
v 92.897 0 -41.506
v 93.05 0 -40.78
v 92.999 0 -41.028
v 93.509 0 -38.891
v 93.386 0 -39.349
v 93.45 0 -39.11
v 93.615 0 -38.464
v 93.564 0 -38.672
v 93.694 0 -38.126
v 93.659 0 -38.278
v 95.36 0 -33.304
v 95.16 0 -33.75
v 95.266 0 -33.516
v 95.543 0 -32.879
v 95.45 0 -33.098
v 95.77 0 -32.34
v 95.647 0 -32.632
v 95.93 0 -31.979
v 95.843 0 -32.175
v 96.945 0 -29.782
v 96.31 0 -31.12
v 96.654 0 -30.396
v 97.349 0 -28.915
v 97.177 0 -29.285
v 97.49 0 -28.59
v 97.454 0 -28.68
v 97.873 0 -27.715
v 97.637 0 -28.237
v 97.69 0 -28.12
v 98.156 0 -27.022
v 98.029 0 -27.346
v 98.31 0 -26.55
v 98.251 0 -26.754
v 98.304 0 -26.314
v 98.33 0 -26.42
v 98.135 0 -26.077
v 98.234 0 -26.195
v 97.899 0 -25.901
v 98.019 0 -25.975
v 97.754 0 -25.867
v 97.79 0 -25.87
v 97.484 0 -25.744
v 97.635 0 -25.81
v 97.62 0 -25.79
v 96.805 0 -25.706
v 97.19 0 -25.716
v 96.033 0 -25.738
v 96.397 0 -25.714
v 95.611 0 -25.832
v 95.78 0 -25.78
v 94.309 0 -26.147
v 94.703 0 -26.06
v 94.43 0 -26.12
v 94.049 0 -26.209
v 94.179 0 -26.177
v 93.812 0 -26.267
v 93.924 0 -26.239
v 93.616 0 -26.316
v 93.72 0 -26.29
v 92.3 0 -26.63
v 92.882 0 -26.493
v 92.67 0 -26.54
v 91.605 0 -26.808
v 91.943 0 -26.719
v 91.003 0 -26.978
v 91.29 0 -26.894
v 90.635 0 -27.099
v 90.75 0 -27.06
v 90.409 0 -27.181
v 90.524 0 -27.138
v 90.126 0 -27.294
v 90.279 0 -27.232
v 89.79 0 -27.43
v 89.94 0 -27.37
v 89.874 0 -27.395
v 89.587 0 -27.517
v 89.692 0 -27.471
v 88.479 0 -28.016
v 89.478 0 -27.564
v 89.37 0 -27.61
v 86.57 0 -29.146
v 87.543 0 -28.531
v 84.554 0 -30.653
v 85.571 0 -29.856
v 83.157 0 -31.86
v 83.53 0 -31.53
v 81.377 0 -30.58
v 81.32 0 -30.89
v 81.347 0 -30.748
v 81.439 0 -30.206
v 81.409 0 -30.396
v 81.49 0 -29.85
v 81.467 0 -30.021
v 87.549 0 -17.718
v 87.427 0 -17.853
v 87.52 0 -17.75
v 87.675 0 -17.569
v 87.601 0 -17.656
v 87.868 0 -17.336
v 87.765 0 -17.46
v 88.483 0 -16.627
v 88.421 0 -16.688
v 88.45 0 -16.66
v 88.644 0 -16.445
v 88.55 0 -16.553
v 89.347 0 -15.639
v 89.04 0 -15.99
v 89.193 0 -15.816
v 89.63 0 -15.311
v 89.495 0 -15.467
v 90.061 0 -14.808
v 89.744 0 -15.179
v 89.83 0 -15.08
v 90.489 0 -14.247
v 90.285 0 -14.523
v 90.78 0 -13.801
v 90.658 0 -14
v 90.868 0 -13.517
v 90.84 0 -13.67
v 90.825 0 -13.316
v 90.863 0 -13.4
v 90.648 0 -13.252
v 90.753 0 -13.267
v 90.251 0 -13.322
v 90.51 0 -13.27
v 86.811 0 -13.898
v 87.963 0 -13.713
v 87.15 0 -13.84
v 85.89 0 -14.064
v 86.374 0 -13.975
v 84.969 0 -14.24
v 85.406 0 -14.155
v 84.04 0 -14.433
v 84.63 0 -14.31
v 83.279 0 -14.599
v 83.6 0 -14.528
v 82.874 0 -14.694
v 83.047 0 -14.652
v 82.391 0 -14.82
v 82.73 0 -14.73
v 81.9 0 -14.952
v 82.117 0 -14.894
v 81.596 0 -15.038
v 81.729 0 -15
v 81.331 0 -15.114
v 81.49 0 -15.07
v 81.419 0 -15.089
v 80.796 0 -15.261
v 81.014 0 -15.203
v 80.91 0 -15.23
v 80.509 0 -15.349
v 80.659 0 -15.302
v 80.205 0 -15.446
v 80.354 0 -15.398
v 78.231 0 -16.071
v 78.9 0 -15.86
v 78.564 0 -15.963
v 77.599 0 -16.293
v 77.908 0 -16.181
v 77.05 0 -16.51
v 77.311 0 -16.403
v 76.921 0 -16.564
v 76.987 0 -16.536
v 76.626 0 -16.684
v 76.73 0 -16.642
v 76.68 0 -16.66
v 76.119 0 -16.889
v 76.303 0 -16.818
v 76.22 0 -16.85
v 75.82 0 -17.012
v 75.983 0 -16.945
v 75.454 0 -17.169
v 75.641 0 -17.089
v 74.731 0 -17.489
v 75.27 0 -17.25
v 73.338 0 -18.154
v 74.062 0 -17.802
v 72.018 0 -18.828
v 72.631 0 -18.508
v 71.419 0 -19.171
v 71.57 0 -19.08
v 70.918 0 -19.446
v 71 0 -19.408
v 70.97 0 -19.42
v 70.626 0 -19.629
v 70.8 0 -19.517
v 70.151 0 -19.942
v 70.406 0 -19.773
v 69.23 0 -20.566
v 69.87 0 -20.13
v 67.976 0 -21.507
v 68.6 0 -21.025
v 66.739 0 -22.549
v 67.357 0 -22.015
v 65.631 0 -23.558
v 66.12 0 -23.11
v 63.981 0 -17.877
v 63.95 0 -18.01
v 63.963 0 -17.965
v 64.026 0 -17.6
v 64.003 0 -17.753
v 64.07 0 -17.24
v 64.049 0 -17.426
v 65.291 0 -12.386
v 65.24 0 -12.51
v 65.263 0 -12.456
v 65.353 0 -12.22
v 65.321 0 -12.306
v 65.41 0 -12.05
v 65.383 0 -12.133
v 65.757 0 -11.134
v 65.669 0 -11.353
v 65.73 0 -11.21
v 65.948 0 -10.638
v 65.842 0 -10.911
v 65.894 0 -10.777
v 66.625 0 -8.992
v 66.47 0 -9.347
v 66.58 0 -9.1
v 66.702 0 -8.805
v 66.666 0 -8.893
v 66.747 0 -8.684
v 66.73 0 -8.734
v 66.753 0 -8.635
v 66.75 0 -8.66
v 67.067 0 -7.912
v 66.881 0 -8.324
v 66.93 0 -8.22
v 67.264 0 -7.457
v 67.176 0 -7.665
v 67.417 0 -7.076
v 67.341 0 -7.268
v 67.697 0 -6.372
v 67.603 0 -6.605
v 67.652 0 -6.482
v 67.76 0 -6.21
v 67.734 0 -6.279
v 67.817 0 -6.089
v 67.787 0 -6.154
v 67.876 0 -5.945
v 67.848 0 -6.018
v 67.92 0 -5.81
v 67.901 0 -5.874
v 68.009 0 -5.6
v 67.947 0 -5.746
v 67.977 0 -5.674
v 68.067 0 -5.454
v 68.039 0 -5.526
v 68.289 0 -4.914
v 68.234 0 -5.049
v 68.26 0 -4.99
v 68.387 0 -4.635
v 68.332 0 -4.793
v 68.52 0 -4.249
v 68.451 0 -4.451
v 68.707 0 -3.665
v 68.59 0 -4.04
v 68.83 0 -3.084
v 68.787 0 -3.347
v 68.807 0 -2.713
v 68.837 0 -2.873
v 68.645 0 -2.546
v 68.74 0 -2.6
v 68.314 0 -2.503
v 68.499 0 -2.513
v 67.872 0 -2.546
v 68.101 0 -2.513
v 67.54 0 -2.627
v 67.64 0 -2.6
v 66.862 0 -2.793
v 67.064 0 -2.747
v 66.96 0 -2.77
v 66.66 0 -2.849
v 66.76 0 -2.82
v 66.485 0 -2.901
v 66.567 0 -2.877
v 66.33 0 -2.947
v 66.42 0 -2.92
v 65.979 0 -3.058
v 66.179 0 -2.994
v 64.579 0 -3.494
v 65.477 0 -3.215
v 65.2 0 -3.3
v 63.47 0 -3.849
v 63.994 0 -3.679
v 62.707 0 -4.107
v 63.033 0 -3.994
v 62.436 0 -4.215
v 62.52 0 -4.18
v 60.635 0 -4.907
v 61.525 0 -4.566
v 61.22 0 -4.68
v 59.798 0 -5.249
v 60.19 0 -5.083
v 58.82 0 -5.708
v 59.37 0 -5.444
v 56.029 0 -7.144
v 58.06 0 -6.08
v 52.6 0 -9.464
v 54.216 0 -8.267
v 49.891 0 -12.14
v 51.164 0 -10.75
v 48.677 0 -13.772
v 48.76 0 -13.65
v 46.663 0 -1.631
v 46.415 0 -3.918
v 46.57 0 -2.5
v 46.751 0 -0.582
v 46.723 0 -1.006
v 46.723 0 -0.167
v 46.751 0 -0.317
v 46.549 0 -0.025
v 46.67 0 -0.09
v 46.22 0 -0.011
v 46.399 0 0.001
v 45.784 0 -0.148
v 46.014 0 -0.061
v 44.572 0 -0.893
v 45.53 0 -0.27
v 42.143 0 -2.934
v 43.425 0 -1.797
v 39.386 0 -5.705
v 40.778 0 -4.253
v 37.782 0 -7.526
v 38.02 0 -7.24
v 37.169 0 -8.31
v 37.488 0 -7.896
v 36.579 0 -9.108
v 36.856 0 -8.727
v 36.231 0 -9.623
v 36.37 0 -9.41
v 35.978 0 -10.027
v 36.105 0 -9.821
v 35.664 0 -10.572
v 35.835 0 -10.269
v 35.318 0 -11.22
v 35.45 0 -10.96
v 35.001 0 -11.912
v 35.164 0 -11.549
v 34.714 0 -12.611
v 34.846 0 -12.278
v 34.584 0 -12.987
v 34.62 0 -12.88
v 34.377 0 -13.503
v 34.42 0 -13.41
v 34.397 0 -13.454
v 34.35 0 -13.604
v 34.361 0 -13.554
v 34.34 0 -13.69
v 34.342 0 -13.651
v 34.236 0 -14.012
v 34.283 0 -13.917
v 34.26 0 -13.96
v 34.174 0 -14.171
v 34.207 0 -14.084
v 34.108 0 -14.374
v 34.14 0 -14.27
v 34.016 0 -14.706
v 34.08 0 -14.48
v 34.049 0 -14.59
v 33.954 0 -14.931
v 33.984 0 -14.821
v 33.91 0 -15.11
v 33.929 0 -15.029
v 33.844 0 -15.336
v 33.883 0 -15.201
v 33.74 0 -15.697
v 33.795 0 -15.505
v 33.44 0 -16.733
v 33.68 0 -15.903
v 33.62 0 -16.11
v 30.129 0 -14.631
v 30.15 0 -14.69
v 30.144 0 -14.667
v 30.071 0 -14.529
v 30.104 0 -14.584
v 29.99 0 -14.41
v 30.033 0 -14.47
v 27.626 0 -8.805
v 27.689 0 -9.07
v 27.658 0 -8.936
v 27.567 0 -8.58
v 27.596 0 -8.684
v 27.459 0 -7.661
v 27.468 0 -7.981
v 27.47 0 -7.87
v 27.374 0 -7.245
v 27.427 0 -7.453
v 27.205 0 -6.829
v 27.3 0 -7.037
v 26.978 0 -6.45
v 27.09 0 -6.62
v 26.76 0 -6.394
v 26.877 0 -6.37
v 26.382 0 -6.814
v 26.603 0 -6.537
v 25.914 0 -7.488
v 26.07 0 -7.24
v 25.483 0 -8.311
v 25.71 0 -7.861
v 25.045 0 -9.258
v 25.253 0 -8.793
v 24.825 0 -9.801
v 24.88 0 -9.66
v 24.72 0 -10.066
v 24.77 0 -9.938
v 24.642 0 -10.269
v 24.676 0 -10.179
v 24.348 0 -11.111
v 24.62 0 -10.33
v 24.495 0 -10.661
v 24.029 0 -12.216
v 24.189 0 -11.641
v 23.75 0 -13.35
v 23.879 0 -12.798
v 23.447 0 -15.147
v 23.579 0 -14.223
v 23.31 0 -17.01
v 23.356 0 -16.088
v 23.36 0 -18.66
v 23.31 0 -17.879
v 23.795 0 -21.561
v 23.546 0 -20.172
v 24.532 0 -24.159
v 24.119 0 -22.874
v 25.68 0 -26.84
v 25.048 0 -25.465
v 26.642 0 -28.573
v 26.125 0 -27.686
v 27.775 0 -30.293
v 27.201 0 -29.457
v 28.85 0 -31.64
v 28.334 0 -31.036
v 29.506 0 -32.216
v 29.147 0 -31.93
v 30.561 0 -32.871
v 29.964 0 -32.521
v 32.33 0 -33.8
v 31.337 0 -33.289
v 44.615 0 -43.311
v 44.38 0 -43
v 44.5 0 -43.159
v 45.388 0 -44.392
v 44.874 0 -43.655
v 44.91 0 -43.71
v 46.78 0 -59.683
v 46.9 0 -59.42
v 46.842 0 -59.544
v 46.656 0 -59.967
v 46.717 0 -59.826
v 44.946 0 -63.679
v 45.09 0 -63.37
v 45.014 0 -63.531
v 44.847 0 -63.914
v 44.89 0 -63.809
v 44.81 0 -64.03
v 44.82 0 -63.99
v 44.861 0 -64.167
v 44.823 0 -64.075
v 44.992 0 -64.46
v 44.919 0 -64.298
v 45.274 0 -65.069
v 45.077 0 -64.646
v 45.17 0 -64.85
v 45.876 0 -66.366
v 45.75 0 -66.08
v 45.809 0 -66.215
v 46.017 0 -66.681
v 45.946 0 -66.524
v 46.15 0 -66.96
v 46.086 0 -66.829
v 46.638 0 -68.13
v 46.59 0 -68
v 46.612 0 -68.063
v 46.692 0 -68.264
v 46.665 0 -68.198
v 43.457 0 -82.445
v 66.781 0 -79.893
v 66.972 0 -80.401
v 67.26 0 -81.336
v 60.983 0 -88.756
v 59.42 0 -88.44
v 58.839 0 -88.321
v 55.112 0 -87.471
v 47.846 0 -83.336
v 38.6 0 -85.301
v 37.39 0 -85.78
v 36.87 0 -85.92
v 35.76 0 -86.27
v 30.79 0 -87.109
v 42.332 0 -99.59
v 64 0 -94.876
v 82.929 0 -81.522
v 88.6 0 -62.39
v 88.757 0 -61.889
v 89.626 0 -58.744
v 89.706 0 -58.424
v 90.85 0 -52.906
v 90.983 0 -52.17
v 91.527 0 -49.006
v 91.551 0 -48.869
v 92.278 0 -44.669
v 96.025 0 -31.764
v 97.497 0 -28.565
v 97.657 0 -25.829
v 95.417 0 -25.886
v 93.093 0 -26.444
v 87.98 0 -17.2
v 88.894 0 -16.156
v 89.852 0 -13.396
v 81.23 0 -15.143
v 80.07 0 -15.49
v 79.105 0 -15.796
v 76.789 0 -16.619
v 71.281 0 -19.253
v 65.616 0 -11.486
v 65.796 0 -11.033
v 67.5 0 -6.86
v 67.551 0 -6.733
v 68.205 0 -5.116
v 67.426 0 -2.657
v 61.813 0 -4.457
v 34.338 0 -13.729
v 27.72 0 -9.2
v 27.54 0 -8.5
v 44.72 0 -43.449
v 45.356 0 -62.803
v 43.935 0 -82.011
v 67.29 0 -81.442
v 60.501 0 -88.663
v 59.275 0 -88.413
v 57.629 0 -88.063
v 54.925 0 -87.424
v 48 0 -83.73
v 38.019 0 -85.53
v 37.365 0 -85.796
v 30.97 0 -87.086
v 41.37 0 -99.09
v 77.109 0 -77.802
v 88.24 0 -63.4
v 88.389 0 -62.99
v 88.626 0 -62.295
v 91.29 0 -50.37
v 96.123 0 -31.541
v 97.589 0 -28.344
v 97.686 0 -25.845
v 88.366 0 -16.747
v 88.694 0 -13.594
v 81.123 0 -15.173
v 76.556 0 -16.714
v 76.39 0 -16.783
v 71.066 0 -19.374
v 66 0 -10.5
v 66.374 0 -9.567
v 66.837 0 -8.423
v 68.175 0 -5.186
v 67.304 0 -2.689
v 67.181 0 -2.719
v 65.741 0 -3.133
v 62.281 0 -4.276
v 46.302 0 -4.986
v 34.444 0 -13.358
v 27.473 0 -8.098
v 32.905 0 -34.091
v 46.6 0 -60.098
v 46.718 0 -68.325
v 44.391 0 -81.564
v 66.75 0 -79.81
v 48.418 0 -84.368
v 37.254 0 -85.836
v 31.167 0 -87.061
v 42.243 0 -99.495
v 63.414 0 -94.975
v 82.837 0 -81.647
v 83.623 0 -78.26
v 88.707 0 -62.036
v 90.88 0 -52.737
v 92.252 0 -44.809
v 92.738 0 -42.238
v 93.315 0 -39.625
v 97.517 0 -28.513
v 97.549 0 -28.438
v 94.96 0 -26.001
v 93.293 0 -26.396
v 82.825 0 -32.14
v 81.537 0 -29.558
v 88.093 0 -17.064
v 88.76 0 -16.31
v 89.329 0 -13.488
v 79.321 0 -15.729
v 76.476 0 -16.747
v 71.161 0 -19.321
v 64.19 0 -16.459
v 65.02 0 -13.091
v 68.09 0 -5.39
v 68.145 0 -5.257
v 62.069 0 -4.359
v 48.572 0 -13.913
v 34.474 0 -13.284
v 34.303 0 -13.87
v 30.171 0 -14.731
v 27.517 0 -8.423
v 27.483 0 -8.215
v 33.444 0 -34.367
v 46.55 0 -60.21
v 45.629 0 -62.217
v 45.383 0 -65.298
v 46.74 0 -68.38
v 44.821 0 -81.105
v 60.655 0 -88.695
v 58.976 0 -88.351
v 49.086 0 -84.987
v 38.127 0 -85.49
v 36.818 0 -85.944
v 31.37 0 -87.036
v 42.092 0 -99.391
v 42.263 0 -95.985
v 43.577 0 -96.026
v 63.412 0 -95.906
v 63.063 0 -95.064
v 77.016 0 -77.889
v 88.276 0 -63.293
v 88.353 0 -63.084
v 88.663 0 -62.174
v 93.106 0 -40.516
v 93.72 0 -38.02
v 97.719 0 -25.858
v 93.47 0 -26.353
v 88.197 0 -16.94
v 79.537 0 -15.66
v 76.854 0 -16.592
v 65.229 0 -23.908
v 65.466 0 -11.891
v 66.286 0 -9.777
v 66.799 0 -8.511
v 46.221 0 -5.814
v 29.618 0 -13.782
v 33.924 0 -34.614
v 45.895 0 -61.64
v 45.49 0 -65.525
v 45.222 0 -80.639
v 59.124 0 -88.383
v 57.399 0 -88.015
v 49.996 0 -85.583
v 38.231 0 -85.45
v 36.746 0 -85.973
v 31.57 0 -87.01
v 41.647 0 -99.182
v 42.826 0 -95.781
v 63.096 0 -95.652
v 83.068 0 -78.279
v 88.314 0 -63.186
v 82.531 0 -32.375
v 79.742 0 -15.595
v 65.517 0 -11.748
v 66.77 0 -8.584
v 68.116 0 -5.326
v 46.161 0 -6.51
v 34.546 0 -13.093
v 34.509 0 -13.194
v 34.319 0 -13.821
v 27.497 0 -8.326
v 46.145 0 -61.096
v 45.591 0 -65.739
v 45.59 0 -80.17
v 51.141 0 -86.15
v 37.333 0 -85.811
v 37.295 0 -85.825
v 41.891 0 -99.285
v 62.888 0 -95.156
v 82.384 0 -78.296
v 96.22 0 -31.322
v 95.199 0 -25.942
v 82.271 0 -32.566
v 88.29 0 -16.832
v 79.924 0 -15.537
v 65.566 0 -11.615
v 46.111 0 -7.186
v 34.33 0 -13.773
v 34.319 0 -34.82
v 46.367 0 -60.611
v 45.679 0 -65.928
v 45.815 0 -79.871
v 42.484 0 -83.206
v 36.659 0 -86.006
v 32.323 0 -86.908
v 42.4 0 -95.694
v 82.042 0 -32.717
v 64.904 0 -24.164
v 48.451 0 -14.065
v 46.06 0 -7.95
v 34.606 0 -34.973
v 45.995 0 -79.619
v 52.511 0 -86.684
v 36.56 0 -86.04
v 33.154 0 -86.78
v 42.234 0 -95.763
v 62.914 0 -95.477
v 81.609 0 -78.311
v 76.944 0 -77.991
v 92.14 0 -45.43
v 48.321 0 -14.22
v 46.022 0 -8.793
v 27.934 0 -9.924
v 34.76 0 -35.06
v 46.155 0 -79.375
v 41.874 0 -83.603
v 33.987 0 -86.64
v 62.836 0 -95.355
v 80.781 0 -78.323
v 81.84 0 -32.83
v 87.26 0 -18.053
v 66.199 0 -9.993
v 48.189 0 -14.371
v 46.006 0 -9.636
v 28.282 0 -10.86
v 36.194 0 -35.92
v 46.318 0 -79.101
v 34.749 0 -86.5
v 62.83 0 -95.26
v 79.94 0 -78.33
v 92.166 0 -45.282
v 94.95 0 -34.278
v 81.718 0 -32.884
v 87.04 0 -18.327
v 64.648 0 -24.332
v 66.106 0 -10.228
v 48.06 0 -14.51
v 46.011 0 -10.438
v 33.28 0 -17.176
v 28.712 0 -11.891
v 37.564 0 -36.818
v 47.019 0 -59.132
v 46.509 0 -78.759
v 35.365 0 -86.372
v 78.723 0 -78.337
v 92.195 0 -45.124
v 94.676 0 -35.035
v 86.787 0 -18.65
v 64.453 0 -24.419
v 47.737 0 -14.813
v 29.175 0 -12.904
v 38.864 0 -37.749
v 47.156 0 -58.771
v 46.75 0 -78.31
v 41.184 0 -84.019
v 77.885 0 -78.336
v 92.224 0 -44.964
v 94.376 0 -35.904
v 86.52 0 -18.996
v 46.038 0 -11.157
v 40.09 0 -38.709
v 47.3 0 -58.374
v 46.888 0 -78.025
v 54.781 0 -87.386
v 77.355 0 -78.325
v 86.26 0 -19.34
v 46.084 0 -11.755
v 41.237 0 -39.694
v 47.437 0 -57.976
v 47.028 0 -77.681
v 77.061 0 -78.3
v 94.091 0 -36.769
v 85.166 0 -20.844
v 46.15 0 -12.19
v 30.229 0 -14.828
v 42.3 0 -40.7
v 47.555 0 -57.612
v 47.164 0 -77.296
v 76.934 0 -78.26
v 92.516 0 -43.369
v 93.859 0 -37.513
v 84.237 0 -22.281
v 64.79 0 -13.841
v 46.247 0 -12.616
v 30.32 0 -14.971
v 42.858 0 -41.259
v 47.64 0 -57.32
v 47.289 0 -76.889
v 40.47 0 -84.42
v 76.9 0 -78.2
v 92.572 0 -43.07
v 46.324 0 -12.945
v 30.437 0 -15.152
v 43.264 0 -41.674
v 47.396 0 -76.478
v 56.391 0 -87.785
v 76.903 0 -78.098
v 92.629 0 -42.779
v 83.459 0 -23.676
v 64.565 0 -14.695
v 46.389 0 -13.204
v 30.576 0 -15.362
v 43.569 0 -42
v 47.895 0 -56.055
v 47.48 0 -76.08
v 56.818 0 -87.885
v 92.684 0 -42.5
v 93.243 0 -39.923
v 82.82 0 -25.052
v 64.36 0 -15.589
v 46.449 0 -13.422
v 30.73 0 -15.59
v 43.823 0 -42.293
v 46.234 0 -67.156
v 47.533 0 -75.512
v 57.141 0 -87.959
v 38.735 0 -85.245
v 93.171 0 -40.225
v 82.308 0 -26.432
v 46.514 0 -13.628
v 31.063 0 -16.061
v 44.077 0 -42.607
v 46.309 0 -67.33
v 47.561 0 -74.652
v 38.883 0 -85.182
v 81.91 0 -27.84
v 46.59 0 -13.85
v 31.397 0 -16.487
v 46.377 0 -67.491
v 47.565 0 -73.643
v 39.037 0 -85.116
v 81.792 0 -28.34
v 63.936 0 -18.125
v 46.796 0 -14.393
v 31.72 0 -16.857
v 46.445 0 -67.65
v 47.546 0 -72.624
v 39.787 0 -84.775
v 39.19 0 -85.05
v 81.628 0 -32.917
v 81.703 0 -28.726
v 63.924 0 -18.422
v 47.002 0 -14.754
v 46.514 0 -67.817
v 47.852 0 -81.879
v 81.559 0 -32.93
v 81.636 0 -29.033
v 63.914 0 -18.872
v 47.22 0 -14.941
v 32.023 0 -17.163
v 48.01 0 -81.51
v 81.502 0 -32.923
v 81.583 0 -29.298
v 63.906 0 -19.448
v 47.461 0 -14.959
v 32.297 0 -17.394
v 47.504 0 -71.74
v 60.819 0 -88.727
v 81.449 0 -32.896
v 63.902 0 -20.12
v 33.124 0 -17.459
v 32.53 0 -17.54
v 48.032 0 -54.669
v 48.206 0 -81.222
v 81.39 0 -32.85
v 63.9 0 -20.86
v 32.957 0 -17.6
v 32.764 0 -17.621
v 46.865 0 -68.715
v 48.562 0 -80.811
v 81.337 0 -32.789
v 81.297 0 -31.035
v 63.91 0 -22.173
v 46.988 0 -69.106
v 47.44 0 -71.13
v 81.298 0 -32.709
v 81.277 0 -31.212
v 63.933 0 -23.121
v 47.109 0 -69.549
v 49.045 0 -80.309
v 62.712 0 -89.05
v 81.27 0 -32.601
v 81.261 0 -31.411
v 63.978 0 -23.762
v 47.225 0 -70.037
v 49.621 0 -79.749
v 63.37 0 -89.136
v 81.252 0 -32.458
v 81.25 0 -31.621
v 64.05 0 -24.156
v 44.808 0 -43.566
v 47.336 0 -70.566
v 64.006 0 -89.198
v 81.243 0 -32.271
v 81.242 0 -31.831
v 64.159 0 -24.359
v 64.593 0 -89.23
v 81.24 0 -32.03
v 48.051 0 -53.202
v 65.104 0 -89.232
v 64.31 0 -24.43
v 50.257 0 -79.165
v 65.51 0 -89.2
v 47.955 0 -51.698
v 66.26 0 -89.013
v 45.883 0 -45.219
v 66.84 0 -88.664
v 46.364 0 -46.127
v 47.744 0 -50.196
v 67.265 0 -88.126
v 46.8 0 -47.058
v 52.603 0 -77.174
v 47.163 0 -47.949
v 53.408 0 -76.518
v 67.55 0 -87.373
v 47.42 0 -48.74
v 54.368 0 -75.745
v 67.71 0 -86.376
v 55.342 0 -74.965
v 67.76 0 -85.11
v 56.192 0 -74.29
v 67.748 0 -84.483
v 56.78 0 -73.83
v 67.711 0 -83.866
v 57.322 0 -73.438
v 67.651 0 -83.265
v 57.816 0 -73.113
v 67.569 0 -82.688
v 58.259 0 -72.857
v 67.465 0 -82.141
v 58.647 0 -72.674
v 67.34 0 -81.63
v 58.979 0 -72.564
v 67.317 0 -81.542
v 59.25 0 -72.53
v 59.375 0 -72.54
v 59.52 0 -72.571
v 67.141 0 -80.91
v 59.689 0 -72.622
v 67.101 0 -80.779
v 67.061 0 -80.652
v 59.883 0 -72.696
v 67.019 0 -80.528
v 60.106 0 -72.792
v 60.36 0 -72.91
v 61.184 0 -73.387
v 66.583 0 -79.402
v 62.077 0 -74.007
v 66.349 0 -78.907
v 62.984 0 -74.723
v 66.07 0 -78.371
v 63.846 0 -75.486
v 65.771 0 -77.84
v 64.607 0 -76.251
v 65.477 0 -77.357
v 65.21 0 -76.97
v 42.96 10 -82.86
v 47.756 10 -82.239
v 47.724 10 -82.598
v 50.92 10 -78.59
v 51.434 10 -78.16
v 51.183 10 -78.371
v 51.856 10 -77.803
v 51.662 10 -77.967
v 52.09 10 -77.6
v 52.002 10 -77.677
v 66.812 10 -79.98
v 66.871 10 -80.146
v 66.842 10 -80.066
v 66.92 10 -80.27
v 66.898 10 -80.216
v 67.18 10 -81.05
v 67.23 10 -81.231
v 67.203 10 -81.134
v 62.06 10 -88.94
v 61.795 10 -88.89
v 61.94 10 -88.917
v 61.465 10 -88.83
v 61.634 10 -88.86
v 61.14 10 -88.78
v 61.298 10 -88.803
v 60.367 10 -88.634
v 60.155 10 -88.587
v 60.26 10 -88.61
v 59.877 10 -88.529
v 60.024 10 -88.559
v 59.567 10 -88.467
v 59.722 10 -88.497
v 58.721 10 -88.293
v 58.536 10 -88.251
v 58.63 10 -88.27
v 58.42 10 -88.226
v 58.147 10 -88.167
v 58.287 10 -88.198
v 57.87 10 -88.11
v 58.005 10 -88.137
v 55.82 10 -87.65
v 55.331 10 -87.526
v 55.571 10 -87.586
v 54.69 10 -87.36
v 54.53 10 -87.309
v 54.619 10 -87.337
v 54.32 10 -87.244
v 54.429 10 -87.277
v 54.1 10 -87.18
v 54.208 10 -87.211
v 47.754 10 -82.961
v 38.486 10 -85.347
v 38.324 10 -85.413
v 38.4 10 -85.38
v 37.911 10 -85.567
v 37.716 10 -85.631
v 37.81 10 -85.6
v 37.548 10 -85.698
v 37.628 10 -85.664
v 37.425 10 -85.757
v 37.479 10 -85.729
v 37.211 10 -85.841
v 37.126 10 -85.839
v 37.17 10 -85.84
v 37.02 10 -85.857
v 37.074 10 -85.845
v 36.914 10 -85.896
v 36.966 10 -85.875
v 36.456 10 -86.072
v 36.242 10 -86.131
v 36.35 10 -86.1
v 36.021 10 -86.192
v 36.13 10 -86.162
v 35.831 10 -86.248
v 35.92 10 -86.221
v 30.637 10 -87.127
v 30.061 10 -87.211
v 30.52 10 -87.14
v 29.336 10 -87.416
v 29.665 10 -87.304
v 28.895 10 -87.691
v 29.079 10 -87.546
v 28.757 10 -88.02
v 28.79 10 -87.85
v 28.76 10 -88.567
v 28.748 10 -88.269
v 28.843 10 -89.188
v 28.792 10 -88.884
v 29.212 10 -90.308
v 28.91 10 -89.45
v 29.966 10 -91.853
v 29.563 10 -91.106
v 30.95 10 -93.217
v 30.427 10 -92.554
v 32.164 10 -94.424
v 31.54 10 -93.85
v 33.665 10 -95.539
v 32.866 10 -94.984
v 35.62 10 -96.677
v 34.577 10 -96.1
v 37.789 10 -97.757
v 36.81 10 -97.28
v 39.165 10 -98.372
v 38.539 10 -98.107
v 40.474 10 -98.821
v 39.774 10 -98.596
v 42.35 10 -99.67
v 42.411 10 -99.836
v 42.354 10 -99.757
v 42.662 10 -99.954
v 42.516 10 -99.902
v 43.05 10 -100
v 42.842 10 -99.988
v 43.38 10 -99.41
v 43.38 10 -100
v 43.358 10 -99.021
v 43.374 10 -99.217
v 43.296 10 -98.629
v 43.331 10 -98.824
v 43.2 10 -98.26
v 43.252 10 -98.44
v 43.038 10 -97.799
v 43.121 10 -98.027
v 42.809 10 -97.241
v 42.938 10 -97.546
v 42.42 10 -96.36
v 42.64 10 -96.856
v 44.72 10 -96.43
v 45.056 10 -96.557
v 44.89 10 -96.495
v 45.344 10 -96.663
v 45.21 10 -96.614
v 45.45 10 -96.703
v 45.813 10 -96.826
v 45.52 10 -96.73
v 46.908 10 -97.143
v 46.3 10 -96.971
v 48.182 10 -97.479
v 47.56 10 -97.319
v 50.641 10 -98.005
v 48.7 10 -97.6
v 54.249 10 -98.526
v 52.439 10 -98.309
v 58.533 10 -98.758
v 56.228 10 -98.671
v 63.222 10 -98.809
v 61.32 10 -98.8
v 65.655 10 -98.78
v 64.648 10 -98.803
v 66.648 10 -98.671
v 66.302 10 -98.737
v 66.67 10 -98.451
v 66.75 10 -98.58
v 66.103 10 -97.924
v 66.447 10 -98.226
v 65.141 10 -97.167
v 65.66 10 -97.564
v 63.893 10 -96.263
v 64.57 10 -96.75
v 64.883 10 -94.754
v 67.71 10 -94.343
v 66.12 10 -94.6
v 70.816 10 -93.499
v 69.29 10 -93.97
v 73.526 10 -92.318
v 72.243 10 -92.943
v 75.073 10 -91.298
v 74.62 10 -91.64
v 75.954 10 -90.484
v 75.505 10 -90.925
v 77.045 10 -89.24
v 76.455 10 -89.935
v 78.543 10 -87.37
v 77.76 10 -88.36
v 80.389 10 -84.967
v 79.447 10 -86.203
v 82.058 10 -82.732
v 81.287 10 -83.774
v 82.733 10 -81.791
v 82.62 10 -81.95
v 83.003 10 -81.423
v 83.08 10 -81.32
v 83.055 10 -81.354
v 83.73 10 -80.424
v 83.323 10 -81.016
v 84.65 10 -78.976
v 84.204 10 -79.694
v 85.08 10 -78.18
v 84.974 10 -78.422
v 84.927 10 -78.176
v 85.038 10 -78.174
v 84.543 10 -78.198
v 84.759 10 -78.184
v 84.01 10 -78.24
v 84.29 10 -78.217
v 77.213 10 -77.742
v 77.818 10 -77.499
v 77.32 10 -77.72
v 79.69 10 -76.007
v 78.643 10 -76.897
v 82.028 10 -73.736
v 80.853 10 -74.923
v 83.528 10 -72.02
v 83.11 10 -72.54
v 84.506 10 -70.688
v 84.004 10 -71.389
v 85.474 10 -69.241
v 85.006 10 -69.958
v 86.062 10 -68.248
v 85.88 10 -68.58
v 86.7 10 -66.993
v 86.353 10 -67.683
v 87.351 10 -65.664
v 87.05 10 -66.284
v 87.65 10 -65.001
v 87.55 10 -65.24
v 87.902 10 -64.35
v 87.771 10 -64.694
v 88.149 10 -63.672
v 88.032 10 -63.999
v 88.422 10 -62.911
v 88.476 10 -62.792
v 88.45 10 -62.85
v 88.529 10 -62.643
v 88.502 10 -62.722
v 88.578 10 -62.473
v 88.554 10 -62.558
v 88.809 10 -61.741
v 88.954 10 -61.307
v 88.86 10 -61.6
v 89.174 10 -60.553
v 89.062 10 -60.947
v 89.376 10 -59.778
v 89.281 10 -60.153
v 89.45 10 -59.46
v 89.554 10 -59.036
v 89.494 10 -59.281
v 89.788 10 -58.097
v 90 10 -57.244
v 89.87 10 -57.78
v 90.32 10 -55.748
v 90.153 10 -56.549
v 90.653 10 -54.031
v 90.49 10 -54.891
v 90.823 10 -53.07
v 90.8 10 -53.22
v 90.91 10 -52.574
v 90.96 10 -52.3
v 90.937 10 -52.425
v 91.011 10 -52.016
v 91.073 10 -51.671
v 91.041 10 -51.846
v 91.13 10 -51.34
v 91.103 10 -51.499
v 91.157 10 -51.18
v 91.217 10 -50.829
v 91.187 10 -51.006
v 91.271 10 -50.501
v 91.246 10 -50.657
v 91.313 10 -50.241
v 91.37 10 -49.929
v 91.34 10 -50.091
v 91.427 10 -49.599
v 91.4 10 -49.762
v 91.45 10 -49.45
v 91.502 10 -49.154
v 91.476 10 -49.305
v 91.573 10 -48.751
v 91.72 10 -47.915
v 91.59 10 -48.66
v 91.944 10 -46.625
v 91.839 10 -47.231
v 92.097 10 -45.708
v 92.031 10 -46.112
v 92.3 10 -44.55
v 92.348 10 -44.291
v 92.322 10 -44.431
v 92.405 10 -43.976
v 92.376 10 -44.136
v 92.46 10 -43.67
v 92.434 10 -43.818
v 92.79 10 -42
v 92.853 10 -41.713
v 92.816 10 -41.881
v 92.947 10 -41.274
v 92.897 10 -41.506
v 93.05 10 -40.78
v 92.999 10 -41.028
v 93.386 10 -39.349
v 93.509 10 -38.891
v 93.45 10 -39.11
v 93.615 10 -38.464
v 93.564 10 -38.672
v 93.694 10 -38.126
v 93.659 10 -38.278
v 95.16 10 -33.75
v 95.36 10 -33.304
v 95.266 10 -33.516
v 95.543 10 -32.879
v 95.45 10 -33.098
v 95.77 10 -32.34
v 95.647 10 -32.632
v 95.93 10 -31.979
v 95.843 10 -32.175
v 96.31 10 -31.12
v 96.945 10 -29.782
v 96.654 10 -30.396
v 97.349 10 -28.915
v 97.177 10 -29.285
v 97.49 10 -28.59
v 97.454 10 -28.68
v 97.637 10 -28.237
v 97.873 10 -27.715
v 97.69 10 -28.12
v 98.156 10 -27.022
v 98.029 10 -27.346
v 98.31 10 -26.55
v 98.251 10 -26.754
v 98.304 10 -26.314
v 98.33 10 -26.42
v 98.135 10 -26.077
v 98.234 10 -26.195
v 97.899 10 -25.901
v 98.019 10 -25.975
v 97.754 10 -25.867
v 97.79 10 -25.87
v 97.635 10 -25.81
v 97.484 10 -25.744
v 97.62 10 -25.79
v 96.805 10 -25.706
v 97.19 10 -25.716
v 96.033 10 -25.738
v 96.397 10 -25.714
v 95.611 10 -25.832
v 95.78 10 -25.78
v 94.703 10 -26.06
v 94.309 10 -26.147
v 94.43 10 -26.12
v 94.049 10 -26.209
v 94.179 10 -26.177
v 93.812 10 -26.267
v 93.924 10 -26.239
v 93.616 10 -26.316
v 93.72 10 -26.29
v 92.882 10 -26.493
v 92.3 10 -26.63
v 92.67 10 -26.54
v 91.605 10 -26.808
v 91.943 10 -26.719
v 91.003 10 -26.978
v 91.29 10 -26.894
v 90.635 10 -27.099
v 90.75 10 -27.06
v 90.409 10 -27.181
v 90.524 10 -27.138
v 90.126 10 -27.294
v 90.279 10 -27.232
v 89.94 10 -27.37
v 89.79 10 -27.43
v 89.874 10 -27.395
v 89.587 10 -27.517
v 89.692 10 -27.471
v 89.478 10 -27.564
v 88.479 10 -28.016
v 89.37 10 -27.61
v 86.57 10 -29.146
v 87.543 10 -28.531
v 84.554 10 -30.653
v 85.571 10 -29.856
v 83.157 10 -31.86
v 83.53 10 -31.53
v 81.32 10 -30.89
v 81.377 10 -30.58
v 81.347 10 -30.748
v 81.439 10 -30.206
v 81.409 10 -30.396
v 81.49 10 -29.85
v 81.467 10 -30.021
v 87.427 10 -17.853
v 87.549 10 -17.718
v 87.52 10 -17.75
v 87.675 10 -17.569
v 87.601 10 -17.656
v 87.868 10 -17.336
v 87.765 10 -17.46
v 88.421 10 -16.688
v 88.483 10 -16.627
v 88.45 10 -16.66
v 88.644 10 -16.445
v 88.55 10 -16.553
v 89.04 10 -15.99
v 89.347 10 -15.639
v 89.193 10 -15.816
v 89.63 10 -15.311
v 89.495 10 -15.467
v 89.744 10 -15.179
v 90.061 10 -14.808
v 89.83 10 -15.08
v 90.489 10 -14.247
v 90.285 10 -14.523
v 90.78 10 -13.801
v 90.658 10 -14
v 90.868 10 -13.517
v 90.84 10 -13.67
v 90.825 10 -13.316
v 90.863 10 -13.4
v 90.648 10 -13.252
v 90.753 10 -13.267
v 90.251 10 -13.322
v 90.51 10 -13.27
v 87.963 10 -13.713
v 86.811 10 -13.898
v 87.15 10 -13.84
v 85.89 10 -14.064
v 86.374 10 -13.975
v 84.969 10 -14.24
v 85.406 10 -14.155
v 84.04 10 -14.433
v 84.63 10 -14.31
v 83.279 10 -14.599
v 83.6 10 -14.528
v 82.874 10 -14.694
v 83.047 10 -14.652
v 82.391 10 -14.82
v 82.73 10 -14.73
v 81.9 10 -14.952
v 82.117 10 -14.894
v 81.596 10 -15.038
v 81.729 10 -15
v 81.49 10 -15.07
v 81.331 10 -15.114
v 81.419 10 -15.089
v 81.014 10 -15.203
v 80.796 10 -15.261
v 80.91 10 -15.23
v 80.509 10 -15.349
v 80.659 10 -15.302
v 80.205 10 -15.446
v 80.354 10 -15.398
v 78.9 10 -15.86
v 78.231 10 -16.071
v 78.564 10 -15.963
v 77.599 10 -16.293
v 77.908 10 -16.181
v 77.05 10 -16.51
v 77.311 10 -16.403
v 76.921 10 -16.564
v 76.987 10 -16.536
v 76.73 10 -16.642
v 76.626 10 -16.684
v 76.68 10 -16.66
v 76.303 10 -16.818
v 76.119 10 -16.889
v 76.22 10 -16.85
v 75.82 10 -17.012
v 75.983 10 -16.945
v 75.454 10 -17.169
v 75.641 10 -17.089
v 74.731 10 -17.489
v 75.27 10 -17.25
v 73.338 10 -18.154
v 74.062 10 -17.802
v 72.018 10 -18.828
v 72.631 10 -18.508
v 71.419 10 -19.171
v 71.57 10 -19.08
v 71 10 -19.408
v 70.918 10 -19.446
v 70.97 10 -19.42
v 70.626 10 -19.629
v 70.8 10 -19.517
v 70.151 10 -19.942
v 70.406 10 -19.773
v 69.23 10 -20.566
v 69.87 10 -20.13
v 67.976 10 -21.507
v 68.6 10 -21.025
v 66.739 10 -22.549
v 67.357 10 -22.015
v 65.631 10 -23.558
v 66.12 10 -23.11
v 63.95 10 -18.01
v 63.981 10 -17.877
v 63.963 10 -17.965
v 64.026 10 -17.6
v 64.003 10 -17.753
v 64.07 10 -17.24
v 64.049 10 -17.426
v 65.24 10 -12.51
v 65.291 10 -12.386
v 65.263 10 -12.456
v 65.353 10 -12.22
v 65.321 10 -12.306
v 65.41 10 -12.05
v 65.383 10 -12.133
v 65.669 10 -11.353
v 65.757 10 -11.134
v 65.73 10 -11.21
v 65.842 10 -10.911
v 65.948 10 -10.638
v 65.894 10 -10.777
v 66.47 10 -9.347
v 66.625 10 -8.992
v 66.58 10 -9.1
v 66.702 10 -8.805
v 66.666 10 -8.893
v 66.747 10 -8.684
v 66.73 10 -8.734
v 66.753 10 -8.635
v 66.75 10 -8.66
v 66.881 10 -8.324
v 67.067 10 -7.912
v 66.93 10 -8.22
v 67.264 10 -7.457
v 67.176 10 -7.665
v 67.417 10 -7.076
v 67.341 10 -7.268
v 67.603 10 -6.605
v 67.697 10 -6.372
v 67.652 10 -6.482
v 67.76 10 -6.21
v 67.734 10 -6.279
v 67.817 10 -6.089
v 67.787 10 -6.154
v 67.876 10 -5.945
v 67.848 10 -6.018
v 67.92 10 -5.81
v 67.901 10 -5.874
v 67.947 10 -5.746
v 68.009 10 -5.6
v 67.977 10 -5.674
v 68.067 10 -5.454
v 68.039 10 -5.526
v 68.234 10 -5.049
v 68.289 10 -4.914
v 68.26 10 -4.99
v 68.387 10 -4.635
v 68.332 10 -4.793
v 68.52 10 -4.249
v 68.451 10 -4.451
v 68.707 10 -3.665
v 68.59 10 -4.04
v 68.83 10 -3.084
v 68.787 10 -3.347
v 68.807 10 -2.713
v 68.837 10 -2.873
v 68.645 10 -2.546
v 68.74 10 -2.6
v 68.314 10 -2.503
v 68.499 10 -2.513
v 67.872 10 -2.546
v 68.101 10 -2.513
v 67.54 10 -2.627
v 67.64 10 -2.6
v 67.064 10 -2.747
v 66.862 10 -2.793
v 66.96 10 -2.77
v 66.66 10 -2.849
v 66.76 10 -2.82
v 66.485 10 -2.901
v 66.567 10 -2.877
v 66.33 10 -2.947
v 66.42 10 -2.92
v 65.979 10 -3.058
v 66.179 10 -2.994
v 65.477 10 -3.215
v 64.579 10 -3.494
v 65.2 10 -3.3
v 63.47 10 -3.849
v 63.994 10 -3.679
v 62.707 10 -4.107
v 63.033 10 -3.994
v 62.436 10 -4.215
v 62.52 10 -4.18
v 61.525 10 -4.566
v 60.635 10 -4.907
v 61.22 10 -4.68
v 59.798 10 -5.249
v 60.19 10 -5.083
v 58.82 10 -5.708
v 59.37 10 -5.444
v 56.029 10 -7.144
v 58.06 10 -6.08
v 52.6 10 -9.464
v 54.216 10 -8.267
v 49.891 10 -12.14
v 51.164 10 -10.75
v 48.677 10 -13.772
v 48.76 10 -13.65
v 46.415 10 -3.918
v 46.663 10 -1.631
v 46.57 10 -2.5
v 46.751 10 -0.582
v 46.723 10 -1.006
v 46.723 10 -0.167
v 46.751 10 -0.317
v 46.549 10 -0.025
v 46.67 10 -0.09
v 46.22 10 -0.011
v 46.399 10 0.001
v 45.784 10 -0.148
v 46.014 10 -0.061
v 44.572 10 -0.893
v 45.53 10 -0.27
v 42.143 10 -2.934
v 43.425 10 -1.797
v 39.386 10 -5.705
v 40.778 10 -4.253
v 37.782 10 -7.526
v 38.02 10 -7.24
v 37.169 10 -8.31
v 37.488 10 -7.896
v 36.579 10 -9.108
v 36.856 10 -8.727
v 36.231 10 -9.623
v 36.37 10 -9.41
v 35.978 10 -10.027
v 36.105 10 -9.821
v 35.664 10 -10.572
v 35.835 10 -10.269
v 35.318 10 -11.22
v 35.45 10 -10.96
v 35.001 10 -11.912
v 35.164 10 -11.549
v 34.714 10 -12.611
v 34.846 10 -12.278
v 34.584 10 -12.987
v 34.62 10 -12.88
v 34.42 10 -13.41
v 34.377 10 -13.503
v 34.397 10 -13.454
v 34.35 10 -13.604
v 34.361 10 -13.554
v 34.34 10 -13.69
v 34.342 10 -13.651
v 34.283 10 -13.917
v 34.236 10 -14.012
v 34.26 10 -13.96
v 34.174 10 -14.171
v 34.207 10 -14.084
v 34.108 10 -14.374
v 34.14 10 -14.27
v 34.08 10 -14.48
v 34.016 10 -14.706
v 34.049 10 -14.59
v 33.954 10 -14.931
v 33.984 10 -14.821
v 33.91 10 -15.11
v 33.929 10 -15.029
v 33.844 10 -15.336
v 33.883 10 -15.201
v 33.74 10 -15.697
v 33.795 10 -15.505
v 33.68 10 -15.903
v 33.44 10 -16.733
v 33.62 10 -16.11
v 30.15 10 -14.69
v 30.129 10 -14.631
v 30.144 10 -14.667
v 30.071 10 -14.529
v 30.104 10 -14.584
v 29.99 10 -14.41
v 30.033 10 -14.47
v 27.689 10 -9.07
v 27.626 10 -8.805
v 27.658 10 -8.936
v 27.567 10 -8.58
v 27.596 10 -8.684
v 27.468 10 -7.981
v 27.459 10 -7.661
v 27.47 10 -7.87
v 27.374 10 -7.245
v 27.427 10 -7.453
v 27.205 10 -6.829
v 27.3 10 -7.037
v 26.978 10 -6.45
v 27.09 10 -6.62
v 26.76 10 -6.394
v 26.877 10 -6.37
v 26.382 10 -6.814
v 26.603 10 -6.537
v 25.914 10 -7.488
v 26.07 10 -7.24
v 25.483 10 -8.311
v 25.71 10 -7.861
v 25.045 10 -9.258
v 25.253 10 -8.793
v 24.825 10 -9.801
v 24.88 10 -9.66
v 24.72 10 -10.066
v 24.77 10 -9.938
v 24.642 10 -10.269
v 24.676 10 -10.179
v 24.62 10 -10.33
v 24.348 10 -11.111
v 24.495 10 -10.661
v 24.029 10 -12.216
v 24.189 10 -11.641
v 23.75 10 -13.35
v 23.879 10 -12.798
v 23.447 10 -15.147
v 23.579 10 -14.223
v 23.31 10 -17.01
v 23.356 10 -16.088
v 23.36 10 -18.66
v 23.31 10 -17.879
v 23.795 10 -21.561
v 23.546 10 -20.172
v 24.532 10 -24.159
v 24.119 10 -22.874
v 25.68 10 -26.84
v 25.048 10 -25.465
v 26.642 10 -28.573
v 26.125 10 -27.686
v 27.775 10 -30.293
v 27.201 10 -29.457
v 28.85 10 -31.64
v 28.334 10 -31.036
v 29.506 10 -32.216
v 29.147 10 -31.93
v 30.561 10 -32.871
v 29.964 10 -32.521
v 32.33 10 -33.8
v 31.337 10 -33.289
v 44.38 10 -43
v 44.615 10 -43.311
v 44.5 10 -43.159
v 44.874 10 -43.655
v 45.388 10 -44.392
v 44.91 10 -43.71
v 46.9 10 -59.42
v 46.78 10 -59.683
v 46.842 10 -59.544
v 46.656 10 -59.967
v 46.717 10 -59.826
v 45.09 10 -63.37
v 44.946 10 -63.679
v 45.014 10 -63.531
v 44.847 10 -63.914
v 44.89 10 -63.809
v 44.81 10 -64.03
v 44.82 10 -63.99
v 44.861 10 -64.167
v 44.823 10 -64.075
v 44.992 10 -64.46
v 44.919 10 -64.298
v 45.077 10 -64.646
v 45.274 10 -65.069
v 45.17 10 -64.85
v 45.75 10 -66.08
v 45.876 10 -66.366
v 45.809 10 -66.215
v 46.017 10 -66.681
v 45.946 10 -66.524
v 46.15 10 -66.96
v 46.086 10 -66.829
v 46.59 10 -68
v 46.638 10 -68.13
v 46.612 10 -68.063
v 46.692 10 -68.264
v 46.665 10 -68.198
v 43.457 10 -82.445
v 66.781 10 -79.893
v 66.972 10 -80.401
v 67.26 10 -81.336
v 60.983 10 -88.756
v 59.42 10 -88.44
v 58.839 10 -88.321
v 55.112 10 -87.471
v 47.846 10 -83.336
v 38.6 10 -85.301
v 37.39 10 -85.78
v 36.87 10 -85.92
v 35.76 10 -86.27
v 30.79 10 -87.109
v 42.332 10 -99.59
v 64 10 -94.876
v 82.929 10 -81.522
v 88.6 10 -62.39
v 88.757 10 -61.889
v 89.626 10 -58.744
v 89.706 10 -58.424
v 90.85 10 -52.906
v 90.983 10 -52.17
v 91.527 10 -49.006
v 91.551 10 -48.869
v 92.278 10 -44.669
v 96.025 10 -31.764
v 97.497 10 -28.565
v 97.657 10 -25.829
v 95.417 10 -25.886
v 93.093 10 -26.444
v 87.98 10 -17.2
v 88.894 10 -16.156
v 89.852 10 -13.396
v 81.23 10 -15.143
v 80.07 10 -15.49
v 79.105 10 -15.796
v 76.789 10 -16.619
v 71.281 10 -19.253
v 65.616 10 -11.486
v 65.796 10 -11.033
v 67.5 10 -6.86
v 67.551 10 -6.733
v 68.205 10 -5.116
v 67.426 10 -2.657
v 61.813 10 -4.457
v 34.338 10 -13.729
v 27.72 10 -9.2
v 27.54 10 -8.5
v 44.72 10 -43.449
v 45.356 10 -62.803
v 43.935 10 -82.011
v 67.29 10 -81.442
v 60.501 10 -88.663
v 59.275 10 -88.413
v 57.629 10 -88.063
v 54.925 10 -87.424
v 48 10 -83.73
v 38.019 10 -85.53
v 37.365 10 -85.796
v 30.97 10 -87.086
v 41.37 10 -99.09
v 77.109 10 -77.802
v 88.24 10 -63.4
v 88.389 10 -62.99
v 88.626 10 -62.295
v 91.29 10 -50.37
v 96.123 10 -31.541
v 97.589 10 -28.344
v 97.686 10 -25.845
v 88.366 10 -16.747
v 88.694 10 -13.594
v 81.123 10 -15.173
v 76.556 10 -16.714
v 76.39 10 -16.783
v 71.066 10 -19.374
v 66 10 -10.5
v 66.374 10 -9.567
v 66.837 10 -8.423
v 68.175 10 -5.186
v 67.304 10 -2.689
v 67.181 10 -2.719
v 65.741 10 -3.133
v 62.281 10 -4.276
v 46.302 10 -4.986
v 34.444 10 -13.358
v 27.473 10 -8.098
v 32.905 10 -34.091
v 46.6 10 -60.098
v 46.718 10 -68.325
v 44.391 10 -81.564
v 66.75 10 -79.81
v 48.418 10 -84.368
v 37.254 10 -85.836
v 31.167 10 -87.061
v 42.243 10 -99.495
v 63.414 10 -94.975
v 82.837 10 -81.647
v 83.623 10 -78.26
v 88.707 10 -62.036
v 90.88 10 -52.737
v 92.252 10 -44.809
v 92.738 10 -42.238
v 93.315 10 -39.625
v 97.517 10 -28.513
v 97.549 10 -28.438
v 94.96 10 -26.001
v 93.293 10 -26.396
v 82.825 10 -32.14
v 81.537 10 -29.558
v 88.093 10 -17.064
v 88.76 10 -16.31
v 89.329 10 -13.488
v 79.321 10 -15.729
v 76.476 10 -16.747
v 71.161 10 -19.321
v 64.19 10 -16.459
v 65.02 10 -13.091
v 68.09 10 -5.39
v 68.145 10 -5.257
v 62.069 10 -4.359
v 48.572 10 -13.913
v 34.474 10 -13.284
v 34.303 10 -13.87
v 30.171 10 -14.731
v 27.517 10 -8.423
v 27.483 10 -8.215
v 33.444 10 -34.367
v 46.55 10 -60.21
v 45.629 10 -62.217
v 45.383 10 -65.298
v 46.74 10 -68.38
v 44.821 10 -81.105
v 60.655 10 -88.695
v 58.976 10 -88.351
v 49.086 10 -84.987
v 38.127 10 -85.49
v 36.818 10 -85.944
v 31.37 10 -87.036
v 42.092 10 -99.391
v 42.263 10 -95.985
v 43.577 10 -96.026
v 63.412 10 -95.906
v 63.063 10 -95.064
v 77.016 10 -77.889
v 88.276 10 -63.293
v 88.353 10 -63.084
v 88.663 10 -62.174
v 93.106 10 -40.516
v 93.72 10 -38.02
v 97.719 10 -25.858
v 93.47 10 -26.353
v 88.197 10 -16.94
v 79.537 10 -15.66
v 76.854 10 -16.592
v 65.229 10 -23.908
v 65.466 10 -11.891
v 66.286 10 -9.777
v 66.799 10 -8.511
v 46.221 10 -5.814
v 29.618 10 -13.782
v 33.924 10 -34.614
v 45.895 10 -61.64
v 45.49 10 -65.525
v 45.222 10 -80.639
v 59.124 10 -88.383
v 57.399 10 -88.015
v 49.996 10 -85.583
v 38.231 10 -85.45
v 36.746 10 -85.973
v 31.57 10 -87.01
v 41.647 10 -99.182
v 42.826 10 -95.781
v 63.096 10 -95.652
v 83.068 10 -78.279
v 88.314 10 -63.186
v 82.531 10 -32.375
v 79.742 10 -15.595
v 65.517 10 -11.748
v 66.77 10 -8.584
v 68.116 10 -5.326
v 46.161 10 -6.51
v 34.546 10 -13.093
v 34.509 10 -13.194
v 34.319 10 -13.821
v 27.497 10 -8.326
v 46.145 10 -61.096
v 45.591 10 -65.739
v 45.59 10 -80.17
v 51.141 10 -86.15
v 37.333 10 -85.811
v 37.295 10 -85.825
v 41.891 10 -99.285
v 62.888 10 -95.156
v 82.384 10 -78.296
v 96.22 10 -31.322
v 95.199 10 -25.942
v 82.271 10 -32.566
v 88.29 10 -16.832
v 79.924 10 -15.537
v 65.566 10 -11.615
v 46.111 10 -7.186
v 34.33 10 -13.773
v 34.319 10 -34.82
v 46.367 10 -60.611
v 45.679 10 -65.928
v 45.815 10 -79.871
v 42.484 10 -83.206
v 36.659 10 -86.006
v 32.323 10 -86.908
v 42.4 10 -95.694
v 82.042 10 -32.717
v 64.904 10 -24.164
v 48.451 10 -14.065
v 46.06 10 -7.95
v 34.606 10 -34.973
v 45.995 10 -79.619
v 52.511 10 -86.684
v 36.56 10 -86.04
v 33.154 10 -86.78
v 42.234 10 -95.763
v 62.914 10 -95.477
v 81.609 10 -78.311
v 76.944 10 -77.991
v 92.14 10 -45.43
v 48.321 10 -14.22
v 46.022 10 -8.793
v 27.934 10 -9.924
v 34.76 10 -35.06
v 46.155 10 -79.375
v 41.874 10 -83.603
v 33.987 10 -86.64
v 62.836 10 -95.355
v 80.781 10 -78.323
v 81.84 10 -32.83
v 87.26 10 -18.053
v 66.199 10 -9.993
v 48.189 10 -14.371
v 46.006 10 -9.636
v 28.282 10 -10.86
v 36.194 10 -35.92
v 46.318 10 -79.101
v 34.749 10 -86.5
v 62.83 10 -95.26
v 79.94 10 -78.33
v 92.166 10 -45.282
v 94.95 10 -34.278
v 81.718 10 -32.884
v 87.04 10 -18.327
v 64.648 10 -24.332
v 66.106 10 -10.228
v 48.06 10 -14.51
v 46.011 10 -10.438
v 33.28 10 -17.176
v 28.712 10 -11.891
v 37.564 10 -36.818
v 47.019 10 -59.132
v 46.509 10 -78.759
v 35.365 10 -86.372
v 78.723 10 -78.337
v 92.195 10 -45.124
v 94.676 10 -35.035
v 86.787 10 -18.65
v 64.453 10 -24.419
v 47.737 10 -14.813
v 29.175 10 -12.904
v 38.864 10 -37.749
v 47.156 10 -58.771
v 46.75 10 -78.31
v 41.184 10 -84.019
v 77.885 10 -78.336
v 92.224 10 -44.964
v 94.376 10 -35.904
v 86.52 10 -18.996
v 46.038 10 -11.157
v 40.09 10 -38.709
v 47.3 10 -58.374
v 46.888 10 -78.025
v 54.781 10 -87.386
v 77.355 10 -78.325
v 86.26 10 -19.34
v 46.084 10 -11.755
v 41.237 10 -39.694
v 47.437 10 -57.976
v 47.028 10 -77.681
v 77.061 10 -78.3
v 94.091 10 -36.769
v 85.166 10 -20.844
v 46.15 10 -12.19
v 30.229 10 -14.828
v 42.3 10 -40.7
v 47.555 10 -57.612
v 47.164 10 -77.296
v 76.934 10 -78.26
v 92.516 10 -43.369
v 93.859 10 -37.513
v 84.237 10 -22.281
v 64.79 10 -13.841
v 46.247 10 -12.616
v 30.32 10 -14.971
v 42.858 10 -41.259
v 47.64 10 -57.32
v 47.289 10 -76.889
v 40.47 10 -84.42
v 76.9 10 -78.2
v 92.572 10 -43.07
v 46.324 10 -12.945
v 30.437 10 -15.152
v 43.264 10 -41.674
v 47.396 10 -76.478
v 56.391 10 -87.785
v 76.903 10 -78.098
v 92.629 10 -42.779
v 83.459 10 -23.676
v 64.565 10 -14.695
v 46.389 10 -13.204
v 30.576 10 -15.362
v 43.569 10 -42
v 47.895 10 -56.055
v 47.48 10 -76.08
v 56.818 10 -87.885
v 92.684 10 -42.5
v 93.243 10 -39.923
v 82.82 10 -25.052
v 64.36 10 -15.589
v 46.449 10 -13.422
v 30.73 10 -15.59
v 43.823 10 -42.293
v 46.234 10 -67.156
v 47.533 10 -75.512
v 57.141 10 -87.959
v 38.735 10 -85.245
v 93.171 10 -40.225
v 82.308 10 -26.432
v 46.514 10 -13.628
v 31.063 10 -16.061
v 44.077 10 -42.607
v 46.309 10 -67.33
v 47.561 10 -74.652
v 38.883 10 -85.182
v 81.91 10 -27.84
v 46.59 10 -13.85
v 31.397 10 -16.487
v 46.377 10 -67.491
v 47.565 10 -73.643
v 39.037 10 -85.116
v 81.792 10 -28.34
v 63.936 10 -18.125
v 46.796 10 -14.393
v 31.72 10 -16.857
v 46.445 10 -67.65
v 47.546 10 -72.624
v 39.787 10 -84.775
v 39.19 10 -85.05
v 81.628 10 -32.917
v 81.703 10 -28.726
v 63.924 10 -18.422
v 47.002 10 -14.754
v 46.514 10 -67.817
v 47.852 10 -81.879
v 81.559 10 -32.93
v 81.636 10 -29.033
v 63.914 10 -18.872
v 47.22 10 -14.941
v 32.023 10 -17.163
v 48.01 10 -81.51
v 81.502 10 -32.923
v 81.583 10 -29.298
v 63.906 10 -19.448
v 47.461 10 -14.959
v 32.297 10 -17.394
v 47.504 10 -71.74
v 60.819 10 -88.727
v 81.449 10 -32.896
v 63.902 10 -20.12
v 33.124 10 -17.459
v 32.53 10 -17.54
v 48.032 10 -54.669
v 48.206 10 -81.222
v 81.39 10 -32.85
v 63.9 10 -20.86
v 32.957 10 -17.6
v 32.764 10 -17.621
v 46.865 10 -68.715
v 48.562 10 -80.811
v 81.337 10 -32.789
v 81.297 10 -31.035
v 63.91 10 -22.173
v 46.988 10 -69.106
v 47.44 10 -71.13
v 81.298 10 -32.709
v 81.277 10 -31.212
v 63.933 10 -23.121
v 47.109 10 -69.549
v 49.045 10 -80.309
v 62.712 10 -89.05
v 81.27 10 -32.601
v 81.261 10 -31.411
v 63.978 10 -23.762
v 47.225 10 -70.037
v 49.621 10 -79.749
v 63.37 10 -89.136
v 81.252 10 -32.458
v 81.25 10 -31.621
v 64.05 10 -24.156
v 44.808 10 -43.566
v 47.336 10 -70.566
v 64.006 10 -89.198
v 81.243 10 -32.271
v 81.242 10 -31.831
v 64.159 10 -24.359
v 64.593 10 -89.23
v 81.24 10 -32.03
v 48.051 10 -53.202
v 65.104 10 -89.232
v 64.31 10 -24.43
v 50.257 10 -79.165
v 65.51 10 -89.2
v 47.955 10 -51.698
v 66.26 10 -89.013
v 45.883 10 -45.219
v 66.84 10 -88.664
v 46.364 10 -46.127
v 47.744 10 -50.196
v 67.265 10 -88.126
v 46.8 10 -47.058
v 52.603 10 -77.174
v 47.163 10 -47.949
v 53.408 10 -76.518
v 67.55 10 -87.373
v 47.42 10 -48.74
v 54.368 10 -75.745
v 67.71 10 -86.376
v 55.342 10 -74.965
v 67.76 10 -85.11
v 56.192 10 -74.29
v 67.748 10 -84.483
v 56.78 10 -73.83
v 67.711 10 -83.866
v 57.322 10 -73.438
v 67.651 10 -83.265
v 57.816 10 -73.113
v 67.569 10 -82.688
v 58.259 10 -72.857
v 67.465 10 -82.141
v 58.647 10 -72.674
v 67.34 10 -81.63
v 58.979 10 -72.564
v 67.317 10 -81.542
v 59.25 10 -72.53
v 59.375 10 -72.54
v 59.52 10 -72.571
v 67.141 10 -80.91
v 59.689 10 -72.622
v 67.101 10 -80.779
v 67.061 10 -80.652
v 59.883 10 -72.696
v 67.019 10 -80.528
v 60.106 10 -72.792
v 60.36 10 -72.91
v 61.184 10 -73.387
v 66.583 10 -79.402
v 62.077 10 -74.007
v 66.349 10 -78.907
v 62.984 10 -74.723
v 66.07 10 -78.371
v 63.846 10 -75.486
v 65.771 10 -77.84
v 64.607 10 -76.251
v 65.477 10 -77.357
v 65.21 10 -76.97
f 1 2 3
f 4 5 6
f 7 4 8
f 9 7 10
f 11 12 13
f 14 11 15
f 16 17 18
f 19 20 21
f 22 19 23
f 24 22 25
f 26 27 28
f 29 26 30
f 31 29 32
f 33 34 35
f 36 37 38
f 39 36 40
f 41 42 43
f 44 45 46
f 47 44 48
f 49 47 50
f 2 51 3
f 52 53 54
f 55 56 57
f 58 55 59
f 60 58 61
f 62 63 64
f 65 62 66
f 67 65 68
f 69 70 71
f 72 69 73
f 74 72 75
f 76 77 78
f 79 76 80
f 81 79 82
f 83 81 84
f 85 83 86
f 87 85 88
f 89 87 90
f 91 89 92
f 93 91 94
f 95 93 96
f 97 95 98
f 99 97 100
f 101 99 102
f 103 101 104
f 105 103 106
f 107 108 109
f 110 107 111
f 112 110 113
f 114 112 115
f 116 114 117
f 118 116 119
f 120 118 121
f 122 120 123
f 124 122 125
f 126 124 127
f 128 129 130
f 131 128 132
f 133 134 135
f 136 133 137
f 138 136 139
f 140 138 141
f 142 140 143
f 144 142 145
f 146 144 147
f 148 146 149
f 150 148 151
f 152 150 153
f 154 152 155
f 156 154 157
f 158 156 159
f 160 161 162
f 163 160 164
f 165 163 166
f 167 165 168
f 169 167 170
f 171 169 172
f 173 171 174
f 175 173 176
f 177 175 178
f 179 177 180
f 181 182 183
f 184 181 185
f 186 184 187
f 188 186 189
f 190 188 191
f 192 190 193
f 194 192 195
f 196 197 198
f 199 196 200
f 201 199 202
f 203 201 204
f 205 203 206
f 207 205 208
f 209 207 210
f 211 209 212
f 213 211 214
f 215 213 216
f 217 215 218
f 219 217 220
f 221 222 223
f 224 221 225
f 226 224 227
f 228 229 230
f 231 228 232
f 233 231 234
f 235 236 237
f 238 239 240
f 241 238 242
f 243 241 244
f 245 243 246
f 247 248 249
f 250 251 252
f 253 250 254
f 255 256 257
f 258 255 259
f 260 261 262
f 263 260 264
f 265 266 267
f 268 269 270
f 271 268 272
f 273 271 274
f 275 276 277
f 278 275 279
f 280 278 281
f 282 283 284
f 285 282 286
f 287 285 288
f 289 290 291
f 292 289 293
f 294 292 295
f 296 297 298
f 299 296 300
f 301 299 302
f 303 301 304
f 305 306 307
f 308 305 309
f 310 308 311
f 312 313 314
f 315 312 316
f 317 315 318
f 319 317 320
f 321 319 322
f 323 321 324
f 325 323 326
f 327 328 329
f 330 327 331
f 332 330 333
f 334 332 335
f 336 337 338
f 339 336 340
f 341 339 342
f 343 341 344
f 345 346 347
f 348 345 349
f 350 348 351
f 352 350 353
f 354 352 355
f 356 354 357
f 358 359 360
f 361 358 362
f 363 364 365
f 366 363 367
f 368 366 369
f 370 368 371
f 372 373 374
f 375 372 376
f 377 375 378
f 379 380 381
f 382 379 383
f 384 382 385
f 386 387 388
f 389 386 390
f 391 392 393
f 394 391 395
f 396 397 398
f 399 396 400
f 401 399 402
f 403 401 404
f 405 403 406
f 407 405 408
f 409 407 410
f 411 412 413
f 414 411 415
f 416 414 417
f 418 416 419
f 420 418 421
f 422 420 423
f 424 422 425
f 426 424 427
f 428 426 429
f 430 431 432
f 433 434 435
f 436 433 437
f 438 436 439
f 440 441 442
f 443 440 444
f 445 443 446
f 447 445 448
f 449 450 451
f 452 453 454
f 455 452 456
f 457 455 458
f 459 457 460
f 461 459 462
f 463 461 464
f 465 463 466
f 467 468 469
f 470 467 471
f 472 470 473
f 474 472 475
f 476 474 477
f 478 476 479
f 480 478 481
f 482 483 484
f 485 482 486
f 487 485 488
f 489 490 491
f 492 489 493
f 494 492 495
f 496 497 498
f 499 500 501
f 502 503 504
f 505 502 506
f 507 505 508
f 509 507 510
f 511 512 513
f 514 511 515
f 516 514 517
f 518 519 520
f 521 518 522
f 523 521 524
f 525 523 526
f 527 525 528
f 529 530 531
f 532 529 533
f 534 535 536
f 537 534 538
f 539 537 540
f 541 539 542
f 543 541 544
f 545 543 546
f 547 545 548
f 549 547 550
f 551 549 552
f 553 551 554
f 555 556 557
f 558 555 559
f 560 558 561
f 562 560 563
f 564 562 565
f 566 567 568
f 569 566 570
f 571 569 572
f 573 571 574
f 575 576 577
f 578 575 579
f 580 578 581
f 582 580 583
f 584 582 585
f 586 584 587
f 588 586 589
f 590 591 592
f 593 590 594
f 595 593 596
f 597 595 598
f 599 597 600
f 601 599 602
f 603 601 604
f 605 603 606
f 607 605 608
f 609 607 610
f 611 609 612
f 613 611 614
f 615 613 616
f 617 615 618
f 619 617 620
f 621 619 622
f 623 621 624
f 625 623 626
f 627 625 628
f 629 630 631
f 632 629 633
f 634 632 635
f 636 637 638
f 639 636 640
f 641 639 642
f 643 644 645
f 646 643 647
f 648 646 649
f 650 648 651
f 652 650 653
f 654 655 656
f 657 658 659
f 660 657 661
f 662 660 663
f 664 665 666
f 667 664 668
f 669 670 671
f 672 669 673
f 674 672 675
f 676 674 677
f 678 676 679
f 680 678 681
f 682 680 683
f 684 682 685
f 686 684 687
f 688 686 689
f 690 688 691
f 692 690 693
f 694 695 696
f 697 694 698
f 699 697 700
f 701 699 702
f 703 701 704
f 705 703 706
f 707 705 708
f 709 707 710
f 711 709 712
f 713 711 714
f 715 713 716
f 717 715 718
f 719 717 720
f 721 719 722
f 723 721 724
f 725 726 727
f 728 729 730
f 731 732 733
f 734 731 735
f 736 737 738
f 739 736 740
f 741 739 742
f 743 741 744
f 745 743 746
f 747 748 749
f 750 751 752
f 753 750 754
f 755 753 756
f 757 758 759
f 760 757 761
f 1 762 2
f 7 5 4
f 11 763 12
f 764 11 14
f 765 17 16
f 22 20 19
f 766 22 24
f 29 27 26
f 767 29 31
f 33 768 34
f 39 37 36
f 769 42 41
f 47 45 44
f 2 770 51
f 52 771 53
f 58 56 55
f 772 58 60
f 65 63 62
f 773 65 67
f 72 70 69
f 774 72 74
f 76 775 77
f 81 76 79
f 85 81 83
f 89 85 87
f 93 89 91
f 97 93 95
f 101 97 99
f 105 101 103
f 107 776 108
f 112 107 110
f 116 112 114
f 120 116 118
f 124 120 122
f 131 129 128
f 133 131 134
f 138 133 136
f 142 138 140
f 146 142 144
f 150 146 148
f 154 150 152
f 158 154 156
f 160 777 161
f 165 160 163
f 169 165 167
f 173 169 171
f 177 173 175
f 181 778 182
f 186 181 184
f 190 186 188
f 194 190 192
f 199 197 196
f 203 199 201
f 207 203 205
f 211 207 209
f 215 211 213
f 219 215 217
f 224 222 221
f 779 224 226
f 228 780 229
f 233 228 231
f 781 236 235
f 238 782 239
f 243 238 241
f 783 243 245
f 784 248 247
f 250 784 251
f 256 250 253
f 258 256 255
f 263 261 260
f 785 266 265
f 268 786 269
f 273 268 271
f 275 787 276
f 280 275 278
f 285 283 282
f 292 290 289
f 299 297 296
f 788 301 303
f 308 306 305
f 789 308 310
f 315 313 312
f 319 315 317
f 323 319 321
f 327 790 328
f 332 327 330
f 791 332 334
f 339 337 336
f 343 339 341
f 345 792 346
f 350 345 348
f 354 350 352
f 359 354 356
f 361 359 358
f 363 361 364
f 368 363 366
f 375 373 372
f 382 380 379
f 793 382 384
f 389 387 386
f 391 794 392
f 397 391 394
f 399 397 396
f 403 399 401
f 407 403 405
f 795 407 409
f 414 412 411
f 418 414 416
f 422 418 420
f 426 422 424
f 431 426 428
f 796 431 430
f 436 434 433
f 797 436 438
f 440 798 441
f 445 440 443
f 449 799 450
f 455 453 452
f 459 455 457
f 463 459 461
f 800 463 465
f 470 468 467
f 474 470 472
f 478 474 476
f 485 483 482
f 492 490 489
f 496 801 497
f 499 802 500
f 505 503 502
f 509 505 507
f 514 512 511
f 803 514 516
f 518 804 519
f 525 521 523
f 532 530 529
f 534 805 535
f 539 534 537
f 543 539 541
f 547 543 545
f 551 547 549
f 806 551 553
f 558 556 555
f 564 560 562
f 569 567 566
f 573 569 571
f 575 807 576
f 580 575 578
f 584 580 582
f 588 584 586
f 593 591 590
f 597 593 595
f 601 597 599
f 605 601 603
f 609 605 607
f 613 609 611
f 617 613 615
f 621 617 619
f 625 621 623
f 632 630 629
f 808 632 634
f 639 637 636
f 644 639 641
f 646 644 643
f 652 648 650
f 660 658 657
f 664 809 665
f 810 664 667
f 672 670 669
f 676 672 674
f 680 676 678
f 684 680 682
f 688 684 686
f 692 688 690
f 694 692 695
f 699 694 697
f 703 699 701
f 707 703 705
f 711 707 709
f 715 711 713
f 719 715 717
f 723 719 721
f 811 726 725
f 734 732 731
f 736 812 737
f 741 736 739
f 745 741 743
f 747 745 748
f 753 751 750
f 760 758 757
f 1 813 762
f 9 5 7
f 764 763 11
f 814 17 765
f 766 20 22
f 29 815 27
f 816 29 767
f 37 768 33
f 817 37 39
f 818 42 769
f 49 45 47
f 2 819 770
f 58 820 56
f 821 58 772
f 773 63 65
f 774 70 72
f 76 822 775
f 85 76 81
f 93 85 89
f 101 93 97
f 823 101 105
f 112 776 107
f 120 112 116
f 126 120 124
f 133 129 131
f 142 133 138
f 150 142 146
f 158 150 154
f 165 777 160
f 173 165 169
f 179 173 177
f 186 778 181
f 194 186 190
f 199 824 197
f 207 199 203
f 215 207 211
f 825 215 219
f 224 826 222
f 827 224 779
f 233 780 228
f 243 782 238
f 250 248 784
f 258 250 256
f 263 828 261
f 273 786 268
f 280 787 275
f 287 283 285
f 294 290 292
f 301 297 299
f 829 301 788
f 789 306 308
f 315 830 313
f 323 315 319
f 327 831 790
f 791 327 332
f 343 337 339
f 350 792 345
f 359 350 354
f 363 359 361
f 370 363 368
f 377 373 375
f 793 380 382
f 389 832 387
f 397 794 391
f 403 397 399
f 795 403 407
f 414 833 412
f 422 414 418
f 431 422 426
f 834 431 796
f 436 834 434
f 445 798 440
f 835 799 449
f 455 836 453
f 463 455 459
f 470 837 468
f 478 470 474
f 487 483 485
f 494 490 492
f 802 801 496
f 838 802 499
f 505 839 503
f 514 840 512
f 521 804 518
f 527 521 525
f 532 527 530
f 534 841 805
f 543 534 539
f 551 543 547
f 842 551 806
f 558 843 556
f 564 558 560
f 569 844 567
f 845 569 573
f 580 807 575
f 588 580 584
f 593 846 591
f 601 593 597
f 609 601 605
f 617 609 613
f 625 617 621
f 632 847 630
f 644 637 639
f 648 644 646
f 655 648 652
f 662 658 660
f 810 809 664
f 672 848 670
f 680 672 676
f 688 680 684
f 694 688 692
f 703 694 699
f 711 703 707
f 719 711 715
f 849 719 723
f 850 732 734
f 741 812 736
f 747 741 745
f 755 751 753
f 851 758 760
f 1 852 813
f 764 853 763
f 816 815 29
f 817 768 37
f 2 854 819
f 821 820 58
f 773 855 63
f 76 856 822
f 93 76 85
f 823 93 101
f 112 857 776
f 126 112 120
f 142 129 133
f 158 142 150
f 165 858 777
f 179 165 173
f 186 859 778
f 860 186 194
f 207 824 199
f 825 207 215
f 827 826 224
f 233 861 780
f 243 781 782
f 250 862 248
f 828 250 258
f 266 828 263
f 273 785 786
f 280 863 787
f 287 864 283
f 294 865 290
f 866 306 789
f 315 867 830
f 325 315 323
f 791 831 327
f 343 868 337
f 350 869 792
f 363 350 359
f 870 363 370
f 871 373 377
f 872 380 793
f 873 832 389
f 403 794 397
f 874 403 795
f 422 833 414
f 834 422 431
f 797 834 436
f 445 875 798
f 876 799 835
f 463 836 455
f 470 877 837
f 480 470 478
f 878 483 487
f 494 879 490
f 838 801 802
f 509 839 505
f 803 840 514
f 521 803 804
f 880 527 532
f 534 881 841
f 551 534 543
f 558 842 843
f 844 558 564
f 845 844 569
f 580 882 807
f 883 580 588
f 601 846 593
f 617 601 609
f 627 617 625
f 632 884 847
f 644 885 637
f 654 648 655
f 662 886 658
f 887 809 810
f 672 888 848
f 688 672 680
f 703 688 694
f 719 703 711
f 889 719 849
f 890 732 850
f 741 891 812
f 892 741 747
f 893 758 851
f 1 894 852
f 816 895 815
f 817 896 768
f 2 897 854
f 821 898 820
f 899 855 773
f 76 900 856
f 823 76 93
f 112 901 857
f 902 112 126
f 142 903 129
f 904 142 158
f 165 905 858
f 859 165 179
f 860 859 186
f 207 906 824
f 907 207 825
f 827 908 826
f 233 909 861
f 243 236 781
f 828 862 250
f 273 266 785
f 910 864 287
f 911 865 294
f 867 306 866
f 325 867 315
f 791 912 831
f 913 868 343
f 350 913 869
f 870 350 363
f 914 380 872
f 794 832 873
f 874 794 403
f 422 874 833
f 797 422 834
f 445 915 875
f 876 916 799
f 463 876 836
f 470 800 877
f 917 470 480
f 918 879 494
f 509 919 839
f 803 920 840
f 527 803 521
f 551 881 534
f 844 842 558
f 882 844 845
f 883 882 580
f 601 921 846
f 627 601 617
f 808 884 632
f 648 885 644
f 922 886 662
f 688 888 672
f 719 688 703
f 923 719 889
f 741 924 891
f 925 741 892
f 1 926 894
f 927 895 816
f 928 896 817
f 2 929 897
f 821 930 898
f 931 855 899
f 76 932 900
f 933 76 823
f 902 901 112
f 142 934 903
f 935 142 904
f 859 905 165
f 936 859 860
f 907 906 207
f 827 937 908
f 233 827 909
f 243 233 236
f 828 783 862
f 273 828 266
f 325 306 867
f 791 325 912
f 350 868 913
f 938 350 870
f 874 832 794
f 797 874 422
f 445 939 915
f 463 916 876
f 917 800 470
f 940 879 918
f 941 919 509
f 527 920 803
f 551 942 881
f 844 551 842
f 883 844 882
f 601 943 921
f 944 601 627
f 808 945 884
f 648 946 885
f 688 947 888
f 923 688 719
f 741 948 924
f 949 741 925
f 1 950 926
f 2 951 929
f 952 930 821
f 931 953 855
f 933 932 76
f 902 954 901
f 935 934 142
f 859 955 905
f 956 859 936
f 937 906 907
f 233 937 827
f 783 233 243
f 273 783 828
f 325 957 306
f 958 325 791
f 350 958 868
f 959 350 938
f 874 960 832
f 961 874 797
f 445 961 939
f 463 447 916
f 917 463 800
f 962 879 940
f 920 919 941
f 880 920 527
f 551 880 942
f 883 551 844
f 601 963 943
f 945 601 944
f 964 945 808
f 654 946 648
f 688 887 947
f 965 688 923
f 741 966 948
f 967 741 949
f 1 968 950
f 969 951 2
f 970 953 931
f 933 971 932
f 902 933 954
f 935 972 934
f 956 955 859
f 233 906 937
f 273 233 783
f 325 829 957
f 350 325 958
f 973 350 959
f 874 914 960
f 445 874 961
f 463 445 447
f 974 463 917
f 551 920 880
f 975 551 883
f 601 976 963
f 964 601 945
f 688 809 887
f 977 688 965
f 741 890 966
f 751 741 967
f 1 978 968
f 969 979 951
f 980 953 970
f 933 981 971
f 982 933 902
f 983 972 935
f 984 955 956
f 233 985 906
f 986 233 273
f 325 301 829
f 973 325 350
f 874 380 914
f 463 874 445
f 551 919 920
f 987 551 975
f 601 988 976
f 946 601 964
f 688 989 809
f 990 688 977
f 751 890 741
f 1 991 978
f 992 979 969
f 70 953 980
f 933 993 981
f 994 972 983
f 995 955 984
f 986 985 233
f 325 297 301
f 996 325 973
f 874 997 380
f 974 874 463
f 551 998 919
f 999 551 987
f 601 1000 988
f 654 601 946
f 688 1001 989
f 1002 688 990
f 751 732 890
f 1 1003 991
f 992 49 979
f 933 1004 993
f 1005 972 994
f 1006 955 995
f 1007 985 986
f 325 1008 297
f 1009 325 996
f 874 1010 997
f 1011 874 974
f 551 1012 998
f 1013 551 999
f 601 1014 1000
f 1015 601 654
f 688 1016 1001
f 1017 688 1002
f 751 1018 732
f 1 1019 1003
f 992 45 49
f 933 1020 1004
f 955 972 1005
f 1021 955 1006
f 1022 985 1007
f 325 1023 1008
f 874 1024 1010
f 1025 874 1011
f 551 838 1012
f 1026 551 1013
f 1015 1014 601
f 688 1027 1016
f 1028 688 1017
f 751 1029 1018
f 1 1030 1019
f 1031 45 992
f 933 774 1020
f 1032 955 1021
f 1033 985 1022
f 325 1034 1023
f 874 1035 1024
f 551 801 838
f 1015 1036 1014
f 688 922 1027
f 1037 688 1028
f 751 1038 1029
f 1 1039 1030
f 1031 1040 45
f 933 70 774
f 1041 955 1032
f 863 985 1033
f 1009 1034 325
f 874 1042 1035
f 551 962 801
f 1015 1043 1036
f 688 886 922
f 1044 688 1037
f 751 1045 1038
f 1 1046 1039
f 1031 818 1040
f 933 953 70
f 1047 955 1041
f 280 985 863
f 1009 1048 1034
f 874 1049 1042
f 551 879 962
f 1015 1050 1043
f 688 1051 886
f 1052 688 1044
f 751 1053 1045
f 1 1054 1046
f 1031 42 818
f 933 952 953
f 1055 955 1047
f 1056 985 280
f 1009 1057 1048
f 874 1058 1049
f 551 1059 879
f 1015 1060 1050
f 688 1061 1051
f 1062 688 1052
f 751 1063 1053
f 1 1064 1054
f 1065 42 1031
f 933 930 952
f 1066 955 1055
f 1067 985 1056
f 1009 911 1057
f 1025 1058 874
f 1026 1059 551
f 1015 1068 1060
f 688 1069 1061
f 1070 688 1062
f 755 1063 751
f 1 1071 1064
f 1065 1072 42
f 933 52 930
f 1073 955 1066
f 1074 985 1067
f 1009 865 911
f 1025 1075 1058
f 1026 1076 1059
f 1015 1077 1068
f 688 1078 1069
f 1079 688 1070
f 755 1080 1063
f 1 1081 1071
f 1065 1082 1072
f 933 771 52
f 985 955 1073
f 1083 985 1074
f 1009 1084 865
f 1025 1085 1075
f 1026 1086 1076
f 1015 1087 1077
f 688 1088 1078
f 1089 688 1079
f 1090 1080 755
f 1 1091 1081
f 1065 1092 1082
f 933 1093 771
f 864 985 1083
f 1009 1094 1084
f 1025 1095 1085
f 1026 878 1086
f 1015 1096 1087
f 688 1097 1088
f 1098 688 1089
f 1099 1080 1090
f 1 1100 1091
f 1065 928 1092
f 933 1101 1093
f 910 985 864
f 1009 910 1094
f 1025 1102 1095
f 1026 483 878
f 1015 1103 1096
f 688 1104 1097
f 726 688 1098
f 1105 1080 1099
f 1 1106 1100
f 1065 896 928
f 933 1107 1101
f 1009 985 910
f 1025 1108 1102
f 1026 1109 483
f 1015 1110 1103
f 688 1111 1104
f 811 688 726
f 1112 1080 1105
f 1 1113 1106
f 1114 896 1065
f 933 1115 1107
f 1116 985 1009
f 1025 1117 1108
f 1026 1118 1109
f 1015 1119 1110
f 811 1111 688
f 1120 1080 1112
f 1121 1113 1
f 1114 927 896
f 933 1114 1115
f 1122 985 1116
f 1025 1123 1117
f 1026 1124 1118
f 1015 1125 1119
f 811 1126 1111
f 758 1080 1120
f 1127 1113 1121
f 1114 895 927
f 982 1114 933
f 1128 985 1122
f 1025 1129 1123
f 1026 1130 1124
f 1015 1131 1125
f 811 1132 1126
f 893 1080 758
f 1127 1133 1113
f 1114 1134 895
f 972 1114 982
f 1135 985 1128
f 1025 871 1129
f 1026 1136 1130
f 1137 1131 1015
f 811 1138 1132
f 893 1139 1080
f 1140 1133 1127
f 972 1134 1114
f 1141 985 1135
f 1025 373 871
f 1026 1142 1136
f 1143 1131 1137
f 811 1144 1138
f 1145 1139 893
f 1146 1133 1140
f 972 766 1134
f 1147 985 1141
f 1025 1148 373
f 1026 1149 1142
f 811 1143 1144
f 1150 1139 1145
f 1146 1151 1133
f 972 20 766
f 1152 985 1147
f 1025 1153 1148
f 1026 1154 1149
f 811 1131 1143
f 1155 1139 1150
f 1156 1151 1146
f 972 1157 20
f 1158 985 1152
f 1025 1159 1153
f 1026 1160 1154
f 811 1026 1131
f 1161 1139 1155
f 1162 1151 1156
f 972 1163 1157
f 1164 985 1158
f 1025 1165 1159
f 1026 1166 1160
f 1167 1026 811
f 1168 1139 1161
f 1162 1168 1151
f 972 1169 1163
f 1170 985 1164
f 1025 1171 1165
f 1026 1172 1166
f 729 1026 1167
f 1162 1139 1168
f 972 1173 1169
f 1174 985 1170
f 1025 1174 1171
f 729 1172 1026
f 1162 1175 1139
f 972 1176 1173
f 1025 985 1174
f 729 1177 1172
f 1178 1175 1162
f 972 1179 1176
f 1177 985 1025
f 728 1177 729
f 1178 1180 1175
f 972 1181 1179
f 728 985 1177
f 5 1180 1178
f 955 1181 972
f 1182 985 728
f 9 1180 5
f 955 1183 1181
f 1184 985 1182
f 9 1185 1180
f 955 1186 1183
f 1187 985 1184
f 1188 1185 9
f 985 1186 955
f 1189 985 1187
f 1190 1185 1188
f 985 1191 1186
f 1192 985 1189
f 1193 1185 1190
f 985 1194 1191
f 1185 985 1192
f 1195 1185 1193
f 985 1196 1194
f 1197 1185 1195
f 985 1198 1196
f 1199 1185 1197
f 985 1200 1198
f 1201 1185 1199
f 985 1202 1200
f 1203 1185 1201
f 985 1204 1202
f 1205 1185 1203
f 985 1206 1204
f 1207 1185 1205
f 985 1208 1206
f 1209 1185 1207
f 985 1210 1208
f 1211 1185 1209
f 985 814 1210
f 1212 1185 1211
f 985 17 814
f 1213 1185 1212
f 985 1214 17
f 1215 1185 1213
f 985 1216 1214
f 1215 985 1185
f 985 1217 1216
f 1218 985 1215
f 985 1219 1217
f 1220 985 1218
f 985 764 1219
f 1221 985 1220
f 985 853 764
f 1222 985 1221
f 985 1223 853
f 1224 985 1222
f 985 1225 1223
f 1226 985 1224
f 985 1227 1225
f 1228 985 1226
f 985 1229 1227
f 1230 985 1228
f 985 1231 1229
f 1232 985 1230
f 985 1232 1231
f 1233 1234 1235
f 1236 1237 1238
f 1237 1239 1240
f 1239 1241 1242
f 1243 1244 1245
f 1244 1246 1247
f 1248 1249 1250
f 1251 1252 1253
f 1252 1254 1255
f 1254 1256 1257
f 1258 1259 1260
f 1259 1261 1262
f 1261 1263 1264
f 1265 1266 1267
f 1268 1269 1270
f 1269 1271 1272
f 1273 1274 1275
f 1276 1277 1278
f 1277 1279 1280
f 1279 1281 1282
f 1283 1233 1235
f 1284 1285 1286
f 1287 1288 1289
f 1288 1290 1291
f 1290 1292 1293
f 1294 1295 1296
f 1295 1297 1298
f 1297 1299 1300
f 1301 1302 1303
f 1302 1304 1305
f 1304 1306 1307
f 1308 1309 1310
f 1309 1311 1312
f 1311 1313 1314
f 1313 1315 1316
f 1315 1317 1318
f 1317 1319 1320
f 1319 1321 1322
f 1321 1323 1324
f 1323 1325 1326
f 1325 1327 1328
f 1327 1329 1330
f 1329 1331 1332
f 1331 1333 1334
f 1333 1335 1336
f 1335 1337 1338
f 1339 1340 1341
f 1340 1342 1343
f 1342 1344 1345
f 1344 1346 1347
f 1346 1348 1349
f 1348 1350 1351
f 1350 1352 1353
f 1352 1354 1355
f 1354 1356 1357
f 1356 1358 1359
f 1360 1361 1362
f 1361 1363 1364
f 1365 1366 1367
f 1366 1368 1369
f 1368 1370 1371
f 1370 1372 1373
f 1372 1374 1375
f 1374 1376 1377
f 1376 1378 1379
f 1378 1380 1381
f 1380 1382 1383
f 1382 1384 1385
f 1384 1386 1387
f 1386 1388 1389
f 1388 1390 1391
f 1392 1393 1394
f 1393 1395 1396
f 1395 1397 1398
f 1397 1399 1400
f 1399 1401 1402
f 1401 1403 1404
f 1403 1405 1406
f 1405 1407 1408
f 1407 1409 1410
f 1409 1411 1412
f 1413 1414 1415
f 1414 1416 1417
f 1416 1418 1419
f 1418 1420 1421
f 1420 1422 1423
f 1422 1424 1425
f 1424 1426 1427
f 1428 1429 1430
f 1429 1431 1432
f 1431 1433 1434
f 1433 1435 1436
f 1435 1437 1438
f 1437 1439 1440
f 1439 1441 1442
f 1441 1443 1444
f 1443 1445 1446
f 1445 1447 1448
f 1447 1449 1450
f 1449 1451 1452
f 1453 1454 1455
f 1454 1456 1457
f 1456 1458 1459
f 1460 1461 1462
f 1461 1463 1464
f 1463 1465 1466
f 1467 1468 1469
f 1470 1471 1472
f 1471 1473 1474
f 1473 1475 1476
f 1475 1477 1478
f 1479 1480 1481
f 1482 1483 1484
f 1483 1485 1486
f 1487 1488 1489
f 1488 1490 1491
f 1492 1493 1494
f 1493 1495 1496
f 1497 1498 1499
f 1500 1501 1502
f 1501 1503 1504
f 1503 1505 1506
f 1507 1508 1509
f 1508 1510 1511
f 1510 1512 1513
f 1514 1515 1516
f 1515 1517 1518
f 1517 1519 1520
f 1521 1522 1523
f 1522 1524 1525
f 1524 1526 1527
f 1528 1529 1530
f 1529 1531 1532
f 1531 1533 1534
f 1533 1535 1536
f 1537 1538 1539
f 1538 1540 1541
f 1540 1542 1543
f 1544 1545 1546
f 1545 1547 1548
f 1547 1549 1550
f 1549 1551 1552
f 1551 1553 1554
f 1553 1555 1556
f 1555 1557 1558
f 1559 1560 1561
f 1560 1562 1563
f 1562 1564 1565
f 1564 1566 1567
f 1568 1569 1570
f 1569 1571 1572
f 1571 1573 1574
f 1573 1575 1576
f 1577 1578 1579
f 1578 1580 1581
f 1580 1582 1583
f 1582 1584 1585
f 1584 1586 1587
f 1586 1588 1589
f 1590 1591 1592
f 1591 1593 1594
f 1595 1596 1597
f 1596 1598 1599
f 1598 1600 1601
f 1600 1602 1603
f 1604 1605 1606
f 1605 1607 1608
f 1607 1609 1610
f 1611 1612 1613
f 1612 1614 1615
f 1614 1616 1617
f 1618 1619 1620
f 1619 1621 1622
f 1623 1624 1625
f 1624 1626 1627
f 1628 1629 1630
f 1629 1631 1632
f 1631 1633 1634
f 1633 1635 1636
f 1635 1637 1638
f 1637 1639 1640
f 1639 1641 1642
f 1643 1644 1645
f 1644 1646 1647
f 1646 1648 1649
f 1648 1650 1651
f 1650 1652 1653
f 1652 1654 1655
f 1654 1656 1657
f 1656 1658 1659
f 1658 1660 1661
f 1662 1663 1664
f 1665 1666 1667
f 1666 1668 1669
f 1668 1670 1671
f 1672 1673 1674
f 1673 1675 1676
f 1675 1677 1678
f 1677 1679 1680
f 1681 1682 1683
f 1684 1685 1686
f 1685 1687 1688
f 1687 1689 1690
f 1689 1691 1692
f 1691 1693 1694
f 1693 1695 1696
f 1695 1697 1698
f 1699 1700 1701
f 1700 1702 1703
f 1702 1704 1705
f 1704 1706 1707
f 1706 1708 1709
f 1708 1710 1711
f 1710 1712 1713
f 1714 1715 1716
f 1715 1717 1718
f 1717 1719 1720
f 1721 1722 1723
f 1722 1724 1725
f 1724 1726 1727
f 1728 1729 1730
f 1731 1732 1733
f 1734 1735 1736
f 1735 1737 1738
f 1737 1739 1740
f 1739 1741 1742
f 1743 1744 1745
f 1744 1746 1747
f 1746 1748 1749
f 1750 1751 1752
f 1751 1753 1754
f 1753 1755 1756
f 1755 1757 1758
f 1757 1759 1760
f 1761 1762 1763
f 1762 1764 1765
f 1766 1767 1768
f 1767 1769 1770
f 1769 1771 1772
f 1771 1773 1774
f 1773 1775 1776
f 1775 1777 1778
f 1777 1779 1780
f 1779 1781 1782
f 1781 1783 1784
f 1783 1785 1786
f 1787 1788 1789
f 1788 1790 1791
f 1790 1792 1793
f 1792 1794 1795
f 1794 1796 1797
f 1798 1799 1800
f 1799 1801 1802
f 1801 1803 1804
f 1803 1805 1806
f 1807 1808 1809
f 1808 1810 1811
f 1810 1812 1813
f 1812 1814 1815
f 1814 1816 1817
f 1816 1818 1819
f 1818 1820 1821
f 1822 1823 1824
f 1823 1825 1826
f 1825 1827 1828
f 1827 1829 1830
f 1829 1831 1832
f 1831 1833 1834
f 1833 1835 1836
f 1835 1837 1838
f 1837 1839 1840
f 1839 1841 1842
f 1841 1843 1844
f 1843 1845 1846
f 1845 1847 1848
f 1847 1849 1850
f 1849 1851 1852
f 1851 1853 1854
f 1853 1855 1856
f 1855 1857 1858
f 1857 1859 1860
f 1861 1862 1863
f 1862 1864 1865
f 1864 1866 1867
f 1868 1869 1870
f 1869 1871 1872
f 1871 1873 1874
f 1875 1876 1877
f 1876 1878 1879
f 1878 1880 1881
f 1880 1882 1883
f 1882 1884 1885
f 1886 1887 1888
f 1889 1890 1891
f 1890 1892 1893
f 1892 1894 1895
f 1896 1897 1898
f 1897 1899 1900
f 1901 1902 1903
f 1902 1904 1905
f 1904 1906 1907
f 1906 1908 1909
f 1908 1910 1911
f 1910 1912 1913
f 1912 1914 1915
f 1914 1916 1917
f 1916 1918 1919
f 1918 1920 1921
f 1920 1922 1923
f 1922 1924 1925
f 1926 1927 1928
f 1927 1929 1930
f 1929 1931 1932
f 1931 1933 1934
f 1933 1935 1936
f 1935 1937 1938
f 1937 1939 1940
f 1939 1941 1942
f 1941 1943 1944
f 1943 1945 1946
f 1945 1947 1948
f 1947 1949 1950
f 1949 1951 1952
f 1951 1953 1954
f 1953 1955 1956
f 1957 1958 1959
f 1960 1961 1962
f 1963 1964 1965
f 1964 1966 1967
f 1968 1969 1970
f 1969 1971 1972
f 1971 1973 1974
f 1973 1975 1976
f 1975 1977 1978
f 1979 1980 1981
f 1982 1983 1984
f 1983 1985 1986
f 1985 1987 1988
f 1989 1990 1991
f 1990 1992 1993
f 1994 1234 1233
f 1236 1239 1237
f 1995 1244 1243
f 1244 1996 1246
f 1248 1997 1249
f 1251 1254 1252
f 1254 1998 1256
f 1258 1261 1259
f 1261 1999 1263
f 2000 1266 1265
f 1268 1271 1269
f 1273 2001 1274
f 1276 1279 1277
f 2002 1233 1283
f 2003 1285 1284
f 1287 1290 1288
f 1290 2004 1292
f 1294 1297 1295
f 1297 2005 1299
f 1301 1304 1302
f 1304 2006 1306
f 2007 1309 1308
f 1309 1313 1311
f 1313 1317 1315
f 1317 1321 1319
f 1321 1325 1323
f 1325 1329 1327
f 1329 1333 1331
f 1333 1337 1335
f 2008 1340 1339
f 1340 1344 1342
f 1344 1348 1346
f 1348 1352 1350
f 1352 1356 1354
f 1360 1363 1361
f 1363 1366 1365
f 1366 1370 1368
f 1370 1374 1372
f 1374 1378 1376
f 1378 1382 1380
f 1382 1386 1384
f 1386 1390 1388
f 2009 1393 1392
f 1393 1397 1395
f 1397 1401 1399
f 1401 1405 1403
f 1405 1409 1407
f 2010 1414 1413
f 1414 1418 1416
f 1418 1422 1420
f 1422 1426 1424
f 1428 1431 1429
f 1431 1435 1433
f 1435 1439 1437
f 1439 1443 1441
f 1443 1447 1445
f 1447 1451 1449
f 1453 1456 1454
f 1456 2011 1458
f 2012 1461 1460
f 1461 1465 1463
f 1467 2013 1468
f 2014 1471 1470
f 1471 1475 1473
f 1475 2015 1477
f 1479 2016 1480
f 2016 1483 1482
f 1483 1487 1485
f 1487 1490 1488
f 1492 1495 1493
f 1497 2017 1498
f 2018 1501 1500
f 1501 1505 1503
f 2019 1508 1507
f 1508 1512 1510
f 1514 1517 1515
f 1521 1524 1522
f 1528 1531 1529
f 1533 2020 1535
f 1537 1540 1538
f 1540 2021 1542
f 1544 1547 1545
f 1547 1551 1549
f 1551 1555 1553
f 2022 1560 1559
f 1560 1564 1562
f 1564 2023 1566
f 1568 1571 1569
f 1571 1575 1573
f 2024 1578 1577
f 1578 1582 1580
f 1582 1586 1584
f 1586 1590 1588
f 1590 1593 1591
f 1593 1596 1595
f 1596 1600 1598
f 1604 1607 1605
f 1611 1614 1612
f 1614 2025 1616
f 1618 1621 1619
f 2026 1624 1623
f 1624 1628 1626
f 1628 1631 1629
f 1631 1635 1633
f 1635 1639 1637
f 1639 2027 1641
f 1643 1646 1644
f 1646 1650 1648
f 1650 1654 1652
f 1654 1658 1656
f 1658 1662 1660
f 1662 2028 1663
f 1665 1668 1666
f 1668 2029 1670
f 2030 1673 1672
f 1673 1677 1675
f 2031 1682 1681
f 1684 1687 1685
f 1687 1691 1689
f 1691 1695 1693
f 1695 2032 1697
f 1699 1702 1700
f 1702 1706 1704
f 1706 1710 1708
f 1714 1717 1715
f 1721 1724 1722
f 2033 1729 1728
f 2034 1732 1731
f 1734 1737 1735
f 1737 1741 1739
f 1743 1746 1744
f 1746 2035 1748
f 2036 1751 1750
f 1753 1757 1755
f 1761 1764 1762
f 2037 1767 1766
f 1767 1771 1769
f 1771 1775 1773
f 1775 1779 1777
f 1779 1783 1781
f 1783 2038 1785
f 1787 1790 1788
f 1792 1796 1794
f 1798 1801 1799
f 1801 1805 1803
f 2039 1808 1807
f 1808 1812 1810
f 1812 1816 1814
f 1816 1820 1818
f 1822 1825 1823
f 1825 1829 1827
f 1829 1833 1831
f 1833 1837 1835
f 1837 1841 1839
f 1841 1845 1843
f 1845 1849 1847
f 1849 1853 1851
f 1853 1857 1855
f 1861 1864 1862
f 1864 2040 1866
f 1868 1871 1869
f 1871 1875 1873
f 1875 1878 1876
f 1880 1884 1882
f 1889 1892 1890
f 2041 1897 1896
f 1897 2042 1899
f 1901 1904 1902
f 1904 1908 1906
f 1908 1912 1910
f 1912 1916 1914
f 1916 1920 1918
f 1920 1924 1922
f 1924 1927 1926
f 1927 1931 1929
f 1931 1935 1933
f 1935 1939 1937
f 1939 1943 1941
f 1943 1947 1945
f 1947 1951 1949
f 1951 1955 1953
f 1957 2043 1958
f 1963 1966 1964
f 2044 1969 1968
f 1969 1973 1971
f 1973 1977 1975
f 1977 1980 1979
f 1982 1985 1983
f 1989 1992 1990
f 2045 1234 1994
f 1236 1241 1239
f 1995 1996 1244
f 1248 2046 1997
f 1251 1998 1254
f 2047 1261 1258
f 1261 2048 1999
f 2000 1268 1266
f 1268 2049 1271
f 1273 2050 2001
f 1276 1281 1279
f 2051 1233 2002
f 2052 1290 1287
f 1290 2053 2004
f 1294 2005 1297
f 1301 2006 1304
f 2054 1309 2007
f 1309 1317 1313
f 1317 1325 1321
f 1325 1333 1329
f 1333 2055 1337
f 2008 1344 1340
f 1344 1352 1348
f 1352 1358 1356
f 1360 1366 1363
f 1366 1374 1370
f 1374 1382 1378
f 1382 1390 1386
f 2009 1397 1393
f 1397 1405 1401
f 1405 1411 1409
f 2010 1418 1414
f 1418 1426 1422
f 2056 1431 1428
f 1431 1439 1435
f 1439 1447 1443
f 1447 2057 1451
f 2058 1456 1453
f 1456 2059 2011
f 2012 1465 1461
f 2014 1475 1471
f 1479 1483 2016
f 1483 1490 1487
f 2060 1495 1492
f 2018 1505 1501
f 2019 1512 1508
f 1514 1519 1517
f 1521 1526 1524
f 1528 1533 1531
f 1533 2061 2020
f 1537 2021 1540
f 2062 1547 1544
f 1547 1555 1551
f 2063 1560 2022
f 1560 2023 1564
f 1568 1575 1571
f 2024 1582 1578
f 1582 1590 1586
f 1590 1596 1593
f 1596 1602 1600
f 1604 1609 1607
f 1611 2025 1614
f 2064 1621 1618
f 2026 1628 1624
f 1628 1635 1631
f 1635 2027 1639
f 2065 1646 1643
f 1646 1654 1650
f 1654 1662 1658
f 1662 2066 2028
f 2066 1668 1665
f 2030 1677 1673
f 2031 2067 1682
f 2068 1687 1684
f 1687 1695 1691
f 2069 1702 1699
f 1702 1710 1706
f 1714 1719 1717
f 1721 1726 1724
f 2033 2034 1729
f 2034 2070 1732
f 2071 1737 1734
f 2072 1746 1743
f 2036 1753 1751
f 1753 1759 1757
f 1759 1764 1761
f 2073 1767 2037
f 1767 1775 1771
f 1775 1783 1779
f 1783 2074 2038
f 2075 1790 1787
f 1790 1796 1792
f 2076 1801 1798
f 1801 2077 1805
f 2039 1812 1808
f 1812 1820 1816
f 2078 1825 1822
f 1825 1833 1829
f 1833 1841 1837
f 1841 1849 1845
f 1849 1857 1853
f 2079 1864 1861
f 1868 1875 1871
f 1875 1880 1878
f 1880 1886 1884
f 1889 1894 1892
f 2041 2042 1897
f 2080 1904 1901
f 1904 1912 1908
f 1912 1920 1916
f 1920 1927 1924
f 1927 1935 1931
f 1935 1943 1939
f 1943 1951 1947
f 1951 2081 1955
f 1963 2082 1966
f 2044 1973 1969
f 1973 1980 1977
f 1982 1987 1985
f 1989 2083 1992
f 2084 1234 2045
f 2085 1996 1995
f 2047 2048 1261
f 2000 2049 1268
f 2086 1233 2051
f 2052 2053 1290
f 2087 2005 1294
f 2088 1309 2054
f 1309 1325 1317
f 1325 2055 1333
f 2089 1344 2008
f 1344 1358 1352
f 1360 1374 1366
f 1374 1390 1382
f 2090 1397 2009
f 1397 1411 1405
f 2091 1418 2010
f 1418 2092 1426
f 2056 1439 1431
f 1439 2057 1447
f 2058 2059 1456
f 2093 1465 2012
f 2013 1475 2014
f 2094 1483 1479
f 1483 2060 1490
f 2060 1497 1495
f 2017 1505 2018
f 2095 1512 2019
f 2096 1519 1514
f 2097 1526 1521
f 1537 2098 2021
f 2099 1547 2062
f 1547 1557 1555
f 2063 2023 1560
f 2100 1575 1568
f 2101 1582 2024
f 1582 1596 1590
f 1596 2102 1602
f 1604 2103 1609
f 1611 2104 2025
f 2064 2105 1621
f 2026 1635 1628
f 1635 2106 2027
f 2065 1654 1646
f 1654 2066 1662
f 2066 2029 1668
f 2107 1677 2030
f 2031 2108 2067
f 2068 1695 1687
f 2109 1702 2069
f 1702 1712 1710
f 1714 2110 1719
f 2111 1726 1721
f 2033 2070 2034
f 2071 1741 1737
f 2072 2035 1746
f 2035 1753 2036
f 1759 2112 1764
f 2113 1767 2073
f 1767 1783 1775
f 2074 1790 2075
f 1790 2076 1796
f 2076 2077 1801
f 2114 1812 2039
f 1812 2115 1820
f 2078 1833 1825
f 1833 1849 1841
f 1849 1859 1857
f 2116 1864 2079
f 2117 1875 1868
f 1880 1887 1886
f 2118 1894 1889
f 2041 2119 2042
f 2120 1904 2080
f 1904 1920 1912
f 1920 1935 1927
f 1935 1951 1943
f 1951 2121 2081
f 1963 2122 2082
f 2123 1973 2044
f 1973 2124 1980
f 1989 2125 2083
f 2126 1234 2084
f 2127 2048 2047
f 2128 2049 2000
f 2129 1233 2086
f 2130 2053 2052
f 2087 2131 2005
f 2132 1309 2088
f 1309 2055 1325
f 2133 1344 2089
f 1344 2134 1358
f 2135 1374 1360
f 1374 2136 1390
f 2137 1397 2090
f 1397 2091 1411
f 2091 2092 1418
f 2138 1439 2056
f 1439 2139 2057
f 2140 2059 2058
f 2141 1465 2093
f 1467 1475 2013
f 2094 2060 1483
f 1497 1505 2017
f 2096 2142 1519
f 2097 2143 1526
f 1537 2099 2098
f 2099 1557 1547
f 2144 2023 2063
f 2100 2145 1575
f 2145 1582 2101
f 1582 2102 1596
f 1611 2146 2104
f 2064 2026 2105
f 2026 2106 1635
f 2106 1654 2065
f 1654 2029 2066
f 2147 1677 2107
f 2148 2108 2031
f 2108 1695 2068
f 2032 1702 2109
f 1702 2149 1712
f 2111 2150 1726
f 2151 1741 2071
f 2152 2035 2072
f 2035 1759 1753
f 2113 1783 1767
f 2074 2076 1790
f 2076 2114 2077
f 2114 2115 1812
f 2153 1833 2078
f 1833 1859 1849
f 2116 2040 1864
f 2117 1880 1875
f 2118 2154 1894
f 2120 1920 1904
f 1920 1951 1935
f 1951 2155 2121
f 2156 1973 2123
f 1973 2157 2124
f 2158 1234 2126
f 2127 2159 2048
f 2128 2160 2049
f 2161 1233 2129
f 2162 2053 2130
f 2087 2163 2131
f 2164 1309 2132
f 1309 2165 2055
f 2133 2134 1344
f 2166 1374 2135
f 1374 2167 2136
f 2137 2091 1397
f 2091 2168 2092
f 2138 2139 1439
f 2169 2059 2140
f 2059 1465 2141
f 1465 1475 1467
f 2015 2060 2094
f 2060 1505 1497
f 1537 1557 2099
f 1557 2023 2144
f 2100 1582 2145
f 1582 2170 2102
f 2064 2106 2026
f 2106 2029 1654
f 2171 1677 2147
f 2148 1695 2108
f 2032 2149 1702
f 2111 2172 2150
f 2151 2173 1741
f 2152 1759 2035
f 2174 1783 2113
f 1783 2076 2074
f 2076 2115 2114
f 2175 1833 2153
f 1833 2176 1859
f 2177 2040 2116
f 2178 1880 2117
f 2179 1920 2120
f 1920 2155 1951
f 2180 1973 2156
f 1973 2181 2157
f 2182 1234 2158
f 2183 1233 2161
f 2162 2184 2053
f 2185 2163 2087
f 2164 2165 1309
f 2186 2134 2133
f 2166 2167 1374
f 2187 2091 2137
f 2091 2188 2168
f 2138 2169 2139
f 2169 1465 2059
f 1465 2015 1475
f 2015 1505 2060
f 2189 1557 1537
f 1557 2190 2023
f 2190 1582 2100
f 1582 2191 2170
f 2192 2106 2064
f 2106 2193 2029
f 2193 1677 2171
f 1679 1695 2148
f 1695 2149 2032
f 2111 2194 2172
f 2151 2152 2173
f 2152 2112 1759
f 2112 1783 2174
f 1783 2115 2076
f 2195 1833 2175
f 1833 2177 2176
f 2177 2196 2040
f 2178 1887 1880
f 2119 1920 2179
f 1920 2197 2155
f 2198 1973 2180
f 1973 2199 2181
f 2200 1234 2182
f 2183 2201 1233
f 2185 2202 2163
f 2203 2165 2164
f 2165 2134 2186
f 2204 2167 2166
f 2187 2188 2091
f 2138 1465 2169
f 1465 1505 2015
f 2061 1557 2189
f 1557 1582 2190
f 1582 2205 2191
f 2146 2106 2192
f 2106 1677 2193
f 1677 1695 1679
f 1695 2206 2149
f 2152 1783 2112
f 1783 2207 2115
f 2208 1833 2195
f 1833 2196 2177
f 2041 1920 2119
f 1920 2209 2197
f 2122 1973 2198
f 1973 1982 2199
f 2210 1234 2200
f 2211 2201 2183
f 2185 2212 2202
f 2213 2165 2203
f 2165 2214 2134
f 2204 2215 2167
f 2187 2216 2188
f 2217 1465 2138
f 1465 2218 1505
f 1533 1557 2061
f 1557 2205 1582
f 1611 2106 2146
f 2106 1695 1677
f 2151 1783 2152
f 1783 2219 2207
f 2220 1833 2208
f 1833 2178 2196
f 2221 1920 2041
f 1920 2222 2209
f 2122 1982 1973
f 2223 1234 2210
f 2211 2224 2201
f 2185 1301 2212
f 2225 2165 2213
f 2204 2226 2215
f 2187 2227 2216
f 2217 2218 1465
f 1528 1557 1533
f 1557 2228 2205
f 2229 2106 1611
f 2106 2206 1695
f 2230 1783 2151
f 1783 2231 2219
f 2232 1833 2220
f 1833 1887 2178
f 2233 1920 2221
f 1920 2234 2222
f 1963 1982 2122
f 2235 1234 2223
f 1281 2224 2211
f 2236 2165 2225
f 2204 2237 2226
f 2187 2238 2227
f 2217 2239 2218
f 2240 1557 1528
f 1557 2241 2228
f 2242 2106 2229
f 2106 2243 2206
f 2244 1783 2230
f 1783 2245 2231
f 2246 1833 2232
f 1833 2247 1887
f 2248 1920 2233
f 1920 2249 2234
f 2250 1982 1963
f 2251 1234 2235
f 1276 2224 1281
f 2252 2165 2236
f 2204 2187 2237
f 2187 2253 2238
f 2217 2254 2239
f 2255 1557 2240
f 2256 2106 2242
f 2106 2257 2243
f 2070 1783 2244
f 1783 2258 2245
f 2246 2247 1833
f 2259 1920 2248
f 1920 2260 2249
f 2261 1982 2250
f 2262 1234 2251
f 1276 2263 2224
f 2006 2165 2252
f 2187 2264 2253
f 2217 2265 2254
f 2266 1557 2255
f 2267 2106 2256
f 2033 1783 2070
f 2268 2247 2246
f 2154 1920 2259
f 1920 2269 2260
f 2270 1982 2261
f 2271 1234 2262
f 2272 2263 1276
f 1301 2165 2006
f 2187 2273 2264
f 2217 2095 2265
f 2266 2241 1557
f 2274 2106 2267
f 2194 1783 2033
f 2275 2247 2268
f 2118 1920 2154
f 1920 2276 2269
f 2277 1982 2270
f 2278 1234 2271
f 2050 2263 2272
f 2185 2165 1301
f 2187 2279 2273
f 2217 1512 2095
f 2280 2241 2266
f 2281 2106 2274
f 2111 1783 2194
f 2282 2247 2275
f 2283 1920 2118
f 1920 2284 2276
f 2285 1982 2277
f 2286 1234 2278
f 1273 2263 2050
f 2184 2165 2185
f 2187 2287 2279
f 2217 2288 1512
f 2289 2241 2280
f 2290 2106 2281
f 2291 1783 2111
f 2292 2247 2282
f 2293 1920 2283
f 1920 2294 2284
f 2295 1982 2285
f 2296 1234 2286
f 1273 2297 2263
f 2162 2165 2184
f 2187 2298 2287
f 2217 2299 2288
f 2143 2241 2289
f 2290 2257 2106
f 2291 2258 1783
f 2300 2247 2292
f 2301 1920 2293
f 1920 2302 2294
f 2295 1987 1982
f 2303 1234 2296
f 2304 2297 1273
f 1285 2165 2162
f 2187 2305 2298
f 2217 2306 2299
f 2097 2241 2143
f 2307 2257 2290
f 2308 2258 2291
f 2309 2247 2300
f 2310 1920 2301
f 1920 2311 2302
f 2312 1987 2295
f 2313 1234 2303
f 2314 2297 2304
f 2003 2165 1285
f 2187 2217 2305
f 2217 2315 2306
f 2316 2241 2097
f 2317 2257 2307
f 2318 2258 2308
f 2319 2247 2309
f 2320 1920 2310
f 1920 2321 2311
f 2312 2322 1987
f 2323 1234 2313
f 2324 2297 2314
f 2325 2165 2003
f 2217 2096 2315
f 2326 2241 2316
f 2327 2257 2317
f 2110 2258 2318
f 2328 2247 2319
f 2329 1920 2320
f 1920 2330 2321
f 2312 2331 2322
f 2332 1234 2323
f 2160 2297 2324
f 2333 2165 2325
f 2217 2142 2096
f 2142 2241 2326
f 2334 2257 2327
f 1714 2258 2110
f 2335 2247 2328
f 2336 1920 2329
f 1920 1957 2330
f 2312 2337 2331
f 2338 1234 2332
f 2128 2297 2160
f 2339 2165 2333
f 2217 2241 2142
f 2340 2257 2334
f 2341 2258 1714
f 2342 2247 2335
f 2343 1920 2336
f 1920 2043 1957
f 2312 2344 2337
f 2345 1234 2338
f 2128 2346 2297
f 2347 2165 2339
f 2217 2348 2241
f 2349 2257 2340
f 2350 2258 2341
f 2351 2247 2342
f 2343 2043 1920
f 2312 2352 2344
f 2345 2353 1234
f 2159 2346 2128
f 2346 2165 2347
f 2217 2354 2348
f 2355 2257 2349
f 2356 2258 2350
f 2357 2247 2351
f 2358 2043 2343
f 2312 1989 2352
f 2345 2359 2353
f 2127 2346 2159
f 2346 2214 2165
f 2217 2360 2354
f 2361 2257 2355
f 2362 2258 2356
f 2363 2247 2357
f 2364 2043 2358
f 2312 2125 1989
f 2365 2359 2345
f 2366 2346 2127
f 2346 2204 2214
f 2217 2367 2360
f 2103 2257 2361
f 2368 2258 2362
f 2363 2369 2247
f 2370 2043 2364
f 2371 2125 2312
f 2365 2372 2359
f 2366 2204 2346
f 2217 2373 2367
f 1604 2257 2103
f 2374 2258 2368
f 2363 2375 2369
f 2376 2043 2370
f 2371 2377 2125
f 2365 2378 2372
f 1998 2204 2366
f 2217 2379 2373
f 2380 2257 1604
f 2381 2258 2374
f 2375 2043 2376
f 2371 2382 2377
f 2383 2378 2365
f 1251 2204 1998
f 2217 2384 2379
f 2385 2257 2380
f 2386 2258 2381
f 2363 2043 2375
f 2371 2387 2382
f 2383 2388 2378
f 2389 2204 1251
f 2217 2390 2384
f 2391 2257 2385
f 2392 2258 2386
f 2258 2043 2363
f 2371 2393 2387
f 2383 2394 2388
f 2395 2204 2389
f 2217 2396 2390
f 2397 2257 2391
f 2398 2258 2392
f 2258 2399 2043
f 2371 2400 2393
f 2400 2394 2383
f 2401 2204 2395
f 2217 2402 2396
f 2403 2257 2397
f 2404 2258 2398
f 2258 1960 2399
f 2371 2394 2400
f 2405 2204 2401
f 2217 2406 2402
f 2406 2257 2403
f 2404 1960 2258
f 2407 2394 2371
f 2408 2204 2405
f 2217 2257 2406
f 2409 1960 2404
f 2407 2410 2394
f 2411 2204 2408
f 2217 2409 2257
f 2409 1961 1960
f 2412 2410 2407
f 2413 2204 2411
f 2217 1961 2409
f 2412 1236 2410
f 2413 2187 2204
f 2217 2414 1961
f 2412 1241 1236
f 2415 2187 2413
f 2217 2416 2414
f 2417 1241 2412
f 2418 2187 2415
f 2217 2419 2416
f 2417 2420 1241
f 2418 2217 2187
f 2217 2421 2419
f 2417 2422 2420
f 2423 2217 2418
f 2217 2424 2421
f 2417 2425 2422
f 2426 2217 2423
f 2217 2417 2424
f 2417 2427 2425
f 2428 2217 2426
f 2417 2429 2427
f 2430 2217 2428
f 2417 2431 2429
f 2432 2217 2430
f 2417 2433 2431
f 2434 2217 2432
f 2417 2435 2433
f 2436 2217 2434
f 2417 2437 2435
f 2438 2217 2436
f 2417 2439 2437
f 2440 2217 2438
f 2417 2441 2439
f 2442 2217 2440
f 2417 2443 2441
f 2046 2217 2442
f 2417 2444 2443
f 1248 2217 2046
f 2417 2445 2444
f 2446 2217 1248
f 2417 2447 2445
f 2448 2217 2446
f 2217 2447 2417
f 2449 2217 2448
f 2217 2450 2447
f 2451 2217 2449
f 2217 2452 2450
f 1996 2217 2451
f 2217 2453 2452
f 2085 2217 1996
f 2217 2454 2453
f 2455 2217 2085
f 2217 2456 2454
f 2457 2217 2455
f 2217 2458 2456
f 2459 2217 2457
f 2217 2460 2458
f 2461 2217 2459
f 2217 2462 2460
f 2463 2217 2461
f 2217 2464 2462
f 2464 2217 2463
f 604 1836 603
f 603 1836 1835
f 603 1835 606
f 606 1835 1838
f 606 1838 605
f 605 1838 1837
f 605 1837 608
f 608 1837 1840
f 608 1840 607
f 607 1840 1839
f 607 1839 610
f 610 1839 1842
f 610 1842 609
f 609 1842 1841
f 609 1841 612
f 612 1841 1844
f 612 1844 611
f 611 1844 1843
f 611 1843 614
f 614 1843 1846
f 614 1846 613
f 613 1846 1845
f 613 1845 616
f 616 1845 1848
f 616 1848 615
f 615 1848 1847
f 615 1847 618
f 618 1847 1850
f 618 1850 617
f 617 1850 1849
f 617 1849 620
f 620 1849 1852
f 620 1852 619
f 619 1852 1851
f 619 1851 622
f 622 1851 1854
f 622 1854 621
f 621 1854 1853
f 621 1853 624
f 624 1853 1856
f 624 1856 623
f 623 1856 1855
f 623 1855 626
f 626 1855 1858
f 626 1858 625
f 625 1858 1857
f 625 1857 628
f 628 1857 1860
f 628 1860 627
f 627 1860 1859
f 627 1859 944
f 944 1859 2176
f 944 2176 945
f 945 2176 2177
f 945 2177 884
f 884 2177 2116
f 884 2116 847
f 847 2116 2079
f 847 2079 630
f 630 2079 1861
f 630 1861 631
f 631 1861 1863
f 631 1863 629
f 629 1863 1862
f 629 1862 633
f 633 1862 1865
f 633 1865 632
f 632 1865 1864
f 632 1864 635
f 635 1864 1867
f 635 1867 634
f 634 1867 1866
f 634 1866 808
f 808 1866 2040
f 808 2040 964
f 964 2040 2196
f 964 2196 946
f 946 2196 2178
f 946 2178 885
f 885 2178 2117
f 885 2117 637
f 637 2117 1868
f 637 1868 638
f 638 1868 1870
f 638 1870 636
f 636 1870 1869
f 636 1869 640
f 640 1869 1872
f 640 1872 639
f 639 1872 1871
f 639 1871 642
f 642 1871 1874
f 642 1874 641
f 641 1874 1873
f 641 1873 644
f 644 1873 1875
f 644 1875 645
f 645 1875 1877
f 645 1877 643
f 643 1877 1876
f 643 1876 647
f 647 1876 1879
f 647 1879 646
f 646 1879 1878
f 646 1878 649
f 649 1878 1881
f 649 1881 648
f 648 1881 1880
f 648 1880 651
f 651 1880 1883
f 651 1883 650
f 650 1883 1882
f 650 1882 653
f 653 1882 1885
f 653 1885 652
f 652 1885 1884
f 652 1884 655
f 655 1884 1886
f 655 1886 656
f 656 1886 1888
f 656 1888 654
f 654 1888 1887
f 654 1887 1015
f 1015 1887 2247
f 1015 2247 1137
f 1137 2247 2369
f 1137 2369 1143
f 1143 2369 2375
f 1143 2375 1144
f 1144 2375 2376
f 1144 2376 1138
f 1138 2376 2370
f 1138 2370 1132
f 1132 2370 2364
f 1132 2364 1126
f 1126 2364 2358
f 1126 2358 1111
f 1111 2358 2343
f 1111 2343 1104
f 1104 2343 2336
f 1104 2336 1097
f 1097 2336 2329
f 1097 2329 1088
f 1088 2329 2320
f 1088 2320 1078
f 1078 2320 2310
f 1078 2310 1069
f 1069 2310 2301
f 1069 2301 1061
f 1061 2301 2293
f 1061 2293 1051
f 1051 2293 2283
f 1051 2283 886
f 886 2283 2118
f 886 2118 658
f 658 2118 1889
f 658 1889 659
f 659 1889 1891
f 659 1891 657
f 657 1891 1890
f 657 1890 661
f 661 1890 1893
f 661 1893 660
f 660 1893 1892
f 660 1892 663
f 663 1892 1895
f 663 1895 662
f 662 1895 1894
f 662 1894 922
f 922 1894 2154
f 922 2154 1027
f 1027 2154 2259
f 1027 2259 1016
f 1016 2259 2248
f 1016 2248 1001
f 1001 2248 2233
f 1001 2233 989
f 989 2233 2221
f 989 2221 809
f 809 2221 2041
f 809 2041 665
f 665 2041 1896
f 665 1896 666
f 666 1896 1898
f 666 1898 664
f 664 1898 1897
f 664 1897 668
f 668 1897 1900
f 668 1900 667
f 667 1900 1899
f 667 1899 810
f 810 1899 2042
f 810 2042 887
f 887 2042 2119
f 887 2119 947
f 947 2119 2179
f 947 2179 888
f 888 2179 2120
f 888 2120 848
f 848 2120 2080
f 848 2080 670
f 670 2080 1901
f 670 1901 671
f 671 1901 1903
f 671 1903 669
f 669 1903 1902
f 669 1902 673
f 673 1902 1905
f 673 1905 672
f 672 1905 1904
f 672 1904 675
f 675 1904 1907
f 675 1907 674
f 674 1907 1906
f 674 1906 677
f 677 1906 1909
f 677 1909 676
f 676 1909 1908
f 676 1908 679
f 679 1908 1911
f 679 1911 678
f 678 1911 1910
f 678 1910 681
f 681 1910 1913
f 681 1913 680
f 680 1913 1912
f 680 1912 683
f 683 1912 1915
f 683 1915 682
f 682 1915 1914
f 682 1914 685
f 685 1914 1917
f 685 1917 684
f 684 1917 1916
f 684 1916 687
f 687 1916 1919
f 687 1919 686
f 686 1919 1918
f 686 1918 689
f 689 1918 1921
f 689 1921 688
f 688 1921 1920
f 688 1920 691
f 691 1920 1923
f 691 1923 690
f 690 1923 1922
f 690 1922 693
f 693 1922 1925
f 693 1925 692
f 692 1925 1924
f 692 1924 695
f 695 1924 1926
f 695 1926 696
f 696 1926 1928
f 696 1928 694
f 694 1928 1927
f 694 1927 698
f 698 1927 1930
f 698 1930 697
f 697 1930 1929
f 697 1929 700
f 700 1929 1932
f 700 1932 699
f 699 1932 1931
f 699 1931 702
f 702 1931 1934
f 702 1934 701
f 701 1934 1933
f 701 1933 704
f 704 1933 1936
f 704 1936 703
f 703 1936 1935
f 703 1935 706
f 706 1935 1938
f 706 1938 705
f 705 1938 1937
f 705 1937 708
f 708 1937 1940
f 708 1940 707
f 707 1940 1939
f 707 1939 710
f 710 1939 1942
f 710 1942 709
f 709 1942 1941
f 709 1941 712
f 712 1941 1944
f 712 1944 711
f 711 1944 1943
f 711 1943 714
f 714 1943 1946
f 714 1946 713
f 713 1946 1945
f 713 1945 716
f 716 1945 1948
f 716 1948 715
f 715 1948 1947
f 715 1947 718
f 718 1947 1950
f 718 1950 717
f 717 1950 1949
f 717 1949 720
f 720 1949 1952
f 720 1952 719
f 719 1952 1951
f 719 1951 722
f 722 1951 1954
f 722 1954 721
f 721 1954 1953
f 721 1953 724
f 724 1953 1956
f 724 1956 723
f 723 1956 1955
f 723 1955 849
f 849 1955 2081
f 849 2081 889
f 889 2081 2121
f 889 2121 923
f 923 2121 2155
f 923 2155 965
f 965 2155 2197
f 965 2197 977
f 977 2197 2209
f 977 2209 990
f 990 2209 2222
f 990 2222 1002
f 1002 2222 2234
f 1002 2234 1017
f 1017 2234 2249
f 1017 2249 1028
f 1028 2249 2260
f 1028 2260 1037
f 1037 2260 2269
f 1037 2269 1044
f 1044 2269 2276
f 1044 2276 1052
f 1052 2276 2284
f 1052 2284 1062
f 1062 2284 2294
f 1062 2294 1070
f 1070 2294 2302
f 1070 2302 1079
f 1079 2302 2311
f 1079 2311 1089
f 1089 2311 2321
f 1089 2321 1098
f 1098 2321 2330
f 1098 2330 726
f 726 2330 1957
f 726 1957 727
f 727 1957 1959
f 727 1959 725
f 725 1959 1958
f 725 1958 811
f 811 1958 2043
f 811 2043 1167
f 1167 2043 2399
f 1167 2399 729
f 729 2399 1960
f 729 1960 730
f 730 1960 1962
f 730 1962 728
f 728 1962 1961
f 728 1961 1182
f 1182 1961 2414
f 1182 2414 1184
f 1184 2414 2416
f 1184 2416 1187
f 1187 2416 2419
f 1187 2419 1189
f 1189 2419 2421
f 1189 2421 1192
f 1192 2421 2424
f 1192 2424 1185
f 1185 2424 2417
f 1185 2417 1180
f 1180 2417 2412
f 1180 2412 1175
f 1175 2412 2407
f 1175 2407 1139
f 1139 2407 2371
f 1139 2371 1080
f 1080 2371 2312
f 1080 2312 1063
f 1063 2312 2295
f 1063 2295 1053
f 1053 2295 2285
f 1053 2285 1045
f 1045 2285 2277
f 1045 2277 1038
f 1038 2277 2270
f 1038 2270 1029
f 1029 2270 2261
f 1029 2261 1018
f 1018 2261 2250
f 1018 2250 732
f 732 2250 1963
f 732 1963 733
f 733 1963 1965
f 733 1965 731
f 731 1965 1964
f 731 1964 735
f 735 1964 1967
f 735 1967 734
f 734 1967 1966
f 734 1966 850
f 850 1966 2082
f 850 2082 890
f 890 2082 2122
f 890 2122 966
f 966 2122 2198
f 966 2198 948
f 948 2198 2180
f 948 2180 924
f 924 2180 2156
f 924 2156 891
f 891 2156 2123
f 891 2123 812
f 812 2123 2044
f 812 2044 737
f 737 2044 1968
f 737 1968 738
f 738 1968 1970
f 738 1970 736
f 736 1970 1969
f 736 1969 740
f 740 1969 1972
f 740 1972 739
f 739 1972 1971
f 739 1971 742
f 742 1971 1974
f 742 1974 741
f 741 1974 1973
f 741 1973 744
f 744 1973 1976
f 744 1976 743
f 743 1976 1975
f 743 1975 746
f 746 1975 1978
f 746 1978 745
f 745 1978 1977
f 745 1977 748
f 748 1977 1979
f 748 1979 749
f 749 1979 1981
f 749 1981 747
f 747 1981 1980
f 747 1980 892
f 892 1980 2124
f 892 2124 925
f 925 2124 2157
f 925 2157 949
f 949 2157 2181
f 949 2181 967
f 967 2181 2199
f 967 2199 751
f 751 2199 1982
f 751 1982 752
f 752 1982 1984
f 752 1984 750
f 750 1984 1983
f 750 1983 754
f 754 1983 1986
f 754 1986 753
f 753 1986 1985
f 753 1985 756
f 756 1985 1988
f 756 1988 755
f 755 1988 1987
f 755 1987 1090
f 1090 1987 2322
f 1090 2322 1099
f 1099 2322 2331
f 1099 2331 1105
f 1105 2331 2337
f 1105 2337 1112
f 1112 2337 2344
f 1112 2344 1120
f 1120 2344 2352
f 1120 2352 758
f 758 2352 1989
f 758 1989 759
f 759 1989 1991
f 759 1991 757
f 757 1991 1990
f 757 1990 761
f 761 1990 1993
f 761 1993 760
f 760 1993 1992
f 760 1992 851
f 851 1992 2083
f 851 2083 893
f 893 2083 2125
f 893 2125 1145
f 1145 2125 2377
f 1145 2377 1150
f 1150 2377 2382
f 1150 2382 1155
f 1155 2382 2387
f 1155 2387 1161
f 1161 2387 2393
f 1161 2393 1168
f 1168 2393 2400
f 1168 2400 1151
f 1151 2400 2383
f 1151 2383 1133
f 1133 2383 2365
f 1133 2365 1113
f 1113 2365 2345
f 1113 2345 1106
f 1106 2345 2338
f 1106 2338 1100
f 1100 2338 2332
f 1100 2332 1091
f 1091 2332 2323
f 1091 2323 1081
f 1081 2323 2313
f 1081 2313 1071
f 1071 2313 2303
f 1071 2303 1064
f 1064 2303 2296
f 1064 2296 1054
f 1054 2296 2286
f 1054 2286 1046
f 1046 2286 2278
f 1046 2278 1039
f 1039 2278 2271
f 1039 2271 1030
f 1030 2271 2262
f 1030 2262 1019
f 1019 2262 2251
f 1019 2251 1003
f 1003 2251 2235
f 1003 2235 991
f 991 2235 2223
f 991 2223 978
f 978 2223 2210
f 978 2210 968
f 968 2210 2200
f 968 2200 950
f 950 2200 2182
f 950 2182 926
f 926 2182 2158
f 926 2158 894
f 894 2158 2126
f 894 2126 852
f 852 2126 2084
f 852 2084 813
f 813 2084 2045
f 813 2045 762
f 762 2045 1994
f 762 1994 2
f 2 1994 1233
f 2 1233 969
f 969 1233 2201
f 969 2201 992
f 992 2201 2224
f 992 2224 1031
f 1031 2224 2263
f 1031 2263 1065
f 1065 2263 2297
f 1065 2297 1114
f 1114 2297 2346
f 1114 2346 1115
f 1115 2346 2347
f 1115 2347 1107
f 1107 2347 2339
f 1107 2339 1101
f 1101 2339 2333
f 1101 2333 1093
f 1093 2333 2325
f 1093 2325 771
f 771 2325 2003
f 771 2003 53
f 53 2003 1284
f 53 1284 54
f 54 1284 1286
f 54 1286 52
f 52 1286 1285
f 52 1285 930
f 930 1285 2162
f 930 2162 898
f 898 2162 2130
f 898 2130 820
f 820 2130 2052
f 820 2052 56
f 56 2052 1287
f 56 1287 57
f 57 1287 1289
f 57 1289 55
f 55 1289 1288
f 55 1288 59
f 59 1288 1291
f 59 1291 58
f 58 1291 1290
f 58 1290 61
f 61 1290 1293
f 61 1293 60
f 60 1293 1292
f 60 1292 772
f 772 1292 2004
f 772 2004 821
f 821 2004 2053
f 821 2053 952
f 952 2053 2184
f 952 2184 953
f 953 2184 2185
f 953 2185 855
f 855 2185 2087
f 855 2087 63
f 63 2087 1294
f 63 1294 64
f 64 1294 1296
f 64 1296 62
f 62 1296 1295
f 62 1295 66
f 66 1295 1298
f 66 1298 65
f 65 1298 1297
f 65 1297 68
f 68 1297 1300
f 68 1300 67
f 67 1300 1299
f 67 1299 773
f 773 1299 2005
f 773 2005 899
f 899 2005 2131
f 899 2131 931
f 931 2131 2163
f 931 2163 970
f 970 2163 2202
f 970 2202 980
f 980 2202 2212
f 980 2212 70
f 70 2212 1301
f 70 1301 71
f 71 1301 1303
f 71 1303 69
f 69 1303 1302
f 69 1302 73
f 73 1302 1305
f 73 1305 72
f 72 1305 1304
f 72 1304 75
f 75 1304 1307
f 75 1307 74
f 74 1307 1306
f 74 1306 774
f 774 1306 2006
f 774 2006 1020
f 1020 2006 2252
f 1020 2252 1004
f 1004 2252 2236
f 1004 2236 993
f 993 2236 2225
f 993 2225 981
f 981 2225 2213
f 981 2213 971
f 971 2213 2203
f 971 2203 932
f 932 2203 2164
f 932 2164 900
f 900 2164 2132
f 900 2132 856
f 856 2132 2088
f 856 2088 822
f 822 2088 2054
f 822 2054 775
f 775 2054 2007
f 775 2007 77
f 77 2007 1308
f 77 1308 78
f 78 1308 1310
f 78 1310 76
f 76 1310 1309
f 76 1309 80
f 80 1309 1312
f 80 1312 79
f 79 1312 1311
f 79 1311 82
f 82 1311 1314
f 82 1314 81
f 81 1314 1313
f 81 1313 84
f 84 1313 1316
f 84 1316 83
f 83 1316 1315
f 83 1315 86
f 86 1315 1318
f 86 1318 85
f 85 1318 1317
f 85 1317 88
f 88 1317 1320
f 88 1320 87
f 87 1320 1319
f 87 1319 90
f 90 1319 1322
f 90 1322 89
f 89 1322 1321
f 89 1321 92
f 92 1321 1324
f 92 1324 91
f 91 1324 1323
f 91 1323 94
f 94 1323 1326
f 94 1326 93
f 93 1326 1325
f 93 1325 96
f 96 1325 1328
f 96 1328 95
f 95 1328 1327
f 95 1327 98
f 98 1327 1330
f 98 1330 97
f 97 1330 1329
f 97 1329 100
f 100 1329 1332
f 100 1332 99
f 99 1332 1331
f 99 1331 102
f 102 1331 1334
f 102 1334 101
f 101 1334 1333
f 101 1333 104
f 104 1333 1336
f 104 1336 103
f 103 1336 1335
f 103 1335 106
f 106 1335 1338
f 106 1338 105
f 105 1338 1337
f 105 1337 823
f 823 1337 2055
f 823 2055 933
f 933 2055 2165
f 933 2165 954
f 954 2165 2186
f 954 2186 901
f 901 2186 2133
f 901 2133 857
f 857 2133 2089
f 857 2089 776
f 776 2089 2008
f 776 2008 108
f 108 2008 1339
f 108 1339 109
f 109 1339 1341
f 109 1341 107
f 107 1341 1340
f 107 1340 111
f 111 1340 1343
f 111 1343 110
f 110 1343 1342
f 110 1342 113
f 113 1342 1345
f 113 1345 112
f 112 1345 1344
f 112 1344 115
f 115 1344 1347
f 115 1347 114
f 114 1347 1346
f 114 1346 117
f 117 1346 1349
f 117 1349 116
f 116 1349 1348
f 116 1348 119
f 119 1348 1351
f 119 1351 118
f 118 1351 1350
f 118 1350 121
f 121 1350 1353
f 121 1353 120
f 120 1353 1352
f 120 1352 123
f 123 1352 1355
f 123 1355 122
f 122 1355 1354
f 122 1354 125
f 125 1354 1357
f 125 1357 124
f 124 1357 1356
f 124 1356 127
f 127 1356 1359
f 127 1359 126
f 126 1359 1358
f 126 1358 902
f 902 1358 2134
f 902 2134 982
f 982 2134 2214
f 982 2214 972
f 972 2214 2204
f 972 2204 934
f 934 2204 2166
f 934 2166 903
f 903 2166 2135
f 903 2135 129
f 129 2135 1360
f 129 1360 130
f 130 1360 1362
f 130 1362 128
f 128 1362 1361
f 128 1361 132
f 132 1361 1364
f 132 1364 131
f 131 1364 1363
f 131 1363 134
f 134 1363 1365
f 134 1365 135
f 135 1365 1367
f 135 1367 133
f 133 1367 1366
f 133 1366 137
f 137 1366 1369
f 137 1369 136
f 136 1369 1368
f 136 1368 139
f 139 1368 1371
f 139 1371 138
f 138 1371 1370
f 138 1370 141
f 141 1370 1373
f 141 1373 140
f 140 1373 1372
f 140 1372 143
f 143 1372 1375
f 143 1375 142
f 142 1375 1374
f 142 1374 145
f 145 1374 1377
f 145 1377 144
f 144 1377 1376
f 144 1376 147
f 147 1376 1379
f 147 1379 146
f 146 1379 1378
f 146 1378 149
f 149 1378 1381
f 149 1381 148
f 148 1381 1380
f 148 1380 151
f 151 1380 1383
f 151 1383 150
f 150 1383 1382
f 150 1382 153
f 153 1382 1385
f 153 1385 152
f 152 1385 1384
f 152 1384 155
f 155 1384 1387
f 155 1387 154
f 154 1387 1386
f 154 1386 157
f 157 1386 1389
f 157 1389 156
f 156 1389 1388
f 156 1388 159
f 159 1388 1391
f 159 1391 158
f 158 1391 1390
f 158 1390 904
f 904 1390 2136
f 904 2136 935
f 935 2136 2167
f 935 2167 983
f 983 2167 2215
f 983 2215 994
f 994 2215 2226
f 994 2226 1005
f 1005 2226 2237
f 1005 2237 955
f 955 2237 2187
f 955 2187 905
f 905 2187 2137
f 905 2137 858
f 858 2137 2090
f 858 2090 777
f 777 2090 2009
f 777 2009 161
f 161 2009 1392
f 161 1392 162
f 162 1392 1394
f 162 1394 160
f 160 1394 1393
f 160 1393 164
f 164 1393 1396
f 164 1396 163
f 163 1396 1395
f 163 1395 166
f 166 1395 1398
f 166 1398 165
f 165 1398 1397
f 165 1397 168
f 168 1397 1400
f 168 1400 167
f 167 1400 1399
f 167 1399 170
f 170 1399 1402
f 170 1402 169
f 169 1402 1401
f 169 1401 172
f 172 1401 1404
f 172 1404 171
f 171 1404 1403
f 171 1403 174
f 174 1403 1406
f 174 1406 173
f 173 1406 1405
f 173 1405 176
f 176 1405 1408
f 176 1408 175
f 175 1408 1407
f 175 1407 178
f 178 1407 1410
f 178 1410 177
f 177 1410 1409
f 177 1409 180
f 180 1409 1412
f 180 1412 179
f 179 1412 1411
f 179 1411 859
f 859 1411 2091
f 859 2091 778
f 778 2091 2010
f 778 2010 182
f 182 2010 1413
f 182 1413 183
f 183 1413 1415
f 183 1415 181
f 181 1415 1414
f 181 1414 185
f 185 1414 1417
f 185 1417 184
f 184 1417 1416
f 184 1416 187
f 187 1416 1419
f 187 1419 186
f 186 1419 1418
f 186 1418 189
f 189 1418 1421
f 189 1421 188
f 188 1421 1420
f 188 1420 191
f 191 1420 1423
f 191 1423 190
f 190 1423 1422
f 190 1422 193
f 193 1422 1425
f 193 1425 192
f 192 1425 1424
f 192 1424 195
f 195 1424 1427
f 195 1427 194
f 194 1427 1426
f 194 1426 860
f 860 1426 2092
f 860 2092 936
f 936 2092 2168
f 936 2168 956
f 956 2168 2188
f 956 2188 984
f 984 2188 2216
f 984 2216 995
f 995 2216 2227
f 995 2227 1006
f 1006 2227 2238
f 1006 2238 1021
f 1021 2238 2253
f 1021 2253 1032
f 1032 2253 2264
f 1032 2264 1041
f 1041 2264 2273
f 1041 2273 1047
f 1047 2273 2279
f 1047 2279 1055
f 1055 2279 2287
f 1055 2287 1066
f 1066 2287 2298
f 1066 2298 1073
f 1073 2298 2305
f 1073 2305 985
f 985 2305 2217
f 985 2217 906
f 906 2217 2138
f 906 2138 824
f 824 2138 2056
f 824 2056 197
f 197 2056 1428
f 197 1428 198
f 198 1428 1430
f 198 1430 196
f 196 1430 1429
f 196 1429 200
f 200 1429 1432
f 200 1432 199
f 199 1432 1431
f 199 1431 202
f 202 1431 1434
f 202 1434 201
f 201 1434 1433
f 201 1433 204
f 204 1433 1436
f 204 1436 203
f 203 1436 1435
f 203 1435 206
f 206 1435 1438
f 206 1438 205
f 205 1438 1437
f 205 1437 208
f 208 1437 1440
f 208 1440 207
f 207 1440 1439
f 207 1439 210
f 210 1439 1442
f 210 1442 209
f 209 1442 1441
f 209 1441 212
f 212 1441 1444
f 212 1444 211
f 211 1444 1443
f 211 1443 214
f 214 1443 1446
f 214 1446 213
f 213 1446 1445
f 213 1445 216
f 216 1445 1448
f 216 1448 215
f 215 1448 1447
f 215 1447 218
f 218 1447 1450
f 218 1450 217
f 217 1450 1449
f 217 1449 220
f 220 1449 1452
f 220 1452 219
f 219 1452 1451
f 219 1451 825
f 825 1451 2057
f 825 2057 907
f 907 2057 2139
f 907 2139 937
f 937 2139 2169
f 937 2169 908
f 908 2169 2140
f 908 2140 826
f 826 2140 2058
f 826 2058 222
f 222 2058 1453
f 222 1453 223
f 223 1453 1455
f 223 1455 221
f 221 1455 1454
f 221 1454 225
f 225 1454 1457
f 225 1457 224
f 224 1457 1456
f 224 1456 227
f 227 1456 1459
f 227 1459 226
f 226 1459 1458
f 226 1458 779
f 779 1458 2011
f 779 2011 827
f 827 2011 2059
f 827 2059 909
f 909 2059 2141
f 909 2141 861
f 861 2141 2093
f 861 2093 780
f 780 2093 2012
f 780 2012 229
f 229 2012 1460
f 229 1460 230
f 230 1460 1462
f 230 1462 228
f 228 1462 1461
f 228 1461 232
f 232 1461 1464
f 232 1464 231
f 231 1464 1463
f 231 1463 234
f 234 1463 1466
f 234 1466 233
f 233 1466 1465
f 233 1465 236
f 236 1465 1467
f 236 1467 237
f 237 1467 1469
f 237 1469 235
f 235 1469 1468
f 235 1468 781
f 781 1468 2013
f 781 2013 782
f 782 2013 2014
f 782 2014 239
f 239 2014 1470
f 239 1470 240
f 240 1470 1472
f 240 1472 238
f 238 1472 1471
f 238 1471 242
f 242 1471 1474
f 242 1474 241
f 241 1474 1473
f 241 1473 244
f 244 1473 1476
f 244 1476 243
f 243 1476 1475
f 243 1475 246
f 246 1475 1478
f 246 1478 245
f 245 1478 1477
f 245 1477 783
f 783 1477 2015
f 783 2015 862
f 862 2015 2094
f 862 2094 248
f 248 2094 1479
f 248 1479 249
f 249 1479 1481
f 249 1481 247
f 247 1481 1480
f 247 1480 784
f 784 1480 2016
f 784 2016 251
f 251 2016 1482
f 251 1482 252
f 252 1482 1484
f 252 1484 250
f 250 1484 1483
f 250 1483 254
f 254 1483 1486
f 254 1486 253
f 253 1486 1485
f 253 1485 256
f 256 1485 1487
f 256 1487 257
f 257 1487 1489
f 257 1489 255
f 255 1489 1488
f 255 1488 259
f 259 1488 1491
f 259 1491 258
f 258 1491 1490
f 258 1490 828
f 828 1490 2060
f 828 2060 261
f 261 2060 1492
f 261 1492 262
f 262 1492 1494
f 262 1494 260
f 260 1494 1493
f 260 1493 264
f 264 1493 1496
f 264 1496 263
f 263 1496 1495
f 263 1495 266
f 266 1495 1497
f 266 1497 267
f 267 1497 1499
f 267 1499 265
f 265 1499 1498
f 265 1498 785
f 785 1498 2017
f 785 2017 786
f 786 2017 2018
f 786 2018 269
f 269 2018 1500
f 269 1500 270
f 270 1500 1502
f 270 1502 268
f 268 1502 1501
f 268 1501 272
f 272 1501 1504
f 272 1504 271
f 271 1504 1503
f 271 1503 274
f 274 1503 1506
f 274 1506 273
f 273 1506 1505
f 273 1505 986
f 986 1505 2218
f 986 2218 1007
f 1007 2218 2239
f 1007 2239 1022
f 1022 2239 2254
f 1022 2254 1033
f 1033 2254 2265
f 1033 2265 863
f 863 2265 2095
f 863 2095 787
f 787 2095 2019
f 787 2019 276
f 276 2019 1507
f 276 1507 277
f 277 1507 1509
f 277 1509 275
f 275 1509 1508
f 275 1508 279
f 279 1508 1511
f 279 1511 278
f 278 1511 1510
f 278 1510 281
f 281 1510 1513
f 281 1513 280
f 280 1513 1512
f 280 1512 1056
f 1056 1512 2288
f 1056 2288 1067
f 1067 2288 2299
f 1067 2299 1074
f 1074 2299 2306
f 1074 2306 1083
f 1083 2306 2315
f 1083 2315 864
f 864 2315 2096
f 864 2096 283
f 283 2096 1514
f 283 1514 284
f 284 1514 1516
f 284 1516 282
f 282 1516 1515
f 282 1515 286
f 286 1515 1518
f 286 1518 285
f 285 1518 1517
f 285 1517 288
f 288 1517 1520
f 288 1520 287
f 287 1520 1519
f 287 1519 910
f 910 1519 2142
f 910 2142 1094
f 1094 2142 2326
f 1094 2326 1084
f 1084 2326 2316
f 1084 2316 865
f 865 2316 2097
f 865 2097 290
f 290 2097 1521
f 290 1521 291
f 291 1521 1523
f 291 1523 289
f 289 1523 1522
f 289 1522 293
f 293 1522 1525
f 293 1525 292
f 292 1525 1524
f 292 1524 295
f 295 1524 1527
f 295 1527 294
f 294 1527 1526
f 294 1526 911
f 911 1526 2143
f 911 2143 1057
f 1057 2143 2289
f 1057 2289 1048
f 1048 2289 2280
f 1048 2280 1034
f 1034 2280 2266
f 1034 2266 1023
f 1023 2266 2255
f 1023 2255 1008
f 1008 2255 2240
f 1008 2240 297
f 297 2240 1528
f 297 1528 298
f 298 1528 1530
f 298 1530 296
f 296 1530 1529
f 296 1529 300
f 300 1529 1532
f 300 1532 299
f 299 1532 1531
f 299 1531 302
f 302 1531 1534
f 302 1534 301
f 301 1534 1533
f 301 1533 304
f 304 1533 1536
f 304 1536 303
f 303 1536 1535
f 303 1535 788
f 788 1535 2020
f 788 2020 829
f 829 2020 2061
f 829 2061 957
f 957 2061 2189
f 957 2189 306
f 306 2189 1537
f 306 1537 307
f 307 1537 1539
f 307 1539 305
f 305 1539 1538
f 305 1538 309
f 309 1538 1541
f 309 1541 308
f 308 1541 1540
f 308 1540 311
f 311 1540 1543
f 311 1543 310
f 310 1543 1542
f 310 1542 789
f 789 1542 2021
f 789 2021 866
f 866 2021 2098
f 866 2098 867
f 867 2098 2099
f 867 2099 830
f 830 2099 2062
f 830 2062 313
f 313 2062 1544
f 313 1544 314
f 314 1544 1546
f 314 1546 312
f 312 1546 1545
f 312 1545 316
f 316 1545 1548
f 316 1548 315
f 315 1548 1547
f 315 1547 318
f 318 1547 1550
f 318 1550 317
f 317 1550 1549
f 317 1549 320
f 320 1549 1552
f 320 1552 319
f 319 1552 1551
f 319 1551 322
f 322 1551 1554
f 322 1554 321
f 321 1554 1553
f 321 1553 324
f 324 1553 1556
f 324 1556 323
f 323 1556 1555
f 323 1555 326
f 326 1555 1558
f 326 1558 325
f 325 1558 1557
f 325 1557 912
f 912 1557 2144
f 912 2144 831
f 831 2144 2063
f 831 2063 790
f 790 2063 2022
f 790 2022 328
f 328 2022 1559
f 328 1559 329
f 329 1559 1561
f 329 1561 327
f 327 1561 1560
f 327 1560 331
f 331 1560 1563
f 331 1563 330
f 330 1563 1562
f 330 1562 333
f 333 1562 1565
f 333 1565 332
f 332 1565 1564
f 332 1564 335
f 335 1564 1567
f 335 1567 334
f 334 1567 1566
f 334 1566 791
f 791 1566 2023
f 791 2023 958
f 958 2023 2190
f 958 2190 868
f 868 2190 2100
f 868 2100 337
f 337 2100 1568
f 337 1568 338
f 338 1568 1570
f 338 1570 336
f 336 1570 1569
f 336 1569 340
f 340 1569 1572
f 340 1572 339
f 339 1572 1571
f 339 1571 342
f 342 1571 1574
f 342 1574 341
f 341 1574 1573
f 341 1573 344
f 344 1573 1576
f 344 1576 343
f 343 1576 1575
f 343 1575 913
f 913 1575 2145
f 913 2145 869
f 869 2145 2101
f 869 2101 792
f 792 2101 2024
f 792 2024 346
f 346 2024 1577
f 346 1577 347
f 347 1577 1579
f 347 1579 345
f 345 1579 1578
f 345 1578 349
f 349 1578 1581
f 349 1581 348
f 348 1581 1580
f 348 1580 351
f 351 1580 1583
f 351 1583 350
f 350 1583 1582
f 350 1582 353
f 353 1582 1585
f 353 1585 352
f 352 1585 1584
f 352 1584 355
f 355 1584 1587
f 355 1587 354
f 354 1587 1586
f 354 1586 357
f 357 1586 1589
f 357 1589 356
f 356 1589 1588
f 356 1588 359
f 359 1588 1590
f 359 1590 360
f 360 1590 1592
f 360 1592 358
f 358 1592 1591
f 358 1591 362
f 362 1591 1594
f 362 1594 361
f 361 1594 1593
f 361 1593 364
f 364 1593 1595
f 364 1595 365
f 365 1595 1597
f 365 1597 363
f 363 1597 1596
f 363 1596 367
f 367 1596 1599
f 367 1599 366
f 366 1599 1598
f 366 1598 369
f 369 1598 1601
f 369 1601 368
f 368 1601 1600
f 368 1600 371
f 371 1600 1603
f 371 1603 370
f 370 1603 1602
f 370 1602 870
f 870 1602 2102
f 870 2102 938
f 938 2102 2170
f 938 2170 959
f 959 2170 2191
f 959 2191 973
f 973 2191 2205
f 973 2205 996
f 996 2205 2228
f 996 2228 1009
f 1009 2228 2241
f 1009 2241 1116
f 1116 2241 2348
f 1116 2348 1122
f 1122 2348 2354
f 1122 2354 1128
f 1128 2354 2360
f 1128 2360 1135
f 1135 2360 2367
f 1135 2367 1141
f 1141 2367 2373
f 1141 2373 1147
f 1147 2373 2379
f 1147 2379 1152
f 1152 2379 2384
f 1152 2384 1158
f 1158 2384 2390
f 1158 2390 1164
f 1164 2390 2396
f 1164 2396 1170
f 1170 2396 2402
f 1170 2402 1174
f 1174 2402 2406
f 1174 2406 1171
f 1171 2406 2403
f 1171 2403 1165
f 1165 2403 2397
f 1165 2397 1159
f 1159 2397 2391
f 1159 2391 1153
f 1153 2391 2385
f 1153 2385 1148
f 1148 2385 2380
f 1148 2380 373
f 373 2380 1604
f 373 1604 374
f 374 1604 1606
f 374 1606 372
f 372 1606 1605
f 372 1605 376
f 376 1605 1608
f 376 1608 375
f 375 1608 1607
f 375 1607 378
f 378 1607 1610
f 378 1610 377
f 377 1610 1609
f 377 1609 871
f 871 1609 2103
f 871 2103 1129
f 1129 2103 2361
f 1129 2361 1123
f 1123 2361 2355
f 1123 2355 1117
f 1117 2355 2349
f 1117 2349 1108
f 1108 2349 2340
f 1108 2340 1102
f 1102 2340 2334
f 1102 2334 1095
f 1095 2334 2327
f 1095 2327 1085
f 1085 2327 2317
f 1085 2317 1075
f 1075 2317 2307
f 1075 2307 1058
f 1058 2307 2290
f 1058 2290 1049
f 1049 2290 2281
f 1049 2281 1042
f 1042 2281 2274
f 1042 2274 1035
f 1035 2274 2267
f 1035 2267 1024
f 1024 2267 2256
f 1024 2256 1010
f 1010 2256 2242
f 1010 2242 997
f 997 2242 2229
f 997 2229 380
f 380 2229 1611
f 380 1611 381
f 381 1611 1613
f 381 1613 379
f 379 1613 1612
f 379 1612 383
f 383 1612 1615
f 383 1615 382
f 382 1615 1614
f 382 1614 385
f 385 1614 1617
f 385 1617 384
f 384 1617 1616
f 384 1616 793
f 793 1616 2025
f 793 2025 872
f 872 2025 2104
f 872 2104 914
f 914 2104 2146
f 914 2146 960
f 960 2146 2192
f 960 2192 832
f 832 2192 2064
f 832 2064 387
f 387 2064 1618
f 387 1618 388
f 388 1618 1620
f 388 1620 386
f 386 1620 1619
f 386 1619 390
f 390 1619 1622
f 390 1622 389
f 389 1622 1621
f 389 1621 873
f 873 1621 2105
f 873 2105 794
f 794 2105 2026
f 794 2026 392
f 392 2026 1623
f 392 1623 393
f 393 1623 1625
f 393 1625 391
f 391 1625 1624
f 391 1624 395
f 395 1624 1627
f 395 1627 394
f 394 1627 1626
f 394 1626 397
f 397 1626 1628
f 397 1628 398
f 398 1628 1630
f 398 1630 396
f 396 1630 1629
f 396 1629 400
f 400 1629 1632
f 400 1632 399
f 399 1632 1631
f 399 1631 402
f 402 1631 1634
f 402 1634 401
f 401 1634 1633
f 401 1633 404
f 404 1633 1636
f 404 1636 403
f 403 1636 1635
f 403 1635 406
f 406 1635 1638
f 406 1638 405
f 405 1638 1637
f 405 1637 408
f 408 1637 1640
f 408 1640 407
f 407 1640 1639
f 407 1639 410
f 410 1639 1642
f 410 1642 409
f 409 1642 1641
f 409 1641 795
f 795 1641 2027
f 795 2027 874
f 874 2027 2106
f 874 2106 833
f 833 2106 2065
f 833 2065 412
f 412 2065 1643
f 412 1643 413
f 413 1643 1645
f 413 1645 411
f 411 1645 1644
f 411 1644 415
f 415 1644 1647
f 415 1647 414
f 414 1647 1646
f 414 1646 417
f 417 1646 1649
f 417 1649 416
f 416 1649 1648
f 416 1648 419
f 419 1648 1651
f 419 1651 418
f 418 1651 1650
f 418 1650 421
f 421 1650 1653
f 421 1653 420
f 420 1653 1652
f 420 1652 423
f 423 1652 1655
f 423 1655 422
f 422 1655 1654
f 422 1654 425
f 425 1654 1657
f 425 1657 424
f 424 1657 1656
f 424 1656 427
f 427 1656 1659
f 427 1659 426
f 426 1659 1658
f 426 1658 429
f 429 1658 1661
f 429 1661 428
f 428 1661 1660
f 428 1660 431
f 431 1660 1662
f 431 1662 432
f 432 1662 1664
f 432 1664 430
f 430 1664 1663
f 430 1663 796
f 796 1663 2028
f 796 2028 834
f 834 2028 2066
f 834 2066 434
f 434 2066 1665
f 434 1665 435
f 435 1665 1667
f 435 1667 433
f 433 1667 1666
f 433 1666 437
f 437 1666 1669
f 437 1669 436
f 436 1669 1668
f 436 1668 439
f 439 1668 1671
f 439 1671 438
f 438 1671 1670
f 438 1670 797
f 797 1670 2029
f 797 2029 961
f 961 2029 2193
f 961 2193 939
f 939 2193 2171
f 939 2171 915
f 915 2171 2147
f 915 2147 875
f 875 2147 2107
f 875 2107 798
f 798 2107 2030
f 798 2030 441
f 441 2030 1672
f 441 1672 442
f 442 1672 1674
f 442 1674 440
f 440 1674 1673
f 440 1673 444
f 444 1673 1676
f 444 1676 443
f 443 1676 1675
f 443 1675 446
f 446 1675 1678
f 446 1678 445
f 445 1678 1677
f 445 1677 448
f 448 1677 1680
f 448 1680 447
f 447 1680 1679
f 447 1679 916
f 916 1679 2148
f 916 2148 799
f 799 2148 2031
f 799 2031 450
f 450 2031 1681
f 450 1681 451
f 451 1681 1683
f 451 1683 449
f 449 1683 1682
f 449 1682 835
f 835 1682 2067
f 835 2067 876
f 876 2067 2108
f 876 2108 836
f 836 2108 2068
f 836 2068 453
f 453 2068 1684
f 453 1684 454
f 454 1684 1686
f 454 1686 452
f 452 1686 1685
f 452 1685 456
f 456 1685 1688
f 456 1688 455
f 455 1688 1687
f 455 1687 458
f 458 1687 1690
f 458 1690 457
f 457 1690 1689
f 457 1689 460
f 460 1689 1692
f 460 1692 459
f 459 1692 1691
f 459 1691 462
f 462 1691 1694
f 462 1694 461
f 461 1694 1693
f 461 1693 464
f 464 1693 1696
f 464 1696 463
f 463 1696 1695
f 463 1695 466
f 466 1695 1698
f 466 1698 465
f 465 1698 1697
f 465 1697 800
f 800 1697 2032
f 800 2032 877
f 877 2032 2109
f 877 2109 837
f 837 2109 2069
f 837 2069 468
f 468 2069 1699
f 468 1699 469
f 469 1699 1701
f 469 1701 467
f 467 1701 1700
f 467 1700 471
f 471 1700 1703
f 471 1703 470
f 470 1703 1702
f 470 1702 473
f 473 1702 1705
f 473 1705 472
f 472 1705 1704
f 472 1704 475
f 475 1704 1707
f 475 1707 474
f 474 1707 1706
f 474 1706 477
f 477 1706 1709
f 477 1709 476
f 476 1709 1708
f 476 1708 479
f 479 1708 1711
f 479 1711 478
f 478 1711 1710
f 478 1710 481
f 481 1710 1713
f 481 1713 480
f 480 1713 1712
f 480 1712 917
f 917 1712 2149
f 917 2149 974
f 974 2149 2206
f 974 2206 1011
f 1011 2206 2243
f 1011 2243 1025
f 1025 2243 2257
f 1025 2257 1177
f 1177 2257 2409
f 1177 2409 1172
f 1172 2409 2404
f 1172 2404 1166
f 1166 2404 2398
f 1166 2398 1160
f 1160 2398 2392
f 1160 2392 1154
f 1154 2392 2386
f 1154 2386 1149
f 1149 2386 2381
f 1149 2381 1142
f 1142 2381 2374
f 1142 2374 1136
f 1136 2374 2368
f 1136 2368 1130
f 1130 2368 2362
f 1130 2362 1124
f 1124 2362 2356
f 1124 2356 1118
f 1118 2356 2350
f 1118 2350 1109
f 1109 2350 2341
f 1109 2341 483
f 483 2341 1714
f 483 1714 484
f 484 1714 1716
f 484 1716 482
f 482 1716 1715
f 482 1715 486
f 486 1715 1718
f 486 1718 485
f 485 1718 1717
f 485 1717 488
f 488 1717 1720
f 488 1720 487
f 487 1720 1719
f 487 1719 878
f 878 1719 2110
f 878 2110 1086
f 1086 2110 2318
f 1086 2318 1076
f 1076 2318 2308
f 1076 2308 1059
f 1059 2308 2291
f 1059 2291 879
f 879 2291 2111
f 879 2111 490
f 490 2111 1721
f 490 1721 491
f 491 1721 1723
f 491 1723 489
f 489 1723 1722
f 489 1722 493
f 493 1722 1725
f 493 1725 492
f 492 1725 1724
f 492 1724 495
f 495 1724 1727
f 495 1727 494
f 494 1727 1726
f 494 1726 918
f 918 1726 2150
f 918 2150 940
f 940 2150 2172
f 940 2172 962
f 962 2172 2194
f 962 2194 801
f 801 2194 2033
f 801 2033 497
f 497 2033 1728
f 497 1728 498
f 498 1728 1730
f 498 1730 496
f 496 1730 1729
f 496 1729 802
f 802 1729 2034
f 802 2034 500
f 500 2034 1731
f 500 1731 501
f 501 1731 1733
f 501 1733 499
f 499 1733 1732
f 499 1732 838
f 838 1732 2070
f 838 2070 1012
f 1012 2070 2244
f 1012 2244 998
f 998 2244 2230
f 998 2230 919
f 919 2230 2151
f 919 2151 839
f 839 2151 2071
f 839 2071 503
f 503 2071 1734
f 503 1734 504
f 504 1734 1736
f 504 1736 502
f 502 1736 1735
f 502 1735 506
f 506 1735 1738
f 506 1738 505
f 505 1738 1737
f 505 1737 508
f 508 1737 1740
f 508 1740 507
f 507 1740 1739
f 507 1739 510
f 510 1739 1742
f 510 1742 509
f 509 1742 1741
f 509 1741 941
f 941 1741 2173
f 941 2173 920
f 920 2173 2152
f 920 2152 840
f 840 2152 2072
f 840 2072 512
f 512 2072 1743
f 512 1743 513
f 513 1743 1745
f 513 1745 511
f 511 1745 1744
f 511 1744 515
f 515 1744 1747
f 515 1747 514
f 514 1747 1746
f 514 1746 517
f 517 1746 1749
f 517 1749 516
f 516 1749 1748
f 516 1748 803
f 803 1748 2035
f 803 2035 804
f 804 2035 2036
f 804 2036 519
f 519 2036 1750
f 519 1750 520
f 520 1750 1752
f 520 1752 518
f 518 1752 1751
f 518 1751 522
f 522 1751 1754
f 522 1754 521
f 521 1754 1753
f 521 1753 524
f 524 1753 1756
f 524 1756 523
f 523 1756 1755
f 523 1755 526
f 526 1755 1758
f 526 1758 525
f 525 1758 1757
f 525 1757 528
f 528 1757 1760
f 528 1760 527
f 527 1760 1759
f 527 1759 530
f 530 1759 1761
f 530 1761 531
f 531 1761 1763
f 531 1763 529
f 529 1763 1762
f 529 1762 533
f 533 1762 1765
f 533 1765 532
f 532 1765 1764
f 532 1764 880
f 880 1764 2112
f 880 2112 942
f 942 2112 2174
f 942 2174 881
f 881 2174 2113
f 881 2113 841
f 841 2113 2073
f 841 2073 805
f 805 2073 2037
f 805 2037 535
f 535 2037 1766
f 535 1766 536
f 536 1766 1768
f 536 1768 534
f 534 1768 1767
f 534 1767 538
f 538 1767 1770
f 538 1770 537
f 537 1770 1769
f 537 1769 540
f 540 1769 1772
f 540 1772 539
f 539 1772 1771
f 539 1771 542
f 542 1771 1774
f 542 1774 541
f 541 1774 1773
f 541 1773 544
f 544 1773 1776
f 544 1776 543
f 543 1776 1775
f 543 1775 546
f 546 1775 1778
f 546 1778 545
f 545 1778 1777
f 545 1777 548
f 548 1777 1780
f 548 1780 547
f 547 1780 1779
f 547 1779 550
f 550 1779 1782
f 550 1782 549
f 549 1782 1781
f 549 1781 552
f 552 1781 1784
f 552 1784 551
f 551 1784 1783
f 551 1783 554
f 554 1783 1786
f 554 1786 553
f 553 1786 1785
f 553 1785 806
f 806 1785 2038
f 806 2038 842
f 842 2038 2074
f 842 2074 843
f 843 2074 2075
f 843 2075 556
f 556 2075 1787
f 556 1787 557
f 557 1787 1789
f 557 1789 555
f 555 1789 1788
f 555 1788 559
f 559 1788 1791
f 559 1791 558
f 558 1791 1790
f 558 1790 561
f 561 1790 1793
f 561 1793 560
f 560 1793 1792
f 560 1792 563
f 563 1792 1795
f 563 1795 562
f 562 1795 1794
f 562 1794 565
f 565 1794 1797
f 565 1797 564
f 564 1797 1796
f 564 1796 844
f 844 1796 2076
f 844 2076 567
f 567 2076 1798
f 567 1798 568
f 568 1798 1800
f 568 1800 566
f 566 1800 1799
f 566 1799 570
f 570 1799 1802
f 570 1802 569
f 569 1802 1801
f 569 1801 572
f 572 1801 1804
f 572 1804 571
f 571 1804 1803
f 571 1803 574
f 574 1803 1806
f 574 1806 573
f 573 1806 1805
f 573 1805 845
f 845 1805 2077
f 845 2077 882
f 882 2077 2114
f 882 2114 807
f 807 2114 2039
f 807 2039 576
f 576 2039 1807
f 576 1807 577
f 577 1807 1809
f 577 1809 575
f 575 1809 1808
f 575 1808 579
f 579 1808 1811
f 579 1811 578
f 578 1811 1810
f 578 1810 581
f 581 1810 1813
f 581 1813 580
f 580 1813 1812
f 580 1812 583
f 583 1812 1815
f 583 1815 582
f 582 1815 1814
f 582 1814 585
f 585 1814 1817
f 585 1817 584
f 584 1817 1816
f 584 1816 587
f 587 1816 1819
f 587 1819 586
f 586 1819 1818
f 586 1818 589
f 589 1818 1821
f 589 1821 588
f 588 1821 1820
f 588 1820 883
f 883 1820 2115
f 883 2115 975
f 975 2115 2207
f 975 2207 987
f 987 2207 2219
f 987 2219 999
f 999 2219 2231
f 999 2231 1013
f 1013 2231 2245
f 1013 2245 1026
f 1026 2245 2258
f 1026 2258 1131
f 1131 2258 2363
f 1131 2363 1125
f 1125 2363 2357
f 1125 2357 1119
f 1119 2357 2351
f 1119 2351 1110
f 1110 2351 2342
f 1110 2342 1103
f 1103 2342 2335
f 1103 2335 1096
f 1096 2335 2328
f 1096 2328 1087
f 1087 2328 2319
f 1087 2319 1077
f 1077 2319 2309
f 1077 2309 1068
f 1068 2309 2300
f 1068 2300 1060
f 1060 2300 2292
f 1060 2292 1050
f 1050 2292 2282
f 1050 2282 1043
f 1043 2282 2275
f 1043 2275 1036
f 1036 2275 2268
f 1036 2268 1014
f 1014 2268 2246
f 1014 2246 1000
f 1000 2246 2232
f 1000 2232 988
f 988 2232 2220
f 988 2220 976
f 976 2220 2208
f 976 2208 963
f 963 2208 2195
f 963 2195 943
f 943 2195 2175
f 943 2175 921
f 921 2175 2153
f 921 2153 846
f 846 2153 2078
f 846 2078 591
f 591 2078 1822
f 591 1822 592
f 592 1822 1824
f 592 1824 590
f 590 1824 1823
f 590 1823 594
f 594 1823 1826
f 594 1826 593
f 593 1826 1825
f 593 1825 596
f 596 1825 1828
f 596 1828 595
f 595 1828 1827
f 595 1827 598
f 598 1827 1830
f 598 1830 597
f 597 1830 1829
f 597 1829 600
f 600 1829 1832
f 600 1832 599
f 599 1832 1831
f 599 1831 602
f 602 1831 1834
f 602 1834 601
f 601 1834 1833
f 601 1833 604
f 604 1833 1836
f 1221 2453 1222
f 1222 2453 2454
f 1222 2454 1224
f 1224 2454 2456
f 1224 2456 1226
f 1226 2456 2458
f 1226 2458 1228
f 1228 2458 2460
f 1228 2460 1230
f 1230 2460 2462
f 1230 2462 1232
f 1232 2462 2464
f 1232 2464 1231
f 1231 2464 2463
f 1231 2463 1229
f 1229 2463 2461
f 1229 2461 1227
f 1227 2461 2459
f 1227 2459 1225
f 1225 2459 2457
f 1225 2457 1223
f 1223 2457 2455
f 1223 2455 853
f 853 2455 2085
f 853 2085 763
f 763 2085 1995
f 763 1995 12
f 12 1995 1243
f 12 1243 13
f 13 1243 1245
f 13 1245 11
f 11 1245 1244
f 11 1244 15
f 15 1244 1247
f 15 1247 14
f 14 1247 1246
f 14 1246 764
f 764 1246 1996
f 764 1996 1219
f 1219 1996 2451
f 1219 2451 1217
f 1217 2451 2449
f 1217 2449 1216
f 1216 2449 2448
f 1216 2448 1214
f 1214 2448 2446
f 1214 2446 17
f 17 2446 1248
f 17 1248 18
f 18 1248 1250
f 18 1250 16
f 16 1250 1249
f 16 1249 765
f 765 1249 1997
f 765 1997 814
f 814 1997 2046
f 814 2046 1210
f 1210 2046 2442
f 1210 2442 1208
f 1208 2442 2440
f 1208 2440 1206
f 1206 2440 2438
f 1206 2438 1204
f 1204 2438 2436
f 1204 2436 1202
f 1202 2436 2434
f 1202 2434 1200
f 1200 2434 2432
f 1200 2432 1198
f 1198 2432 2430
f 1198 2430 1196
f 1196 2430 2428
f 1196 2428 1194
f 1194 2428 2426
f 1194 2426 1191
f 1191 2426 2423
f 1191 2423 1186
f 1186 2423 2418
f 1186 2418 1183
f 1183 2418 2415
f 1183 2415 1181
f 1181 2415 2413
f 1181 2413 1179
f 1179 2413 2411
f 1179 2411 1176
f 1176 2411 2408
f 1176 2408 1173
f 1173 2408 2405
f 1173 2405 1169
f 1169 2405 2401
f 1169 2401 1163
f 1163 2401 2395
f 1163 2395 1157
f 1157 2395 2389
f 1157 2389 20
f 20 2389 1251
f 20 1251 21
f 21 1251 1253
f 21 1253 19
f 19 1253 1252
f 19 1252 23
f 23 1252 1255
f 23 1255 22
f 22 1255 1254
f 22 1254 25
f 25 1254 1257
f 25 1257 24
f 24 1257 1256
f 24 1256 766
f 766 1256 1998
f 766 1998 1134
f 1134 1998 2366
f 1134 2366 895
f 895 2366 2127
f 895 2127 815
f 815 2127 2047
f 815 2047 27
f 27 2047 1258
f 27 1258 28
f 28 1258 1260
f 28 1260 26
f 26 1260 1259
f 26 1259 30
f 30 1259 1262
f 30 1262 29
f 29 1262 1261
f 29 1261 32
f 32 1261 1264
f 32 1264 31
f 31 1264 1263
f 31 1263 767
f 767 1263 1999
f 767 1999 816
f 816 1999 2048
f 816 2048 927
f 927 2048 2159
f 927 2159 896
f 896 2159 2128
f 896 2128 768
f 768 2128 2000
f 768 2000 34
f 34 2000 1265
f 34 1265 35
f 35 1265 1267
f 35 1267 33
f 33 1267 1266
f 33 1266 37
f 37 1266 1268
f 37 1268 38
f 38 1268 1270
f 38 1270 36
f 36 1270 1269
f 36 1269 40
f 40 1269 1272
f 40 1272 39
f 39 1272 1271
f 39 1271 817
f 817 1271 2049
f 817 2049 928
f 928 2049 2160
f 928 2160 1092
f 1092 2160 2324
f 1092 2324 1082
f 1082 2324 2314
f 1082 2314 1072
f 1072 2314 2304
f 1072 2304 42
f 42 2304 1273
f 42 1273 43
f 43 1273 1275
f 43 1275 41
f 41 1275 1274
f 41 1274 769
f 769 1274 2001
f 769 2001 818
f 818 2001 2050
f 818 2050 1040
f 1040 2050 2272
f 1040 2272 45
f 45 2272 1276
f 45 1276 46
f 46 1276 1278
f 46 1278 44
f 44 1278 1277
f 44 1277 48
f 48 1277 1280
f 48 1280 47
f 47 1280 1279
f 47 1279 50
f 50 1279 1282
f 50 1282 49
f 49 1282 1281
f 49 1281 979
f 979 1281 2211
f 979 2211 951
f 951 2211 2183
f 951 2183 929
f 929 2183 2161
f 929 2161 897
f 897 2161 2129
f 897 2129 854
f 854 2129 2086
f 854 2086 819
f 819 2086 2051
f 819 2051 770
f 770 2051 2002
f 770 2002 51
f 51 2002 1283
f 51 1283 3
f 3 1283 1235
f 3 1235 1
f 1 1235 1234
f 1 1234 1121
f 1121 1234 2353
f 1121 2353 1127
f 1127 2353 2359
f 1127 2359 1140
f 1140 2359 2372
f 1140 2372 1146
f 1146 2372 2378
f 1146 2378 1156
f 1156 2378 2388
f 1156 2388 1162
f 1162 2388 2394
f 1162 2394 1178
f 1178 2394 2410
f 1178 2410 5
f 5 2410 1236
f 5 1236 6
f 6 1236 1238
f 6 1238 4
f 4 1238 1237
f 4 1237 8
f 8 1237 1240
f 8 1240 7
f 7 1240 1239
f 7 1239 10
f 10 1239 1242
f 10 1242 9
f 9 1242 1241
f 9 1241 1188
f 1188 1241 2420
f 1188 2420 1190
f 1190 2420 2422
f 1190 2422 1193
f 1193 2422 2425
f 1193 2425 1195
f 1195 2425 2427
f 1195 2427 1197
f 1197 2427 2429
f 1197 2429 1199
f 1199 2429 2431
f 1199 2431 1201
f 1201 2431 2433
f 1201 2433 1203
f 1203 2433 2435
f 1203 2435 1205
f 1205 2435 2437
f 1205 2437 1207
f 1207 2437 2439
f 1207 2439 1209
f 1209 2439 2441
f 1209 2441 1211
f 1211 2441 2443
f 1211 2443 1212
f 1212 2443 2444
f 1212 2444 1213
f 1213 2444 2445
f 1213 2445 1215
f 1215 2445 2447
f 1215 2447 1218
f 1218 2447 2450
f 1218 2450 1220
f 1220 2450 2452
f 1220 2452 1221
f 1221 2452 2453
o 
v 17.847 0 -73.429
v 13.735 0 -73.47
v 17.84 0 -73.62
v 18.98 0 -70.664
v 18.876 0 -70.85
v 18.93 0 -70.754
v 19.06 0 -70.52
v 19.025 0 -70.584
v 22.35 0 -67.988
v 21.84 0 -67.76
v 22.11 0 -67.882
v 22.86 0 -68.202
v 22.59 0 -68.09
v 23.61 0 -68.51
v 23.19 0 -68.338
v 25.328 0 -75.214
v 25.63 0 -75.25
v 25.524 0 -75.233
v 24.729 0 -75.166
v 25.058 0 -75.191
v 21.815 0 -74.986
v 24.357 0 -75.139
v 23.96 0 -75.11
v 17.843 0 -73.805
v 14.331 0 -73.741
v 14.067 0 -73.629
v 17.278 0 -78.24
v 16.86 0 -77.29
v 17.056 0 -77.793
v 17.839 0 -79.014
v 17.536 0 -78.643
v 18.61 0 -79.71
v 18.194 0 -79.365
v 19.43 0 -80.251
v 18.97 0 -79.966
v 20.514 0 -80.846
v 19.955 0 -80.55
v 21.6 0 -81.36
v 21.073 0 -81.121
v 22.771 0 -81.861
v 22.281 0 -81.65
v 22.521 0 -81.754
v 23.311 0 -82.083
v 23.03 0 -81.97
v 24.009 0 -82.317
v 23.642 0 -82.201
v 24.783 0 -82.532
v 24.394 0 -82.429
v 25.802 0 -82.685
v 25.16 0 -82.62
v 28.177 0 -82.749
v 26.875 0 -82.728
v 30.666 0 -82.716
v 29.508 0 -82.745
v 32.301 0 -82.547
v 31.45 0 -82.66
v 33.658 0 -82.341
v 33.025 0 -82.442
v 34.781 0 -82.126
v 34.231 0 -82.238
v 35.617 0 -81.922
v 35.34 0 -82
v 36.44 0 -81.656
v 36.003 0 -81.801
v 37.249 0 -81.367
v 36.874 0 -81.505
v 38.509 0 -80.787
v 37.51 0 -81.26
v 40.104 0 -79.856
v 39.365 0 -80.325
v 41.335 0 -78.822
v 40.751 0 -79.361
v 42.166 0 -77.845
v 41.88 0 -78.22
v 42.673 0 -77.001
v 42.431 0 -77.437
v 43.066 0 -76.08
v 42.885 0 -76.547
v 43.306 0 -75.093
v 43.21 0 -75.61
v 43.382 0 -73.804
v 43.363 0 -74.478
v 43.306 0 -72.431
v 43.363 0 -73.109
v 42.997 0 -70.921
v 43.21 0 -71.81
v 42.377 0 -69.089
v 42.722 0 -70.021
v 41.445 0 -67.039
v 41.954 0 -68.102
v 41.647 0 -60.702
v 40.872 0 -61.969
v 41.03 0 -61.72
v 42.688 0 -58.572
v 42.199 0 -59.654
v 43.481 0 -56.29
v 43.114 0 -57.453
v 43.84 0 -54.683
v 43.79 0 -55.08
v 43.88 0 -53.351
v 43.87 0 -54.072
v 43.84 0 -51.996
v 43.87 0 -52.624
v 43.648 0 -50.932
v 43.79 0 -51.57
v 43.321 0 -49.754
v 43.492 0 -50.326
v 42.931 0 -48.706
v 43.134 0 -49.214
v 41.901 0 -46.827
v 42.71 0 -48.23
v 39.624 0 -43.975
v 40.862 0 -45.398
v 36.663 0 -41.27
v 38.214 0 -42.589
v 34.482 0 -39.716
v 35 0 -40.05
v 33.266 0 -38.975
v 33.88 0 -39.343
v 32.307 0 -38.434
v 32.717 0 -38.657
v 32.081 0 -38.34
v 32.11 0 -38.35
v 31.51 0 -38.09
v 31.803 0 -38.22
v 31.664 0 -38.158
v 30.452 0 -37.666
v 30.99 0 -37.867
v 29.265 0 -37.314
v 29.881 0 -37.482
v 27.84 0 -37.01
v 28.589 0 -37.158
v 21.932 0 -29.496
v 21.95 0 -30.569
v 21.94 0 -29.97
v 21.872 0 -28.756
v 21.909 0 -29.088
v 21.766 0 -28.354
v 21.824 0 -28.509
v 21.657 0 -28.322
v 21.7 0 -28.3
v 21.455 0 -28.476
v 21.573 0 -28.382
v 21.146 0 -28.741
v 21.31 0 -28.598
v 20.129 0 -29.701
v 20.97 0 -28.9
v 18.201 0 -31.679
v 19.179 0 -30.657
v 16.491 0 -33.573
v 17.278 0 -32.68
v 15.621 0 -34.699
v 15.92 0 -34.27
v 15.075 0 -35.747
v 15.347 0 -35.172
v 14.436 0 -37.43
v 14.779 0 -36.481
v 13.848 0 -39.153
v 14.02 0 -38.65
v 13.931 0 -38.903
v 13.709 0 -39.591
v 13.773 0 -39.386
v 13.63 0 -39.86
v 13.66 0 -39.753
v 13.402 0 -40.695
v 13.502 0 -40.322
v 13.48 0 -40.4
v 13.219 0 -41.416
v 13.313 0 -41.043
v 13.046 0 -42.127
v 13.127 0 -41.787
v 12.949 0 -42.555
v 12.98 0 -42.41
v 12.749 0 -43.447
v 12.827 0 -43.115
v 12.8 0 -43.21
v 12.727 0 -43.856
v 12.725 0 -43.665
v 12.806 0 -44.135
v 12.755 0 -44.015
v 13.033 0 -44.246
v 12.88 0 -44.21
v 13.564 0 -44.173
v 13.261 0 -44.233
v 14.384 0 -43.906
v 13.939 0 -44.063
v 14.963 0 -43.674
v 14.9 0 -43.7
v 15.097 0 -43.616
v 15.03 0 -43.645
v 20.463 0 -43.907
v 20.186 0 -43.8
v 20.39 0 -43.88
v 21.168 0 -44.181
v 20.753 0 -44.019
v 20.949 0 -44.096
v 27.39 0 -48.294
v 27.38 0 -48.22
v 27.382 0 -48.254
v 27.417 0 -48.383
v 27.401 0 -48.338
v 27.46 0 -48.47
v 27.437 0 -48.428
v 11.532 0 -52.149
v 11.55 0 -52.51
v 11.545 0 -52.343
v 11.485 0 -51.728
v 11.511 0 -51.94
v 11.42 0 -51.34
v 11.454 0 -51.524
v 11.349 0 -50.994
v 11.384 0 -51.167
v 11.284 0 -50.682
v 11.315 0 -50.83
v 11.24 0 -50.47
v 11.259 0 -50.559
v 11.205 0 -50.347
v 11.224 0 -50.406
v 11.165 0 -50.25
v 11.185 0 -50.294
v 11.13 0 -50.2
v 11.146 0 -50.218
v 11.043 0 -49.963
v 11.054 0 -50.05
v 11.05 0 -50.01
v 10.991 0 -49.838
v 11.023 0 -49.904
v 10.903 0 -49.692
v 10.951 0 -49.766
v 10.65 0 -49.38
v 10.85 0 -49.62
v 9.527 0 -50.363
v 10.16 0 -49.79
v 7.907 0 -51.974
v 8.753 0 -51.115
v 6.282 0 -53.728
v 7.061 0 -52.869
v 5.182 0 -55.07
v 5.64 0 -54.48
v 4.309 0 -56.408
v 4.739 0 -55.712
v 3.485 0 -57.965
v 3.891 0 -57.158
v 3.045 0 -58.932
v 3.09 0 -58.83
v 2.932 0 -59.188
v 2.991 0 -59.054
v 2.814 0 -59.463
v 2.872 0 -59.326
v 2.38 0 -60.45
v 2.76 0 -59.59
v 2.56 0 -60.036
v 2.096 0 -61.153
v 2.225 0 -60.825
v 1.93 0 -61.64
v 1.997 0 -61.427
v 1.706 0 -62.555
v 1.773 0 -62.184
v 1.75 0 -62.26
v 1.676 0 -63.616
v 1.681 0 -63.039
v 1.717 0 -64.681
v 1.689 0 -64.195
v 1.887 0 -65.34
v 1.76 0 -64.98
v 2.213 0 -65.999
v 2.037 0 -65.68
v 2.638 0 -66.574
v 2.413 0 -66.297
v 3.327 0 -67.208
v 2.89 0 -66.83
v 4.508 0 -68.091
v 3.873 0 -67.634
v 5.962 0 -69.044
v 5.211 0 -68.566
v 7.133 0 -69.738
v 6.74 0 -69.51
v 8.029 0 -70.243
v 7.562 0 -69.981
v 9.081 0 -70.821
v 8.535 0 -70.522
v 13.059 0 -73.106
v 12.559 0 -72.787
v 12.81 0 -72.95
v 13.383 0 -73.287
v 17.871 0 -73.244
v 21.732 0 -67.711
v 17.856 0 -73.947
v 14.48 0 -73.78
v 16.524 0 -76.447
v 21.822 0 -81.452
v 22.049 0 -81.549
v 31.923 0 -38.272
v 13.608 0 -39.942
v 13.528 0 -40.231
v 12.918 0 -42.706
v 12.856 0 -42.994
v 20.587 0 -43.954
v 21.4 0 -44.27
v 11.114 0 -50.185
v 1.899 0 -61.75
v 1.801 0 -62.088
v 9.67 0 -71.14
v 17.916 0 -73.05
v 18.822 0 -70.947
v 17.881 0 -74.059
v 40.84 0 -65.88
v 40.721 0 -62.217
v 32.017 0 -38.314
v 13.582 0 -40.036
v 13.555 0 -40.134
v 11.575 0 -52.847
v 11.064 0 -50.09
v 1.832 0 -61.98
v 12.091 0 -72.507
v 17.985 0 -72.829
v 21.63 0 -67.667
v 20.304 0 -74.881
v 17.924 0 -74.153
v 16.112 0 -75.633
v 40.567 0 -65.317
v 40.585 0 -62.454
v 21.982 0 -31.105
v 12.886 0 -42.855
v 27.524 0 -48.614
v 11.096 0 -50.16
v 1.866 0 -61.865
v 10.196 0 -71.428
v 17.989 0 -74.243
v 40.469 0 -62.666
v 22.04 0 -31.604
v 27.333 0 -48.084
v 11.079 0 -50.127
v 10.829 0 -71.783
v 11.488 0 -72.158
v 18.08 0 -74.34
v 15.663 0 -74.905
v 26.448 0 -36.668
v 18.317 0 -74.527
v 15.215 0 -74.317
v 40.37 0 -64.788
v 40.378 0 -62.842
v 22.128 0 -32.091
v 15.164 0 -43.588
v 18.682 0 -74.669
v 40.246 0 -64.29
v 40.32 0 -62.97
v 22.25 0 -32.595
v 15.225 0 -43.562
v 11.64 0 -53.15
v 18.082 0 -72.564
v 40.197 0 -63.822
v 40.222 0 -63.383
v 22.41 0 -33.14
v 15.28 0 -43.54
v 11.749 0 -53.424
v 18.21 0 -72.24
v 14.808 0 -73.923
v 22.827 0 -34.086
v 15.802 0 -43.355
v 11.903 0 -53.674
v 18.313 0 -71.998
v 25.25 0 -36.204
v 23.44 0 -34.912
v 16.346 0 -43.222
v 12.106 0 -53.904
v 18.42 0 -71.758
v 19.302 0 -74.781
v 24.247 0 -35.619
v 16.897 0 -43.143
v 12.36 0 -54.12
v 18.524 0 -71.531
v 13.028 0 -54.56
v 18.62 0 -71.329
v 17.441 0 -43.118
v 13.781 0 -54.9
v 18.704 0 -71.162
v 17.96 0 -43.15
v 14.676 0 -55.151
v 18.77 0 -71.04
v 25.726 0 -75.247
v 18.44 0 -43.24
v 15.773 0 -55.327
v 25.863 0 -75.201
v 18.736 0 -43.324
v 17.128 0 -55.439
v 26.058 0 -75.104
v 19.103 0 -43.437
v 18.8 0 -55.5
v 19.25 0 -70.196
v 26.323 0 -74.946
v 19.497 0 -43.564
v 20.281 0 -55.505
v 19.52 0 -69.791
v 26.676 0 -74.717
v 19.873 0 -43.69
v 21.541 0 -55.434
v 19.84 0 -69.346
v 27.13 0 -74.41
v 22.616 0 -55.281
v 20.18 0 -68.902
v 27.767 0 -73.959
v 23.546 0 -55.039
v 20.51 0 -68.5
v 28.313 0 -73.542
v 28.761 0 -73.164
v 22.446 0 -44.682
v 24.368 0 -54.701
v 29.103 0 -72.831
v 23.424 0 -45.111
v 25.12 0 -54.26
v 29.332 0 -72.551
v 24.315 0 -45.55
v 25.629 0 -53.878
v 25.103 0 -45.989
v 26.091 0 -53.457
v 29.44 0 -72.33
v 25.77 0 -46.418
v 26.501 0 -53.004
v 29.461 0 -72.072
v 26.3 0 -46.83
v 26.852 0 -52.527
v 29.394 0 -71.815
v 26.527 0 -47.05
v 27.137 0 -52.033
v 29.236 0 -71.556
v 26.769 0 -47.317
v 27.35 0 -51.53
v 28.986 0 -71.291
v 20.8 0 -68.18
v 28.641 0 -71.017
v 27.001 0 -47.6
v 20.951 0 -68.022
v 28.2 0 -70.73
v 27.198 0 -47.866
v 21.091 0 -67.88
v 27.673 0 -70.442
v 21.212 0 -67.76
v 26.91 0 -70.052
v 21.309 0 -67.667
v 26.017 0 -69.613
v 27.585 0 -48.812
v 21.374 0 -67.605
v 25.1 0 -69.174
v 27.639 0 -49.042
v 21.4 0 -67.58
v 24.263 0 -68.79
v 27.681 0 -49.285
v 21.421 0 -67.583
v 27.71 0 -49.518
v 21.47 0 -67.6
v 27.72 0 -49.72
v 21.541 0 -67.629
v 27.706 0 -49.947
v 27.666 0 -50.234
v 27.443 0 -51.228
v 27.606 0 -50.557
v 27.53 0 -50.896
v 13.735 10 -73.47
v 17.847 10 -73.429
v 17.84 10 -73.62
v 18.876 10 -70.85
v 18.98 10 -70.664
v 18.93 10 -70.754
v 19.06 10 -70.52
v 19.025 10 -70.584
v 21.84 10 -67.76
v 22.35 10 -67.988
v 22.11 10 -67.882
v 22.86 10 -68.202
v 22.59 10 -68.09
v 23.61 10 -68.51
v 23.19 10 -68.338
v 25.63 10 -75.25
v 25.328 10 -75.214
v 25.524 10 -75.233
v 24.729 10 -75.166
v 25.058 10 -75.191
v 24.357 10 -75.139
v 21.815 10 -74.986
v 23.96 10 -75.11
v 17.843 10 -73.805
v 14.331 10 -73.741
v 14.067 10 -73.629
v 16.86 10 -77.29
v 17.278 10 -78.24
v 17.056 10 -77.793
v 17.839 10 -79.014
v 17.536 10 -78.643
v 18.61 10 -79.71
v 18.194 10 -79.365
v 19.43 10 -80.251
v 18.97 10 -79.966
v 20.514 10 -80.846
v 19.955 10 -80.55
v 21.6 10 -81.36
v 21.073 10 -81.121
v 22.281 10 -81.65
v 22.771 10 -81.861
v 22.521 10 -81.754
v 23.311 10 -82.083
v 23.03 10 -81.97
v 24.009 10 -82.317
v 23.642 10 -82.201
v 24.783 10 -82.532
v 24.394 10 -82.429
v 25.802 10 -82.685
v 25.16 10 -82.62
v 28.177 10 -82.749
v 26.875 10 -82.728
v 30.666 10 -82.716
v 29.508 10 -82.745
v 32.301 10 -82.547
v 31.45 10 -82.66
v 33.658 10 -82.341
v 33.025 10 -82.442
v 34.781 10 -82.126
v 34.231 10 -82.238
v 35.617 10 -81.922
v 35.34 10 -82
v 36.44 10 -81.656
v 36.003 10 -81.801
v 37.249 10 -81.367
v 36.874 10 -81.505
v 38.509 10 -80.787
v 37.51 10 -81.26
v 40.104 10 -79.856
v 39.365 10 -80.325
v 41.335 10 -78.822
v 40.751 10 -79.361
v 42.166 10 -77.845
v 41.88 10 -78.22
v 42.673 10 -77.001
v 42.431 10 -77.437
v 43.066 10 -76.08
v 42.885 10 -76.547
v 43.306 10 -75.093
v 43.21 10 -75.61
v 43.382 10 -73.804
v 43.363 10 -74.478
v 43.306 10 -72.431
v 43.363 10 -73.109
v 42.997 10 -70.921
v 43.21 10 -71.81
v 42.377 10 -69.089
v 42.722 10 -70.021
v 41.445 10 -67.039
v 41.954 10 -68.102
v 40.872 10 -61.969
v 41.647 10 -60.702
v 41.03 10 -61.72
v 42.688 10 -58.572
v 42.199 10 -59.654
v 43.481 10 -56.29
v 43.114 10 -57.453
v 43.84 10 -54.683
v 43.79 10 -55.08
v 43.88 10 -53.351
v 43.87 10 -54.072
v 43.84 10 -51.996
v 43.87 10 -52.624
v 43.648 10 -50.932
v 43.79 10 -51.57
v 43.321 10 -49.754
v 43.492 10 -50.326
v 42.931 10 -48.706
v 43.134 10 -49.214
v 41.901 10 -46.827
v 42.71 10 -48.23
v 39.624 10 -43.975
v 40.862 10 -45.398
v 36.663 10 -41.27
v 38.214 10 -42.589
v 34.482 10 -39.716
v 35 10 -40.05
v 33.266 10 -38.975
v 33.88 10 -39.343
v 32.307 10 -38.434
v 32.717 10 -38.657
v 32.081 10 -38.34
v 32.11 10 -38.35
v 31.803 10 -38.22
v 31.51 10 -38.09
v 31.664 10 -38.158
v 30.452 10 -37.666
v 30.99 10 -37.867
v 29.265 10 -37.314
v 29.881 10 -37.482
v 27.84 10 -37.01
v 28.589 10 -37.158
v 21.95 10 -30.569
v 21.932 10 -29.496
v 21.94 10 -29.97
v 21.872 10 -28.756
v 21.909 10 -29.088
v 21.766 10 -28.354
v 21.824 10 -28.509
v 21.657 10 -28.322
v 21.7 10 -28.3
v 21.455 10 -28.476
v 21.573 10 -28.382
v 21.146 10 -28.741
v 21.31 10 -28.598
v 20.129 10 -29.701
v 20.97 10 -28.9
v 18.201 10 -31.679
v 19.179 10 -30.657
v 16.491 10 -33.573
v 17.278 10 -32.68
v 15.621 10 -34.699
v 15.92 10 -34.27
v 15.075 10 -35.747
v 15.347 10 -35.172
v 14.436 10 -37.43
v 14.779 10 -36.481
v 14.02 10 -38.65
v 13.848 10 -39.153
v 13.931 10 -38.903
v 13.709 10 -39.591
v 13.773 10 -39.386
v 13.63 10 -39.86
v 13.66 10 -39.753
v 13.502 10 -40.322
v 13.402 10 -40.695
v 13.48 10 -40.4
v 13.219 10 -41.416
v 13.313 10 -41.043
v 13.046 10 -42.127
v 13.127 10 -41.787
v 12.949 10 -42.555
v 12.98 10 -42.41
v 12.827 10 -43.115
v 12.749 10 -43.447
v 12.8 10 -43.21
v 12.727 10 -43.856
v 12.725 10 -43.665
v 12.806 10 -44.135
v 12.755 10 -44.015
v 13.033 10 -44.246
v 12.88 10 -44.21
v 13.564 10 -44.173
v 13.261 10 -44.233
v 14.384 10 -43.906
v 13.939 10 -44.063
v 14.963 10 -43.674
v 14.9 10 -43.7
v 15.097 10 -43.616
v 15.03 10 -43.645
v 20.186 10 -43.8
v 20.463 10 -43.907
v 20.39 10 -43.88
v 20.753 10 -44.019
v 21.168 10 -44.181
v 20.949 10 -44.096
v 27.38 10 -48.22
v 27.39 10 -48.294
v 27.382 10 -48.254
v 27.417 10 -48.383
v 27.401 10 -48.338
v 27.46 10 -48.47
v 27.437 10 -48.428
v 11.55 10 -52.51
v 11.532 10 -52.149
v 11.545 10 -52.343
v 11.485 10 -51.728
v 11.511 10 -51.94
v 11.42 10 -51.34
v 11.454 10 -51.524
v 11.349 10 -50.994
v 11.384 10 -51.167
v 11.284 10 -50.682
v 11.315 10 -50.83
v 11.24 10 -50.47
v 11.259 10 -50.559
v 11.205 10 -50.347
v 11.224 10 -50.406
v 11.165 10 -50.25
v 11.185 10 -50.294
v 11.13 10 -50.2
v 11.146 10 -50.218
v 11.054 10 -50.05
v 11.043 10 -49.963
v 11.05 10 -50.01
v 10.991 10 -49.838
v 11.023 10 -49.904
v 10.903 10 -49.692
v 10.951 10 -49.766
v 10.65 10 -49.38
v 10.85 10 -49.62
v 9.527 10 -50.363
v 10.16 10 -49.79
v 7.907 10 -51.974
v 8.753 10 -51.115
v 6.282 10 -53.728
v 7.061 10 -52.869
v 5.182 10 -55.07
v 5.64 10 -54.48
v 4.309 10 -56.408
v 4.739 10 -55.712
v 3.485 10 -57.965
v 3.891 10 -57.158
v 3.045 10 -58.932
v 3.09 10 -58.83
v 2.932 10 -59.188
v 2.991 10 -59.054
v 2.814 10 -59.463
v 2.872 10 -59.326
v 2.76 10 -59.59
v 2.38 10 -60.45
v 2.56 10 -60.036
v 2.096 10 -61.153
v 2.225 10 -60.825
v 1.93 10 -61.64
v 1.997 10 -61.427
v 1.773 10 -62.184
v 1.706 10 -62.555
v 1.75 10 -62.26
v 1.676 10 -63.616
v 1.681 10 -63.039
v 1.717 10 -64.681
v 1.689 10 -64.195
v 1.887 10 -65.34
v 1.76 10 -64.98
v 2.213 10 -65.999
v 2.037 10 -65.68
v 2.638 10 -66.574
v 2.413 10 -66.297
v 3.327 10 -67.208
v 2.89 10 -66.83
v 4.508 10 -68.091
v 3.873 10 -67.634
v 5.962 10 -69.044
v 5.211 10 -68.566
v 7.133 10 -69.738
v 6.74 10 -69.51
v 8.029 10 -70.243
v 7.562 10 -69.981
v 9.081 10 -70.821
v 8.535 10 -70.522
v 12.559 10 -72.787
v 13.059 10 -73.106
v 12.81 10 -72.95
v 13.383 10 -73.287
v 17.871 10 -73.244
v 21.732 10 -67.711
v 17.856 10 -73.947
v 14.48 10 -73.78
v 16.524 10 -76.447
v 21.822 10 -81.452
v 22.049 10 -81.549
v 31.923 10 -38.272
v 13.608 10 -39.942
v 13.528 10 -40.231
v 12.918 10 -42.706
v 12.856 10 -42.994
v 20.587 10 -43.954
v 21.4 10 -44.27
v 11.114 10 -50.185
v 1.899 10 -61.75
v 1.801 10 -62.088
v 9.67 10 -71.14
v 17.916 10 -73.05
v 18.822 10 -70.947
v 17.881 10 -74.059
v 40.84 10 -65.88
v 40.721 10 -62.217
v 32.017 10 -38.314
v 13.582 10 -40.036
v 13.555 10 -40.134
v 11.575 10 -52.847
v 11.064 10 -50.09
v 1.832 10 -61.98
v 12.091 10 -72.507
v 17.985 10 -72.829
v 21.63 10 -67.667
v 20.304 10 -74.881
v 17.924 10 -74.153
v 16.112 10 -75.633
v 40.567 10 -65.317
v 40.585 10 -62.454
v 21.982 10 -31.105
v 12.886 10 -42.855
v 27.524 10 -48.614
v 11.096 10 -50.16
v 1.866 10 -61.865
v 10.196 10 -71.428
v 17.989 10 -74.243
v 40.469 10 -62.666
v 22.04 10 -31.604
v 27.333 10 -48.084
v 11.079 10 -50.127
v 10.829 10 -71.783
v 11.488 10 -72.158
v 18.08 10 -74.34
v 15.663 10 -74.905
v 26.448 10 -36.668
v 18.317 10 -74.527
v 15.215 10 -74.317
v 40.37 10 -64.788
v 40.378 10 -62.842
v 22.128 10 -32.091
v 15.164 10 -43.588
v 18.682 10 -74.669
v 40.246 10 -64.29
v 40.32 10 -62.97
v 22.25 10 -32.595
v 15.225 10 -43.562
v 11.64 10 -53.15
v 18.082 10 -72.564
v 40.197 10 -63.822
v 40.222 10 -63.383
v 22.41 10 -33.14
v 15.28 10 -43.54
v 11.749 10 -53.424
v 18.21 10 -72.24
v 14.808 10 -73.923
v 22.827 10 -34.086
v 15.802 10 -43.355
v 11.903 10 -53.674
v 18.313 10 -71.998
v 25.25 10 -36.204
v 23.44 10 -34.912
v 16.346 10 -43.222
v 12.106 10 -53.904
v 18.42 10 -71.758
v 19.302 10 -74.781
v 24.247 10 -35.619
v 16.897 10 -43.143
v 12.36 10 -54.12
v 18.524 10 -71.531
v 13.028 10 -54.56
v 18.62 10 -71.329
v 17.441 10 -43.118
v 13.781 10 -54.9
v 18.704 10 -71.162
v 17.96 10 -43.15
v 14.676 10 -55.151
v 18.77 10 -71.04
v 25.726 10 -75.247
v 18.44 10 -43.24
v 15.773 10 -55.327
v 25.863 10 -75.201
v 18.736 10 -43.324
v 17.128 10 -55.439
v 26.058 10 -75.104
v 19.103 10 -43.437
v 18.8 10 -55.5
v 19.25 10 -70.196
v 26.323 10 -74.946
v 19.497 10 -43.564
v 20.281 10 -55.505
v 19.52 10 -69.791
v 26.676 10 -74.717
v 19.873 10 -43.69
v 21.541 10 -55.434
v 19.84 10 -69.346
v 27.13 10 -74.41
v 22.616 10 -55.281
v 20.18 10 -68.902
v 27.767 10 -73.959
v 23.546 10 -55.039
v 20.51 10 -68.5
v 28.313 10 -73.542
v 28.761 10 -73.164
v 22.446 10 -44.682
v 24.368 10 -54.701
v 29.103 10 -72.831
v 23.424 10 -45.111
v 25.12 10 -54.26
v 29.332 10 -72.551
v 24.315 10 -45.55
v 25.629 10 -53.878
v 25.103 10 -45.989
v 26.091 10 -53.457
v 29.44 10 -72.33
v 25.77 10 -46.418
v 26.501 10 -53.004
v 29.461 10 -72.072
v 26.3 10 -46.83
v 26.852 10 -52.527
v 29.394 10 -71.815
v 26.527 10 -47.05
v 27.137 10 -52.033
v 29.236 10 -71.556
v 26.769 10 -47.317
v 27.35 10 -51.53
v 28.986 10 -71.291
v 20.8 10 -68.18
v 28.641 10 -71.017
v 27.001 10 -47.6
v 20.951 10 -68.022
v 28.2 10 -70.73
v 27.198 10 -47.866
v 21.091 10 -67.88
v 27.673 10 -70.442
v 21.212 10 -67.76
v 26.91 10 -70.052
v 21.309 10 -67.667
v 26.017 10 -69.613
v 27.585 10 -48.812
v 21.374 10 -67.605
v 25.1 10 -69.174
v 27.639 10 -49.042
v 21.4 10 -67.58
v 24.263 10 -68.79
v 27.681 10 -49.285
v 21.421 10 -67.583
v 27.71 10 -49.518
v 21.47 10 -67.6
v 27.72 10 -49.72
v 21.541 10 -67.629
v 27.706 10 -49.947
v 27.666 10 -50.234
v 27.443 10 -51.228
v 27.606 10 -50.557
v 27.53 10 -50.896
f 2465 2466 2467
f 2468 2469 2470
f 2471 2468 2472
f 2473 2474 2475
f 2476 2473 2477
f 2478 2476 2479
f 2480 2481 2482
f 2483 2480 2484
f 2485 2486 2487
f 2466 2488 2467
f 2489 2466 2490
f 2491 2492 2493
f 2494 2491 2495
f 2496 2494 2497
f 2498 2496 2499
f 2500 2498 2501
f 2502 2500 2503
f 2504 2505 2506
f 2507 2504 2508
f 2509 2507 2510
f 2511 2509 2512
f 2513 2511 2514
f 2515 2513 2516
f 2517 2515 2518
f 2519 2517 2520
f 2521 2519 2522
f 2523 2521 2524
f 2525 2523 2526
f 2527 2525 2528
f 2529 2527 2530
f 2531 2529 2532
f 2533 2531 2534
f 2535 2533 2536
f 2537 2535 2538
f 2539 2537 2540
f 2541 2539 2542
f 2543 2541 2544
f 2545 2543 2546
f 2547 2545 2548
f 2549 2547 2550
f 2551 2549 2552
f 2553 2551 2554
f 2555 2556 2557
f 2558 2555 2559
f 2560 2558 2561
f 2562 2560 2563
f 2564 2562 2565
f 2566 2564 2567
f 2568 2566 2569
f 2570 2568 2571
f 2572 2570 2573
f 2574 2572 2575
f 2576 2574 2577
f 2578 2576 2579
f 2580 2578 2581
f 2582 2580 2583
f 2584 2582 2585
f 2586 2584 2587
f 2588 2589 2590
f 2591 2588 2592
f 2593 2591 2594
f 2595 2593 2596
f 2597 2598 2599
f 2600 2597 2601
f 2602 2600 2603
f 2604 2602 2605
f 2606 2604 2607
f 2608 2606 2609
f 2610 2608 2611
f 2612 2610 2613
f 2614 2612 2615
f 2616 2614 2617
f 2618 2616 2619
f 2620 2618 2621
f 2622 2623 2624
f 2625 2622 2626
f 2627 2625 2628
f 2629 2630 2631
f 2632 2629 2633
f 2634 2632 2635
f 2636 2634 2637
f 2638 2639 2640
f 2641 2638 2642
f 2643 2641 2644
f 2645 2643 2646
f 2647 2645 2648
f 2649 2647 2650
f 2651 2649 2652
f 2653 2651 2654
f 2655 2656 2657
f 2658 2659 2660
f 2661 2662 2663
f 2664 2661 2665
f 2666 2664 2667
f 2668 2669 2670
f 2671 2668 2672
f 2673 2671 2674
f 2675 2673 2676
f 2677 2675 2678
f 2679 2677 2680
f 2681 2679 2682
f 2683 2681 2684
f 2685 2683 2686
f 2687 2688 2689
f 2690 2687 2691
f 2692 2690 2693
f 2694 2692 2695
f 2696 2694 2697
f 2698 2696 2699
f 2700 2698 2701
f 2702 2700 2703
f 2704 2702 2705
f 2706 2704 2707
f 2708 2706 2709
f 2710 2708 2711
f 2712 2710 2713
f 2714 2715 2716
f 2717 2714 2718
f 2719 2717 2720
f 2721 2722 2723
f 2724 2721 2725
f 2726 2724 2727
f 2728 2726 2729
f 2730 2728 2731
f 2732 2730 2733
f 2734 2732 2735
f 2736 2734 2737
f 2738 2736 2739
f 2740 2738 2741
f 2742 2740 2743
f 2744 2742 2745
f 2746 2747 2748
f 2466 2746 2749
f 2750 2466 2465
f 2471 2469 2468
f 2473 2751 2474
f 2478 2473 2476
f 2483 2481 2480
f 2485 2483 2486
f 2466 2752 2488
f 2753 2466 2489
f 2491 2754 2492
f 2496 2491 2494
f 2500 2496 2498
f 2755 2500 2502
f 2504 2756 2505
f 2509 2504 2507
f 2513 2509 2511
f 2517 2513 2515
f 2521 2517 2519
f 2525 2521 2523
f 2529 2525 2527
f 2533 2529 2531
f 2537 2533 2535
f 2541 2537 2539
f 2545 2541 2543
f 2549 2545 2547
f 2553 2549 2551
f 2558 2556 2555
f 2562 2558 2560
f 2566 2562 2564
f 2570 2566 2568
f 2574 2570 2572
f 2578 2574 2576
f 2582 2578 2580
f 2586 2582 2584
f 2588 2757 2589
f 2593 2588 2591
f 2600 2598 2597
f 2604 2600 2602
f 2608 2604 2606
f 2612 2608 2610
f 2616 2612 2614
f 2620 2616 2618
f 2625 2623 2622
f 2758 2625 2627
f 2629 2759 2630
f 2634 2629 2632
f 2760 2634 2636
f 2638 2761 2639
f 2643 2638 2641
f 2647 2643 2645
f 2651 2647 2649
f 2762 2656 2655
f 2763 2659 2658
f 2664 2662 2661
f 2671 2669 2668
f 2675 2671 2673
f 2679 2675 2677
f 2683 2679 2681
f 2764 2683 2685
f 2690 2688 2687
f 2694 2690 2692
f 2698 2694 2696
f 2702 2698 2700
f 2706 2702 2704
f 2710 2706 2708
f 2715 2710 2712
f 2717 2715 2714
f 2765 2717 2719
f 2721 2766 2722
f 2726 2721 2724
f 2730 2726 2728
f 2734 2730 2732
f 2738 2734 2736
f 2742 2738 2740
f 2767 2742 2744
f 2466 2747 2746
f 2768 2466 2750
f 2471 2769 2469
f 2478 2751 2473
f 2485 2481 2483
f 2466 2770 2752
f 2496 2754 2491
f 2755 2496 2500
f 2509 2756 2504
f 2517 2509 2513
f 2525 2517 2521
f 2533 2525 2529
f 2541 2533 2537
f 2549 2541 2545
f 2771 2549 2553
f 2558 2772 2556
f 2566 2558 2562
f 2574 2566 2570
f 2582 2574 2578
f 2773 2582 2586
f 2593 2757 2588
f 2604 2598 2600
f 2612 2604 2608
f 2620 2612 2616
f 2625 2620 2623
f 2774 2625 2758
f 2629 2775 2759
f 2760 2629 2634
f 2643 2761 2638
f 2651 2643 2647
f 2763 2762 2659
f 2666 2662 2664
f 2671 2776 2669
f 2679 2671 2675
f 2764 2679 2683
f 2690 2777 2688
f 2698 2690 2694
f 2706 2698 2702
f 2715 2706 2710
f 2765 2715 2717
f 2721 2778 2766
f 2730 2721 2726
f 2738 2730 2734
f 2767 2738 2742
f 2466 2779 2747
f 2780 2466 2768
f 2478 2781 2751
f 2782 2481 2485
f 2466 2783 2770
f 2496 2784 2754
f 2756 2496 2755
f 2517 2756 2509
f 2533 2517 2525
f 2549 2533 2541
f 2785 2549 2771
f 2558 2786 2772
f 2574 2558 2566
f 2773 2574 2582
f 2593 2773 2757
f 2604 2787 2598
f 2620 2604 2612
f 2774 2620 2625
f 2629 2774 2775
f 2788 2629 2760
f 2643 2788 2761
f 2653 2643 2651
f 2789 2662 2666
f 2679 2776 2671
f 2790 2679 2764
f 2698 2777 2690
f 2715 2698 2706
f 2791 2715 2765
f 2721 2791 2778
f 2738 2721 2730
f 2792 2738 2767
f 2780 2779 2466
f 2466 2793 2783
f 2756 2784 2496
f 2533 2756 2517
f 2785 2533 2549
f 2558 2794 2786
f 2773 2558 2574
f 2595 2773 2593
f 2604 2795 2787
f 2774 2604 2620
f 2788 2774 2629
f 2653 2788 2643
f 2789 2796 2662
f 2790 2776 2679
f 2698 2797 2777
f 2791 2698 2715
f 2738 2791 2721
f 2798 2738 2792
f 2780 2799 2779
f 2466 2800 2793
f 2756 2801 2784
f 2785 2756 2533
f 2773 2794 2558
f 2802 2773 2595
f 2774 2795 2604
f 2653 2774 2788
f 2797 2776 2790
f 2791 2797 2698
f 2798 2791 2738
f 2780 2798 2799
f 2466 2803 2800
f 2756 2804 2801
f 2805 2756 2785
f 2773 2806 2794
f 2774 2807 2795
f 2808 2774 2653
f 2791 2776 2797
f 2780 2791 2798
f 2466 2809 2803
f 2810 2756 2805
f 2773 2811 2806
f 2774 2812 2807
f 2813 2774 2808
f 2791 2814 2776
f 2815 2791 2780
f 2753 2809 2466
f 2816 2756 2810
f 2773 2817 2811
f 2774 2818 2812
f 2819 2774 2813
f 2791 2820 2814
f 2821 2791 2815
f 2822 2809 2753
f 2817 2756 2816
f 2802 2817 2773
f 2774 2823 2818
f 2824 2774 2819
f 2791 2825 2820
f 2826 2791 2821
f 2804 2809 2822
f 2827 2817 2802
f 2774 2828 2823
f 2829 2774 2824
f 2791 2830 2825
f 2831 2791 2826
f 2804 2832 2809
f 2833 2817 2827
f 2774 2833 2828
f 2834 2774 2829
f 2791 2835 2830
f 2836 2791 2831
f 2756 2832 2804
f 2834 2833 2774
f 2791 2837 2835
f 2838 2791 2836
f 2756 2782 2832
f 2839 2833 2834
f 2791 2840 2837
f 2841 2791 2838
f 2756 2481 2782
f 2842 2833 2839
f 2791 2843 2840
f 2844 2791 2841
f 2756 2845 2481
f 2846 2833 2842
f 2791 2847 2843
f 2769 2791 2844
f 2756 2848 2845
f 2849 2833 2846
f 2791 2850 2847
f 2471 2791 2769
f 2756 2851 2848
f 2852 2833 2849
f 2791 2853 2850
f 2854 2791 2471
f 2756 2855 2851
f 2856 2833 2852
f 2791 2857 2853
f 2858 2791 2854
f 2756 2859 2855
f 2860 2833 2856
f 2791 2861 2857
f 2862 2791 2858
f 2756 2863 2859
f 2656 2833 2860
f 2791 2864 2861
f 2865 2791 2862
f 2756 2866 2863
f 2762 2833 2656
f 2791 2867 2864
f 2868 2791 2865
f 2756 2869 2866
f 2763 2833 2762
f 2868 2867 2791
f 2756 2870 2869
f 2871 2833 2763
f 2868 2872 2867
f 2756 2873 2870
f 2874 2833 2871
f 2868 2875 2872
f 2756 2876 2873
f 2877 2833 2874
f 2868 2878 2875
f 2817 2876 2756
f 2879 2833 2877
f 2868 2880 2878
f 2817 2881 2876
f 2882 2833 2879
f 2868 2883 2880
f 2817 2884 2881
f 2885 2833 2882
f 2868 2886 2883
f 2817 2887 2884
f 2888 2833 2885
f 2868 2889 2886
f 2817 2890 2887
f 2891 2833 2888
f 2868 2892 2889
f 2817 2893 2890
f 2891 2817 2833
f 2894 2892 2868
f 2817 2895 2893
f 2896 2817 2891
f 2897 2892 2894
f 2817 2898 2895
f 2899 2817 2896
f 2900 2892 2897
f 2817 2901 2898
f 2796 2817 2899
f 2902 2892 2900
f 2817 2903 2901
f 2789 2817 2796
f 2904 2892 2902
f 2817 2905 2903
f 2906 2817 2789
f 2907 2892 2904
f 2817 2908 2905
f 2909 2817 2906
f 2910 2892 2907
f 2817 2911 2908
f 2912 2817 2909
f 2913 2892 2910
f 2817 2478 2911
f 2914 2817 2912
f 2915 2892 2913
f 2817 2781 2478
f 2916 2817 2914
f 2917 2892 2915
f 2817 2917 2781
f 2918 2817 2916
f 2817 2892 2917
f 2919 2817 2918
f 2817 2920 2892
f 2921 2817 2919
f 2817 2922 2920
f 2922 2817 2921
f 2923 2924 2925
f 2926 2927 2928
f 2927 2929 2930
f 2931 2932 2933
f 2932 2934 2935
f 2934 2936 2937
f 2938 2939 2940
f 2939 2941 2942
f 2943 2944 2945
f 2946 2923 2925
f 2923 2947 2948
f 2949 2950 2951
f 2950 2952 2953
f 2952 2954 2955
f 2954 2956 2957
f 2956 2958 2959
f 2958 2960 2961
f 2962 2963 2964
f 2963 2965 2966
f 2965 2967 2968
f 2967 2969 2970
f 2969 2971 2972
f 2971 2973 2974
f 2973 2975 2976
f 2975 2977 2978
f 2977 2979 2980
f 2979 2981 2982
f 2981 2983 2984
f 2983 2985 2986
f 2985 2987 2988
f 2987 2989 2990
f 2989 2991 2992
f 2991 2993 2994
f 2993 2995 2996
f 2995 2997 2998
f 2997 2999 3000
f 2999 3001 3002
f 3001 3003 3004
f 3003 3005 3006
f 3005 3007 3008
f 3007 3009 3010
f 3009 3011 3012
f 3013 3014 3015
f 3014 3016 3017
f 3016 3018 3019
f 3018 3020 3021
f 3020 3022 3023
f 3022 3024 3025
f 3024 3026 3027
f 3026 3028 3029
f 3028 3030 3031
f 3030 3032 3033
f 3032 3034 3035
f 3034 3036 3037
f 3036 3038 3039
f 3038 3040 3041
f 3040 3042 3043
f 3042 3044 3045
f 3046 3047 3048
f 3047 3049 3050
f 3049 3051 3052
f 3051 3053 3054
f 3055 3056 3057
f 3056 3058 3059
f 3058 3060 3061
f 3060 3062 3063
f 3062 3064 3065
f 3064 3066 3067
f 3066 3068 3069
f 3068 3070 3071
f 3070 3072 3073
f 3072 3074 3075
f 3074 3076 3077
f 3076 3078 3079
f 3080 3081 3082
f 3081 3083 3084
f 3083 3085 3086
f 3087 3088 3089
f 3088 3090 3091
f 3090 3092 3093
f 3092 3094 3095
f 3096 3097 3098
f 3097 3099 3100
f 3099 3101 3102
f 3101 3103 3104
f 3103 3105 3106
f 3105 3107 3108
f 3107 3109 3110
f 3109 3111 3112
f 3113 3114 3115
f 3116 3117 3118
f 3119 3120 3121
f 3120 3122 3123
f 3122 3124 3125
f 3126 3127 3128
f 3127 3129 3130
f 3129 3131 3132
f 3131 3133 3134
f 3133 3135 3136
f 3135 3137 3138
f 3137 3139 3140
f 3139 3141 3142
f 3141 3143 3144
f 3145 3146 3147
f 3146 3148 3149
f 3148 3150 3151
f 3150 3152 3153
f 3152 3154 3155
f 3154 3156 3157
f 3156 3158 3159
f 3158 3160 3161
f 3160 3162 3163
f 3162 3164 3165
f 3164 3166 3167
f 3166 3168 3169
f 3168 3170 3171
f 3172 3173 3174
f 3173 3175 3176
f 3175 3177 3178
f 3179 3180 3181
f 3180 3182 3183
f 3182 3184 3185
f 3184 3186 3187
f 3186 3188 3189
f 3188 3190 3191
f 3190 3192 3193
f 3192 3194 3195
f 3194 3196 3197
f 3196 3198 3199
f 3198 3200 3201
f 3200 3202 3203
f 3204 3205 3206
f 3205 2923 3207
f 2923 3208 2924
f 2926 2929 2927
f 3209 2932 2931
f 2932 2936 2934
f 2938 2941 2939
f 2941 2944 2943
f 3210 2923 2946
f 2923 3211 2947
f 3212 2950 2949
f 2950 2954 2952
f 2954 2958 2956
f 2958 3213 2960
f 3214 2963 2962
f 2963 2967 2965
f 2967 2971 2969
f 2971 2975 2973
f 2975 2979 2977
f 2979 2983 2981
f 2983 2987 2985
f 2987 2991 2989
f 2991 2995 2993
f 2995 2999 2997
f 2999 3003 3001
f 3003 3007 3005
f 3007 3011 3009
f 3013 3016 3014
f 3016 3020 3018
f 3020 3024 3022
f 3024 3028 3026
f 3028 3032 3030
f 3032 3036 3034
f 3036 3040 3038
f 3040 3044 3042
f 3215 3047 3046
f 3047 3051 3049
f 3055 3058 3056
f 3058 3062 3060
f 3062 3066 3064
f 3066 3070 3068
f 3070 3074 3072
f 3074 3078 3076
f 3080 3083 3081
f 3083 3216 3085
f 3217 3088 3087
f 3088 3092 3090
f 3092 3218 3094
f 3219 3097 3096
f 3097 3101 3099
f 3101 3105 3103
f 3105 3109 3107
f 3113 3220 3114
f 3116 3221 3117
f 3119 3122 3120
f 3126 3129 3127
f 3129 3133 3131
f 3133 3137 3135
f 3137 3141 3139
f 3141 3222 3143
f 3145 3148 3146
f 3148 3152 3150
f 3152 3156 3154
f 3156 3160 3158
f 3160 3164 3162
f 3164 3168 3166
f 3168 3172 3170
f 3172 3175 3173
f 3175 3223 3177
f 3224 3180 3179
f 3180 3184 3182
f 3184 3188 3186
f 3188 3192 3190
f 3192 3196 3194
f 3196 3200 3198
f 3200 3225 3202
f 3204 2923 3205
f 2923 3226 3208
f 3227 2929 2926
f 3209 2936 2932
f 2938 2944 2941
f 3228 2923 3210
f 3212 2954 2950
f 2954 3213 2958
f 3214 2967 2963
f 2967 2975 2971
f 2975 2983 2979
f 2983 2991 2987
f 2991 2999 2995
f 2999 3007 3003
f 3007 3229 3011
f 3230 3016 3013
f 3016 3024 3020
f 3024 3032 3028
f 3032 3040 3036
f 3040 3231 3044
f 3215 3051 3047
f 3055 3062 3058
f 3062 3070 3066
f 3070 3078 3074
f 3078 3083 3080
f 3083 3232 3216
f 3233 3088 3217
f 3088 3218 3092
f 3219 3101 3097
f 3101 3109 3105
f 3220 3221 3116
f 3119 3124 3122
f 3234 3129 3126
f 3129 3137 3133
f 3137 3222 3141
f 3235 3148 3145
f 3148 3156 3152
f 3156 3164 3160
f 3164 3172 3168
f 3172 3223 3175
f 3236 3180 3224
f 3180 3188 3184
f 3188 3196 3192
f 3196 3225 3200
f 3237 2923 3204
f 2923 3238 3226
f 3239 2936 3209
f 2938 3240 2944
f 3241 2923 3228
f 3242 2954 3212
f 2954 3214 3213
f 3214 2975 2967
f 2975 2991 2983
f 2991 3007 2999
f 3007 3243 3229
f 3244 3016 3230
f 3016 3032 3024
f 3032 3231 3040
f 3231 3051 3215
f 3245 3062 3055
f 3062 3078 3070
f 3078 3232 3083
f 3232 3088 3233
f 3088 3246 3218
f 3246 3101 3219
f 3101 3111 3109
f 3119 3247 3124
f 3234 3137 3129
f 3137 3248 3222
f 3235 3156 3148
f 3156 3172 3164
f 3172 3249 3223
f 3249 3180 3236
f 3180 3196 3188
f 3196 3250 3225
f 3237 3238 2923
f 3251 2923 3241
f 3242 3214 2954
f 3214 2991 2975
f 2991 3243 3007
f 3252 3016 3244
f 3016 3231 3032
f 3231 3053 3051
f 3253 3062 3245
f 3062 3232 3078
f 3232 3246 3088
f 3246 3111 3101
f 3254 3247 3119
f 3234 3248 3137
f 3255 3156 3235
f 3156 3249 3172
f 3249 3196 3180
f 3196 3256 3250
f 3257 3238 3237
f 3258 2923 3251
f 3259 3214 3242
f 3214 3243 2991
f 3252 3231 3016
f 3231 3260 3053
f 3253 3232 3062
f 3232 3111 3246
f 3234 3255 3248
f 3255 3249 3156
f 3249 3256 3196
f 3256 3238 3257
f 3261 2923 3258
f 3262 3214 3259
f 3214 3263 3243
f 3264 3231 3252
f 3265 3232 3253
f 3232 3266 3111
f 3234 3249 3255
f 3249 3238 3256
f 3267 2923 3261
f 3214 3268 3263
f 3269 3231 3264
f 3270 3232 3265
f 3232 3271 3266
f 3272 3249 3234
f 3249 3273 3238
f 3267 3211 2923
f 3214 3274 3268
f 3275 3231 3269
f 3276 3232 3270
f 3232 3277 3271
f 3278 3249 3272
f 3249 3279 3273
f 3267 3280 3211
f 3214 3275 3274
f 3275 3260 3231
f 3281 3232 3276
f 3232 3282 3277
f 3283 3249 3278
f 3249 3284 3279
f 3267 3262 3280
f 3275 3285 3260
f 3286 3232 3281
f 3232 3287 3282
f 3288 3249 3283
f 3249 3289 3284
f 3290 3262 3267
f 3275 3291 3285
f 3291 3232 3286
f 3232 3292 3287
f 3293 3249 3288
f 3249 3294 3289
f 3290 3214 3262
f 3291 3292 3232
f 3295 3249 3293
f 3249 3296 3294
f 3240 3214 3290
f 3291 3297 3292
f 3298 3249 3295
f 3249 3299 3296
f 2938 3214 3240
f 3291 3300 3297
f 3301 3249 3298
f 3249 3302 3299
f 3303 3214 2938
f 3291 3304 3300
f 3305 3249 3301
f 3249 3227 3302
f 3306 3214 3303
f 3291 3307 3304
f 3308 3249 3305
f 3249 2929 3227
f 3309 3214 3306
f 3291 3310 3307
f 3311 3249 3308
f 3249 3312 2929
f 3313 3214 3309
f 3291 3314 3310
f 3315 3249 3311
f 3249 3316 3312
f 3317 3214 3313
f 3291 3318 3314
f 3319 3249 3315
f 3249 3320 3316
f 3321 3214 3317
f 3291 3113 3318
f 3322 3249 3319
f 3249 3323 3320
f 3324 3214 3321
f 3291 3220 3113
f 3325 3249 3322
f 3249 3326 3323
f 3327 3214 3324
f 3291 3221 3220
f 3325 3326 3249
f 3328 3214 3327
f 3291 3329 3221
f 3330 3326 3325
f 3331 3214 3328
f 3291 3332 3329
f 3333 3326 3330
f 3334 3214 3331
f 3291 3335 3332
f 3336 3326 3333
f 3334 3275 3214
f 3291 3337 3335
f 3338 3326 3336
f 3339 3275 3334
f 3291 3340 3337
f 3341 3326 3338
f 3342 3275 3339
f 3291 3343 3340
f 3344 3326 3341
f 3345 3275 3342
f 3291 3346 3343
f 3347 3326 3344
f 3348 3275 3345
f 3291 3349 3346
f 3350 3326 3347
f 3351 3275 3348
f 3275 3349 3291
f 3350 3352 3326
f 3353 3275 3351
f 3275 3354 3349
f 3350 3355 3352
f 3356 3275 3353
f 3275 3357 3354
f 3350 3358 3355
f 3359 3275 3356
f 3275 3254 3357
f 3350 3360 3358
f 3361 3275 3359
f 3275 3247 3254
f 3350 3362 3360
f 3363 3275 3361
f 3275 3364 3247
f 3350 3365 3362
f 3366 3275 3363
f 3275 3367 3364
f 3350 3368 3365
f 3369 3275 3366
f 3275 3370 3367
f 3350 3371 3368
f 2936 3275 3369
f 3275 3372 3370
f 3350 3373 3371
f 3239 3275 2936
f 3275 3374 3372
f 3350 3375 3373
f 3375 3275 3239
f 3275 3376 3374
f 3350 3275 3375
f 3275 3377 3376
f 3378 3275 3350
f 3275 3379 3377
f 3380 3275 3378
f 3275 3380 3379
f 2611 3069 2610
f 2610 3069 3068
f 2610 3068 2613
f 2613 3068 3071
f 2613 3071 2612
f 2612 3071 3070
f 2612 3070 2615
f 2615 3070 3073
f 2615 3073 2614
f 2614 3073 3072
f 2614 3072 2617
f 2617 3072 3075
f 2617 3075 2616
f 2616 3075 3074
f 2616 3074 2619
f 2619 3074 3077
f 2619 3077 2618
f 2618 3077 3076
f 2618 3076 2621
f 2621 3076 3079
f 2621 3079 2620
f 2620 3079 3078
f 2620 3078 2623
f 2623 3078 3080
f 2623 3080 2624
f 2624 3080 3082
f 2624 3082 2622
f 2622 3082 3081
f 2622 3081 2626
f 2626 3081 3084
f 2626 3084 2625
f 2625 3084 3083
f 2625 3083 2628
f 2628 3083 3086
f 2628 3086 2627
f 2627 3086 3085
f 2627 3085 2758
f 2758 3085 3216
f 2758 3216 2774
f 2774 3216 3232
f 2774 3232 2775
f 2775 3232 3233
f 2775 3233 2759
f 2759 3233 3217
f 2759 3217 2630
f 2630 3217 3087
f 2630 3087 2631
f 2631 3087 3089
f 2631 3089 2629
f 2629 3089 3088
f 2629 3088 2633
f 2633 3088 3091
f 2633 3091 2632
f 2632 3091 3090
f 2632 3090 2635
f 2635 3090 3093
f 2635 3093 2634
f 2634 3093 3092
f 2634 3092 2637
f 2637 3092 3095
f 2637 3095 2636
f 2636 3095 3094
f 2636 3094 2760
f 2760 3094 3218
f 2760 3218 2788
f 2788 3218 3246
f 2788 3246 2761
f 2761 3246 3219
f 2761 3219 2639
f 2639 3219 3096
f 2639 3096 2640
f 2640 3096 3098
f 2640 3098 2638
f 2638 3098 3097
f 2638 3097 2642
f 2642 3097 3100
f 2642 3100 2641
f 2641 3100 3099
f 2641 3099 2644
f 2644 3099 3102
f 2644 3102 2643
f 2643 3102 3101
f 2643 3101 2646
f 2646 3101 3104
f 2646 3104 2645
f 2645 3104 3103
f 2645 3103 2648
f 2648 3103 3106
f 2648 3106 2647
f 2647 3106 3105
f 2647 3105 2650
f 2650 3105 3108
f 2650 3108 2649
f 2649 3108 3107
f 2649 3107 2652
f 2652 3107 3110
f 2652 3110 2651
f 2651 3110 3109
f 2651 3109 2654
f 2654 3109 3112
f 2654 3112 2653
f 2653 3112 3111
f 2653 3111 2808
f 2808 3111 3266
f 2808 3266 2813
f 2813 3266 3271
f 2813 3271 2819
f 2819 3271 3277
f 2819 3277 2824
f 2824 3277 3282
f 2824 3282 2829
f 2829 3282 3287
f 2829 3287 2834
f 2834 3287 3292
f 2834 3292 2839
f 2839 3292 3297
f 2839 3297 2842
f 2842 3297 3300
f 2842 3300 2846
f 2846 3300 3304
f 2846 3304 2849
f 2849 3304 3307
f 2849 3307 2852
f 2852 3307 3310
f 2852 3310 2856
f 2856 3310 3314
f 2856 3314 2860
f 2860 3314 3318
f 2860 3318 2656
f 2656 3318 3113
f 2656 3113 2657
f 2657 3113 3115
f 2657 3115 2655
f 2655 3115 3114
f 2655 3114 2762
f 2762 3114 3220
f 2762 3220 2659
f 2659 3220 3116
f 2659 3116 2660
f 2660 3116 3118
f 2660 3118 2658
f 2658 3118 3117
f 2658 3117 2763
f 2763 3117 3221
f 2763 3221 2871
f 2871 3221 3329
f 2871 3329 2874
f 2874 3329 3332
f 2874 3332 2877
f 2877 3332 3335
f 2877 3335 2879
f 2879 3335 3337
f 2879 3337 2882
f 2882 3337 3340
f 2882 3340 2885
f 2885 3340 3343
f 2885 3343 2888
f 2888 3343 3346
f 2888 3346 2891
f 2891 3346 3349
f 2891 3349 2896
f 2896 3349 3354
f 2896 3354 2899
f 2899 3354 3357
f 2899 3357 2796
f 2796 3357 3254
f 2796 3254 2662
f 2662 3254 3119
f 2662 3119 2663
f 2663 3119 3121
f 2663 3121 2661
f 2661 3121 3120
f 2661 3120 2665
f 2665 3120 3123
f 2665 3123 2664
f 2664 3123 3122
f 2664 3122 2667
f 2667 3122 3125
f 2667 3125 2666
f 2666 3125 3124
f 2666 3124 2789
f 2789 3124 3247
f 2789 3247 2906
f 2906 3247 3364
f 2906 3364 2909
f 2909 3364 3367
f 2909 3367 2912
f 2912 3367 3370
f 2912 3370 2914
f 2914 3370 3372
f 2914 3372 2916
f 2916 3372 3374
f 2916 3374 2918
f 2918 3374 3376
f 2918 3376 2919
f 2919 3376 3377
f 2919 3377 2921
f 2921 3377 3379
f 2921 3379 2922
f 2922 3379 3380
f 2922 3380 2920
f 2920 3380 3378
f 2920 3378 2892
f 2892 3378 3350
f 2892 3350 2889
f 2889 3350 3347
f 2889 3347 2886
f 2886 3347 3344
f 2886 3344 2883
f 2883 3344 3341
f 2883 3341 2880
f 2880 3341 3338
f 2880 3338 2878
f 2878 3338 3336
f 2878 3336 2875
f 2875 3336 3333
f 2875 3333 2872
f 2872 3333 3330
f 2872 3330 2867
f 2867 3330 3325
f 2867 3325 2864
f 2864 3325 3322
f 2864 3322 2861
f 2861 3322 3319
f 2861 3319 2857
f 2857 3319 3315
f 2857 3315 2853
f 2853 3315 3311
f 2853 3311 2850
f 2850 3311 3308
f 2850 3308 2847
f 2847 3308 3305
f 2847 3305 2843
f 2843 3305 3301
f 2843 3301 2840
f 2840 3301 3298
f 2840 3298 2837
f 2837 3298 3295
f 2837 3295 2835
f 2835 3295 3293
f 2835 3293 2830
f 2830 3293 3288
f 2830 3288 2825
f 2825 3288 3283
f 2825 3283 2820
f 2820 3283 3278
f 2820 3278 2814
f 2814 3278 3272
f 2814 3272 2776
f 2776 3272 3234
f 2776 3234 2669
f 2669 3234 3126
f 2669 3126 2670
f 2670 3126 3128
f 2670 3128 2668
f 2668 3128 3127
f 2668 3127 2672
f 2672 3127 3130
f 2672 3130 2671
f 2671 3130 3129
f 2671 3129 2674
f 2674 3129 3132
f 2674 3132 2673
f 2673 3132 3131
f 2673 3131 2676
f 2676 3131 3134
f 2676 3134 2675
f 2675 3134 3133
f 2675 3133 2678
f 2678 3133 3136
f 2678 3136 2677
f 2677 3136 3135
f 2677 3135 2680
f 2680 3135 3138
f 2680 3138 2679
f 2679 3138 3137
f 2679 3137 2682
f 2682 3137 3140
f 2682 3140 2681
f 2681 3140 3139
f 2681 3139 2684
f 2684 3139 3142
f 2684 3142 2683
f 2683 3142 3141
f 2683 3141 2686
f 2686 3141 3144
f 2686 3144 2685
f 2685 3144 3143
f 2685 3143 2764
f 2764 3143 3222
f 2764 3222 2790
f 2790 3222 3248
f 2790 3248 2797
f 2797 3248 3255
f 2797 3255 2777
f 2777 3255 3235
f 2777 3235 2688
f 2688 3235 3145
f 2688 3145 2689
f 2689 3145 3147
f 2689 3147 2687
f 2687 3147 3146
f 2687 3146 2691
f 2691 3146 3149
f 2691 3149 2690
f 2690 3149 3148
f 2690 3148 2693
f 2693 3148 3151
f 2693 3151 2692
f 2692 3151 3150
f 2692 3150 2695
f 2695 3150 3153
f 2695 3153 2694
f 2694 3153 3152
f 2694 3152 2697
f 2697 3152 3155
f 2697 3155 2696
f 2696 3155 3154
f 2696 3154 2699
f 2699 3154 3157
f 2699 3157 2698
f 2698 3157 3156
f 2698 3156 2701
f 2701 3156 3159
f 2701 3159 2700
f 2700 3159 3158
f 2700 3158 2703
f 2703 3158 3161
f 2703 3161 2702
f 2702 3161 3160
f 2702 3160 2705
f 2705 3160 3163
f 2705 3163 2704
f 2704 3163 3162
f 2704 3162 2707
f 2707 3162 3165
f 2707 3165 2706
f 2706 3165 3164
f 2706 3164 2709
f 2709 3164 3167
f 2709 3167 2708
f 2708 3167 3166
f 2708 3166 2711
f 2711 3166 3169
f 2711 3169 2710
f 2710 3169 3168
f 2710 3168 2713
f 2713 3168 3171
f 2713 3171 2712
f 2712 3171 3170
f 2712 3170 2715
f 2715 3170 3172
f 2715 3172 2716
f 2716 3172 3174
f 2716 3174 2714
f 2714 3174 3173
f 2714 3173 2718
f 2718 3173 3176
f 2718 3176 2717
f 2717 3176 3175
f 2717 3175 2720
f 2720 3175 3178
f 2720 3178 2719
f 2719 3178 3177
f 2719 3177 2765
f 2765 3177 3223
f 2765 3223 2791
f 2791 3223 3249
f 2791 3249 2778
f 2778 3249 3236
f 2778 3236 2766
f 2766 3236 3224
f 2766 3224 2722
f 2722 3224 3179
f 2722 3179 2723
f 2723 3179 3181
f 2723 3181 2721
f 2721 3181 3180
f 2721 3180 2725
f 2725 3180 3183
f 2725 3183 2724
f 2724 3183 3182
f 2724 3182 2727
f 2727 3182 3185
f 2727 3185 2726
f 2726 3185 3184
f 2726 3184 2729
f 2729 3184 3187
f 2729 3187 2728
f 2728 3187 3186
f 2728 3186 2731
f 2731 3186 3189
f 2731 3189 2730
f 2730 3189 3188
f 2730 3188 2733
f 2733 3188 3191
f 2733 3191 2732
f 2732 3191 3190
f 2732 3190 2735
f 2735 3190 3193
f 2735 3193 2734
f 2734 3193 3192
f 2734 3192 2737
f 2737 3192 3195
f 2737 3195 2736
f 2736 3195 3194
f 2736 3194 2739
f 2739 3194 3197
f 2739 3197 2738
f 2738 3197 3196
f 2738 3196 2741
f 2741 3196 3199
f 2741 3199 2740
f 2740 3199 3198
f 2740 3198 2743
f 2743 3198 3201
f 2743 3201 2742
f 2742 3201 3200
f 2742 3200 2745
f 2745 3200 3203
f 2745 3203 2744
f 2744 3203 3202
f 2744 3202 2767
f 2767 3202 3225
f 2767 3225 2792
f 2792 3225 3250
f 2792 3250 2798
f 2798 3250 3256
f 2798 3256 2799
f 2799 3256 3257
f 2799 3257 2779
f 2779 3257 3237
f 2779 3237 2747
f 2747 3237 3204
f 2747 3204 2748
f 2748 3204 3206
f 2748 3206 2746
f 2746 3206 3205
f 2746 3205 2749
f 2749 3205 3207
f 2749 3207 2466
f 2466 3207 2923
f 2466 2923 2490
f 2490 2923 2948
f 2490 2948 2489
f 2489 2948 2947
f 2489 2947 2753
f 2753 2947 3211
f 2753 3211 2822
f 2822 3211 3280
f 2822 3280 2804
f 2804 3280 3262
f 2804 3262 2801
f 2801 3262 3259
f 2801 3259 2784
f 2784 3259 3242
f 2784 3242 2754
f 2754 3242 3212
f 2754 3212 2492
f 2492 3212 2949
f 2492 2949 2493
f 2493 2949 2951
f 2493 2951 2491
f 2491 2951 2950
f 2491 2950 2495
f 2495 2950 2953
f 2495 2953 2494
f 2494 2953 2952
f 2494 2952 2497
f 2497 2952 2955
f 2497 2955 2496
f 2496 2955 2954
f 2496 2954 2499
f 2499 2954 2957
f 2499 2957 2498
f 2498 2957 2956
f 2498 2956 2501
f 2501 2956 2959
f 2501 2959 2500
f 2500 2959 2958
f 2500 2958 2503
f 2503 2958 2961
f 2503 2961 2502
f 2502 2961 2960
f 2502 2960 2755
f 2755 2960 3213
f 2755 3213 2756
f 2756 3213 3214
f 2756 3214 2505
f 2505 3214 2962
f 2505 2962 2506
f 2506 2962 2964
f 2506 2964 2504
f 2504 2964 2963
f 2504 2963 2508
f 2508 2963 2966
f 2508 2966 2507
f 2507 2966 2965
f 2507 2965 2510
f 2510 2965 2968
f 2510 2968 2509
f 2509 2968 2967
f 2509 2967 2512
f 2512 2967 2970
f 2512 2970 2511
f 2511 2970 2969
f 2511 2969 2514
f 2514 2969 2972
f 2514 2972 2513
f 2513 2972 2971
f 2513 2971 2516
f 2516 2971 2974
f 2516 2974 2515
f 2515 2974 2973
f 2515 2973 2518
f 2518 2973 2976
f 2518 2976 2517
f 2517 2976 2975
f 2517 2975 2520
f 2520 2975 2978
f 2520 2978 2519
f 2519 2978 2977
f 2519 2977 2522
f 2522 2977 2980
f 2522 2980 2521
f 2521 2980 2979
f 2521 2979 2524
f 2524 2979 2982
f 2524 2982 2523
f 2523 2982 2981
f 2523 2981 2526
f 2526 2981 2984
f 2526 2984 2525
f 2525 2984 2983
f 2525 2983 2528
f 2528 2983 2986
f 2528 2986 2527
f 2527 2986 2985
f 2527 2985 2530
f 2530 2985 2988
f 2530 2988 2529
f 2529 2988 2987
f 2529 2987 2532
f 2532 2987 2990
f 2532 2990 2531
f 2531 2990 2989
f 2531 2989 2534
f 2534 2989 2992
f 2534 2992 2533
f 2533 2992 2991
f 2533 2991 2536
f 2536 2991 2994
f 2536 2994 2535
f 2535 2994 2993
f 2535 2993 2538
f 2538 2993 2996
f 2538 2996 2537
f 2537 2996 2995
f 2537 2995 2540
f 2540 2995 2998
f 2540 2998 2539
f 2539 2998 2997
f 2539 2997 2542
f 2542 2997 3000
f 2542 3000 2541
f 2541 3000 2999
f 2541 2999 2544
f 2544 2999 3002
f 2544 3002 2543
f 2543 3002 3001
f 2543 3001 2546
f 2546 3001 3004
f 2546 3004 2545
f 2545 3004 3003
f 2545 3003 2548
f 2548 3003 3006
f 2548 3006 2547
f 2547 3006 3005
f 2547 3005 2550
f 2550 3005 3008
f 2550 3008 2549
f 2549 3008 3007
f 2549 3007 2552
f 2552 3007 3010
f 2552 3010 2551
f 2551 3010 3009
f 2551 3009 2554
f 2554 3009 3012
f 2554 3012 2553
f 2553 3012 3011
f 2553 3011 2771
f 2771 3011 3229
f 2771 3229 2785
f 2785 3229 3243
f 2785 3243 2805
f 2805 3243 3263
f 2805 3263 2810
f 2810 3263 3268
f 2810 3268 2816
f 2816 3268 3274
f 2816 3274 2817
f 2817 3274 3275
f 2817 3275 2811
f 2811 3275 3269
f 2811 3269 2806
f 2806 3269 3264
f 2806 3264 2794
f 2794 3264 3252
f 2794 3252 2786
f 2786 3252 3244
f 2786 3244 2772
f 2772 3244 3230
f 2772 3230 2556
f 2556 3230 3013
f 2556 3013 2557
f 2557 3013 3015
f 2557 3015 2555
f 2555 3015 3014
f 2555 3014 2559
f 2559 3014 3017
f 2559 3017 2558
f 2558 3017 3016
f 2558 3016 2561
f 2561 3016 3019
f 2561 3019 2560
f 2560 3019 3018
f 2560 3018 2563
f 2563 3018 3021
f 2563 3021 2562
f 2562 3021 3020
f 2562 3020 2565
f 2565 3020 3023
f 2565 3023 2564
f 2564 3023 3022
f 2564 3022 2567
f 2567 3022 3025
f 2567 3025 2566
f 2566 3025 3024
f 2566 3024 2569
f 2569 3024 3027
f 2569 3027 2568
f 2568 3027 3026
f 2568 3026 2571
f 2571 3026 3029
f 2571 3029 2570
f 2570 3029 3028
f 2570 3028 2573
f 2573 3028 3031
f 2573 3031 2572
f 2572 3031 3030
f 2572 3030 2575
f 2575 3030 3033
f 2575 3033 2574
f 2574 3033 3032
f 2574 3032 2577
f 2577 3032 3035
f 2577 3035 2576
f 2576 3035 3034
f 2576 3034 2579
f 2579 3034 3037
f 2579 3037 2578
f 2578 3037 3036
f 2578 3036 2581
f 2581 3036 3039
f 2581 3039 2580
f 2580 3039 3038
f 2580 3038 2583
f 2583 3038 3041
f 2583 3041 2582
f 2582 3041 3040
f 2582 3040 2585
f 2585 3040 3043
f 2585 3043 2584
f 2584 3043 3042
f 2584 3042 2587
f 2587 3042 3045
f 2587 3045 2586
f 2586 3045 3044
f 2586 3044 2773
f 2773 3044 3231
f 2773 3231 2757
f 2757 3231 3215
f 2757 3215 2589
f 2589 3215 3046
f 2589 3046 2590
f 2590 3046 3048
f 2590 3048 2588
f 2588 3048 3047
f 2588 3047 2592
f 2592 3047 3050
f 2592 3050 2591
f 2591 3050 3049
f 2591 3049 2594
f 2594 3049 3052
f 2594 3052 2593
f 2593 3052 3051
f 2593 3051 2596
f 2596 3051 3054
f 2596 3054 2595
f 2595 3054 3053
f 2595 3053 2802
f 2802 3053 3260
f 2802 3260 2827
f 2827 3260 3285
f 2827 3285 2833
f 2833 3285 3291
f 2833 3291 2828
f 2828 3291 3286
f 2828 3286 2823
f 2823 3286 3281
f 2823 3281 2818
f 2818 3281 3276
f 2818 3276 2812
f 2812 3276 3270
f 2812 3270 2807
f 2807 3270 3265
f 2807 3265 2795
f 2795 3265 3253
f 2795 3253 2787
f 2787 3253 3245
f 2787 3245 2598
f 2598 3245 3055
f 2598 3055 2599
f 2599 3055 3057
f 2599 3057 2597
f 2597 3057 3056
f 2597 3056 2601
f 2601 3056 3059
f 2601 3059 2600
f 2600 3059 3058
f 2600 3058 2603
f 2603 3058 3061
f 2603 3061 2602
f 2602 3061 3060
f 2602 3060 2605
f 2605 3060 3063
f 2605 3063 2604
f 2604 3063 3062
f 2604 3062 2607
f 2607 3062 3065
f 2607 3065 2606
f 2606 3065 3064
f 2606 3064 2609
f 2609 3064 3067
f 2609 3067 2608
f 2608 3067 3066
f 2608 3066 2611
f 2611 3066 3069
f 2474 2931 2475
f 2475 2931 2933
f 2475 2933 2473
f 2473 2933 2932
f 2473 2932 2477
f 2477 2932 2935
f 2477 2935 2476
f 2476 2935 2934
f 2476 2934 2479
f 2479 2934 2937
f 2479 2937 2478
f 2478 2937 2936
f 2478 2936 2911
f 2911 2936 3369
f 2911 3369 2908
f 2908 3369 3366
f 2908 3366 2905
f 2905 3366 3363
f 2905 3363 2903
f 2903 3363 3361
f 2903 3361 2901
f 2901 3361 3359
f 2901 3359 2898
f 2898 3359 3356
f 2898 3356 2895
f 2895 3356 3353
f 2895 3353 2893
f 2893 3353 3351
f 2893 3351 2890
f 2890 3351 3348
f 2890 3348 2887
f 2887 3348 3345
f 2887 3345 2884
f 2884 3345 3342
f 2884 3342 2881
f 2881 3342 3339
f 2881 3339 2876
f 2876 3339 3334
f 2876 3334 2873
f 2873 3334 3331
f 2873 3331 2870
f 2870 3331 3328
f 2870 3328 2869
f 2869 3328 3327
f 2869 3327 2866
f 2866 3327 3324
f 2866 3324 2863
f 2863 3324 3321
f 2863 3321 2859
f 2859 3321 3317
f 2859 3317 2855
f 2855 3317 3313
f 2855 3313 2851
f 2851 3313 3309
f 2851 3309 2848
f 2848 3309 3306
f 2848 3306 2845
f 2845 3306 3303
f 2845 3303 2481
f 2481 3303 2938
f 2481 2938 2482
f 2482 2938 2940
f 2482 2940 2480
f 2480 2940 2939
f 2480 2939 2484
f 2484 2939 2942
f 2484 2942 2483
f 2483 2942 2941
f 2483 2941 2486
f 2486 2941 2943
f 2486 2943 2487
f 2487 2943 2945
f 2487 2945 2485
f 2485 2945 2944
f 2485 2944 2782
f 2782 2944 3240
f 2782 3240 2832
f 2832 3240 3290
f 2832 3290 2809
f 2809 3290 3267
f 2809 3267 2803
f 2803 3267 3261
f 2803 3261 2800
f 2800 3261 3258
f 2800 3258 2793
f 2793 3258 3251
f 2793 3251 2783
f 2783 3251 3241
f 2783 3241 2770
f 2770 3241 3228
f 2770 3228 2752
f 2752 3228 3210
f 2752 3210 2488
f 2488 3210 2946
f 2488 2946 2467
f 2467 2946 2925
f 2467 2925 2465
f 2465 2925 2924
f 2465 2924 2750
f 2750 2924 3208
f 2750 3208 2768
f 2768 3208 3226
f 2768 3226 2780
f 2780 3226 3238
f 2780 3238 2815
f 2815 3238 3273
f 2815 3273 2821
f 2821 3273 3279
f 2821 3279 2826
f 2826 3279 3284
f 2826 3284 2831
f 2831 3284 3289
f 2831 3289 2836
f 2836 3289 3294
f 2836 3294 2838
f 2838 3294 3296
f 2838 3296 2841
f 2841 3296 3299
f 2841 3299 2844
f 2844 3299 3302
f 2844 3302 2769
f 2769 3302 3227
f 2769 3227 2469
f 2469 3227 2926
f 2469 2926 2470
f 2470 2926 2928
f 2470 2928 2468
f 2468 2928 2927
f 2468 2927 2472
f 2472 2927 2930
f 2472 2930 2471
f 2471 2930 2929
f 2471 2929 2854
f 2854 2929 3312
f 2854 3312 2858
f 2858 3312 3316
f 2858 3316 2862
f 2862 3316 3320
f 2862 3320 2865
f 2865 3320 3323
f 2865 3323 2868
f 2868 3323 3326
f 2868 3326 2894
f 2894 3326 3352
f 2894 3352 2897
f 2897 3352 3355
f 2897 3355 2900
f 2900 3355 3358
f 2900 3358 2902
f 2902 3358 3360
f 2902 3360 2904
f 2904 3360 3362
f 2904 3362 2907
f 2907 3362 3365
f 2907 3365 2910
f 2910 3365 3368
f 2910 3368 2913
f 2913 3368 3371
f 2913 3371 2915
f 2915 3371 3373
f 2915 3373 2917
f 2917 3373 3375
f 2917 3375 2781
f 2781 3375 3239
f 2781 3239 2751
f 2751 3239 3209
f 2751 3209 2474
f 2474 3209 2931
o 
v 59.3 0 -77.57
v 59.546 0 -77.44
v 59.425 0 -77.502
v 57.443 0 -78.807
v 58.468 0 -78.09
v 55.244 0 -80.497
v 56.333 0 -79.636
v 53.56 0 -81.98
v 54.284 0 -81.305
v 53.276 0 -82.289
v 53.388 0 -82.159
v 53.201 0 -82.464
v 53.216 0 -82.385
v 53.27 0 -82.64
v 53.221 0 -82.544
v 54.939 0 -83.553
v 53.828 0 -83.086
v 58.317 0 -84.417
v 56.478 0 -84.007
v 62.4 0 -84.97
v 60.333 0 -84.749
v 63.027 0 -84.975
v 62.73 0 -84.986
v 63.503 0 -84.875
v 63.286 0 -84.938
v 63.79 0 -84.68
v 63.672 0 -84.789
v 63.877 0 -84.334
v 63.844 0 -84.547
v 63.883 0 -83.77
v 63.89 0 -84.066
v 63.81 0 -83.19
v 63.856 0 -83.469
v 63.22 0 -81.308
v 63.547 0 -82.221
v 62.383 0 -79.675
v 62.831 0 -80.458
v 61.32 0 -78.34
v 61.879 0 -78.967
v 60.784 0 -77.866
v 61.069 0 -78.103
v 60.226 0 -77.47
v 60.494 0 -77.649
v 59.87 0 -77.31
v 60.009 0 -77.351
v 59.751 0 -77.346
v 59.824 0 -77.32
v 59.656 0 -77.387
v 59.546 10 -77.44
v 59.3 10 -77.57
v 59.425 10 -77.502
v 57.443 10 -78.807
v 58.468 10 -78.09
v 55.244 10 -80.497
v 56.333 10 -79.636
v 53.56 10 -81.98
v 54.284 10 -81.305
v 53.276 10 -82.289
v 53.388 10 -82.159
v 53.201 10 -82.464
v 53.216 10 -82.385
v 53.27 10 -82.64
v 53.221 10 -82.544
v 54.939 10 -83.553
v 53.828 10 -83.086
v 58.317 10 -84.417
v 56.478 10 -84.007
v 62.4 10 -84.97
v 60.333 10 -84.749
v 63.027 10 -84.975
v 62.73 10 -84.986
v 63.503 10 -84.875
v 63.286 10 -84.938
v 63.79 10 -84.68
v 63.672 10 -84.789
v 63.877 10 -84.334
v 63.844 10 -84.547
v 63.883 10 -83.77
v 63.89 10 -84.066
v 63.81 10 -83.19
v 63.856 10 -83.469
v 63.22 10 -81.308
v 63.547 10 -82.221
v 62.383 10 -79.675
v 62.831 10 -80.458
v 61.32 10 -78.34
v 61.879 10 -78.967
v 60.784 10 -77.866
v 61.069 10 -78.103
v 60.226 10 -77.47
v 60.494 10 -77.649
v 59.87 10 -77.31
v 60.009 10 -77.351
v 59.751 10 -77.346
v 59.824 10 -77.32
v 59.656 10 -77.387
f 3381 3382 3383
f 3384 3381 3385
f 3386 3384 3387
f 3388 3386 3389
f 3390 3388 3391
f 3392 3390 3393
f 3394 3392 3395
f 3396 3394 3397
f 3398 3396 3399
f 3400 3398 3401
f 3402 3400 3403
f 3404 3402 3405
f 3406 3404 3407
f 3408 3406 3409
f 3410 3408 3411
f 3412 3410 3413
f 3414 3412 3415
f 3416 3414 3417
f 3418 3416 3419
f 3420 3418 3421
f 3422 3420 3423
f 3424 3422 3425
f 3426 3424 3427
f 3382 3426 3428
f 3384 3382 3381
f 3388 3384 3386
f 3392 3388 3390
f 3396 3392 3394
f 3400 3396 3398
f 3404 3400 3402
f 3408 3404 3406
f 3412 3408 3410
f 3416 3412 3414
f 3420 3416 3418
f 3424 3420 3422
f 3382 3424 3426
f 3388 3382 3384
f 3396 3388 3392
f 3404 3396 3400
f 3412 3404 3408
f 3420 3412 3416
f 3382 3420 3424
f 3396 3382 3388
f 3412 3396 3404
f 3382 3412 3420
f 3412 3382 3396
f 3429 3430 3431
f 3430 3432 3433
f 3432 3434 3435
f 3434 3436 3437
f 3436 3438 3439
f 3438 3440 3441
f 3440 3442 3443
f 3442 3444 3445
f 3444 3446 3447
f 3446 3448 3449
f 3448 3450 3451
f 3450 3452 3453
f 3452 3454 3455
f 3454 3456 3457
f 3456 3458 3459
f 3458 3460 3461
f 3460 3462 3463
f 3462 3464 3465
f 3464 3466 3467
f 3466 3468 3469
f 3468 3470 3471
f 3470 3472 3473
f 3472 3474 3475
f 3474 3429 3476
f 3429 3432 3430
f 3432 3436 3434
f 3436 3440 3438
f 3440 3444 3442
f 3444 3448 3446
f 3448 3452 3450
f 3452 3456 3454
f 3456 3460 3458
f 3460 3464 3462
f 3464 3468 3466
f 3468 3472 3470
f 3472 3429 3474
f 3429 3436 3432
f 3436 3444 3440
f 3444 3452 3448
f 3452 3460 3456
f 3460 3468 3464
f 3468 3429 3472
f 3429 3444 3436
f 3444 3460 3452
f 3460 3429 3468
f 3429 3460 3444
f 3381 3430 3385
f 3385 3430 3433
f 3385 3433 3384
f 3384 3433 3432
f 3384 3432 3387
f 3387 3432 3435
f 3387 3435 3386
f 3386 3435 3434
f 3386 3434 3389
f 3389 3434 3437
f 3389 3437 3388
f 3388 3437 3436
f 3388 3436 3391
f 3391 3436 3439
f 3391 3439 3390
f 3390 3439 3438
f 3390 3438 3393
f 3393 3438 3441
f 3393 3441 3392
f 3392 3441 3440
f 3392 3440 3395
f 3395 3440 3443
f 3395 3443 3394
f 3394 3443 3442
f 3394 3442 3397
f 3397 3442 3445
f 3397 3445 3396
f 3396 3445 3444
f 3396 3444 3399
f 3399 3444 3447
f 3399 3447 3398
f 3398 3447 3446
f 3398 3446 3401
f 3401 3446 3449
f 3401 3449 3400
f 3400 3449 3448
f 3400 3448 3403
f 3403 3448 3451
f 3403 3451 3402
f 3402 3451 3450
f 3402 3450 3405
f 3405 3450 3453
f 3405 3453 3404
f 3404 3453 3452
f 3404 3452 3407
f 3407 3452 3455
f 3407 3455 3406
f 3406 3455 3454
f 3406 3454 3409
f 3409 3454 3457
f 3409 3457 3408
f 3408 3457 3456
f 3408 3456 3411
f 3411 3456 3459
f 3411 3459 3410
f 3410 3459 3458
f 3410 3458 3413
f 3413 3458 3461
f 3413 3461 3412
f 3412 3461 3460
f 3412 3460 3415
f 3415 3460 3463
f 3415 3463 3414
f 3414 3463 3462
f 3414 3462 3417
f 3417 3462 3465
f 3417 3465 3416
f 3416 3465 3464
f 3416 3464 3419
f 3419 3464 3467
f 3419 3467 3418
f 3418 3467 3466
f 3418 3466 3421
f 3421 3466 3469
f 3421 3469 3420
f 3420 3469 3468
f 3420 3468 3423
f 3423 3468 3471
f 3423 3471 3422
f 3422 3471 3470
f 3422 3470 3425
f 3425 3470 3473
f 3425 3473 3424
f 3424 3473 3472
f 3424 3472 3427
f 3427 3472 3475
f 3427 3475 3426
f 3426 3475 3474
f 3426 3474 3428
f 3428 3474 3476
f 3428 3476 3382
f 3382 3476 3429
f 3382 3429 3383
f 3383 3429 3431
f 3383 3431 3381
f 3381 3431 3430
