o 
v 46.13 0 -3.62
v 50.06 0 -0.24
v 49.7 0 -0.03
v 44.132 0 -5.624
v 45.13 0 -4.621
v 42.142 0 -7.636
v 43.136 0 -6.629
v 40.161 0 -9.657
v 41.151 0 -8.646
v 38.189 0 -11.686
v 39.174 0 -10.671
v 36.225 0 -13.724
v 37.206 0 -12.704
v 34.27 0 -15.77
v 35.246 0 -14.746
v 31.866 0 -18.315
v 32.62 0 -17.51
v 30.6 0 -19.702
v 31.183 0 -19.056
v 29.854 0 -20.577
v 30.147 0 -20.22
v 29.845 0 -20.984
v 29.75 0 -20.74
v 30.459 0 -21.78
v 30.097 0 -21.348
v 31.323 0 -22.63
v 30.883 0 -22.225
v 32.019 0 -23.128
v 31.73 0 -22.94
v 32.403 0 -23.332
v 32.237 0 -23.257
v 32.646 0 -23.343
v 32.533 0 -23.359
v 33.41 0 -22.769
v 32.76 0 -23.29
v 36.362 0 -19.996
v 34.62 0 -21.662
v 41.335 0 -15.094
v 38.61 0 -17.798
v 60.802 0 -17.338
v 57.69 0 -14.29
v 59.394 0 -15.961
v 62.825 0 -19.306
v 61.938 0 -18.445
v 63.95 0 -20.38
v 63.488 0 -19.943
v 65.797 0 -22.079
v 64.924 0 -21.282
v 67.18 0 -23.304
v 66.554 0 -22.757
v 67.98 0 -23.95
v 67.66 0 -23.706
v 68.221 0 -24.093
v 68.117 0 -24.038
v 68.419 0 -24.111
v 68.315 0 -24.116
v 68.74 0 -24.02
v 68.553 0 -24.078
v 69.285 0 -23.78
v 69.013 0 -23.915
v 69.841 0 -23.404
v 69.56 0 -23.61
v 70.44 0 -22.87
v 70.134 0 -23.158
v 70.747 0 -22.54
v 70.618 0 -22.687
v 70.887 0 -22.306
v 70.834 0 -22.418
v 70.92 0 -22.07
v 70.913 0 -22.195
v 70.751 0 -21.434
v 70.88 0 -21.774
v 70.182 0 -20.543
v 70.522 0 -21.03
v 69.12 0 -19.24
v 69.719 0 -19.952
v 63.716 0 -13.721
v 67.301 0 -17.345
v 54.917 0 -4.946
v 59.283 0 -9.283
v 51.537 0 -1.627
v 44.51 0 -11.91
v 54.507 0 -11.171
v 45.883 0 -10.536
v 52.342 0 -9.054
v 47.128 0 -9.298
v 50.991 0 -7.746
v 48.193 0 -8.247
v 50.251 0 -7.052
v 49.026 0 -7.435
v 49.575 0 -6.912
v 49.919 0 -6.778
v 49.79 0 -6.73
v 50.06 10 -0.24
v 46.13 10 -3.62
v 49.7 10 -0.03
v 44.132 10 -5.624
v 45.13 10 -4.621
v 42.142 10 -7.636
v 43.136 10 -6.629
v 40.161 10 -9.657
v 41.151 10 -8.646
v 38.189 10 -11.686
v 39.174 10 -10.671
v 36.225 10 -13.724
v 37.206 10 -12.704
v 34.27 10 -15.77
v 35.246 10 -14.746
v 31.866 10 -18.315
v 32.62 10 -17.51
v 30.6 10 -19.702
v 31.183 10 -19.056
v 29.854 10 -20.577
v 30.147 10 -20.22
v 29.845 10 -20.984
v 29.75 10 -20.74
v 30.459 10 -21.78
v 30.097 10 -21.348
v 31.323 10 -22.63
v 30.883 10 -22.225
v 32.019 10 -23.128
v 31.73 10 -22.94
v 32.403 10 -23.332
v 32.237 10 -23.257
v 32.646 10 -23.343
v 32.533 10 -23.359
v 33.41 10 -22.769
v 32.76 10 -23.29
v 36.362 10 -19.996
v 34.62 10 -21.662
v 41.335 10 -15.094
v 38.61 10 -17.798
v 57.69 10 -14.29
v 60.802 10 -17.338
v 59.394 10 -15.961
v 62.825 10 -19.306
v 61.938 10 -18.445
v 63.95 10 -20.38
v 63.488 10 -19.943
v 65.797 10 -22.079
v 64.924 10 -21.282
v 67.18 10 -23.304
v 66.554 10 -22.757
v 67.98 10 -23.95
v 67.66 10 -23.706
v 68.221 10 -24.093
v 68.117 10 -24.038
v 68.419 10 -24.111
v 68.315 10 -24.116
v 68.74 10 -24.02
v 68.553 10 -24.078
v 69.285 10 -23.78
v 69.013 10 -23.915
v 69.841 10 -23.404
v 69.56 10 -23.61
v 70.44 10 -22.87
v 70.134 10 -23.158
v 70.747 10 -22.54
v 70.618 10 -22.687
v 70.887 10 -22.306
v 70.834 10 -22.418
v 70.92 10 -22.07
v 70.913 10 -22.195
v 70.751 10 -21.434
v 70.88 10 -21.774
v 70.182 10 -20.543
v 70.522 10 -21.03
v 69.12 10 -19.24
v 69.719 10 -19.952
v 63.716 10 -13.721
v 67.301 10 -17.345
v 54.917 10 -4.946
v 59.283 10 -9.283
v 51.537 10 -1.627
v 44.51 10 -11.91
v 54.507 10 -11.171
v 45.883 10 -10.536
v 52.342 10 -9.054
v 47.128 10 -9.298
v 50.991 10 -7.746
v 48.193 10 -8.247
v 50.251 10 -7.052
v 49.026 10 -7.435
v 49.575 10 -6.912
v 49.919 10 -6.778
v 49.79 10 -6.73
f 1 2 3
f 4 1 5
f 6 4 7
f 8 6 9
f 10 8 11
f 12 10 13
f 14 12 15
f 16 14 17
f 18 16 19
f 20 18 21
f 22 20 23
f 24 22 25
f 26 24 27
f 28 26 29
f 30 28 31
f 32 30 33
f 34 32 35
f 36 34 37
f 38 36 39
f 40 41 42
f 43 40 44
f 45 43 46
f 47 45 48
f 49 47 50
f 51 49 52
f 53 51 54
f 55 53 56
f 57 55 58
f 59 57 60
f 61 59 62
f 63 61 64
f 65 63 66
f 67 65 68
f 69 67 70
f 71 69 72
f 73 71 74
f 75 73 76
f 77 75 78
f 79 77 80
f 2 79 81
f 4 2 1
f 8 4 6
f 12 8 10
f 16 12 14
f 20 16 18
f 24 20 22
f 28 24 26
f 32 28 30
f 36 32 34
f 82 36 38
f 40 83 41
f 45 40 43
f 49 45 47
f 53 49 51
f 57 53 55
f 61 57 59
f 65 61 63
f 69 65 67
f 73 69 71
f 77 73 75
f 2 77 79
f 8 2 4
f 16 8 12
f 24 16 20
f 32 24 28
f 82 32 36
f 45 83 40
f 53 45 49
f 61 53 57
f 69 61 65
f 77 69 73
f 16 2 8
f 32 16 24
f 84 32 82
f 45 85 83
f 61 45 53
f 77 61 69
f 32 2 16
f 86 32 84
f 61 85 45
f 2 61 77
f 86 2 32
f 61 87 85
f 88 2 86
f 61 89 87
f 90 2 88
f 2 89 61
f 91 2 90
f 2 92 89
f 93 2 91
f 2 93 92
f 94 95 96
f 95 97 98
f 97 99 100
f 99 101 102
f 101 103 104
f 103 105 106
f 105 107 108
f 107 109 110
f 109 111 112
f 111 113 114
f 113 115 116
f 115 117 118
f 117 119 120
f 119 121 122
f 121 123 124
f 123 125 126
f 125 127 128
f 127 129 130
f 129 131 132
f 133 134 135
f 134 136 137
f 136 138 139
f 138 140 141
f 140 142 143
f 142 144 145
f 144 146 147
f 146 148 149
f 148 150 151
f 150 152 153
f 152 154 155
f 154 156 157
f 156 158 159
f 158 160 161
f 160 162 163
f 162 164 165
f 164 166 167
f 166 168 169
f 168 170 171
f 170 172 173
f 172 94 174
f 94 97 95
f 97 101 99
f 101 105 103
f 105 109 107
f 109 113 111
f 113 117 115
f 117 121 119
f 121 125 123
f 125 129 127
f 129 175 131
f 176 134 133
f 134 138 136
f 138 142 140
f 142 146 144
f 146 150 148
f 150 154 152
f 154 158 156
f 158 162 160
f 162 166 164
f 166 170 168
f 170 94 172
f 94 101 97
f 101 109 105
f 109 117 113
f 117 125 121
f 125 175 129
f 176 138 134
f 138 146 142
f 146 154 150
f 154 162 158
f 162 170 166
f 94 109 101
f 109 125 117
f 125 177 175
f 178 138 176
f 138 154 146
f 154 170 162
f 94 125 109
f 125 179 177
f 178 154 138
f 154 94 170
f 94 179 125
f 180 154 178
f 94 181 179
f 182 154 180
f 94 183 181
f 182 94 154
f 94 184 183
f 185 94 182
f 94 186 184
f 186 94 185
f 1 95 5
f 5 95 98
f 5 98 4
f 4 98 97
f 4 97 7
f 7 97 100
f 7 100 6
f 6 100 99
f 6 99 9
f 9 99 102
f 9 102 8
f 8 102 101
f 8 101 11
f 11 101 104
f 11 104 10
f 10 104 103
f 10 103 13
f 13 103 106
f 13 106 12
f 12 106 105
f 12 105 15
f 15 105 108
f 15 108 14
f 14 108 107
f 14 107 17
f 17 107 110
f 17 110 16
f 16 110 109
f 16 109 19
f 19 109 112
f 19 112 18
f 18 112 111
f 18 111 21
f 21 111 114
f 21 114 20
f 20 114 113
f 20 113 23
f 23 113 116
f 23 116 22
f 22 116 115
f 22 115 25
f 25 115 118
f 25 118 24
f 24 118 117
f 24 117 27
f 27 117 120
f 27 120 26
f 26 120 119
f 26 119 29
f 29 119 122
f 29 122 28
f 28 122 121
f 28 121 31
f 31 121 124
f 31 124 30
f 30 124 123
f 30 123 33
f 33 123 126
f 33 126 32
f 32 126 125
f 32 125 35
f 35 125 128
f 35 128 34
f 34 128 127
f 34 127 37
f 37 127 130
f 37 130 36
f 36 130 129
f 36 129 39
f 39 129 132
f 39 132 38
f 38 132 131
f 38 131 82
f 82 131 175
f 82 175 84
f 84 175 177
f 84 177 86
f 86 177 179
f 86 179 88
f 88 179 181
f 88 181 90
f 90 181 183
f 90 183 91
f 91 183 184
f 91 184 93
f 93 184 186
f 93 186 92
f 92 186 185
f 92 185 89
f 89 185 182
f 89 182 87
f 87 182 180
f 87 180 85
f 85 180 178
f 85 178 83
f 83 178 176
f 83 176 41
f 41 176 133
f 41 133 42
f 42 133 135
f 42 135 40
f 40 135 134
f 40 134 44
f 44 134 137
f 44 137 43
f 43 137 136
f 43 136 46
f 46 136 139
f 46 139 45
f 45 139 138
f 45 138 48
f 48 138 141
f 48 141 47
f 47 141 140
f 47 140 50
f 50 140 143
f 50 143 49
f 49 143 142
f 49 142 52
f 52 142 145
f 52 145 51
f 51 145 144
f 51 144 54
f 54 144 147
f 54 147 53
f 53 147 146
f 53 146 56
f 56 146 149
f 56 149 55
f 55 149 148
f 55 148 58
f 58 148 151
f 58 151 57
f 57 151 150
f 57 150 60
f 60 150 153
f 60 153 59
f 59 153 152
f 59 152 62
f 62 152 155
f 62 155 61
f 61 155 154
f 61 154 64
f 64 154 157
f 64 157 63
f 63 157 156
f 63 156 66
f 66 156 159
f 66 159 65
f 65 159 158
f 65 158 68
f 68 158 161
f 68 161 67
f 67 161 160
f 67 160 70
f 70 160 163
f 70 163 69
f 69 163 162
f 69 162 72
f 72 162 165
f 72 165 71
f 71 165 164
f 71 164 74
f 74 164 167
f 74 167 73
f 73 167 166
f 73 166 76
f 76 166 169
f 76 169 75
f 75 169 168
f 75 168 78
f 78 168 171
f 78 171 77
f 77 171 170
f 77 170 80
f 80 170 173
f 80 173 79
f 79 173 172
f 79 172 81
f 81 172 174
f 81 174 2
f 2 174 94
f 2 94 3
f 3 94 96
f 3 96 1
f 1 96 95
o 
v 10.61 0 -10.1
v 12.22 0 -10.17
v 11.368 0 -10.075
v 9.964 0 -10.28
v 10.308 0 -10.164
v 9.236 0 -10.627
v 9.6 0 -10.438
v 8.59 0 -11.06
v 8.892 0 -10.838
v 7.669 0 -11.92
v 8.12 0 -11.48
v 6.825 0 -12.856
v 7.237 0 -12.379
v 6.064 0 -13.86
v 6.433 0 -13.35
v 5.391 0 -14.926
v 5.716 0 -14.386
v 4.812 0 -16.045
v 5.089 0 -15.48
v 4.33 0 -17.21
v 4.558 0 -16.623
v 4.192 0 -17.595
v 4.258 0 -17.401
v 4.082 0 -17.988
v 4.133 0 -17.79
v 4 0 -18.388
v 4.037 0 -18.187
v 3.948 0 -18.794
v 3.97 0 -18.59
v 3.924 0 -19.201
v 3.932 0 -18.997
v 3.93 0 -19.61
v 3.923 0 -19.406
v 3.959 0 -20.496
v 3.937 0 -20.087
v 4.054 0 -21.141
v 3.997 0 -20.844
v 4.23 0 -21.62
v 4.131 0 -21.397
v 4.339 0 -21.994
v 4.307 0 -21.83
v 4.31 0 -21.86
v 4.523 0 -22.385
v 4.415 0 -22.179
v 4.766 0 -22.749
v 4.645 0 -22.584
v 5.073 0 -22.939
v 4.87 0 -22.85
v 5.77 0 -23.098
v 5.383 0 -23.023
v 6.653 0 -23.196
v 6.203 0 -23.157
v 7.298 0 -23.213
v 7.09 0 -23.21
v 13.11 0 -26.632
v 12.65 0 -26.23
v 12.901 0 -26.449
v 13.5 0 -26.971
v 13.301 0 -26.799
v 14.02 0 -27.42
v 13.732 0 -27.171
v 15.26 0 -28.5
v 14.57 0 -27.9
v 18.34 0 -31.16
v 16.53 0 -29.59
v 17.37 0 -30.32
v 19.717 0 -32.319
v 19.27 0 -31.95
v 20.616 0 -33.053
v 20.166 0 -32.687
v 21.521 0 -33.78
v 21.068 0 -33.418
v 22.431 0 -34.5
v 21.975 0 -34.141
v 23.347 0 -35.214
v 22.888 0 -34.858
v 24.268 0 -35.92
v 23.806 0 -35.567
v 25.646 0 -44.521
v 27.22 0 -42.49
v 26.294 0 -43.668
v 24.984 0 -45.556
v 25.225 0 -45.125
v 24.85 0 -46.2
v 24.876 0 -45.889
v 24.917 0 -46.643
v 24.868 0 -46.42
v 25.096 0 -47.057
v 24.995 0 -46.859
v 25.35 0 -47.36
v 25.216 0 -47.228
v 26.424 0 -48.047
v 25.857 0 -47.719
v 27.603 0 -48.547
v 27.017 0 -48.327
v 28.61 0 -48.74
v 28.145 0 -48.689
v 29.081 0 -48.67
v 28.856 0 -48.723
v 29.512 0 -48.433
v 29.296 0 -48.575
v 29.99 0 -47.99
v 29.74 0 -48.24
v 30.524 0 -47.318
v 30.233 0 -47.706
v 31.156 0 -46.372
v 30.84 0 -46.861
v 31.69 0 -45.44
v 31.447 0 -45.887
v 34.558 0 -45.56
v 34.4 0 -45.44
v 34.448 0 -45.479
v 34.922 0 -45.82
v 34.719 0 -45.676
v 35.42 0 -46.16
v 35.159 0 -45.984
v 37.614 0 -47.754
v 36.52 0 -46.94
v 37.098 0 -47.388
v 38.462 0 -48.239
v 38.069 0 -48.037
v 39.07 0 -48.4
v 38.796 0 -48.36
v 39.874 0 -48.196
v 39.453 0 -48.351
v 40.886 0 -47.527
v 40.346 0 -47.925
v 42.23 0 -46.31
v 41.509 0 -46.993
v 46.584 0 -42.279
v 45.731 0 -43.007
v 46.2 0 -42.61
v 47.395 0 -41.53
v 46.994 0 -41.908
v 48.032 0 -40.888
v 47.753 0 -41.179
v 48.267 0 -40.587
v 48.2 0 -40.69
v 48.322 0 -40.447
v 48.307 0 -40.51
v 48.278 0 -40.315
v 48.313 0 -40.386
v 48.007 0 -39.959
v 48.22 0 -40.22
v 47.034 0 -38.969
v 47.603 0 -39.534
v 45.498 0 -37.522
v 46.324 0 -38.29
v 43.919 0 -29.707
v 42.98 0 -30.96
v 43.502 0 -30.286
v 44.458 0 -28.813
v 44.236 0 -29.219
v 44.63 0 -28.22
v 44.588 0 -28.482
v 44.177 0 -27.333
v 44.507 0 -27.79
v 43.14 0 -26.524
v 43.701 0 -26.895
v 42 0 -26.17
v 42.552 0 -26.266
v 41.743 0 -26.2
v 41.861 0 -26.176
v 41.507 0 -26.346
v 41.63 0 -26.254
v 41.17 0 -26.69
v 41.359 0 -26.488
v 40.775 0 -27.121
v 40.999 0 -26.871
v 40.225 0 -27.763
v 40.513 0 -27.424
v 39.63 0 -28.48
v 39.926 0 -28.12
v 33.515 0 -28.486
v 34.34 0 -29.15
v 33.928 0 -28.818
v 32.688 0 -27.824
v 33.102 0 -28.155
v 31.861 0 -27.163
v 32.275 0 -27.493
v 31.032 0 -26.504
v 31.446 0 -26.833
v 30.201 0 -25.846
v 30.617 0 -26.175
v 29.37 0 -25.19
v 29.786 0 -25.518
v 25.805 0 -22.453
v 26.37 0 -22.88
v 24.001 0 -21.096
v 24.977 0 -21.829
v 22.067 0 -19.65
v 22.993 0 -20.341
v 20.13 0 -18.214
v 21.34 0 -19.11
v 15.796 0 -12.622
v 15.77 0 -14.05
v 15.79 0 -13.09
v 15.724 0 -12
v 15.777 0 -12.269
v 15.475 0 -11.591
v 15.626 0 -11.784
v 14.685 0 -10.994
v 15.26 0 -11.39
v 13.1 0 -10.366
v 13.943 0 -10.647
v 15.89 0 -29.04
v 24.73 0 -36.27
v 27.558 0 -42.055
v 36.451 0 -46.887
v 43.216 0 -45.351
v 44.58 0 -36.69
v 42.649 0 -31.393
v 39.072 0 -29.164
v 4.25 0 -21.662
v 4.298 0 -21.793
v 45.237 0 -43.443
v 4.285 0 -21.751
v 11.363 0 -25.11
v 25.36 0 -36.75
v 27.884 0 -41.632
v 31.986 0 -44.904
v 35.681 0 -46.342
v 36.321 0 -46.793
v 44.019 0 -44.577
v 43.716 0 -35.899
v 42.364 0 -31.785
v 4.269 0 -21.707
v 7.524 0 -23.223
v 28.183 0 -41.24
v 35.925 0 -46.513
v 36.143 0 -46.666
v 44.68 0 -43.954
v 43.023 0 -35.244
v 42.123 0 -32.14
v 34.963 0 -29.648
v 16.06 0 -14.54
v 28.439 0 -40.898
v 32.239 0 -44.569
v 35.516 0 -30.084
v 16.168 0 -14.695
v 10.449 0 -24.342
v 28.64 0 -40.625
v 32.502 0 -44.429
v 42.487 0 -34.709
v 41.923 0 -32.461
v 16.324 0 -14.893
v 7.755 0 -23.238
v 26.127 0 -37.346
v 28.77 0 -40.44
v 33.9 0 -45.09
v 42.093 0 -34.276
v 41.763 0 -32.754
v 35.986 0 -30.451
v 16.517 0 -15.12
v 7.98 0 -23.257
v 26.931 0 -37.982
v 33.279 0 -44.697
v 41.826 0 -33.929
v 41.64 0 -33.02
v 19.209 0 -17.523
v 16.736 0 -15.364
v 8.185 0 -23.282
v 27.677 0 -38.58
v 28.923 0 -40.206
v 32.831 0 -44.474
v 41.67 0 -33.65
v 41.594 0 -33.14
v 16.967 0 -15.611
v 8.36 0 -23.31
v 28.265 0 -39.062
v 29.008 0 -40.026
v 41.612 0 -33.518
v 41.568 0 -33.237
v 17.2 0 -15.85
v 8.864 0 -23.409
v 29.022 0 -39.876
v 41.561 0 -33.324
v 17.573 0 -16.201
v 9.308 0 -23.565
v 28.962 0 -39.73
v 41.576 0 -33.413
v 17.991 0 -16.564
v 9.8 0 -23.851
v 38.571 0 -29.753
v 18.516 0 -16.989
v 28.822 0 -39.563
v 38.134 0 -30.24
v 28.6 0 -39.35
v 37.766 0 -30.621
v 36.364 0 -30.739
v 37.472 0 -30.889
v 36.639 0 -30.938
v 37.26 0 -31.04
v 37.17 0 -31.086
v 36.8 0 -31.04
v 37.094 0 -31.113
v 36.886 0 -31.086
v 37.026 0 -31.122
v 36.959 0 -31.113
v 12.22 10 -10.17
v 10.61 10 -10.1
v 11.368 10 -10.075
v 9.964 10 -10.28
v 10.308 10 -10.164
v 9.236 10 -10.627
v 9.6 10 -10.438
v 8.59 10 -11.06
v 8.892 10 -10.838
v 7.669 10 -11.92
v 8.12 10 -11.48
v 6.825 10 -12.856
v 7.237 10 -12.379
v 6.064 10 -13.86
v 6.433 10 -13.35
v 5.391 10 -14.926
v 5.716 10 -14.386
v 4.812 10 -16.045
v 5.089 10 -15.48
v 4.33 10 -17.21
v 4.558 10 -16.623
v 4.192 10 -17.595
v 4.258 10 -17.401
v 4.082 10 -17.988
v 4.133 10 -17.79
v 4 10 -18.388
v 4.037 10 -18.187
v 3.948 10 -18.794
v 3.97 10 -18.59
v 3.924 10 -19.201
v 3.932 10 -18.997
v 3.93 10 -19.61
v 3.923 10 -19.406
v 3.959 10 -20.496
v 3.937 10 -20.087
v 4.054 10 -21.141
v 3.997 10 -20.844
v 4.23 10 -21.62
v 4.131 10 -21.397
v 4.307 10 -21.83
v 4.339 10 -21.994
v 4.31 10 -21.86
v 4.523 10 -22.385
v 4.415 10 -22.179
v 4.766 10 -22.749
v 4.645 10 -22.584
v 5.073 10 -22.939
v 4.87 10 -22.85
v 5.77 10 -23.098
v 5.383 10 -23.023
v 6.653 10 -23.196
v 6.203 10 -23.157
v 7.298 10 -23.213
v 7.09 10 -23.21
v 12.65 10 -26.23
v 13.11 10 -26.632
v 12.901 10 -26.449
v 13.5 10 -26.971
v 13.301 10 -26.799
v 14.02 10 -27.42
v 13.732 10 -27.171
v 15.26 10 -28.5
v 14.57 10 -27.9
v 16.53 10 -29.59
v 18.34 10 -31.16
v 17.37 10 -30.32
v 19.717 10 -32.319
v 19.27 10 -31.95
v 20.616 10 -33.053
v 20.166 10 -32.687
v 21.521 10 -33.78
v 21.068 10 -33.418
v 22.431 10 -34.5
v 21.975 10 -34.141
v 23.347 10 -35.214
v 22.888 10 -34.858
v 24.268 10 -35.92
v 23.806 10 -35.567
v 27.22 10 -42.49
v 25.646 10 -44.521
v 26.294 10 -43.668
v 24.984 10 -45.556
v 25.225 10 -45.125
v 24.85 10 -46.2
v 24.876 10 -45.889
v 24.917 10 -46.643
v 24.868 10 -46.42
v 25.096 10 -47.057
v 24.995 10 -46.859
v 25.35 10 -47.36
v 25.216 10 -47.228
v 26.424 10 -48.047
v 25.857 10 -47.719
v 27.603 10 -48.547
v 27.017 10 -48.327
v 28.61 10 -48.74
v 28.145 10 -48.689
v 29.081 10 -48.67
v 28.856 10 -48.723
v 29.512 10 -48.433
v 29.296 10 -48.575
v 29.99 10 -47.99
v 29.74 10 -48.24
v 30.524 10 -47.318
v 30.233 10 -47.706
v 31.156 10 -46.372
v 30.84 10 -46.861
v 31.69 10 -45.44
v 31.447 10 -45.887
v 34.4 10 -45.44
v 34.558 10 -45.56
v 34.448 10 -45.479
v 34.922 10 -45.82
v 34.719 10 -45.676
v 35.42 10 -46.16
v 35.159 10 -45.984
v 36.52 10 -46.94
v 37.614 10 -47.754
v 37.098 10 -47.388
v 38.462 10 -48.239
v 38.069 10 -48.037
v 39.07 10 -48.4
v 38.796 10 -48.36
v 39.874 10 -48.196
v 39.453 10 -48.351
v 40.886 10 -47.527
v 40.346 10 -47.925
v 42.23 10 -46.31
v 41.509 10 -46.993
v 45.731 10 -43.007
v 46.584 10 -42.279
v 46.2 10 -42.61
v 47.395 10 -41.53
v 46.994 10 -41.908
v 48.032 10 -40.888
v 47.753 10 -41.179
v 48.267 10 -40.587
v 48.2 10 -40.69
v 48.322 10 -40.447
v 48.307 10 -40.51
v 48.278 10 -40.315
v 48.313 10 -40.386
v 48.007 10 -39.959
v 48.22 10 -40.22
v 47.034 10 -38.969
v 47.603 10 -39.534
v 45.498 10 -37.522
v 46.324 10 -38.29
v 42.98 10 -30.96
v 43.919 10 -29.707
v 43.502 10 -30.286
v 44.458 10 -28.813
v 44.236 10 -29.219
v 44.63 10 -28.22
v 44.588 10 -28.482
v 44.177 10 -27.333
v 44.507 10 -27.79
v 43.14 10 -26.524
v 43.701 10 -26.895
v 42 10 -26.17
v 42.552 10 -26.266
v 41.743 10 -26.2
v 41.861 10 -26.176
v 41.507 10 -26.346
v 41.63 10 -26.254
v 41.17 10 -26.69
v 41.359 10 -26.488
v 40.775 10 -27.121
v 40.999 10 -26.871
v 40.225 10 -27.763
v 40.513 10 -27.424
v 39.63 10 -28.48
v 39.926 10 -28.12
v 34.34 10 -29.15
v 33.515 10 -28.486
v 33.928 10 -28.818
v 32.688 10 -27.824
v 33.102 10 -28.155
v 31.861 10 -27.163
v 32.275 10 -27.493
v 31.032 10 -26.504
v 31.446 10 -26.833
v 30.201 10 -25.846
v 30.617 10 -26.175
v 29.37 10 -25.19
v 29.786 10 -25.518
v 25.805 10 -22.453
v 26.37 10 -22.88
v 24.001 10 -21.096
v 24.977 10 -21.829
v 22.067 10 -19.65
v 22.993 10 -20.341
v 20.13 10 -18.214
v 21.34 10 -19.11
v 15.77 10 -14.05
v 15.796 10 -12.622
v 15.79 10 -13.09
v 15.724 10 -12
v 15.777 10 -12.269
v 15.475 10 -11.591
v 15.626 10 -11.784
v 14.685 10 -10.994
v 15.26 10 -11.39
v 13.1 10 -10.366
v 13.943 10 -10.647
v 15.89 10 -29.04
v 24.73 10 -36.27
v 27.558 10 -42.055
v 36.451 10 -46.887
v 43.216 10 -45.351
v 44.58 10 -36.69
v 42.649 10 -31.393
v 39.072 10 -29.164
v 4.25 10 -21.662
v 4.298 10 -21.793
v 45.237 10 -43.443
v 4.285 10 -21.751
v 11.363 10 -25.11
v 25.36 10 -36.75
v 27.884 10 -41.632
v 31.986 10 -44.904
v 35.681 10 -46.342
v 36.321 10 -46.793
v 44.019 10 -44.577
v 43.716 10 -35.899
v 42.364 10 -31.785
v 4.269 10 -21.707
v 7.524 10 -23.223
v 28.183 10 -41.24
v 35.925 10 -46.513
v 36.143 10 -46.666
v 44.68 10 -43.954
v 43.023 10 -35.244
v 42.123 10 -32.14
v 34.963 10 -29.648
v 16.06 10 -14.54
v 28.439 10 -40.898
v 32.239 10 -44.569
v 35.516 10 -30.084
v 16.168 10 -14.695
v 10.449 10 -24.342
v 28.64 10 -40.625
v 32.502 10 -44.429
v 42.487 10 -34.709
v 41.923 10 -32.461
v 16.324 10 -14.893
v 7.755 10 -23.238
v 26.127 10 -37.346
v 28.77 10 -40.44
v 33.9 10 -45.09
v 42.093 10 -34.276
v 41.763 10 -32.754
v 35.986 10 -30.451
v 16.517 10 -15.12
v 7.98 10 -23.257
v 26.931 10 -37.982
v 33.279 10 -44.697
v 41.826 10 -33.929
v 41.64 10 -33.02
v 19.209 10 -17.523
v 16.736 10 -15.364
v 8.185 10 -23.282
v 27.677 10 -38.58
v 28.923 10 -40.206
v 32.831 10 -44.474
v 41.67 10 -33.65
v 41.594 10 -33.14
v 16.967 10 -15.611
v 8.36 10 -23.31
v 28.265 10 -39.062
v 29.008 10 -40.026
v 41.612 10 -33.518
v 41.568 10 -33.237
v 17.2 10 -15.85
v 8.864 10 -23.409
v 29.022 10 -39.876
v 41.561 10 -33.324
v 17.573 10 -16.201
v 9.308 10 -23.565
v 28.962 10 -39.73
v 41.576 10 -33.413
v 17.991 10 -16.564
v 9.8 10 -23.851
v 38.571 10 -29.753
v 18.516 10 -16.989
v 28.822 10 -39.563
v 38.134 10 -30.24
v 28.6 10 -39.35
v 37.766 10 -30.621
v 36.364 10 -30.739
v 37.472 10 -30.889
v 36.639 10 -30.938
v 37.26 10 -31.04
v 37.17 10 -31.086
v 36.8 10 -31.04
v 37.094 10 -31.113
v 36.886 10 -31.086
v 37.026 10 -31.122
v 36.959 10 -31.113
f 187 188 189
f 190 187 191
f 192 190 193
f 194 192 195
f 196 194 197
f 198 196 199
f 200 198 201
f 202 200 203
f 204 202 205
f 206 204 207
f 208 206 209
f 210 208 211
f 212 210 213
f 214 212 215
f 216 214 217
f 218 216 219
f 220 218 221
f 222 220 223
f 224 222 225
f 226 227 228
f 229 226 230
f 231 229 232
f 233 231 234
f 235 233 236
f 237 235 238
f 239 237 240
f 241 242 243
f 244 241 245
f 246 244 247
f 248 246 249
f 250 251 252
f 253 250 254
f 255 253 256
f 257 255 258
f 259 257 260
f 261 259 262
f 263 261 264
f 265 266 267
f 268 265 269
f 270 268 271
f 272 270 273
f 274 272 275
f 276 274 277
f 278 276 279
f 280 278 281
f 282 280 283
f 284 282 285
f 286 284 287
f 288 286 289
f 290 288 291
f 292 290 293
f 294 292 295
f 296 297 298
f 299 296 300
f 301 299 302
f 303 304 305
f 306 303 307
f 308 306 309
f 310 308 311
f 312 310 313
f 314 312 315
f 316 317 318
f 319 316 320
f 321 319 322
f 323 321 324
f 325 323 326
f 327 325 328
f 329 327 330
f 331 329 332
f 333 331 334
f 335 336 337
f 338 335 339
f 340 338 341
f 342 340 343
f 344 342 345
f 346 344 347
f 348 346 349
f 350 348 351
f 352 350 353
f 354 352 355
f 356 354 357
f 358 356 359
f 360 361 362
f 363 360 364
f 365 363 366
f 367 365 368
f 369 367 370
f 371 369 372
f 373 371 374
f 375 373 376
f 377 375 378
f 379 377 380
f 381 382 383
f 384 381 385
f 386 384 387
f 388 386 389
f 390 388 391
f 187 390 188
f 192 187 190
f 196 192 194
f 200 196 198
f 204 200 202
f 208 204 206
f 212 208 210
f 216 212 214
f 220 216 218
f 224 220 222
f 229 227 226
f 233 229 231
f 237 233 235
f 244 242 241
f 392 246 248
f 253 251 250
f 257 253 255
f 261 257 259
f 393 261 263
f 265 394 266
f 270 265 268
f 274 270 272
f 278 274 276
f 282 278 280
f 286 282 284
f 290 286 288
f 294 290 292
f 299 297 296
f 303 395 304
f 308 303 306
f 312 308 310
f 396 312 314
f 319 317 316
f 323 319 321
f 327 323 325
f 331 327 329
f 397 331 333
f 335 398 336
f 340 335 338
f 344 340 342
f 348 344 346
f 352 348 350
f 356 352 354
f 399 356 358
f 363 361 360
f 367 363 365
f 371 367 369
f 375 371 373
f 379 375 377
f 384 382 381
f 388 384 386
f 187 388 390
f 196 187 192
f 204 196 200
f 212 204 208
f 220 212 216
f 400 220 224
f 229 401 227
f 237 229 233
f 246 242 244
f 251 246 392
f 257 251 253
f 393 257 261
f 270 394 265
f 278 270 274
f 286 278 282
f 294 286 290
f 301 297 299
f 308 395 303
f 396 308 312
f 319 402 317
f 327 319 323
f 397 327 331
f 340 398 335
f 348 340 344
f 356 348 352
f 367 361 363
f 375 367 371
f 388 382 384
f 196 388 187
f 212 196 204
f 400 212 220
f 229 403 401
f 239 229 237
f 246 404 242
f 257 246 251
f 405 257 393
f 270 406 394
f 286 270 278
f 407 286 294
f 408 297 301
f 308 409 395
f 410 308 396
f 327 402 319
f 411 327 397
f 340 412 398
f 356 340 348
f 375 361 367
f 196 382 388
f 400 196 212
f 229 413 403
f 414 229 239
f 257 404 246
f 270 415 406
f 407 270 286
f 416 297 408
f 308 417 409
f 418 308 410
f 327 418 402
f 419 327 411
f 340 420 412
f 399 340 356
f 375 421 361
f 196 422 382
f 413 196 400
f 414 413 229
f 405 404 257
f 270 423 415
f 424 270 407
f 417 297 416
f 418 417 308
f 419 418 327
f 399 420 340
f 375 425 421
f 196 426 422
f 414 196 413
f 405 427 404
f 270 428 423
f 429 270 424
f 418 297 417
f 430 418 419
f 399 431 420
f 379 425 375
f 196 432 426
f 433 196 414
f 434 427 405
f 270 435 428
f 418 436 297
f 437 418 430
f 399 438 431
f 379 439 425
f 196 440 432
f 441 196 433
f 442 427 434
f 429 435 270
f 418 443 436
f 444 418 437
f 399 445 438
f 446 439 379
f 196 447 440
f 448 196 441
f 449 427 442
f 429 450 435
f 418 451 443
f 452 418 444
f 399 453 445
f 196 454 447
f 455 196 448
f 456 427 449
f 429 457 450
f 418 429 451
f 458 418 452
f 399 459 453
f 196 460 454
f 461 196 455
f 429 462 457
f 458 429 418
f 399 463 459
f 196 464 460
f 465 196 461
f 429 466 462
f 467 429 458
f 399 467 463
f 196 468 464
f 469 196 465
f 467 466 429
f 470 467 399
f 196 471 468
f 427 196 469
f 467 472 466
f 473 467 470
f 196 446 471
f 456 196 427
f 467 474 472
f 475 467 473
f 196 439 446
f 474 196 456
f 475 474 467
f 196 476 439
f 477 474 475
f 196 478 476
f 479 474 477
f 474 478 196
f 480 474 479
f 474 481 478
f 482 474 480
f 474 483 481
f 484 474 482
f 474 485 483
f 485 474 484
f 486 487 488
f 487 489 490
f 489 491 492
f 491 493 494
f 493 495 496
f 495 497 498
f 497 499 500
f 499 501 502
f 501 503 504
f 503 505 506
f 505 507 508
f 507 509 510
f 509 511 512
f 511 513 514
f 513 515 516
f 515 517 518
f 517 519 520
f 519 521 522
f 521 523 524
f 525 526 527
f 526 528 529
f 528 530 531
f 530 532 533
f 532 534 535
f 534 536 537
f 536 538 539
f 540 541 542
f 541 543 544
f 543 545 546
f 545 547 548
f 549 550 551
f 550 552 553
f 552 554 555
f 554 556 557
f 556 558 559
f 558 560 561
f 560 562 563
f 564 565 566
f 565 567 568
f 567 569 570
f 569 571 572
f 571 573 574
f 573 575 576
f 575 577 578
f 577 579 580
f 579 581 582
f 581 583 584
f 583 585 586
f 585 587 588
f 587 589 590
f 589 591 592
f 591 593 594
f 595 596 597
f 596 598 599
f 598 600 601
f 602 603 604
f 603 605 606
f 605 607 608
f 607 609 610
f 609 611 612
f 611 613 614
f 615 616 617
f 616 618 619
f 618 620 621
f 620 622 623
f 622 624 625
f 624 626 627
f 626 628 629
f 628 630 631
f 630 632 633
f 634 635 636
f 635 637 638
f 637 639 640
f 639 641 642
f 641 643 644
f 643 645 646
f 645 647 648
f 647 649 650
f 649 651 652
f 651 653 654
f 653 655 656
f 655 657 658
f 659 660 661
f 660 662 663
f 662 664 665
f 664 666 667
f 666 668 669
f 668 670 671
f 670 672 673
f 672 674 675
f 674 676 677
f 676 678 679
f 680 681 682
f 681 683 684
f 683 685 686
f 685 687 688
f 687 689 690
f 689 487 486
f 487 491 489
f 491 495 493
f 495 499 497
f 499 503 501
f 503 507 505
f 507 511 509
f 511 515 513
f 515 519 517
f 519 523 521
f 525 528 526
f 528 532 530
f 532 536 534
f 540 543 541
f 545 691 547
f 549 552 550
f 552 556 554
f 556 560 558
f 560 692 562
f 693 565 564
f 565 569 567
f 569 573 571
f 573 577 575
f 577 581 579
f 581 585 583
f 585 589 587
f 589 593 591
f 595 598 596
f 694 603 602
f 603 607 605
f 607 611 609
f 611 695 613
f 615 618 616
f 618 622 620
f 622 626 624
f 626 630 628
f 630 696 632
f 697 635 634
f 635 639 637
f 639 643 641
f 643 647 645
f 647 651 649
f 651 655 653
f 655 698 657
f 659 662 660
f 662 666 664
f 666 670 668
f 670 674 672
f 674 678 676
f 680 683 681
f 683 687 685
f 687 487 689
f 487 495 491
f 495 503 499
f 503 511 507
f 511 519 515
f 519 699 523
f 700 528 525
f 528 536 532
f 540 545 543
f 545 549 691
f 549 556 552
f 556 692 560
f 693 569 565
f 569 577 573
f 577 585 581
f 585 593 589
f 595 600 598
f 694 607 603
f 607 695 611
f 701 618 615
f 618 626 622
f 626 696 630
f 697 639 635
f 639 647 643
f 647 655 651
f 659 666 662
f 666 674 670
f 680 687 683
f 687 495 487
f 495 511 503
f 511 699 519
f 702 528 700
f 528 538 536
f 703 545 540
f 545 556 549
f 556 704 692
f 705 569 693
f 569 585 577
f 585 706 593
f 595 707 600
f 708 607 694
f 607 709 695
f 701 626 618
f 626 710 696
f 711 639 697
f 639 655 647
f 659 674 666
f 680 495 687
f 495 699 511
f 712 528 702
f 528 713 538
f 703 556 545
f 714 569 705
f 569 706 585
f 595 715 707
f 716 607 708
f 607 717 709
f 717 626 701
f 626 718 710
f 719 639 711
f 639 698 655
f 720 674 659
f 721 495 680
f 495 712 699
f 712 713 528
f 703 704 556
f 722 569 714
f 569 723 706
f 595 716 715
f 716 717 607
f 717 718 626
f 719 698 639
f 724 674 720
f 725 495 721
f 495 713 712
f 726 704 703
f 727 569 722
f 569 728 723
f 595 717 716
f 717 729 718
f 730 698 719
f 724 678 674
f 731 495 725
f 495 732 713
f 726 733 704
f 734 569 727
f 735 717 595
f 717 736 729
f 737 698 730
f 738 678 724
f 739 495 731
f 495 740 732
f 726 741 733
f 734 728 569
f 742 717 735
f 717 743 736
f 744 698 737
f 738 745 678
f 746 495 739
f 495 747 740
f 726 748 741
f 749 728 734
f 750 717 742
f 717 751 743
f 752 698 744
f 753 495 746
f 495 754 747
f 726 755 748
f 756 728 749
f 728 717 750
f 717 757 751
f 758 698 752
f 759 495 753
f 495 760 754
f 761 728 756
f 728 757 717
f 762 698 758
f 763 495 759
f 495 764 760
f 765 728 761
f 728 766 757
f 766 698 762
f 767 495 763
f 495 768 764
f 765 766 728
f 766 769 698
f 770 495 767
f 495 726 768
f 771 766 765
f 766 772 769
f 745 495 770
f 495 755 726
f 773 766 771
f 766 774 772
f 738 495 745
f 495 773 755
f 773 774 766
f 775 495 738
f 773 776 774
f 777 495 775
f 773 778 776
f 777 773 495
f 773 779 778
f 780 773 777
f 773 781 779
f 782 773 780
f 773 783 781
f 784 773 782
f 773 784 783
f 187 487 191
f 191 487 490
f 191 490 190
f 190 490 489
f 190 489 193
f 193 489 492
f 193 492 192
f 192 492 491
f 192 491 195
f 195 491 494
f 195 494 194
f 194 494 493
f 194 493 197
f 197 493 496
f 197 496 196
f 196 496 495
f 196 495 199
f 199 495 498
f 199 498 198
f 198 498 497
f 198 497 201
f 201 497 500
f 201 500 200
f 200 500 499
f 200 499 203
f 203 499 502
f 203 502 202
f 202 502 501
f 202 501 205
f 205 501 504
f 205 504 204
f 204 504 503
f 204 503 207
f 207 503 506
f 207 506 206
f 206 506 505
f 206 505 209
f 209 505 508
f 209 508 208
f 208 508 507
f 208 507 211
f 211 507 510
f 211 510 210
f 210 510 509
f 210 509 213
f 213 509 512
f 213 512 212
f 212 512 511
f 212 511 215
f 215 511 514
f 215 514 214
f 214 514 513
f 214 513 217
f 217 513 516
f 217 516 216
f 216 516 515
f 216 515 219
f 219 515 518
f 219 518 218
f 218 518 517
f 218 517 221
f 221 517 520
f 221 520 220
f 220 520 519
f 220 519 223
f 223 519 522
f 223 522 222
f 222 522 521
f 222 521 225
f 225 521 524
f 225 524 224
f 224 524 523
f 224 523 400
f 400 523 699
f 400 699 413
f 413 699 712
f 413 712 403
f 403 712 702
f 403 702 401
f 401 702 700
f 401 700 227
f 227 700 525
f 227 525 228
f 228 525 527
f 228 527 226
f 226 527 526
f 226 526 230
f 230 526 529
f 230 529 229
f 229 529 528
f 229 528 232
f 232 528 531
f 232 531 231
f 231 531 530
f 231 530 234
f 234 530 533
f 234 533 233
f 233 533 532
f 233 532 236
f 236 532 535
f 236 535 235
f 235 535 534
f 235 534 238
f 238 534 537
f 238 537 237
f 237 537 536
f 237 536 240
f 240 536 539
f 240 539 239
f 239 539 538
f 239 538 414
f 414 538 713
f 414 713 433
f 433 713 732
f 433 732 441
f 441 732 740
f 441 740 448
f 448 740 747
f 448 747 455
f 455 747 754
f 455 754 461
f 461 754 760
f 461 760 465
f 465 760 764
f 465 764 469
f 469 764 768
f 469 768 427
f 427 768 726
f 427 726 404
f 404 726 703
f 404 703 242
f 242 703 540
f 242 540 243
f 243 540 542
f 243 542 241
f 241 542 541
f 241 541 245
f 245 541 544
f 245 544 244
f 244 544 543
f 244 543 247
f 247 543 546
f 247 546 246
f 246 546 545
f 246 545 249
f 249 545 548
f 249 548 248
f 248 548 547
f 248 547 392
f 392 547 691
f 392 691 251
f 251 691 549
f 251 549 252
f 252 549 551
f 252 551 250
f 250 551 550
f 250 550 254
f 254 550 553
f 254 553 253
f 253 553 552
f 253 552 256
f 256 552 555
f 256 555 255
f 255 555 554
f 255 554 258
f 258 554 557
f 258 557 257
f 257 557 556
f 257 556 260
f 260 556 559
f 260 559 259
f 259 559 558
f 259 558 262
f 262 558 561
f 262 561 261
f 261 561 560
f 261 560 264
f 264 560 563
f 264 563 263
f 263 563 562
f 263 562 393
f 393 562 692
f 393 692 405
f 405 692 704
f 405 704 434
f 434 704 733
f 434 733 442
f 442 733 741
f 442 741 449
f 449 741 748
f 449 748 456
f 456 748 755
f 456 755 474
f 474 755 773
f 474 773 472
f 472 773 771
f 472 771 466
f 466 771 765
f 466 765 462
f 462 765 761
f 462 761 457
f 457 761 756
f 457 756 450
f 450 756 749
f 450 749 435
f 435 749 734
f 435 734 428
f 428 734 727
f 428 727 423
f 423 727 722
f 423 722 415
f 415 722 714
f 415 714 406
f 406 714 705
f 406 705 394
f 394 705 693
f 394 693 266
f 266 693 564
f 266 564 267
f 267 564 566
f 267 566 265
f 265 566 565
f 265 565 269
f 269 565 568
f 269 568 268
f 268 568 567
f 268 567 271
f 271 567 570
f 271 570 270
f 270 570 569
f 270 569 273
f 273 569 572
f 273 572 272
f 272 572 571
f 272 571 275
f 275 571 574
f 275 574 274
f 274 574 573
f 274 573 277
f 277 573 576
f 277 576 276
f 276 576 575
f 276 575 279
f 279 575 578
f 279 578 278
f 278 578 577
f 278 577 281
f 281 577 580
f 281 580 280
f 280 580 579
f 280 579 283
f 283 579 582
f 283 582 282
f 282 582 581
f 282 581 285
f 285 581 584
f 285 584 284
f 284 584 583
f 284 583 287
f 287 583 586
f 287 586 286
f 286 586 585
f 286 585 289
f 289 585 588
f 289 588 288
f 288 588 587
f 288 587 291
f 291 587 590
f 291 590 290
f 290 590 589
f 290 589 293
f 293 589 592
f 293 592 292
f 292 592 591
f 292 591 295
f 295 591 594
f 295 594 294
f 294 594 593
f 294 593 407
f 407 593 706
f 407 706 424
f 424 706 723
f 424 723 429
f 429 723 728
f 429 728 451
f 451 728 750
f 451 750 443
f 443 750 742
f 443 742 436
f 436 742 735
f 436 735 297
f 297 735 595
f 297 595 298
f 298 595 597
f 298 597 296
f 296 597 596
f 296 596 300
f 300 596 599
f 300 599 299
f 299 599 598
f 299 598 302
f 302 598 601
f 302 601 301
f 301 601 600
f 301 600 408
f 408 600 707
f 408 707 416
f 416 707 715
f 416 715 417
f 417 715 716
f 417 716 409
f 409 716 708
f 409 708 395
f 395 708 694
f 395 694 304
f 304 694 602
f 304 602 305
f 305 602 604
f 305 604 303
f 303 604 603
f 303 603 307
f 307 603 606
f 307 606 306
f 306 606 605
f 306 605 309
f 309 605 608
f 309 608 308
f 308 608 607
f 308 607 311
f 311 607 610
f 311 610 310
f 310 610 609
f 310 609 313
f 313 609 612
f 313 612 312
f 312 612 611
f 312 611 315
f 315 611 614
f 315 614 314
f 314 614 613
f 314 613 396
f 396 613 695
f 396 695 410
f 410 695 709
f 410 709 418
f 418 709 717
f 418 717 402
f 402 717 701
f 402 701 317
f 317 701 615
f 317 615 318
f 318 615 617
f 318 617 316
f 316 617 616
f 316 616 320
f 320 616 619
f 320 619 319
f 319 619 618
f 319 618 322
f 322 618 621
f 322 621 321
f 321 621 620
f 321 620 324
f 324 620 623
f 324 623 323
f 323 623 622
f 323 622 326
f 326 622 625
f 326 625 325
f 325 625 624
f 325 624 328
f 328 624 627
f 328 627 327
f 327 627 626
f 327 626 330
f 330 626 629
f 330 629 329
f 329 629 628
f 329 628 332
f 332 628 631
f 332 631 331
f 331 631 630
f 331 630 334
f 334 630 633
f 334 633 333
f 333 633 632
f 333 632 397
f 397 632 696
f 397 696 411
f 411 696 710
f 411 710 419
f 419 710 718
f 419 718 430
f 430 718 729
f 430 729 437
f 437 729 736
f 437 736 444
f 444 736 743
f 444 743 452
f 452 743 751
f 452 751 458
f 458 751 757
f 458 757 467
f 467 757 766
f 467 766 463
f 463 766 762
f 463 762 459
f 459 762 758
f 459 758 453
f 453 758 752
f 453 752 445
f 445 752 744
f 445 744 438
f 438 744 737
f 438 737 431
f 431 737 730
f 431 730 420
f 420 730 719
f 420 719 412
f 412 719 711
f 412 711 398
f 398 711 697
f 398 697 336
f 336 697 634
f 336 634 337
f 337 634 636
f 337 636 335
f 335 636 635
f 335 635 339
f 339 635 638
f 339 638 338
f 338 638 637
f 338 637 341
f 341 637 640
f 341 640 340
f 340 640 639
f 340 639 343
f 343 639 642
f 343 642 342
f 342 642 641
f 342 641 345
f 345 641 644
f 345 644 344
f 344 644 643
f 344 643 347
f 347 643 646
f 347 646 346
f 346 646 645
f 346 645 349
f 349 645 648
f 349 648 348
f 348 648 647
f 348 647 351
f 351 647 650
f 351 650 350
f 350 650 649
f 350 649 353
f 353 649 652
f 353 652 352
f 352 652 651
f 352 651 355
f 355 651 654
f 355 654 354
f 354 654 653
f 354 653 357
f 357 653 656
f 357 656 356
f 356 656 655
f 356 655 359
f 359 655 658
f 359 658 358
f 358 658 657
f 358 657 399
f 399 657 698
f 399 698 470
f 470 698 769
f 470 769 473
f 473 769 772
f 473 772 475
f 475 772 774
f 475 774 477
f 477 774 776
f 477 776 479
f 479 776 778
f 479 778 480
f 480 778 779
f 480 779 482
f 482 779 781
f 482 781 484
f 484 781 783
f 484 783 485
f 485 783 784
f 485 784 483
f 483 784 782
f 483 782 481
f 481 782 780
f 481 780 478
f 478 780 777
f 478 777 476
f 476 777 775
f 476 775 439
f 439 775 738
f 439 738 425
f 425 738 724
f 425 724 421
f 421 724 720
f 421 720 361
f 361 720 659
f 361 659 362
f 362 659 661
f 362 661 360
f 360 661 660
f 360 660 364
f 364 660 663
f 364 663 363
f 363 663 662
f 363 662 366
f 366 662 665
f 366 665 365
f 365 665 664
f 365 664 368
f 368 664 667
f 368 667 367
f 367 667 666
f 367 666 370
f 370 666 669
f 370 669 369
f 369 669 668
f 369 668 372
f 372 668 671
f 372 671 371
f 371 671 670
f 371 670 374
f 374 670 673
f 374 673 373
f 373 673 672
f 373 672 376
f 376 672 675
f 376 675 375
f 375 675 674
f 375 674 378
f 378 674 677
f 378 677 377
f 377 677 676
f 377 676 380
f 380 676 679
f 380 679 379
f 379 679 678
f 379 678 446
f 446 678 745
f 446 745 471
f 471 745 770
f 471 770 468
f 468 770 767
f 468 767 464
f 464 767 763
f 464 763 460
f 460 763 759
f 460 759 454
f 454 759 753
f 454 753 447
f 447 753 746
f 447 746 440
f 440 746 739
f 440 739 432
f 432 739 731
f 432 731 426
f 426 731 725
f 426 725 422
f 422 725 721
f 422 721 382
f 382 721 680
f 382 680 383
f 383 680 682
f 383 682 381
f 381 682 681
f 381 681 385
f 385 681 684
f 385 684 384
f 384 684 683
f 384 683 387
f 387 683 686
f 387 686 386
f 386 686 685
f 386 685 389
f 389 685 688
f 389 688 388
f 388 688 687
f 388 687 391
f 391 687 690
f 391 690 390
f 390 690 689
f 390 689 188
f 188 689 486
f 188 486 189
f 189 486 488
f 189 488 187
f 187 488 487
o 
v 89.9 0 -10.1
v 90.657 0 -10.056
v 90.25 0 -10.065
v 89.116 0 -10.296
v 89.555 0 -10.174
v 88.171 0 -10.607
v 88.636 0 -10.446
v 87.5 0 -10.89
v 87.774 0 -10.761
v 87.143 0 -11.126
v 87.32 0 -10.998
v 86.833 0 -11.408
v 86.979 0 -11.265
v 86.63 0 -11.67
v 86.715 0 -11.546
v 86.483 0 -12.1
v 86.555 0 -11.854
v 86.364 0 -12.69
v 86.418 0 -12.386
v 86.31 0 -13.26
v 86.327 0 -12.989
v 83.389 0 -16.905
v 84.37 0 -16.09
v 83.43 0 -16.87
v 81.309 0 -18.54
v 82.63 0 -17.51
v 81.74 0 -18.2
v 76.214 0 -22.471
v 77.836 0 -21.228
v 77.18 0 -21.73
v 74.241 0 -24.018
v 75.208 0 -23.254
v 72.739 0 -25.237
v 73.392 0 -24.699
v 63.949 0 -30.409
v 64.23 0 -30.79
v 64.143 0 -30.666
v 63.411 0 -29.711
v 63.691 0 -30.073
v 62.95 0 -29.13
v 63.15 0 -29.379
v 61.796 0 -27.622
v 62.34 0 -28.33
v 62.038 0 -27.933
v 61.384 0 -27.131
v 61.586 0 -27.365
v 60.9 0 -26.61
v 61.164 0 -26.89
v 60.524 0 -26.244
v 60.682 0 -26.39
v 60.299 0 -26.12
v 60.404 0 -26.158
v 60.05 0 -26.14
v 60.189 0 -26.118
v 59.533 0 -26.304
v 59.815 0 -26.2
v 58.907 0 -26.606
v 59.224 0 -26.442
v 58.33 0 -26.97
v 58.603 0 -26.785
v 57.687 0 -27.546
v 57.965 0 -27.266
v 57.386 0 -28.08
v 57.495 0 -27.816
v 57.41 0 -28.61
v 57.359 0 -28.343
v 57.747 0 -29.249
v 57.537 0 -28.898
v 58.39 0 -30.111
v 58.033 0 -29.655
v 59.3 0 -31.15
v 58.814 0 -30.612
v 52.92 0 -41.01
v 57.51 0 -36.741
v 55.79 0 -38.34
v 50.34 0 -43.42
v 51.61 0 -42.23
v 48.1 0 -45.53
v 48.99 0 -44.68
v 44.294 0 -49.12
v 45.6 0 -47.89
v 44.945 0 -48.504
v 42.906 0 -50.453
v 43.623 0 -49.763
v 41.24 0 -52.07
v 42.12 0 -51.215
v 27.316 0 -65.208
v 30.52 0 -62.27
v 28.36 0 -64.25
v 19.897 0 -71.979
v 22.11 0 -69.96
v 21.046 0 -70.921
v 17.323 0 -74.411
v 18.659 0 -73.14
v 14.33 0 -77.31
v 15.882 0 -75.799
v 7.781 0 -83.567
v 9.57 0 -81.882
v 9.13 0 -82.29
v 5.477 0 -85.966
v 6.547 0 -84.811
v 4.034 0 -87.782
v 4.623 0 -86.975
v 3.746 0 -88.404
v 3.76 0 -88.33
v 3.759 0 -88.526
v 3.745 0 -88.469
v 3.835 0 -88.625
v 3.788 0 -88.577
v 4.201 0 -88.791
v 3.9 0 -88.67
v 5.144 0 -88.702
v 4.612 0 -88.803
v 6.616 0 -88.154
v 5.808 0 -88.487
v 8.204 0 -87.383
v 7.58 0 -87.7
v 9.267 0 -86.768
v 8.747 0 -87.085
v 10.484 0 -85.919
v 9.827 0 -86.392
v 12.044 0 -84.748
v 11.3 0 -85.31
v 20.61 0 -78.74
v 15.364 0 -82.39
v 17.2 0 -81.12
v 33.172 0 -69.977
v 31.7 0 -71
v 32.71 0 -70.3
v 34.095 0 -69.329
v 33.634 0 -69.653
v 35.016 0 -68.677
v 34.556 0 -69.003
v 35.935 0 -68.022
v 35.476 0 -68.35
v 36.851 0 -67.364
v 36.393 0 -67.693
v 37.764 0 -66.702
v 37.308 0 -67.033
v 49.446 0 -58.59
v 48.06 0 -59.54
v 48.754 0 -59.066
v 50.827 0 -57.633
v 50.137 0 -58.112
v 52.203 0 -56.668
v 51.516 0 -57.151
v 53.574 0 -55.696
v 52.889 0 -56.183
v 54.94 0 -54.717
v 54.258 0 -55.207
v 56.3 0 -53.73
v 55.621 0 -54.224
v 58.003 0 -52.519
v 57.023 0 -53.201
v 57.27 0 -53.03
v 59.184 0 -51.688
v 58.644 0 -52.069
v 59.922 0 -51.156
v 59.613 0 -51.381
v 61.714 0 -49.88
v 61.03 0 -50.36
v 61.372 0 -50.12
v 62.396 0 -49.396
v 62.055 0 -49.638
v 63.075 0 -48.909
v 62.736 0 -49.153
v 63.752 0 -48.419
v 63.414 0 -48.665
v 64.427 0 -47.926
v 64.09 0 -48.173
v 65.1 0 -47.43
v 64.764 0 -47.678
v 65.294 0 -47.297
v 65.197 0 -47.364
v 65.485 0 -47.161
v 65.39 0 -47.23
v 65.675 0 -47.023
v 65.58 0 -47.093
v 65.862 0 -46.881
v 65.769 0 -46.953
v 66.047 0 -46.737
v 65.955 0 -46.81
v 66.23 0 -46.59
v 66.139 0 -46.664
v 68.171 0 -45.106
v 67.62 0 -45.53
v 70.381 0 -45.506
v 70.112 0 -44.834
v 70.2 0 -45.06
v 70.97 0 -46.572
v 70.647 0 -46.025
v 71.679 0 -47.579
v 71.323 0 -47.105
v 72.526 0 -48.366
v 72.01 0 -47.95
v 73.716 0 -48.725
v 73.091 0 -48.624
v 75.19 0 -48.457
v 74.412 0 -48.669
v 76.418 0 -47.872
v 76.06 0 -48.09
v 76.961 0 -47.254
v 76.719 0 -47.591
v 77.255 0 -46.432
v 77.141 0 -46.866
v 77.3 0 -45.48
v 77.3 0 -45.96
v 74.545 0 -42.014
v 75.66 0 -43.41
v 75.79 0 -37.62
v 73.92 0 -39.1
v 75.05 0 -38.22
v 77.371 0 -36.338
v 76.21 0 -37.28
v 79.887 0 -34.261
v 78.636 0 -35.299
v 81.877 0 -32.588
v 81.007 0 -33.324
v 82.828 0 -31.752
v 82.38 0 -32.15
v 88.8 0 -26.64
v 87.369 0 -27.852
v 87.83 0 -27.47
v 96.904 0 -22.96
v 95.58 0 -23.04
v 96.349 0 -23.024
v 97.546 0 -22.59
v 97.289 0 -22.824
v 97.85 0 -21.73
v 97.719 0 -22.233
v 97.97 0 -20.148
v 97.939 0 -21.044
v 97.88 0 -18.162
v 97.949 0 -19.151
v 97.62 0 -16.64
v 97.768 0 -17.289
v 97.196 0 -15.759
v 97.459 0 -16.257
v 96.491 0 -14.618
v 96.863 0 -15.196
v 95.76 0 -13.61
v 96.113 0 -14.073
v 94.296 0 -11.974
v 94.994 0 -12.726
v 93.084 0 -10.856
v 93.66 0 -11.351
v 92.1 0 -10.24
v 92.566 0 -10.486
v 91.49 0 -10.11
v 91.841 0 -10.167
v 91.082 0 -10.073
v 72.36 0 -25.57
v 40.36 0 -52.934
v 22.804 0 -69.331
v 10.008 0 -81.472
v 14.115 0 -83.257
v 30.689 0 -71.701
v 38.22 0 -66.37
v 45.792 0 -61.091
v 56.347 0 -53.692
v 60.1 0 -51.02
v 83.276 0 -31.356
v 86.91 0 -28.236
v 94.992 0 -23.054
v 78.707 0 -20.557
v 71.586 0 -26.225
v 64.252 0 -30.82
v 23.775 0 -68.446
v 13.903 0 -77.731
v 10.445 0 -81.061
v 21.616 0 -78.034
v 44.187 0 -62.187
v 56.451 0 -53.613
v 86.451 0 -28.621
v 79.662 0 -19.819
v 22.623 0 -77.328
v 29.68 0 -72.402
v 56.605 0 -53.5
v 56.799 0 -53.36
v 70.011 0 -44.639
v 90.24 0 -25.37
v 94.46 0 -23.087
v 59.827 0 -31.728
v 39.478 0 -53.796
v 24.92 0 -67.401
v 10.881 0 -80.649
v 12.639 0 -84.306
v 23.63 0 -76.622
v 28.67 0 -73.104
v 43.083 0 -62.944
v 73.788 0 -39.209
v 85.994 0 -29.008
v 93.981 0 -23.14
v 80.573 0 -19.113
v 64.287 0 -30.857
v 60.22 0 -32.184
v 38.594 0 -54.655
v 26.135 0 -66.29
v 11.316 0 -80.236
v 13.267 0 -83.853
v 24.637 0 -75.918
v 27.661 0 -73.807
v 42.313 0 -63.473
v 69.901 0 -44.48
v 83.726 0 -30.961
v 85.538 0 -29.395
v 93.557 0 -23.213
v 86.277 0 -13.74
v 37.706 0 -55.512
v 11.75 0 -79.821
v 25.645 0 -75.214
v 26.653 0 -74.51
v 41.713 0 -63.887
v 69.785 0 -44.361
v 84.177 0 -30.568
v 85.083 0 -29.785
v 93.187 0 -23.306
v 86.163 0 -14.167
v 64.334 0 -30.899
v 36.817 0 -56.366
v 12.183 0 -79.406
v 69.667 0 -44.286
v 84.63 0 -30.176
v 90.845 0 -24.838
v 82.833 0 -17.35
v 64.389 0 -30.943
v 35.925 0 -57.217
v 31.427 0 -61.434
v 12.615 0 -78.989
v 41.12 0 -64.3
v 68.614 0 -44.779
v 69.55 0 -44.26
v 92.87 0 -23.42
v 64.452 0 -30.988
v 35.03 0 -58.066
v 32.331 0 -60.596
v 13.045 0 -78.571
v 69.415 0 -44.288
v 92.544 0 -23.577
v 64.52 0 -31.03
v 13.475 0 -78.152
v 73.805 0 -41.067
v 92.195 0 -23.786
v 64.62 0 -31.088
v 68.96 0 -44.539
v 69.223 0 -44.378
v 91.806 0 -24.058
v 64.704 0 -31.119
v 33.233 0 -59.755
v 91.362 0 -24.404
v 64.791 0 -31.121
v 34.133 0 -58.912
v 60.493 0 -32.541
v 73.374 0 -40.466
v 64.903 0 -31.091
v 73.185 0 -40.11
v 73.656 0 -39.323
v 60.66 0 -32.819
v 58.791 0 -35.524
v 73.173 0 -39.895
v 73.531 0 -39.436
v 60.737 0 -33.038
v 73.421 0 -39.544
v 65.059 0 -31.025
v 59.694 0 -34.625
v 73.331 0 -39.64
v 60.74 0 -33.22
v 60.279 0 -33.983
v 73.27 0 -39.72
v 65.28 0 -30.92
v 60.607 0 -33.535
v 85.94 0 -14.577
v 85.584 0 -15.01
v 65.975 0 -30.465
v 85.069 0 -15.501
v 67.22 0 -29.566
v 68.749 0 -28.425
v 70.293 0 -27.244
v 83.303 0 -16.976
v 83.176 0 -17.077
v 83.017 0 -17.204
v 90.657 10 -10.056
v 89.9 10 -10.1
v 90.25 10 -10.065
v 89.116 10 -10.296
v 89.555 10 -10.174
v 88.171 10 -10.607
v 88.636 10 -10.446
v 87.5 10 -10.89
v 87.774 10 -10.761
v 87.143 10 -11.126
v 87.32 10 -10.998
v 86.833 10 -11.408
v 86.979 10 -11.265
v 86.63 10 -11.67
v 86.715 10 -11.546
v 86.483 10 -12.1
v 86.555 10 -11.854
v 86.364 10 -12.69
v 86.418 10 -12.386
v 86.31 10 -13.26
v 86.327 10 -12.989
v 84.37 10 -16.09
v 83.389 10 -16.905
v 83.43 10 -16.87
v 82.63 10 -17.51
v 81.309 10 -18.54
v 81.74 10 -18.2
v 77.836 10 -21.228
v 76.214 10 -22.471
v 77.18 10 -21.73
v 74.241 10 -24.018
v 75.208 10 -23.254
v 72.739 10 -25.237
v 73.392 10 -24.699
v 64.23 10 -30.79
v 63.949 10 -30.409
v 64.143 10 -30.666
v 63.411 10 -29.711
v 63.691 10 -30.073
v 62.95 10 -29.13
v 63.15 10 -29.379
v 62.34 10 -28.33
v 61.796 10 -27.622
v 62.038 10 -27.933
v 61.384 10 -27.131
v 61.586 10 -27.365
v 60.9 10 -26.61
v 61.164 10 -26.89
v 60.524 10 -26.244
v 60.682 10 -26.39
v 60.299 10 -26.12
v 60.404 10 -26.158
v 60.05 10 -26.14
v 60.189 10 -26.118
v 59.533 10 -26.304
v 59.815 10 -26.2
v 58.907 10 -26.606
v 59.224 10 -26.442
v 58.33 10 -26.97
v 58.603 10 -26.785
v 57.687 10 -27.546
v 57.965 10 -27.266
v 57.386 10 -28.08
v 57.495 10 -27.816
v 57.41 10 -28.61
v 57.359 10 -28.343
v 57.747 10 -29.249
v 57.537 10 -28.898
v 58.39 10 -30.111
v 58.033 10 -29.655
v 59.3 10 -31.15
v 58.814 10 -30.612
v 57.51 10 -36.741
v 52.92 10 -41.01
v 55.79 10 -38.34
v 50.34 10 -43.42
v 51.61 10 -42.23
v 48.1 10 -45.53
v 48.99 10 -44.68
v 45.6 10 -47.89
v 44.294 10 -49.12
v 44.945 10 -48.504
v 42.906 10 -50.453
v 43.623 10 -49.763
v 41.24 10 -52.07
v 42.12 10 -51.215
v 30.52 10 -62.27
v 27.316 10 -65.208
v 28.36 10 -64.25
v 22.11 10 -69.96
v 19.897 10 -71.979
v 21.046 10 -70.921
v 17.323 10 -74.411
v 18.659 10 -73.14
v 14.33 10 -77.31
v 15.882 10 -75.799
v 9.57 10 -81.882
v 7.781 10 -83.567
v 9.13 10 -82.29
v 5.477 10 -85.966
v 6.547 10 -84.811
v 4.034 10 -87.782
v 4.623 10 -86.975
v 3.746 10 -88.404
v 3.76 10 -88.33
v 3.759 10 -88.526
v 3.745 10 -88.469
v 3.835 10 -88.625
v 3.788 10 -88.577
v 4.201 10 -88.791
v 3.9 10 -88.67
v 5.144 10 -88.702
v 4.612 10 -88.803
v 6.616 10 -88.154
v 5.808 10 -88.487
v 8.204 10 -87.383
v 7.58 10 -87.7
v 9.267 10 -86.768
v 8.747 10 -87.085
v 10.484 10 -85.919
v 9.827 10 -86.392
v 12.044 10 -84.748
v 11.3 10 -85.31
v 15.364 10 -82.39
v 20.61 10 -78.74
v 17.2 10 -81.12
v 31.7 10 -71
v 33.172 10 -69.977
v 32.71 10 -70.3
v 34.095 10 -69.329
v 33.634 10 -69.653
v 35.016 10 -68.677
v 34.556 10 -69.003
v 35.935 10 -68.022
v 35.476 10 -68.35
v 36.851 10 -67.364
v 36.393 10 -67.693
v 37.764 10 -66.702
v 37.308 10 -67.033
v 48.06 10 -59.54
v 49.446 10 -58.59
v 48.754 10 -59.066
v 50.827 10 -57.633
v 50.137 10 -58.112
v 52.203 10 -56.668
v 51.516 10 -57.151
v 53.574 10 -55.696
v 52.889 10 -56.183
v 54.94 10 -54.717
v 54.258 10 -55.207
v 56.3 10 -53.73
v 55.621 10 -54.224
v 57.023 10 -53.201
v 58.003 10 -52.519
v 57.27 10 -53.03
v 59.184 10 -51.688
v 58.644 10 -52.069
v 59.922 10 -51.156
v 59.613 10 -51.381
v 61.03 10 -50.36
v 61.714 10 -49.88
v 61.372 10 -50.12
v 62.396 10 -49.396
v 62.055 10 -49.638
v 63.075 10 -48.909
v 62.736 10 -49.153
v 63.752 10 -48.419
v 63.414 10 -48.665
v 64.427 10 -47.926
v 64.09 10 -48.173
v 65.1 10 -47.43
v 64.764 10 -47.678
v 65.294 10 -47.297
v 65.197 10 -47.364
v 65.485 10 -47.161
v 65.39 10 -47.23
v 65.675 10 -47.023
v 65.58 10 -47.093
v 65.862 10 -46.881
v 65.769 10 -46.953
v 66.047 10 -46.737
v 65.955 10 -46.81
v 66.23 10 -46.59
v 66.139 10 -46.664
v 68.171 10 -45.106
v 67.62 10 -45.53
v 70.112 10 -44.834
v 70.381 10 -45.506
v 70.2 10 -45.06
v 70.97 10 -46.572
v 70.647 10 -46.025
v 71.679 10 -47.579
v 71.323 10 -47.105
v 72.526 10 -48.366
v 72.01 10 -47.95
v 73.716 10 -48.725
v 73.091 10 -48.624
v 75.19 10 -48.457
v 74.412 10 -48.669
v 76.418 10 -47.872
v 76.06 10 -48.09
v 76.961 10 -47.254
v 76.719 10 -47.591
v 77.255 10 -46.432
v 77.141 10 -46.866
v 77.3 10 -45.48
v 77.3 10 -45.96
v 74.545 10 -42.014
v 75.66 10 -43.41
v 73.92 10 -39.1
v 75.79 10 -37.62
v 75.05 10 -38.22
v 77.371 10 -36.338
v 76.21 10 -37.28
v 79.887 10 -34.261
v 78.636 10 -35.299
v 81.877 10 -32.588
v 81.007 10 -33.324
v 82.828 10 -31.752
v 82.38 10 -32.15
v 87.369 10 -27.852
v 88.8 10 -26.64
v 87.83 10 -27.47
v 95.58 10 -23.04
v 96.904 10 -22.96
v 96.349 10 -23.024
v 97.546 10 -22.59
v 97.289 10 -22.824
v 97.85 10 -21.73
v 97.719 10 -22.233
v 97.97 10 -20.148
v 97.939 10 -21.044
v 97.88 10 -18.162
v 97.949 10 -19.151
v 97.62 10 -16.64
v 97.768 10 -17.289
v 97.196 10 -15.759
v 97.459 10 -16.257
v 96.491 10 -14.618
v 96.863 10 -15.196
v 95.76 10 -13.61
v 96.113 10 -14.073
v 94.296 10 -11.974
v 94.994 10 -12.726
v 93.084 10 -10.856
v 93.66 10 -11.351
v 92.1 10 -10.24
v 92.566 10 -10.486
v 91.49 10 -10.11
v 91.841 10 -10.167
v 91.082 10 -10.073
v 72.36 10 -25.57
v 40.36 10 -52.934
v 22.804 10 -69.331
v 10.008 10 -81.472
v 14.115 10 -83.257
v 30.689 10 -71.701
v 38.22 10 -66.37
v 45.792 10 -61.091
v 56.347 10 -53.692
v 60.1 10 -51.02
v 83.276 10 -31.356
v 86.91 10 -28.236
v 94.992 10 -23.054
v 78.707 10 -20.557
v 71.586 10 -26.225
v 64.252 10 -30.82
v 23.775 10 -68.446
v 13.903 10 -77.731
v 10.445 10 -81.061
v 21.616 10 -78.034
v 44.187 10 -62.187
v 56.451 10 -53.613
v 86.451 10 -28.621
v 79.662 10 -19.819
v 22.623 10 -77.328
v 29.68 10 -72.402
v 56.605 10 -53.5
v 56.799 10 -53.36
v 70.011 10 -44.639
v 90.24 10 -25.37
v 94.46 10 -23.087
v 59.827 10 -31.728
v 39.478 10 -53.796
v 24.92 10 -67.401
v 10.881 10 -80.649
v 12.639 10 -84.306
v 23.63 10 -76.622
v 28.67 10 -73.104
v 43.083 10 -62.944
v 73.788 10 -39.209
v 85.994 10 -29.008
v 93.981 10 -23.14
v 80.573 10 -19.113
v 64.287 10 -30.857
v 60.22 10 -32.184
v 38.594 10 -54.655
v 26.135 10 -66.29
v 11.316 10 -80.236
v 13.267 10 -83.853
v 24.637 10 -75.918
v 27.661 10 -73.807
v 42.313 10 -63.473
v 69.901 10 -44.48
v 83.726 10 -30.961
v 85.538 10 -29.395
v 93.557 10 -23.213
v 86.277 10 -13.74
v 37.706 10 -55.512
v 11.75 10 -79.821
v 25.645 10 -75.214
v 26.653 10 -74.51
v 41.713 10 -63.887
v 69.785 10 -44.361
v 84.177 10 -30.568
v 85.083 10 -29.785
v 93.187 10 -23.306
v 86.163 10 -14.167
v 64.334 10 -30.899
v 36.817 10 -56.366
v 12.183 10 -79.406
v 69.667 10 -44.286
v 84.63 10 -30.176
v 90.845 10 -24.838
v 82.833 10 -17.35
v 64.389 10 -30.943
v 35.925 10 -57.217
v 31.427 10 -61.434
v 12.615 10 -78.989
v 41.12 10 -64.3
v 68.614 10 -44.779
v 69.55 10 -44.26
v 92.87 10 -23.42
v 64.452 10 -30.988
v 35.03 10 -58.066
v 32.331 10 -60.596
v 13.045 10 -78.571
v 69.415 10 -44.288
v 92.544 10 -23.577
v 64.52 10 -31.03
v 13.475 10 -78.152
v 73.805 10 -41.067
v 92.195 10 -23.786
v 64.62 10 -31.088
v 68.96 10 -44.539
v 69.223 10 -44.378
v 91.806 10 -24.058
v 64.704 10 -31.119
v 33.233 10 -59.755
v 91.362 10 -24.404
v 64.791 10 -31.121
v 34.133 10 -58.912
v 60.493 10 -32.541
v 73.374 10 -40.466
v 64.903 10 -31.091
v 73.185 10 -40.11
v 73.656 10 -39.323
v 60.66 10 -32.819
v 58.791 10 -35.524
v 73.173 10 -39.895
v 73.531 10 -39.436
v 60.737 10 -33.038
v 73.421 10 -39.544
v 65.059 10 -31.025
v 59.694 10 -34.625
v 73.331 10 -39.64
v 60.74 10 -33.22
v 60.279 10 -33.983
v 73.27 10 -39.72
v 65.28 10 -30.92
v 60.607 10 -33.535
v 85.94 10 -14.577
v 85.584 10 -15.01
v 65.975 10 -30.465
v 85.069 10 -15.501
v 67.22 10 -29.566
v 68.749 10 -28.425
v 70.293 10 -27.244
v 83.303 10 -16.976
v 83.176 10 -17.077
v 83.017 10 -17.204
f 785 786 787
f 788 785 789
f 790 788 791
f 792 790 793
f 794 792 795
f 796 794 797
f 798 796 799
f 800 798 801
f 802 800 803
f 804 802 805
f 806 807 808
f 809 810 811
f 812 813 814
f 815 812 816
f 817 815 818
f 819 820 821
f 822 819 823
f 824 822 825
f 826 827 828
f 829 826 830
f 831 829 832
f 833 831 834
f 835 833 836
f 837 835 838
f 839 837 840
f 841 839 842
f 843 841 844
f 845 843 846
f 847 845 848
f 849 847 850
f 851 849 852
f 853 851 854
f 855 853 856
f 857 858 859
f 860 857 861
f 862 860 863
f 864 865 866
f 867 864 868
f 869 867 870
f 871 872 873
f 874 875 876
f 877 874 878
f 879 877 880
f 881 882 883
f 884 881 885
f 886 884 887
f 888 886 889
f 890 888 891
f 892 890 893
f 894 892 895
f 896 894 897
f 898 896 899
f 900 898 901
f 902 900 903
f 904 902 905
f 906 904 907
f 908 909 910
f 911 912 913
f 914 911 915
f 916 914 917
f 918 916 919
f 920 918 921
f 922 920 923
f 924 925 926
f 927 924 928
f 929 927 930
f 931 929 932
f 933 931 934
f 935 933 936
f 937 938 939
f 940 937 941
f 942 940 943
f 944 945 946
f 947 944 948
f 949 947 950
f 951 949 952
f 953 951 954
f 955 953 956
f 957 955 958
f 959 957 960
f 961 959 962
f 963 961 964
f 965 963 966
f 967 965 968
f 969 967 970
f 971 972 973
f 974 971 975
f 976 974 977
f 978 976 979
f 980 978 981
f 982 980 983
f 984 982 985
f 986 984 987
f 988 986 989
f 990 988 991
f 992 990 993
f 994 995 996
f 997 994 998
f 999 997 1000
f 1001 999 1002
f 1003 1001 1004
f 1005 1006 1007
f 1008 1009 1010
f 1011 1008 1012
f 1013 1011 1014
f 1015 1013 1016
f 1017 1015 1018
f 1019 1017 1020
f 1021 1019 1022
f 1023 1021 1024
f 1025 1023 1026
f 1027 1025 1028
f 1029 1027 1030
f 1031 1029 1032
f 1033 1031 1034
f 786 1033 1035
f 788 786 785
f 792 788 790
f 796 792 794
f 800 796 798
f 804 800 802
f 815 813 812
f 1036 815 817
f 822 820 819
f 826 824 827
f 831 826 829
f 835 831 833
f 839 835 837
f 843 839 841
f 847 843 845
f 851 847 849
f 855 851 853
f 860 858 857
f 865 860 862
f 867 865 864
f 1037 867 869
f 874 1038 875
f 879 874 877
f 881 1039 882
f 886 881 884
f 890 886 888
f 894 890 892
f 898 894 896
f 902 898 900
f 906 902 904
f 908 1040 909
f 911 1041 912
f 916 911 914
f 920 916 918
f 1042 920 922
f 924 1043 925
f 929 924 927
f 933 929 931
f 1044 933 935
f 940 938 937
f 1045 940 942
f 947 945 944
f 951 947 949
f 955 951 953
f 959 955 957
f 963 959 961
f 967 963 965
f 974 972 971
f 978 974 976
f 982 978 980
f 986 982 984
f 990 986 988
f 997 995 994
f 1001 997 999
f 1046 1001 1003
f 1005 1047 1006
f 1008 1048 1009
f 1013 1008 1011
f 1017 1013 1015
f 1021 1017 1019
f 1025 1021 1023
f 1029 1025 1027
f 1033 1029 1031
f 788 1033 786
f 796 788 792
f 804 796 800
f 815 1049 813
f 1050 815 1036
f 822 1051 820
f 831 824 826
f 839 831 835
f 847 839 843
f 855 847 851
f 865 858 860
f 1037 865 867
f 874 1052 1038
f 1053 874 879
f 881 1054 1039
f 890 881 886
f 898 890 894
f 906 898 902
f 1055 1040 908
f 916 1041 911
f 1042 916 920
f 924 1056 1043
f 933 924 929
f 1057 933 1044
f 1045 938 940
f 951 945 947
f 963 955 959
f 978 972 974
f 986 978 982
f 992 986 990
f 1001 995 997
f 1005 1058 1047
f 1013 1048 1008
f 1021 1013 1017
f 1029 1021 1025
f 788 1029 1033
f 804 788 796
f 815 1059 1049
f 824 1051 822
f 839 824 831
f 855 839 847
f 1037 858 865
f 1053 1052 874
f 890 1054 881
f 906 890 898
f 1060 1040 1055
f 916 1061 1041
f 933 1056 924
f 1062 933 1057
f 1045 1063 938
f 951 1045 945
f 967 955 963
f 978 1064 972
f 992 978 986
f 1046 995 1001
f 1065 1058 1005
f 1013 1066 1048
f 1029 1013 1021
f 804 1029 788
f 1050 1059 815
f 839 1051 824
f 1067 839 855
f 1068 858 1037
f 1053 1069 1052
f 890 1070 1054
f 1071 890 906
f 1072 1040 1060
f 916 1073 1061
f 933 1074 1056
f 951 1063 1045
f 967 951 955
f 992 1064 978
f 1046 1075 995
f 1065 1076 1058
f 1013 1077 1066
f 804 1013 1029
f 1050 1078 1059
f 839 1079 1051
f 1080 839 1067
f 1081 858 1068
f 1053 1082 1069
f 890 1083 1070
f 1084 890 1071
f 1085 1040 1072
f 916 1086 1073
f 933 1087 1074
f 967 1063 951
f 992 1088 1064
f 1089 1075 1046
f 1065 1090 1076
f 1013 1091 1077
f 1092 1013 804
f 1050 809 1078
f 1080 1079 839
f 1093 858 1081
f 1053 871 1082
f 890 1094 1083
f 1040 890 1084
f 1095 1040 1085
f 916 1096 1086
f 933 1097 1087
f 969 1063 967
f 992 1098 1088
f 1099 1075 1089
f 1065 1100 1090
f 1013 1101 1091
f 1102 1013 1092
f 1050 810 809
f 1080 1103 1079
f 1104 858 1093
f 1053 872 871
f 890 1105 1094
f 1095 890 1040
f 1042 1096 916
f 1062 1097 933
f 969 1062 1063
f 992 1106 1098
f 1107 1075 1099
f 1108 1100 1065
f 1102 1101 1013
f 1050 1109 810
f 1080 1110 1103
f 1111 858 1104
f 1053 1112 872
f 890 1113 1105
f 1096 890 1095
f 1114 1096 1042
f 1062 1114 1097
f 1115 1062 969
f 992 1116 1106
f 1100 1075 1107
f 1102 1117 1101
f 1080 1118 1110
f 1119 858 1111
f 1053 1120 1112
f 890 1121 1113
f 1114 890 1096
f 1115 1114 1062
f 992 1122 1116
f 1108 1075 1100
f 1102 1123 1117
f 1080 1124 1118
f 1125 1120 1053
f 890 1125 1121
f 1115 890 1114
f 1126 1122 992
f 1102 1127 1123
f 1080 1128 1124
f 890 1120 1125
f 1129 890 1115
f 1126 1130 1122
f 1102 1131 1127
f 1080 1132 1128
f 890 1133 1120
f 1126 1129 1130
f 1102 1134 1131
f 1080 1135 1132
f 890 1136 1133
f 1126 890 1129
f 1102 1108 1134
f 1137 1135 1080
f 890 1119 1136
f 1138 890 1126
f 1102 1075 1108
f 1137 1139 1135
f 890 858 1119
f 1140 890 1138
f 1102 1141 1075
f 1142 1139 1137
f 890 1143 858
f 1144 890 1140
f 1102 1145 1141
f 1146 1139 1142
f 1144 1143 890
f 1102 1147 1145
f 1146 1148 1139
f 1144 1149 1143
f 1102 1150 1147
f 1151 1148 1146
f 1144 1152 1149
f 1102 1153 1150
f 1151 1154 1148
f 1144 1155 1152
f 1102 1144 1153
f 1155 1154 1151
f 1156 1144 1102
f 1144 1154 1155
f 1157 1144 1156
f 1144 1158 1154
f 1159 1144 1157
f 1144 1160 1158
f 807 1144 1159
f 1144 1161 1160
f 806 1144 807
f 1144 1162 1161
f 1163 1144 806
f 1144 1050 1162
f 1164 1144 1163
f 1144 1109 1050
f 1165 1144 1164
f 1144 1165 1109
f 1166 1167 1168
f 1167 1169 1170
f 1169 1171 1172
f 1171 1173 1174
f 1173 1175 1176
f 1175 1177 1178
f 1177 1179 1180
f 1179 1181 1182
f 1181 1183 1184
f 1183 1185 1186
f 1187 1188 1189
f 1190 1191 1192
f 1193 1194 1195
f 1194 1196 1197
f 1196 1198 1199
f 1200 1201 1202
f 1201 1203 1204
f 1203 1205 1206
f 1207 1208 1209
f 1208 1210 1211
f 1210 1212 1213
f 1212 1214 1215
f 1214 1216 1217
f 1216 1218 1219
f 1218 1220 1221
f 1220 1222 1223
f 1222 1224 1225
f 1224 1226 1227
f 1226 1228 1229
f 1228 1230 1231
f 1230 1232 1233
f 1232 1234 1235
f 1234 1236 1237
f 1238 1239 1240
f 1239 1241 1242
f 1241 1243 1244
f 1245 1246 1247
f 1246 1248 1249
f 1248 1250 1251
f 1252 1253 1254
f 1255 1256 1257
f 1256 1258 1259
f 1258 1260 1261
f 1262 1263 1264
f 1263 1265 1266
f 1265 1267 1268
f 1267 1269 1270
f 1269 1271 1272
f 1271 1273 1274
f 1273 1275 1276
f 1275 1277 1278
f 1277 1279 1280
f 1279 1281 1282
f 1281 1283 1284
f 1283 1285 1286
f 1285 1287 1288
f 1289 1290 1291
f 1292 1293 1294
f 1293 1295 1296
f 1295 1297 1298
f 1297 1299 1300
f 1299 1301 1302
f 1301 1303 1304
f 1305 1306 1307
f 1306 1308 1309
f 1308 1310 1311
f 1310 1312 1313
f 1312 1314 1315
f 1314 1316 1317
f 1318 1319 1320
f 1319 1321 1322
f 1321 1323 1324
f 1325 1326 1327
f 1326 1328 1329
f 1328 1330 1331
f 1330 1332 1333
f 1332 1334 1335
f 1334 1336 1337
f 1336 1338 1339
f 1338 1340 1341
f 1340 1342 1343
f 1342 1344 1345
f 1344 1346 1347
f 1346 1348 1349
f 1348 1350 1351
f 1352 1353 1354
f 1353 1355 1356
f 1355 1357 1358
f 1357 1359 1360
f 1359 1361 1362
f 1361 1363 1364
f 1363 1365 1366
f 1365 1367 1368
f 1367 1369 1370
f 1369 1371 1372
f 1371 1373 1374
f 1375 1376 1377
f 1376 1378 1379
f 1378 1380 1381
f 1380 1382 1383
f 1382 1384 1385
f 1386 1387 1388
f 1389 1390 1391
f 1390 1392 1393
f 1392 1394 1395
f 1394 1396 1397
f 1396 1398 1399
f 1398 1400 1401
f 1400 1402 1403
f 1402 1404 1405
f 1404 1406 1407
f 1406 1408 1409
f 1408 1410 1411
f 1410 1412 1413
f 1412 1414 1415
f 1414 1166 1416
f 1166 1169 1167
f 1169 1173 1171
f 1173 1177 1175
f 1177 1181 1179
f 1181 1185 1183
f 1193 1196 1194
f 1196 1417 1198
f 1200 1203 1201
f 1205 1208 1207
f 1208 1212 1210
f 1212 1216 1214
f 1216 1220 1218
f 1220 1224 1222
f 1224 1228 1226
f 1228 1232 1230
f 1232 1236 1234
f 1238 1241 1239
f 1241 1245 1243
f 1245 1248 1246
f 1248 1418 1250
f 1419 1256 1255
f 1256 1260 1258
f 1420 1263 1262
f 1263 1267 1265
f 1267 1271 1269
f 1271 1275 1273
f 1275 1279 1277
f 1279 1283 1281
f 1283 1287 1285
f 1421 1290 1289
f 1422 1293 1292
f 1293 1297 1295
f 1297 1301 1299
f 1301 1423 1303
f 1424 1306 1305
f 1306 1310 1308
f 1310 1314 1312
f 1314 1425 1316
f 1318 1321 1319
f 1321 1426 1323
f 1325 1328 1326
f 1328 1332 1330
f 1332 1336 1334
f 1336 1340 1338
f 1340 1344 1342
f 1344 1348 1346
f 1352 1355 1353
f 1355 1359 1357
f 1359 1363 1361
f 1363 1367 1365
f 1367 1371 1369
f 1375 1378 1376
f 1378 1382 1380
f 1382 1427 1384
f 1428 1387 1386
f 1429 1390 1389
f 1390 1394 1392
f 1394 1398 1396
f 1398 1402 1400
f 1402 1406 1404
f 1406 1410 1408
f 1410 1414 1412
f 1414 1169 1166
f 1169 1177 1173
f 1177 1185 1181
f 1430 1196 1193
f 1196 1431 1417
f 1432 1203 1200
f 1205 1212 1208
f 1212 1220 1216
f 1220 1228 1224
f 1228 1236 1232
f 1238 1245 1241
f 1245 1418 1248
f 1433 1256 1419
f 1256 1434 1260
f 1435 1263 1420
f 1263 1271 1267
f 1271 1279 1275
f 1279 1287 1283
f 1421 1436 1290
f 1422 1297 1293
f 1297 1423 1301
f 1437 1306 1424
f 1306 1314 1310
f 1314 1438 1425
f 1318 1426 1321
f 1325 1332 1328
f 1336 1344 1340
f 1352 1359 1355
f 1359 1367 1363
f 1367 1373 1371
f 1375 1382 1378
f 1439 1387 1428
f 1429 1394 1390
f 1394 1402 1398
f 1402 1410 1406
f 1410 1169 1414
f 1169 1185 1177
f 1440 1196 1430
f 1432 1205 1203
f 1205 1220 1212
f 1220 1236 1228
f 1238 1418 1245
f 1433 1434 1256
f 1435 1271 1263
f 1271 1287 1279
f 1421 1441 1436
f 1442 1297 1422
f 1437 1314 1306
f 1314 1443 1438
f 1444 1426 1318
f 1426 1332 1325
f 1336 1348 1344
f 1445 1359 1352
f 1359 1373 1367
f 1375 1427 1382
f 1439 1446 1387
f 1447 1394 1429
f 1394 1410 1402
f 1410 1185 1169
f 1440 1431 1196
f 1432 1220 1205
f 1220 1448 1236
f 1238 1449 1418
f 1450 1434 1433
f 1451 1271 1435
f 1271 1452 1287
f 1421 1453 1441
f 1454 1297 1442
f 1455 1314 1437
f 1444 1332 1426
f 1332 1348 1336
f 1445 1373 1359
f 1456 1427 1375
f 1457 1446 1439
f 1458 1394 1447
f 1394 1185 1410
f 1459 1431 1440
f 1460 1220 1432
f 1220 1461 1448
f 1238 1462 1449
f 1463 1434 1450
f 1464 1271 1451
f 1271 1465 1452
f 1421 1466 1453
f 1467 1297 1454
f 1468 1314 1455
f 1444 1348 1332
f 1469 1373 1445
f 1456 1470 1427
f 1471 1446 1457
f 1472 1394 1458
f 1394 1473 1185
f 1191 1431 1459
f 1460 1461 1220
f 1238 1474 1462
f 1253 1434 1463
f 1475 1271 1464
f 1271 1421 1465
f 1421 1476 1466
f 1477 1297 1467
f 1478 1314 1468
f 1444 1350 1348
f 1479 1373 1469
f 1456 1480 1470
f 1481 1446 1471
f 1482 1394 1472
f 1394 1483 1473
f 1190 1431 1191
f 1484 1461 1460
f 1238 1485 1474
f 1252 1434 1253
f 1486 1271 1475
f 1271 1476 1421
f 1477 1423 1297
f 1478 1443 1314
f 1443 1350 1444
f 1487 1373 1479
f 1456 1488 1480
f 1481 1489 1446
f 1482 1483 1394
f 1490 1431 1190
f 1491 1461 1484
f 1238 1492 1485
f 1493 1434 1252
f 1494 1271 1486
f 1271 1477 1476
f 1477 1495 1423
f 1495 1443 1478
f 1443 1496 1350
f 1497 1373 1487
f 1456 1481 1488
f 1498 1483 1482
f 1499 1461 1491
f 1238 1500 1492
f 1501 1434 1493
f 1502 1271 1494
f 1271 1495 1477
f 1495 1496 1443
f 1503 1373 1497
f 1456 1489 1481
f 1504 1483 1498
f 1505 1461 1499
f 1501 1506 1434
f 1506 1271 1502
f 1271 1496 1495
f 1503 1507 1373
f 1508 1483 1504
f 1509 1461 1505
f 1501 1271 1506
f 1271 1510 1496
f 1511 1507 1503
f 1512 1483 1508
f 1513 1461 1509
f 1514 1271 1501
f 1510 1507 1511
f 1515 1483 1512
f 1516 1461 1513
f 1517 1271 1514
f 1271 1507 1510
f 1489 1483 1515
f 1516 1518 1461
f 1500 1271 1517
f 1271 1519 1507
f 1456 1483 1489
f 1520 1518 1516
f 1238 1271 1500
f 1271 1521 1519
f 1522 1483 1456
f 1520 1523 1518
f 1524 1271 1238
f 1271 1525 1521
f 1526 1483 1522
f 1520 1527 1523
f 1524 1525 1271
f 1528 1483 1526
f 1529 1527 1520
f 1530 1525 1524
f 1531 1483 1528
f 1529 1532 1527
f 1533 1525 1530
f 1534 1483 1531
f 1535 1532 1529
f 1536 1525 1533
f 1525 1483 1534
f 1535 1536 1532
f 1525 1537 1483
f 1535 1525 1536
f 1525 1538 1537
f 1539 1525 1535
f 1525 1540 1538
f 1541 1525 1539
f 1525 1187 1540
f 1542 1525 1541
f 1525 1188 1187
f 1543 1525 1542
f 1525 1544 1188
f 1431 1525 1543
f 1525 1545 1544
f 1490 1525 1431
f 1525 1546 1545
f 1546 1525 1490
f 785 1167 789
f 789 1167 1170
f 789 1170 788
f 788 1170 1169
f 788 1169 791
f 791 1169 1172
f 791 1172 790
f 790 1172 1171
f 790 1171 793
f 793 1171 1174
f 793 1174 792
f 792 1174 1173
f 792 1173 795
f 795 1173 1176
f 795 1176 794
f 794 1176 1175
f 794 1175 797
f 797 1175 1178
f 797 1178 796
f 796 1178 1177
f 796 1177 799
f 799 1177 1180
f 799 1180 798
f 798 1180 1179
f 798 1179 801
f 801 1179 1182
f 801 1182 800
f 800 1182 1181
f 800 1181 803
f 803 1181 1184
f 803 1184 802
f 802 1184 1183
f 802 1183 805
f 805 1183 1186
f 805 1186 804
f 804 1186 1185
f 804 1185 1092
f 1092 1185 1473
f 1092 1473 1102
f 1102 1473 1483
f 1102 1483 1156
f 1156 1483 1537
f 1156 1537 1157
f 1157 1537 1538
f 1157 1538 1159
f 1159 1538 1540
f 1159 1540 807
f 807 1540 1187
f 807 1187 808
f 808 1187 1189
f 808 1189 806
f 806 1189 1188
f 806 1188 1163
f 1163 1188 1544
f 1163 1544 1164
f 1164 1544 1545
f 1164 1545 1165
f 1165 1545 1546
f 1165 1546 1109
f 1109 1546 1490
f 1109 1490 810
f 810 1490 1190
f 810 1190 811
f 811 1190 1192
f 811 1192 809
f 809 1192 1191
f 809 1191 1078
f 1078 1191 1459
f 1078 1459 1059
f 1059 1459 1440
f 1059 1440 1049
f 1049 1440 1430
f 1049 1430 813
f 813 1430 1193
f 813 1193 814
f 814 1193 1195
f 814 1195 812
f 812 1195 1194
f 812 1194 816
f 816 1194 1197
f 816 1197 815
f 815 1197 1196
f 815 1196 818
f 818 1196 1199
f 818 1199 817
f 817 1199 1198
f 817 1198 1036
f 1036 1198 1417
f 1036 1417 1050
f 1050 1417 1431
f 1050 1431 1162
f 1162 1431 1543
f 1162 1543 1161
f 1161 1543 1542
f 1161 1542 1160
f 1160 1542 1541
f 1160 1541 1158
f 1158 1541 1539
f 1158 1539 1154
f 1154 1539 1535
f 1154 1535 1148
f 1148 1535 1529
f 1148 1529 1139
f 1139 1529 1520
f 1139 1520 1135
f 1135 1520 1516
f 1135 1516 1132
f 1132 1516 1513
f 1132 1513 1128
f 1128 1513 1509
f 1128 1509 1124
f 1124 1509 1505
f 1124 1505 1118
f 1118 1505 1499
f 1118 1499 1110
f 1110 1499 1491
f 1110 1491 1103
f 1103 1491 1484
f 1103 1484 1079
f 1079 1484 1460
f 1079 1460 1051
f 1051 1460 1432
f 1051 1432 820
f 820 1432 1200
f 820 1200 821
f 821 1200 1202
f 821 1202 819
f 819 1202 1201
f 819 1201 823
f 823 1201 1204
f 823 1204 822
f 822 1204 1203
f 822 1203 825
f 825 1203 1206
f 825 1206 824
f 824 1206 1205
f 824 1205 827
f 827 1205 1207
f 827 1207 828
f 828 1207 1209
f 828 1209 826
f 826 1209 1208
f 826 1208 830
f 830 1208 1211
f 830 1211 829
f 829 1211 1210
f 829 1210 832
f 832 1210 1213
f 832 1213 831
f 831 1213 1212
f 831 1212 834
f 834 1212 1215
f 834 1215 833
f 833 1215 1214
f 833 1214 836
f 836 1214 1217
f 836 1217 835
f 835 1217 1216
f 835 1216 838
f 838 1216 1219
f 838 1219 837
f 837 1219 1218
f 837 1218 840
f 840 1218 1221
f 840 1221 839
f 839 1221 1220
f 839 1220 842
f 842 1220 1223
f 842 1223 841
f 841 1223 1222
f 841 1222 844
f 844 1222 1225
f 844 1225 843
f 843 1225 1224
f 843 1224 846
f 846 1224 1227
f 846 1227 845
f 845 1227 1226
f 845 1226 848
f 848 1226 1229
f 848 1229 847
f 847 1229 1228
f 847 1228 850
f 850 1228 1231
f 850 1231 849
f 849 1231 1230
f 849 1230 852
f 852 1230 1233
f 852 1233 851
f 851 1233 1232
f 851 1232 854
f 854 1232 1235
f 854 1235 853
f 853 1235 1234
f 853 1234 856
f 856 1234 1237
f 856 1237 855
f 855 1237 1236
f 855 1236 1067
f 1067 1236 1448
f 1067 1448 1080
f 1080 1448 1461
f 1080 1461 1137
f 1137 1461 1518
f 1137 1518 1142
f 1142 1518 1523
f 1142 1523 1146
f 1146 1523 1527
f 1146 1527 1151
f 1151 1527 1532
f 1151 1532 1155
f 1155 1532 1536
f 1155 1536 1152
f 1152 1536 1533
f 1152 1533 1149
f 1149 1533 1530
f 1149 1530 1143
f 1143 1530 1524
f 1143 1524 858
f 858 1524 1238
f 858 1238 859
f 859 1238 1240
f 859 1240 857
f 857 1240 1239
f 857 1239 861
f 861 1239 1242
f 861 1242 860
f 860 1242 1241
f 860 1241 863
f 863 1241 1244
f 863 1244 862
f 862 1244 1243
f 862 1243 865
f 865 1243 1245
f 865 1245 866
f 866 1245 1247
f 866 1247 864
f 864 1247 1246
f 864 1246 868
f 868 1246 1249
f 868 1249 867
f 867 1249 1248
f 867 1248 870
f 870 1248 1251
f 870 1251 869
f 869 1251 1250
f 869 1250 1037
f 1037 1250 1418
f 1037 1418 1068
f 1068 1418 1449
f 1068 1449 1081
f 1081 1449 1462
f 1081 1462 1093
f 1093 1462 1474
f 1093 1474 1104
f 1104 1474 1485
f 1104 1485 1111
f 1111 1485 1492
f 1111 1492 1119
f 1119 1492 1500
f 1119 1500 1136
f 1136 1500 1517
f 1136 1517 1133
f 1133 1517 1514
f 1133 1514 1120
f 1120 1514 1501
f 1120 1501 1112
f 1112 1501 1493
f 1112 1493 872
f 872 1493 1252
f 872 1252 873
f 873 1252 1254
f 873 1254 871
f 871 1254 1253
f 871 1253 1082
f 1082 1253 1463
f 1082 1463 1069
f 1069 1463 1450
f 1069 1450 1052
f 1052 1450 1433
f 1052 1433 1038
f 1038 1433 1419
f 1038 1419 875
f 875 1419 1255
f 875 1255 876
f 876 1255 1257
f 876 1257 874
f 874 1257 1256
f 874 1256 878
f 878 1256 1259
f 878 1259 877
f 877 1259 1258
f 877 1258 880
f 880 1258 1261
f 880 1261 879
f 879 1261 1260
f 879 1260 1053
f 1053 1260 1434
f 1053 1434 1125
f 1125 1434 1506
f 1125 1506 1121
f 1121 1506 1502
f 1121 1502 1113
f 1113 1502 1494
f 1113 1494 1105
f 1105 1494 1486
f 1105 1486 1094
f 1094 1486 1475
f 1094 1475 1083
f 1083 1475 1464
f 1083 1464 1070
f 1070 1464 1451
f 1070 1451 1054
f 1054 1451 1435
f 1054 1435 1039
f 1039 1435 1420
f 1039 1420 882
f 882 1420 1262
f 882 1262 883
f 883 1262 1264
f 883 1264 881
f 881 1264 1263
f 881 1263 885
f 885 1263 1266
f 885 1266 884
f 884 1266 1265
f 884 1265 887
f 887 1265 1268
f 887 1268 886
f 886 1268 1267
f 886 1267 889
f 889 1267 1270
f 889 1270 888
f 888 1270 1269
f 888 1269 891
f 891 1269 1272
f 891 1272 890
f 890 1272 1271
f 890 1271 893
f 893 1271 1274
f 893 1274 892
f 892 1274 1273
f 892 1273 895
f 895 1273 1276
f 895 1276 894
f 894 1276 1275
f 894 1275 897
f 897 1275 1278
f 897 1278 896
f 896 1278 1277
f 896 1277 899
f 899 1277 1280
f 899 1280 898
f 898 1280 1279
f 898 1279 901
f 901 1279 1282
f 901 1282 900
f 900 1282 1281
f 900 1281 903
f 903 1281 1284
f 903 1284 902
f 902 1284 1283
f 902 1283 905
f 905 1283 1286
f 905 1286 904
f 904 1286 1285
f 904 1285 907
f 907 1285 1288
f 907 1288 906
f 906 1288 1287
f 906 1287 1071
f 1071 1287 1452
f 1071 1452 1084
f 1084 1452 1465
f 1084 1465 1040
f 1040 1465 1421
f 1040 1421 909
f 909 1421 1289
f 909 1289 910
f 910 1289 1291
f 910 1291 908
f 908 1291 1290
f 908 1290 1055
f 1055 1290 1436
f 1055 1436 1060
f 1060 1436 1441
f 1060 1441 1072
f 1072 1441 1453
f 1072 1453 1085
f 1085 1453 1466
f 1085 1466 1095
f 1095 1466 1476
f 1095 1476 1096
f 1096 1476 1477
f 1096 1477 1086
f 1086 1477 1467
f 1086 1467 1073
f 1073 1467 1454
f 1073 1454 1061
f 1061 1454 1442
f 1061 1442 1041
f 1041 1442 1422
f 1041 1422 912
f 912 1422 1292
f 912 1292 913
f 913 1292 1294
f 913 1294 911
f 911 1294 1293
f 911 1293 915
f 915 1293 1296
f 915 1296 914
f 914 1296 1295
f 914 1295 917
f 917 1295 1298
f 917 1298 916
f 916 1298 1297
f 916 1297 919
f 919 1297 1300
f 919 1300 918
f 918 1300 1299
f 918 1299 921
f 921 1299 1302
f 921 1302 920
f 920 1302 1301
f 920 1301 923
f 923 1301 1304
f 923 1304 922
f 922 1304 1303
f 922 1303 1042
f 1042 1303 1423
f 1042 1423 1114
f 1114 1423 1495
f 1114 1495 1097
f 1097 1495 1478
f 1097 1478 1087
f 1087 1478 1468
f 1087 1468 1074
f 1074 1468 1455
f 1074 1455 1056
f 1056 1455 1437
f 1056 1437 1043
f 1043 1437 1424
f 1043 1424 925
f 925 1424 1305
f 925 1305 926
f 926 1305 1307
f 926 1307 924
f 924 1307 1306
f 924 1306 928
f 928 1306 1309
f 928 1309 927
f 927 1309 1308
f 927 1308 930
f 930 1308 1311
f 930 1311 929
f 929 1311 1310
f 929 1310 932
f 932 1310 1313
f 932 1313 931
f 931 1313 1312
f 931 1312 934
f 934 1312 1315
f 934 1315 933
f 933 1315 1314
f 933 1314 936
f 936 1314 1317
f 936 1317 935
f 935 1317 1316
f 935 1316 1044
f 1044 1316 1425
f 1044 1425 1057
f 1057 1425 1438
f 1057 1438 1062
f 1062 1438 1443
f 1062 1443 1063
f 1063 1443 1444
f 1063 1444 938
f 938 1444 1318
f 938 1318 939
f 939 1318 1320
f 939 1320 937
f 937 1320 1319
f 937 1319 941
f 941 1319 1322
f 941 1322 940
f 940 1322 1321
f 940 1321 943
f 943 1321 1324
f 943 1324 942
f 942 1324 1323
f 942 1323 1045
f 1045 1323 1426
f 1045 1426 945
f 945 1426 1325
f 945 1325 946
f 946 1325 1327
f 946 1327 944
f 944 1327 1326
f 944 1326 948
f 948 1326 1329
f 948 1329 947
f 947 1329 1328
f 947 1328 950
f 950 1328 1331
f 950 1331 949
f 949 1331 1330
f 949 1330 952
f 952 1330 1333
f 952 1333 951
f 951 1333 1332
f 951 1332 954
f 954 1332 1335
f 954 1335 953
f 953 1335 1334
f 953 1334 956
f 956 1334 1337
f 956 1337 955
f 955 1337 1336
f 955 1336 958
f 958 1336 1339
f 958 1339 957
f 957 1339 1338
f 957 1338 960
f 960 1338 1341
f 960 1341 959
f 959 1341 1340
f 959 1340 962
f 962 1340 1343
f 962 1343 961
f 961 1343 1342
f 961 1342 964
f 964 1342 1345
f 964 1345 963
f 963 1345 1344
f 963 1344 966
f 966 1344 1347
f 966 1347 965
f 965 1347 1346
f 965 1346 968
f 968 1346 1349
f 968 1349 967
f 967 1349 1348
f 967 1348 970
f 970 1348 1351
f 970 1351 969
f 969 1351 1350
f 969 1350 1115
f 1115 1350 1496
f 1115 1496 1129
f 1129 1496 1510
f 1129 1510 1130
f 1130 1510 1511
f 1130 1511 1122
f 1122 1511 1503
f 1122 1503 1116
f 1116 1503 1497
f 1116 1497 1106
f 1106 1497 1487
f 1106 1487 1098
f 1098 1487 1479
f 1098 1479 1088
f 1088 1479 1469
f 1088 1469 1064
f 1064 1469 1445
f 1064 1445 972
f 972 1445 1352
f 972 1352 973
f 973 1352 1354
f 973 1354 971
f 971 1354 1353
f 971 1353 975
f 975 1353 1356
f 975 1356 974
f 974 1356 1355
f 974 1355 977
f 977 1355 1358
f 977 1358 976
f 976 1358 1357
f 976 1357 979
f 979 1357 1360
f 979 1360 978
f 978 1360 1359
f 978 1359 981
f 981 1359 1362
f 981 1362 980
f 980 1362 1361
f 980 1361 983
f 983 1361 1364
f 983 1364 982
f 982 1364 1363
f 982 1363 985
f 985 1363 1366
f 985 1366 984
f 984 1366 1365
f 984 1365 987
f 987 1365 1368
f 987 1368 986
f 986 1368 1367
f 986 1367 989
f 989 1367 1370
f 989 1370 988
f 988 1370 1369
f 988 1369 991
f 991 1369 1372
f 991 1372 990
f 990 1372 1371
f 990 1371 993
f 993 1371 1374
f 993 1374 992
f 992 1374 1373
f 992 1373 1126
f 1126 1373 1507
f 1126 1507 1138
f 1138 1507 1519
f 1138 1519 1140
f 1140 1519 1521
f 1140 1521 1144
f 1144 1521 1525
f 1144 1525 1153
f 1153 1525 1534
f 1153 1534 1150
f 1150 1534 1531
f 1150 1531 1147
f 1147 1531 1528
f 1147 1528 1145
f 1145 1528 1526
f 1145 1526 1141
f 1141 1526 1522
f 1141 1522 1075
f 1075 1522 1456
f 1075 1456 995
f 995 1456 1375
f 995 1375 996
f 996 1375 1377
f 996 1377 994
f 994 1377 1376
f 994 1376 998
f 998 1376 1379
f 998 1379 997
f 997 1379 1378
f 997 1378 1000
f 1000 1378 1381
f 1000 1381 999
f 999 1381 1380
f 999 1380 1002
f 1002 1380 1383
f 1002 1383 1001
f 1001 1383 1382
f 1001 1382 1004
f 1004 1382 1385
f 1004 1385 1003
f 1003 1385 1384
f 1003 1384 1046
f 1046 1384 1427
f 1046 1427 1089
f 1089 1427 1470
f 1089 1470 1099
f 1099 1470 1480
f 1099 1480 1107
f 1107 1480 1488
f 1107 1488 1100
f 1100 1488 1481
f 1100 1481 1090
f 1090 1481 1471
f 1090 1471 1076
f 1076 1471 1457
f 1076 1457 1058
f 1058 1457 1439
f 1058 1439 1047
f 1047 1439 1428
f 1047 1428 1006
f 1006 1428 1386
f 1006 1386 1007
f 1007 1386 1388
f 1007 1388 1005
f 1005 1388 1387
f 1005 1387 1065
f 1065 1387 1446
f 1065 1446 1108
f 1108 1446 1489
f 1108 1489 1134
f 1134 1489 1515
f 1134 1515 1131
f 1131 1515 1512
f 1131 1512 1127
f 1127 1512 1508
f 1127 1508 1123
f 1123 1508 1504
f 1123 1504 1117
f 1117 1504 1498
f 1117 1498 1101
f 1101 1498 1482
f 1101 1482 1091
f 1091 1482 1472
f 1091 1472 1077
f 1077 1472 1458
f 1077 1458 1066
f 1066 1458 1447
f 1066 1447 1048
f 1048 1447 1429
f 1048 1429 1009
f 1009 1429 1389
f 1009 1389 1010
f 1010 1389 1391
f 1010 1391 1008
f 1008 1391 1390
f 1008 1390 1012
f 1012 1390 1393
f 1012 1393 1011
f 1011 1393 1392
f 1011 1392 1014
f 1014 1392 1395
f 1014 1395 1013
f 1013 1395 1394
f 1013 1394 1016
f 1016 1394 1397
f 1016 1397 1015
f 1015 1397 1396
f 1015 1396 1018
f 1018 1396 1399
f 1018 1399 1017
f 1017 1399 1398
f 1017 1398 1020
f 1020 1398 1401
f 1020 1401 1019
f 1019 1401 1400
f 1019 1400 1022
f 1022 1400 1403
f 1022 1403 1021
f 1021 1403 1402
f 1021 1402 1024
f 1024 1402 1405
f 1024 1405 1023
f 1023 1405 1404
f 1023 1404 1026
f 1026 1404 1407
f 1026 1407 1025
f 1025 1407 1406
f 1025 1406 1028
f 1028 1406 1409
f 1028 1409 1027
f 1027 1409 1408
f 1027 1408 1030
f 1030 1408 1411
f 1030 1411 1029
f 1029 1411 1410
f 1029 1410 1032
f 1032 1410 1413
f 1032 1413 1031
f 1031 1413 1412
f 1031 1412 1034
f 1034 1412 1415
f 1034 1415 1033
f 1033 1415 1414
f 1033 1414 1035
f 1035 1414 1416
f 1035 1416 786
f 786 1416 1166
f 786 1166 787
f 787 1166 1168
f 787 1168 785
f 785 1168 1167
o 
v 15.5 0 -34.77
v 15.886 0 -34.446
v 15.7 0 -34.6
v 12.951 0 -37.178
v 14.222 0 -35.971
v 10.429 0 -39.614
v 11.686 0 -38.393
v 7.933 0 -42.078
v 9.177 0 -40.843
v 5.464 0 -44.568
v 6.695 0 -43.32
v 3.023 0 -47.086
v 4.24 0 -45.824
v 0.61 0 -49.63
v 1.813 0 -48.355
v 0.301 0 -49.986
v 0.447 0 -49.813
v 0.083 0 -50.271
v 0.177 0 -50.141
v 0 0 -50.42
v 0.022 0 -50.366
v 0.644 0 -51.266
v 0.153 0 -50.685
v 2.849 0 -53.584
v 1.526 0 -52.215
v 7.02 0 -57.79
v 4.663 0 -55.425
v 11.631 0 -62.373
v 9.488 0 -60.254
v 15.039 0 -65.674
v 13.472 0 -64.171
v 17.45 0 -67.89
v 16.357 0 -66.905
v 18.097 0 -68.434
v 17.83 0 -68.221
v 18.44 0 -68.559
v 18.288 0 -68.542
v 18.78 0 -68.37
v 18.591 0 -68.497
v 19.05 0 -68.16
v 18.899 0 -68.281
v 19.41 0 -67.853
v 19.224 0 -68.015
v 19.78 0 -67.51
v 19.598 0 -67.682
v 21.338 0 -66.2
v 20.99 0 -66.48
v 21.188 0 -66.326
v 21.512 0 -66
v 21.444 0 -66.094
v 21.56 0 -65.82
v 21.549 0 -65.911
v 21.3 0 -65.191
v 21.497 0 -65.553
v 20.437 0 -64.102
v 20.951 0 -64.714
v 18.85 0 -62.4
v 19.742 0 -63.337
v 14.5 0 -57.94
v 17.88 0 -61.38
v 15.22 0 -41.32
v 11.495 0 -44.95
v 13.56 0 -42.95
v 17.718 0 -38.736
v 16.611 0 -39.91
v 19.022 0 -37.156
v 18.526 0 -37.813
v 19.182 0 -36.698
v 19.19 0 -36.78
v 19.106 0 -36.52
v 19.159 0 -36.617
v 18.861 0 -36.196
v 19.011 0 -36.386
v 18.3 0 -35.573
v 18.64 0 -35.93
v 17.382 0 -34.781
v 17.861 0 -35.174
v 16.552 0 -34.206
v 16.926 0 -34.443
v 16.274 0 -34.144
v 16.32 0 -34.12
v 16.049 0 -34.314
v 16.181 0 -34.211
v 20.814 0 -66.617
v 9.91 0 -46.494
v 20.612 0 -66.78
v 12.328 0 -55.741
v 8.74 0 -47.643
v 20.396 0 -66.961
v 10.627 0 -54.011
v 7.924 0 -48.46
v 19.969 0 -67.336
v 20.178 0 -67.15
v 9.333 0 -52.682
v 7.398 0 -49.008
v 7.1 0 -49.35
v 8.38 0 -51.689
v 6.992 0 -49.519
v 7.704 0 -50.964
v 6.936 0 -49.688
v 7.24 0 -50.44
v 6.934 0 -49.861
v 7.086 0 -50.234
v 6.984 0 -50.042
v 15.886 10 -34.446
v 15.5 10 -34.77
v 15.7 10 -34.6
v 12.951 10 -37.178
v 14.222 10 -35.971
v 10.429 10 -39.614
v 11.686 10 -38.393
v 7.933 10 -42.078
v 9.177 10 -40.843
v 5.464 10 -44.568
v 6.695 10 -43.32
v 3.023 10 -47.086
v 4.24 10 -45.824
v 0.61 10 -49.63
v 1.813 10 -48.355
v 0.301 10 -49.986
v 0.447 10 -49.813
v 0.083 10 -50.271
v 0.177 10 -50.141
v 0 10 -50.42
v 0.022 10 -50.366
v 0.644 10 -51.266
v 0.153 10 -50.685
v 2.849 10 -53.584
v 1.526 10 -52.215
v 7.02 10 -57.79
v 4.663 10 -55.425
v 11.631 10 -62.373
v 9.488 10 -60.254
v 15.039 10 -65.674
v 13.472 10 -64.171
v 17.45 10 -67.89
v 16.357 10 -66.905
v 18.097 10 -68.434
v 17.83 10 -68.221
v 18.44 10 -68.559
v 18.288 10 -68.542
v 18.78 10 -68.37
v 18.591 10 -68.497
v 19.05 10 -68.16
v 18.899 10 -68.281
v 19.41 10 -67.853
v 19.224 10 -68.015
v 19.78 10 -67.51
v 19.598 10 -67.682
v 20.99 10 -66.48
v 21.338 10 -66.2
v 21.188 10 -66.326
v 21.512 10 -66
v 21.444 10 -66.094
v 21.56 10 -65.82
v 21.549 10 -65.911
v 21.3 10 -65.191
v 21.497 10 -65.553
v 20.437 10 -64.102
v 20.951 10 -64.714
v 18.85 10 -62.4
v 19.742 10 -63.337
v 14.5 10 -57.94
v 17.88 10 -61.38
v 11.495 10 -44.95
v 15.22 10 -41.32
v 13.56 10 -42.95
v 17.718 10 -38.736
v 16.611 10 -39.91
v 19.022 10 -37.156
v 18.526 10 -37.813
v 19.182 10 -36.698
v 19.19 10 -36.78
v 19.106 10 -36.52
v 19.159 10 -36.617
v 18.861 10 -36.196
v 19.011 10 -36.386
v 18.3 10 -35.573
v 18.64 10 -35.93
v 17.382 10 -34.781
v 17.861 10 -35.174
v 16.552 10 -34.206
v 16.926 10 -34.443
v 16.274 10 -34.144
v 16.32 10 -34.12
v 16.049 10 -34.314
v 16.181 10 -34.211
v 20.814 10 -66.617
v 9.91 10 -46.494
v 20.612 10 -66.78
v 12.328 10 -55.741
v 8.74 10 -47.643
v 20.396 10 -66.961
v 10.627 10 -54.011
v 7.924 10 -48.46
v 19.969 10 -67.336
v 20.178 10 -67.15
v 9.333 10 -52.682
v 7.398 10 -49.008
v 7.1 10 -49.35
v 8.38 10 -51.689
v 6.992 10 -49.519
v 7.704 10 -50.964
v 6.936 10 -49.688
v 7.24 10 -50.44
v 6.934 10 -49.861
v 7.086 10 -50.234
v 6.984 10 -50.042
f 1547 1548 1549
f 1550 1547 1551
f 1552 1550 1553
f 1554 1552 1555
f 1556 1554 1557
f 1558 1556 1559
f 1560 1558 1561
f 1562 1560 1563
f 1564 1562 1565
f 1566 1564 1567
f 1568 1566 1569
f 1570 1568 1571
f 1572 1570 1573
f 1574 1572 1575
f 1576 1574 1577
f 1578 1576 1579
f 1580 1578 1581
f 1582 1580 1583
f 1584 1582 1585
f 1586 1584 1587
f 1588 1586 1589
f 1590 1588 1591
f 1592 1593 1594
f 1595 1592 1596
f 1597 1595 1598
f 1599 1597 1600
f 1601 1599 1602
f 1603 1601 1604
f 1605 1603 1606
f 1607 1608 1609
f 1610 1607 1611
f 1612 1610 1613
f 1614 1612 1615
f 1616 1614 1617
f 1618 1616 1619
f 1620 1618 1621
f 1622 1620 1623
f 1624 1622 1625
f 1626 1624 1627
f 1628 1626 1629
f 1547 1628 1548
f 1552 1547 1550
f 1556 1552 1554
f 1560 1556 1558
f 1564 1560 1562
f 1568 1564 1566
f 1572 1568 1570
f 1576 1572 1574
f 1580 1576 1578
f 1584 1580 1582
f 1588 1584 1586
f 1592 1630 1593
f 1597 1592 1595
f 1601 1597 1599
f 1605 1601 1603
f 1607 1631 1608
f 1612 1607 1610
f 1616 1612 1614
f 1620 1616 1618
f 1624 1620 1622
f 1628 1624 1626
f 1552 1628 1547
f 1560 1552 1556
f 1568 1560 1564
f 1576 1568 1572
f 1584 1576 1580
f 1590 1584 1588
f 1597 1630 1592
f 1605 1597 1601
f 1612 1631 1607
f 1620 1612 1616
f 1628 1620 1624
f 1560 1628 1552
f 1576 1560 1568
f 1590 1576 1584
f 1597 1632 1630
f 1633 1597 1605
f 1612 1634 1631
f 1628 1612 1620
f 1590 1560 1576
f 1597 1635 1632
f 1636 1597 1633
f 1612 1637 1634
f 1560 1612 1628
f 1638 1560 1590
f 1597 1639 1635
f 1640 1597 1636
f 1560 1637 1612
f 1639 1560 1638
f 1640 1639 1597
f 1560 1641 1637
f 1640 1560 1639
f 1560 1642 1641
f 1643 1560 1640
f 1560 1644 1642
f 1645 1560 1643
f 1560 1646 1644
f 1647 1560 1645
f 1560 1648 1646
f 1649 1560 1647
f 1560 1650 1648
f 1650 1560 1649
f 1651 1652 1653
f 1652 1654 1655
f 1654 1656 1657
f 1656 1658 1659
f 1658 1660 1661
f 1660 1662 1663
f 1662 1664 1665
f 1664 1666 1667
f 1666 1668 1669
f 1668 1670 1671
f 1670 1672 1673
f 1672 1674 1675
f 1674 1676 1677
f 1676 1678 1679
f 1678 1680 1681
f 1680 1682 1683
f 1682 1684 1685
f 1684 1686 1687
f 1686 1688 1689
f 1688 1690 1691
f 1690 1692 1693
f 1692 1694 1695
f 1696 1697 1698
f 1697 1699 1700
f 1699 1701 1702
f 1701 1703 1704
f 1703 1705 1706
f 1705 1707 1708
f 1707 1709 1710
f 1711 1712 1713
f 1712 1714 1715
f 1714 1716 1717
f 1716 1718 1719
f 1718 1720 1721
f 1720 1722 1723
f 1722 1724 1725
f 1724 1726 1727
f 1726 1728 1729
f 1728 1730 1731
f 1730 1732 1733
f 1732 1652 1651
f 1652 1656 1654
f 1656 1660 1658
f 1660 1664 1662
f 1664 1668 1666
f 1668 1672 1670
f 1672 1676 1674
f 1676 1680 1678
f 1680 1684 1682
f 1684 1688 1686
f 1688 1692 1690
f 1734 1697 1696
f 1697 1701 1699
f 1701 1705 1703
f 1705 1709 1707
f 1735 1712 1711
f 1712 1716 1714
f 1716 1720 1718
f 1720 1724 1722
f 1724 1728 1726
f 1728 1732 1730
f 1732 1656 1652
f 1656 1664 1660
f 1664 1672 1668
f 1672 1680 1676
f 1680 1688 1684
f 1688 1694 1692
f 1734 1701 1697
f 1701 1709 1705
f 1735 1716 1712
f 1716 1724 1720
f 1724 1732 1728
f 1732 1664 1656
f 1664 1680 1672
f 1680 1694 1688
f 1736 1701 1734
f 1701 1737 1709
f 1738 1716 1735
f 1716 1732 1724
f 1664 1694 1680
f 1739 1701 1736
f 1701 1740 1737
f 1741 1716 1738
f 1716 1664 1732
f 1664 1742 1694
f 1743 1701 1739
f 1701 1744 1740
f 1741 1664 1716
f 1664 1743 1742
f 1743 1744 1701
f 1745 1664 1741
f 1664 1744 1743
f 1746 1664 1745
f 1664 1747 1744
f 1748 1664 1746
f 1664 1749 1747
f 1750 1664 1748
f 1664 1751 1749
f 1752 1664 1750
f 1664 1753 1751
f 1754 1664 1752
f 1664 1754 1753
f 1547 1652 1551
f 1551 1652 1655
f 1551 1655 1550
f 1550 1655 1654
f 1550 1654 1553
f 1553 1654 1657
f 1553 1657 1552
f 1552 1657 1656
f 1552 1656 1555
f 1555 1656 1659
f 1555 1659 1554
f 1554 1659 1658
f 1554 1658 1557
f 1557 1658 1661
f 1557 1661 1556
f 1556 1661 1660
f 1556 1660 1559
f 1559 1660 1663
f 1559 1663 1558
f 1558 1663 1662
f 1558 1662 1561
f 1561 1662 1665
f 1561 1665 1560
f 1560 1665 1664
f 1560 1664 1563
f 1563 1664 1667
f 1563 1667 1562
f 1562 1667 1666
f 1562 1666 1565
f 1565 1666 1669
f 1565 1669 1564
f 1564 1669 1668
f 1564 1668 1567
f 1567 1668 1671
f 1567 1671 1566
f 1566 1671 1670
f 1566 1670 1569
f 1569 1670 1673
f 1569 1673 1568
f 1568 1673 1672
f 1568 1672 1571
f 1571 1672 1675
f 1571 1675 1570
f 1570 1675 1674
f 1570 1674 1573
f 1573 1674 1677
f 1573 1677 1572
f 1572 1677 1676
f 1572 1676 1575
f 1575 1676 1679
f 1575 1679 1574
f 1574 1679 1678
f 1574 1678 1577
f 1577 1678 1681
f 1577 1681 1576
f 1576 1681 1680
f 1576 1680 1579
f 1579 1680 1683
f 1579 1683 1578
f 1578 1683 1682
f 1578 1682 1581
f 1581 1682 1685
f 1581 1685 1580
f 1580 1685 1684
f 1580 1684 1583
f 1583 1684 1687
f 1583 1687 1582
f 1582 1687 1686
f 1582 1686 1585
f 1585 1686 1689
f 1585 1689 1584
f 1584 1689 1688
f 1584 1688 1587
f 1587 1688 1691
f 1587 1691 1586
f 1586 1691 1690
f 1586 1690 1589
f 1589 1690 1693
f 1589 1693 1588
f 1588 1693 1692
f 1588 1692 1591
f 1591 1692 1695
f 1591 1695 1590
f 1590 1695 1694
f 1590 1694 1638
f 1638 1694 1742
f 1638 1742 1639
f 1639 1742 1743
f 1639 1743 1635
f 1635 1743 1739
f 1635 1739 1632
f 1632 1739 1736
f 1632 1736 1630
f 1630 1736 1734
f 1630 1734 1593
f 1593 1734 1696
f 1593 1696 1594
f 1594 1696 1698
f 1594 1698 1592
f 1592 1698 1697
f 1592 1697 1596
f 1596 1697 1700
f 1596 1700 1595
f 1595 1700 1699
f 1595 1699 1598
f 1598 1699 1702
f 1598 1702 1597
f 1597 1702 1701
f 1597 1701 1600
f 1600 1701 1704
f 1600 1704 1599
f 1599 1704 1703
f 1599 1703 1602
f 1602 1703 1706
f 1602 1706 1601
f 1601 1706 1705
f 1601 1705 1604
f 1604 1705 1708
f 1604 1708 1603
f 1603 1708 1707
f 1603 1707 1606
f 1606 1707 1710
f 1606 1710 1605
f 1605 1710 1709
f 1605 1709 1633
f 1633 1709 1737
f 1633 1737 1636
f 1636 1737 1740
f 1636 1740 1640
f 1640 1740 1744
f 1640 1744 1643
f 1643 1744 1747
f 1643 1747 1645
f 1645 1747 1749
f 1645 1749 1647
f 1647 1749 1751
f 1647 1751 1649
f 1649 1751 1753
f 1649 1753 1650
f 1650 1753 1754
f 1650 1754 1648
f 1648 1754 1752
f 1648 1752 1646
f 1646 1752 1750
f 1646 1750 1644
f 1644 1750 1748
f 1644 1748 1642
f 1642 1748 1746
f 1642 1746 1641
f 1641 1746 1745
f 1641 1745 1637
f 1637 1745 1741
f 1637 1741 1634
f 1634 1741 1738
f 1634 1738 1631
f 1631 1738 1735
f 1631 1735 1608
f 1608 1735 1711
f 1608 1711 1609
f 1609 1711 1713
f 1609 1713 1607
f 1607 1713 1712
f 1607 1712 1611
f 1611 1712 1715
f 1611 1715 1610
f 1610 1715 1714
f 1610 1714 1613
f 1613 1714 1717
f 1613 1717 1612
f 1612 1717 1716
f 1612 1716 1615
f 1615 1716 1719
f 1615 1719 1614
f 1614 1719 1718
f 1614 1718 1617
f 1617 1718 1721
f 1617 1721 1616
f 1616 1721 1720
f 1616 1720 1619
f 1619 1720 1723
f 1619 1723 1618
f 1618 1723 1722
f 1618 1722 1621
f 1621 1722 1725
f 1621 1725 1620
f 1620 1725 1724
f 1620 1724 1623
f 1623 1724 1727
f 1623 1727 1622
f 1622 1727 1726
f 1622 1726 1625
f 1625 1726 1729
f 1625 1729 1624
f 1624 1729 1728
f 1624 1728 1627
f 1627 1728 1731
f 1627 1731 1626
f 1626 1731 1730
f 1626 1730 1629
f 1629 1730 1733
f 1629 1733 1628
f 1628 1733 1732
f 1628 1732 1548
f 1548 1732 1651
f 1548 1651 1549
f 1549 1651 1653
f 1549 1653 1547
f 1547 1653 1652
o 
v 61.78 0 -54.18
v 62.075 0 -54.076
v 61.931 0 -54.122
v 60.234 0 -55.025
v 61.106 0 -54.515
v 58.213 0 -56.365
v 59.244 0 -55.659
v 56.34 0 -57.79
v 57.219 0 -57.093
v 55.682 0 -58.391
v 56.027 0 -58.062
v 55.058 0 -59.049
v 55.346 0 -58.734
v 54.78 0 -59.43
v 54.856 0 -59.295
v 54.913 0 -59.752
v 54.816 0 -59.567
v 55.22 0 -60.171
v 55.054 0 -59.961
v 55.56 0 -60.5
v 55.395 0 -60.359
v 56.085 0 -60.893
v 55.87 0 -60.74
v 58.697 0 -62.774
v 58.226 0 -62.435
v 58.44 0 -62.59
v 59.212 0 -63.141
v 58.955 0 -62.958
v 59.728 0 -63.507
v 59.47 0 -63.324
v 60.245 0 -63.872
v 59.987 0 -63.69
v 60.762 0 -64.236
v 60.504 0 -64.054
v 61.281 0 -64.599
v 61.021 0 -64.418
v 62.28 0 -65.311
v 61.54 0 -64.78
v 61.772 0 -64.952
v 63.877 0 -66.425
v 63.001 0 -65.816
v 65.85 0 -67.79
v 64.847 0 -67.097
v 67.817 0 -69.175
v 67.37 0 -68.86
v 67.494 0 -68.95
v 68.94 0 -69.948
v 68.309 0 -69.515
v 70.5 0 -71.01
v 69.68 0 -70.454
v 76.256 0 -75.124
v 75.509 0 -74.558
v 75.95 0 -74.9
v 76.87 0 -75.569
v 76.562 0 -75.347
v 77.487 0 -76.01
v 77.178 0 -75.79
v 78.107 0 -76.447
v 77.796 0 -76.229
v 78.73 0 -76.879
v 78.418 0 -76.664
v 79.356 0 -77.308
v 79.043 0 -77.094
v 83.962 0 -80.535
v 83.129 0 -79.941
v 83.74 0 -80.38
v 86.668 0 -82.475
v 86.39 0 -82.27
v 86.48 0 -82.338
v 87.275 0 -82.909
v 86.939 0 -82.669
v 88.08 0 -83.48
v 87.661 0 -83.183
v 90.907 0 -85.484
v 89.989 0 -84.834
v 90.19 0 -84.98
v 92.871 0 -86.796
v 91.846 0 -86.119
v 94.639 0 -87.925
v 93.848 0 -87.427
v 95.419 0 -88.34
v 95.11 0 -88.2
v 96.122 0 -88.59
v 95.757 0 -88.47
v 96.939 0 -88.8
v 96.517 0 -88.7
v 97.882 0 -88.941
v 97.39 0 -88.89
v 98.309 0 -88.667
v 98.188 0 -88.872
v 97.999 0 -87.788
v 98.246 0 -88.311
v 97.192 0 -86.527
v 97.57 0 -87.08
v 96.317 0 -85.442
v 96.777 0 -85.983
v 95.249 0 -84.352
v 95.81 0 -84.901
v 93.971 0 -83.197
v 94.63 0 -83.79
v 86.914 0 -76.39
v 88.21 0 -77.66
v 87.563 0 -77.025
v 85.616 0 -75.124
v 86.266 0 -75.757
v 84.314 0 -73.861
v 84.965 0 -74.492
v 83.009 0 -72.6
v 83.662 0 -73.23
v 81.701 0 -71.344
v 82.355 0 -71.972
v 80.39 0 -70.09
v 81.046 0 -70.716
v 79.011 0 -68.776
v 79.771 0 -69.497
v 77.366 0 -67.221
v 78.185 0 -67.994
v 76.04 0 -65.98
v 76.626 0 -66.527
v 72.91 0 -63.11
v 74.94 0 -64.97
v 69.02 0 -59.55
v 71.43 0 -61.76
v 70.46 0 -60.87
v 66.99 0 -57.69
v 68.01 0 -58.62
v 65.43 0 -56.26
v 66.02 0 -56.8
v 65.164 0 -56.022
v 65.297 0 -56.141
v 64.898 0 -55.785
v 65.031 0 -55.904
v 64.631 0 -55.548
v 64.765 0 -55.667
v 64.365 0 -55.312
v 64.498 0 -55.43
v 64.097 0 -55.076
v 64.231 0 -55.194
v 63.83 0 -54.84
v 63.964 0 -54.958
v 63.371 0 -54.465
v 63.612 0 -54.649
v 62.892 0 -54.161
v 63.125 0 -54.299
v 62.54 0 -54.02
v 62.691 0 -54.065
v 62.332 0 -54.024
v 62.443 0 -54.016
v 62.209 0 -54.044
v 56.299 0 -61.047
v 58.013 0 -62.28
v 70.967 0 -71.316
v 75.066 0 -74.219
v 79.67 0 -77.52
v 84.185 0 -80.691
v 88.514 0 -83.784
v 89.701 0 -84.627
v 57.799 0 -62.125
v 71.432 0 -71.625
v 84.406 0 -80.847
v 86.171 0 -82.11
v 88.943 0 -84.087
v 89.345 0 -84.372
v 89.702 0 -79.12
v 57.585 0 -61.971
v 74.62 0 -73.883
v 80.24 0 -77.913
v 82.42 0 -79.439
v 85.951 0 -81.951
v 56.514 0 -61.2
v 84.628 0 -81.003
v 93.152 0 -82.436
v 91.021 0 -80.4
v 57.371 0 -61.816
v 71.894 0 -71.937
v 74.172 0 -73.55
v 85.731 0 -81.792
v 56.728 0 -61.354
v 57.157 0 -61.662
v 72.354 0 -72.253
v 73.721 0 -73.221
v 85.511 0 -81.633
v 92.17 0 -81.505
v 56.943 0 -61.508
v 80.923 0 -78.388
v 85.291 0 -81.475
v 73.268 0 -72.895
v 81.668 0 -78.909
v 85.07 0 -81.318
v 72.812 0 -72.572
v 84.849 0 -81.16
v 62.075 10 -54.076
v 61.78 10 -54.18
v 61.931 10 -54.122
v 60.234 10 -55.025
v 61.106 10 -54.515
v 58.213 10 -56.365
v 59.244 10 -55.659
v 56.34 10 -57.79
v 57.219 10 -57.093
v 55.682 10 -58.391
v 56.027 10 -58.062
v 55.058 10 -59.049
v 55.346 10 -58.734
v 54.78 10 -59.43
v 54.856 10 -59.295
v 54.913 10 -59.752
v 54.816 10 -59.567
v 55.22 10 -60.171
v 55.054 10 -59.961
v 55.56 10 -60.5
v 55.395 10 -60.359
v 56.085 10 -60.893
v 55.87 10 -60.74
v 58.226 10 -62.435
v 58.697 10 -62.774
v 58.44 10 -62.59
v 59.212 10 -63.141
v 58.955 10 -62.958
v 59.728 10 -63.507
v 59.47 10 -63.324
v 60.245 10 -63.872
v 59.987 10 -63.69
v 60.762 10 -64.236
v 60.504 10 -64.054
v 61.281 10 -64.599
v 61.021 10 -64.418
v 61.54 10 -64.78
v 62.28 10 -65.311
v 61.772 10 -64.952
v 63.877 10 -66.425
v 63.001 10 -65.816
v 65.85 10 -67.79
v 64.847 10 -67.097
v 67.37 10 -68.86
v 67.817 10 -69.175
v 67.494 10 -68.95
v 68.94 10 -69.948
v 68.309 10 -69.515
v 70.5 10 -71.01
v 69.68 10 -70.454
v 75.509 10 -74.558
v 76.256 10 -75.124
v 75.95 10 -74.9
v 76.87 10 -75.569
v 76.562 10 -75.347
v 77.487 10 -76.01
v 77.178 10 -75.79
v 78.107 10 -76.447
v 77.796 10 -76.229
v 78.73 10 -76.879
v 78.418 10 -76.664
v 79.356 10 -77.308
v 79.043 10 -77.094
v 83.129 10 -79.941
v 83.962 10 -80.535
v 83.74 10 -80.38
v 86.39 10 -82.27
v 86.668 10 -82.475
v 86.48 10 -82.338
v 87.275 10 -82.909
v 86.939 10 -82.669
v 88.08 10 -83.48
v 87.661 10 -83.183
v 89.989 10 -84.834
v 90.907 10 -85.484
v 90.19 10 -84.98
v 92.871 10 -86.796
v 91.846 10 -86.119
v 94.639 10 -87.925
v 93.848 10 -87.427
v 95.419 10 -88.34
v 95.11 10 -88.2
v 96.122 10 -88.59
v 95.757 10 -88.47
v 96.939 10 -88.8
v 96.517 10 -88.7
v 97.882 10 -88.941
v 97.39 10 -88.89
v 98.309 10 -88.667
v 98.188 10 -88.872
v 97.999 10 -87.788
v 98.246 10 -88.311
v 97.192 10 -86.527
v 97.57 10 -87.08
v 96.317 10 -85.442
v 96.777 10 -85.983
v 95.249 10 -84.352
v 95.81 10 -84.901
v 93.971 10 -83.197
v 94.63 10 -83.79
v 88.21 10 -77.66
v 86.914 10 -76.39
v 87.563 10 -77.025
v 85.616 10 -75.124
v 86.266 10 -75.757
v 84.314 10 -73.861
v 84.965 10 -74.492
v 83.009 10 -72.6
v 83.662 10 -73.23
v 81.701 10 -71.344
v 82.355 10 -71.972
v 80.39 10 -70.09
v 81.046 10 -70.716
v 79.011 10 -68.776
v 79.771 10 -69.497
v 77.366 10 -67.221
v 78.185 10 -67.994
v 76.04 10 -65.98
v 76.626 10 -66.527
v 72.91 10 -63.11
v 74.94 10 -64.97
v 71.43 10 -61.76
v 69.02 10 -59.55
v 70.46 10 -60.87
v 66.99 10 -57.69
v 68.01 10 -58.62
v 65.43 10 -56.26
v 66.02 10 -56.8
v 65.164 10 -56.022
v 65.297 10 -56.141
v 64.898 10 -55.785
v 65.031 10 -55.904
v 64.631 10 -55.548
v 64.765 10 -55.667
v 64.365 10 -55.312
v 64.498 10 -55.43
v 64.097 10 -55.076
v 64.231 10 -55.194
v 63.83 10 -54.84
v 63.964 10 -54.958
v 63.371 10 -54.465
v 63.612 10 -54.649
v 62.892 10 -54.161
v 63.125 10 -54.299
v 62.54 10 -54.02
v 62.691 10 -54.065
v 62.332 10 -54.024
v 62.443 10 -54.016
v 62.209 10 -54.044
v 56.299 10 -61.047
v 58.013 10 -62.28
v 70.967 10 -71.316
v 75.066 10 -74.219
v 79.67 10 -77.52
v 84.185 10 -80.691
v 88.514 10 -83.784
v 89.701 10 -84.627
v 57.799 10 -62.125
v 71.432 10 -71.625
v 84.406 10 -80.847
v 86.171 10 -82.11
v 88.943 10 -84.087
v 89.345 10 -84.372
v 89.702 10 -79.12
v 57.585 10 -61.971
v 74.62 10 -73.883
v 80.24 10 -77.913
v 82.42 10 -79.439
v 85.951 10 -81.951
v 56.514 10 -61.2
v 84.628 10 -81.003
v 93.152 10 -82.436
v 91.021 10 -80.4
v 57.371 10 -61.816
v 71.894 10 -71.937
v 74.172 10 -73.55
v 85.731 10 -81.792
v 56.728 10 -61.354
v 57.157 10 -61.662
v 72.354 10 -72.253
v 73.721 10 -73.221
v 85.511 10 -81.633
v 92.17 10 -81.505
v 56.943 10 -61.508
v 80.923 10 -78.388
v 85.291 10 -81.475
v 73.268 10 -72.895
v 81.668 10 -78.909
v 85.07 10 -81.318
v 72.812 10 -72.572
v 84.849 10 -81.16
f 1755 1756 1757
f 1758 1755 1759
f 1760 1758 1761
f 1762 1760 1763
f 1764 1762 1765
f 1766 1764 1767
f 1768 1766 1769
f 1770 1768 1771
f 1772 1770 1773
f 1774 1772 1775
f 1776 1774 1777
f 1778 1779 1780
f 1781 1778 1782
f 1783 1781 1784
f 1785 1783 1786
f 1787 1785 1788
f 1789 1787 1790
f 1791 1792 1793
f 1794 1791 1795
f 1796 1794 1797
f 1798 1799 1800
f 1801 1798 1802
f 1803 1801 1804
f 1805 1806 1807
f 1808 1805 1809
f 1810 1808 1811
f 1812 1810 1813
f 1814 1812 1815
f 1816 1814 1817
f 1818 1819 1820
f 1821 1822 1823
f 1824 1821 1825
f 1826 1824 1827
f 1828 1829 1830
f 1831 1828 1832
f 1833 1831 1834
f 1835 1833 1836
f 1837 1835 1838
f 1839 1837 1840
f 1841 1839 1842
f 1843 1841 1844
f 1845 1843 1846
f 1847 1845 1848
f 1849 1847 1850
f 1851 1849 1852
f 1853 1851 1854
f 1855 1856 1857
f 1858 1855 1859
f 1860 1858 1861
f 1862 1860 1863
f 1864 1862 1865
f 1866 1864 1867
f 1868 1866 1869
f 1870 1868 1871
f 1872 1870 1873
f 1874 1872 1875
f 1876 1877 1878
f 1879 1876 1880
f 1881 1879 1882
f 1883 1881 1884
f 1885 1883 1886
f 1887 1885 1888
f 1889 1887 1890
f 1891 1889 1892
f 1893 1891 1894
f 1895 1893 1896
f 1897 1895 1898
f 1899 1897 1900
f 1901 1899 1902
f 1756 1901 1903
f 1758 1756 1755
f 1762 1758 1760
f 1766 1762 1764
f 1770 1766 1768
f 1774 1770 1772
f 1904 1774 1776
f 1778 1905 1779
f 1783 1778 1781
f 1787 1783 1785
f 1792 1787 1789
f 1794 1792 1791
f 1801 1799 1798
f 1906 1801 1803
f 1805 1907 1806
f 1810 1805 1808
f 1814 1810 1812
f 1908 1814 1816
f 1909 1819 1818
f 1824 1822 1821
f 1910 1824 1826
f 1828 1911 1829
f 1833 1828 1831
f 1837 1833 1835
f 1841 1837 1839
f 1845 1841 1843
f 1849 1845 1847
f 1853 1849 1851
f 1858 1856 1855
f 1862 1858 1860
f 1866 1862 1864
f 1870 1866 1868
f 1874 1870 1872
f 1879 1877 1876
f 1883 1879 1881
f 1887 1883 1885
f 1891 1887 1889
f 1895 1891 1893
f 1899 1895 1897
f 1756 1899 1901
f 1762 1756 1758
f 1770 1762 1766
f 1904 1770 1774
f 1778 1912 1905
f 1787 1778 1783
f 1796 1792 1794
f 1801 1796 1799
f 1913 1801 1906
f 1810 1907 1805
f 1908 1810 1814
f 1914 1819 1909
f 1824 1915 1822
f 1916 1824 1910
f 1828 1917 1911
f 1837 1828 1833
f 1845 1837 1841
f 1853 1845 1849
f 1858 1918 1856
f 1866 1858 1862
f 1874 1866 1870
f 1883 1877 1879
f 1891 1883 1887
f 1899 1891 1895
f 1762 1899 1756
f 1904 1762 1770
f 1778 1919 1912
f 1792 1778 1787
f 1913 1796 1801
f 1810 1920 1907
f 1921 1810 1908
f 1914 1922 1819
f 1824 1923 1915
f 1837 1917 1828
f 1853 1837 1845
f 1866 1918 1858
f 1877 1866 1874
f 1891 1877 1883
f 1762 1891 1899
f 1924 1762 1904
f 1792 1919 1778
f 1913 1792 1796
f 1921 1920 1810
f 1925 1922 1914
f 1916 1923 1824
f 1837 1916 1917
f 1926 1837 1853
f 1866 1927 1918
f 1891 1866 1877
f 1924 1891 1762
f 1792 1928 1919
f 1929 1792 1913
f 1921 1930 1920
f 1916 1931 1923
f 1926 1916 1837
f 1891 1927 1866
f 1932 1891 1924
f 1792 1933 1928
f 1934 1792 1929
f 1921 1935 1930
f 1916 1936 1931
f 1937 1916 1926
f 1891 1937 1927
f 1938 1891 1932
f 1792 1938 1933
f 1939 1935 1921
f 1916 1940 1936
f 1891 1916 1937
f 1792 1891 1938
f 1939 1941 1935
f 1891 1940 1916
f 1934 1891 1792
f 1942 1941 1939
f 1891 1943 1940
f 1944 1891 1934
f 1922 1941 1942
f 1891 1945 1943
f 1941 1891 1944
f 1925 1941 1922
f 1891 1925 1945
f 1925 1891 1941
f 1946 1947 1948
f 1947 1949 1950
f 1949 1951 1952
f 1951 1953 1954
f 1953 1955 1956
f 1955 1957 1958
f 1957 1959 1960
f 1959 1961 1962
f 1961 1963 1964
f 1963 1965 1966
f 1965 1967 1968
f 1969 1970 1971
f 1970 1972 1973
f 1972 1974 1975
f 1974 1976 1977
f 1976 1978 1979
f 1978 1980 1981
f 1982 1983 1984
f 1983 1985 1986
f 1985 1987 1988
f 1989 1990 1991
f 1990 1992 1993
f 1992 1994 1995
f 1996 1997 1998
f 1997 1999 2000
f 1999 2001 2002
f 2001 2003 2004
f 2003 2005 2006
f 2005 2007 2008
f 2009 2010 2011
f 2012 2013 2014
f 2013 2015 2016
f 2015 2017 2018
f 2019 2020 2021
f 2020 2022 2023
f 2022 2024 2025
f 2024 2026 2027
f 2026 2028 2029
f 2028 2030 2031
f 2030 2032 2033
f 2032 2034 2035
f 2034 2036 2037
f 2036 2038 2039
f 2038 2040 2041
f 2040 2042 2043
f 2042 2044 2045
f 2046 2047 2048
f 2047 2049 2050
f 2049 2051 2052
f 2051 2053 2054
f 2053 2055 2056
f 2055 2057 2058
f 2057 2059 2060
f 2059 2061 2062
f 2061 2063 2064
f 2063 2065 2066
f 2067 2068 2069
f 2068 2070 2071
f 2070 2072 2073
f 2072 2074 2075
f 2074 2076 2077
f 2076 2078 2079
f 2078 2080 2081
f 2080 2082 2083
f 2082 2084 2085
f 2084 2086 2087
f 2086 2088 2089
f 2088 2090 2091
f 2090 2092 2093
f 2092 1946 2094
f 1946 1949 1947
f 1949 1953 1951
f 1953 1957 1955
f 1957 1961 1959
f 1961 1965 1963
f 1965 2095 1967
f 2096 1970 1969
f 1970 1974 1972
f 1974 1978 1976
f 1978 1982 1980
f 1982 1985 1983
f 1989 1992 1990
f 1992 2097 1994
f 2098 1997 1996
f 1997 2001 1999
f 2001 2005 2003
f 2005 2099 2007
f 2009 2100 2010
f 2012 2015 2013
f 2015 2101 2017
f 2102 2020 2019
f 2020 2024 2022
f 2024 2028 2026
f 2028 2032 2030
f 2032 2036 2034
f 2036 2040 2038
f 2040 2044 2042
f 2046 2049 2047
f 2049 2053 2051
f 2053 2057 2055
f 2057 2061 2059
f 2061 2065 2063
f 2067 2070 2068
f 2070 2074 2072
f 2074 2078 2076
f 2078 2082 2080
f 2082 2086 2084
f 2086 2090 2088
f 2090 1946 2092
f 1946 1953 1949
f 1953 1961 1957
f 1961 2095 1965
f 2103 1970 2096
f 1970 1978 1974
f 1982 1987 1985
f 1987 1992 1989
f 1992 2104 2097
f 2098 2001 1997
f 2001 2099 2005
f 2009 2105 2100
f 2106 2015 2012
f 2015 2107 2101
f 2108 2020 2102
f 2020 2028 2024
f 2028 2036 2032
f 2036 2044 2040
f 2109 2049 2046
f 2049 2057 2053
f 2057 2065 2061
f 2067 2074 2070
f 2074 2082 2078
f 2082 2090 2086
f 2090 1953 1946
f 1953 2095 1961
f 2110 1970 2103
f 1970 1982 1978
f 1987 2104 1992
f 2111 2001 2098
f 2001 2112 2099
f 2113 2105 2009
f 2114 2015 2106
f 2108 2028 2020
f 2028 2044 2036
f 2109 2057 2049
f 2057 2067 2065
f 2067 2082 2074
f 2082 1953 2090
f 1953 2115 2095
f 2110 1982 1970
f 1982 2104 1987
f 2111 2112 2001
f 2113 2116 2105
f 2114 2107 2015
f 2107 2028 2108
f 2028 2117 2044
f 2118 2057 2109
f 2057 2082 2067
f 2082 2115 1953
f 2119 1982 2110
f 1982 2120 2104
f 2121 2112 2111
f 2122 2107 2114
f 2107 2117 2028
f 2118 2082 2057
f 2082 2123 2115
f 2124 1982 2119
f 1982 2125 2120
f 2126 2112 2121
f 2127 2107 2122
f 2107 2128 2117
f 2128 2082 2118
f 2082 2129 2123
f 2129 1982 2124
f 2126 2130 2112
f 2131 2107 2127
f 2107 2082 2128
f 2082 1982 2129
f 2132 2130 2126
f 2131 2082 2107
f 2082 2125 1982
f 2132 2133 2130
f 2134 2082 2131
f 2082 2135 2125
f 2132 2113 2133
f 2136 2082 2134
f 2082 2132 2135
f 2132 2116 2113
f 2116 2082 2136
f 2082 2116 2132
f 1755 1947 1759
f 1759 1947 1950
f 1759 1950 1758
f 1758 1950 1949
f 1758 1949 1761
f 1761 1949 1952
f 1761 1952 1760
f 1760 1952 1951
f 1760 1951 1763
f 1763 1951 1954
f 1763 1954 1762
f 1762 1954 1953
f 1762 1953 1765
f 1765 1953 1956
f 1765 1956 1764
f 1764 1956 1955
f 1764 1955 1767
f 1767 1955 1958
f 1767 1958 1766
f 1766 1958 1957
f 1766 1957 1769
f 1769 1957 1960
f 1769 1960 1768
f 1768 1960 1959
f 1768 1959 1771
f 1771 1959 1962
f 1771 1962 1770
f 1770 1962 1961
f 1770 1961 1773
f 1773 1961 1964
f 1773 1964 1772
f 1772 1964 1963
f 1772 1963 1775
f 1775 1963 1966
f 1775 1966 1774
f 1774 1966 1965
f 1774 1965 1777
f 1777 1965 1968
f 1777 1968 1776
f 1776 1968 1967
f 1776 1967 1904
f 1904 1967 2095
f 1904 2095 1924
f 1924 2095 2115
f 1924 2115 1932
f 1932 2115 2123
f 1932 2123 1938
f 1938 2123 2129
f 1938 2129 1933
f 1933 2129 2124
f 1933 2124 1928
f 1928 2124 2119
f 1928 2119 1919
f 1919 2119 2110
f 1919 2110 1912
f 1912 2110 2103
f 1912 2103 1905
f 1905 2103 2096
f 1905 2096 1779
f 1779 2096 1969
f 1779 1969 1780
f 1780 1969 1971
f 1780 1971 1778
f 1778 1971 1970
f 1778 1970 1782
f 1782 1970 1973
f 1782 1973 1781
f 1781 1973 1972
f 1781 1972 1784
f 1784 1972 1975
f 1784 1975 1783
f 1783 1975 1974
f 1783 1974 1786
f 1786 1974 1977
f 1786 1977 1785
f 1785 1977 1976
f 1785 1976 1788
f 1788 1976 1979
f 1788 1979 1787
f 1787 1979 1978
f 1787 1978 1790
f 1790 1978 1981
f 1790 1981 1789
f 1789 1981 1980
f 1789 1980 1792
f 1792 1980 1982
f 1792 1982 1793
f 1793 1982 1984
f 1793 1984 1791
f 1791 1984 1983
f 1791 1983 1795
f 1795 1983 1986
f 1795 1986 1794
f 1794 1986 1985
f 1794 1985 1797
f 1797 1985 1988
f 1797 1988 1796
f 1796 1988 1987
f 1796 1987 1799
f 1799 1987 1989
f 1799 1989 1800
f 1800 1989 1991
f 1800 1991 1798
f 1798 1991 1990
f 1798 1990 1802
f 1802 1990 1993
f 1802 1993 1801
f 1801 1993 1992
f 1801 1992 1804
f 1804 1992 1995
f 1804 1995 1803
f 1803 1995 1994
f 1803 1994 1906
f 1906 1994 2097
f 1906 2097 1913
f 1913 2097 2104
f 1913 2104 1929
f 1929 2104 2120
f 1929 2120 1934
f 1934 2120 2125
f 1934 2125 1944
f 1944 2125 2135
f 1944 2135 1941
f 1941 2135 2132
f 1941 2132 1935
f 1935 2132 2126
f 1935 2126 1930
f 1930 2126 2121
f 1930 2121 1920
f 1920 2121 2111
f 1920 2111 1907
f 1907 2111 2098
f 1907 2098 1806
f 1806 2098 1996
f 1806 1996 1807
f 1807 1996 1998
f 1807 1998 1805
f 1805 1998 1997
f 1805 1997 1809
f 1809 1997 2000
f 1809 2000 1808
f 1808 2000 1999
f 1808 1999 1811
f 1811 1999 2002
f 1811 2002 1810
f 1810 2002 2001
f 1810 2001 1813
f 1813 2001 2004
f 1813 2004 1812
f 1812 2004 2003
f 1812 2003 1815
f 1815 2003 2006
f 1815 2006 1814
f 1814 2006 2005
f 1814 2005 1817
f 1817 2005 2008
f 1817 2008 1816
f 1816 2008 2007
f 1816 2007 1908
f 1908 2007 2099
f 1908 2099 1921
f 1921 2099 2112
f 1921 2112 1939
f 1939 2112 2130
f 1939 2130 1942
f 1942 2130 2133
f 1942 2133 1922
f 1922 2133 2113
f 1922 2113 1819
f 1819 2113 2009
f 1819 2009 1820
f 1820 2009 2011
f 1820 2011 1818
f 1818 2011 2010
f 1818 2010 1909
f 1909 2010 2100
f 1909 2100 1914
f 1914 2100 2105
f 1914 2105 1925
f 1925 2105 2116
f 1925 2116 1945
f 1945 2116 2136
f 1945 2136 1943
f 1943 2136 2134
f 1943 2134 1940
f 1940 2134 2131
f 1940 2131 1936
f 1936 2131 2127
f 1936 2127 1931
f 1931 2127 2122
f 1931 2122 1923
f 1923 2122 2114
f 1923 2114 1915
f 1915 2114 2106
f 1915 2106 1822
f 1822 2106 2012
f 1822 2012 1823
f 1823 2012 2014
f 1823 2014 1821
f 1821 2014 2013
f 1821 2013 1825
f 1825 2013 2016
f 1825 2016 1824
f 1824 2016 2015
f 1824 2015 1827
f 1827 2015 2018
f 1827 2018 1826
f 1826 2018 2017
f 1826 2017 1910
f 1910 2017 2101
f 1910 2101 1916
f 1916 2101 2107
f 1916 2107 1917
f 1917 2107 2108
f 1917 2108 1911
f 1911 2108 2102
f 1911 2102 1829
f 1829 2102 2019
f 1829 2019 1830
f 1830 2019 2021
f 1830 2021 1828
f 1828 2021 2020
f 1828 2020 1832
f 1832 2020 2023
f 1832 2023 1831
f 1831 2023 2022
f 1831 2022 1834
f 1834 2022 2025
f 1834 2025 1833
f 1833 2025 2024
f 1833 2024 1836
f 1836 2024 2027
f 1836 2027 1835
f 1835 2027 2026
f 1835 2026 1838
f 1838 2026 2029
f 1838 2029 1837
f 1837 2029 2028
f 1837 2028 1840
f 1840 2028 2031
f 1840 2031 1839
f 1839 2031 2030
f 1839 2030 1842
f 1842 2030 2033
f 1842 2033 1841
f 1841 2033 2032
f 1841 2032 1844
f 1844 2032 2035
f 1844 2035 1843
f 1843 2035 2034
f 1843 2034 1846
f 1846 2034 2037
f 1846 2037 1845
f 1845 2037 2036
f 1845 2036 1848
f 1848 2036 2039
f 1848 2039 1847
f 1847 2039 2038
f 1847 2038 1850
f 1850 2038 2041
f 1850 2041 1849
f 1849 2041 2040
f 1849 2040 1852
f 1852 2040 2043
f 1852 2043 1851
f 1851 2043 2042
f 1851 2042 1854
f 1854 2042 2045
f 1854 2045 1853
f 1853 2045 2044
f 1853 2044 1926
f 1926 2044 2117
f 1926 2117 1937
f 1937 2117 2128
f 1937 2128 1927
f 1927 2128 2118
f 1927 2118 1918
f 1918 2118 2109
f 1918 2109 1856
f 1856 2109 2046
f 1856 2046 1857
f 1857 2046 2048
f 1857 2048 1855
f 1855 2048 2047
f 1855 2047 1859
f 1859 2047 2050
f 1859 2050 1858
f 1858 2050 2049
f 1858 2049 1861
f 1861 2049 2052
f 1861 2052 1860
f 1860 2052 2051
f 1860 2051 1863
f 1863 2051 2054
f 1863 2054 1862
f 1862 2054 2053
f 1862 2053 1865
f 1865 2053 2056
f 1865 2056 1864
f 1864 2056 2055
f 1864 2055 1867
f 1867 2055 2058
f 1867 2058 1866
f 1866 2058 2057
f 1866 2057 1869
f 1869 2057 2060
f 1869 2060 1868
f 1868 2060 2059
f 1868 2059 1871
f 1871 2059 2062
f 1871 2062 1870
f 1870 2062 2061
f 1870 2061 1873
f 1873 2061 2064
f 1873 2064 1872
f 1872 2064 2063
f 1872 2063 1875
f 1875 2063 2066
f 1875 2066 1874
f 1874 2066 2065
f 1874 2065 1877
f 1877 2065 2067
f 1877 2067 1878
f 1878 2067 2069
f 1878 2069 1876
f 1876 2069 2068
f 1876 2068 1880
f 1880 2068 2071
f 1880 2071 1879
f 1879 2071 2070
f 1879 2070 1882
f 1882 2070 2073
f 1882 2073 1881
f 1881 2073 2072
f 1881 2072 1884
f 1884 2072 2075
f 1884 2075 1883
f 1883 2075 2074
f 1883 2074 1886
f 1886 2074 2077
f 1886 2077 1885
f 1885 2077 2076
f 1885 2076 1888
f 1888 2076 2079
f 1888 2079 1887
f 1887 2079 2078
f 1887 2078 1890
f 1890 2078 2081
f 1890 2081 1889
f 1889 2081 2080
f 1889 2080 1892
f 1892 2080 2083
f 1892 2083 1891
f 1891 2083 2082
f 1891 2082 1894
f 1894 2082 2085
f 1894 2085 1893
f 1893 2085 2084
f 1893 2084 1896
f 1896 2084 2087
f 1896 2087 1895
f 1895 2087 2086
f 1895 2086 1898
f 1898 2086 2089
f 1898 2089 1897
f 1897 2089 2088
f 1897 2088 1900
f 1900 2088 2091
f 1900 2091 1899
f 1899 2091 2090
f 1899 2090 1902
f 1902 2090 2093
f 1902 2093 1901
f 1901 2093 2092
f 1901 2092 1903
f 1903 2092 2094
f 1903 2094 1756
f 1756 2094 1946
f 1756 1946 1757
f 1757 1946 1948
f 1757 1948 1755
f 1755 1948 1947
o 
v 83.38 0 -35.37
v 83.797 0 -35.171
v 83.584 0 -35.25
v 83.14 0 -35.583
v 83.259 0 -35.475
v 82.91 0 -35.807
v 83.024 0 -35.694
v 82.691 0 -36.041
v 82.799 0 -35.923
v 82.482 0 -36.285
v 82.585 0 -36.162
v 82.285 0 -36.538
v 82.382 0 -36.41
v 82.1 0 -36.8
v 82.191 0 -36.668
v 81.993 0 -37.179
v 82.026 0 -36.978
v 82.05 0 -37.638
v 82.001 0 -37.4
v 82.27 0 -38.15
v 82.14 0 -37.889
v 82.963 0 -39.18
v 82.559 0 -38.636
v 84.59 0 -40.966
v 83.601 0 -39.914
v 88.09 0 -44.55
v 86.047 0 -42.468
v 83.828 0 -59.725
v 87.934 0 -55.567
v 84.74 0 -58.8
v 82.246 0 -61.344
v 82.984 0 -60.585
v 81.228 0 -62.413
v 81.649 0 -61.965
v 80.53 0 -63.24
v 81.02 0 -62.65
v 80.259 0 -63.655
v 80.402 0 -63.412
v 79.997 0 -64.208
v 80.119 0 -63.932
v 79.88 0 -64.61
v 79.912 0 -64.446
v 80.103 0 -65.227
v 79.936 0 -64.905
v 80.754 0 -65.946
v 80.376 0 -65.575
v 81.81 0 -66.75
v 81.233 0 -66.339
v 82.366 0 -67.066
v 82.11 0 -66.936
v 82.787 0 -67.164
v 82.589 0 -67.141
v 83.15 0 -67.06
v 82.971 0 -67.136
v 84.695 0 -65.72
v 83.678 0 -66.643
v 88.029 0 -62.513
v 86.159 0 -64.33
v 92.82 0 -57.76
v 90.263 0 -60.31
v 96.713 0 -53.829
v 94.939 0 -55.631
v 99.154 0 -51.275
v 98.124 0 -52.37
v 100 0 -50.25
v 99.786 0 -50.562
v 99.313 0 -49.414
v 99.836 0 -50.001
v 97.01 0 -47.033
v 98.386 0 -48.44
v 92.73 0 -42.73
v 95.14 0 -45.145
v 88.363 0 -38.403
v 90.26 0 -40.267
v 85.934 0 -36.143
v 86.95 0 -37.056
v 84.74 0 -35.29
v 85.226 0 -35.582
v 84.25 0 -35.142
v 84.49 0 -35.193
v 84.019 0 -35.135
v 88.912 0 -45.384
v 89.693 0 -46.181
v 90.183 0 -53.276
v 91.65 0 -51.756
v 90.4 0 -46.906
v 92.497 0 -50.837
v 90.997 0 -47.522
v 92.886 0 -50.348
v 91.448 0 -47.992
v 91.72 0 -48.28
v 92.98 0 -50.12
v 92.054 0 -48.664
v 92.938 0 -49.953
v 92.356 0 -49.041
v 92.811 0 -49.705
v 92.613 0 -49.395
v 83.797 10 -35.171
v 83.38 10 -35.37
v 83.584 10 -35.25
v 83.14 10 -35.583
v 83.259 10 -35.475
v 82.91 10 -35.807
v 83.024 10 -35.694
v 82.691 10 -36.041
v 82.799 10 -35.923
v 82.482 10 -36.285
v 82.585 10 -36.162
v 82.285 10 -36.538
v 82.382 10 -36.41
v 82.1 10 -36.8
v 82.191 10 -36.668
v 81.993 10 -37.179
v 82.026 10 -36.978
v 82.05 10 -37.638
v 82.001 10 -37.4
v 82.27 10 -38.15
v 82.14 10 -37.889
v 82.963 10 -39.18
v 82.559 10 -38.636
v 84.59 10 -40.966
v 83.601 10 -39.914
v 88.09 10 -44.55
v 86.047 10 -42.468
v 87.934 10 -55.567
v 83.828 10 -59.725
v 84.74 10 -58.8
v 82.246 10 -61.344
v 82.984 10 -60.585
v 81.228 10 -62.413
v 81.649 10 -61.965
v 80.53 10 -63.24
v 81.02 10 -62.65
v 80.259 10 -63.655
v 80.402 10 -63.412
v 79.997 10 -64.208
v 80.119 10 -63.932
v 79.88 10 -64.61
v 79.912 10 -64.446
v 80.103 10 -65.227
v 79.936 10 -64.905
v 80.754 10 -65.946
v 80.376 10 -65.575
v 81.81 10 -66.75
v 81.233 10 -66.339
v 82.366 10 -67.066
v 82.11 10 -66.936
v 82.787 10 -67.164
v 82.589 10 -67.141
v 83.15 10 -67.06
v 82.971 10 -67.136
v 84.695 10 -65.72
v 83.678 10 -66.643
v 88.029 10 -62.513
v 86.159 10 -64.33
v 92.82 10 -57.76
v 90.263 10 -60.31
v 96.713 10 -53.829
v 94.939 10 -55.631
v 99.154 10 -51.275
v 98.124 10 -52.37
v 100 10 -50.25
v 99.786 10 -50.562
v 99.313 10 -49.414
v 99.836 10 -50.001
v 97.01 10 -47.033
v 98.386 10 -48.44
v 92.73 10 -42.73
v 95.14 10 -45.145
v 88.363 10 -38.403
v 90.26 10 -40.267
v 85.934 10 -36.143
v 86.95 10 -37.056
v 84.74 10 -35.29
v 85.226 10 -35.582
v 84.25 10 -35.142
v 84.49 10 -35.193
v 84.019 10 -35.135
v 88.912 10 -45.384
v 89.693 10 -46.181
v 90.183 10 -53.276
v 91.65 10 -51.756
v 90.4 10 -46.906
v 92.497 10 -50.837
v 90.997 10 -47.522
v 92.886 10 -50.348
v 91.448 10 -47.992
v 91.72 10 -48.28
v 92.98 10 -50.12
v 92.054 10 -48.664
v 92.938 10 -49.953
v 92.356 10 -49.041
v 92.811 10 -49.705
v 92.613 10 -49.395
f 2137 2138 2139
f 2140 2137 2141
f 2142 2140 2143
f 2144 2142 2145
f 2146 2144 2147
f 2148 2146 2149
f 2150 2148 2151
f 2152 2150 2153
f 2154 2152 2155
f 2156 2154 2157
f 2158 2156 2159
f 2160 2158 2161
f 2162 2160 2163
f 2164 2165 2166
f 2167 2164 2168
f 2169 2167 2170
f 2171 2169 2172
f 2173 2171 2174
f 2175 2173 2176
f 2177 2175 2178
f 2179 2177 2180
f 2181 2179 2182
f 2183 2181 2184
f 2185 2183 2186
f 2187 2185 2188
f 2189 2187 2190
f 2191 2189 2192
f 2193 2191 2194
f 2195 2193 2196
f 2197 2195 2198
f 2199 2197 2200
f 2201 2199 2202
f 2203 2201 2204
f 2205 2203 2206
f 2207 2205 2208
f 2209 2207 2210
f 2211 2209 2212
f 2213 2211 2214
f 2215 2213 2216
f 2138 2215 2217
f 2140 2138 2137
f 2144 2140 2142
f 2148 2144 2146
f 2152 2148 2150
f 2156 2152 2154
f 2160 2156 2158
f 2218 2160 2162
f 2167 2165 2164
f 2171 2167 2169
f 2175 2171 2173
f 2179 2175 2177
f 2183 2179 2181
f 2187 2183 2185
f 2191 2187 2189
f 2195 2191 2193
f 2199 2195 2197
f 2203 2199 2201
f 2207 2203 2205
f 2211 2207 2209
f 2215 2211 2213
f 2140 2215 2138
f 2148 2140 2144
f 2156 2148 2152
f 2218 2156 2160
f 2171 2165 2167
f 2179 2171 2175
f 2187 2179 2183
f 2195 2187 2191
f 2203 2195 2199
f 2211 2203 2207
f 2140 2211 2215
f 2156 2140 2148
f 2219 2156 2218
f 2171 2220 2165
f 2187 2171 2179
f 2203 2187 2195
f 2140 2203 2211
f 2219 2140 2156
f 2187 2220 2171
f 2219 2203 2140
f 2187 2221 2220
f 2222 2203 2219
f 2187 2223 2221
f 2224 2203 2222
f 2187 2225 2223
f 2226 2203 2224
f 2203 2225 2187
f 2227 2203 2226
f 2203 2228 2225
f 2229 2203 2227
f 2203 2230 2228
f 2231 2203 2229
f 2203 2232 2230
f 2233 2203 2231
f 2203 2233 2232
f 2234 2235 2236
f 2235 2237 2238
f 2237 2239 2240
f 2239 2241 2242
f 2241 2243 2244
f 2243 2245 2246
f 2245 2247 2248
f 2247 2249 2250
f 2249 2251 2252
f 2251 2253 2254
f 2253 2255 2256
f 2255 2257 2258
f 2257 2259 2260
f 2261 2262 2263
f 2262 2264 2265
f 2264 2266 2267
f 2266 2268 2269
f 2268 2270 2271
f 2270 2272 2273
f 2272 2274 2275
f 2274 2276 2277
f 2276 2278 2279
f 2278 2280 2281
f 2280 2282 2283
f 2282 2284 2285
f 2284 2286 2287
f 2286 2288 2289
f 2288 2290 2291
f 2290 2292 2293
f 2292 2294 2295
f 2294 2296 2297
f 2296 2298 2299
f 2298 2300 2301
f 2300 2302 2303
f 2302 2304 2305
f 2304 2306 2307
f 2306 2308 2309
f 2308 2310 2311
f 2310 2312 2313
f 2312 2234 2314
f 2234 2237 2235
f 2237 2241 2239
f 2241 2245 2243
f 2245 2249 2247
f 2249 2253 2251
f 2253 2257 2255
f 2257 2315 2259
f 2261 2264 2262
f 2264 2268 2266
f 2268 2272 2270
f 2272 2276 2274
f 2276 2280 2278
f 2280 2284 2282
f 2284 2288 2286
f 2288 2292 2290
f 2292 2296 2294
f 2296 2300 2298
f 2300 2304 2302
f 2304 2308 2306
f 2308 2312 2310
f 2312 2237 2234
f 2237 2245 2241
f 2245 2253 2249
f 2253 2315 2257
f 2261 2268 2264
f 2268 2276 2272
f 2276 2284 2280
f 2284 2292 2288
f 2292 2300 2296
f 2300 2308 2304
f 2308 2237 2312
f 2237 2253 2245
f 2253 2316 2315
f 2317 2268 2261
f 2268 2284 2276
f 2284 2300 2292
f 2300 2237 2308
f 2237 2316 2253
f 2317 2284 2268
f 2300 2316 2237
f 2318 2284 2317
f 2300 2319 2316
f 2320 2284 2318
f 2300 2321 2319
f 2322 2284 2320
f 2300 2323 2321
f 2322 2300 2284
f 2300 2324 2323
f 2325 2300 2322
f 2300 2326 2324
f 2327 2300 2325
f 2300 2328 2326
f 2329 2300 2327
f 2300 2330 2328
f 2330 2300 2329
f 2137 2235 2141
f 2141 2235 2238
f 2141 2238 2140
f 2140 2238 2237
f 2140 2237 2143
f 2143 2237 2240
f 2143 2240 2142
f 2142 2240 2239
f 2142 2239 2145
f 2145 2239 2242
f 2145 2242 2144
f 2144 2242 2241
f 2144 2241 2147
f 2147 2241 2244
f 2147 2244 2146
f 2146 2244 2243
f 2146 2243 2149
f 2149 2243 2246
f 2149 2246 2148
f 2148 2246 2245
f 2148 2245 2151
f 2151 2245 2248
f 2151 2248 2150
f 2150 2248 2247
f 2150 2247 2153
f 2153 2247 2250
f 2153 2250 2152
f 2152 2250 2249
f 2152 2249 2155
f 2155 2249 2252
f 2155 2252 2154
f 2154 2252 2251
f 2154 2251 2157
f 2157 2251 2254
f 2157 2254 2156
f 2156 2254 2253
f 2156 2253 2159
f 2159 2253 2256
f 2159 2256 2158
f 2158 2256 2255
f 2158 2255 2161
f 2161 2255 2258
f 2161 2258 2160
f 2160 2258 2257
f 2160 2257 2163
f 2163 2257 2260
f 2163 2260 2162
f 2162 2260 2259
f 2162 2259 2218
f 2218 2259 2315
f 2218 2315 2219
f 2219 2315 2316
f 2219 2316 2222
f 2222 2316 2319
f 2222 2319 2224
f 2224 2319 2321
f 2224 2321 2226
f 2226 2321 2323
f 2226 2323 2227
f 2227 2323 2324
f 2227 2324 2229
f 2229 2324 2326
f 2229 2326 2231
f 2231 2326 2328
f 2231 2328 2233
f 2233 2328 2330
f 2233 2330 2232
f 2232 2330 2329
f 2232 2329 2230
f 2230 2329 2327
f 2230 2327 2228
f 2228 2327 2325
f 2228 2325 2225
f 2225 2325 2322
f 2225 2322 2223
f 2223 2322 2320
f 2223 2320 2221
f 2221 2320 2318
f 2221 2318 2220
f 2220 2318 2317
f 2220 2317 2165
f 2165 2317 2261
f 2165 2261 2166
f 2166 2261 2263
f 2166 2263 2164
f 2164 2263 2262
f 2164 2262 2168
f 2168 2262 2265
f 2168 2265 2167
f 2167 2265 2264
f 2167 2264 2170
f 2170 2264 2267
f 2170 2267 2169
f 2169 2267 2266
f 2169 2266 2172
f 2172 2266 2269
f 2172 2269 2171
f 2171 2269 2268
f 2171 2268 2174
f 2174 2268 2271
f 2174 2271 2173
f 2173 2271 2270
f 2173 2270 2176
f 2176 2270 2273
f 2176 2273 2175
f 2175 2273 2272
f 2175 2272 2178
f 2178 2272 2275
f 2178 2275 2177
f 2177 2275 2274
f 2177 2274 2180
f 2180 2274 2277
f 2180 2277 2179
f 2179 2277 2276
f 2179 2276 2182
f 2182 2276 2279
f 2182 2279 2181
f 2181 2279 2278
f 2181 2278 2184
f 2184 2278 2281
f 2184 2281 2183
f 2183 2281 2280
f 2183 2280 2186
f 2186 2280 2283
f 2186 2283 2185
f 2185 2283 2282
f 2185 2282 2188
f 2188 2282 2285
f 2188 2285 2187
f 2187 2285 2284
f 2187 2284 2190
f 2190 2284 2287
f 2190 2287 2189
f 2189 2287 2286
f 2189 2286 2192
f 2192 2286 2289
f 2192 2289 2191
f 2191 2289 2288
f 2191 2288 2194
f 2194 2288 2291
f 2194 2291 2193
f 2193 2291 2290
f 2193 2290 2196
f 2196 2290 2293
f 2196 2293 2195
f 2195 2293 2292
f 2195 2292 2198
f 2198 2292 2295
f 2198 2295 2197
f 2197 2295 2294
f 2197 2294 2200
f 2200 2294 2297
f 2200 2297 2199
f 2199 2297 2296
f 2199 2296 2202
f 2202 2296 2299
f 2202 2299 2201
f 2201 2299 2298
f 2201 2298 2204
f 2204 2298 2301
f 2204 2301 2203
f 2203 2301 2300
f 2203 2300 2206
f 2206 2300 2303
f 2206 2303 2205
f 2205 2303 2302
f 2205 2302 2208
f 2208 2302 2305
f 2208 2305 2207
f 2207 2305 2304
f 2207 2304 2210
f 2210 2304 2307
f 2210 2307 2209
f 2209 2307 2306
f 2209 2306 2212
f 2212 2306 2309
f 2212 2309 2211
f 2211 2309 2308
f 2211 2308 2214
f 2214 2308 2311
f 2214 2311 2213
f 2213 2311 2310
f 2213 2310 2216
f 2216 2310 2313
f 2216 2313 2215
f 2215 2313 2312
f 2215 2312 2217
f 2217 2312 2314
f 2217 2314 2138
f 2138 2314 2234
f 2138 2234 2139
f 2139 2234 2236
f 2139 2236 2137
f 2137 2236 2235
o 
v 49.39 0 -67.53
v 49.576 0 -67.391
v 49.487 0 -67.457
v 47.759 0 -69.076
v 48.734 0 -68.112
v 45.418 0 -71.551
v 46.606 0 -70.272
v 43.5 0 -73.75
v 44.336 0 -72.76
v 42.864 0 -74.577
v 43.108 0 -74.24
v 42.776 0 -75.023
v 42.757 0 -74.819
v 43.14 0 -75.55
v 42.907 0 -75.248
v 45.058 0 -77.724
v 43.951 0 -76.521
v 47.572 0 -80.246
v 46.314 0 -79.015
v 49.51 0 -81.94
v 48.686 0 -81.269
v 49.821 0 -82.1
v 49.676 0 -82.043
v 50.106 0 -82.067
v 49.96 0 -82.109
v 50.47 0 -81.82
v 50.271 0 -81.971
v 52.79 0 -79.648
v 51.471 0 -80.918
v 55.567 0 -76.832
v 54.222 0 -78.217
v 57.18 0 -75.02
v 56.62 0 -75.697
v 57.277 0 -74.832
v 57.242 0 -74.913
v 57.253 0 -74.684
v 57.281 0 -74.761
v 57.09 0 -74.45
v 57.19 0 -74.586
v 54.884 0 -72.097
v 56.276 0 -73.537
v 51.616 0 -68.87
v 53.226 0 -70.438
v 49.79 0 -67.25
v 50.366 0 -67.704
v 49.717 0 -67.289
v 49.764 0 -67.26
v 49.654 0 -67.334
v 49.576 10 -67.391
v 49.39 10 -67.53
v 49.487 10 -67.457
v 47.759 10 -69.076
v 48.734 10 -68.112
v 45.418 10 -71.551
v 46.606 10 -70.272
v 43.5 10 -73.75
v 44.336 10 -72.76
v 42.864 10 -74.577
v 43.108 10 -74.24
v 42.776 10 -75.023
v 42.757 10 -74.819
v 43.14 10 -75.55
v 42.907 10 -75.248
v 45.058 10 -77.724
v 43.951 10 -76.521
v 47.572 10 -80.246
v 46.314 10 -79.015
v 49.51 10 -81.94
v 48.686 10 -81.269
v 49.821 10 -82.1
v 49.676 10 -82.043
v 50.106 10 -82.067
v 49.96 10 -82.109
v 50.47 10 -81.82
v 50.271 10 -81.971
v 52.79 10 -79.648
v 51.471 10 -80.918
v 55.567 10 -76.832
v 54.222 10 -78.217
v 57.18 10 -75.02
v 56.62 10 -75.697
v 57.277 10 -74.832
v 57.242 10 -74.913
v 57.253 10 -74.684
v 57.281 10 -74.761
v 57.09 10 -74.45
v 57.19 10 -74.586
v 54.884 10 -72.097
v 56.276 10 -73.537
v 51.616 10 -68.87
v 53.226 10 -70.438
v 49.79 10 -67.25
v 50.366 10 -67.704
v 49.717 10 -67.289
v 49.764 10 -67.26
v 49.654 10 -67.334
f 2331 2332 2333
f 2334 2331 2335
f 2336 2334 2337
f 2338 2336 2339
f 2340 2338 2341
f 2342 2340 2343
f 2344 2342 2345
f 2346 2344 2347
f 2348 2346 2349
f 2350 2348 2351
f 2352 2350 2353
f 2354 2352 2355
f 2356 2354 2357
f 2358 2356 2359
f 2360 2358 2361
f 2362 2360 2363
f 2364 2362 2365
f 2366 2364 2367
f 2368 2366 2369
f 2370 2368 2371
f 2372 2370 2373
f 2374 2372 2375
f 2376 2374 2377
f 2332 2376 2378
f 2334 2332 2331
f 2338 2334 2336
f 2342 2338 2340
f 2346 2342 2344
f 2350 2346 2348
f 2354 2350 2352
f 2358 2354 2356
f 2362 2358 2360
f 2366 2362 2364
f 2370 2366 2368
f 2374 2370 2372
f 2332 2374 2376
f 2338 2332 2334
f 2346 2338 2342
f 2354 2346 2350
f 2362 2354 2358
f 2370 2362 2366
f 2332 2370 2374
f 2346 2332 2338
f 2362 2346 2354
f 2332 2362 2370
f 2362 2332 2346
f 2379 2380 2381
f 2380 2382 2383
f 2382 2384 2385
f 2384 2386 2387
f 2386 2388 2389
f 2388 2390 2391
f 2390 2392 2393
f 2392 2394 2395
f 2394 2396 2397
f 2396 2398 2399
f 2398 2400 2401
f 2400 2402 2403
f 2402 2404 2405
f 2404 2406 2407
f 2406 2408 2409
f 2408 2410 2411
f 2410 2412 2413
f 2412 2414 2415
f 2414 2416 2417
f 2416 2418 2419
f 2418 2420 2421
f 2420 2422 2423
f 2422 2424 2425
f 2424 2379 2426
f 2379 2382 2380
f 2382 2386 2384
f 2386 2390 2388
f 2390 2394 2392
f 2394 2398 2396
f 2398 2402 2400
f 2402 2406 2404
f 2406 2410 2408
f 2410 2414 2412
f 2414 2418 2416
f 2418 2422 2420
f 2422 2379 2424
f 2379 2386 2382
f 2386 2394 2390
f 2394 2402 2398
f 2402 2410 2406
f 2410 2418 2414
f 2418 2379 2422
f 2379 2394 2386
f 2394 2410 2402
f 2410 2379 2418
f 2379 2410 2394
f 2331 2380 2335
f 2335 2380 2383
f 2335 2383 2334
f 2334 2383 2382
f 2334 2382 2337
f 2337 2382 2385
f 2337 2385 2336
f 2336 2385 2384
f 2336 2384 2339
f 2339 2384 2387
f 2339 2387 2338
f 2338 2387 2386
f 2338 2386 2341
f 2341 2386 2389
f 2341 2389 2340
f 2340 2389 2388
f 2340 2388 2343
f 2343 2388 2391
f 2343 2391 2342
f 2342 2391 2390
f 2342 2390 2345
f 2345 2390 2393
f 2345 2393 2344
f 2344 2393 2392
f 2344 2392 2347
f 2347 2392 2395
f 2347 2395 2346
f 2346 2395 2394
f 2346 2394 2349
f 2349 2394 2397
f 2349 2397 2348
f 2348 2397 2396
f 2348 2396 2351
f 2351 2396 2399
f 2351 2399 2350
f 2350 2399 2398
f 2350 2398 2353
f 2353 2398 2401
f 2353 2401 2352
f 2352 2401 2400
f 2352 2400 2355
f 2355 2400 2403
f 2355 2403 2354
f 2354 2403 2402
f 2354 2402 2357
f 2357 2402 2405
f 2357 2405 2356
f 2356 2405 2404
f 2356 2404 2359
f 2359 2404 2407
f 2359 2407 2358
f 2358 2407 2406
f 2358 2406 2361
f 2361 2406 2409
f 2361 2409 2360
f 2360 2409 2408
f 2360 2408 2363
f 2363 2408 2411
f 2363 2411 2362
f 2362 2411 2410
f 2362 2410 2365
f 2365 2410 2413
f 2365 2413 2364
f 2364 2413 2412
f 2364 2412 2367
f 2367 2412 2415
f 2367 2415 2366
f 2366 2415 2414
f 2366 2414 2369
f 2369 2414 2417
f 2369 2417 2368
f 2368 2417 2416
f 2368 2416 2371
f 2371 2416 2419
f 2371 2419 2370
f 2370 2419 2418
f 2370 2418 2373
f 2373 2418 2421
f 2373 2421 2372
f 2372 2421 2420
f 2372 2420 2375
f 2375 2420 2423
f 2375 2423 2374
f 2374 2423 2422
f 2374 2422 2377
f 2377 2422 2425
f 2377 2425 2376
f 2376 2425 2424
f 2376 2424 2378
f 2378 2424 2426
f 2378 2426 2332
f 2332 2426 2379
f 2332 2379 2333
f 2333 2379 2381
f 2333 2381 2331
f 2331 2381 2380
o 
v 68.89 0 -74.84
v 69.013 0 -74.766
v 68.951 0 -74.801
v 68.019 0 -75.572
v 68.55 0 -75.098
v 66.005 0 -77.524
v 67.201 0 -76.351
v 62.1 0 -81.41
v 64.336 0 -79.181
v 39.563 0 -82.815
v 42.092 0 -85.31
v 41.54 0 -84.76
v 36.118 0 -79.442
v 37.748 0 -81.034
v 33.505 0 -76.917
v 34.696 0 -78.062
v 32.307 0 -75.785
v 32.57 0 -76.03
v 31.929 0 -75.464
v 32.096 0 -75.598
v 31.707 0 -75.339
v 31.801 0 -75.379
v 31.255 0 -75.517
v 31.64 0 -75.34
v 30.175 0 -76.107
v 30.74 0 -75.787
v 29.202 0 -76.718
v 29.636 0 -76.433
v 28.729 0 -77.188
v 28.95 0 -76.92
v 28.495 0 -77.761
v 28.577 0 -77.47
v 28.541 0 -78.351
v 28.483 0 -78.056
v 28.852 0 -78.925
v 28.67 0 -78.64
v 29.439 0 -79.702
v 29.111 0 -79.284
v 30.262 0 -80.673
v 29.826 0 -80.17
v 32.585 0 -83.11
v 30.74 0 -81.2
v 39.607 0 -90.134
v 35.76 0 -86.305
v 46.69 0 -97.088
v 43.47 0 -93.945
v 48.939 0 -99.186
v 48.61 0 -98.91
v 49.597 0 -99.654
v 49.274 0 -99.438
v 50.143 0 -99.931
v 49.893 0 -99.822
v 50.545 0 -99.951
v 50.33 0 -99.97
v 51.018 0 -99.824
v 50.783 0 -99.899
v 51.377 0 -99.64
v 51.224 0 -99.734
v 51.535 0 -99.405
v 51.45 0 -99.55
v 53.366 0 -97.361
v 53.01 0 -97.73
v 53.19 0 -97.544
v 53.668 0 -97.042
v 53.528 0 -97.191
v 53.85 0 -96.84
v 53.778 0 -96.922
v 61.14 0 -89.48
v 57.534 0 -93.113
v 59.249 0 -91.385
v 66.435 0 -84.16
v 64.201 0 -86.408
v 69.195 0 -81.35
v 68.035 0 -82.54
v 70.97 0 -79.47
v 70.109 0 -80.392
v 72.039 0 -78.3
v 71.573 0 -78.817
v 72.611 0 -77.607
v 72.381 0 -77.901
v 72.78 0 -77.27
v 72.74 0 -77.402
v 72.524 0 -76.884
v 72.711 0 -77.118
v 71.922 0 -76.292
v 72.251 0 -76.599
v 71.22 0 -75.74
v 71.568 0 -75.996
v 70.492 0 -75.308
v 70.894 0 -75.537
v 69.675 0 -74.882
v 70.067 0 -75.08
v 69.2 0 -74.69
v 69.368 0 -74.743
v 69.124 0 -74.711
v 69.168 0 -74.696
v 69.071 0 -74.735
v 42.646 0 -85.858
v 51.71 0 -99.174
v 58.907 0 -84.595
v 43.202 0 -86.404
v 52.625 0 -98.133
v 56.066 0 -94.592
v 56.274 0 -87.212
v 43.76 0 -86.948
v 51.96 0 -98.872
v 54.916 0 -95.754
v 54.199 0 -89.265
v 44.32 0 -87.49
v 52.27 0 -98.52
v 54.153 0 -96.527
v 52.676 0 -90.758
v 44.882 0 -88.029
v 51.701 0 -91.695
v 45.447 0 -88.567
v 46.013 0 -89.102
v 51.27 0 -92.08
v 46.582 0 -89.635
v 51.044 0 -92.23
v 47.153 0 -90.165
v 50.828 0 -92.36
v 47.725 0 -90.694
v 50.63 0 -92.465
v 48.3 0 -91.22
v 50.455 0 -92.544
v 48.775 0 -91.639
v 50.31 0 -92.593
v 49.188 0 -91.985
v 50.2 0 -92.61
v 49.539 0 -92.256
v 50.046 0 -92.57
v 49.825 0 -92.452
v 69.013 10 -74.766
v 68.89 10 -74.84
v 68.951 10 -74.801
v 68.019 10 -75.572
v 68.55 10 -75.098
v 66.005 10 -77.524
v 67.201 10 -76.351
v 62.1 10 -81.41
v 64.336 10 -79.181
v 42.092 10 -85.31
v 39.563 10 -82.815
v 41.54 10 -84.76
v 36.118 10 -79.442
v 37.748 10 -81.034
v 33.505 10 -76.917
v 34.696 10 -78.062
v 32.307 10 -75.785
v 32.57 10 -76.03
v 31.929 10 -75.464
v 32.096 10 -75.598
v 31.707 10 -75.339
v 31.801 10 -75.379
v 31.255 10 -75.517
v 31.64 10 -75.34
v 30.175 10 -76.107
v 30.74 10 -75.787
v 29.202 10 -76.718
v 29.636 10 -76.433
v 28.729 10 -77.188
v 28.95 10 -76.92
v 28.495 10 -77.761
v 28.577 10 -77.47
v 28.541 10 -78.351
v 28.483 10 -78.056
v 28.852 10 -78.925
v 28.67 10 -78.64
v 29.439 10 -79.702
v 29.111 10 -79.284
v 30.262 10 -80.673
v 29.826 10 -80.17
v 32.585 10 -83.11
v 30.74 10 -81.2
v 39.607 10 -90.134
v 35.76 10 -86.305
v 46.69 10 -97.088
v 43.47 10 -93.945
v 48.939 10 -99.186
v 48.61 10 -98.91
v 49.597 10 -99.654
v 49.274 10 -99.438
v 50.143 10 -99.931
v 49.893 10 -99.822
v 50.545 10 -99.951
v 50.33 10 -99.97
v 51.018 10 -99.824
v 50.783 10 -99.899
v 51.377 10 -99.64
v 51.224 10 -99.734
v 51.535 10 -99.405
v 51.45 10 -99.55
v 53.01 10 -97.73
v 53.366 10 -97.361
v 53.19 10 -97.544
v 53.668 10 -97.042
v 53.528 10 -97.191
v 53.85 10 -96.84
v 53.778 10 -96.922
v 57.534 10 -93.113
v 61.14 10 -89.48
v 59.249 10 -91.385
v 66.435 10 -84.16
v 64.201 10 -86.408
v 69.195 10 -81.35
v 68.035 10 -82.54
v 70.97 10 -79.47
v 70.109 10 -80.392
v 72.039 10 -78.3
v 71.573 10 -78.817
v 72.611 10 -77.607
v 72.381 10 -77.901
v 72.78 10 -77.27
v 72.74 10 -77.402
v 72.524 10 -76.884
v 72.711 10 -77.118
v 71.922 10 -76.292
v 72.251 10 -76.599
v 71.22 10 -75.74
v 71.568 10 -75.996
v 70.492 10 -75.308
v 70.894 10 -75.537
v 69.675 10 -74.882
v 70.067 10 -75.08
v 69.2 10 -74.69
v 69.368 10 -74.743
v 69.124 10 -74.711
v 69.168 10 -74.696
v 69.071 10 -74.735
v 42.646 10 -85.858
v 51.71 10 -99.174
v 58.907 10 -84.595
v 43.202 10 -86.404
v 52.625 10 -98.133
v 56.066 10 -94.592
v 56.274 10 -87.212
v 43.76 10 -86.948
v 51.96 10 -98.872
v 54.916 10 -95.754
v 54.199 10 -89.265
v 44.32 10 -87.49
v 52.27 10 -98.52
v 54.153 10 -96.527
v 52.676 10 -90.758
v 44.882 10 -88.029
v 51.701 10 -91.695
v 45.447 10 -88.567
v 46.013 10 -89.102
v 51.27 10 -92.08
v 46.582 10 -89.635
v 51.044 10 -92.23
v 47.153 10 -90.165
v 50.828 10 -92.36
v 47.725 10 -90.694
v 50.63 10 -92.465
v 48.3 10 -91.22
v 50.455 10 -92.544
v 48.775 10 -91.639
v 50.31 10 -92.593
v 49.188 10 -91.985
v 50.2 10 -92.61
v 49.539 10 -92.256
v 50.046 10 -92.57
v 49.825 10 -92.452
f 2427 2428 2429
f 2430 2427 2431
f 2432 2430 2433
f 2434 2432 2435
f 2436 2437 2438
f 2439 2436 2440
f 2441 2439 2442
f 2443 2441 2444
f 2445 2443 2446
f 2447 2445 2448
f 2449 2447 2450
f 2451 2449 2452
f 2453 2451 2454
f 2455 2453 2456
f 2457 2455 2458
f 2459 2457 2460
f 2461 2459 2462
f 2463 2461 2464
f 2465 2463 2466
f 2467 2465 2468
f 2469 2467 2470
f 2471 2469 2472
f 2473 2471 2474
f 2475 2473 2476
f 2477 2475 2478
f 2479 2477 2480
f 2481 2479 2482
f 2483 2481 2484
f 2485 2483 2486
f 2487 2488 2489
f 2490 2487 2491
f 2492 2490 2493
f 2494 2495 2496
f 2497 2494 2498
f 2499 2497 2500
f 2501 2499 2502
f 2503 2501 2504
f 2505 2503 2506
f 2507 2505 2508
f 2509 2507 2510
f 2511 2509 2512
f 2513 2511 2514
f 2515 2513 2516
f 2517 2515 2518
f 2519 2517 2520
f 2521 2519 2522
f 2428 2521 2523
f 2430 2428 2427
f 2434 2430 2432
f 2436 2524 2437
f 2441 2436 2439
f 2445 2441 2443
f 2449 2445 2447
f 2453 2449 2451
f 2457 2453 2455
f 2461 2457 2459
f 2465 2461 2463
f 2469 2465 2467
f 2473 2469 2471
f 2477 2473 2475
f 2481 2477 2479
f 2485 2481 2483
f 2490 2488 2487
f 2499 2494 2497
f 2503 2499 2501
f 2507 2503 2505
f 2511 2507 2509
f 2515 2511 2513
f 2519 2515 2517
f 2428 2519 2521
f 2434 2428 2430
f 2441 2524 2436
f 2449 2441 2445
f 2457 2449 2453
f 2465 2457 2461
f 2473 2465 2469
f 2481 2473 2477
f 2525 2481 2485
f 2492 2488 2490
f 2499 2495 2494
f 2507 2499 2503
f 2515 2507 2511
f 2428 2515 2519
f 2526 2428 2434
f 2441 2527 2524
f 2457 2441 2449
f 2473 2457 2465
f 2525 2473 2481
f 2492 2528 2488
f 2499 2529 2495
f 2515 2499 2507
f 2526 2515 2428
f 2457 2527 2441
f 2525 2457 2473
f 2515 2529 2499
f 2530 2515 2526
f 2457 2531 2527
f 2532 2457 2525
f 2515 2533 2529
f 2534 2515 2530
f 2457 2535 2531
f 2536 2457 2532
f 2515 2537 2533
f 2538 2515 2534
f 2457 2539 2535
f 2528 2457 2536
f 2515 2492 2537
f 2540 2515 2538
f 2457 2541 2539
f 2492 2457 2528
f 2540 2492 2515
f 2457 2542 2541
f 2543 2492 2540
f 2457 2544 2542
f 2545 2492 2543
f 2457 2546 2544
f 2547 2492 2545
f 2457 2548 2546
f 2549 2492 2547
f 2457 2550 2548
f 2551 2492 2549
f 2457 2552 2550
f 2553 2492 2551
f 2457 2554 2552
f 2555 2492 2553
f 2457 2556 2554
f 2557 2492 2555
f 2492 2556 2457
f 2558 2492 2557
f 2492 2558 2556
f 2559 2560 2561
f 2560 2562 2563
f 2562 2564 2565
f 2564 2566 2567
f 2568 2569 2570
f 2569 2571 2572
f 2571 2573 2574
f 2573 2575 2576
f 2575 2577 2578
f 2577 2579 2580
f 2579 2581 2582
f 2581 2583 2584
f 2583 2585 2586
f 2585 2587 2588
f 2587 2589 2590
f 2589 2591 2592
f 2591 2593 2594
f 2593 2595 2596
f 2595 2597 2598
f 2597 2599 2600
f 2599 2601 2602
f 2601 2603 2604
f 2603 2605 2606
f 2605 2607 2608
f 2607 2609 2610
f 2609 2611 2612
f 2611 2613 2614
f 2613 2615 2616
f 2615 2617 2618
f 2619 2620 2621
f 2620 2622 2623
f 2622 2624 2625
f 2626 2627 2628
f 2627 2629 2630
f 2629 2631 2632
f 2631 2633 2634
f 2633 2635 2636
f 2635 2637 2638
f 2637 2639 2640
f 2639 2641 2642
f 2641 2643 2644
f 2643 2645 2646
f 2645 2647 2648
f 2647 2649 2650
f 2649 2651 2652
f 2651 2653 2654
f 2653 2559 2655
f 2559 2562 2560
f 2562 2566 2564
f 2656 2569 2568
f 2569 2573 2571
f 2573 2577 2575
f 2577 2581 2579
f 2581 2585 2583
f 2585 2589 2587
f 2589 2593 2591
f 2593 2597 2595
f 2597 2601 2599
f 2601 2605 2603
f 2605 2609 2607
f 2609 2613 2611
f 2613 2617 2615
f 2619 2622 2620
f 2627 2631 2629
f 2631 2635 2633
f 2635 2639 2637
f 2639 2643 2641
f 2643 2647 2645
f 2647 2651 2649
f 2651 2559 2653
f 2559 2566 2562
f 2656 2573 2569
f 2573 2581 2577
f 2581 2589 2585
f 2589 2597 2593
f 2597 2605 2601
f 2605 2613 2609
f 2613 2657 2617
f 2619 2624 2622
f 2626 2631 2627
f 2631 2639 2635
f 2639 2647 2643
f 2647 2559 2651
f 2559 2658 2566
f 2659 2573 2656
f 2573 2589 2581
f 2589 2605 2597
f 2605 2657 2613
f 2660 2624 2619
f 2661 2631 2626
f 2631 2647 2639
f 2647 2658 2559
f 2659 2589 2573
f 2589 2657 2605
f 2661 2647 2631
f 2647 2662 2658
f 2663 2589 2659
f 2589 2664 2657
f 2665 2647 2661
f 2647 2666 2662
f 2667 2589 2663
f 2589 2668 2664
f 2669 2647 2665
f 2647 2670 2666
f 2671 2589 2667
f 2589 2660 2668
f 2624 2647 2669
f 2647 2672 2670
f 2673 2589 2671
f 2589 2624 2660
f 2624 2672 2647
f 2674 2589 2673
f 2624 2675 2672
f 2676 2589 2674
f 2624 2677 2675
f 2678 2589 2676
f 2624 2679 2677
f 2680 2589 2678
f 2624 2681 2679
f 2682 2589 2680
f 2624 2683 2681
f 2684 2589 2682
f 2624 2685 2683
f 2686 2589 2684
f 2624 2687 2685
f 2688 2589 2686
f 2624 2689 2687
f 2688 2624 2589
f 2624 2690 2689
f 2690 2624 2688
f 2427 2560 2431
f 2431 2560 2563
f 2431 2563 2430
f 2430 2563 2562
f 2430 2562 2433
f 2433 2562 2565
f 2433 2565 2432
f 2432 2565 2564
f 2432 2564 2435
f 2435 2564 2567
f 2435 2567 2434
f 2434 2567 2566
f 2434 2566 2526
f 2526 2566 2658
f 2526 2658 2530
f 2530 2658 2662
f 2530 2662 2534
f 2534 2662 2666
f 2534 2666 2538
f 2538 2666 2670
f 2538 2670 2540
f 2540 2670 2672
f 2540 2672 2543
f 2543 2672 2675
f 2543 2675 2545
f 2545 2675 2677
f 2545 2677 2547
f 2547 2677 2679
f 2547 2679 2549
f 2549 2679 2681
f 2549 2681 2551
f 2551 2681 2683
f 2551 2683 2553
f 2553 2683 2685
f 2553 2685 2555
f 2555 2685 2687
f 2555 2687 2557
f 2557 2687 2689
f 2557 2689 2558
f 2558 2689 2690
f 2558 2690 2556
f 2556 2690 2688
f 2556 2688 2554
f 2554 2688 2686
f 2554 2686 2552
f 2552 2686 2684
f 2552 2684 2550
f 2550 2684 2682
f 2550 2682 2548
f 2548 2682 2680
f 2548 2680 2546
f 2546 2680 2678
f 2546 2678 2544
f 2544 2678 2676
f 2544 2676 2542
f 2542 2676 2674
f 2542 2674 2541
f 2541 2674 2673
f 2541 2673 2539
f 2539 2673 2671
f 2539 2671 2535
f 2535 2671 2667
f 2535 2667 2531
f 2531 2667 2663
f 2531 2663 2527
f 2527 2663 2659
f 2527 2659 2524
f 2524 2659 2656
f 2524 2656 2437
f 2437 2656 2568
f 2437 2568 2438
f 2438 2568 2570
f 2438 2570 2436
f 2436 2570 2569
f 2436 2569 2440
f 2440 2569 2572
f 2440 2572 2439
f 2439 2572 2571
f 2439 2571 2442
f 2442 2571 2574
f 2442 2574 2441
f 2441 2574 2573
f 2441 2573 2444
f 2444 2573 2576
f 2444 2576 2443
f 2443 2576 2575
f 2443 2575 2446
f 2446 2575 2578
f 2446 2578 2445
f 2445 2578 2577
f 2445 2577 2448
f 2448 2577 2580
f 2448 2580 2447
f 2447 2580 2579
f 2447 2579 2450
f 2450 2579 2582
f 2450 2582 2449
f 2449 2582 2581
f 2449 2581 2452
f 2452 2581 2584
f 2452 2584 2451
f 2451 2584 2583
f 2451 2583 2454
f 2454 2583 2586
f 2454 2586 2453
f 2453 2586 2585
f 2453 2585 2456
f 2456 2585 2588
f 2456 2588 2455
f 2455 2588 2587
f 2455 2587 2458
f 2458 2587 2590
f 2458 2590 2457
f 2457 2590 2589
f 2457 2589 2460
f 2460 2589 2592
f 2460 2592 2459
f 2459 2592 2591
f 2459 2591 2462
f 2462 2591 2594
f 2462 2594 2461
f 2461 2594 2593
f 2461 2593 2464
f 2464 2593 2596
f 2464 2596 2463
f 2463 2596 2595
f 2463 2595 2466
f 2466 2595 2598
f 2466 2598 2465
f 2465 2598 2597
f 2465 2597 2468
f 2468 2597 2600
f 2468 2600 2467
f 2467 2600 2599
f 2467 2599 2470
f 2470 2599 2602
f 2470 2602 2469
f 2469 2602 2601
f 2469 2601 2472
f 2472 2601 2604
f 2472 2604 2471
f 2471 2604 2603
f 2471 2603 2474
f 2474 2603 2606
f 2474 2606 2473
f 2473 2606 2605
f 2473 2605 2476
f 2476 2605 2608
f 2476 2608 2475
f 2475 2608 2607
f 2475 2607 2478
f 2478 2607 2610
f 2478 2610 2477
f 2477 2610 2609
f 2477 2609 2480
f 2480 2609 2612
f 2480 2612 2479
f 2479 2612 2611
f 2479 2611 2482
f 2482 2611 2614
f 2482 2614 2481
f 2481 2614 2613
f 2481 2613 2484
f 2484 2613 2616
f 2484 2616 2483
f 2483 2616 2615
f 2483 2615 2486
f 2486 2615 2618
f 2486 2618 2485
f 2485 2618 2617
f 2485 2617 2525
f 2525 2617 2657
f 2525 2657 2532
f 2532 2657 2664
f 2532 2664 2536
f 2536 2664 2668
f 2536 2668 2528
f 2528 2668 2660
f 2528 2660 2488
f 2488 2660 2619
f 2488 2619 2489
f 2489 2619 2621
f 2489 2621 2487
f 2487 2621 2620
f 2487 2620 2491
f 2491 2620 2623
f 2491 2623 2490
f 2490 2623 2622
f 2490 2622 2493
f 2493 2622 2625
f 2493 2625 2492
f 2492 2625 2624
f 2492 2624 2537
f 2537 2624 2669
f 2537 2669 2533
f 2533 2669 2665
f 2533 2665 2529
f 2529 2665 2661
f 2529 2661 2495
f 2495 2661 2626
f 2495 2626 2496
f 2496 2626 2628
f 2496 2628 2494
f 2494 2628 2627
f 2494 2627 2498
f 2498 2627 2630
f 2498 2630 2497
f 2497 2630 2629
f 2497 2629 2500
f 2500 2629 2632
f 2500 2632 2499
f 2499 2632 2631
f 2499 2631 2502
f 2502 2631 2634
f 2502 2634 2501
f 2501 2634 2633
f 2501 2633 2504
f 2504 2633 2636
f 2504 2636 2503
f 2503 2636 2635
f 2503 2635 2506
f 2506 2635 2638
f 2506 2638 2505
f 2505 2638 2637
f 2505 2637 2508
f 2508 2637 2640
f 2508 2640 2507
f 2507 2640 2639
f 2507 2639 2510
f 2510 2639 2642
f 2510 2642 2509
f 2509 2642 2641
f 2509 2641 2512
f 2512 2641 2644
f 2512 2644 2511
f 2511 2644 2643
f 2511 2643 2514
f 2514 2643 2646
f 2514 2646 2513
f 2513 2646 2645
f 2513 2645 2516
f 2516 2645 2648
f 2516 2648 2515
f 2515 2648 2647
f 2515 2647 2518
f 2518 2647 2650
f 2518 2650 2517
f 2517 2650 2649
f 2517 2649 2520
f 2520 2649 2652
f 2520 2652 2519
f 2519 2652 2651
f 2519 2651 2522
f 2522 2651 2654
f 2522 2654 2521
f 2521 2654 2653
f 2521 2653 2523
f 2523 2653 2655
f 2523 2655 2428
f 2428 2655 2559
f 2428 2559 2429
f 2429 2559 2561
f 2429 2561 2427
f 2427 2561 2560
