o 
v 26.17 0 -6.69
v 26.523 0 -6.673
v 26.283 0 -6.671
v 24.7 0 -7.07
v 25.452 0 -6.881
v 25.12 0 -6.95
v 23.065 0 -7.627
v 23.918 0 -7.336
v 23.69 0 -7.41
v 22.048 0 -8.075
v 22.518 0 -7.848
v 21.33 0 -8.55
v 21.652 0 -8.309
v 20.526 0 -9.513
v 21.08 0 -8.8
v 19.764 0 -10.921
v 20.093 0 -10.204
v 19.345 0 -12.626
v 19.52 0 -11.713
v 19.18 0 -14.387
v 19.22 0 -13.71
v 19.208 0 -15.732
v 19.176 0 -15.07
v 19.362 0 -16.885
v 19.27 0 -16.346
v 19.768 0 -17.924
v 19.48 0 -17.32
v 21.191 0 -19.735
v 20.296 0 -18.682
v 24.591 0 -23.292
v 22.581 0 -21.224
v 30.686 0 -29.441
v 27.35 0 -26.08
v 29.801 0 -29.715
v 31.33 0 -31.2
v 30.566 0 -30.457
v 28.268 0 -28.235
v 29.035 0 -28.974
v 26.729 0 -26.76
v 27.499 0 -27.497
v 25.184 0 -25.291
v 25.957 0 -26.025
v 23.635 0 -23.828
v 24.41 0 -24.559
v 22.08 0 -22.37
v 22.858 0 -23.098
v 20.01 0 -20.43
v 20.81 0 -21.17
v 19.153 0 -19.633
v 19.37 0 -19.83
v 18.737 0 -19.319
v 18.943 0 -19.463
v 18.342 0 -19.108
v 18.537 0 -19.2
v 16.762 0 -18.691
v 18.15 0 -19.04
v 14.43 0 -18.42
v 15.534 0 -18.484
v 12.444 0 -18.722
v 13.412 0 -18.499
v 11.359 0 -19.157
v 11.49 0 -19.09
v 10.981 0 -19.374
v 11.186 0 -19.254
v 10.526 0 -19.654
v 10.757 0 -19.509
v 9.534 0 -20.347
v 10.3 0 -19.8
v 8.435 0 -21.514
v 8.923 0 -20.902
v 7.696 0 -23.103
v 8.037 0 -22.231
v 7.207 0 -25.033
v 7.38 0 -24.18
v 7.21 0 -26.717
v 7.15 0 -25.874
v 7.693 0 -28.475
v 7.39 0 -27.579
v 8.629 0 -30.308
v 8.12 0 -29.42
v 9.904 0 -31.86
v 9.231 0 -31.129
v 11.375 0 -32.972
v 10.626 0 -32.481
v 13.42 0 -33.78
v 12.13 0 -33.31
v 16.21 0 -34.91
v 14.733 0 -34.3
v 14.94 0 -34.39
v 18.138 0 -35.726
v 17.953 0 -35.65
v 18.11 0 -35.72
v 19.17 0 -36.163
v 18.56 0 -35.89
v 18.906 0 -36.047
v 19.537 0 -36.317
v 19.372 0 -36.25
v 19.84 0 -36.43
v 19.685 0 -36.373
v 21.238 0 -37.015
v 20.78 0 -36.813
v 21.13 0 -36.97
v 21.496 0 -37.123
v 21.337 0 -37.057
v 21.425 0 -37.094
v 21.57 0 -37.15
v 21.546 0 -37.143
v 21.878 0 -37.27
v 21.704 0 -37.2
v 21.785 0 -37.233
v 22.307 0 -37.452
v 21.98 0 -37.31
v 22.112 0 -37.369
v 22.83 0 -37.668
v 22.551 0 -37.554
v 23.43 0 -37.91
v 23.127 0 -37.788
v 27.95 0 -39.74
v 24.83 0 -38.48
v 25.29 0 -38.67
v 28.88 0 -40.13
v 28.42 0 -39.94
v 31.71 0 -41.37
v 29.68 0 -40.47
v 30.87 0 -41
v 32.417 0 -41.678
v 32.19 0 -41.58
v 33.046 0 -41.926
v 32.711 0 -41.797
v 33.732 0 -42.177
v 33.395 0 -42.056
v 36.322 0 -43.285
v 35.413 0 -42.864
v 35.87 0 -43.08
v 36.985 0 -43.542
v 36.685 0 -43.437
v 37.501 0 -43.646
v 37.249 0 -43.61
v 38.137 0 -43.629
v 37.77 0 -43.66
v 38.822 0 -43.355
v 38.484 0 -43.53
v 39.515 0 -42.748
v 39.163 0 -43.097
v 40.155 0 -41.959
v 39.89 0 -42.3
v 40.549 0 -41.399
v 40.373 0 -41.661
v 40.793 0 -40.955
v 40.687 0 -41.166
v 43.488 0 -38.415
v 43.12 0 -38.67
v 43.306 0 -38.543
v 43.805 0 -38.182
v 43.658 0 -38.292
v 44 0 -38.02
v 43.922 0 -38.089
v 44.296 0 -37.816
v 44.247 0 -37.836
v 44.27 0 -37.83
v 44.403 0 -37.714
v 44.341 0 -37.776
v 44.556 0 -37.542
v 44.475 0 -37.634
v 44.782 0 -37.261
v 44.64 0 -37.44
v 44.9 0 -36.97
v 44.868 0 -37.114
v 44.805 0 -36.572
v 44.879 0 -36.799
v 44.26 0 -35.21
v 44.68 0 -36.26
v 44.093 0 -34.793
v 44.177 0 -35.001
v 43.924 0 -34.378
v 44.009 0 -34.585
v 43.75 0 -33.964
v 43.837 0 -34.17
v 43.573 0 -33.551
v 43.662 0 -33.757
v 43.393 0 -33.14
v 43.484 0 -33.345
v 43.21 0 -32.73
v 43.302 0 -32.935
v 42.969 0 -32.154
v 42.998 0 -32.237
v 42.99 0 -32.21
v 42.801 0 -31.766
v 42.906 0 -32.005
v 42.463 0 -31.022
v 42.654 0 -31.438
v 41.997 0 -30.018
v 42.23 0 -30.52
v 41.443 0 -28.746
v 41.47 0 -28.83
v 41.463 0 -28.801
v 41.371 0 -28.574
v 41.411 0 -28.669
v 41.27 0 -28.35
v 41.323 0 -28.467
v 40.213 0 -25.831
v 40.427 0 -26.374
v 40.32 0 -26.1
v 40.005 0 -25.311
v 40.107 0 -25.564
v 39.837 0 -24.901
v 39.913 0 -25.086
v 39.44 0 -24.02
v 39.78 0 -24.77
v 38.49 0 -21.832
v 38.65 0 -22.207
v 38.572 0 -22.024
v 38.33 0 -21.465
v 38.408 0 -21.643
v 38.085 0 -20.933
v 38.26 0 -21.31
v 37.19 0 -18.94
v 37.605 0 -19.869
v 37.58 0 -19.8
v 35.68 0 -15.65
v 36.7 0 -17.85
v 34.113 0 -12.298
v 34.48 0 -13.08
v 33.419 0 -10.878
v 33.754 0 -11.554
v 32.881 0 -9.85
v 33.122 0 -10.299
v 32.568 0 -9.391
v 32.71 0 -9.56
v 32.266 0 -9.069
v 32.42 0 -9.228
v 31.944 0 -8.768
v 32.107 0 -8.916
v 31.601 0 -8.489
v 31.775 0 -8.626
v 31.241 0 -8.235
v 31.423 0 -8.359
v 30.864 0 -8.005
v 31.054 0 -8.117
v 30.011 0 -7.546
v 30.67 0 -7.9
v 30.342 0 -7.717
v 29.429 0 -7.274
v 29.7 0 -7.395
v 29.09 0 -7.16
v 29.218 0 -7.193
v 28.908 0 -7.069
v 28.945 0 -7.109
v 28.93 0 -7.09
v 28.806 0 -7.026
v 28.866 0 -7.048
v 28.654 0 -6.987
v 28.734 0 -7.006
v 28.469 0 -6.953
v 28.57 0 -6.97
v 27.542 0 -6.774
v 27.952 0 -6.856
v 27.83 0 -6.83
v 26.843 0 -6.692
v 27.197 0 -6.727
v 25.712 0 -6.825
v 24.136 0 -7.264
v 14.55 0 -34.223
v 17.795 0 -35.581
v 19.995 0 -36.487
v 35.04 0 -42.69
v 44.056 0 -37.968
v 40.88 0 -27.49
v 37.676 0 -20.034
v 26.13 0 -6.713
v 25.907 0 -6.779
v 24.334 0 -7.199
v 13.827 0 -33.936
v 16.369 0 -34.975
v 17.637 0 -35.512
v 20.513 0 -36.697
v 21.593 0 -37.156
v 21.639 0 -37.174
v 40.87 0 -40.76
v 42.489 0 -39.108
v 44.211 0 -37.855
v 43.02 0 -32.294
v 41.491 0 -28.89
v 38.72 0 -22.37
v 28.967 0 -7.126
v 28.349 0 -6.931
v 28.084 0 -6.882
v 26.044 0 -6.742
v 24.626 0 -7.099
v 24.5 0 -7.143
v 33.144 0 -31.924
v 33.027 0 -32.832
v 17.479 0 -35.444
v 20.143 0 -36.543
v 34.732 0 -42.553
v 44.165 0 -37.884
v 43.152 0 -32.599
v 40.536 0 -26.647
v 37.785 0 -20.277
v 29.059 0 -7.158
v 28.219 0 -6.908
v 34.859 0 -33.67
v 17.321 0 -35.376
v 20.309 0 -36.61
v 34.03 0 -42.28
v 34.474 0 -42.443
v 41.001 0 -40.489
v 44.112 0 -37.922
v 43.1 0 -32.48
v 43.055 0 -32.376
v 41.554 0 -29.039
v 40.641 0 -26.908
v 39.11 0 -23.27
v 37.924 0 -20.583
v 28.995 0 -7.14
v 34.389 0 -34.129
v 14.13 0 -34.054
v 18.191 0 -35.744
v 40.737 0 -27.143
v 29.026 0 -7.151
v 35.966 0 -34.816
v 35.438 0 -35.109
v 14.36 0 -34.145
v 17.163 0 -35.308
v 34.245 0 -42.355
v 40.818 0 -27.341
v 36.602 0 -35.499
v 36.191 0 -35.787
v 17.004 0 -35.241
v 41.966 0 -39.505
v 41.806 0 -29.604
v 36.668 0 -36.182
v 18.264 0 -35.771
v 41.224 0 -40.191
v 41.545 0 -39.865
v 41.659 0 -29.277
v 36.9 0 -35.86
v 16.846 0 -35.174
v 36.978 0 -35.987
v 36.89 0 -36.31
v 18.352 0 -35.806
v 18.452 0 -35.846
v 37.024 0 -36.097
v 16.528 0 -35.041
v 16.687 0 -35.107
v 37.037 0 -36.186
v 37.019 0 -36.253
v 36.97 0 -36.295
v 26.523 10 -6.673
v 26.17 10 -6.69
v 26.283 10 -6.671
v 25.452 10 -6.881
v 24.7 10 -7.07
v 25.12 10 -6.95
v 23.918 10 -7.336
v 23.065 10 -7.627
v 23.69 10 -7.41
v 22.048 10 -8.075
v 22.518 10 -7.848
v 21.33 10 -8.55
v 21.652 10 -8.309
v 20.526 10 -9.513
v 21.08 10 -8.8
v 19.764 10 -10.921
v 20.093 10 -10.204
v 19.345 10 -12.626
v 19.52 10 -11.713
v 19.18 10 -14.387
v 19.22 10 -13.71
v 19.208 10 -15.732
v 19.176 10 -15.07
v 19.362 10 -16.885
v 19.27 10 -16.346
v 19.768 10 -17.924
v 19.48 10 -17.32
v 21.191 10 -19.735
v 20.296 10 -18.682
v 24.591 10 -23.292
v 22.581 10 -21.224
v 30.686 10 -29.441
v 27.35 10 -26.08
v 31.33 10 -31.2
v 29.801 10 -29.715
v 30.566 10 -30.457
v 28.268 10 -28.235
v 29.035 10 -28.974
v 26.729 10 -26.76
v 27.499 10 -27.497
v 25.184 10 -25.291
v 25.957 10 -26.025
v 23.635 10 -23.828
v 24.41 10 -24.559
v 22.08 10 -22.37
v 22.858 10 -23.098
v 20.01 10 -20.43
v 20.81 10 -21.17
v 19.153 10 -19.633
v 19.37 10 -19.83
v 18.737 10 -19.319
v 18.943 10 -19.463
v 18.342 10 -19.108
v 18.537 10 -19.2
v 16.762 10 -18.691
v 18.15 10 -19.04
v 14.43 10 -18.42
v 15.534 10 -18.484
v 12.444 10 -18.722
v 13.412 10 -18.499
v 11.359 10 -19.157
v 11.49 10 -19.09
v 10.981 10 -19.374
v 11.186 10 -19.254
v 10.526 10 -19.654
v 10.757 10 -19.509
v 9.534 10 -20.347
v 10.3 10 -19.8
v 8.435 10 -21.514
v 8.923 10 -20.902
v 7.696 10 -23.103
v 8.037 10 -22.231
v 7.207 10 -25.033
v 7.38 10 -24.18
v 7.21 10 -26.717
v 7.15 10 -25.874
v 7.693 10 -28.475
v 7.39 10 -27.579
v 8.629 10 -30.308
v 8.12 10 -29.42
v 9.904 10 -31.86
v 9.231 10 -31.129
v 11.375 10 -32.972
v 10.626 10 -32.481
v 13.42 10 -33.78
v 12.13 10 -33.31
v 14.733 10 -34.3
v 16.21 10 -34.91
v 14.94 10 -34.39
v 17.953 10 -35.65
v 18.138 10 -35.726
v 18.11 10 -35.72
v 18.56 10 -35.89
v 19.17 10 -36.163
v 18.906 10 -36.047
v 19.537 10 -36.317
v 19.372 10 -36.25
v 19.84 10 -36.43
v 19.685 10 -36.373
v 20.78 10 -36.813
v 21.238 10 -37.015
v 21.13 10 -36.97
v 21.337 10 -37.057
v 21.496 10 -37.123
v 21.425 10 -37.094
v 21.57 10 -37.15
v 21.546 10 -37.143
v 21.704 10 -37.2
v 21.878 10 -37.27
v 21.785 10 -37.233
v 21.98 10 -37.31
v 22.307 10 -37.452
v 22.112 10 -37.369
v 22.83 10 -37.668
v 22.551 10 -37.554
v 23.43 10 -37.91
v 23.127 10 -37.788
v 24.83 10 -38.48
v 27.95 10 -39.74
v 25.29 10 -38.67
v 28.88 10 -40.13
v 28.42 10 -39.94
v 29.68 10 -40.47
v 31.71 10 -41.37
v 30.87 10 -41
v 32.417 10 -41.678
v 32.19 10 -41.58
v 33.046 10 -41.926
v 32.711 10 -41.797
v 33.732 10 -42.177
v 33.395 10 -42.056
v 35.413 10 -42.864
v 36.322 10 -43.285
v 35.87 10 -43.08
v 36.985 10 -43.542
v 36.685 10 -43.437
v 37.501 10 -43.646
v 37.249 10 -43.61
v 38.137 10 -43.629
v 37.77 10 -43.66
v 38.822 10 -43.355
v 38.484 10 -43.53
v 39.515 10 -42.748
v 39.163 10 -43.097
v 40.155 10 -41.959
v 39.89 10 -42.3
v 40.549 10 -41.399
v 40.373 10 -41.661
v 40.793 10 -40.955
v 40.687 10 -41.166
v 43.12 10 -38.67
v 43.488 10 -38.415
v 43.306 10 -38.543
v 43.805 10 -38.182
v 43.658 10 -38.292
v 44 10 -38.02
v 43.922 10 -38.089
v 44.247 10 -37.836
v 44.296 10 -37.816
v 44.27 10 -37.83
v 44.403 10 -37.714
v 44.341 10 -37.776
v 44.556 10 -37.542
v 44.475 10 -37.634
v 44.782 10 -37.261
v 44.64 10 -37.44
v 44.9 10 -36.97
v 44.868 10 -37.114
v 44.805 10 -36.572
v 44.879 10 -36.799
v 44.26 10 -35.21
v 44.68 10 -36.26
v 44.093 10 -34.793
v 44.177 10 -35.001
v 43.924 10 -34.378
v 44.009 10 -34.585
v 43.75 10 -33.964
v 43.837 10 -34.17
v 43.573 10 -33.551
v 43.662 10 -33.757
v 43.393 10 -33.14
v 43.484 10 -33.345
v 43.21 10 -32.73
v 43.302 10 -32.935
v 42.998 10 -32.237
v 42.969 10 -32.154
v 42.99 10 -32.21
v 42.801 10 -31.766
v 42.906 10 -32.005
v 42.463 10 -31.022
v 42.654 10 -31.438
v 41.997 10 -30.018
v 42.23 10 -30.52
v 41.47 10 -28.83
v 41.443 10 -28.746
v 41.463 10 -28.801
v 41.371 10 -28.574
v 41.411 10 -28.669
v 41.27 10 -28.35
v 41.323 10 -28.467
v 40.427 10 -26.374
v 40.213 10 -25.831
v 40.32 10 -26.1
v 40.005 10 -25.311
v 40.107 10 -25.564
v 39.837 10 -24.901
v 39.913 10 -25.086
v 39.44 10 -24.02
v 39.78 10 -24.77
v 38.65 10 -22.207
v 38.49 10 -21.832
v 38.572 10 -22.024
v 38.33 10 -21.465
v 38.408 10 -21.643
v 38.085 10 -20.933
v 38.26 10 -21.31
v 37.605 10 -19.869
v 37.19 10 -18.94
v 37.58 10 -19.8
v 35.68 10 -15.65
v 36.7 10 -17.85
v 34.113 10 -12.298
v 34.48 10 -13.08
v 33.419 10 -10.878
v 33.754 10 -11.554
v 32.881 10 -9.85
v 33.122 10 -10.299
v 32.568 10 -9.391
v 32.71 10 -9.56
v 32.266 10 -9.069
v 32.42 10 -9.228
v 31.944 10 -8.768
v 32.107 10 -8.916
v 31.601 10 -8.489
v 31.775 10 -8.626
v 31.241 10 -8.235
v 31.423 10 -8.359
v 30.864 10 -8.005
v 31.054 10 -8.117
v 30.67 10 -7.9
v 30.011 10 -7.546
v 30.342 10 -7.717
v 29.429 10 -7.274
v 29.7 10 -7.395
v 29.09 10 -7.16
v 29.218 10 -7.193
v 28.945 10 -7.109
v 28.908 10 -7.069
v 28.93 10 -7.09
v 28.806 10 -7.026
v 28.866 10 -7.048
v 28.654 10 -6.987
v 28.734 10 -7.006
v 28.469 10 -6.953
v 28.57 10 -6.97
v 27.952 10 -6.856
v 27.542 10 -6.774
v 27.83 10 -6.83
v 26.843 10 -6.692
v 27.197 10 -6.727
v 25.712 10 -6.825
v 24.136 10 -7.264
v 14.55 10 -34.223
v 17.795 10 -35.581
v 19.995 10 -36.487
v 35.04 10 -42.69
v 44.056 10 -37.968
v 40.88 10 -27.49
v 37.676 10 -20.034
v 26.13 10 -6.713
v 25.907 10 -6.779
v 24.334 10 -7.199
v 13.827 10 -33.936
v 16.369 10 -34.975
v 17.637 10 -35.512
v 20.513 10 -36.697
v 21.593 10 -37.156
v 21.639 10 -37.174
v 40.87 10 -40.76
v 42.489 10 -39.108
v 44.211 10 -37.855
v 43.02 10 -32.294
v 41.491 10 -28.89
v 38.72 10 -22.37
v 28.967 10 -7.126
v 28.349 10 -6.931
v 28.084 10 -6.882
v 26.044 10 -6.742
v 24.626 10 -7.099
v 24.5 10 -7.143
v 33.144 10 -31.924
v 33.027 10 -32.832
v 17.479 10 -35.444
v 20.143 10 -36.543
v 34.732 10 -42.553
v 44.165 10 -37.884
v 43.152 10 -32.599
v 40.536 10 -26.647
v 37.785 10 -20.277
v 29.059 10 -7.158
v 28.219 10 -6.908
v 34.859 10 -33.67
v 17.321 10 -35.376
v 20.309 10 -36.61
v 34.03 10 -42.28
v 34.474 10 -42.443
v 41.001 10 -40.489
v 44.112 10 -37.922
v 43.1 10 -32.48
v 43.055 10 -32.376
v 41.554 10 -29.039
v 40.641 10 -26.908
v 39.11 10 -23.27
v 37.924 10 -20.583
v 28.995 10 -7.14
v 34.389 10 -34.129
v 14.13 10 -34.054
v 18.191 10 -35.744
v 40.737 10 -27.143
v 29.026 10 -7.151
v 35.966 10 -34.816
v 35.438 10 -35.109
v 14.36 10 -34.145
v 17.163 10 -35.308
v 34.245 10 -42.355
v 40.818 10 -27.341
v 36.602 10 -35.499
v 36.191 10 -35.787
v 17.004 10 -35.241
v 41.966 10 -39.505
v 41.806 10 -29.604
v 36.668 10 -36.182
v 18.264 10 -35.771
v 41.224 10 -40.191
v 41.545 10 -39.865
v 41.659 10 -29.277
v 36.9 10 -35.86
v 16.846 10 -35.174
v 36.978 10 -35.987
v 36.89 10 -36.31
v 18.352 10 -35.806
v 18.452 10 -35.846
v 37.024 10 -36.097
v 16.528 10 -35.041
v 16.687 10 -35.107
v 37.037 10 -36.186
v 37.019 10 -36.253
v 36.97 10 -36.295
f 1 2 3
f 4 5 6
f 7 8 9
f 10 7 11
f 12 10 13
f 14 12 15
f 16 14 17
f 18 16 19
f 20 18 21
f 22 20 23
f 24 22 25
f 26 24 27
f 28 26 29
f 30 28 31
f 32 30 33
f 34 35 36
f 37 34 38
f 39 37 40
f 41 39 42
f 43 41 44
f 45 43 46
f 47 45 48
f 49 47 50
f 51 49 52
f 53 51 54
f 55 53 56
f 57 55 58
f 59 57 60
f 61 59 62
f 63 61 64
f 65 63 66
f 67 65 68
f 69 67 70
f 71 69 72
f 73 71 74
f 75 73 76
f 77 75 78
f 79 77 80
f 81 79 82
f 83 81 84
f 85 83 86
f 87 88 89
f 90 91 92
f 93 94 95
f 96 93 97
f 98 96 99
f 100 101 102
f 103 104 105
f 106 103 107
f 108 109 110
f 111 112 113
f 114 111 115
f 116 114 117
f 118 119 120
f 121 118 122
f 123 124 125
f 126 123 127
f 128 126 129
f 130 128 131
f 132 133 134
f 135 132 136
f 137 135 138
f 139 137 140
f 141 139 142
f 143 141 144
f 145 143 146
f 147 145 148
f 149 147 150
f 151 152 153
f 154 151 155
f 156 154 157
f 158 159 160
f 161 158 162
f 163 161 164
f 165 163 166
f 167 165 168
f 169 167 170
f 171 169 172
f 173 171 174
f 175 173 176
f 177 175 178
f 179 177 180
f 181 179 182
f 183 181 184
f 185 186 187
f 188 185 189
f 190 188 191
f 192 190 193
f 194 195 196
f 197 194 198
f 199 197 200
f 201 202 203
f 204 201 205
f 206 204 207
f 208 206 209
f 210 211 212
f 213 210 214
f 215 213 216
f 217 218 219
f 220 217 221
f 222 220 223
f 224 222 225
f 226 224 227
f 228 226 229
f 230 228 231
f 232 230 233
f 234 232 235
f 236 234 237
f 238 236 239
f 240 241 242
f 243 240 244
f 245 243 246
f 247 248 249
f 250 247 251
f 252 250 253
f 254 252 255
f 256 257 258
f 259 256 260
f 1 259 2
f 4 261 5
f 7 262 8
f 12 7 10
f 16 12 14
f 20 16 18
f 24 20 22
f 28 24 26
f 32 28 30
f 37 35 34
f 41 37 39
f 45 41 43
f 49 45 47
f 53 49 51
f 57 53 55
f 61 57 59
f 65 61 63
f 69 65 67
f 73 69 71
f 77 73 75
f 81 77 79
f 85 81 83
f 87 263 88
f 90 264 91
f 96 94 93
f 265 96 98
f 104 101 100
f 106 104 103
f 112 109 108
f 114 112 111
f 118 116 119
f 126 124 123
f 130 126 128
f 132 266 133
f 137 132 135
f 141 137 139
f 145 141 143
f 149 145 147
f 154 152 151
f 267 154 156
f 161 159 158
f 165 161 163
f 169 165 167
f 175 171 173
f 179 175 177
f 183 179 181
f 188 186 185
f 192 188 190
f 197 195 194
f 268 197 199
f 204 202 201
f 208 204 206
f 213 211 210
f 217 269 218
f 222 217 220
f 226 222 224
f 230 226 228
f 234 230 232
f 238 234 236
f 240 238 241
f 245 240 243
f 250 248 247
f 254 250 252
f 259 257 256
f 270 259 1
f 4 271 261
f 7 272 262
f 16 7 12
f 24 16 20
f 32 24 28
f 41 35 37
f 49 41 45
f 57 49 53
f 65 57 61
f 73 65 69
f 81 73 77
f 273 81 85
f 274 263 87
f 90 275 264
f 265 94 96
f 104 276 101
f 277 104 106
f 112 278 109
f 116 112 114
f 130 124 126
f 137 266 132
f 145 137 141
f 279 145 149
f 154 280 152
f 161 281 159
f 169 161 165
f 175 169 171
f 183 175 179
f 188 282 186
f 197 283 195
f 208 202 204
f 213 284 211
f 222 269 217
f 230 222 226
f 238 230 234
f 245 238 240
f 250 285 248
f 286 250 254
f 259 287 257
f 288 259 270
f 289 271 4
f 7 290 272
f 24 7 16
f 291 24 32
f 41 292 35
f 57 41 49
f 73 57 65
f 273 73 81
f 90 293 275
f 294 94 265
f 277 276 104
f 118 112 116
f 130 121 124
f 137 295 266
f 279 137 145
f 267 280 154
f 161 296 281
f 175 161 169
f 297 175 183
f 192 282 188
f 268 283 197
f 208 298 202
f 215 284 213
f 222 299 269
f 238 222 230
f 300 238 245
f 286 285 250
f 259 301 287
f 271 259 288
f 290 271 289
f 24 290 7
f 302 24 291
f 57 292 41
f 273 57 73
f 90 303 293
f 304 94 294
f 278 276 277
f 305 121 130
f 137 306 295
f 307 137 279
f 308 280 267
f 175 296 161
f 309 175 297
f 192 310 282
f 268 311 283
f 208 312 298
f 215 313 284
f 222 314 299
f 300 222 238
f 286 315 285
f 259 286 301
f 290 259 271
f 302 290 24
f 57 316 292
f 317 57 273
f 318 303 90
f 112 276 278
f 305 118 121
f 307 306 137
f 175 308 296
f 192 309 310
f 208 319 312
f 314 313 215
f 300 314 222
f 286 320 315
f 290 286 259
f 321 290 302
f 57 322 316
f 323 57 317
f 318 324 303
f 112 304 276
f 325 118 305
f 307 325 306
f 175 280 308
f 192 175 309
f 208 326 319
f 314 208 313
f 320 314 300
f 290 320 286
f 327 290 321
f 57 328 322
f 263 57 323
f 318 329 324
f 118 304 112
f 307 118 325
f 175 330 280
f 331 175 192
f 208 268 326
f 320 208 314
f 327 320 290
f 57 332 328
f 274 57 263
f 333 329 318
f 118 94 304
f 334 118 307
f 175 335 330
f 336 175 331
f 320 268 208
f 337 320 327
f 274 332 57
f 333 338 329
f 334 94 118
f 175 334 335
f 320 311 268
f 339 320 337
f 274 340 332
f 341 338 333
f 334 342 94
f 336 334 175
f 320 336 311
f 343 320 339
f 344 340 274
f 342 338 341
f 320 334 336
f 345 340 344
f 342 345 338
f 343 334 320
f 342 340 345
f 346 334 343
f 334 340 342
f 347 334 346
f 334 348 340
f 348 334 347
f 349 350 351
f 352 353 354
f 355 356 357
f 356 358 359
f 358 360 361
f 360 362 363
f 362 364 365
f 364 366 367
f 366 368 369
f 368 370 371
f 370 372 373
f 372 374 375
f 374 376 377
f 376 378 379
f 378 380 381
f 382 383 384
f 383 385 386
f 385 387 388
f 387 389 390
f 389 391 392
f 391 393 394
f 393 395 396
f 395 397 398
f 397 399 400
f 399 401 402
f 401 403 404
f 403 405 406
f 405 407 408
f 407 409 410
f 409 411 412
f 411 413 414
f 413 415 416
f 415 417 418
f 417 419 420
f 419 421 422
f 421 423 424
f 423 425 426
f 425 427 428
f 427 429 430
f 429 431 432
f 431 433 434
f 435 436 437
f 438 439 440
f 441 442 443
f 442 444 445
f 444 446 447
f 448 449 450
f 451 452 453
f 452 454 455
f 456 457 458
f 459 460 461
f 460 462 463
f 462 464 465
f 466 467 468
f 467 469 470
f 471 472 473
f 472 474 475
f 474 476 477
f 476 478 479
f 480 481 482
f 481 483 484
f 483 485 486
f 485 487 488
f 487 489 490
f 489 491 492
f 491 493 494
f 493 495 496
f 495 497 498
f 499 500 501
f 500 502 503
f 502 504 505
f 506 507 508
f 507 509 510
f 509 511 512
f 511 513 514
f 513 515 516
f 515 517 518
f 517 519 520
f 519 521 522
f 521 523 524
f 523 525 526
f 525 527 528
f 527 529 530
f 529 531 532
f 533 534 535
f 534 536 537
f 536 538 539
f 538 540 541
f 542 543 544
f 543 545 546
f 545 547 548
f 549 550 551
f 550 552 553
f 552 554 555
f 554 556 557
f 558 559 560
f 559 561 562
f 561 563 564
f 565 566 567
f 566 568 569
f 568 570 571
f 570 572 573
f 572 574 575
f 574 576 577
f 576 578 579
f 578 580 581
f 580 582 583
f 582 584 585
f 584 586 587
f 588 589 590
f 589 591 592
f 591 593 594
f 595 596 597
f 596 598 599
f 598 600 601
f 600 602 603
f 604 605 606
f 605 607 608
f 607 350 349
f 609 353 352
f 610 356 355
f 356 360 358
f 360 364 362
f 364 368 366
f 368 372 370
f 372 376 374
f 376 380 378
f 382 385 383
f 385 389 387
f 389 393 391
f 393 397 395
f 397 401 399
f 401 405 403
f 405 409 407
f 409 413 411
f 413 417 415
f 417 421 419
f 421 425 423
f 425 429 427
f 429 433 431
f 611 436 435
f 612 439 438
f 441 444 442
f 444 613 446
f 448 451 449
f 451 454 452
f 456 459 457
f 459 462 460
f 464 467 466
f 471 474 472
f 474 478 476
f 614 481 480
f 481 485 483
f 485 489 487
f 489 493 491
f 493 497 495
f 499 502 500
f 502 615 504
f 506 509 507
f 509 513 511
f 513 517 515
f 519 523 521
f 523 527 525
f 527 531 529
f 533 536 534
f 536 540 538
f 542 545 543
f 545 616 547
f 549 552 550
f 552 556 554
f 558 561 559
f 617 566 565
f 566 570 568
f 570 574 572
f 574 578 576
f 578 582 580
f 582 586 584
f 586 589 588
f 589 593 591
f 595 598 596
f 598 602 600
f 604 607 605
f 607 618 350
f 619 353 609
f 620 356 610
f 356 364 360
f 364 372 368
f 372 380 376
f 382 389 385
f 389 397 393
f 397 405 401
f 405 413 409
f 413 421 417
f 421 429 425
f 429 621 433
f 611 622 436
f 623 439 612
f 441 613 444
f 624 451 448
f 451 625 454
f 626 459 456
f 459 464 462
f 471 478 474
f 614 485 481
f 485 493 489
f 493 627 497
f 628 502 499
f 629 509 506
f 509 517 513
f 517 523 519
f 523 531 527
f 630 536 533
f 631 545 542
f 549 556 552
f 632 561 558
f 617 570 566
f 570 578 574
f 578 586 582
f 586 593 589
f 633 598 595
f 598 634 602
f 635 607 604
f 607 636 618
f 619 637 353
f 638 356 620
f 356 372 364
f 372 639 380
f 640 389 382
f 389 405 397
f 405 421 413
f 421 621 429
f 641 439 623
f 441 642 613
f 624 625 451
f 459 467 464
f 469 478 471
f 643 485 614
f 485 627 493
f 628 615 502
f 644 509 629
f 509 523 517
f 523 645 531
f 630 540 536
f 631 616 545
f 646 556 549
f 632 563 561
f 647 570 617
f 570 586 578
f 586 648 593
f 633 634 598
f 649 607 635
f 607 619 636
f 619 638 637
f 638 372 356
f 372 650 639
f 640 405 389
f 405 621 421
f 651 439 641
f 441 652 642
f 624 626 625
f 469 653 478
f 654 485 643
f 485 655 627
f 628 656 615
f 644 523 509
f 523 657 645
f 658 540 630
f 659 616 631
f 660 556 646
f 661 563 632
f 662 570 647
f 570 648 586
f 663 634 633
f 634 607 649
f 607 638 619
f 638 650 372
f 664 405 640
f 405 665 621
f 651 666 439
f 624 459 626
f 467 653 469
f 654 655 485
f 656 523 644
f 657 540 658
f 667 556 660
f 661 662 563
f 662 648 570
f 668 634 663
f 634 638 607
f 638 669 650
f 670 405 664
f 405 671 665
f 672 666 651
f 652 459 624
f 467 673 653
f 673 655 654
f 628 523 656
f 523 540 657
f 674 556 667
f 556 662 661
f 662 668 648
f 668 638 634
f 638 675 669
f 676 405 670
f 405 611 671
f 677 666 672
f 652 467 459
f 467 655 673
f 678 523 628
f 523 679 540
f 616 556 674
f 556 668 662
f 668 675 638
f 680 405 676
f 405 622 611
f 677 681 666
f 441 467 652
f 467 682 655
f 683 523 678
f 523 684 679
f 616 668 556
f 668 685 675
f 680 622 405
f 686 681 677
f 441 682 467
f 682 523 683
f 659 668 616
f 668 687 685
f 688 622 680
f 686 689 681
f 690 682 441
f 682 684 523
f 684 668 659
f 668 691 687
f 688 692 622
f 686 690 689
f 682 668 684
f 688 693 692
f 693 690 686
f 682 691 668
f 688 690 693
f 682 694 691
f 688 682 690
f 682 695 694
f 696 682 688
f 682 696 695
f 1 350 270
f 270 350 618
f 270 618 288
f 288 618 636
f 288 636 271
f 271 636 619
f 271 619 261
f 261 619 609
f 261 609 5
f 5 609 352
f 5 352 6
f 6 352 354
f 6 354 4
f 4 354 353
f 4 353 289
f 289 353 637
f 289 637 290
f 290 637 638
f 290 638 272
f 272 638 620
f 272 620 262
f 262 620 610
f 262 610 8
f 8 610 355
f 8 355 9
f 9 355 357
f 9 357 7
f 7 357 356
f 7 356 11
f 11 356 359
f 11 359 10
f 10 359 358
f 10 358 13
f 13 358 361
f 13 361 12
f 12 361 360
f 12 360 15
f 15 360 363
f 15 363 14
f 14 363 362
f 14 362 17
f 17 362 365
f 17 365 16
f 16 365 364
f 16 364 19
f 19 364 367
f 19 367 18
f 18 367 366
f 18 366 21
f 21 366 369
f 21 369 20
f 20 369 368
f 20 368 23
f 23 368 371
f 23 371 22
f 22 371 370
f 22 370 25
f 25 370 373
f 25 373 24
f 24 373 372
f 24 372 27
f 27 372 375
f 27 375 26
f 26 375 374
f 26 374 29
f 29 374 377
f 29 377 28
f 28 377 376
f 28 376 31
f 31 376 379
f 31 379 30
f 30 379 378
f 30 378 33
f 33 378 381
f 33 381 32
f 32 381 380
f 32 380 291
f 291 380 639
f 291 639 302
f 302 639 650
f 302 650 321
f 321 650 669
f 321 669 327
f 327 669 675
f 327 675 337
f 337 675 685
f 337 685 339
f 339 685 687
f 339 687 343
f 343 687 691
f 343 691 346
f 346 691 694
f 346 694 347
f 347 694 695
f 347 695 348
f 348 695 696
f 348 696 340
f 340 696 688
f 340 688 332
f 332 688 680
f 332 680 328
f 328 680 676
f 328 676 322
f 322 676 670
f 322 670 316
f 316 670 664
f 316 664 292
f 292 664 640
f 292 640 35
f 35 640 382
f 35 382 36
f 36 382 384
f 36 384 34
f 34 384 383
f 34 383 38
f 38 383 386
f 38 386 37
f 37 386 385
f 37 385 40
f 40 385 388
f 40 388 39
f 39 388 387
f 39 387 42
f 42 387 390
f 42 390 41
f 41 390 389
f 41 389 44
f 44 389 392
f 44 392 43
f 43 392 391
f 43 391 46
f 46 391 394
f 46 394 45
f 45 394 393
f 45 393 48
f 48 393 396
f 48 396 47
f 47 396 395
f 47 395 50
f 50 395 398
f 50 398 49
f 49 398 397
f 49 397 52
f 52 397 400
f 52 400 51
f 51 400 399
f 51 399 54
f 54 399 402
f 54 402 53
f 53 402 401
f 53 401 56
f 56 401 404
f 56 404 55
f 55 404 403
f 55 403 58
f 58 403 406
f 58 406 57
f 57 406 405
f 57 405 60
f 60 405 408
f 60 408 59
f 59 408 407
f 59 407 62
f 62 407 410
f 62 410 61
f 61 410 409
f 61 409 64
f 64 409 412
f 64 412 63
f 63 412 411
f 63 411 66
f 66 411 414
f 66 414 65
f 65 414 413
f 65 413 68
f 68 413 416
f 68 416 67
f 67 416 415
f 67 415 70
f 70 415 418
f 70 418 69
f 69 418 417
f 69 417 72
f 72 417 420
f 72 420 71
f 71 420 419
f 71 419 74
f 74 419 422
f 74 422 73
f 73 422 421
f 73 421 76
f 76 421 424
f 76 424 75
f 75 424 423
f 75 423 78
f 78 423 426
f 78 426 77
f 77 426 425
f 77 425 80
f 80 425 428
f 80 428 79
f 79 428 427
f 79 427 82
f 82 427 430
f 82 430 81
f 81 430 429
f 81 429 84
f 84 429 432
f 84 432 83
f 83 432 431
f 83 431 86
f 86 431 434
f 86 434 85
f 85 434 433
f 85 433 273
f 273 433 621
f 273 621 317
f 317 621 665
f 317 665 323
f 323 665 671
f 323 671 263
f 263 671 611
f 263 611 88
f 88 611 435
f 88 435 89
f 89 435 437
f 89 437 87
f 87 437 436
f 87 436 274
f 274 436 622
f 274 622 344
f 344 622 692
f 344 692 345
f 345 692 693
f 345 693 338
f 338 693 686
f 338 686 329
f 329 686 677
f 329 677 324
f 324 677 672
f 324 672 303
f 303 672 651
f 303 651 293
f 293 651 641
f 293 641 275
f 275 641 623
f 275 623 264
f 264 623 612
f 264 612 91
f 91 612 438
f 91 438 92
f 92 438 440
f 92 440 90
f 90 440 439
f 90 439 318
f 318 439 666
f 318 666 333
f 333 666 681
f 333 681 341
f 341 681 689
f 341 689 342
f 342 689 690
f 342 690 94
f 94 690 441
f 94 441 95
f 95 441 443
f 95 443 93
f 93 443 442
f 93 442 97
f 97 442 445
f 97 445 96
f 96 445 444
f 96 444 99
f 99 444 447
f 99 447 98
f 98 447 446
f 98 446 265
f 265 446 613
f 265 613 294
f 294 613 642
f 294 642 304
f 304 642 652
f 304 652 276
f 276 652 624
f 276 624 101
f 101 624 448
f 101 448 102
f 102 448 450
f 102 450 100
f 100 450 449
f 100 449 104
f 104 449 451
f 104 451 105
f 105 451 453
f 105 453 103
f 103 453 452
f 103 452 107
f 107 452 455
f 107 455 106
f 106 455 454
f 106 454 277
f 277 454 625
f 277 625 278
f 278 625 626
f 278 626 109
f 109 626 456
f 109 456 110
f 110 456 458
f 110 458 108
f 108 458 457
f 108 457 112
f 112 457 459
f 112 459 113
f 113 459 461
f 113 461 111
f 111 461 460
f 111 460 115
f 115 460 463
f 115 463 114
f 114 463 462
f 114 462 117
f 117 462 465
f 117 465 116
f 116 465 464
f 116 464 119
f 119 464 466
f 119 466 120
f 120 466 468
f 120 468 118
f 118 468 467
f 118 467 122
f 122 467 470
f 122 470 121
f 121 470 469
f 121 469 124
f 124 469 471
f 124 471 125
f 125 471 473
f 125 473 123
f 123 473 472
f 123 472 127
f 127 472 475
f 127 475 126
f 126 475 474
f 126 474 129
f 129 474 477
f 129 477 128
f 128 477 476
f 128 476 131
f 131 476 479
f 131 479 130
f 130 479 478
f 130 478 305
f 305 478 653
f 305 653 325
f 325 653 673
f 325 673 306
f 306 673 654
f 306 654 295
f 295 654 643
f 295 643 266
f 266 643 614
f 266 614 133
f 133 614 480
f 133 480 134
f 134 480 482
f 134 482 132
f 132 482 481
f 132 481 136
f 136 481 484
f 136 484 135
f 135 484 483
f 135 483 138
f 138 483 486
f 138 486 137
f 137 486 485
f 137 485 140
f 140 485 488
f 140 488 139
f 139 488 487
f 139 487 142
f 142 487 490
f 142 490 141
f 141 490 489
f 141 489 144
f 144 489 492
f 144 492 143
f 143 492 491
f 143 491 146
f 146 491 494
f 146 494 145
f 145 494 493
f 145 493 148
f 148 493 496
f 148 496 147
f 147 496 495
f 147 495 150
f 150 495 498
f 150 498 149
f 149 498 497
f 149 497 279
f 279 497 627
f 279 627 307
f 307 627 655
f 307 655 334
f 334 655 682
f 334 682 335
f 335 682 683
f 335 683 330
f 330 683 678
f 330 678 280
f 280 678 628
f 280 628 152
f 152 628 499
f 152 499 153
f 153 499 501
f 153 501 151
f 151 501 500
f 151 500 155
f 155 500 503
f 155 503 154
f 154 503 502
f 154 502 157
f 157 502 505
f 157 505 156
f 156 505 504
f 156 504 267
f 267 504 615
f 267 615 308
f 308 615 656
f 308 656 296
f 296 656 644
f 296 644 281
f 281 644 629
f 281 629 159
f 159 629 506
f 159 506 160
f 160 506 508
f 160 508 158
f 158 508 507
f 158 507 162
f 162 507 510
f 162 510 161
f 161 510 509
f 161 509 164
f 164 509 512
f 164 512 163
f 163 512 511
f 163 511 166
f 166 511 514
f 166 514 165
f 165 514 513
f 165 513 168
f 168 513 516
f 168 516 167
f 167 516 515
f 167 515 170
f 170 515 518
f 170 518 169
f 169 518 517
f 169 517 172
f 172 517 520
f 172 520 171
f 171 520 519
f 171 519 174
f 174 519 522
f 174 522 173
f 173 522 521
f 173 521 176
f 176 521 524
f 176 524 175
f 175 524 523
f 175 523 178
f 178 523 526
f 178 526 177
f 177 526 525
f 177 525 180
f 180 525 528
f 180 528 179
f 179 528 527
f 179 527 182
f 182 527 530
f 182 530 181
f 181 530 529
f 181 529 184
f 184 529 532
f 184 532 183
f 183 532 531
f 183 531 297
f 297 531 645
f 297 645 309
f 309 645 657
f 309 657 310
f 310 657 658
f 310 658 282
f 282 658 630
f 282 630 186
f 186 630 533
f 186 533 187
f 187 533 535
f 187 535 185
f 185 535 534
f 185 534 189
f 189 534 537
f 189 537 188
f 188 537 536
f 188 536 191
f 191 536 539
f 191 539 190
f 190 539 538
f 190 538 193
f 193 538 541
f 193 541 192
f 192 541 540
f 192 540 331
f 331 540 679
f 331 679 336
f 336 679 684
f 336 684 311
f 311 684 659
f 311 659 283
f 283 659 631
f 283 631 195
f 195 631 542
f 195 542 196
f 196 542 544
f 196 544 194
f 194 544 543
f 194 543 198
f 198 543 546
f 198 546 197
f 197 546 545
f 197 545 200
f 200 545 548
f 200 548 199
f 199 548 547
f 199 547 268
f 268 547 616
f 268 616 326
f 326 616 674
f 326 674 319
f 319 674 667
f 319 667 312
f 312 667 660
f 312 660 298
f 298 660 646
f 298 646 202
f 202 646 549
f 202 549 203
f 203 549 551
f 203 551 201
f 201 551 550
f 201 550 205
f 205 550 553
f 205 553 204
f 204 553 552
f 204 552 207
f 207 552 555
f 207 555 206
f 206 555 554
f 206 554 209
f 209 554 557
f 209 557 208
f 208 557 556
f 208 556 313
f 313 556 661
f 313 661 284
f 284 661 632
f 284 632 211
f 211 632 558
f 211 558 212
f 212 558 560
f 212 560 210
f 210 560 559
f 210 559 214
f 214 559 562
f 214 562 213
f 213 562 561
f 213 561 216
f 216 561 564
f 216 564 215
f 215 564 563
f 215 563 314
f 314 563 662
f 314 662 299
f 299 662 647
f 299 647 269
f 269 647 617
f 269 617 218
f 218 617 565
f 218 565 219
f 219 565 567
f 219 567 217
f 217 567 566
f 217 566 221
f 221 566 569
f 221 569 220
f 220 569 568
f 220 568 223
f 223 568 571
f 223 571 222
f 222 571 570
f 222 570 225
f 225 570 573
f 225 573 224
f 224 573 572
f 224 572 227
f 227 572 575
f 227 575 226
f 226 575 574
f 226 574 229
f 229 574 577
f 229 577 228
f 228 577 576
f 228 576 231
f 231 576 579
f 231 579 230
f 230 579 578
f 230 578 233
f 233 578 581
f 233 581 232
f 232 581 580
f 232 580 235
f 235 580 583
f 235 583 234
f 234 583 582
f 234 582 237
f 237 582 585
f 237 585 236
f 236 585 584
f 236 584 239
f 239 584 587
f 239 587 238
f 238 587 586
f 238 586 241
f 241 586 588
f 241 588 242
f 242 588 590
f 242 590 240
f 240 590 589
f 240 589 244
f 244 589 592
f 244 592 243
f 243 592 591
f 243 591 246
f 246 591 594
f 246 594 245
f 245 594 593
f 245 593 300
f 300 593 648
f 300 648 320
f 320 648 668
f 320 668 315
f 315 668 663
f 315 663 285
f 285 663 633
f 285 633 248
f 248 633 595
f 248 595 249
f 249 595 597
f 249 597 247
f 247 597 596
f 247 596 251
f 251 596 599
f 251 599 250
f 250 599 598
f 250 598 253
f 253 598 601
f 253 601 252
f 252 601 600
f 252 600 255
f 255 600 603
f 255 603 254
f 254 603 602
f 254 602 286
f 286 602 634
f 286 634 301
f 301 634 649
f 301 649 287
f 287 649 635
f 287 635 257
f 257 635 604
f 257 604 258
f 258 604 606
f 258 606 256
f 256 606 605
f 256 605 260
f 260 605 608
f 260 608 259
f 259 608 607
f 259 607 2
f 2 607 349
f 2 349 3
f 3 349 351
f 3 351 1
f 1 351 350
o 
v 37.29 0 -56.47
v 37.484 0 -56.447
v 37.375 0 -56.457
v 37.151 0 -56.501
v 37.22 0 -56.483
v 37.032 0 -56.546
v 37.088 0 -56.522
v 36.96 0 -56.59
v 36.989 0 -56.569
v 36.716 0 -56.68
v 36.838 0 -56.634
v 36.474 0 -56.775
v 36.595 0 -56.726
v 36.234 0 -56.875
v 36.354 0 -56.824
v 35.997 0 -56.981
v 36.115 0 -56.928
v 35.762 0 -57.093
v 35.879 0 -57.037
v 35.53 0 -57.21
v 35.646 0 -57.151
v 31.29 0 -58.94
v 32.565 0 -58.489
v 32.01 0 -58.68
v 30.49 0 -59.27
v 30.91 0 -59.09
v 28.54 0 -60.02
v 29.56 0 -59.62
v 27.19 0 -60.58
v 28.06 0 -60.22
v 27.68 0 -60.37
v 24.16 0 -61.82
v 26.01 0 -61.06
v 24.87 0 -61.52
v 23.881 0 -61.928
v 24.026 0 -61.87
v 23.589 0 -62.052
v 23.733 0 -61.99
v 23.35 0 -62.16
v 23.459 0 -62.11
v 21.11 0 -63.08
v 21.958 0 -62.74
v 21.83 0 -62.79
v 20.723 0 -63.236
v 20.904 0 -63.162
v 20.354 0 -63.391
v 20.546 0 -63.309
v 19.84 0 -63.62
v 20.125 0 -63.492
v 18.09 0 -64.32
v 19.134 0 -63.901
v 18.97 0 -63.96
v 16.72 0 -64.88
v 17.18 0 -64.69
v 13.77 0 -66.006
v 14.82 0 -65.62
v 14.35 0 -65.79
v 12.538 0 -66.553
v 13.156 0 -66.265
v 11.392 0 -67.159
v 11.94 0 -66.855
v 10.567 0 -67.711
v 10.92 0 -67.45
v 9.901 0 -68.283
v 10.227 0 -67.989
v 9.293 0 -68.917
v 9.589 0 -68.593
v 8.748 0 -69.606
v 9.012 0 -69.255
v 8.273 0 -70.345
v 8.502 0 -69.97
v 7.872 0 -71.126
v 8.063 0 -70.73
v 7.361 0 -72.516
v 7.7 0 -71.53
v 7.194 0 -74.591
v 7.192 0 -73.538
v 7.703 0 -76.764
v 7.364 0 -75.669
v 8.763 0 -78.773
v 8.21 0 -77.87
v 10.124 0 -80.14
v 9.388 0 -79.52
v 12.081 0 -81.107
v 11.009 0 -80.66
v 13.767 0 -81.573
v 13.38 0 -81.51
v 14.941 0 -81.624
v 14.314 0 -81.61
v 16.119 0 -81.578
v 15.57 0 -81.613
v 17.339 0 -81.257
v 16.51 0 -81.52
v 18.888 0 -80.49
v 18.119 0 -80.921
v 20.536 0 -79.243
v 19.681 0 -79.939
v 21.808 0 -78.073
v 21.49 0 -78.38
v 23.004 0 -76.908
v 22.326 0 -77.569
v 24.676 0 -75.268
v 23.8 0 -76.127
v 26.999 0 -72.976
v 25.59 0 -74.37
v 27.83 0 -73.536
v 32.711 0 -68.576
v 31.13 0 -70.18
v 23.064 0 -78.458
v 25.154 0 -76.281
v 20.481 0 -81.266
v 21.519 0 -80.105
v 19.638 0 -82.454
v 19.91 0 -81.98
v 19.263 0 -83.613
v 19.423 0 -82.998
v 19.107 0 -85.057
v 19.157 0 -84.299
v 19.131 0 -86.383
v 19.11 0 -85.89
v 19.189 0 -87.137
v 19.156 0 -86.787
v 19.297 0 -87.818
v 19.234 0 -87.469
v 19.487 0 -88.542
v 19.38 0 -88.22
v 19.941 0 -89.509
v 19.685 0 -88.993
v 20.492 0 -90.473
v 20.221 0 -90.024
v 20.985 0 -91.075
v 20.72 0 -90.79
v 21.559 0 -91.598
v 21.265 0 -91.344
v 22.188 0 -92.055
v 21.867 0 -91.836
v 22.863 0 -92.441
v 22.52 0 -92.257
v 23.577 0 -92.749
v 23.216 0 -92.605
v 24.32 0 -92.977
v 23.945 0 -92.873
v 25.826 0 -93.332
v 24.7 0 -93.06
v 25.42 0 -93.24
v 26.555 0 -93.438
v 26.205 0 -93.397
v 27.164 0 -93.443
v 26.875 0 -93.453
v 27.556 0 -93.382
v 27.42 0 -93.41
v 27.81 0 -93.316
v 27.688 0 -93.35
v 27.998 0 -93.254
v 27.916 0 -93.283
v 28.369 0 -93.161
v 28.291 0 -93.159
v 28.33 0 -93.16
v 28.462 0 -93.143
v 28.414 0 -93.155
v 28.563 0 -93.104
v 28.513 0 -93.125
v 30.869 0 -92.131
v 29.56 0 -92.68
v 30.311 0 -92.378
v 31.608 0 -91.676
v 31.284 0 -91.908
v 32.19 0 -91.06
v 31.893 0 -91.404
v 32.837 0 -90.18
v 32.485 0 -90.675
v 33.589 0 -89.056
v 33.216 0 -89.625
v 34.19 0 -88.07
v 33.924 0 -88.522
v 34.346 0 -87.74
v 34.265 0 -87.918
v 34.507 0 -87.346
v 34.429 0 -87.546
v 34.63 0 -86.97
v 34.576 0 -87.151
v 36.02 0 -83.44
v 35.462 0 -84.731
v 35.64 0 -84.33
v 38.284 0 -78.692
v 38.12 0 -79.03
v 38.203 0 -78.861
v 38.446 0 -78.352
v 38.365 0 -78.522
v 38.604 0 -78.011
v 38.525 0 -78.182
v 38.759 0 -77.669
v 38.682 0 -77.84
v 38.911 0 -77.325
v 38.835 0 -77.497
v 39.06 0 -76.98
v 38.986 0 -77.153
v 39.464 0 -76.08
v 39.286 0 -76.482
v 39.753 0 -75.39
v 39.614 0 -75.73
v 40.07 0 -74.57
v 39.899 0 -75.018
v 41.156 0 -72.265
v 40.89 0 -72.753
v 41.1 0 -72.38
v 41.341 0 -71.863
v 41.238 0 -72.088
v 41.584 0 -71.32
v 41.459 0 -71.602
v 42.016 0 -70.313
v 41.71 0 -71.03
v 42.377 0 -69.455
v 42.227 0 -69.816
v 42.639 0 -68.811
v 42.503 0 -69.148
v 44.1 0 -65.433
v 43.24 0 -67.35
v 43.98 0 -65.7
v 44.351 0 -64.814
v 44.226 0 -65.132
v 44.579 0 -64.191
v 44.471 0 -64.495
v 44.694 0 -63.827
v 44.67 0 -63.92
v 44.734 0 -63.585
v 44.716 0 -63.713
v 44.757 0 -63.316
v 44.748 0 -63.45
v 44.756 0 -63.013
v 44.76 0 -63.19
v 44.693 0 -62.763
v 44.738 0 -62.878
v 44.475 0 -62.505
v 44.609 0 -62.646
v 43.747 0 -61.851
v 44.28 0 -62.32
v 42.553 0 -60.965
v 43.153 0 -61.387
v 41.552 0 -60.386
v 42.001 0 -60.619
v 40.75 0 -59.227
v 40.82 0 -59.543
v 40.79 0 -59.4
v 40.485 0 -58.658
v 40.643 0 -58.969
v 40.086 0 -58.001
v 40.294 0 -58.324
v 39.757 0 -57.576
v 39.88 0 -57.72
v 39.459 0 -57.259
v 39.614 0 -57.419
v 39.144 0 -56.965
v 39.299 0 -57.104
v 38.816 0 -56.711
v 39 0 -56.85
v 38.526 0 -56.541
v 38.664 0 -56.611
v 38.226 0 -56.468
v 38.386 0 -56.496
v 37.891 0 -56.442
v 38.03 0 -56.45
v 37.611 0 -56.441
v 37.749 0 -56.44
v 22.085 0 -62.69
v 19.302 0 -63.839
v 16.563 0 -64.945
v 28.61 0 -93.08
v 29.342 0 -92.769
v 33.085 0 -58.297
v 22.213 0 -62.639
v 19.465 0 -63.775
v 14.979 0 -65.561
v 33.998 0 -67.257
v 29.136 0 -92.855
v 37.484 0 -80.343
v 40.711 0 -73.09
v 40.89 0 -59.731
v 15.139 0 -65.502
v 28.05 0 -93.23
v 28.244 0 -93.165
v 34.741 0 -86.619
v 40.243 0 -74.13
v 42.82 0 -68.36
v 34.791 0 -57.559
v 22.34 0 -62.588
v 19.614 0 -63.715
v 15.298 0 -65.442
v 28.139 0 -71.853
v 35.016 0 -66.199
v 28.094 0 -93.21
v 28.194 0 -93.176
v 28.95 0 -92.933
v 34.894 0 -86.181
v 36.991 0 -81.364
v 40.551 0 -73.415
v 40.984 0 -59.932
v 23.224 0 -62.215
v 22.467 0 -62.536
v 16.405 0 -65.009
v 15.457 0 -65.382
v 35.789 0 -65.376
v 28.678 0 -93.049
v 28.794 0 -92.999
v 35.075 0 -85.695
v 36.62 0 -82.139
v 41.26 0 -60.3
v 41.087 0 -60.116
v 34.162 0 -57.847
v 23.099 0 -62.27
v 22.594 0 -62.484
v 15.615 0 -65.321
v 29.101 0 -70.912
v 36.339 0 -64.765
v 28.143 0 -93.192
v 40.399 0 -73.753
v 41.184 0 -60.249
v 22.973 0 -62.324
v 19.742 0 -63.662
v 15.774 0 -65.26
v 29.977 0 -70.063
v 36.349 0 -82.712
v 22.847 0 -62.378
v 15.932 0 -65.198
v 30.86 0 -69.216
v 36.69 0 -64.34
v 36.156 0 -83.131
v 33.605 0 -58.088
v 22.72 0 -62.431
v 16.09 0 -65.135
v 31.84 0 -68.28
v 36.793 0 -64.182
v 35.269 0 -85.199
v 36.851 0 -64.051
v 16.248 0 -65.072
v 36.866 0 -63.955
v 32.964 0 -67.219
v 34.032 0 -66.228
v 36.839 0 -63.899
v 34.989 0 -65.355
v 36.77 0 -63.888
v 35.781 0 -64.649
v 36.66 0 -63.93
v 36.356 0 -64.158
v 37.484 10 -56.447
v 37.29 10 -56.47
v 37.375 10 -56.457
v 37.151 10 -56.501
v 37.22 10 -56.483
v 37.032 10 -56.546
v 37.088 10 -56.522
v 36.96 10 -56.59
v 36.989 10 -56.569
v 36.716 10 -56.68
v 36.838 10 -56.634
v 36.474 10 -56.775
v 36.595 10 -56.726
v 36.234 10 -56.875
v 36.354 10 -56.824
v 35.997 10 -56.981
v 36.115 10 -56.928
v 35.762 10 -57.093
v 35.879 10 -57.037
v 35.53 10 -57.21
v 35.646 10 -57.151
v 32.565 10 -58.489
v 31.29 10 -58.94
v 32.01 10 -58.68
v 30.49 10 -59.27
v 30.91 10 -59.09
v 28.54 10 -60.02
v 29.56 10 -59.62
v 28.06 10 -60.22
v 27.19 10 -60.58
v 27.68 10 -60.37
v 26.01 10 -61.06
v 24.16 10 -61.82
v 24.87 10 -61.52
v 23.881 10 -61.928
v 24.026 10 -61.87
v 23.589 10 -62.052
v 23.733 10 -61.99
v 23.35 10 -62.16
v 23.459 10 -62.11
v 21.958 10 -62.74
v 21.11 10 -63.08
v 21.83 10 -62.79
v 20.723 10 -63.236
v 20.904 10 -63.162
v 20.354 10 -63.391
v 20.546 10 -63.309
v 19.84 10 -63.62
v 20.125 10 -63.492
v 19.134 10 -63.901
v 18.09 10 -64.32
v 18.97 10 -63.96
v 16.72 10 -64.88
v 17.18 10 -64.69
v 14.82 10 -65.62
v 13.77 10 -66.006
v 14.35 10 -65.79
v 12.538 10 -66.553
v 13.156 10 -66.265
v 11.392 10 -67.159
v 11.94 10 -66.855
v 10.567 10 -67.711
v 10.92 10 -67.45
v 9.901 10 -68.283
v 10.227 10 -67.989
v 9.293 10 -68.917
v 9.589 10 -68.593
v 8.748 10 -69.606
v 9.012 10 -69.255
v 8.273 10 -70.345
v 8.502 10 -69.97
v 7.872 10 -71.126
v 8.063 10 -70.73
v 7.361 10 -72.516
v 7.7 10 -71.53
v 7.194 10 -74.591
v 7.192 10 -73.538
v 7.703 10 -76.764
v 7.364 10 -75.669
v 8.763 10 -78.773
v 8.21 10 -77.87
v 10.124 10 -80.14
v 9.388 10 -79.52
v 12.081 10 -81.107
v 11.009 10 -80.66
v 13.767 10 -81.573
v 13.38 10 -81.51
v 14.941 10 -81.624
v 14.314 10 -81.61
v 16.119 10 -81.578
v 15.57 10 -81.613
v 17.339 10 -81.257
v 16.51 10 -81.52
v 18.888 10 -80.49
v 18.119 10 -80.921
v 20.536 10 -79.243
v 19.681 10 -79.939
v 21.808 10 -78.073
v 21.49 10 -78.38
v 23.004 10 -76.908
v 22.326 10 -77.569
v 24.676 10 -75.268
v 23.8 10 -76.127
v 26.999 10 -72.976
v 25.59 10 -74.37
v 32.711 10 -68.576
v 27.83 10 -73.536
v 31.13 10 -70.18
v 23.064 10 -78.458
v 25.154 10 -76.281
v 20.481 10 -81.266
v 21.519 10 -80.105
v 19.638 10 -82.454
v 19.91 10 -81.98
v 19.263 10 -83.613
v 19.423 10 -82.998
v 19.107 10 -85.057
v 19.157 10 -84.299
v 19.131 10 -86.383
v 19.11 10 -85.89
v 19.189 10 -87.137
v 19.156 10 -86.787
v 19.297 10 -87.818
v 19.234 10 -87.469
v 19.487 10 -88.542
v 19.38 10 -88.22
v 19.941 10 -89.509
v 19.685 10 -88.993
v 20.492 10 -90.473
v 20.221 10 -90.024
v 20.985 10 -91.075
v 20.72 10 -90.79
v 21.559 10 -91.598
v 21.265 10 -91.344
v 22.188 10 -92.055
v 21.867 10 -91.836
v 22.863 10 -92.441
v 22.52 10 -92.257
v 23.577 10 -92.749
v 23.216 10 -92.605
v 24.32 10 -92.977
v 23.945 10 -92.873
v 24.7 10 -93.06
v 25.826 10 -93.332
v 25.42 10 -93.24
v 26.555 10 -93.438
v 26.205 10 -93.397
v 27.164 10 -93.443
v 26.875 10 -93.453
v 27.556 10 -93.382
v 27.42 10 -93.41
v 27.81 10 -93.316
v 27.688 10 -93.35
v 27.998 10 -93.254
v 27.916 10 -93.283
v 28.291 10 -93.159
v 28.369 10 -93.161
v 28.33 10 -93.16
v 28.462 10 -93.143
v 28.414 10 -93.155
v 28.563 10 -93.104
v 28.513 10 -93.125
v 29.56 10 -92.68
v 30.869 10 -92.131
v 30.311 10 -92.378
v 31.608 10 -91.676
v 31.284 10 -91.908
v 32.19 10 -91.06
v 31.893 10 -91.404
v 32.837 10 -90.18
v 32.485 10 -90.675
v 33.589 10 -89.056
v 33.216 10 -89.625
v 34.19 10 -88.07
v 33.924 10 -88.522
v 34.346 10 -87.74
v 34.265 10 -87.918
v 34.507 10 -87.346
v 34.429 10 -87.546
v 34.63 10 -86.97
v 34.576 10 -87.151
v 35.462 10 -84.731
v 36.02 10 -83.44
v 35.64 10 -84.33
v 38.12 10 -79.03
v 38.284 10 -78.692
v 38.203 10 -78.861
v 38.446 10 -78.352
v 38.365 10 -78.522
v 38.604 10 -78.011
v 38.525 10 -78.182
v 38.759 10 -77.669
v 38.682 10 -77.84
v 38.911 10 -77.325
v 38.835 10 -77.497
v 39.06 10 -76.98
v 38.986 10 -77.153
v 39.464 10 -76.08
v 39.286 10 -76.482
v 39.753 10 -75.39
v 39.614 10 -75.73
v 40.07 10 -74.57
v 39.899 10 -75.018
v 40.89 10 -72.753
v 41.156 10 -72.265
v 41.1 10 -72.38
v 41.341 10 -71.863
v 41.238 10 -72.088
v 41.584 10 -71.32
v 41.459 10 -71.602
v 42.016 10 -70.313
v 41.71 10 -71.03
v 42.377 10 -69.455
v 42.227 10 -69.816
v 42.639 10 -68.811
v 42.503 10 -69.148
v 43.24 10 -67.35
v 44.1 10 -65.433
v 43.98 10 -65.7
v 44.351 10 -64.814
v 44.226 10 -65.132
v 44.579 10 -64.191
v 44.471 10 -64.495
v 44.694 10 -63.827
v 44.67 10 -63.92
v 44.734 10 -63.585
v 44.716 10 -63.713
v 44.757 10 -63.316
v 44.748 10 -63.45
v 44.756 10 -63.013
v 44.76 10 -63.19
v 44.693 10 -62.763
v 44.738 10 -62.878
v 44.475 10 -62.505
v 44.609 10 -62.646
v 43.747 10 -61.851
v 44.28 10 -62.32
v 42.553 10 -60.965
v 43.153 10 -61.387
v 41.552 10 -60.386
v 42.001 10 -60.619
v 40.82 10 -59.543
v 40.75 10 -59.227
v 40.79 10 -59.4
v 40.485 10 -58.658
v 40.643 10 -58.969
v 40.086 10 -58.001
v 40.294 10 -58.324
v 39.757 10 -57.576
v 39.88 10 -57.72
v 39.459 10 -57.259
v 39.614 10 -57.419
v 39.144 10 -56.965
v 39.299 10 -57.104
v 38.816 10 -56.711
v 39 10 -56.85
v 38.526 10 -56.541
v 38.664 10 -56.611
v 38.226 10 -56.468
v 38.386 10 -56.496
v 37.891 10 -56.442
v 38.03 10 -56.45
v 37.611 10 -56.441
v 37.749 10 -56.44
v 22.085 10 -62.69
v 19.302 10 -63.839
v 16.563 10 -64.945
v 28.61 10 -93.08
v 29.342 10 -92.769
v 33.085 10 -58.297
v 22.213 10 -62.639
v 19.465 10 -63.775
v 14.979 10 -65.561
v 33.998 10 -67.257
v 29.136 10 -92.855
v 37.484 10 -80.343
v 40.711 10 -73.09
v 40.89 10 -59.731
v 15.139 10 -65.502
v 28.05 10 -93.23
v 28.244 10 -93.165
v 34.741 10 -86.619
v 40.243 10 -74.13
v 42.82 10 -68.36
v 34.791 10 -57.559
v 22.34 10 -62.588
v 19.614 10 -63.715
v 15.298 10 -65.442
v 28.139 10 -71.853
v 35.016 10 -66.199
v 28.094 10 -93.21
v 28.194 10 -93.176
v 28.95 10 -92.933
v 34.894 10 -86.181
v 36.991 10 -81.364
v 40.551 10 -73.415
v 40.984 10 -59.932
v 23.224 10 -62.215
v 22.467 10 -62.536
v 16.405 10 -65.009
v 15.457 10 -65.382
v 35.789 10 -65.376
v 28.678 10 -93.049
v 28.794 10 -92.999
v 35.075 10 -85.695
v 36.62 10 -82.139
v 41.26 10 -60.3
v 41.087 10 -60.116
v 34.162 10 -57.847
v 23.099 10 -62.27
v 22.594 10 -62.484
v 15.615 10 -65.321
v 29.101 10 -70.912
v 36.339 10 -64.765
v 28.143 10 -93.192
v 40.399 10 -73.753
v 41.184 10 -60.249
v 22.973 10 -62.324
v 19.742 10 -63.662
v 15.774 10 -65.26
v 29.977 10 -70.063
v 36.349 10 -82.712
v 22.847 10 -62.378
v 15.932 10 -65.198
v 30.86 10 -69.216
v 36.69 10 -64.34
v 36.156 10 -83.131
v 33.605 10 -58.088
v 22.72 10 -62.431
v 16.09 10 -65.135
v 31.84 10 -68.28
v 36.793 10 -64.182
v 35.269 10 -85.199
v 36.851 10 -64.051
v 16.248 10 -65.072
v 36.866 10 -63.955
v 32.964 10 -67.219
v 34.032 10 -66.228
v 36.839 10 -63.899
v 34.989 10 -65.355
v 36.77 10 -63.888
v 35.781 10 -64.649
v 36.66 10 -63.93
v 36.356 10 -64.158
f 697 698 699
f 700 697 701
f 702 700 703
f 704 702 705
f 706 704 707
f 708 706 709
f 710 708 711
f 712 710 713
f 714 712 715
f 716 714 717
f 718 719 720
f 721 718 722
f 723 721 724
f 725 726 727
f 728 729 730
f 731 728 732
f 733 731 734
f 735 733 736
f 737 738 739
f 740 737 741
f 742 740 743
f 744 742 745
f 746 747 748
f 749 746 750
f 751 752 753
f 754 751 755
f 756 754 757
f 758 756 759
f 760 758 761
f 762 760 763
f 764 762 765
f 766 764 767
f 768 766 769
f 770 768 771
f 772 770 773
f 774 772 775
f 776 774 777
f 778 776 779
f 780 778 781
f 782 780 783
f 784 782 785
f 786 784 787
f 788 786 789
f 790 788 791
f 792 790 793
f 794 792 795
f 796 794 797
f 798 796 799
f 800 798 801
f 802 803 804
f 805 802 806
f 807 805 808
f 809 807 810
f 811 809 812
f 813 811 814
f 815 813 816
f 817 815 818
f 819 817 820
f 821 819 822
f 823 821 824
f 825 823 826
f 827 825 828
f 829 827 830
f 831 829 832
f 833 831 834
f 835 833 836
f 837 835 838
f 839 840 841
f 842 839 843
f 844 842 845
f 846 844 847
f 848 846 849
f 850 848 851
f 852 853 854
f 855 852 856
f 857 855 858
f 859 860 861
f 862 859 863
f 864 862 865
f 866 864 867
f 868 866 869
f 870 868 871
f 872 870 873
f 874 872 875
f 876 874 877
f 878 879 880
f 881 882 883
f 884 881 885
f 886 884 887
f 888 886 889
f 890 888 891
f 892 890 893
f 894 892 895
f 896 894 897
f 898 896 899
f 900 901 902
f 903 900 904
f 905 903 906
f 907 905 908
f 909 907 910
f 911 909 912
f 913 914 915
f 916 913 917
f 918 916 919
f 920 918 921
f 922 920 923
f 924 922 925
f 926 924 927
f 928 926 929
f 930 928 931
f 932 930 933
f 934 932 935
f 936 934 937
f 938 939 940
f 941 938 942
f 943 941 944
f 945 943 946
f 947 945 948
f 949 947 950
f 951 949 952
f 953 951 954
f 955 953 956
f 957 955 958
f 959 957 960
f 697 959 698
f 702 697 700
f 708 704 706
f 712 708 710
f 716 712 714
f 721 719 718
f 726 721 723
f 728 725 729
f 733 728 731
f 737 961 738
f 742 737 740
f 746 962 747
f 963 746 749
f 754 752 751
f 758 754 756
f 762 758 760
f 766 762 764
f 770 766 768
f 774 770 772
f 778 774 776
f 782 778 780
f 786 782 784
f 790 786 788
f 794 790 792
f 798 794 796
f 805 803 802
f 809 805 807
f 813 809 811
f 817 813 815
f 821 817 819
f 825 821 823
f 829 825 827
f 833 829 831
f 837 833 835
f 842 840 839
f 846 842 844
f 850 846 848
f 855 853 852
f 964 855 857
f 859 965 860
f 864 859 862
f 868 864 866
f 872 868 870
f 876 872 874
f 884 882 881
f 888 884 886
f 892 888 890
f 896 892 894
f 903 901 900
f 907 903 905
f 911 907 909
f 916 914 913
f 920 916 918
f 924 920 922
f 928 924 926
f 932 928 930
f 936 932 934
f 941 939 938
f 945 941 943
f 949 945 947
f 953 949 951
f 957 953 955
f 697 957 959
f 704 697 702
f 712 704 708
f 721 966 719
f 725 721 726
f 735 728 733
f 737 967 961
f 744 737 742
f 746 968 962
f 754 969 752
f 762 754 758
f 770 762 766
f 778 770 774
f 786 778 782
f 794 786 790
f 800 794 798
f 805 970 803
f 813 805 809
f 821 813 817
f 829 821 825
f 837 829 833
f 842 837 840
f 850 842 846
f 964 853 855
f 859 971 965
f 868 859 864
f 876 868 872
f 884 972 882
f 892 884 888
f 898 892 896
f 903 973 901
f 911 903 907
f 920 914 916
f 928 920 924
f 936 928 932
f 941 974 939
f 949 941 945
f 957 949 953
f 704 957 697
f 716 704 712
f 725 966 721
f 735 725 728
f 744 967 737
f 963 968 746
f 754 975 969
f 770 754 762
f 786 770 778
f 800 786 794
f 813 970 805
f 829 813 821
f 842 829 837
f 976 842 850
f 964 977 853
f 868 971 859
f 978 868 876
f 892 972 884
f 979 892 898
f 911 973 903
f 920 980 914
f 936 920 928
f 949 974 941
f 704 949 957
f 981 704 716
f 735 966 725
f 744 982 967
f 963 983 968
f 754 984 975
f 786 754 770
f 985 786 800
f 813 986 970
f 842 813 829
f 987 842 976
f 964 988 977
f 868 989 971
f 990 868 978
f 892 991 972
f 911 992 973
f 936 980 920
f 949 993 974
f 981 949 704
f 994 966 735
f 744 995 982
f 996 983 963
f 754 997 984
f 985 754 786
f 813 998 986
f 987 813 842
f 999 988 964
f 868 1000 989
f 1001 868 990
f 892 1002 991
f 980 992 911
f 1003 980 936
f 949 1004 993
f 1005 949 981
f 1006 966 994
f 744 1007 995
f 754 1008 997
f 1009 754 985
f 813 1010 998
f 1011 813 987
f 1000 988 999
f 1001 1000 868
f 979 1002 892
f 980 1012 992
f 1013 980 1003
f 1005 1004 949
f 1014 966 1006
f 1015 1007 744
f 754 1016 1008
f 1017 754 1009
f 1011 1010 813
f 1001 988 1000
f 979 1018 1002
f 1013 1012 980
f 1005 1013 1004
f 1019 966 1014
f 983 1007 1015
f 754 1020 1016
f 1021 754 1017
f 1011 1022 1010
f 1001 1011 988
f 979 1023 1018
f 1013 979 1012
f 1024 1013 1005
f 1025 966 1019
f 754 1026 1020
f 1027 754 1021
f 1011 1028 1022
f 1029 1011 1001
f 1013 1023 979
f 966 1013 1024
f 1007 966 1025
f 1027 1026 754
f 1011 1030 1028
f 879 1011 1029
f 1013 878 1023
f 1007 1013 966
f 1027 1031 1026
f 879 1030 1011
f 1013 879 878
f 983 1013 1007
f 1027 996 1031
f 879 1032 1030
f 996 1013 983
f 1033 996 1027
f 1013 1032 879
f 1034 996 1033
f 1013 1035 1032
f 1036 996 1034
f 1013 1037 1035
f 1038 996 1036
f 1013 1039 1037
f 1040 996 1038
f 1013 1040 1039
f 1040 1013 996
f 1041 1042 1043
f 1042 1044 1045
f 1044 1046 1047
f 1046 1048 1049
f 1048 1050 1051
f 1050 1052 1053
f 1052 1054 1055
f 1054 1056 1057
f 1056 1058 1059
f 1058 1060 1061
f 1062 1063 1064
f 1063 1065 1066
f 1065 1067 1068
f 1069 1070 1071
f 1072 1073 1074
f 1073 1075 1076
f 1075 1077 1078
f 1077 1079 1080
f 1081 1082 1083
f 1082 1084 1085
f 1084 1086 1087
f 1086 1088 1089
f 1090 1091 1092
f 1091 1093 1094
f 1095 1096 1097
f 1096 1098 1099
f 1098 1100 1101
f 1100 1102 1103
f 1102 1104 1105
f 1104 1106 1107
f 1106 1108 1109
f 1108 1110 1111
f 1110 1112 1113
f 1112 1114 1115
f 1114 1116 1117
f 1116 1118 1119
f 1118 1120 1121
f 1120 1122 1123
f 1122 1124 1125
f 1124 1126 1127
f 1126 1128 1129
f 1128 1130 1131
f 1130 1132 1133
f 1132 1134 1135
f 1134 1136 1137
f 1136 1138 1139
f 1138 1140 1141
f 1140 1142 1143
f 1142 1144 1145
f 1146 1147 1148
f 1147 1149 1150
f 1149 1151 1152
f 1151 1153 1154
f 1153 1155 1156
f 1155 1157 1158
f 1157 1159 1160
f 1159 1161 1162
f 1161 1163 1164
f 1163 1165 1166
f 1165 1167 1168
f 1167 1169 1170
f 1169 1171 1172
f 1171 1173 1174
f 1173 1175 1176
f 1175 1177 1178
f 1177 1179 1180
f 1179 1181 1182
f 1183 1184 1185
f 1184 1186 1187
f 1186 1188 1189
f 1188 1190 1191
f 1190 1192 1193
f 1192 1194 1195
f 1196 1197 1198
f 1197 1199 1200
f 1199 1201 1202
f 1203 1204 1205
f 1204 1206 1207
f 1206 1208 1209
f 1208 1210 1211
f 1210 1212 1213
f 1212 1214 1215
f 1214 1216 1217
f 1216 1218 1219
f 1218 1220 1221
f 1222 1223 1224
f 1225 1226 1227
f 1226 1228 1229
f 1228 1230 1231
f 1230 1232 1233
f 1232 1234 1235
f 1234 1236 1237
f 1236 1238 1239
f 1238 1240 1241
f 1240 1242 1243
f 1244 1245 1246
f 1245 1247 1248
f 1247 1249 1250
f 1249 1251 1252
f 1251 1253 1254
f 1253 1255 1256
f 1257 1258 1259
f 1258 1260 1261
f 1260 1262 1263
f 1262 1264 1265
f 1264 1266 1267
f 1266 1268 1269
f 1268 1270 1271
f 1270 1272 1273
f 1272 1274 1275
f 1274 1276 1277
f 1276 1278 1279
f 1278 1280 1281
f 1282 1283 1284
f 1283 1285 1286
f 1285 1287 1288
f 1287 1289 1290
f 1289 1291 1292
f 1291 1293 1294
f 1293 1295 1296
f 1295 1297 1298
f 1297 1299 1300
f 1299 1301 1302
f 1301 1303 1304
f 1303 1042 1041
f 1042 1046 1044
f 1048 1052 1050
f 1052 1056 1054
f 1056 1060 1058
f 1062 1065 1063
f 1065 1069 1067
f 1070 1073 1072
f 1073 1077 1075
f 1305 1082 1081
f 1082 1086 1084
f 1306 1091 1090
f 1091 1307 1093
f 1095 1098 1096
f 1098 1102 1100
f 1102 1106 1104
f 1106 1110 1108
f 1110 1114 1112
f 1114 1118 1116
f 1118 1122 1120
f 1122 1126 1124
f 1126 1130 1128
f 1130 1134 1132
f 1134 1138 1136
f 1138 1142 1140
f 1146 1149 1147
f 1149 1153 1151
f 1153 1157 1155
f 1157 1161 1159
f 1161 1165 1163
f 1165 1169 1167
f 1169 1173 1171
f 1173 1177 1175
f 1177 1181 1179
f 1183 1186 1184
f 1186 1190 1188
f 1190 1194 1192
f 1196 1199 1197
f 1199 1308 1201
f 1309 1204 1203
f 1204 1208 1206
f 1208 1212 1210
f 1212 1216 1214
f 1216 1220 1218
f 1225 1228 1226
f 1228 1232 1230
f 1232 1236 1234
f 1236 1240 1238
f 1244 1247 1245
f 1247 1251 1249
f 1251 1255 1253
f 1257 1260 1258
f 1260 1264 1262
f 1264 1268 1266
f 1268 1272 1270
f 1272 1276 1274
f 1276 1280 1278
f 1282 1285 1283
f 1285 1289 1287
f 1289 1293 1291
f 1293 1297 1295
f 1297 1301 1299
f 1301 1042 1303
f 1042 1048 1046
f 1048 1056 1052
f 1310 1065 1062
f 1065 1070 1069
f 1073 1079 1077
f 1311 1082 1305
f 1082 1088 1086
f 1312 1091 1306
f 1313 1098 1095
f 1098 1106 1102
f 1106 1114 1110
f 1114 1122 1118
f 1122 1130 1126
f 1130 1138 1134
f 1138 1144 1142
f 1314 1149 1146
f 1149 1157 1153
f 1157 1165 1161
f 1165 1173 1169
f 1173 1181 1177
f 1181 1186 1183
f 1186 1194 1190
f 1196 1308 1199
f 1315 1204 1309
f 1204 1212 1208
f 1212 1220 1216
f 1316 1228 1225
f 1228 1236 1232
f 1236 1242 1240
f 1317 1247 1244
f 1247 1255 1251
f 1257 1264 1260
f 1264 1272 1268
f 1272 1280 1276
f 1318 1285 1282
f 1285 1293 1289
f 1293 1301 1297
f 1301 1048 1042
f 1048 1060 1056
f 1310 1070 1065
f 1070 1079 1073
f 1311 1088 1082
f 1312 1307 1091
f 1319 1098 1313
f 1098 1114 1106
f 1114 1130 1122
f 1130 1144 1138
f 1314 1157 1149
f 1157 1173 1165
f 1173 1186 1181
f 1186 1320 1194
f 1321 1308 1196
f 1315 1212 1204
f 1212 1322 1220
f 1316 1236 1228
f 1236 1323 1242
f 1317 1255 1247
f 1324 1264 1257
f 1264 1280 1272
f 1318 1293 1285
f 1293 1048 1301
f 1048 1325 1060
f 1310 1079 1070
f 1326 1088 1311
f 1327 1307 1312
f 1328 1098 1319
f 1098 1130 1114
f 1130 1329 1144
f 1330 1157 1314
f 1157 1186 1173
f 1186 1331 1320
f 1332 1308 1321
f 1333 1212 1315
f 1212 1334 1322
f 1335 1236 1316
f 1336 1255 1317
f 1324 1280 1264
f 1337 1293 1318
f 1293 1325 1048
f 1310 1338 1079
f 1339 1088 1326
f 1327 1340 1307
f 1341 1098 1328
f 1098 1329 1130
f 1342 1157 1330
f 1157 1331 1186
f 1332 1343 1308
f 1344 1212 1333
f 1212 1345 1334
f 1346 1236 1335
f 1336 1324 1255
f 1324 1347 1280
f 1348 1293 1337
f 1293 1349 1325
f 1310 1350 1338
f 1351 1088 1339
f 1352 1098 1341
f 1098 1353 1329
f 1354 1157 1342
f 1157 1355 1331
f 1332 1344 1343
f 1344 1345 1212
f 1346 1323 1236
f 1356 1324 1336
f 1324 1357 1347
f 1348 1349 1293
f 1310 1358 1350
f 1351 1359 1088
f 1360 1098 1352
f 1098 1361 1353
f 1354 1355 1157
f 1332 1345 1344
f 1362 1323 1346
f 1356 1357 1324
f 1357 1349 1348
f 1310 1363 1358
f 1351 1327 1359
f 1364 1098 1360
f 1098 1365 1361
f 1366 1355 1354
f 1355 1345 1332
f 1367 1323 1362
f 1323 1357 1356
f 1357 1368 1349
f 1310 1369 1363
f 1370 1098 1364
f 1098 1371 1365
f 1372 1355 1366
f 1355 1373 1345
f 1367 1357 1323
f 1357 1310 1368
f 1310 1351 1369
f 1370 1371 1098
f 1374 1355 1372
f 1355 1222 1373
f 1223 1357 1367
f 1357 1351 1310
f 1375 1371 1370
f 1374 1222 1355
f 1222 1357 1223
f 1357 1327 1351
f 1340 1371 1375
f 1376 1222 1374
f 1357 1340 1327
f 1340 1377 1371
f 1376 1357 1222
f 1340 1378 1377
f 1379 1357 1376
f 1340 1380 1378
f 1381 1357 1379
f 1340 1382 1380
f 1383 1357 1381
f 1340 1384 1382
f 1384 1357 1383
f 1357 1384 1340
f 697 1042 701
f 701 1042 1045
f 701 1045 700
f 700 1045 1044
f 700 1044 703
f 703 1044 1047
f 703 1047 702
f 702 1047 1046
f 702 1046 705
f 705 1046 1049
f 705 1049 704
f 704 1049 1048
f 704 1048 707
f 707 1048 1051
f 707 1051 706
f 706 1051 1050
f 706 1050 709
f 709 1050 1053
f 709 1053 708
f 708 1053 1052
f 708 1052 711
f 711 1052 1055
f 711 1055 710
f 710 1055 1054
f 710 1054 713
f 713 1054 1057
f 713 1057 712
f 712 1057 1056
f 712 1056 715
f 715 1056 1059
f 715 1059 714
f 714 1059 1058
f 714 1058 717
f 717 1058 1061
f 717 1061 716
f 716 1061 1060
f 716 1060 981
f 981 1060 1325
f 981 1325 1005
f 1005 1325 1349
f 1005 1349 1024
f 1024 1349 1368
f 1024 1368 966
f 966 1368 1310
f 966 1310 719
f 719 1310 1062
f 719 1062 720
f 720 1062 1064
f 720 1064 718
f 718 1064 1063
f 718 1063 722
f 722 1063 1066
f 722 1066 721
f 721 1066 1065
f 721 1065 724
f 724 1065 1068
f 724 1068 723
f 723 1068 1067
f 723 1067 726
f 726 1067 1069
f 726 1069 727
f 727 1069 1071
f 727 1071 725
f 725 1071 1070
f 725 1070 729
f 729 1070 1072
f 729 1072 730
f 730 1072 1074
f 730 1074 728
f 728 1074 1073
f 728 1073 732
f 732 1073 1076
f 732 1076 731
f 731 1076 1075
f 731 1075 734
f 734 1075 1078
f 734 1078 733
f 733 1078 1077
f 733 1077 736
f 736 1077 1080
f 736 1080 735
f 735 1080 1079
f 735 1079 994
f 994 1079 1338
f 994 1338 1006
f 1006 1338 1350
f 1006 1350 1014
f 1014 1350 1358
f 1014 1358 1019
f 1019 1358 1363
f 1019 1363 1025
f 1025 1363 1369
f 1025 1369 1007
f 1007 1369 1351
f 1007 1351 995
f 995 1351 1339
f 995 1339 982
f 982 1339 1326
f 982 1326 967
f 967 1326 1311
f 967 1311 961
f 961 1311 1305
f 961 1305 738
f 738 1305 1081
f 738 1081 739
f 739 1081 1083
f 739 1083 737
f 737 1083 1082
f 737 1082 741
f 741 1082 1085
f 741 1085 740
f 740 1085 1084
f 740 1084 743
f 743 1084 1087
f 743 1087 742
f 742 1087 1086
f 742 1086 745
f 745 1086 1089
f 745 1089 744
f 744 1089 1088
f 744 1088 1015
f 1015 1088 1359
f 1015 1359 983
f 983 1359 1327
f 983 1327 968
f 968 1327 1312
f 968 1312 962
f 962 1312 1306
f 962 1306 747
f 747 1306 1090
f 747 1090 748
f 748 1090 1092
f 748 1092 746
f 746 1092 1091
f 746 1091 750
f 750 1091 1094
f 750 1094 749
f 749 1094 1093
f 749 1093 963
f 963 1093 1307
f 963 1307 996
f 996 1307 1340
f 996 1340 1031
f 1031 1340 1375
f 1031 1375 1026
f 1026 1375 1370
f 1026 1370 1020
f 1020 1370 1364
f 1020 1364 1016
f 1016 1364 1360
f 1016 1360 1008
f 1008 1360 1352
f 1008 1352 997
f 997 1352 1341
f 997 1341 984
f 984 1341 1328
f 984 1328 975
f 975 1328 1319
f 975 1319 969
f 969 1319 1313
f 969 1313 752
f 752 1313 1095
f 752 1095 753
f 753 1095 1097
f 753 1097 751
f 751 1097 1096
f 751 1096 755
f 755 1096 1099
f 755 1099 754
f 754 1099 1098
f 754 1098 757
f 757 1098 1101
f 757 1101 756
f 756 1101 1100
f 756 1100 759
f 759 1100 1103
f 759 1103 758
f 758 1103 1102
f 758 1102 761
f 761 1102 1105
f 761 1105 760
f 760 1105 1104
f 760 1104 763
f 763 1104 1107
f 763 1107 762
f 762 1107 1106
f 762 1106 765
f 765 1106 1109
f 765 1109 764
f 764 1109 1108
f 764 1108 767
f 767 1108 1111
f 767 1111 766
f 766 1111 1110
f 766 1110 769
f 769 1110 1113
f 769 1113 768
f 768 1113 1112
f 768 1112 771
f 771 1112 1115
f 771 1115 770
f 770 1115 1114
f 770 1114 773
f 773 1114 1117
f 773 1117 772
f 772 1117 1116
f 772 1116 775
f 775 1116 1119
f 775 1119 774
f 774 1119 1118
f 774 1118 777
f 777 1118 1121
f 777 1121 776
f 776 1121 1120
f 776 1120 779
f 779 1120 1123
f 779 1123 778
f 778 1123 1122
f 778 1122 781
f 781 1122 1125
f 781 1125 780
f 780 1125 1124
f 780 1124 783
f 783 1124 1127
f 783 1127 782
f 782 1127 1126
f 782 1126 785
f 785 1126 1129
f 785 1129 784
f 784 1129 1128
f 784 1128 787
f 787 1128 1131
f 787 1131 786
f 786 1131 1130
f 786 1130 789
f 789 1130 1133
f 789 1133 788
f 788 1133 1132
f 788 1132 791
f 791 1132 1135
f 791 1135 790
f 790 1135 1134
f 790 1134 793
f 793 1134 1137
f 793 1137 792
f 792 1137 1136
f 792 1136 795
f 795 1136 1139
f 795 1139 794
f 794 1139 1138
f 794 1138 797
f 797 1138 1141
f 797 1141 796
f 796 1141 1140
f 796 1140 799
f 799 1140 1143
f 799 1143 798
f 798 1143 1142
f 798 1142 801
f 801 1142 1145
f 801 1145 800
f 800 1145 1144
f 800 1144 985
f 985 1144 1329
f 985 1329 1009
f 1009 1329 1353
f 1009 1353 1017
f 1017 1353 1361
f 1017 1361 1021
f 1021 1361 1365
f 1021 1365 1027
f 1027 1365 1371
f 1027 1371 1033
f 1033 1371 1377
f 1033 1377 1034
f 1034 1377 1378
f 1034 1378 1036
f 1036 1378 1380
f 1036 1380 1038
f 1038 1380 1382
f 1038 1382 1040
f 1040 1382 1384
f 1040 1384 1039
f 1039 1384 1383
f 1039 1383 1037
f 1037 1383 1381
f 1037 1381 1035
f 1035 1381 1379
f 1035 1379 1032
f 1032 1379 1376
f 1032 1376 1030
f 1030 1376 1374
f 1030 1374 1028
f 1028 1374 1372
f 1028 1372 1022
f 1022 1372 1366
f 1022 1366 1010
f 1010 1366 1354
f 1010 1354 998
f 998 1354 1342
f 998 1342 986
f 986 1342 1330
f 986 1330 970
f 970 1330 1314
f 970 1314 803
f 803 1314 1146
f 803 1146 804
f 804 1146 1148
f 804 1148 802
f 802 1148 1147
f 802 1147 806
f 806 1147 1150
f 806 1150 805
f 805 1150 1149
f 805 1149 808
f 808 1149 1152
f 808 1152 807
f 807 1152 1151
f 807 1151 810
f 810 1151 1154
f 810 1154 809
f 809 1154 1153
f 809 1153 812
f 812 1153 1156
f 812 1156 811
f 811 1156 1155
f 811 1155 814
f 814 1155 1158
f 814 1158 813
f 813 1158 1157
f 813 1157 816
f 816 1157 1160
f 816 1160 815
f 815 1160 1159
f 815 1159 818
f 818 1159 1162
f 818 1162 817
f 817 1162 1161
f 817 1161 820
f 820 1161 1164
f 820 1164 819
f 819 1164 1163
f 819 1163 822
f 822 1163 1166
f 822 1166 821
f 821 1166 1165
f 821 1165 824
f 824 1165 1168
f 824 1168 823
f 823 1168 1167
f 823 1167 826
f 826 1167 1170
f 826 1170 825
f 825 1170 1169
f 825 1169 828
f 828 1169 1172
f 828 1172 827
f 827 1172 1171
f 827 1171 830
f 830 1171 1174
f 830 1174 829
f 829 1174 1173
f 829 1173 832
f 832 1173 1176
f 832 1176 831
f 831 1176 1175
f 831 1175 834
f 834 1175 1178
f 834 1178 833
f 833 1178 1177
f 833 1177 836
f 836 1177 1180
f 836 1180 835
f 835 1180 1179
f 835 1179 838
f 838 1179 1182
f 838 1182 837
f 837 1182 1181
f 837 1181 840
f 840 1181 1183
f 840 1183 841
f 841 1183 1185
f 841 1185 839
f 839 1185 1184
f 839 1184 843
f 843 1184 1187
f 843 1187 842
f 842 1187 1186
f 842 1186 845
f 845 1186 1189
f 845 1189 844
f 844 1189 1188
f 844 1188 847
f 847 1188 1191
f 847 1191 846
f 846 1191 1190
f 846 1190 849
f 849 1190 1193
f 849 1193 848
f 848 1193 1192
f 848 1192 851
f 851 1192 1195
f 851 1195 850
f 850 1195 1194
f 850 1194 976
f 976 1194 1320
f 976 1320 987
f 987 1320 1331
f 987 1331 1011
f 1011 1331 1355
f 1011 1355 988
f 988 1355 1332
f 988 1332 977
f 977 1332 1321
f 977 1321 853
f 853 1321 1196
f 853 1196 854
f 854 1196 1198
f 854 1198 852
f 852 1198 1197
f 852 1197 856
f 856 1197 1200
f 856 1200 855
f 855 1200 1199
f 855 1199 858
f 858 1199 1202
f 858 1202 857
f 857 1202 1201
f 857 1201 964
f 964 1201 1308
f 964 1308 999
f 999 1308 1343
f 999 1343 1000
f 1000 1343 1344
f 1000 1344 989
f 989 1344 1333
f 989 1333 971
f 971 1333 1315
f 971 1315 965
f 965 1315 1309
f 965 1309 860
f 860 1309 1203
f 860 1203 861
f 861 1203 1205
f 861 1205 859
f 859 1205 1204
f 859 1204 863
f 863 1204 1207
f 863 1207 862
f 862 1207 1206
f 862 1206 865
f 865 1206 1209
f 865 1209 864
f 864 1209 1208
f 864 1208 867
f 867 1208 1211
f 867 1211 866
f 866 1211 1210
f 866 1210 869
f 869 1210 1213
f 869 1213 868
f 868 1213 1212
f 868 1212 871
f 871 1212 1215
f 871 1215 870
f 870 1215 1214
f 870 1214 873
f 873 1214 1217
f 873 1217 872
f 872 1217 1216
f 872 1216 875
f 875 1216 1219
f 875 1219 874
f 874 1219 1218
f 874 1218 877
f 877 1218 1221
f 877 1221 876
f 876 1221 1220
f 876 1220 978
f 978 1220 1322
f 978 1322 990
f 990 1322 1334
f 990 1334 1001
f 1001 1334 1345
f 1001 1345 1029
f 1029 1345 1373
f 1029 1373 879
f 879 1373 1222
f 879 1222 880
f 880 1222 1224
f 880 1224 878
f 878 1224 1223
f 878 1223 1023
f 1023 1223 1367
f 1023 1367 1018
f 1018 1367 1362
f 1018 1362 1002
f 1002 1362 1346
f 1002 1346 991
f 991 1346 1335
f 991 1335 972
f 972 1335 1316
f 972 1316 882
f 882 1316 1225
f 882 1225 883
f 883 1225 1227
f 883 1227 881
f 881 1227 1226
f 881 1226 885
f 885 1226 1229
f 885 1229 884
f 884 1229 1228
f 884 1228 887
f 887 1228 1231
f 887 1231 886
f 886 1231 1230
f 886 1230 889
f 889 1230 1233
f 889 1233 888
f 888 1233 1232
f 888 1232 891
f 891 1232 1235
f 891 1235 890
f 890 1235 1234
f 890 1234 893
f 893 1234 1237
f 893 1237 892
f 892 1237 1236
f 892 1236 895
f 895 1236 1239
f 895 1239 894
f 894 1239 1238
f 894 1238 897
f 897 1238 1241
f 897 1241 896
f 896 1241 1240
f 896 1240 899
f 899 1240 1243
f 899 1243 898
f 898 1243 1242
f 898 1242 979
f 979 1242 1323
f 979 1323 1012
f 1012 1323 1356
f 1012 1356 992
f 992 1356 1336
f 992 1336 973
f 973 1336 1317
f 973 1317 901
f 901 1317 1244
f 901 1244 902
f 902 1244 1246
f 902 1246 900
f 900 1246 1245
f 900 1245 904
f 904 1245 1248
f 904 1248 903
f 903 1248 1247
f 903 1247 906
f 906 1247 1250
f 906 1250 905
f 905 1250 1249
f 905 1249 908
f 908 1249 1252
f 908 1252 907
f 907 1252 1251
f 907 1251 910
f 910 1251 1254
f 910 1254 909
f 909 1254 1253
f 909 1253 912
f 912 1253 1256
f 912 1256 911
f 911 1256 1255
f 911 1255 980
f 980 1255 1324
f 980 1324 914
f 914 1324 1257
f 914 1257 915
f 915 1257 1259
f 915 1259 913
f 913 1259 1258
f 913 1258 917
f 917 1258 1261
f 917 1261 916
f 916 1261 1260
f 916 1260 919
f 919 1260 1263
f 919 1263 918
f 918 1263 1262
f 918 1262 921
f 921 1262 1265
f 921 1265 920
f 920 1265 1264
f 920 1264 923
f 923 1264 1267
f 923 1267 922
f 922 1267 1266
f 922 1266 925
f 925 1266 1269
f 925 1269 924
f 924 1269 1268
f 924 1268 927
f 927 1268 1271
f 927 1271 926
f 926 1271 1270
f 926 1270 929
f 929 1270 1273
f 929 1273 928
f 928 1273 1272
f 928 1272 931
f 931 1272 1275
f 931 1275 930
f 930 1275 1274
f 930 1274 933
f 933 1274 1277
f 933 1277 932
f 932 1277 1276
f 932 1276 935
f 935 1276 1279
f 935 1279 934
f 934 1279 1278
f 934 1278 937
f 937 1278 1281
f 937 1281 936
f 936 1281 1280
f 936 1280 1003
f 1003 1280 1347
f 1003 1347 1013
f 1013 1347 1357
f 1013 1357 1004
f 1004 1357 1348
f 1004 1348 993
f 993 1348 1337
f 993 1337 974
f 974 1337 1318
f 974 1318 939
f 939 1318 1282
f 939 1282 940
f 940 1282 1284
f 940 1284 938
f 938 1284 1283
f 938 1283 942
f 942 1283 1286
f 942 1286 941
f 941 1286 1285
f 941 1285 944
f 944 1285 1288
f 944 1288 943
f 943 1288 1287
f 943 1287 946
f 946 1287 1290
f 946 1290 945
f 945 1290 1289
f 945 1289 948
f 948 1289 1292
f 948 1292 947
f 947 1292 1291
f 947 1291 950
f 950 1291 1294
f 950 1294 949
f 949 1294 1293
f 949 1293 952
f 952 1293 1296
f 952 1296 951
f 951 1296 1295
f 951 1295 954
f 954 1295 1298
f 954 1298 953
f 953 1298 1297
f 953 1297 956
f 956 1297 1300
f 956 1300 955
f 955 1300 1299
f 955 1299 958
f 958 1299 1302
f 958 1302 957
f 957 1302 1301
f 957 1301 960
f 960 1301 1304
f 960 1304 959
f 959 1304 1303
f 959 1303 698
f 698 1303 1041
f 698 1041 699
f 699 1041 1043
f 699 1043 697
f 697 1043 1042
o 
v 61.1 0 -56.81
v 61.626 0 -56.338
v 61.396 0 -56.531
v 60.441 0 -57.476
v 60.731 0 -57.174
v 59.949 0 -58.068
v 60.193 0 -57.759
v 59.33 0 -58.94
v 59.674 0 -58.447
v 55.981 0 -62.218
v 56.9 0 -61.51
v 56.395 0 -61.89
v 55.426 0 -62.715
v 55.658 0 -62.494
v 55.24 0 -62.99
v 55.287 0 -62.881
v 55.373 0 -63.498
v 55.277 0 -63.164
v 55.653 0 -64.375
v 55.506 0 -63.925
v 55.9 0 -65.07
v 55.792 0 -64.78
v 56.174 0 -65.796
v 56.08 0 -65.53
v 56.128 0 -65.667
v 56.276 0 -66.061
v 56.222 0 -65.924
v 56.41 0 -66.4
v 56.337 0 -66.217
v 57.033 0 -68.027
v 56.84 0 -67.52
v 56.937 0 -67.776
v 57.207 0 -68.46
v 57.125 0 -68.259
v 57.32 0 -68.72
v 57.273 0 -68.618
v 58.078 0 -70.524
v 57.95 0 -70.22
v 58.342 0 -71.1
v 58.207 0 -70.814
v 58.653 0 -71.702
v 58.489 0 -71.393
v 59.65 0 -73.929
v 59.45 0 -73.43
v 59.549 0 -73.68
v 59.856 0 -74.426
v 59.752 0 -74.178
v 60.066 0 -74.92
v 59.96 0 -74.673
v 60.282 0 -75.413
v 60.174 0 -75.167
v 60.504 0 -75.902
v 60.392 0 -75.658
v 60.73 0 -76.39
v 60.616 0 -76.147
v 60.833 0 -76.624
v 60.757 0 -76.458
v 61.103 0 -77.189
v 60.951 0 -76.872
v 61.48 0 -77.97
v 61.282 0 -77.56
v 61.884 0 -78.805
v 61.685 0 -78.394
v 62.72 0 -80.61
v 62.344 0 -79.77
v 62.42 0 -79.94
v 63.133 0 -81.847
v 62.958 0 -81.292
v 63.01 0 -81.46
v 63.377 0 -82.501
v 63.248 0 -82.175
v 63.775 0 -83.372
v 63.546 0 -82.881
v 65.53 0 -87.35
v 65.095 0 -86.281
v 65.29 0 -86.78
v 65.78 0 -87.945
v 65.704 0 -87.766
v 65.71 0 -87.79
v 66.22 0 -88.689
v 65.963 0 -88.266
v 66.793 0 -89.576
v 66.51 0 -89.147
v 67.337 0 -90.289
v 67.03 0 -89.91
v 68.081 0 -91.076
v 67.694 0 -90.684
v 68.869 0 -91.773
v 68.48 0 -91.446
v 69.371 0 -92.132
v 69.23 0 -92.04
v 69.613 0 -92.287
v 69.5 0 -92.216
v 69.768 0 -92.383
v 69.703 0 -92.344
v 69.837 0 -92.415
v 69.8 0 -92.4
v 71.091 0 -92.969
v 70.5 0 -92.7
v 70.838 0 -92.855
v 71.469 0 -93.121
v 71.291 0 -93.054
v 71.88 0 -93.25
v 71.655 0 -93.182
v 72.651 0 -93.346
v 72.199 0 -93.309
v 73.689 0 -93.354
v 73.17 0 -93.361
v 74.46 0 -93.27
v 74.141 0 -93.323
v 76.302 0 -92.724
v 75.43 0 -92.99
v 77.571 0 -92.24
v 77.007 0 -92.479
v 78.39 0 -91.729
v 78.023 0 -91.994
v 78.879 0 -91.243
v 78.7 0 -91.43
v 79.219 0 -90.853
v 79.052 0 -91.051
v 79.531 0 -90.44
v 79.378 0 -90.649
v 79.814 0 -90.007
v 79.676 0 -90.226
v 80.068 0 -89.556
v 79.945 0 -89.784
v 80.291 0 -89.089
v 80.183 0 -89.324
v 80.528 0 -88.451
v 80.39 0 -88.85
v 80.69 0 -87.67
v 80.626 0 -88.077
v 80.746 0 -86.529
v 80.728 0 -87.173
v 80.743 0 -84.759
v 80.75 0 -85.68
v 80.659 0 -83.525
v 80.716 0 -84.063
v 80.411 0 -82.664
v 80.56 0 -83.081
v 79.815 0 -81.547
v 80.2 0 -82.21
v 78.126 0 -79.525
v 79.172 0 -80.704
v 74.241 0 -75.529
v 76.531 0 -77.852
v 68.57 0 -69.87
v 71.11 0 -72.4
v 73.19 0 -73.21
v 68.34 0 -68.53
v 71 0 -71.11
v 76.86 0 -76.73
v 75.17 0 -75.11
v 78.189 0 -77.989
v 77.493 0 -77.333
v 79.564 0 -79.268
v 78.896 0 -78.65
v 80.58 0 -80.18
v 80.143 0 -79.794
v 81.073 0 -80.597
v 80.851 0 -80.419
v 81.487 0 -80.843
v 81.275 0 -80.732
v 82.06 0 -81.06
v 81.739 0 -80.946
v 82.511 0 -81.199
v 82.291 0 -81.134
v 83.019 0 -81.331
v 82.745 0 -81.262
v 83.79 0 -81.51
v 83.359 0 -81.411
v 84.814 0 -81.607
v 84.227 0 -81.572
v 86.123 0 -81.597
v 85.473 0 -81.615
v 87.08 0 -81.48
v 86.685 0 -81.552
v 87.769 0 -81.252
v 87.427 0 -81.374
v 88.435 0 -80.966
v 88.105 0 -81.116
v 89.074 0 -80.623
v 88.758 0 -80.801
v 89.681 0 -80.225
v 89.382 0 -80.43
v 90.251 0 -79.776
v 89.971 0 -80.007
v 90.78 0 -79.28
v 90.521 0 -79.534
v 91.318 0 -78.686
v 91.07 0 -78.974
v 91.729 0 -78.101
v 91.534 0 -78.4
v 92.1 0 -77.4
v 91.914 0 -77.773
v 92.321 0 -76.898
v 92.219 0 -77.143
v 92.512 0 -76.342
v 92.416 0 -76.639
v 92.74 0 -75.54
v 92.617 0 -75.984
v 92.824 0 -74.679
v 92.793 0 -75.196
v 92.819 0 -73.464
v 92.832 0 -74.074
v 92.73 0 -72.57
v 92.785 0 -72.935
v 92.483 0 -71.68
v 92.62 0 -72.121
v 92.131 0 -70.826
v 92.32 0 -71.247
v 91.678 0 -70.02
v 91.917 0 -70.416
v 91.132 0 -69.275
v 91.416 0 -69.64
v 90.499 0 -68.602
v 90.826 0 -68.929
v 89.79 0 -68.01
v 90.154 0 -68.295
v 89.098 0 -67.574
v 89.446 0 -67.789
v 88.391 0 -67.161
v 88.746 0 -67.365
v 87.671 0 -66.772
v 88.033 0 -66.963
v 86.939 0 -66.407
v 87.307 0 -66.586
v 86.195 0 -66.066
v 86.568 0 -66.233
v 85.44 0 -65.75
v 85.819 0 -65.905
v 84.319 0 -65.29
v 84.88 0 -65.519
v 83.196 0 -64.836
v 83.758 0 -65.062
v 82.071 0 -64.388
v 82.634 0 -64.611
v 80.943 0 -63.946
v 81.507 0 -64.166
v 79.813 0 -63.51
v 80.378 0 -63.727
v 78.68 0 -63.08
v 79.247 0 -63.294
v 73.69 0 -60.97
v 74.935 0 -61.541
v 74.51 0 -61.34
v 73.1 0 -60.72
v 73.38 0 -60.843
v 73.246 0 -60.784
v 72.961 0 -60.651
v 73.031 0 -60.685
v 72.819 0 -60.587
v 72.89 0 -60.618
v 72.675 0 -60.529
v 72.747 0 -60.557
v 72.529 0 -60.476
v 72.602 0 -60.502
v 72.38 0 -60.43
v 72.455 0 -60.453
v 72.23 0 -60.39
v 72.305 0 -60.409
v 71.913 0 -60.245
v 72.079 0 -60.317
v 71.464 0 -60.075
v 71.714 0 -60.166
v 70.74 0 -59.83
v 71.146 0 -59.965
v 66.721 0 -58.243
v 68.37 0 -58.94
v 66.98 0 -58.35
v 63.778 0 -56.95
v 64.154 0 -57.118
v 63.9 0 -57
v 62.092 0 -56.182
v 62.414 0 -56.328
v 62.23 0 -56.24
v 61.807 0 -56.221
v 61.957 0 -56.172
v 58.84 0 -72.04
v 64.09 0 -84.03
v 65.578 0 -87.458
v 65.686 0 -87.716
v 69.915 0 -92.447
v 66.698 0 -66.941
v 75.277 0 -61.7
v 73.496 0 -60.894
v 70.612 0 -59.788
v 66.462 0 -58.135
v 64.409 0 -57.235
v 62.736 0 -56.477
v 57.342 0 -61.161
v 62.904 0 -81.124
v 64.348 0 -84.575
v 64.919 0 -85.849
v 65.658 0 -87.645
v 70.026 0 -92.494
v 70.325 0 -92.623
v 73.657 0 -60.961
v 64.664 0 -57.351
v 63.121 0 -56.654
v 62.85 0 -80.964
v 65.621 0 -87.557
v 66.706 0 -68.007
v 73.59 0 -60.934
v 70.484 0 -59.746
v 63.494 0 -56.823
v 57.768 0 -60.781
v 59.324 0 -73.13
v 70.165 0 -92.553
v 65.391 0 -66.681
v 65.41 0 -65.711
v 78.3 0 -62.93
v 70.356 0 -59.703
v 58.179 0 -60.371
v 59.199 0 -72.839
v 62.8 0 -80.819
v 70.229 0 -59.659
v 58.576 0 -59.929
v 58.896 0 -72.157
v 59.081 0 -72.57
v 62.755 0 -80.699
v 64.746 0 -85.446
v 64.439 0 -64.81
v 76.99 0 -62.41
v 75.596 0 -61.841
v 70.102 0 -59.614
v 64.92 0 -57.466
v 58.959 0 -59.452
v 58.978 0 -72.338
v 64.561 0 -85.034
v 64.501 0 -65.767
v 63.75 0 -64.206
v 76.394 0 -62.172
v 65.176 0 -57.58
v 62.066 0 -79.184
v 63.309 0 -63.866
v 75.949 0 -61.99
v 65.432 0 -57.693
v 62.223 0 -79.511
v 69.975 0 -59.569
v 65.689 0 -57.805
v 63.08 0 -63.76
v 69.849 0 -59.522
v 65.946 0 -57.916
v 63.909 0 -65.135
v 66.204 0 -58.026
v 63.49 0 -64.66
v 62.976 0 -63.779
v 63.239 0 -64.357
v 69.722 0 -59.475
v 63.066 0 -64.124
v 69.596 0 -59.428
v 69.22 0 -59.28
v 69.471 0 -59.379
v 69.345 0 -59.33
v 62.966 0 -63.955
v 62.937 0 -63.842
v 61.626 10 -56.338
v 61.1 10 -56.81
v 61.396 10 -56.531
v 60.441 10 -57.476
v 60.731 10 -57.174
v 59.949 10 -58.068
v 60.193 10 -57.759
v 59.33 10 -58.94
v 59.674 10 -58.447
v 56.9 10 -61.51
v 55.981 10 -62.218
v 56.395 10 -61.89
v 55.426 10 -62.715
v 55.658 10 -62.494
v 55.24 10 -62.99
v 55.287 10 -62.881
v 55.373 10 -63.498
v 55.277 10 -63.164
v 55.653 10 -64.375
v 55.506 10 -63.925
v 55.9 10 -65.07
v 55.792 10 -64.78
v 56.08 10 -65.53
v 56.174 10 -65.796
v 56.128 10 -65.667
v 56.276 10 -66.061
v 56.222 10 -65.924
v 56.41 10 -66.4
v 56.337 10 -66.217
v 56.84 10 -67.52
v 57.033 10 -68.027
v 56.937 10 -67.776
v 57.207 10 -68.46
v 57.125 10 -68.259
v 57.32 10 -68.72
v 57.273 10 -68.618
v 58.078 10 -70.524
v 57.95 10 -70.22
v 58.342 10 -71.1
v 58.207 10 -70.814
v 58.653 10 -71.702
v 58.489 10 -71.393
v 59.45 10 -73.43
v 59.65 10 -73.929
v 59.549 10 -73.68
v 59.856 10 -74.426
v 59.752 10 -74.178
v 60.066 10 -74.92
v 59.96 10 -74.673
v 60.282 10 -75.413
v 60.174 10 -75.167
v 60.504 10 -75.902
v 60.392 10 -75.658
v 60.73 10 -76.39
v 60.616 10 -76.147
v 60.833 10 -76.624
v 60.757 10 -76.458
v 61.103 10 -77.189
v 60.951 10 -76.872
v 61.48 10 -77.97
v 61.282 10 -77.56
v 61.884 10 -78.805
v 61.685 10 -78.394
v 62.344 10 -79.77
v 62.72 10 -80.61
v 62.42 10 -79.94
v 62.958 10 -81.292
v 63.133 10 -81.847
v 63.01 10 -81.46
v 63.377 10 -82.501
v 63.248 10 -82.175
v 63.775 10 -83.372
v 63.546 10 -82.881
v 65.095 10 -86.281
v 65.53 10 -87.35
v 65.29 10 -86.78
v 65.704 10 -87.766
v 65.78 10 -87.945
v 65.71 10 -87.79
v 66.22 10 -88.689
v 65.963 10 -88.266
v 66.793 10 -89.576
v 66.51 10 -89.147
v 67.337 10 -90.289
v 67.03 10 -89.91
v 68.081 10 -91.076
v 67.694 10 -90.684
v 68.869 10 -91.773
v 68.48 10 -91.446
v 69.371 10 -92.132
v 69.23 10 -92.04
v 69.613 10 -92.287
v 69.5 10 -92.216
v 69.768 10 -92.383
v 69.703 10 -92.344
v 69.837 10 -92.415
v 69.8 10 -92.4
v 70.5 10 -92.7
v 71.091 10 -92.969
v 70.838 10 -92.855
v 71.469 10 -93.121
v 71.291 10 -93.054
v 71.88 10 -93.25
v 71.655 10 -93.182
v 72.651 10 -93.346
v 72.199 10 -93.309
v 73.689 10 -93.354
v 73.17 10 -93.361
v 74.46 10 -93.27
v 74.141 10 -93.323
v 76.302 10 -92.724
v 75.43 10 -92.99
v 77.571 10 -92.24
v 77.007 10 -92.479
v 78.39 10 -91.729
v 78.023 10 -91.994
v 78.879 10 -91.243
v 78.7 10 -91.43
v 79.219 10 -90.853
v 79.052 10 -91.051
v 79.531 10 -90.44
v 79.378 10 -90.649
v 79.814 10 -90.007
v 79.676 10 -90.226
v 80.068 10 -89.556
v 79.945 10 -89.784
v 80.291 10 -89.089
v 80.183 10 -89.324
v 80.528 10 -88.451
v 80.39 10 -88.85
v 80.69 10 -87.67
v 80.626 10 -88.077
v 80.746 10 -86.529
v 80.728 10 -87.173
v 80.743 10 -84.759
v 80.75 10 -85.68
v 80.659 10 -83.525
v 80.716 10 -84.063
v 80.411 10 -82.664
v 80.56 10 -83.081
v 79.815 10 -81.547
v 80.2 10 -82.21
v 78.126 10 -79.525
v 79.172 10 -80.704
v 74.241 10 -75.529
v 76.531 10 -77.852
v 68.57 10 -69.87
v 71.11 10 -72.4
v 68.34 10 -68.53
v 73.19 10 -73.21
v 71 10 -71.11
v 76.86 10 -76.73
v 75.17 10 -75.11
v 78.189 10 -77.989
v 77.493 10 -77.333
v 79.564 10 -79.268
v 78.896 10 -78.65
v 80.58 10 -80.18
v 80.143 10 -79.794
v 81.073 10 -80.597
v 80.851 10 -80.419
v 81.487 10 -80.843
v 81.275 10 -80.732
v 82.06 10 -81.06
v 81.739 10 -80.946
v 82.511 10 -81.199
v 82.291 10 -81.134
v 83.019 10 -81.331
v 82.745 10 -81.262
v 83.79 10 -81.51
v 83.359 10 -81.411
v 84.814 10 -81.607
v 84.227 10 -81.572
v 86.123 10 -81.597
v 85.473 10 -81.615
v 87.08 10 -81.48
v 86.685 10 -81.552
v 87.769 10 -81.252
v 87.427 10 -81.374
v 88.435 10 -80.966
v 88.105 10 -81.116
v 89.074 10 -80.623
v 88.758 10 -80.801
v 89.681 10 -80.225
v 89.382 10 -80.43
v 90.251 10 -79.776
v 89.971 10 -80.007
v 90.78 10 -79.28
v 90.521 10 -79.534
v 91.318 10 -78.686
v 91.07 10 -78.974
v 91.729 10 -78.101
v 91.534 10 -78.4
v 92.1 10 -77.4
v 91.914 10 -77.773
v 92.321 10 -76.898
v 92.219 10 -77.143
v 92.512 10 -76.342
v 92.416 10 -76.639
v 92.74 10 -75.54
v 92.617 10 -75.984
v 92.824 10 -74.679
v 92.793 10 -75.196
v 92.819 10 -73.464
v 92.832 10 -74.074
v 92.73 10 -72.57
v 92.785 10 -72.935
v 92.483 10 -71.68
v 92.62 10 -72.121
v 92.131 10 -70.826
v 92.32 10 -71.247
v 91.678 10 -70.02
v 91.917 10 -70.416
v 91.132 10 -69.275
v 91.416 10 -69.64
v 90.499 10 -68.602
v 90.826 10 -68.929
v 89.79 10 -68.01
v 90.154 10 -68.295
v 89.098 10 -67.574
v 89.446 10 -67.789
v 88.391 10 -67.161
v 88.746 10 -67.365
v 87.671 10 -66.772
v 88.033 10 -66.963
v 86.939 10 -66.407
v 87.307 10 -66.586
v 86.195 10 -66.066
v 86.568 10 -66.233
v 85.44 10 -65.75
v 85.819 10 -65.905
v 84.319 10 -65.29
v 84.88 10 -65.519
v 83.196 10 -64.836
v 83.758 10 -65.062
v 82.071 10 -64.388
v 82.634 10 -64.611
v 80.943 10 -63.946
v 81.507 10 -64.166
v 79.813 10 -63.51
v 80.378 10 -63.727
v 78.68 10 -63.08
v 79.247 10 -63.294
v 74.935 10 -61.541
v 73.69 10 -60.97
v 74.51 10 -61.34
v 73.38 10 -60.843
v 73.1 10 -60.72
v 73.246 10 -60.784
v 72.961 10 -60.651
v 73.031 10 -60.685
v 72.819 10 -60.587
v 72.89 10 -60.618
v 72.675 10 -60.529
v 72.747 10 -60.557
v 72.529 10 -60.476
v 72.602 10 -60.502
v 72.38 10 -60.43
v 72.455 10 -60.453
v 72.23 10 -60.39
v 72.305 10 -60.409
v 71.913 10 -60.245
v 72.079 10 -60.317
v 71.464 10 -60.075
v 71.714 10 -60.166
v 70.74 10 -59.83
v 71.146 10 -59.965
v 68.37 10 -58.94
v 66.721 10 -58.243
v 66.98 10 -58.35
v 64.154 10 -57.118
v 63.778 10 -56.95
v 63.9 10 -57
v 62.414 10 -56.328
v 62.092 10 -56.182
v 62.23 10 -56.24
v 61.807 10 -56.221
v 61.957 10 -56.172
v 58.84 10 -72.04
v 64.09 10 -84.03
v 65.578 10 -87.458
v 65.686 10 -87.716
v 69.915 10 -92.447
v 66.698 10 -66.941
v 75.277 10 -61.7
v 73.496 10 -60.894
v 70.612 10 -59.788
v 66.462 10 -58.135
v 64.409 10 -57.235
v 62.736 10 -56.477
v 57.342 10 -61.161
v 62.904 10 -81.124
v 64.348 10 -84.575
v 64.919 10 -85.849
v 65.658 10 -87.645
v 70.026 10 -92.494
v 70.325 10 -92.623
v 73.657 10 -60.961
v 64.664 10 -57.351
v 63.121 10 -56.654
v 62.85 10 -80.964
v 65.621 10 -87.557
v 66.706 10 -68.007
v 73.59 10 -60.934
v 70.484 10 -59.746
v 63.494 10 -56.823
v 57.768 10 -60.781
v 59.324 10 -73.13
v 70.165 10 -92.553
v 65.391 10 -66.681
v 65.41 10 -65.711
v 78.3 10 -62.93
v 70.356 10 -59.703
v 58.179 10 -60.371
v 59.199 10 -72.839
v 62.8 10 -80.819
v 70.229 10 -59.659
v 58.576 10 -59.929
v 58.896 10 -72.157
v 59.081 10 -72.57
v 62.755 10 -80.699
v 64.746 10 -85.446
v 64.439 10 -64.81
v 76.99 10 -62.41
v 75.596 10 -61.841
v 70.102 10 -59.614
v 64.92 10 -57.466
v 58.959 10 -59.452
v 58.978 10 -72.338
v 64.561 10 -85.034
v 64.501 10 -65.767
v 63.75 10 -64.206
v 76.394 10 -62.172
v 65.176 10 -57.58
v 62.066 10 -79.184
v 63.309 10 -63.866
v 75.949 10 -61.99
v 65.432 10 -57.693
v 62.223 10 -79.511
v 69.975 10 -59.569
v 65.689 10 -57.805
v 63.08 10 -63.76
v 69.849 10 -59.522
v 65.946 10 -57.916
v 63.909 10 -65.135
v 66.204 10 -58.026
v 63.49 10 -64.66
v 62.976 10 -63.779
v 63.239 10 -64.357
v 69.722 10 -59.475
v 63.066 10 -64.124
v 69.596 10 -59.428
v 69.22 10 -59.28
v 69.471 10 -59.379
v 69.345 10 -59.33
v 62.966 10 -63.955
v 62.937 10 -63.842
f 1385 1386 1387
f 1388 1385 1389
f 1390 1388 1391
f 1392 1390 1393
f 1394 1395 1396
f 1397 1394 1398
f 1399 1397 1400
f 1401 1399 1402
f 1403 1401 1404
f 1405 1403 1406
f 1407 1408 1409
f 1410 1407 1411
f 1412 1410 1413
f 1414 1415 1416
f 1417 1414 1418
f 1419 1417 1420
f 1421 1419 1422
f 1423 1421 1424
f 1425 1423 1426
f 1427 1428 1429
f 1430 1427 1431
f 1432 1430 1433
f 1434 1432 1435
f 1436 1434 1437
f 1438 1436 1439
f 1440 1438 1441
f 1442 1440 1443
f 1444 1442 1445
f 1446 1444 1447
f 1448 1449 1450
f 1451 1452 1453
f 1454 1451 1455
f 1456 1454 1457
f 1458 1459 1460
f 1461 1462 1463
f 1464 1461 1465
f 1466 1464 1467
f 1468 1466 1469
f 1470 1468 1471
f 1472 1470 1473
f 1474 1472 1475
f 1476 1474 1477
f 1478 1476 1479
f 1480 1478 1481
f 1482 1483 1484
f 1485 1482 1486
f 1487 1485 1488
f 1489 1487 1490
f 1491 1489 1492
f 1493 1491 1494
f 1495 1493 1496
f 1497 1495 1498
f 1499 1497 1500
f 1501 1499 1502
f 1503 1501 1504
f 1505 1503 1506
f 1507 1505 1508
f 1509 1507 1510
f 1511 1509 1512
f 1513 1511 1514
f 1515 1513 1516
f 1517 1515 1518
f 1519 1517 1520
f 1521 1519 1522
f 1523 1521 1524
f 1525 1523 1526
f 1527 1525 1528
f 1529 1527 1530
f 1531 1529 1532
f 1533 1534 1535
f 1536 1533 1537
f 1538 1536 1539
f 1540 1538 1541
f 1542 1540 1543
f 1544 1542 1545
f 1546 1544 1547
f 1548 1546 1549
f 1550 1548 1551
f 1552 1550 1553
f 1554 1552 1555
f 1556 1554 1557
f 1558 1556 1559
f 1560 1558 1561
f 1562 1560 1563
f 1564 1562 1565
f 1566 1564 1567
f 1568 1566 1569
f 1570 1568 1571
f 1572 1570 1573
f 1574 1572 1575
f 1576 1574 1577
f 1578 1576 1579
f 1580 1578 1581
f 1582 1580 1583
f 1584 1582 1585
f 1586 1584 1587
f 1588 1586 1589
f 1590 1588 1591
f 1592 1590 1593
f 1594 1592 1595
f 1596 1594 1597
f 1598 1596 1599
f 1600 1598 1601
f 1602 1600 1603
f 1604 1602 1605
f 1606 1604 1607
f 1608 1606 1609
f 1610 1608 1611
f 1612 1610 1613
f 1614 1612 1615
f 1616 1614 1617
f 1618 1616 1619
f 1620 1618 1621
f 1622 1620 1623
f 1624 1622 1625
f 1626 1624 1627
f 1628 1629 1630
f 1631 1632 1633
f 1634 1631 1635
f 1636 1634 1637
f 1638 1636 1639
f 1640 1638 1641
f 1642 1640 1643
f 1644 1642 1645
f 1646 1644 1647
f 1648 1646 1649
f 1650 1648 1651
f 1652 1653 1654
f 1655 1656 1657
f 1658 1659 1660
f 1661 1658 1662
f 1385 1661 1386
f 1390 1385 1388
f 1397 1395 1394
f 1401 1397 1399
f 1405 1401 1403
f 1410 1408 1407
f 1417 1415 1414
f 1423 1419 1421
f 1663 1423 1425
f 1430 1428 1427
f 1434 1430 1432
f 1438 1434 1436
f 1442 1438 1440
f 1446 1442 1444
f 1454 1452 1451
f 1664 1454 1456
f 1665 1459 1458
f 1461 1666 1462
f 1466 1461 1464
f 1470 1466 1468
f 1474 1470 1472
f 1478 1474 1476
f 1667 1478 1480
f 1485 1483 1482
f 1489 1485 1487
f 1493 1489 1491
f 1497 1493 1495
f 1501 1497 1499
f 1505 1501 1503
f 1509 1505 1507
f 1513 1509 1511
f 1517 1513 1515
f 1521 1517 1519
f 1525 1521 1523
f 1529 1525 1527
f 1533 1668 1534
f 1538 1533 1536
f 1542 1538 1540
f 1546 1542 1544
f 1550 1546 1548
f 1554 1550 1552
f 1558 1554 1556
f 1562 1558 1560
f 1566 1562 1564
f 1570 1566 1568
f 1574 1570 1572
f 1578 1574 1576
f 1582 1578 1580
f 1586 1582 1584
f 1590 1586 1588
f 1594 1590 1592
f 1598 1594 1596
f 1602 1598 1600
f 1606 1602 1604
f 1610 1606 1608
f 1614 1610 1612
f 1618 1614 1616
f 1622 1618 1620
f 1626 1622 1624
f 1628 1669 1629
f 1631 1670 1632
f 1636 1631 1634
f 1640 1636 1638
f 1644 1640 1642
f 1648 1644 1646
f 1671 1648 1650
f 1672 1653 1652
f 1655 1673 1656
f 1658 1674 1659
f 1385 1658 1661
f 1392 1385 1390
f 1397 1675 1395
f 1405 1397 1401
f 1412 1408 1410
f 1417 1412 1415
f 1663 1419 1423
f 1434 1428 1430
f 1442 1434 1438
f 1454 1676 1452
f 1677 1454 1664
f 1665 1678 1459
f 1461 1679 1666
f 1470 1461 1466
f 1478 1470 1474
f 1680 1478 1667
f 1485 1681 1483
f 1493 1485 1489
f 1501 1493 1497
f 1509 1501 1505
f 1517 1509 1513
f 1525 1517 1521
f 1531 1525 1529
f 1538 1668 1533
f 1546 1538 1542
f 1554 1546 1550
f 1562 1554 1558
f 1570 1562 1566
f 1578 1570 1574
f 1586 1578 1582
f 1594 1586 1590
f 1602 1594 1598
f 1610 1602 1606
f 1618 1610 1614
f 1626 1618 1622
f 1682 1669 1628
f 1640 1631 1636
f 1671 1644 1648
f 1655 1683 1673
f 1658 1684 1674
f 1392 1658 1385
f 1405 1675 1397
f 1417 1408 1412
f 1663 1417 1419
f 1442 1428 1434
f 1454 1685 1676
f 1686 1678 1665
f 1470 1679 1461
f 1680 1470 1478
f 1493 1681 1485
f 1509 1493 1501
f 1525 1509 1517
f 1687 1525 1531
f 1546 1668 1538
f 1562 1546 1554
f 1578 1562 1570
f 1594 1578 1586
f 1610 1594 1602
f 1626 1610 1618
f 1688 1669 1682
f 1640 1670 1631
f 1689 1644 1671
f 1690 1683 1655
f 1392 1684 1658
f 1405 1691 1675
f 1663 1408 1417
f 1442 1692 1428
f 1677 1685 1454
f 1679 1678 1686
f 1680 1679 1470
f 1493 1693 1681
f 1525 1493 1509
f 1694 1525 1687
f 1546 1695 1668
f 1578 1546 1562
f 1610 1578 1594
f 1696 1610 1626
f 1670 1669 1688
f 1644 1670 1640
f 1697 1644 1689
f 1392 1690 1684
f 1405 1698 1691
f 1663 1405 1408
f 1442 1699 1692
f 1677 1700 1685
f 1680 1678 1679
f 1493 1680 1693
f 1694 1493 1525
f 1578 1695 1546
f 1696 1578 1610
f 1644 1669 1670
f 1701 1644 1697
f 1392 1683 1690
f 1405 1702 1698
f 1703 1405 1663
f 1442 1704 1699
f 1677 1705 1700
f 1680 1706 1678
f 1694 1680 1493
f 1578 1707 1695
f 1708 1578 1696
f 1644 1709 1669
f 1710 1644 1701
f 1392 1711 1683
f 1405 1712 1702
f 1713 1405 1703
f 1446 1704 1442
f 1677 1448 1705
f 1680 1714 1706
f 1715 1680 1694
f 1578 1716 1707
f 1717 1578 1708
f 1710 1709 1644
f 1392 1718 1711
f 1405 1392 1712
f 1704 1405 1713
f 1719 1704 1446
f 1714 1448 1677
f 1715 1714 1680
f 1578 1720 1716
f 1721 1578 1717
f 1710 1721 1709
f 1392 1722 1718
f 1704 1392 1405
f 1723 1704 1719
f 1715 1448 1714
f 1721 1720 1578
f 1724 1721 1710
f 1392 1725 1722
f 1723 1392 1704
f 1715 1449 1448
f 1721 1726 1720
f 1727 1721 1724
f 1392 1728 1725
f 1449 1392 1723
f 1729 1449 1715
f 1727 1726 1721
f 1392 1730 1728
f 1731 1449 1729
f 1727 1732 1726
f 1392 1672 1730
f 1733 1449 1731
f 1734 1732 1727
f 1392 1653 1672
f 1735 1449 1733
f 1736 1732 1734
f 1392 1737 1653
f 1735 1392 1449
f 1738 1732 1736
f 1392 1739 1737
f 1740 1392 1735
f 1739 1732 1738
f 1741 1392 1740
f 1392 1732 1739
f 1732 1392 1741
f 1742 1743 1744
f 1743 1745 1746
f 1745 1747 1748
f 1747 1749 1750
f 1751 1752 1753
f 1752 1754 1755
f 1754 1756 1757
f 1756 1758 1759
f 1758 1760 1761
f 1760 1762 1763
f 1764 1765 1766
f 1765 1767 1768
f 1767 1769 1770
f 1771 1772 1773
f 1772 1774 1775
f 1774 1776 1777
f 1776 1778 1779
f 1778 1780 1781
f 1780 1782 1783
f 1784 1785 1786
f 1785 1787 1788
f 1787 1789 1790
f 1789 1791 1792
f 1791 1793 1794
f 1793 1795 1796
f 1795 1797 1798
f 1797 1799 1800
f 1799 1801 1802
f 1801 1803 1804
f 1805 1806 1807
f 1808 1809 1810
f 1809 1811 1812
f 1811 1813 1814
f 1815 1816 1817
f 1818 1819 1820
f 1819 1821 1822
f 1821 1823 1824
f 1823 1825 1826
f 1825 1827 1828
f 1827 1829 1830
f 1829 1831 1832
f 1831 1833 1834
f 1833 1835 1836
f 1835 1837 1838
f 1839 1840 1841
f 1840 1842 1843
f 1842 1844 1845
f 1844 1846 1847
f 1846 1848 1849
f 1848 1850 1851
f 1850 1852 1853
f 1852 1854 1855
f 1854 1856 1857
f 1856 1858 1859
f 1858 1860 1861
f 1860 1862 1863
f 1862 1864 1865
f 1864 1866 1867
f 1866 1868 1869
f 1868 1870 1871
f 1870 1872 1873
f 1872 1874 1875
f 1874 1876 1877
f 1876 1878 1879
f 1878 1880 1881
f 1880 1882 1883
f 1882 1884 1885
f 1884 1886 1887
f 1886 1888 1889
f 1890 1891 1892
f 1891 1893 1894
f 1893 1895 1896
f 1895 1897 1898
f 1897 1899 1900
f 1899 1901 1902
f 1901 1903 1904
f 1903 1905 1906
f 1905 1907 1908
f 1907 1909 1910
f 1909 1911 1912
f 1911 1913 1914
f 1913 1915 1916
f 1915 1917 1918
f 1917 1919 1920
f 1919 1921 1922
f 1921 1923 1924
f 1923 1925 1926
f 1925 1927 1928
f 1927 1929 1930
f 1929 1931 1932
f 1931 1933 1934
f 1933 1935 1936
f 1935 1937 1938
f 1937 1939 1940
f 1939 1941 1942
f 1941 1943 1944
f 1943 1945 1946
f 1945 1947 1948
f 1947 1949 1950
f 1949 1951 1952
f 1951 1953 1954
f 1953 1955 1956
f 1955 1957 1958
f 1957 1959 1960
f 1959 1961 1962
f 1961 1963 1964
f 1963 1965 1966
f 1965 1967 1968
f 1967 1969 1970
f 1969 1971 1972
f 1971 1973 1974
f 1973 1975 1976
f 1975 1977 1978
f 1977 1979 1980
f 1979 1981 1982
f 1981 1983 1984
f 1985 1986 1987
f 1988 1989 1990
f 1989 1991 1992
f 1991 1993 1994
f 1993 1995 1996
f 1995 1997 1998
f 1997 1999 2000
f 1999 2001 2002
f 2001 2003 2004
f 2003 2005 2006
f 2005 2007 2008
f 2009 2010 2011
f 2012 2013 2014
f 2015 2016 2017
f 2016 2018 2019
f 2018 1743 1742
f 1743 1747 1745
f 1751 1754 1752
f 1754 1758 1756
f 1758 1762 1760
f 1764 1767 1765
f 1771 1774 1772
f 1776 1780 1778
f 1780 2020 1782
f 1784 1787 1785
f 1787 1791 1789
f 1791 1795 1793
f 1795 1799 1797
f 1799 1803 1801
f 1808 1811 1809
f 1811 2021 1813
f 1815 2022 1816
f 2023 1819 1818
f 1819 1823 1821
f 1823 1827 1825
f 1827 1831 1829
f 1831 1835 1833
f 1835 2024 1837
f 1839 1842 1840
f 1842 1846 1844
f 1846 1850 1848
f 1850 1854 1852
f 1854 1858 1856
f 1858 1862 1860
f 1862 1866 1864
f 1866 1870 1868
f 1870 1874 1872
f 1874 1878 1876
f 1878 1882 1880
f 1882 1886 1884
f 2025 1891 1890
f 1891 1895 1893
f 1895 1899 1897
f 1899 1903 1901
f 1903 1907 1905
f 1907 1911 1909
f 1911 1915 1913
f 1915 1919 1917
f 1919 1923 1921
f 1923 1927 1925
f 1927 1931 1929
f 1931 1935 1933
f 1935 1939 1937
f 1939 1943 1941
f 1943 1947 1945
f 1947 1951 1949
f 1951 1955 1953
f 1955 1959 1957
f 1959 1963 1961
f 1963 1967 1965
f 1967 1971 1969
f 1971 1975 1973
f 1975 1979 1977
f 1979 1983 1981
f 2026 1986 1985
f 2027 1989 1988
f 1989 1993 1991
f 1993 1997 1995
f 1997 2001 1999
f 2001 2005 2003
f 2005 2028 2007
f 2009 2029 2010
f 2030 2013 2012
f 2031 2016 2015
f 2016 1743 2018
f 1743 1749 1747
f 2032 1754 1751
f 1754 1762 1758
f 1764 1769 1767
f 1769 1774 1771
f 1776 2020 1780
f 1784 1791 1787
f 1791 1799 1795
f 2033 1811 1808
f 1811 2034 2021
f 2035 2022 1815
f 2036 1819 2023
f 1819 1827 1823
f 1827 1835 1831
f 1835 2037 2024
f 2038 1842 1839
f 1842 1850 1846
f 1850 1858 1854
f 1858 1866 1862
f 1866 1874 1870
f 1874 1882 1878
f 1882 1888 1886
f 2025 1895 1891
f 1895 1903 1899
f 1903 1911 1907
f 1911 1919 1915
f 1919 1927 1923
f 1927 1935 1931
f 1935 1943 1939
f 1943 1951 1947
f 1951 1959 1955
f 1959 1967 1963
f 1967 1975 1971
f 1975 1983 1979
f 2026 2039 1986
f 1989 1997 1993
f 2001 2028 2005
f 2040 2013 2030
f 2041 2016 2031
f 2016 1749 1743
f 2032 1762 1754
f 1764 1774 1769
f 1774 2020 1776
f 1784 1799 1791
f 2042 1811 2033
f 2035 2043 2022
f 2036 1827 1819
f 1827 2037 1835
f 2038 1850 1842
f 1850 1866 1858
f 1866 1882 1874
f 1882 2044 1888
f 2025 1903 1895
f 1903 1919 1911
f 1919 1935 1927
f 1935 1951 1943
f 1951 1967 1959
f 1967 1983 1975
f 2026 2045 2039
f 2027 1997 1989
f 2001 2046 2028
f 2040 2047 2013
f 2041 1749 2016
f 2048 1762 2032
f 1764 2020 1774
f 2049 1799 1784
f 2042 2034 1811
f 2035 2036 2043
f 2036 2037 1827
f 2050 1850 2038
f 1850 1882 1866
f 1882 2051 2044
f 2052 1903 2025
f 1903 1935 1919
f 1935 1967 1951
f 1967 2053 1983
f 2026 2027 2045
f 2027 2001 1997
f 2001 2054 2046
f 2047 1749 2041
f 2055 1762 2048
f 1762 2020 1764
f 2056 1799 2049
f 2057 2034 2042
f 2035 2037 2036
f 2037 1850 2050
f 1850 2051 1882
f 2052 1935 1903
f 1935 2053 1967
f 2026 2001 2027
f 2001 2058 2054
f 2040 1749 2047
f 2059 1762 2055
f 1762 2060 2020
f 2061 1799 2056
f 2062 2034 2057
f 2063 2037 2035
f 2037 2051 1850
f 2064 1935 2052
f 1935 2065 2053
f 2066 2001 2026
f 2001 2067 2058
f 2068 1749 2040
f 2069 1762 2059
f 1762 2070 2060
f 2061 1803 1799
f 1806 2034 2062
f 2071 2037 2063
f 2037 2072 2051
f 2073 1935 2064
f 1935 2074 2065
f 2066 2067 2001
f 2075 1749 2068
f 1749 1762 2069
f 1762 2061 2070
f 2061 2076 1803
f 1806 2071 2034
f 2071 2072 2037
f 2077 1935 2073
f 1935 2078 2074
f 2078 2067 2066
f 2079 1749 2075
f 1749 2061 1762
f 2061 2080 2076
f 1806 2072 2071
f 2077 2078 1935
f 2078 2081 2067
f 2082 1749 2079
f 1749 2080 2061
f 1805 2072 1806
f 2083 2078 2077
f 2078 2084 2081
f 2085 1749 2082
f 1749 1805 2080
f 1805 2086 2072
f 2083 2084 2078
f 2087 1749 2085
f 1805 2088 2086
f 2089 2084 2083
f 2029 1749 2087
f 1805 2090 2088
f 2089 2091 2084
f 2009 1749 2029
f 1805 2092 2090
f 2089 2093 2091
f 2094 1749 2009
f 1749 2092 1805
f 2089 2095 2093
f 2096 1749 2094
f 1749 2097 2092
f 2089 2096 2095
f 1749 2098 2097
f 2089 1749 2096
f 1749 2089 2098
f 1385 1743 1389
f 1389 1743 1746
f 1389 1746 1388
f 1388 1746 1745
f 1388 1745 1391
f 1391 1745 1748
f 1391 1748 1390
f 1390 1748 1747
f 1390 1747 1393
f 1393 1747 1750
f 1393 1750 1392
f 1392 1750 1749
f 1392 1749 1712
f 1712 1749 2069
f 1712 2069 1702
f 1702 2069 2059
f 1702 2059 1698
f 1698 2059 2055
f 1698 2055 1691
f 1691 2055 2048
f 1691 2048 1675
f 1675 2048 2032
f 1675 2032 1395
f 1395 2032 1751
f 1395 1751 1396
f 1396 1751 1753
f 1396 1753 1394
f 1394 1753 1752
f 1394 1752 1398
f 1398 1752 1755
f 1398 1755 1397
f 1397 1755 1754
f 1397 1754 1400
f 1400 1754 1757
f 1400 1757 1399
f 1399 1757 1756
f 1399 1756 1402
f 1402 1756 1759
f 1402 1759 1401
f 1401 1759 1758
f 1401 1758 1404
f 1404 1758 1761
f 1404 1761 1403
f 1403 1761 1760
f 1403 1760 1406
f 1406 1760 1763
f 1406 1763 1405
f 1405 1763 1762
f 1405 1762 1408
f 1408 1762 1764
f 1408 1764 1409
f 1409 1764 1766
f 1409 1766 1407
f 1407 1766 1765
f 1407 1765 1411
f 1411 1765 1768
f 1411 1768 1410
f 1410 1768 1767
f 1410 1767 1413
f 1413 1767 1770
f 1413 1770 1412
f 1412 1770 1769
f 1412 1769 1415
f 1415 1769 1771
f 1415 1771 1416
f 1416 1771 1773
f 1416 1773 1414
f 1414 1773 1772
f 1414 1772 1418
f 1418 1772 1775
f 1418 1775 1417
f 1417 1775 1774
f 1417 1774 1420
f 1420 1774 1777
f 1420 1777 1419
f 1419 1777 1776
f 1419 1776 1422
f 1422 1776 1779
f 1422 1779 1421
f 1421 1779 1778
f 1421 1778 1424
f 1424 1778 1781
f 1424 1781 1423
f 1423 1781 1780
f 1423 1780 1426
f 1426 1780 1783
f 1426 1783 1425
f 1425 1783 1782
f 1425 1782 1663
f 1663 1782 2020
f 1663 2020 1703
f 1703 2020 2060
f 1703 2060 1713
f 1713 2060 2070
f 1713 2070 1704
f 1704 2070 2061
f 1704 2061 1699
f 1699 2061 2056
f 1699 2056 1692
f 1692 2056 2049
f 1692 2049 1428
f 1428 2049 1784
f 1428 1784 1429
f 1429 1784 1786
f 1429 1786 1427
f 1427 1786 1785
f 1427 1785 1431
f 1431 1785 1788
f 1431 1788 1430
f 1430 1788 1787
f 1430 1787 1433
f 1433 1787 1790
f 1433 1790 1432
f 1432 1790 1789
f 1432 1789 1435
f 1435 1789 1792
f 1435 1792 1434
f 1434 1792 1791
f 1434 1791 1437
f 1437 1791 1794
f 1437 1794 1436
f 1436 1794 1793
f 1436 1793 1439
f 1439 1793 1796
f 1439 1796 1438
f 1438 1796 1795
f 1438 1795 1441
f 1441 1795 1798
f 1441 1798 1440
f 1440 1798 1797
f 1440 1797 1443
f 1443 1797 1800
f 1443 1800 1442
f 1442 1800 1799
f 1442 1799 1445
f 1445 1799 1802
f 1445 1802 1444
f 1444 1802 1801
f 1444 1801 1447
f 1447 1801 1804
f 1447 1804 1446
f 1446 1804 1803
f 1446 1803 1719
f 1719 1803 2076
f 1719 2076 1723
f 1723 2076 2080
f 1723 2080 1449
f 1449 2080 1805
f 1449 1805 1450
f 1450 1805 1807
f 1450 1807 1448
f 1448 1807 1806
f 1448 1806 1705
f 1705 1806 2062
f 1705 2062 1700
f 1700 2062 2057
f 1700 2057 1685
f 1685 2057 2042
f 1685 2042 1676
f 1676 2042 2033
f 1676 2033 1452
f 1452 2033 1808
f 1452 1808 1453
f 1453 1808 1810
f 1453 1810 1451
f 1451 1810 1809
f 1451 1809 1455
f 1455 1809 1812
f 1455 1812 1454
f 1454 1812 1811
f 1454 1811 1457
f 1457 1811 1814
f 1457 1814 1456
f 1456 1814 1813
f 1456 1813 1664
f 1664 1813 2021
f 1664 2021 1677
f 1677 2021 2034
f 1677 2034 1714
f 1714 2034 2071
f 1714 2071 1706
f 1706 2071 2063
f 1706 2063 1678
f 1678 2063 2035
f 1678 2035 1459
f 1459 2035 1815
f 1459 1815 1460
f 1460 1815 1817
f 1460 1817 1458
f 1458 1817 1816
f 1458 1816 1665
f 1665 1816 2022
f 1665 2022 1686
f 1686 2022 2043
f 1686 2043 1679
f 1679 2043 2036
f 1679 2036 1666
f 1666 2036 2023
f 1666 2023 1462
f 1462 2023 1818
f 1462 1818 1463
f 1463 1818 1820
f 1463 1820 1461
f 1461 1820 1819
f 1461 1819 1465
f 1465 1819 1822
f 1465 1822 1464
f 1464 1822 1821
f 1464 1821 1467
f 1467 1821 1824
f 1467 1824 1466
f 1466 1824 1823
f 1466 1823 1469
f 1469 1823 1826
f 1469 1826 1468
f 1468 1826 1825
f 1468 1825 1471
f 1471 1825 1828
f 1471 1828 1470
f 1470 1828 1827
f 1470 1827 1473
f 1473 1827 1830
f 1473 1830 1472
f 1472 1830 1829
f 1472 1829 1475
f 1475 1829 1832
f 1475 1832 1474
f 1474 1832 1831
f 1474 1831 1477
f 1477 1831 1834
f 1477 1834 1476
f 1476 1834 1833
f 1476 1833 1479
f 1479 1833 1836
f 1479 1836 1478
f 1478 1836 1835
f 1478 1835 1481
f 1481 1835 1838
f 1481 1838 1480
f 1480 1838 1837
f 1480 1837 1667
f 1667 1837 2024
f 1667 2024 1680
f 1680 2024 2037
f 1680 2037 1693
f 1693 2037 2050
f 1693 2050 1681
f 1681 2050 2038
f 1681 2038 1483
f 1483 2038 1839
f 1483 1839 1484
f 1484 1839 1841
f 1484 1841 1482
f 1482 1841 1840
f 1482 1840 1486
f 1486 1840 1843
f 1486 1843 1485
f 1485 1843 1842
f 1485 1842 1488
f 1488 1842 1845
f 1488 1845 1487
f 1487 1845 1844
f 1487 1844 1490
f 1490 1844 1847
f 1490 1847 1489
f 1489 1847 1846
f 1489 1846 1492
f 1492 1846 1849
f 1492 1849 1491
f 1491 1849 1848
f 1491 1848 1494
f 1494 1848 1851
f 1494 1851 1493
f 1493 1851 1850
f 1493 1850 1496
f 1496 1850 1853
f 1496 1853 1495
f 1495 1853 1852
f 1495 1852 1498
f 1498 1852 1855
f 1498 1855 1497
f 1497 1855 1854
f 1497 1854 1500
f 1500 1854 1857
f 1500 1857 1499
f 1499 1857 1856
f 1499 1856 1502
f 1502 1856 1859
f 1502 1859 1501
f 1501 1859 1858
f 1501 1858 1504
f 1504 1858 1861
f 1504 1861 1503
f 1503 1861 1860
f 1503 1860 1506
f 1506 1860 1863
f 1506 1863 1505
f 1505 1863 1862
f 1505 1862 1508
f 1508 1862 1865
f 1508 1865 1507
f 1507 1865 1864
f 1507 1864 1510
f 1510 1864 1867
f 1510 1867 1509
f 1509 1867 1866
f 1509 1866 1512
f 1512 1866 1869
f 1512 1869 1511
f 1511 1869 1868
f 1511 1868 1514
f 1514 1868 1871
f 1514 1871 1513
f 1513 1871 1870
f 1513 1870 1516
f 1516 1870 1873
f 1516 1873 1515
f 1515 1873 1872
f 1515 1872 1518
f 1518 1872 1875
f 1518 1875 1517
f 1517 1875 1874
f 1517 1874 1520
f 1520 1874 1877
f 1520 1877 1519
f 1519 1877 1876
f 1519 1876 1522
f 1522 1876 1879
f 1522 1879 1521
f 1521 1879 1878
f 1521 1878 1524
f 1524 1878 1881
f 1524 1881 1523
f 1523 1881 1880
f 1523 1880 1526
f 1526 1880 1883
f 1526 1883 1525
f 1525 1883 1882
f 1525 1882 1528
f 1528 1882 1885
f 1528 1885 1527
f 1527 1885 1884
f 1527 1884 1530
f 1530 1884 1887
f 1530 1887 1529
f 1529 1887 1886
f 1529 1886 1532
f 1532 1886 1889
f 1532 1889 1531
f 1531 1889 1888
f 1531 1888 1687
f 1687 1888 2044
f 1687 2044 1694
f 1694 2044 2051
f 1694 2051 1715
f 1715 2051 2072
f 1715 2072 1729
f 1729 2072 2086
f 1729 2086 1731
f 1731 2086 2088
f 1731 2088 1733
f 1733 2088 2090
f 1733 2090 1735
f 1735 2090 2092
f 1735 2092 1740
f 1740 2092 2097
f 1740 2097 1741
f 1741 2097 2098
f 1741 2098 1732
f 1732 2098 2089
f 1732 2089 1726
f 1726 2089 2083
f 1726 2083 1720
f 1720 2083 2077
f 1720 2077 1716
f 1716 2077 2073
f 1716 2073 1707
f 1707 2073 2064
f 1707 2064 1695
f 1695 2064 2052
f 1695 2052 1668
f 1668 2052 2025
f 1668 2025 1534
f 1534 2025 1890
f 1534 1890 1535
f 1535 1890 1892
f 1535 1892 1533
f 1533 1892 1891
f 1533 1891 1537
f 1537 1891 1894
f 1537 1894 1536
f 1536 1894 1893
f 1536 1893 1539
f 1539 1893 1896
f 1539 1896 1538
f 1538 1896 1895
f 1538 1895 1541
f 1541 1895 1898
f 1541 1898 1540
f 1540 1898 1897
f 1540 1897 1543
f 1543 1897 1900
f 1543 1900 1542
f 1542 1900 1899
f 1542 1899 1545
f 1545 1899 1902
f 1545 1902 1544
f 1544 1902 1901
f 1544 1901 1547
f 1547 1901 1904
f 1547 1904 1546
f 1546 1904 1903
f 1546 1903 1549
f 1549 1903 1906
f 1549 1906 1548
f 1548 1906 1905
f 1548 1905 1551
f 1551 1905 1908
f 1551 1908 1550
f 1550 1908 1907
f 1550 1907 1553
f 1553 1907 1910
f 1553 1910 1552
f 1552 1910 1909
f 1552 1909 1555
f 1555 1909 1912
f 1555 1912 1554
f 1554 1912 1911
f 1554 1911 1557
f 1557 1911 1914
f 1557 1914 1556
f 1556 1914 1913
f 1556 1913 1559
f 1559 1913 1916
f 1559 1916 1558
f 1558 1916 1915
f 1558 1915 1561
f 1561 1915 1918
f 1561 1918 1560
f 1560 1918 1917
f 1560 1917 1563
f 1563 1917 1920
f 1563 1920 1562
f 1562 1920 1919
f 1562 1919 1565
f 1565 1919 1922
f 1565 1922 1564
f 1564 1922 1921
f 1564 1921 1567
f 1567 1921 1924
f 1567 1924 1566
f 1566 1924 1923
f 1566 1923 1569
f 1569 1923 1926
f 1569 1926 1568
f 1568 1926 1925
f 1568 1925 1571
f 1571 1925 1928
f 1571 1928 1570
f 1570 1928 1927
f 1570 1927 1573
f 1573 1927 1930
f 1573 1930 1572
f 1572 1930 1929
f 1572 1929 1575
f 1575 1929 1932
f 1575 1932 1574
f 1574 1932 1931
f 1574 1931 1577
f 1577 1931 1934
f 1577 1934 1576
f 1576 1934 1933
f 1576 1933 1579
f 1579 1933 1936
f 1579 1936 1578
f 1578 1936 1935
f 1578 1935 1581
f 1581 1935 1938
f 1581 1938 1580
f 1580 1938 1937
f 1580 1937 1583
f 1583 1937 1940
f 1583 1940 1582
f 1582 1940 1939
f 1582 1939 1585
f 1585 1939 1942
f 1585 1942 1584
f 1584 1942 1941
f 1584 1941 1587
f 1587 1941 1944
f 1587 1944 1586
f 1586 1944 1943
f 1586 1943 1589
f 1589 1943 1946
f 1589 1946 1588
f 1588 1946 1945
f 1588 1945 1591
f 1591 1945 1948
f 1591 1948 1590
f 1590 1948 1947
f 1590 1947 1593
f 1593 1947 1950
f 1593 1950 1592
f 1592 1950 1949
f 1592 1949 1595
f 1595 1949 1952
f 1595 1952 1594
f 1594 1952 1951
f 1594 1951 1597
f 1597 1951 1954
f 1597 1954 1596
f 1596 1954 1953
f 1596 1953 1599
f 1599 1953 1956
f 1599 1956 1598
f 1598 1956 1955
f 1598 1955 1601
f 1601 1955 1958
f 1601 1958 1600
f 1600 1958 1957
f 1600 1957 1603
f 1603 1957 1960
f 1603 1960 1602
f 1602 1960 1959
f 1602 1959 1605
f 1605 1959 1962
f 1605 1962 1604
f 1604 1962 1961
f 1604 1961 1607
f 1607 1961 1964
f 1607 1964 1606
f 1606 1964 1963
f 1606 1963 1609
f 1609 1963 1966
f 1609 1966 1608
f 1608 1966 1965
f 1608 1965 1611
f 1611 1965 1968
f 1611 1968 1610
f 1610 1968 1967
f 1610 1967 1613
f 1613 1967 1970
f 1613 1970 1612
f 1612 1970 1969
f 1612 1969 1615
f 1615 1969 1972
f 1615 1972 1614
f 1614 1972 1971
f 1614 1971 1617
f 1617 1971 1974
f 1617 1974 1616
f 1616 1974 1973
f 1616 1973 1619
f 1619 1973 1976
f 1619 1976 1618
f 1618 1976 1975
f 1618 1975 1621
f 1621 1975 1978
f 1621 1978 1620
f 1620 1978 1977
f 1620 1977 1623
f 1623 1977 1980
f 1623 1980 1622
f 1622 1980 1979
f 1622 1979 1625
f 1625 1979 1982
f 1625 1982 1624
f 1624 1982 1981
f 1624 1981 1627
f 1627 1981 1984
f 1627 1984 1626
f 1626 1984 1983
f 1626 1983 1696
f 1696 1983 2053
f 1696 2053 1708
f 1708 2053 2065
f 1708 2065 1717
f 1717 2065 2074
f 1717 2074 1721
f 1721 2074 2078
f 1721 2078 1709
f 1709 2078 2066
f 1709 2066 1669
f 1669 2066 2026
f 1669 2026 1629
f 1629 2026 1985
f 1629 1985 1630
f 1630 1985 1987
f 1630 1987 1628
f 1628 1987 1986
f 1628 1986 1682
f 1682 1986 2039
f 1682 2039 1688
f 1688 2039 2045
f 1688 2045 1670
f 1670 2045 2027
f 1670 2027 1632
f 1632 2027 1988
f 1632 1988 1633
f 1633 1988 1990
f 1633 1990 1631
f 1631 1990 1989
f 1631 1989 1635
f 1635 1989 1992
f 1635 1992 1634
f 1634 1992 1991
f 1634 1991 1637
f 1637 1991 1994
f 1637 1994 1636
f 1636 1994 1993
f 1636 1993 1639
f 1639 1993 1996
f 1639 1996 1638
f 1638 1996 1995
f 1638 1995 1641
f 1641 1995 1998
f 1641 1998 1640
f 1640 1998 1997
f 1640 1997 1643
f 1643 1997 2000
f 1643 2000 1642
f 1642 2000 1999
f 1642 1999 1645
f 1645 1999 2002
f 1645 2002 1644
f 1644 2002 2001
f 1644 2001 1647
f 1647 2001 2004
f 1647 2004 1646
f 1646 2004 2003
f 1646 2003 1649
f 1649 2003 2006
f 1649 2006 1648
f 1648 2006 2005
f 1648 2005 1651
f 1651 2005 2008
f 1651 2008 1650
f 1650 2008 2007
f 1650 2007 1671
f 1671 2007 2028
f 1671 2028 1689
f 1689 2028 2046
f 1689 2046 1697
f 1697 2046 2054
f 1697 2054 1701
f 1701 2054 2058
f 1701 2058 1710
f 1710 2058 2067
f 1710 2067 1724
f 1724 2067 2081
f 1724 2081 1727
f 1727 2081 2084
f 1727 2084 1734
f 1734 2084 2091
f 1734 2091 1736
f 1736 2091 2093
f 1736 2093 1738
f 1738 2093 2095
f 1738 2095 1739
f 1739 2095 2096
f 1739 2096 1737
f 1737 2096 2094
f 1737 2094 1653
f 1653 2094 2009
f 1653 2009 1654
f 1654 2009 2011
f 1654 2011 1652
f 1652 2011 2010
f 1652 2010 1672
f 1672 2010 2029
f 1672 2029 1730
f 1730 2029 2087
f 1730 2087 1728
f 1728 2087 2085
f 1728 2085 1725
f 1725 2085 2082
f 1725 2082 1722
f 1722 2082 2079
f 1722 2079 1718
f 1718 2079 2075
f 1718 2075 1711
f 1711 2075 2068
f 1711 2068 1683
f 1683 2068 2040
f 1683 2040 1673
f 1673 2040 2030
f 1673 2030 1656
f 1656 2030 2012
f 1656 2012 1657
f 1657 2012 2014
f 1657 2014 1655
f 1655 2014 2013
f 1655 2013 1690
f 1690 2013 2047
f 1690 2047 1684
f 1684 2047 2041
f 1684 2041 1674
f 1674 2041 2031
f 1674 2031 1659
f 1659 2031 2015
f 1659 2015 1660
f 1660 2015 2017
f 1660 2017 1658
f 1658 2017 2016
f 1658 2016 1662
f 1662 2016 2019
f 1662 2019 1661
f 1661 2019 2018
f 1661 2018 1386
f 1386 2018 1742
f 1386 1742 1387
f 1387 1742 1744
f 1387 1744 1385
f 1385 1744 1743
o 
v 72.17 0 -6.76
v 72.953 0 -6.69
v 72.505 0 -6.708
v 70.61 0 -7.264
v 71.376 0 -6.993
v 69.263 0 -7.87
v 69.897 0 -7.56
v 68.33 0 -8.48
v 68.732 0 -8.18
v 67.677 0 -9.178
v 67.997 0 -8.823
v 67.078 0 -9.924
v 67.37 0 -9.546
v 66.537 0 -10.713
v 66.8 0 -10.313
v 66.057 0 -11.54
v 66.289 0 -11.122
v 65.641 0 -12.4
v 65.841 0 -11.966
v 65.29 0 -13.29
v 65.457 0 -12.842
v 63.691 0 -17.179
v 64.23 0 -15.99
v 63.94 0 -16.631
v 61.84 0 -21.19
v 62.89 0 -18.94
v 62.39 0 -20
v 61.177 0 -22.606
v 61.455 0 -22.013
v 60.879 0 -23.251
v 60.991 0 -23.006
v 60.81 0 -23.42
v 60.824 0 -23.376
v 60.02 0 -25.214
v 60.25 0 -24.73
v 60.04 0 -25.17
v 59.986 0 -25.321
v 60.002 0 -25.266
v 59.969 0 -25.431
v 59.975 0 -25.377
v 58.741 0 -28.163
v 59.01 0 -27.61
v 58.875 0 -27.886
v 58.482 0 -28.72
v 58.611 0 -28.441
v 58.232 0 -29.282
v 58.356 0 -29
v 57.992 0 -29.847
v 58.111 0 -29.564
v 57.761 0 -30.417
v 57.875 0 -30.131
v 57.54 0 -30.99
v 57.649 0 -30.703
v 56.72 0 -32.84
v 57.2 0 -31.75
v 55.921 0 -34.601
v 56.12 0 -34.15
v 55.536 0 -35.584
v 55.721 0 -35.091
v 55.262 0 -36.429
v 55.379 0 -36.042
v 55.182 0 -36.934
v 55.2 0 -36.71
v 55.321 0 -37.346
v 55.218 0 -37.14
v 55.784 0 -37.842
v 55.505 0 -37.574
v 56.656 0 -38.549
v 56.17 0 -38.17
v 57.63 0 -39.215
v 57.154 0 -38.904
v 58.39 0 -39.627
v 58.053 0 -39.463
v 58.715 0 -39.717
v 58.61 0 -39.69
v 59.085 0 -40.641
v 59.023 0 -40.199
v 59.04 0 -40.36
v 59.425 0 -41.357
v 59.215 0 -40.977
v 60.059 0 -42.214
v 59.708 0 -41.773
v 60.804 0 -43.004
v 60.47 0 -42.67
v 61.35 0 -43.446
v 61.093 0 -43.26
v 61.816 0 -43.639
v 61.587 0 -43.57
v 62.297 0 -43.636
v 62.05 0 -43.66
v 62.993 0 -43.459
v 62.616 0 -43.567
v 63.855 0 -43.145
v 63.411 0 -43.316
v 64.911 0 -42.706
v 64.83 0 -42.73
v 64.858 0 -42.724
v 65.069 0 -42.641
v 64.982 0 -42.678
v 65.27 0 -42.55
v 65.167 0 -42.598
v 67.113 0 -41.794
v 66.78 0 -41.92
v 66.944 0 -41.858
v 67.427 0 -41.67
v 67.276 0 -41.73
v 67.66 0 -41.57
v 67.558 0 -41.615
v 69.11 0 -40.96
v 68.14 0 -41.37
v 68.53 0 -41.21
v 69.727 0 -40.733
v 69.55 0 -40.786
v 69.58 0 -40.78
v 70.019 0 -40.634
v 69.873 0 -40.684
v 70.31 0 -40.529
v 70.165 0 -40.582
v 70.599 0 -40.419
v 70.455 0 -40.475
v 70.885 0 -40.304
v 70.742 0 -40.362
v 71.169 0 -40.183
v 71.027 0 -40.244
v 72.008 0 -39.812
v 71.31 0 -40.12
v 71.9 0 -39.86
v 72.571 0 -39.585
v 72.316 0 -39.692
v 72.34 0 -39.69
v 78.93 0 -36.89
v 77.62 0 -37.43
v 78.11 0 -37.23
v 82.727 0 -35.372
v 81.96 0 -35.68
v 84.059 0 -34.835
v 83.436 0 -35.086
v 84.921 0 -34.485
v 84.564 0 -34.63
v 86.49 0 -33.81
v 85.1 0 -34.41
v 88.382 0 -32.916
v 87.469 0 -33.377
v 89.914 0 -31.971
v 89.205 0 -32.442
v 90.9 0 -31.09
v 90.487 0 -31.515
v 91.626 0 -29.992
v 91.277 0 -30.57
v 92.241 0 -28.668
v 91.948 0 -29.357
v 92.74 0 -27.13
v 92.505 0 -27.925
v 92.82 0 -26.424
v 92.79 0 -26.83
v 92.82 0 -25.499
v 92.83 0 -25.964
v 92.74 0 -24.76
v 92.79 0 -25.081
v 92.236 0 -23.026
v 92.501 0 -23.826
v 91.571 0 -21.711
v 91.93 0 -22.33
v 90.64 0 -20.59
v 91.146 0 -21.141
v 89.848 0 -19.908
v 90.255 0 -20.236
v 88.974 0 -19.336
v 89.421 0 -19.608
v 88.033 0 -18.883
v 88.511 0 -19.094
v 87.04 0 -18.558
v 87.542 0 -18.704
v 86.013 0 -18.366
v 86.53 0 -18.445
v 84.97 0 -18.31
v 85.493 0 -18.321
v 83.7 0 -18.422
v 84.303 0 -18.336
v 82.546 0 -18.821
v 83.126 0 -18.58
v 81.23 0 -19.6
v 81.926 0 -19.157
v 79.549 0 -20.888
v 80.437 0 -20.169
v 77.014 0 -23.209
v 78.448 0 -21.865
v 72.68 0 -27.43
v 75.131 0 -25.028
v 68.167 0 -30.709
v 67.32 0 -31.42
v 67.725 0 -31.099
v 69.159 0 -29.727
v 68.646 0 -30.251
v 70.28 0 -28.49
v 69.704 0 -29.14
v 78.063 0 -20.468
v 75.13 0 -23.47
v 76.813 0 -21.761
v 79.577 0 -18.782
v 78.959 0 -19.504
v 80.29 0 -17.72
v 79.995 0 -18.216
v 80.485 0 -17.323
v 80.397 0 -17.515
v 80.638 0 -16.89
v 80.563 0 -17.122
v 80.82 0 -16.24
v 80.721 0 -16.604
v 80.9 0 -15.132
v 80.87 0 -15.825
v 80.9 0 -13.471
v 80.91 0 -14.301
v 80.82 0 -12.37
v 80.87 0 -12.781
v 80.698 0 -11.973
v 80.757 0 -12.156
v 80.536 0 -11.564
v 80.629 0 -11.786
v 80.22 0 -10.88
v 80.404 0 -11.273
v 79.364 0 -9.442
v 79.817 0 -10.126
v 78.339 0 -8.315
v 78.869 0 -8.835
v 77.21 0 -7.57
v 77.784 0 -7.89
v 76.654 0 -7.314
v 76.894 0 -7.421
v 76.273 0 -7.183
v 76.457 0 -7.239
v 75.81 0 -7.08
v 76.068 0 -7.134
v 74.536 0 -6.816
v 75 0 -6.91
v 73.469 0 -6.704
v 74.011 0 -6.747
v 65.204 0 -13.516
v 59.97 0 -25.48
v 64.31 0 -42.95
v 66.529 0 -42.015
v 72.266 0 -39.707
v 66.724 0 -31.915
v 74.047 0 -24.57
v 65.118 0 -13.742
v 59.85 0 -25.88
v 58.975 0 -40.044
v 69.219 0 -40.912
v 69.494 0 -40.804
v 72.195 0 -39.734
v 73.01 0 -25.629
v 65.032 0 -13.968
v 60.59 0 -23.95
v 59.883 0 -25.811
v 65.621 0 -42.393
v 66.317 0 -42.097
v 72.803 0 -39.48
v 69.815 0 -30.241
v 65.988 0 -32.604
v 59.966 0 -25.532
v 58.904 0 -39.905
v 69.416 0 -40.833
v 72.107 0 -39.769
v 67.507 0 -32.473
v 70.655 0 -28.077
v 72.067 0 -26.599
v 64.945 0 -14.193
v 66.115 0 -42.179
v 73.034 0 -39.375
v 76.36 0 -37.95
v 71.266 0 -27.431
v 63.084 0 -18.516
v 59.912 0 -25.739
v 58.815 0 -39.793
v 69.323 0 -40.869
v 73.266 0 -39.272
v 75.13 0 -38.46
v 65.725 0 -34.158
v 64.857 0 -14.418
v 63.275 0 -18.097
v 59.936 0 -25.665
v 74.896 0 -38.56
v 64.436 0 -35.323
v 65.195 0 -33.402
v 64.769 0 -14.643
v 63.474 0 -17.66
v 59.954 0 -25.595
v 65.893 0 -42.273
v 74.663 0 -38.66
v 63.609 0 -36.001
v 73.498 0 -39.168
v 74.429 0 -38.76
v 63.21 0 -36.22
v 64.425 0 -34.226
v 73.731 0 -39.066
v 74.196 0 -38.862
v 63.76 0 -34.99
v 73.963 0 -38.963
v 63.28 0 -35.61
v 64.321 0 -15.766
v 63.189 0 -35.756
v 64.412 0 -15.542
v 63.129 0 -35.897
v 64.502 0 -15.318
v 63.138 0 -36.195
v 63.099 0 -36.024
v 64.591 0 -15.093
v 63.101 0 -36.126
v 64.68 0 -14.868
v 72.953 10 -6.69
v 72.17 10 -6.76
v 72.505 10 -6.708
v 70.61 10 -7.264
v 71.376 10 -6.993
v 69.263 10 -7.87
v 69.897 10 -7.56
v 68.33 10 -8.48
v 68.732 10 -8.18
v 67.677 10 -9.178
v 67.997 10 -8.823
v 67.078 10 -9.924
v 67.37 10 -9.546
v 66.537 10 -10.713
v 66.8 10 -10.313
v 66.057 10 -11.54
v 66.289 10 -11.122
v 65.641 10 -12.4
v 65.841 10 -11.966
v 65.29 10 -13.29
v 65.457 10 -12.842
v 64.23 10 -15.99
v 63.691 10 -17.179
v 63.94 10 -16.631
v 62.89 10 -18.94
v 61.84 10 -21.19
v 62.39 10 -20
v 61.177 10 -22.606
v 61.455 10 -22.013
v 60.879 10 -23.251
v 60.991 10 -23.006
v 60.81 10 -23.42
v 60.824 10 -23.376
v 60.25 10 -24.73
v 60.02 10 -25.214
v 60.04 10 -25.17
v 59.986 10 -25.321
v 60.002 10 -25.266
v 59.969 10 -25.431
v 59.975 10 -25.377
v 59.01 10 -27.61
v 58.741 10 -28.163
v 58.875 10 -27.886
v 58.482 10 -28.72
v 58.611 10 -28.441
v 58.232 10 -29.282
v 58.356 10 -29
v 57.992 10 -29.847
v 58.111 10 -29.564
v 57.761 10 -30.417
v 57.875 10 -30.131
v 57.54 10 -30.99
v 57.649 10 -30.703
v 56.72 10 -32.84
v 57.2 10 -31.75
v 55.921 10 -34.601
v 56.12 10 -34.15
v 55.536 10 -35.584
v 55.721 10 -35.091
v 55.262 10 -36.429
v 55.379 10 -36.042
v 55.182 10 -36.934
v 55.2 10 -36.71
v 55.321 10 -37.346
v 55.218 10 -37.14
v 55.784 10 -37.842
v 55.505 10 -37.574
v 56.656 10 -38.549
v 56.17 10 -38.17
v 57.63 10 -39.215
v 57.154 10 -38.904
v 58.39 10 -39.627
v 58.053 10 -39.463
v 58.715 10 -39.717
v 58.61 10 -39.69
v 59.023 10 -40.199
v 59.085 10 -40.641
v 59.04 10 -40.36
v 59.425 10 -41.357
v 59.215 10 -40.977
v 60.059 10 -42.214
v 59.708 10 -41.773
v 60.804 10 -43.004
v 60.47 10 -42.67
v 61.35 10 -43.446
v 61.093 10 -43.26
v 61.816 10 -43.639
v 61.587 10 -43.57
v 62.297 10 -43.636
v 62.05 10 -43.66
v 62.993 10 -43.459
v 62.616 10 -43.567
v 63.855 10 -43.145
v 63.411 10 -43.316
v 64.83 10 -42.73
v 64.911 10 -42.706
v 64.858 10 -42.724
v 65.069 10 -42.641
v 64.982 10 -42.678
v 65.27 10 -42.55
v 65.167 10 -42.598
v 66.78 10 -41.92
v 67.113 10 -41.794
v 66.944 10 -41.858
v 67.427 10 -41.67
v 67.276 10 -41.73
v 67.66 10 -41.57
v 67.558 10 -41.615
v 68.14 10 -41.37
v 69.11 10 -40.96
v 68.53 10 -41.21
v 69.55 10 -40.786
v 69.727 10 -40.733
v 69.58 10 -40.78
v 70.019 10 -40.634
v 69.873 10 -40.684
v 70.31 10 -40.529
v 70.165 10 -40.582
v 70.599 10 -40.419
v 70.455 10 -40.475
v 70.885 10 -40.304
v 70.742 10 -40.362
v 71.169 10 -40.183
v 71.027 10 -40.244
v 71.31 10 -40.12
v 72.008 10 -39.812
v 71.9 10 -39.86
v 72.316 10 -39.692
v 72.571 10 -39.585
v 72.34 10 -39.69
v 77.62 10 -37.43
v 78.93 10 -36.89
v 78.11 10 -37.23
v 82.727 10 -35.372
v 81.96 10 -35.68
v 84.059 10 -34.835
v 83.436 10 -35.086
v 84.921 10 -34.485
v 84.564 10 -34.63
v 86.49 10 -33.81
v 85.1 10 -34.41
v 88.382 10 -32.916
v 87.469 10 -33.377
v 89.914 10 -31.971
v 89.205 10 -32.442
v 90.9 10 -31.09
v 90.487 10 -31.515
v 91.626 10 -29.992
v 91.277 10 -30.57
v 92.241 10 -28.668
v 91.948 10 -29.357
v 92.74 10 -27.13
v 92.505 10 -27.925
v 92.82 10 -26.424
v 92.79 10 -26.83
v 92.82 10 -25.499
v 92.83 10 -25.964
v 92.74 10 -24.76
v 92.79 10 -25.081
v 92.236 10 -23.026
v 92.501 10 -23.826
v 91.571 10 -21.711
v 91.93 10 -22.33
v 90.64 10 -20.59
v 91.146 10 -21.141
v 89.848 10 -19.908
v 90.255 10 -20.236
v 88.974 10 -19.336
v 89.421 10 -19.608
v 88.033 10 -18.883
v 88.511 10 -19.094
v 87.04 10 -18.558
v 87.542 10 -18.704
v 86.013 10 -18.366
v 86.53 10 -18.445
v 84.97 10 -18.31
v 85.493 10 -18.321
v 83.7 10 -18.422
v 84.303 10 -18.336
v 82.546 10 -18.821
v 83.126 10 -18.58
v 81.23 10 -19.6
v 81.926 10 -19.157
v 79.549 10 -20.888
v 80.437 10 -20.169
v 77.014 10 -23.209
v 78.448 10 -21.865
v 72.68 10 -27.43
v 75.131 10 -25.028
v 67.32 10 -31.42
v 68.167 10 -30.709
v 67.725 10 -31.099
v 69.159 10 -29.727
v 68.646 10 -30.251
v 70.28 10 -28.49
v 69.704 10 -29.14
v 75.13 10 -23.47
v 78.063 10 -20.468
v 76.813 10 -21.761
v 79.577 10 -18.782
v 78.959 10 -19.504
v 80.29 10 -17.72
v 79.995 10 -18.216
v 80.485 10 -17.323
v 80.397 10 -17.515
v 80.638 10 -16.89
v 80.563 10 -17.122
v 80.82 10 -16.24
v 80.721 10 -16.604
v 80.9 10 -15.132
v 80.87 10 -15.825
v 80.9 10 -13.471
v 80.91 10 -14.301
v 80.82 10 -12.37
v 80.87 10 -12.781
v 80.698 10 -11.973
v 80.757 10 -12.156
v 80.536 10 -11.564
v 80.629 10 -11.786
v 80.22 10 -10.88
v 80.404 10 -11.273
v 79.364 10 -9.442
v 79.817 10 -10.126
v 78.339 10 -8.315
v 78.869 10 -8.835
v 77.21 10 -7.57
v 77.784 10 -7.89
v 76.654 10 -7.314
v 76.894 10 -7.421
v 76.273 10 -7.183
v 76.457 10 -7.239
v 75.81 10 -7.08
v 76.068 10 -7.134
v 74.536 10 -6.816
v 75 10 -6.91
v 73.469 10 -6.704
v 74.011 10 -6.747
v 65.204 10 -13.516
v 59.97 10 -25.48
v 64.31 10 -42.95
v 66.529 10 -42.015
v 72.266 10 -39.707
v 66.724 10 -31.915
v 74.047 10 -24.57
v 65.118 10 -13.742
v 59.85 10 -25.88
v 58.975 10 -40.044
v 69.219 10 -40.912
v 69.494 10 -40.804
v 72.195 10 -39.734
v 73.01 10 -25.629
v 65.032 10 -13.968
v 60.59 10 -23.95
v 59.883 10 -25.811
v 65.621 10 -42.393
v 66.317 10 -42.097
v 72.803 10 -39.48
v 69.815 10 -30.241
v 65.988 10 -32.604
v 59.966 10 -25.532
v 58.904 10 -39.905
v 69.416 10 -40.833
v 72.107 10 -39.769
v 67.507 10 -32.473
v 70.655 10 -28.077
v 72.067 10 -26.599
v 64.945 10 -14.193
v 66.115 10 -42.179
v 73.034 10 -39.375
v 76.36 10 -37.95
v 71.266 10 -27.431
v 63.084 10 -18.516
v 59.912 10 -25.739
v 58.815 10 -39.793
v 69.323 10 -40.869
v 73.266 10 -39.272
v 75.13 10 -38.46
v 65.725 10 -34.158
v 64.857 10 -14.418
v 63.275 10 -18.097
v 59.936 10 -25.665
v 74.896 10 -38.56
v 64.436 10 -35.323
v 65.195 10 -33.402
v 64.769 10 -14.643
v 63.474 10 -17.66
v 59.954 10 -25.595
v 65.893 10 -42.273
v 74.663 10 -38.66
v 63.609 10 -36.001
v 73.498 10 -39.168
v 74.429 10 -38.76
v 63.21 10 -36.22
v 64.425 10 -34.226
v 73.731 10 -39.066
v 74.196 10 -38.862
v 63.76 10 -34.99
v 73.963 10 -38.963
v 63.28 10 -35.61
v 64.321 10 -15.766
v 63.189 10 -35.756
v 64.412 10 -15.542
v 63.129 10 -35.897
v 64.502 10 -15.318
v 63.138 10 -36.195
v 63.099 10 -36.024
v 64.591 10 -15.093
v 63.101 10 -36.126
v 64.68 10 -14.868
f 2099 2100 2101
f 2102 2099 2103
f 2104 2102 2105
f 2106 2104 2107
f 2108 2106 2109
f 2110 2108 2111
f 2112 2110 2113
f 2114 2112 2115
f 2116 2114 2117
f 2118 2116 2119
f 2120 2121 2122
f 2123 2124 2125
f 2126 2123 2127
f 2128 2126 2129
f 2130 2128 2131
f 2132 2133 2134
f 2135 2132 2136
f 2137 2135 2138
f 2139 2140 2141
f 2142 2139 2143
f 2144 2142 2145
f 2146 2144 2147
f 2148 2146 2149
f 2150 2148 2151
f 2152 2150 2153
f 2154 2152 2155
f 2156 2154 2157
f 2158 2156 2159
f 2160 2158 2161
f 2162 2160 2163
f 2164 2162 2165
f 2166 2164 2167
f 2168 2166 2169
f 2170 2168 2171
f 2172 2170 2173
f 2174 2175 2176
f 2177 2174 2178
f 2179 2177 2180
f 2181 2179 2182
f 2183 2181 2184
f 2185 2183 2186
f 2187 2185 2188
f 2189 2187 2190
f 2191 2189 2192
f 2193 2194 2195
f 2196 2193 2197
f 2198 2196 2199
f 2200 2201 2202
f 2203 2200 2204
f 2205 2203 2206
f 2207 2208 2209
f 2210 2211 2212
f 2213 2210 2214
f 2215 2213 2216
f 2217 2215 2218
f 2219 2217 2220
f 2221 2219 2222
f 2223 2224 2225
f 2226 2227 2228
f 2229 2230 2231
f 2232 2229 2233
f 2234 2232 2235
f 2236 2234 2237
f 2238 2236 2239
f 2240 2238 2241
f 2242 2240 2243
f 2244 2242 2245
f 2246 2244 2247
f 2248 2246 2249
f 2250 2248 2251
f 2252 2250 2253
f 2254 2252 2255
f 2256 2254 2257
f 2258 2256 2259
f 2260 2258 2261
f 2262 2260 2263
f 2264 2262 2265
f 2266 2264 2267
f 2268 2266 2269
f 2270 2268 2271
f 2272 2270 2273
f 2274 2272 2275
f 2276 2274 2277
f 2278 2276 2279
f 2280 2278 2281
f 2282 2280 2283
f 2284 2282 2285
f 2286 2284 2287
f 2288 2289 2290
f 2291 2288 2292
f 2293 2291 2294
f 2295 2296 2297
f 2298 2295 2299
f 2300 2298 2301
f 2302 2300 2303
f 2304 2302 2305
f 2306 2304 2307
f 2308 2306 2309
f 2310 2308 2311
f 2312 2310 2313
f 2314 2312 2315
f 2316 2314 2317
f 2318 2316 2319
f 2320 2318 2321
f 2322 2320 2323
f 2324 2322 2325
f 2326 2324 2327
f 2328 2326 2329
f 2330 2328 2331
f 2332 2330 2333
f 2334 2332 2335
f 2099 2334 2100
f 2104 2099 2102
f 2108 2104 2106
f 2112 2108 2110
f 2116 2112 2114
f 2336 2116 2118
f 2128 2123 2126
f 2135 2133 2132
f 2337 2135 2137
f 2142 2140 2139
f 2146 2142 2144
f 2150 2146 2148
f 2156 2152 2154
f 2160 2156 2158
f 2164 2160 2162
f 2168 2164 2166
f 2172 2168 2170
f 2177 2175 2174
f 2181 2177 2179
f 2185 2181 2183
f 2189 2185 2187
f 2338 2189 2191
f 2196 2194 2193
f 2200 2339 2201
f 2205 2200 2203
f 2207 2205 2208
f 2213 2211 2210
f 2217 2213 2215
f 2221 2217 2219
f 2226 2340 2227
f 2234 2229 2232
f 2238 2234 2236
f 2242 2238 2240
f 2246 2242 2244
f 2250 2246 2248
f 2254 2250 2252
f 2258 2254 2256
f 2262 2258 2260
f 2266 2262 2264
f 2270 2266 2268
f 2274 2270 2272
f 2278 2274 2276
f 2282 2278 2280
f 2286 2282 2284
f 2288 2341 2289
f 2293 2288 2291
f 2295 2342 2296
f 2300 2295 2298
f 2304 2300 2302
f 2308 2304 2306
f 2312 2308 2310
f 2316 2312 2314
f 2320 2316 2318
f 2324 2320 2322
f 2328 2324 2326
f 2332 2328 2330
f 2099 2332 2334
f 2108 2099 2104
f 2116 2108 2112
f 2343 2116 2336
f 2128 2124 2123
f 2337 2133 2135
f 2142 2344 2140
f 2150 2142 2146
f 2156 2150 2152
f 2164 2156 2160
f 2172 2164 2168
f 2177 2345 2175
f 2185 2177 2181
f 2338 2185 2189
f 2198 2194 2196
f 2205 2339 2200
f 2346 2205 2207
f 2213 2347 2211
f 2221 2213 2217
f 2226 2348 2340
f 2238 2229 2234
f 2246 2238 2242
f 2254 2246 2250
f 2262 2254 2258
f 2270 2262 2266
f 2278 2270 2274
f 2286 2278 2282
f 2293 2341 2288
f 2295 2349 2342
f 2304 2295 2300
f 2312 2304 2308
f 2320 2312 2316
f 2328 2320 2324
f 2099 2328 2332
f 2116 2099 2108
f 2350 2116 2343
f 2130 2124 2128
f 2337 2351 2133
f 2142 2352 2344
f 2164 2150 2156
f 2185 2345 2177
f 2194 2185 2338
f 2353 2194 2198
f 2205 2354 2339
f 2221 2347 2213
f 2355 2348 2226
f 2246 2229 2238
f 2262 2246 2254
f 2278 2262 2270
f 2356 2278 2286
f 2293 2357 2341
f 2304 2349 2295
f 2320 2304 2312
f 2099 2320 2328
f 2350 2099 2116
f 2351 2124 2130
f 2358 2351 2337
f 2150 2352 2142
f 2172 2150 2164
f 2185 2359 2345
f 2353 2185 2194
f 2346 2354 2205
f 2221 2360 2347
f 2355 2361 2348
f 2246 2230 2229
f 2278 2246 2262
f 2362 2278 2356
f 2363 2357 2293
f 2304 2364 2349
f 2099 2304 2320
f 2365 2099 2350
f 2358 2124 2351
f 2172 2352 2150
f 2353 2359 2185
f 2346 2366 2354
f 2224 2360 2221
f 2367 2361 2355
f 2246 2368 2230
f 2362 2246 2278
f 2369 2357 2363
f 2304 2369 2364
f 2365 2304 2099
f 2358 2370 2124
f 2172 2371 2352
f 2353 2372 2359
f 2373 2366 2346
f 2223 2360 2224
f 2374 2361 2367
f 2246 2375 2368
f 2376 2246 2362
f 2304 2357 2369
f 2377 2304 2365
f 2358 2378 2370
f 2172 2379 2371
f 2353 2172 2372
f 2223 2373 2360
f 2374 2223 2361
f 2246 2380 2375
f 2381 2246 2376
f 2304 2382 2357
f 2383 2304 2377
f 2358 2384 2378
f 2172 2385 2379
f 2386 2172 2353
f 2374 2373 2223
f 2246 2387 2380
f 2388 2246 2381
f 2383 2382 2304
f 2358 2120 2384
f 2172 2358 2385
f 2366 2172 2386
f 2389 2373 2374
f 2246 2390 2387
f 2391 2246 2388
f 2383 2392 2382
f 2358 2121 2120
f 2373 2172 2366
f 2393 2373 2389
f 2246 2394 2390
f 2383 2395 2392
f 2172 2121 2358
f 2393 2172 2373
f 2246 2396 2394
f 2383 2397 2395
f 2172 2398 2121
f 2396 2172 2393
f 2391 2396 2246
f 2383 2399 2397
f 2172 2400 2398
f 2391 2172 2396
f 2383 2401 2399
f 2172 2402 2400
f 2403 2172 2391
f 2383 2404 2401
f 2172 2405 2402
f 2406 2172 2403
f 2407 2404 2383
f 2172 2407 2405
f 2404 2172 2406
f 2172 2404 2407
f 2408 2409 2410
f 2409 2411 2412
f 2411 2413 2414
f 2413 2415 2416
f 2415 2417 2418
f 2417 2419 2420
f 2419 2421 2422
f 2421 2423 2424
f 2423 2425 2426
f 2425 2427 2428
f 2429 2430 2431
f 2432 2433 2434
f 2433 2435 2436
f 2435 2437 2438
f 2437 2439 2440
f 2441 2442 2443
f 2442 2444 2445
f 2444 2446 2447
f 2448 2449 2450
f 2449 2451 2452
f 2451 2453 2454
f 2453 2455 2456
f 2455 2457 2458
f 2457 2459 2460
f 2459 2461 2462
f 2461 2463 2464
f 2463 2465 2466
f 2465 2467 2468
f 2467 2469 2470
f 2469 2471 2472
f 2471 2473 2474
f 2473 2475 2476
f 2475 2477 2478
f 2477 2479 2480
f 2479 2481 2482
f 2483 2484 2485
f 2484 2486 2487
f 2486 2488 2489
f 2488 2490 2491
f 2490 2492 2493
f 2492 2494 2495
f 2494 2496 2497
f 2496 2498 2499
f 2498 2500 2501
f 2502 2503 2504
f 2503 2505 2506
f 2505 2507 2508
f 2509 2510 2511
f 2510 2512 2513
f 2512 2514 2515
f 2516 2517 2518
f 2519 2520 2521
f 2520 2522 2523
f 2522 2524 2525
f 2524 2526 2527
f 2526 2528 2529
f 2528 2530 2531
f 2532 2533 2534
f 2535 2536 2537
f 2538 2539 2540
f 2539 2541 2542
f 2541 2543 2544
f 2543 2545 2546
f 2545 2547 2548
f 2547 2549 2550
f 2549 2551 2552
f 2551 2553 2554
f 2553 2555 2556
f 2555 2557 2558
f 2557 2559 2560
f 2559 2561 2562
f 2561 2563 2564
f 2563 2565 2566
f 2565 2567 2568
f 2567 2569 2570
f 2569 2571 2572
f 2571 2573 2574
f 2573 2575 2576
f 2575 2577 2578
f 2577 2579 2580
f 2579 2581 2582
f 2581 2583 2584
f 2583 2585 2586
f 2585 2587 2588
f 2587 2589 2590
f 2589 2591 2592
f 2591 2593 2594
f 2593 2595 2596
f 2597 2598 2599
f 2598 2600 2601
f 2600 2602 2603
f 2604 2605 2606
f 2605 2607 2608
f 2607 2609 2610
f 2609 2611 2612
f 2611 2613 2614
f 2613 2615 2616
f 2615 2617 2618
f 2617 2619 2620
f 2619 2621 2622
f 2621 2623 2624
f 2623 2625 2626
f 2625 2627 2628
f 2627 2629 2630
f 2629 2631 2632
f 2631 2633 2634
f 2633 2635 2636
f 2635 2637 2638
f 2637 2639 2640
f 2639 2641 2642
f 2641 2643 2644
f 2643 2409 2408
f 2409 2413 2411
f 2413 2417 2415
f 2417 2421 2419
f 2421 2425 2423
f 2425 2645 2427
f 2433 2437 2435
f 2441 2444 2442
f 2444 2646 2446
f 2448 2451 2449
f 2451 2455 2453
f 2455 2459 2457
f 2461 2465 2463
f 2465 2469 2467
f 2469 2473 2471
f 2473 2477 2475
f 2477 2481 2479
f 2483 2486 2484
f 2486 2490 2488
f 2490 2494 2492
f 2494 2498 2496
f 2498 2647 2500
f 2502 2505 2503
f 2648 2510 2509
f 2510 2514 2512
f 2514 2517 2516
f 2519 2522 2520
f 2522 2526 2524
f 2526 2530 2528
f 2649 2536 2535
f 2539 2543 2541
f 2543 2547 2545
f 2547 2551 2549
f 2551 2555 2553
f 2555 2559 2557
f 2559 2563 2561
f 2563 2567 2565
f 2567 2571 2569
f 2571 2575 2573
f 2575 2579 2577
f 2579 2583 2581
f 2583 2587 2585
f 2587 2591 2589
f 2591 2595 2593
f 2650 2598 2597
f 2598 2602 2600
f 2651 2605 2604
f 2605 2609 2607
f 2609 2613 2611
f 2613 2617 2615
f 2617 2621 2619
f 2621 2625 2623
f 2625 2629 2627
f 2629 2633 2631
f 2633 2637 2635
f 2637 2641 2639
f 2641 2409 2643
f 2409 2417 2413
f 2417 2425 2421
f 2425 2652 2645
f 2432 2437 2433
f 2441 2646 2444
f 2653 2451 2448
f 2451 2459 2455
f 2459 2465 2461
f 2465 2473 2469
f 2473 2481 2477
f 2654 2486 2483
f 2486 2494 2490
f 2494 2647 2498
f 2502 2507 2505
f 2648 2514 2510
f 2514 2655 2517
f 2656 2522 2519
f 2522 2530 2526
f 2657 2536 2649
f 2539 2547 2543
f 2547 2555 2551
f 2555 2563 2559
f 2563 2571 2567
f 2571 2579 2575
f 2579 2587 2583
f 2587 2595 2591
f 2650 2602 2598
f 2658 2605 2651
f 2605 2613 2609
f 2613 2621 2617
f 2621 2629 2625
f 2629 2637 2633
f 2637 2409 2641
f 2409 2425 2417
f 2425 2659 2652
f 2432 2439 2437
f 2660 2646 2441
f 2661 2451 2653
f 2459 2473 2465
f 2654 2494 2486
f 2494 2502 2647
f 2502 2662 2507
f 2663 2514 2648
f 2656 2530 2522
f 2657 2664 2536
f 2539 2555 2547
f 2555 2571 2563
f 2571 2587 2579
f 2587 2665 2595
f 2666 2602 2650
f 2658 2613 2605
f 2613 2629 2621
f 2629 2409 2637
f 2409 2659 2425
f 2432 2660 2439
f 2660 2667 2646
f 2661 2459 2451
f 2459 2481 2473
f 2668 2494 2654
f 2494 2662 2502
f 2663 2655 2514
f 2669 2530 2656
f 2670 2664 2657
f 2538 2555 2539
f 2555 2587 2571
f 2587 2671 2665
f 2666 2672 2602
f 2673 2613 2658
f 2613 2409 2629
f 2409 2674 2659
f 2432 2667 2660
f 2661 2481 2459
f 2668 2662 2494
f 2675 2655 2663
f 2669 2532 2530
f 2670 2676 2664
f 2677 2555 2538
f 2555 2671 2587
f 2666 2678 2672
f 2678 2613 2673
f 2613 2674 2409
f 2679 2667 2432
f 2680 2481 2661
f 2681 2662 2668
f 2675 2682 2655
f 2669 2533 2532
f 2670 2683 2676
f 2684 2555 2677
f 2555 2685 2671
f 2666 2613 2678
f 2613 2686 2674
f 2687 2667 2679
f 2688 2481 2680
f 2481 2662 2681
f 2682 2533 2669
f 2533 2683 2670
f 2689 2555 2684
f 2555 2690 2685
f 2691 2613 2666
f 2613 2692 2686
f 2693 2667 2687
f 2694 2481 2688
f 2481 2695 2662
f 2682 2683 2533
f 2696 2555 2689
f 2555 2697 2690
f 2691 2692 2613
f 2430 2667 2693
f 2667 2481 2694
f 2481 2675 2695
f 2682 2698 2683
f 2699 2555 2696
f 2555 2700 2697
f 2701 2692 2691
f 2429 2667 2430
f 2481 2682 2675
f 2682 2702 2698
f 2703 2555 2699
f 2704 2692 2701
f 2429 2481 2667
f 2481 2702 2682
f 2705 2555 2703
f 2706 2692 2704
f 2707 2481 2429
f 2481 2705 2702
f 2705 2700 2555
f 2708 2692 2706
f 2709 2481 2707
f 2481 2700 2705
f 2710 2692 2708
f 2711 2481 2709
f 2481 2712 2700
f 2713 2692 2710
f 2714 2481 2711
f 2481 2715 2712
f 2713 2716 2692
f 2716 2481 2714
f 2481 2713 2715
f 2713 2481 2716
f 2099 2409 2103
f 2103 2409 2412
f 2103 2412 2102
f 2102 2412 2411
f 2102 2411 2105
f 2105 2411 2414
f 2105 2414 2104
f 2104 2414 2413
f 2104 2413 2107
f 2107 2413 2416
f 2107 2416 2106
f 2106 2416 2415
f 2106 2415 2109
f 2109 2415 2418
f 2109 2418 2108
f 2108 2418 2417
f 2108 2417 2111
f 2111 2417 2420
f 2111 2420 2110
f 2110 2420 2419
f 2110 2419 2113
f 2113 2419 2422
f 2113 2422 2112
f 2112 2422 2421
f 2112 2421 2115
f 2115 2421 2424
f 2115 2424 2114
f 2114 2424 2423
f 2114 2423 2117
f 2117 2423 2426
f 2117 2426 2116
f 2116 2426 2425
f 2116 2425 2119
f 2119 2425 2428
f 2119 2428 2118
f 2118 2428 2427
f 2118 2427 2336
f 2336 2427 2645
f 2336 2645 2343
f 2343 2645 2652
f 2343 2652 2350
f 2350 2652 2659
f 2350 2659 2365
f 2365 2659 2674
f 2365 2674 2377
f 2377 2674 2686
f 2377 2686 2383
f 2383 2686 2692
f 2383 2692 2407
f 2407 2692 2716
f 2407 2716 2405
f 2405 2716 2714
f 2405 2714 2402
f 2402 2714 2711
f 2402 2711 2400
f 2400 2711 2709
f 2400 2709 2398
f 2398 2709 2707
f 2398 2707 2121
f 2121 2707 2429
f 2121 2429 2122
f 2122 2429 2431
f 2122 2431 2120
f 2120 2431 2430
f 2120 2430 2384
f 2384 2430 2693
f 2384 2693 2378
f 2378 2693 2687
f 2378 2687 2370
f 2370 2687 2679
f 2370 2679 2124
f 2124 2679 2432
f 2124 2432 2125
f 2125 2432 2434
f 2125 2434 2123
f 2123 2434 2433
f 2123 2433 2127
f 2127 2433 2436
f 2127 2436 2126
f 2126 2436 2435
f 2126 2435 2129
f 2129 2435 2438
f 2129 2438 2128
f 2128 2438 2437
f 2128 2437 2131
f 2131 2437 2440
f 2131 2440 2130
f 2130 2440 2439
f 2130 2439 2351
f 2351 2439 2660
f 2351 2660 2133
f 2133 2660 2441
f 2133 2441 2134
f 2134 2441 2443
f 2134 2443 2132
f 2132 2443 2442
f 2132 2442 2136
f 2136 2442 2445
f 2136 2445 2135
f 2135 2445 2444
f 2135 2444 2138
f 2138 2444 2447
f 2138 2447 2137
f 2137 2447 2446
f 2137 2446 2337
f 2337 2446 2646
f 2337 2646 2358
f 2358 2646 2667
f 2358 2667 2385
f 2385 2667 2694
f 2385 2694 2379
f 2379 2694 2688
f 2379 2688 2371
f 2371 2688 2680
f 2371 2680 2352
f 2352 2680 2661
f 2352 2661 2344
f 2344 2661 2653
f 2344 2653 2140
f 2140 2653 2448
f 2140 2448 2141
f 2141 2448 2450
f 2141 2450 2139
f 2139 2450 2449
f 2139 2449 2143
f 2143 2449 2452
f 2143 2452 2142
f 2142 2452 2451
f 2142 2451 2145
f 2145 2451 2454
f 2145 2454 2144
f 2144 2454 2453
f 2144 2453 2147
f 2147 2453 2456
f 2147 2456 2146
f 2146 2456 2455
f 2146 2455 2149
f 2149 2455 2458
f 2149 2458 2148
f 2148 2458 2457
f 2148 2457 2151
f 2151 2457 2460
f 2151 2460 2150
f 2150 2460 2459
f 2150 2459 2153
f 2153 2459 2462
f 2153 2462 2152
f 2152 2462 2461
f 2152 2461 2155
f 2155 2461 2464
f 2155 2464 2154
f 2154 2464 2463
f 2154 2463 2157
f 2157 2463 2466
f 2157 2466 2156
f 2156 2466 2465
f 2156 2465 2159
f 2159 2465 2468
f 2159 2468 2158
f 2158 2468 2467
f 2158 2467 2161
f 2161 2467 2470
f 2161 2470 2160
f 2160 2470 2469
f 2160 2469 2163
f 2163 2469 2472
f 2163 2472 2162
f 2162 2472 2471
f 2162 2471 2165
f 2165 2471 2474
f 2165 2474 2164
f 2164 2474 2473
f 2164 2473 2167
f 2167 2473 2476
f 2167 2476 2166
f 2166 2476 2475
f 2166 2475 2169
f 2169 2475 2478
f 2169 2478 2168
f 2168 2478 2477
f 2168 2477 2171
f 2171 2477 2480
f 2171 2480 2170
f 2170 2480 2479
f 2170 2479 2173
f 2173 2479 2482
f 2173 2482 2172
f 2172 2482 2481
f 2172 2481 2372
f 2372 2481 2681
f 2372 2681 2359
f 2359 2681 2668
f 2359 2668 2345
f 2345 2668 2654
f 2345 2654 2175
f 2175 2654 2483
f 2175 2483 2176
f 2176 2483 2485
f 2176 2485 2174
f 2174 2485 2484
f 2174 2484 2178
f 2178 2484 2487
f 2178 2487 2177
f 2177 2487 2486
f 2177 2486 2180
f 2180 2486 2489
f 2180 2489 2179
f 2179 2489 2488
f 2179 2488 2182
f 2182 2488 2491
f 2182 2491 2181
f 2181 2491 2490
f 2181 2490 2184
f 2184 2490 2493
f 2184 2493 2183
f 2183 2493 2492
f 2183 2492 2186
f 2186 2492 2495
f 2186 2495 2185
f 2185 2495 2494
f 2185 2494 2188
f 2188 2494 2497
f 2188 2497 2187
f 2187 2497 2496
f 2187 2496 2190
f 2190 2496 2499
f 2190 2499 2189
f 2189 2499 2498
f 2189 2498 2192
f 2192 2498 2501
f 2192 2501 2191
f 2191 2501 2500
f 2191 2500 2338
f 2338 2500 2647
f 2338 2647 2194
f 2194 2647 2502
f 2194 2502 2195
f 2195 2502 2504
f 2195 2504 2193
f 2193 2504 2503
f 2193 2503 2197
f 2197 2503 2506
f 2197 2506 2196
f 2196 2506 2505
f 2196 2505 2199
f 2199 2505 2508
f 2199 2508 2198
f 2198 2508 2507
f 2198 2507 2353
f 2353 2507 2662
f 2353 2662 2386
f 2386 2662 2695
f 2386 2695 2366
f 2366 2695 2675
f 2366 2675 2354
f 2354 2675 2663
f 2354 2663 2339
f 2339 2663 2648
f 2339 2648 2201
f 2201 2648 2509
f 2201 2509 2202
f 2202 2509 2511
f 2202 2511 2200
f 2200 2511 2510
f 2200 2510 2204
f 2204 2510 2513
f 2204 2513 2203
f 2203 2513 2512
f 2203 2512 2206
f 2206 2512 2515
f 2206 2515 2205
f 2205 2515 2514
f 2205 2514 2208
f 2208 2514 2516
f 2208 2516 2209
f 2209 2516 2518
f 2209 2518 2207
f 2207 2518 2517
f 2207 2517 2346
f 2346 2517 2655
f 2346 2655 2373
f 2373 2655 2682
f 2373 2682 2360
f 2360 2682 2669
f 2360 2669 2347
f 2347 2669 2656
f 2347 2656 2211
f 2211 2656 2519
f 2211 2519 2212
f 2212 2519 2521
f 2212 2521 2210
f 2210 2521 2520
f 2210 2520 2214
f 2214 2520 2523
f 2214 2523 2213
f 2213 2523 2522
f 2213 2522 2216
f 2216 2522 2525
f 2216 2525 2215
f 2215 2525 2524
f 2215 2524 2218
f 2218 2524 2527
f 2218 2527 2217
f 2217 2527 2526
f 2217 2526 2220
f 2220 2526 2529
f 2220 2529 2219
f 2219 2529 2528
f 2219 2528 2222
f 2222 2528 2531
f 2222 2531 2221
f 2221 2531 2530
f 2221 2530 2224
f 2224 2530 2532
f 2224 2532 2225
f 2225 2532 2534
f 2225 2534 2223
f 2223 2534 2533
f 2223 2533 2361
f 2361 2533 2670
f 2361 2670 2348
f 2348 2670 2657
f 2348 2657 2340
f 2340 2657 2649
f 2340 2649 2227
f 2227 2649 2535
f 2227 2535 2228
f 2228 2535 2537
f 2228 2537 2226
f 2226 2537 2536
f 2226 2536 2355
f 2355 2536 2664
f 2355 2664 2367
f 2367 2664 2676
f 2367 2676 2374
f 2374 2676 2683
f 2374 2683 2389
f 2389 2683 2698
f 2389 2698 2393
f 2393 2698 2702
f 2393 2702 2396
f 2396 2702 2705
f 2396 2705 2394
f 2394 2705 2703
f 2394 2703 2390
f 2390 2703 2699
f 2390 2699 2387
f 2387 2699 2696
f 2387 2696 2380
f 2380 2696 2689
f 2380 2689 2375
f 2375 2689 2684
f 2375 2684 2368
f 2368 2684 2677
f 2368 2677 2230
f 2230 2677 2538
f 2230 2538 2231
f 2231 2538 2540
f 2231 2540 2229
f 2229 2540 2539
f 2229 2539 2233
f 2233 2539 2542
f 2233 2542 2232
f 2232 2542 2541
f 2232 2541 2235
f 2235 2541 2544
f 2235 2544 2234
f 2234 2544 2543
f 2234 2543 2237
f 2237 2543 2546
f 2237 2546 2236
f 2236 2546 2545
f 2236 2545 2239
f 2239 2545 2548
f 2239 2548 2238
f 2238 2548 2547
f 2238 2547 2241
f 2241 2547 2550
f 2241 2550 2240
f 2240 2550 2549
f 2240 2549 2243
f 2243 2549 2552
f 2243 2552 2242
f 2242 2552 2551
f 2242 2551 2245
f 2245 2551 2554
f 2245 2554 2244
f 2244 2554 2553
f 2244 2553 2247
f 2247 2553 2556
f 2247 2556 2246
f 2246 2556 2555
f 2246 2555 2249
f 2249 2555 2558
f 2249 2558 2248
f 2248 2558 2557
f 2248 2557 2251
f 2251 2557 2560
f 2251 2560 2250
f 2250 2560 2559
f 2250 2559 2253
f 2253 2559 2562
f 2253 2562 2252
f 2252 2562 2561
f 2252 2561 2255
f 2255 2561 2564
f 2255 2564 2254
f 2254 2564 2563
f 2254 2563 2257
f 2257 2563 2566
f 2257 2566 2256
f 2256 2566 2565
f 2256 2565 2259
f 2259 2565 2568
f 2259 2568 2258
f 2258 2568 2567
f 2258 2567 2261
f 2261 2567 2570
f 2261 2570 2260
f 2260 2570 2569
f 2260 2569 2263
f 2263 2569 2572
f 2263 2572 2262
f 2262 2572 2571
f 2262 2571 2265
f 2265 2571 2574
f 2265 2574 2264
f 2264 2574 2573
f 2264 2573 2267
f 2267 2573 2576
f 2267 2576 2266
f 2266 2576 2575
f 2266 2575 2269
f 2269 2575 2578
f 2269 2578 2268
f 2268 2578 2577
f 2268 2577 2271
f 2271 2577 2580
f 2271 2580 2270
f 2270 2580 2579
f 2270 2579 2273
f 2273 2579 2582
f 2273 2582 2272
f 2272 2582 2581
f 2272 2581 2275
f 2275 2581 2584
f 2275 2584 2274
f 2274 2584 2583
f 2274 2583 2277
f 2277 2583 2586
f 2277 2586 2276
f 2276 2586 2585
f 2276 2585 2279
f 2279 2585 2588
f 2279 2588 2278
f 2278 2588 2587
f 2278 2587 2281
f 2281 2587 2590
f 2281 2590 2280
f 2280 2590 2589
f 2280 2589 2283
f 2283 2589 2592
f 2283 2592 2282
f 2282 2592 2591
f 2282 2591 2285
f 2285 2591 2594
f 2285 2594 2284
f 2284 2594 2593
f 2284 2593 2287
f 2287 2593 2596
f 2287 2596 2286
f 2286 2596 2595
f 2286 2595 2356
f 2356 2595 2665
f 2356 2665 2362
f 2362 2665 2671
f 2362 2671 2376
f 2376 2671 2685
f 2376 2685 2381
f 2381 2685 2690
f 2381 2690 2388
f 2388 2690 2697
f 2388 2697 2391
f 2391 2697 2700
f 2391 2700 2403
f 2403 2700 2712
f 2403 2712 2406
f 2406 2712 2715
f 2406 2715 2404
f 2404 2715 2713
f 2404 2713 2401
f 2401 2713 2710
f 2401 2710 2399
f 2399 2710 2708
f 2399 2708 2397
f 2397 2708 2706
f 2397 2706 2395
f 2395 2706 2704
f 2395 2704 2392
f 2392 2704 2701
f 2392 2701 2382
f 2382 2701 2691
f 2382 2691 2357
f 2357 2691 2666
f 2357 2666 2341
f 2341 2666 2650
f 2341 2650 2289
f 2289 2650 2597
f 2289 2597 2290
f 2290 2597 2599
f 2290 2599 2288
f 2288 2599 2598
f 2288 2598 2292
f 2292 2598 2601
f 2292 2601 2291
f 2291 2601 2600
f 2291 2600 2294
f 2294 2600 2603
f 2294 2603 2293
f 2293 2603 2602
f 2293 2602 2363
f 2363 2602 2672
f 2363 2672 2369
f 2369 2672 2678
f 2369 2678 2364
f 2364 2678 2673
f 2364 2673 2349
f 2349 2673 2658
f 2349 2658 2342
f 2342 2658 2651
f 2342 2651 2296
f 2296 2651 2604
f 2296 2604 2297
f 2297 2604 2606
f 2297 2606 2295
f 2295 2606 2605
f 2295 2605 2299
f 2299 2605 2608
f 2299 2608 2298
f 2298 2608 2607
f 2298 2607 2301
f 2301 2607 2610
f 2301 2610 2300
f 2300 2610 2609
f 2300 2609 2303
f 2303 2609 2612
f 2303 2612 2302
f 2302 2612 2611
f 2302 2611 2305
f 2305 2611 2614
f 2305 2614 2304
f 2304 2614 2613
f 2304 2613 2307
f 2307 2613 2616
f 2307 2616 2306
f 2306 2616 2615
f 2306 2615 2309
f 2309 2615 2618
f 2309 2618 2308
f 2308 2618 2617
f 2308 2617 2311
f 2311 2617 2620
f 2311 2620 2310
f 2310 2620 2619
f 2310 2619 2313
f 2313 2619 2622
f 2313 2622 2312
f 2312 2622 2621
f 2312 2621 2315
f 2315 2621 2624
f 2315 2624 2314
f 2314 2624 2623
f 2314 2623 2317
f 2317 2623 2626
f 2317 2626 2316
f 2316 2626 2625
f 2316 2625 2319
f 2319 2625 2628
f 2319 2628 2318
f 2318 2628 2627
f 2318 2627 2321
f 2321 2627 2630
f 2321 2630 2320
f 2320 2630 2629
f 2320 2629 2323
f 2323 2629 2632
f 2323 2632 2322
f 2322 2632 2631
f 2322 2631 2325
f 2325 2631 2634
f 2325 2634 2324
f 2324 2634 2633
f 2324 2633 2327
f 2327 2633 2636
f 2327 2636 2326
f 2326 2636 2635
f 2326 2635 2329
f 2329 2635 2638
f 2329 2638 2328
f 2328 2638 2637
f 2328 2637 2331
f 2331 2637 2640
f 2331 2640 2330
f 2330 2640 2639
f 2330 2639 2333
f 2333 2639 2642
f 2333 2642 2332
f 2332 2642 2641
f 2332 2641 2335
f 2335 2641 2644
f 2335 2644 2334
f 2334 2644 2643
f 2334 2643 2100
f 2100 2643 2408
f 2100 2408 2101
f 2101 2408 2410
f 2101 2410 2099
f 2099 2410 2409
o 
v 26.31 0 -50.79
v 27.496 0 -50.786
v 26.69 0 -50.779
v 18.941 0 -51.135
v 23.69 0 -50.93
v 19.93 0 -51.09
v 8.307 0 -51.477
v 12.039 0 -51.372
v 9.92 0 -51.43
v 6.386 0 -51.584
v 7.163 0 -51.524
v 5.535 0 -51.781
v 5.877 0 -51.666
v 4.629 0 -52.42
v 5.26 0 -51.94
v 3.319 0 -53.656
v 3.967 0 -53.009
v 2.245 0 -54.936
v 2.73 0 -54.315
v 1.791 0 -55.705
v 1.91 0 -55.47
v 1.619 0 -56.118
v 1.698 0 -55.911
v 1.456 0 -56.657
v 1.542 0 -56.356
v 1.303 0 -57.4
v 1.35 0 -57.05
v 1.258 0 -58.625
v 1.271 0 -57.96
v 1.286 0 -59.85
v 1.262 0 -59.29
v 1.51 0 -60.97
v 1.33 0 -60.2
v 1.816 0 -61.994
v 1.642 0 -61.481
v 2.261 0 -62.983
v 2.024 0 -62.499
v 2.8 0 -63.84
v 2.522 0 -63.434
v 3.791 0 -64.769
v 3.23 0 -64.305
v 5.205 0 -65.628
v 4.459 0 -65.215
v 6.83 0 -66.29
v 6.004 0 -65.992
v 7.908 0 -66.533
v 7.379 0 -66.438
v 8.935 0 -66.563
v 8.425 0 -66.575
v 9.96 0 -66.38
v 9.445 0 -66.498
v 12.012 0 -65.765
v 10.929 0 -66.099
v 14.198 0 -65.041
v 13.129 0 -65.404
v 15.87 0 -64.42
v 15.138 0 -64.705
v 17.69 0 -63.71
v 16.643 0 -64.11
v 17.075 0 -63.945
v 18.189 0 -63.523
v 17.94 0 -63.617
v 18.686 0 -63.331
v 18.438 0 -63.428
v 19.181 0 -63.132
v 18.934 0 -63.232
v 19.673 0 -62.927
v 19.427 0 -63.031
v 20.163 0 -62.717
v 19.918 0 -62.823
v 20.65 0 -62.5
v 20.407 0 -62.609
v 21.354 0 -62.201
v 21.002 0 -62.351
v 22.055 0 -61.895
v 21.704 0 -62.049
v 22.753 0 -61.583
v 22.404 0 -61.74
v 23.448 0 -61.265
v 23.101 0 -61.425
v 24.141 0 -60.941
v 23.795 0 -61.104
v 24.83 0 -60.61
v 24.486 0 -60.776
v 28.884 0 -58.92
v 28.268 0 -59.149
v 28.59 0 -59.04
v 29.471 0 -58.676
v 29.177 0 -58.798
v 30.056 0 -58.428
v 29.763 0 -58.552
v 30.639 0 -58.176
v 30.348 0 -58.302
v 31.221 0 -57.921
v 30.93 0 -58.049
v 31.801 0 -57.661
v 31.511 0 -57.791
v 35.102 0 -56.426
v 34.92 0 -56.49
v 35.014 0 -56.459
v 35.251 0 -56.361
v 35.182 0 -56.393
v 35.34 0 -56.31
v 35.305 0 -56.333
v 35.693 0 -56.191
v 35.517 0 -56.253
v 36.038 0 -56.051
v 35.866 0 -56.123
v 36.374 0 -55.892
v 36.207 0 -55.974
v 36.701 0 -55.713
v 36.539 0 -55.805
v 37.016 0 -55.516
v 36.86 0 -55.617
v 37.32 0 -55.3
v 37.17 0 -55.41
v 37.661 0 -54.701
v 37.536 0 -55.025
v 37.639 0 -53.799
v 37.696 0 -54.301
v 37.24 0 -52.38
v 37.487 0 -53.168
v 36.964 0 -51.355
v 36.999 0 -51.543
v 36.99 0 -51.49
v 36.676 0 -51.181
v 36.868 0 -51.254
v 35.899 0 -51.091
v 36.362 0 -51.129
v 34.82 0 -51.043
v 35.26 0 -51.06
v 31.071 0 -50.876
v 32.666 0 -50.946
v 32.18 0 -50.92
v 28.589 0 -50.806
v 29.827 0 -50.837
v 16.006 0 -64.36
v 27.948 0 -59.263
v 32.09 0 -57.53
v 34.533 0 -56.621
v 37.173 0 -52.168
v 33.203 0 -50.972
v 14.069 0 -51.311
v 25.134 0 -60.458
v 37.113 0 -51.969
v 37.024 0 -51.647
v 34.31 0 -51.021
v 33.761 0 -50.998
v 26.178 0 -50.807
v 15.941 0 -51.249
v 25.44 0 -60.31
v 27.629 0 -59.38
v 34.013 0 -56.806
v 37.063 0 -51.792
v 16.349 0 -64.223
v 27.311 0 -59.501
v 33.434 0 -57.018
v 17.588 0 -51.189
v 16.151 0 -64.3
v 25.748 0 -60.166
v 26.995 0 -59.626
v 32.87 0 -57.227
v 25.891 0 -50.826
v 26.681 0 -59.755
v 32.398 0 -57.407
v 25.472 0 -50.849
v 24.347 0 -50.901
v 26.057 0 -60.025
v 24.949 0 -50.874
v 26.368 0 -59.888
v 27.496 10 -50.786
v 26.31 10 -50.79
v 26.69 10 -50.779
v 23.69 10 -50.93
v 18.941 10 -51.135
v 19.93 10 -51.09
v 12.039 10 -51.372
v 8.307 10 -51.477
v 9.92 10 -51.43
v 6.386 10 -51.584
v 7.163 10 -51.524
v 5.535 10 -51.781
v 5.877 10 -51.666
v 4.629 10 -52.42
v 5.26 10 -51.94
v 3.319 10 -53.656
v 3.967 10 -53.009
v 2.245 10 -54.936
v 2.73 10 -54.315
v 1.791 10 -55.705
v 1.91 10 -55.47
v 1.619 10 -56.118
v 1.698 10 -55.911
v 1.456 10 -56.657
v 1.542 10 -56.356
v 1.303 10 -57.4
v 1.35 10 -57.05
v 1.258 10 -58.625
v 1.271 10 -57.96
v 1.286 10 -59.85
v 1.262 10 -59.29
v 1.51 10 -60.97
v 1.33 10 -60.2
v 1.816 10 -61.994
v 1.642 10 -61.481
v 2.261 10 -62.983
v 2.024 10 -62.499
v 2.8 10 -63.84
v 2.522 10 -63.434
v 3.791 10 -64.769
v 3.23 10 -64.305
v 5.205 10 -65.628
v 4.459 10 -65.215
v 6.83 10 -66.29
v 6.004 10 -65.992
v 7.908 10 -66.533
v 7.379 10 -66.438
v 8.935 10 -66.563
v 8.425 10 -66.575
v 9.96 10 -66.38
v 9.445 10 -66.498
v 12.012 10 -65.765
v 10.929 10 -66.099
v 14.198 10 -65.041
v 13.129 10 -65.404
v 15.87 10 -64.42
v 15.138 10 -64.705
v 16.643 10 -64.11
v 17.69 10 -63.71
v 17.075 10 -63.945
v 18.189 10 -63.523
v 17.94 10 -63.617
v 18.686 10 -63.331
v 18.438 10 -63.428
v 19.181 10 -63.132
v 18.934 10 -63.232
v 19.673 10 -62.927
v 19.427 10 -63.031
v 20.163 10 -62.717
v 19.918 10 -62.823
v 20.65 10 -62.5
v 20.407 10 -62.609
v 21.354 10 -62.201
v 21.002 10 -62.351
v 22.055 10 -61.895
v 21.704 10 -62.049
v 22.753 10 -61.583
v 22.404 10 -61.74
v 23.448 10 -61.265
v 23.101 10 -61.425
v 24.141 10 -60.941
v 23.795 10 -61.104
v 24.83 10 -60.61
v 24.486 10 -60.776
v 28.268 10 -59.149
v 28.884 10 -58.92
v 28.59 10 -59.04
v 29.471 10 -58.676
v 29.177 10 -58.798
v 30.056 10 -58.428
v 29.763 10 -58.552
v 30.639 10 -58.176
v 30.348 10 -58.302
v 31.221 10 -57.921
v 30.93 10 -58.049
v 31.801 10 -57.661
v 31.511 10 -57.791
v 34.92 10 -56.49
v 35.102 10 -56.426
v 35.014 10 -56.459
v 35.251 10 -56.361
v 35.182 10 -56.393
v 35.34 10 -56.31
v 35.305 10 -56.333
v 35.693 10 -56.191
v 35.517 10 -56.253
v 36.038 10 -56.051
v 35.866 10 -56.123
v 36.374 10 -55.892
v 36.207 10 -55.974
v 36.701 10 -55.713
v 36.539 10 -55.805
v 37.016 10 -55.516
v 36.86 10 -55.617
v 37.32 10 -55.3
v 37.17 10 -55.41
v 37.661 10 -54.701
v 37.536 10 -55.025
v 37.639 10 -53.799
v 37.696 10 -54.301
v 37.24 10 -52.38
v 37.487 10 -53.168
v 36.999 10 -51.543
v 36.964 10 -51.355
v 36.99 10 -51.49
v 36.676 10 -51.181
v 36.868 10 -51.254
v 35.899 10 -51.091
v 36.362 10 -51.129
v 34.82 10 -51.043
v 35.26 10 -51.06
v 32.666 10 -50.946
v 31.071 10 -50.876
v 32.18 10 -50.92
v 28.589 10 -50.806
v 29.827 10 -50.837
v 16.006 10 -64.36
v 27.948 10 -59.263
v 32.09 10 -57.53
v 34.533 10 -56.621
v 37.173 10 -52.168
v 33.203 10 -50.972
v 14.069 10 -51.311
v 25.134 10 -60.458
v 37.113 10 -51.969
v 37.024 10 -51.647
v 34.31 10 -51.021
v 33.761 10 -50.998
v 26.178 10 -50.807
v 15.941 10 -51.249
v 25.44 10 -60.31
v 27.629 10 -59.38
v 34.013 10 -56.806
v 37.063 10 -51.792
v 16.349 10 -64.223
v 27.311 10 -59.501
v 33.434 10 -57.018
v 17.588 10 -51.189
v 16.151 10 -64.3
v 25.748 10 -60.166
v 26.995 10 -59.626
v 32.87 10 -57.227
v 25.891 10 -50.826
v 26.681 10 -59.755
v 32.398 10 -57.407
v 25.472 10 -50.849
v 24.347 10 -50.901
v 26.057 10 -60.025
v 24.949 10 -50.874
v 26.368 10 -59.888
f 2717 2718 2719
f 2720 2721 2722
f 2723 2724 2725
f 2726 2723 2727
f 2728 2726 2729
f 2730 2728 2731
f 2732 2730 2733
f 2734 2732 2735
f 2736 2734 2737
f 2738 2736 2739
f 2740 2738 2741
f 2742 2740 2743
f 2744 2742 2745
f 2746 2744 2747
f 2748 2746 2749
f 2750 2748 2751
f 2752 2750 2753
f 2754 2752 2755
f 2756 2754 2757
f 2758 2756 2759
f 2760 2758 2761
f 2762 2760 2763
f 2764 2762 2765
f 2766 2764 2767
f 2768 2766 2769
f 2770 2768 2771
f 2772 2770 2773
f 2774 2775 2776
f 2777 2774 2778
f 2779 2777 2780
f 2781 2779 2782
f 2783 2781 2784
f 2785 2783 2786
f 2787 2785 2788
f 2789 2787 2790
f 2791 2789 2792
f 2793 2791 2794
f 2795 2793 2796
f 2797 2795 2798
f 2799 2797 2800
f 2801 2802 2803
f 2804 2801 2805
f 2806 2804 2807
f 2808 2806 2809
f 2810 2808 2811
f 2812 2810 2813
f 2814 2815 2816
f 2817 2814 2818
f 2819 2817 2820
f 2821 2819 2822
f 2823 2821 2824
f 2825 2823 2826
f 2827 2825 2828
f 2829 2827 2830
f 2831 2829 2832
f 2833 2831 2834
f 2835 2833 2836
f 2837 2835 2838
f 2839 2840 2841
f 2842 2839 2843
f 2844 2842 2845
f 2846 2844 2847
f 2848 2849 2850
f 2851 2848 2852
f 2717 2851 2718
f 2726 2724 2723
f 2730 2726 2728
f 2734 2730 2732
f 2738 2734 2736
f 2742 2738 2740
f 2746 2742 2744
f 2750 2746 2748
f 2754 2750 2752
f 2758 2754 2756
f 2762 2758 2760
f 2766 2762 2764
f 2770 2766 2768
f 2853 2770 2772
f 2779 2774 2777
f 2783 2779 2781
f 2787 2783 2785
f 2791 2787 2789
f 2795 2791 2793
f 2799 2795 2797
f 2801 2854 2802
f 2806 2801 2804
f 2810 2806 2808
f 2855 2810 2812
f 2814 2856 2815
f 2819 2814 2817
f 2823 2819 2821
f 2827 2823 2825
f 2831 2827 2829
f 2835 2831 2833
f 2857 2835 2837
f 2842 2840 2839
f 2846 2842 2844
f 2848 2858 2849
f 2717 2848 2851
f 2726 2859 2724
f 2734 2726 2730
f 2742 2734 2738
f 2750 2742 2746
f 2758 2750 2754
f 2766 2758 2762
f 2853 2766 2770
f 2783 2774 2779
f 2795 2787 2791
f 2860 2795 2799
f 2806 2854 2801
f 2855 2806 2810
f 2819 2856 2814
f 2827 2819 2823
f 2835 2827 2831
f 2861 2835 2857
f 2842 2862 2840
f 2863 2842 2846
f 2848 2864 2858
f 2865 2848 2717
f 2726 2866 2859
f 2742 2726 2734
f 2758 2742 2750
f 2853 2758 2766
f 2783 2775 2774
f 2795 2783 2787
f 2867 2795 2860
f 2806 2868 2854
f 2819 2869 2856
f 2835 2819 2827
f 2842 2870 2862
f 2864 2842 2863
f 2865 2864 2848
f 2742 2866 2726
f 2853 2742 2758
f 2783 2871 2775
f 2867 2783 2795
f 2806 2872 2868
f 2819 2873 2869
f 2861 2819 2835
f 2842 2861 2870
f 2865 2842 2864
f 2742 2874 2866
f 2875 2742 2853
f 2867 2871 2783
f 2855 2872 2806
f 2861 2873 2819
f 2865 2861 2842
f 2742 2720 2874
f 2871 2742 2875
f 2876 2871 2867
f 2855 2877 2872
f 2861 2878 2873
f 2879 2861 2865
f 2742 2721 2720
f 2876 2742 2871
f 2855 2880 2877
f 2861 2881 2878
f 2882 2861 2879
f 2742 2883 2721
f 2884 2742 2876
f 2861 2855 2881
f 2885 2861 2882
f 2742 2885 2883
f 2886 2742 2884
f 2861 2880 2855
f 2742 2861 2885
f 2880 2742 2886
f 2742 2880 2861
f 2887 2888 2889
f 2890 2891 2892
f 2893 2894 2895
f 2894 2896 2897
f 2896 2898 2899
f 2898 2900 2901
f 2900 2902 2903
f 2902 2904 2905
f 2904 2906 2907
f 2906 2908 2909
f 2908 2910 2911
f 2910 2912 2913
f 2912 2914 2915
f 2914 2916 2917
f 2916 2918 2919
f 2918 2920 2921
f 2920 2922 2923
f 2922 2924 2925
f 2924 2926 2927
f 2926 2928 2929
f 2928 2930 2931
f 2930 2932 2933
f 2932 2934 2935
f 2934 2936 2937
f 2936 2938 2939
f 2938 2940 2941
f 2940 2942 2943
f 2944 2945 2946
f 2945 2947 2948
f 2947 2949 2950
f 2949 2951 2952
f 2951 2953 2954
f 2953 2955 2956
f 2955 2957 2958
f 2957 2959 2960
f 2959 2961 2962
f 2961 2963 2964
f 2963 2965 2966
f 2965 2967 2968
f 2967 2969 2970
f 2971 2972 2973
f 2972 2974 2975
f 2974 2976 2977
f 2976 2978 2979
f 2978 2980 2981
f 2980 2982 2983
f 2984 2985 2986
f 2985 2987 2988
f 2987 2989 2990
f 2989 2991 2992
f 2991 2993 2994
f 2993 2995 2996
f 2995 2997 2998
f 2997 2999 3000
f 2999 3001 3002
f 3001 3003 3004
f 3003 3005 3006
f 3005 3007 3008
f 3009 3010 3011
f 3010 3012 3013
f 3012 3014 3015
f 3014 3016 3017
f 3018 3019 3020
f 3019 3021 3022
f 3021 2888 2887
f 2893 2896 2894
f 2896 2900 2898
f 2900 2904 2902
f 2904 2908 2906
f 2908 2912 2910
f 2912 2916 2914
f 2916 2920 2918
f 2920 2924 2922
f 2924 2928 2926
f 2928 2932 2930
f 2932 2936 2934
f 2936 2940 2938
f 2940 3023 2942
f 2945 2949 2947
f 2949 2953 2951
f 2953 2957 2955
f 2957 2961 2959
f 2961 2965 2963
f 2965 2969 2967
f 3024 2972 2971
f 2972 2976 2974
f 2976 2980 2978
f 2980 3025 2982
f 3026 2985 2984
f 2985 2989 2987
f 2989 2993 2991
f 2993 2997 2995
f 2997 3001 2999
f 3001 3005 3003
f 3005 3027 3007
f 3009 3012 3010
f 3012 3016 3014
f 3028 3019 3018
f 3019 2888 3021
f 3029 2896 2893
f 2896 2904 2900
f 2904 2912 2908
f 2912 2920 2916
f 2920 2928 2924
f 2928 2936 2932
f 2936 3023 2940
f 2945 2953 2949
f 2957 2965 2961
f 2965 3030 2969
f 3024 2976 2972
f 2976 3025 2980
f 3026 2989 2985
f 2989 2997 2993
f 2997 3005 3001
f 3005 3031 3027
f 3032 3012 3009
f 3012 3033 3016
f 3034 3019 3028
f 3019 3035 2888
f 3036 2896 3029
f 2896 2912 2904
f 2912 2928 2920
f 2928 3023 2936
f 2944 2953 2945
f 2953 2965 2957
f 2965 3037 3030
f 3038 2976 3024
f 3039 2989 3026
f 2989 3005 2997
f 3040 3012 3032
f 3012 3034 3033
f 3034 3035 3019
f 3036 2912 2896
f 2912 3023 2928
f 3041 2953 2944
f 2953 3037 2965
f 3042 2976 3038
f 3043 2989 3039
f 2989 3031 3005
f 3031 3012 3040
f 3012 3035 3034
f 3044 2912 3036
f 2912 3045 3023
f 3041 3037 2953
f 3042 3025 2976
f 3043 3031 2989
f 3031 3035 3012
f 2891 2912 3044
f 2912 3041 3045
f 3041 3046 3037
f 3047 3025 3042
f 3048 3031 3043
f 3031 3049 3035
f 2890 2912 2891
f 2912 3046 3041
f 3050 3025 3047
f 3051 3031 3048
f 3031 3052 3049
f 3053 2912 2890
f 2912 3054 3046
f 3025 3031 3051
f 3031 3055 3052
f 3055 2912 3053
f 2912 3056 3054
f 3050 3031 3025
f 3031 2912 3055
f 2912 3050 3056
f 3050 2912 3031
f 2717 2888 2865
f 2865 2888 3035
f 2865 3035 2879
f 2879 3035 3049
f 2879 3049 2882
f 2882 3049 3052
f 2882 3052 2885
f 2885 3052 3055
f 2885 3055 2883
f 2883 3055 3053
f 2883 3053 2721
f 2721 3053 2890
f 2721 2890 2722
f 2722 2890 2892
f 2722 2892 2720
f 2720 2892 2891
f 2720 2891 2874
f 2874 2891 3044
f 2874 3044 2866
f 2866 3044 3036
f 2866 3036 2859
f 2859 3036 3029
f 2859 3029 2724
f 2724 3029 2893
f 2724 2893 2725
f 2725 2893 2895
f 2725 2895 2723
f 2723 2895 2894
f 2723 2894 2727
f 2727 2894 2897
f 2727 2897 2726
f 2726 2897 2896
f 2726 2896 2729
f 2729 2896 2899
f 2729 2899 2728
f 2728 2899 2898
f 2728 2898 2731
f 2731 2898 2901
f 2731 2901 2730
f 2730 2901 2900
f 2730 2900 2733
f 2733 2900 2903
f 2733 2903 2732
f 2732 2903 2902
f 2732 2902 2735
f 2735 2902 2905
f 2735 2905 2734
f 2734 2905 2904
f 2734 2904 2737
f 2737 2904 2907
f 2737 2907 2736
f 2736 2907 2906
f 2736 2906 2739
f 2739 2906 2909
f 2739 2909 2738
f 2738 2909 2908
f 2738 2908 2741
f 2741 2908 2911
f 2741 2911 2740
f 2740 2911 2910
f 2740 2910 2743
f 2743 2910 2913
f 2743 2913 2742
f 2742 2913 2912
f 2742 2912 2745
f 2745 2912 2915
f 2745 2915 2744
f 2744 2915 2914
f 2744 2914 2747
f 2747 2914 2917
f 2747 2917 2746
f 2746 2917 2916
f 2746 2916 2749
f 2749 2916 2919
f 2749 2919 2748
f 2748 2919 2918
f 2748 2918 2751
f 2751 2918 2921
f 2751 2921 2750
f 2750 2921 2920
f 2750 2920 2753
f 2753 2920 2923
f 2753 2923 2752
f 2752 2923 2922
f 2752 2922 2755
f 2755 2922 2925
f 2755 2925 2754
f 2754 2925 2924
f 2754 2924 2757
f 2757 2924 2927
f 2757 2927 2756
f 2756 2927 2926
f 2756 2926 2759
f 2759 2926 2929
f 2759 2929 2758
f 2758 2929 2928
f 2758 2928 2761
f 2761 2928 2931
f 2761 2931 2760
f 2760 2931 2930
f 2760 2930 2763
f 2763 2930 2933
f 2763 2933 2762
f 2762 2933 2932
f 2762 2932 2765
f 2765 2932 2935
f 2765 2935 2764
f 2764 2935 2934
f 2764 2934 2767
f 2767 2934 2937
f 2767 2937 2766
f 2766 2937 2936
f 2766 2936 2769
f 2769 2936 2939
f 2769 2939 2768
f 2768 2939 2938
f 2768 2938 2771
f 2771 2938 2941
f 2771 2941 2770
f 2770 2941 2940
f 2770 2940 2773
f 2773 2940 2943
f 2773 2943 2772
f 2772 2943 2942
f 2772 2942 2853
f 2853 2942 3023
f 2853 3023 2875
f 2875 3023 3045
f 2875 3045 2871
f 2871 3045 3041
f 2871 3041 2775
f 2775 3041 2944
f 2775 2944 2776
f 2776 2944 2946
f 2776 2946 2774
f 2774 2946 2945
f 2774 2945 2778
f 2778 2945 2948
f 2778 2948 2777
f 2777 2948 2947
f 2777 2947 2780
f 2780 2947 2950
f 2780 2950 2779
f 2779 2950 2949
f 2779 2949 2782
f 2782 2949 2952
f 2782 2952 2781
f 2781 2952 2951
f 2781 2951 2784
f 2784 2951 2954
f 2784 2954 2783
f 2783 2954 2953
f 2783 2953 2786
f 2786 2953 2956
f 2786 2956 2785
f 2785 2956 2955
f 2785 2955 2788
f 2788 2955 2958
f 2788 2958 2787
f 2787 2958 2957
f 2787 2957 2790
f 2790 2957 2960
f 2790 2960 2789
f 2789 2960 2959
f 2789 2959 2792
f 2792 2959 2962
f 2792 2962 2791
f 2791 2962 2961
f 2791 2961 2794
f 2794 2961 2964
f 2794 2964 2793
f 2793 2964 2963
f 2793 2963 2796
f 2796 2963 2966
f 2796 2966 2795
f 2795 2966 2965
f 2795 2965 2798
f 2798 2965 2968
f 2798 2968 2797
f 2797 2968 2967
f 2797 2967 2800
f 2800 2967 2970
f 2800 2970 2799
f 2799 2970 2969
f 2799 2969 2860
f 2860 2969 3030
f 2860 3030 2867
f 2867 3030 3037
f 2867 3037 2876
f 2876 3037 3046
f 2876 3046 2884
f 2884 3046 3054
f 2884 3054 2886
f 2886 3054 3056
f 2886 3056 2880
f 2880 3056 3050
f 2880 3050 2877
f 2877 3050 3047
f 2877 3047 2872
f 2872 3047 3042
f 2872 3042 2868
f 2868 3042 3038
f 2868 3038 2854
f 2854 3038 3024
f 2854 3024 2802
f 2802 3024 2971
f 2802 2971 2803
f 2803 2971 2973
f 2803 2973 2801
f 2801 2973 2972
f 2801 2972 2805
f 2805 2972 2975
f 2805 2975 2804
f 2804 2975 2974
f 2804 2974 2807
f 2807 2974 2977
f 2807 2977 2806
f 2806 2977 2976
f 2806 2976 2809
f 2809 2976 2979
f 2809 2979 2808
f 2808 2979 2978
f 2808 2978 2811
f 2811 2978 2981
f 2811 2981 2810
f 2810 2981 2980
f 2810 2980 2813
f 2813 2980 2983
f 2813 2983 2812
f 2812 2983 2982
f 2812 2982 2855
f 2855 2982 3025
f 2855 3025 2881
f 2881 3025 3051
f 2881 3051 2878
f 2878 3051 3048
f 2878 3048 2873
f 2873 3048 3043
f 2873 3043 2869
f 2869 3043 3039
f 2869 3039 2856
f 2856 3039 3026
f 2856 3026 2815
f 2815 3026 2984
f 2815 2984 2816
f 2816 2984 2986
f 2816 2986 2814
f 2814 2986 2985
f 2814 2985 2818
f 2818 2985 2988
f 2818 2988 2817
f 2817 2988 2987
f 2817 2987 2820
f 2820 2987 2990
f 2820 2990 2819
f 2819 2990 2989
f 2819 2989 2822
f 2822 2989 2992
f 2822 2992 2821
f 2821 2992 2991
f 2821 2991 2824
f 2824 2991 2994
f 2824 2994 2823
f 2823 2994 2993
f 2823 2993 2826
f 2826 2993 2996
f 2826 2996 2825
f 2825 2996 2995
f 2825 2995 2828
f 2828 2995 2998
f 2828 2998 2827
f 2827 2998 2997
f 2827 2997 2830
f 2830 2997 3000
f 2830 3000 2829
f 2829 3000 2999
f 2829 2999 2832
f 2832 2999 3002
f 2832 3002 2831
f 2831 3002 3001
f 2831 3001 2834
f 2834 3001 3004
f 2834 3004 2833
f 2833 3004 3003
f 2833 3003 2836
f 2836 3003 3006
f 2836 3006 2835
f 2835 3006 3005
f 2835 3005 2838
f 2838 3005 3008
f 2838 3008 2837
f 2837 3008 3007
f 2837 3007 2857
f 2857 3007 3027
f 2857 3027 2861
f 2861 3027 3031
f 2861 3031 2870
f 2870 3031 3040
f 2870 3040 2862
f 2862 3040 3032
f 2862 3032 2840
f 2840 3032 3009
f 2840 3009 2841
f 2841 3009 3011
f 2841 3011 2839
f 2839 3011 3010
f 2839 3010 2843
f 2843 3010 3013
f 2843 3013 2842
f 2842 3013 3012
f 2842 3012 2845
f 2845 3012 3015
f 2845 3015 2844
f 2844 3015 3014
f 2844 3014 2847
f 2847 3014 3017
f 2847 3017 2846
f 2846 3017 3016
f 2846 3016 2863
f 2863 3016 3033
f 2863 3033 2864
f 2864 3033 3034
f 2864 3034 2858
f 2858 3034 3028
f 2858 3028 2849
f 2849 3028 3018
f 2849 3018 2850
f 2850 3018 3020
f 2850 3020 2848
f 2848 3020 3019
f 2848 3019 2852
f 2852 3019 3022
f 2852 3022 2851
f 2851 3022 3021
f 2851 3021 2718
f 2718 3021 2887
f 2718 2887 2719
f 2719 2887 2889
f 2719 2889 2717
f 2717 2889 2888
o 
v 89.3 0 -33.74
v 89.76 0 -33.677
v 89.525 0 -33.707
v 88.903 0 -33.801
v 89.101 0 -33.767
v 88.511 0 -33.886
v 88.707 0 -33.84
v 88.125 0 -33.997
v 88.317 0 -33.938
v 87.747 0 -34.131
v 87.935 0 -34.061
v 87.378 0 -34.289
v 87.561 0 -34.207
v 87.02 0 -34.47
v 87.198 0 -34.377
v 84.441 0 -35.605
v 84.89 0 -35.45
v 84.639 0 -35.535
v 84.106 0 -35.738
v 84.271 0 -35.67
v 83.69 0 -35.92
v 83.92 0 -35.819
v 81.04 0 -36.98
v 82.59 0 -36.36
v 81.51 0 -36.79
v 78.218 0 -38.146
v 79.1 0 -37.79
v 78.599 0 -37.991
v 77.652 0 -38.381
v 77.916 0 -38.27
v 77.07 0 -38.63
v 77.384 0 -38.496
v 74.92 0 -39.53
v 76.016 0 -39.077
v 75.76 0 -39.18
v 73.53 0 -40.15
v 74.29 0 -39.81
v 71.22 0 -40.959
v 71.55 0 -40.87
v 71.428 0 -40.893
v 70.613 0 -41.191
v 70.944 0 -41.06
v 69.85 0 -41.52
v 70.243 0 -41.347
v 67.388 0 -42.647
v 67.99 0 -42.375
v 67.82 0 -42.45
v 64.757 0 -43.754
v 65.63 0 -43.4
v 64.95 0 -43.67
v 63.007 0 -44.257
v 63.195 0 -44.244
v 63.1 0 -44.25
v 62.833 0 -44.31
v 62.919 0 -44.277
v 62.664 0 -44.417
v 62.748 0 -44.357
v 62.482 0 -44.598
v 62.58 0 -44.49
v 62.373 0 -44.809
v 62.415 0 -44.697
v 62.336 0 -45.163
v 62.348 0 -44.957
v 62.332 0 -45.648
v 62.33 0 -45.45
v 62.351 0 -46.035
v 62.34 0 -45.847
v 62.387 0 -46.342
v 62.367 0 -46.203
v 62.725 0 -47.811
v 62.41 0 -46.44
v 62.59 0 -47.25
v 63.075 0 -48.563
v 62.88 0 -48.241
v 63.652 0 -48.974
v 63.326 0 -48.799
v 64.316 0 -49.161
v 64.07 0 -49.11
v 65.246 0 -49.215
v 64.68 0 -49.196
v 67.327 0 -49.216
v 66.1 0 -49.221
v 70.287 0 -49.183
v 69.01 0 -49.2
v 72.974 0 -49.143
v 71.632 0 -49.164
v 75.363 0 -49.095
v 74.241 0 -49.119
v 79.229 0 -48.983
v 76.27 0 -49.07
v 83.626 0 -48.847
v 81.636 0 -48.911
v 86.893 0 -48.732
v 85.334 0 -48.789
v 90.431 0 -48.585
v 88.44 0 -48.67
v 93.036 0 -48.426
v 91.936 0 -48.507
v 94.338 0 -48.23
v 93.81 0 -48.337
v 95.349 0 -47.674
v 94.7 0 -48.1
v 96.853 0 -46.191
v 96.093 0 -47.007
v 98.096 0 -44.485
v 97.547 0 -45.32
v 98.592 0 -42.995
v 98.42 0 -43.78
v 98.74 0 -40.931
v 98.699 0 -42.007
v 98.621 0 -38.977
v 98.714 0 -39.883
v 97.971 0 -37.429
v 98.46 0 -38.33
v 96.412 0 -35.645
v 97.264 0 -36.512
v 94.567 0 -34.327
v 95.489 0 -34.894
v 93.281 0 -33.928
v 93.72 0 -34.01
v 92.052 0 -33.75
v 92.698 0 -33.837
v 90.897 0 -33.626
v 91.425 0 -33.676
v 90.4 0 -33.618
v 90.55 0 -33.61
v 89.993 0 -33.652
v 90.21 0 -33.633
v 80.58 0 -37.18
v 76.851 0 -38.725
v 76.242 0 -38.984
v 71.714 0 -40.839
v 68.16 0 -42.299
v 65.978 0 -43.262
v 86.588 0 -34.696
v 68.33 0 -42.223
v 64.595 0 -43.82
v 63.314 0 -44.226
v 86.19 0 -34.895
v 85.176 0 -35.345
v 76.648 0 -38.813
v 76.449 0 -38.897
v 71.992 0 -40.754
v 67.003 0 -42.821
v 73.153 0 -40.314
v 72.349 0 -40.63
v 63.45 0 -44.197
v 85.824 0 -35.069
v 69.682 0 -41.6
v 63.596 0 -44.161
v 85.487 0 -35.218
v 69.514 0 -41.679
v 63.745 0 -44.118
v 69.345 0 -41.758
v 63.89 0 -44.07
v 69.177 0 -41.837
v 64.112 0 -43.995
v 72.748 0 -40.479
v 64.291 0 -43.933
v 64.446 0 -43.877
v 69.008 0 -41.915
v 68.839 0 -41.993
v 68.669 0 -42.07
v 66.313 0 -43.123
v 68.5 0 -42.147
v 66.65 0 -42.978
v 89.76 10 -33.677
v 89.3 10 -33.74
v 89.525 10 -33.707
v 88.903 10 -33.801
v 89.101 10 -33.767
v 88.511 10 -33.886
v 88.707 10 -33.84
v 88.125 10 -33.997
v 88.317 10 -33.938
v 87.747 10 -34.131
v 87.935 10 -34.061
v 87.378 10 -34.289
v 87.561 10 -34.207
v 87.02 10 -34.47
v 87.198 10 -34.377
v 84.89 10 -35.45
v 84.441 10 -35.605
v 84.639 10 -35.535
v 84.106 10 -35.738
v 84.271 10 -35.67
v 83.69 10 -35.92
v 83.92 10 -35.819
v 82.59 10 -36.36
v 81.04 10 -36.98
v 81.51 10 -36.79
v 79.1 10 -37.79
v 78.218 10 -38.146
v 78.599 10 -37.991
v 77.652 10 -38.381
v 77.916 10 -38.27
v 77.07 10 -38.63
v 77.384 10 -38.496
v 76.016 10 -39.077
v 74.92 10 -39.53
v 75.76 10 -39.18
v 73.53 10 -40.15
v 74.29 10 -39.81
v 71.55 10 -40.87
v 71.22 10 -40.959
v 71.428 10 -40.893
v 70.613 10 -41.191
v 70.944 10 -41.06
v 69.85 10 -41.52
v 70.243 10 -41.347
v 67.99 10 -42.375
v 67.388 10 -42.647
v 67.82 10 -42.45
v 65.63 10 -43.4
v 64.757 10 -43.754
v 64.95 10 -43.67
v 63.195 10 -44.244
v 63.007 10 -44.257
v 63.1 10 -44.25
v 62.833 10 -44.31
v 62.919 10 -44.277
v 62.664 10 -44.417
v 62.748 10 -44.357
v 62.482 10 -44.598
v 62.58 10 -44.49
v 62.373 10 -44.809
v 62.415 10 -44.697
v 62.336 10 -45.163
v 62.348 10 -44.957
v 62.332 10 -45.648
v 62.33 10 -45.45
v 62.351 10 -46.035
v 62.34 10 -45.847
v 62.387 10 -46.342
v 62.367 10 -46.203
v 62.41 10 -46.44
v 62.725 10 -47.811
v 62.59 10 -47.25
v 63.075 10 -48.563
v 62.88 10 -48.241
v 63.652 10 -48.974
v 63.326 10 -48.799
v 64.316 10 -49.161
v 64.07 10 -49.11
v 65.246 10 -49.215
v 64.68 10 -49.196
v 67.327 10 -49.216
v 66.1 10 -49.221
v 70.287 10 -49.183
v 69.01 10 -49.2
v 72.974 10 -49.143
v 71.632 10 -49.164
v 75.363 10 -49.095
v 74.241 10 -49.119
v 79.229 10 -48.983
v 76.27 10 -49.07
v 83.626 10 -48.847
v 81.636 10 -48.911
v 86.893 10 -48.732
v 85.334 10 -48.789
v 90.431 10 -48.585
v 88.44 10 -48.67
v 93.036 10 -48.426
v 91.936 10 -48.507
v 94.338 10 -48.23
v 93.81 10 -48.337
v 95.349 10 -47.674
v 94.7 10 -48.1
v 96.853 10 -46.191
v 96.093 10 -47.007
v 98.096 10 -44.485
v 97.547 10 -45.32
v 98.592 10 -42.995
v 98.42 10 -43.78
v 98.74 10 -40.931
v 98.699 10 -42.007
v 98.621 10 -38.977
v 98.714 10 -39.883
v 97.971 10 -37.429
v 98.46 10 -38.33
v 96.412 10 -35.645
v 97.264 10 -36.512
v 94.567 10 -34.327
v 95.489 10 -34.894
v 93.281 10 -33.928
v 93.72 10 -34.01
v 92.052 10 -33.75
v 92.698 10 -33.837
v 90.897 10 -33.626
v 91.425 10 -33.676
v 90.4 10 -33.618
v 90.55 10 -33.61
v 89.993 10 -33.652
v 90.21 10 -33.633
v 80.58 10 -37.18
v 76.851 10 -38.725
v 76.242 10 -38.984
v 71.714 10 -40.839
v 68.16 10 -42.299
v 65.978 10 -43.262
v 86.588 10 -34.696
v 68.33 10 -42.223
v 64.595 10 -43.82
v 63.314 10 -44.226
v 86.19 10 -34.895
v 85.176 10 -35.345
v 76.648 10 -38.813
v 76.449 10 -38.897
v 71.992 10 -40.754
v 67.003 10 -42.821
v 73.153 10 -40.314
v 72.349 10 -40.63
v 63.45 10 -44.197
v 85.824 10 -35.069
v 69.682 10 -41.6
v 63.596 10 -44.161
v 85.487 10 -35.218
v 69.514 10 -41.679
v 63.745 10 -44.118
v 69.345 10 -41.758
v 63.89 10 -44.07
v 69.177 10 -41.837
v 64.112 10 -43.995
v 72.748 10 -40.479
v 64.291 10 -43.933
v 64.446 10 -43.877
v 69.008 10 -41.915
v 68.839 10 -41.993
v 68.669 10 -42.07
v 66.313 10 -43.123
v 68.5 10 -42.147
v 66.65 10 -42.978
f 3057 3058 3059
f 3060 3057 3061
f 3062 3060 3063
f 3064 3062 3065
f 3066 3064 3067
f 3068 3066 3069
f 3070 3068 3071
f 3072 3073 3074
f 3075 3072 3076
f 3077 3075 3078
f 3079 3080 3081
f 3082 3083 3084
f 3085 3082 3086
f 3087 3085 3088
f 3089 3090 3091
f 3092 3089 3093
f 3094 3095 3096
f 3097 3094 3098
f 3099 3097 3100
f 3101 3102 3103
f 3104 3105 3106
f 3107 3108 3109
f 3110 3107 3111
f 3112 3110 3113
f 3114 3112 3115
f 3116 3114 3117
f 3118 3116 3119
f 3120 3118 3121
f 3122 3120 3123
f 3124 3122 3125
f 3126 3127 3128
f 3129 3126 3130
f 3131 3129 3132
f 3133 3131 3134
f 3135 3133 3136
f 3137 3135 3138
f 3139 3137 3140
f 3141 3139 3142
f 3143 3141 3144
f 3145 3143 3146
f 3147 3145 3148
f 3149 3147 3150
f 3151 3149 3152
f 3153 3151 3154
f 3155 3153 3156
f 3157 3155 3158
f 3159 3157 3160
f 3161 3159 3162
f 3163 3161 3164
f 3165 3163 3166
f 3167 3165 3168
f 3169 3167 3170
f 3171 3169 3172
f 3173 3171 3174
f 3175 3173 3176
f 3177 3175 3178
f 3179 3177 3180
f 3181 3179 3182
f 3183 3181 3184
f 3057 3183 3058
f 3062 3057 3060
f 3066 3062 3064
f 3070 3066 3068
f 3075 3073 3072
f 3185 3080 3079
f 3085 3083 3082
f 3186 3085 3087
f 3089 3187 3090
f 3094 3188 3095
f 3099 3094 3097
f 3101 3189 3102
f 3104 3190 3105
f 3110 3108 3107
f 3114 3110 3112
f 3118 3114 3116
f 3122 3118 3120
f 3127 3122 3124
f 3129 3127 3126
f 3133 3129 3131
f 3137 3133 3135
f 3141 3137 3139
f 3145 3141 3143
f 3149 3145 3147
f 3153 3149 3151
f 3157 3153 3155
f 3161 3157 3159
f 3165 3161 3163
f 3169 3165 3167
f 3173 3169 3171
f 3177 3173 3175
f 3181 3177 3179
f 3057 3181 3183
f 3066 3057 3062
f 3191 3066 3070
f 3077 3073 3075
f 3185 3077 3080
f 3186 3083 3085
f 3092 3187 3089
f 3099 3188 3094
f 3101 3192 3189
f 3193 3190 3104
f 3110 3194 3108
f 3118 3110 3114
f 3127 3118 3122
f 3133 3127 3129
f 3141 3133 3137
f 3149 3141 3145
f 3157 3149 3153
f 3165 3157 3161
f 3173 3165 3169
f 3181 3173 3177
f 3066 3181 3057
f 3195 3066 3191
f 3077 3196 3073
f 3083 3077 3185
f 3197 3083 3186
f 3092 3198 3187
f 3099 3199 3188
f 3200 3192 3101
f 3118 3194 3110
f 3133 3118 3127
f 3149 3133 3141
f 3165 3149 3157
f 3181 3165 3173
f 3195 3181 3066
f 3083 3196 3077
f 3198 3083 3197
f 3201 3198 3092
f 3099 3202 3199
f 3118 3203 3194
f 3149 3118 3133
f 3181 3149 3165
f 3204 3181 3195
f 3198 3196 3083
f 3205 3202 3099
f 3118 3206 3203
f 3181 3118 3149
f 3207 3181 3204
f 3201 3196 3198
f 3208 3202 3205
f 3118 3209 3206
f 3207 3118 3181
f 3201 3207 3196
f 3210 3202 3208
f 3118 3211 3209
f 3201 3118 3207
f 3212 3202 3210
f 3118 3213 3211
f 3214 3118 3201
f 3212 3214 3202
f 3118 3215 3213
f 3212 3118 3214
f 3118 3216 3215
f 3217 3118 3212
f 3118 3193 3216
f 3218 3118 3217
f 3118 3190 3193
f 3219 3118 3218
f 3118 3220 3190
f 3221 3118 3219
f 3118 3222 3220
f 3192 3118 3221
f 3118 3200 3222
f 3200 3118 3192
f 3223 3224 3225
f 3224 3226 3227
f 3226 3228 3229
f 3228 3230 3231
f 3230 3232 3233
f 3232 3234 3235
f 3234 3236 3237
f 3238 3239 3240
f 3239 3241 3242
f 3241 3243 3244
f 3245 3246 3247
f 3248 3249 3250
f 3249 3251 3252
f 3251 3253 3254
f 3255 3256 3257
f 3256 3258 3259
f 3260 3261 3262
f 3261 3263 3264
f 3263 3265 3266
f 3267 3268 3269
f 3270 3271 3272
f 3273 3274 3275
f 3274 3276 3277
f 3276 3278 3279
f 3278 3280 3281
f 3280 3282 3283
f 3282 3284 3285
f 3284 3286 3287
f 3286 3288 3289
f 3288 3290 3291
f 3292 3293 3294
f 3293 3295 3296
f 3295 3297 3298
f 3297 3299 3300
f 3299 3301 3302
f 3301 3303 3304
f 3303 3305 3306
f 3305 3307 3308
f 3307 3309 3310
f 3309 3311 3312
f 3311 3313 3314
f 3313 3315 3316
f 3315 3317 3318
f 3317 3319 3320
f 3319 3321 3322
f 3321 3323 3324
f 3323 3325 3326
f 3325 3327 3328
f 3327 3329 3330
f 3329 3331 3332
f 3331 3333 3334
f 3333 3335 3336
f 3335 3337 3338
f 3337 3339 3340
f 3339 3341 3342
f 3341 3343 3344
f 3343 3345 3346
f 3345 3347 3348
f 3347 3349 3350
f 3349 3224 3223
f 3224 3228 3226
f 3228 3232 3230
f 3232 3236 3234
f 3238 3241 3239
f 3245 3351 3246
f 3248 3251 3249
f 3251 3352 3253
f 3353 3256 3255
f 3354 3261 3260
f 3261 3265 3263
f 3355 3268 3267
f 3356 3271 3270
f 3273 3276 3274
f 3276 3280 3278
f 3280 3284 3282
f 3284 3288 3286
f 3288 3292 3290
f 3292 3295 3293
f 3295 3299 3297
f 3299 3303 3301
f 3303 3307 3305
f 3307 3311 3309
f 3311 3315 3313
f 3315 3319 3317
f 3319 3323 3321
f 3323 3327 3325
f 3327 3331 3329
f 3331 3335 3333
f 3335 3339 3337
f 3339 3343 3341
f 3343 3347 3345
f 3347 3224 3349
f 3224 3232 3228
f 3232 3357 3236
f 3238 3243 3241
f 3243 3351 3245
f 3248 3352 3251
f 3353 3258 3256
f 3354 3265 3261
f 3358 3268 3355
f 3356 3359 3271
f 3360 3276 3273
f 3276 3284 3280
f 3284 3292 3288
f 3292 3299 3295
f 3299 3307 3303
f 3307 3315 3311
f 3315 3323 3319
f 3323 3331 3327
f 3331 3339 3335
f 3339 3347 3343
f 3347 3232 3224
f 3232 3361 3357
f 3362 3243 3238
f 3243 3248 3351
f 3248 3363 3352
f 3364 3258 3353
f 3365 3265 3354
f 3358 3366 3268
f 3360 3284 3276
f 3284 3299 3292
f 3299 3315 3307
f 3315 3331 3323
f 3331 3347 3339
f 3347 3361 3232
f 3362 3248 3243
f 3248 3364 3363
f 3364 3367 3258
f 3368 3265 3365
f 3369 3284 3360
f 3284 3315 3299
f 3315 3347 3331
f 3347 3370 3361
f 3362 3364 3248
f 3368 3371 3265
f 3372 3284 3369
f 3284 3347 3315
f 3347 3373 3370
f 3362 3367 3364
f 3368 3374 3371
f 3375 3284 3372
f 3284 3373 3347
f 3373 3367 3362
f 3368 3376 3374
f 3377 3284 3375
f 3284 3367 3373
f 3368 3378 3376
f 3379 3284 3377
f 3284 3380 3367
f 3380 3378 3368
f 3381 3284 3379
f 3284 3378 3380
f 3382 3284 3381
f 3284 3383 3378
f 3359 3284 3382
f 3284 3384 3383
f 3356 3284 3359
f 3284 3385 3384
f 3386 3284 3356
f 3284 3387 3385
f 3388 3284 3386
f 3284 3358 3387
f 3366 3284 3388
f 3284 3366 3358
f 3057 3224 3061
f 3061 3224 3227
f 3061 3227 3060
f 3060 3227 3226
f 3060 3226 3063
f 3063 3226 3229
f 3063 3229 3062
f 3062 3229 3228
f 3062 3228 3065
f 3065 3228 3231
f 3065 3231 3064
f 3064 3231 3230
f 3064 3230 3067
f 3067 3230 3233
f 3067 3233 3066
f 3066 3233 3232
f 3066 3232 3069
f 3069 3232 3235
f 3069 3235 3068
f 3068 3235 3234
f 3068 3234 3071
f 3071 3234 3237
f 3071 3237 3070
f 3070 3237 3236
f 3070 3236 3191
f 3191 3236 3357
f 3191 3357 3195
f 3195 3357 3361
f 3195 3361 3204
f 3204 3361 3370
f 3204 3370 3207
f 3207 3370 3373
f 3207 3373 3196
f 3196 3373 3362
f 3196 3362 3073
f 3073 3362 3238
f 3073 3238 3074
f 3074 3238 3240
f 3074 3240 3072
f 3072 3240 3239
f 3072 3239 3076
f 3076 3239 3242
f 3076 3242 3075
f 3075 3242 3241
f 3075 3241 3078
f 3078 3241 3244
f 3078 3244 3077
f 3077 3244 3243
f 3077 3243 3080
f 3080 3243 3245
f 3080 3245 3081
f 3081 3245 3247
f 3081 3247 3079
f 3079 3247 3246
f 3079 3246 3185
f 3185 3246 3351
f 3185 3351 3083
f 3083 3351 3248
f 3083 3248 3084
f 3084 3248 3250
f 3084 3250 3082
f 3082 3250 3249
f 3082 3249 3086
f 3086 3249 3252
f 3086 3252 3085
f 3085 3252 3251
f 3085 3251 3088
f 3088 3251 3254
f 3088 3254 3087
f 3087 3254 3253
f 3087 3253 3186
f 3186 3253 3352
f 3186 3352 3197
f 3197 3352 3363
f 3197 3363 3198
f 3198 3363 3364
f 3198 3364 3187
f 3187 3364 3353
f 3187 3353 3090
f 3090 3353 3255
f 3090 3255 3091
f 3091 3255 3257
f 3091 3257 3089
f 3089 3257 3256
f 3089 3256 3093
f 3093 3256 3259
f 3093 3259 3092
f 3092 3259 3258
f 3092 3258 3201
f 3201 3258 3367
f 3201 3367 3214
f 3214 3367 3380
f 3214 3380 3202
f 3202 3380 3368
f 3202 3368 3199
f 3199 3368 3365
f 3199 3365 3188
f 3188 3365 3354
f 3188 3354 3095
f 3095 3354 3260
f 3095 3260 3096
f 3096 3260 3262
f 3096 3262 3094
f 3094 3262 3261
f 3094 3261 3098
f 3098 3261 3264
f 3098 3264 3097
f 3097 3264 3263
f 3097 3263 3100
f 3100 3263 3266
f 3100 3266 3099
f 3099 3266 3265
f 3099 3265 3205
f 3205 3265 3371
f 3205 3371 3208
f 3208 3371 3374
f 3208 3374 3210
f 3210 3374 3376
f 3210 3376 3212
f 3212 3376 3378
f 3212 3378 3217
f 3217 3378 3383
f 3217 3383 3218
f 3218 3383 3384
f 3218 3384 3219
f 3219 3384 3385
f 3219 3385 3221
f 3221 3385 3387
f 3221 3387 3192
f 3192 3387 3358
f 3192 3358 3189
f 3189 3358 3355
f 3189 3355 3102
f 3102 3355 3267
f 3102 3267 3103
f 3103 3267 3269
f 3103 3269 3101
f 3101 3269 3268
f 3101 3268 3200
f 3200 3268 3366
f 3200 3366 3222
f 3222 3366 3388
f 3222 3388 3220
f 3220 3388 3386
f 3220 3386 3190
f 3190 3386 3356
f 3190 3356 3105
f 3105 3356 3270
f 3105 3270 3106
f 3106 3270 3272
f 3106 3272 3104
f 3104 3272 3271
f 3104 3271 3193
f 3193 3271 3359
f 3193 3359 3216
f 3216 3359 3382
f 3216 3382 3215
f 3215 3382 3381
f 3215 3381 3213
f 3213 3381 3379
f 3213 3379 3211
f 3211 3379 3377
f 3211 3377 3209
f 3209 3377 3375
f 3209 3375 3206
f 3206 3375 3372
f 3206 3372 3203
f 3203 3372 3369
f 3203 3369 3194
f 3194 3369 3360
f 3194 3360 3108
f 3108 3360 3273
f 3108 3273 3109
f 3109 3273 3275
f 3109 3275 3107
f 3107 3275 3274
f 3107 3274 3111
f 3111 3274 3277
f 3111 3277 3110
f 3110 3277 3276
f 3110 3276 3113
f 3113 3276 3279
f 3113 3279 3112
f 3112 3279 3278
f 3112 3278 3115
f 3115 3278 3281
f 3115 3281 3114
f 3114 3281 3280
f 3114 3280 3117
f 3117 3280 3283
f 3117 3283 3116
f 3116 3283 3282
f 3116 3282 3119
f 3119 3282 3285
f 3119 3285 3118
f 3118 3285 3284
f 3118 3284 3121
f 3121 3284 3287
f 3121 3287 3120
f 3120 3287 3286
f 3120 3286 3123
f 3123 3286 3289
f 3123 3289 3122
f 3122 3289 3288
f 3122 3288 3125
f 3125 3288 3291
f 3125 3291 3124
f 3124 3291 3290
f 3124 3290 3127
f 3127 3290 3292
f 3127 3292 3128
f 3128 3292 3294
f 3128 3294 3126
f 3126 3294 3293
f 3126 3293 3130
f 3130 3293 3296
f 3130 3296 3129
f 3129 3296 3295
f 3129 3295 3132
f 3132 3295 3298
f 3132 3298 3131
f 3131 3298 3297
f 3131 3297 3134
f 3134 3297 3300
f 3134 3300 3133
f 3133 3300 3299
f 3133 3299 3136
f 3136 3299 3302
f 3136 3302 3135
f 3135 3302 3301
f 3135 3301 3138
f 3138 3301 3304
f 3138 3304 3137
f 3137 3304 3303
f 3137 3303 3140
f 3140 3303 3306
f 3140 3306 3139
f 3139 3306 3305
f 3139 3305 3142
f 3142 3305 3308
f 3142 3308 3141
f 3141 3308 3307
f 3141 3307 3144
f 3144 3307 3310
f 3144 3310 3143
f 3143 3310 3309
f 3143 3309 3146
f 3146 3309 3312
f 3146 3312 3145
f 3145 3312 3311
f 3145 3311 3148
f 3148 3311 3314
f 3148 3314 3147
f 3147 3314 3313
f 3147 3313 3150
f 3150 3313 3316
f 3150 3316 3149
f 3149 3316 3315
f 3149 3315 3152
f 3152 3315 3318
f 3152 3318 3151
f 3151 3318 3317
f 3151 3317 3154
f 3154 3317 3320
f 3154 3320 3153
f 3153 3320 3319
f 3153 3319 3156
f 3156 3319 3322
f 3156 3322 3155
f 3155 3322 3321
f 3155 3321 3158
f 3158 3321 3324
f 3158 3324 3157
f 3157 3324 3323
f 3157 3323 3160
f 3160 3323 3326
f 3160 3326 3159
f 3159 3326 3325
f 3159 3325 3162
f 3162 3325 3328
f 3162 3328 3161
f 3161 3328 3327
f 3161 3327 3164
f 3164 3327 3330
f 3164 3330 3163
f 3163 3330 3329
f 3163 3329 3166
f 3166 3329 3332
f 3166 3332 3165
f 3165 3332 3331
f 3165 3331 3168
f 3168 3331 3334
f 3168 3334 3167
f 3167 3334 3333
f 3167 3333 3170
f 3170 3333 3336
f 3170 3336 3169
f 3169 3336 3335
f 3169 3335 3172
f 3172 3335 3338
f 3172 3338 3171
f 3171 3338 3337
f 3171 3337 3174
f 3174 3337 3340
f 3174 3340 3173
f 3173 3340 3339
f 3173 3339 3176
f 3176 3339 3342
f 3176 3342 3175
f 3175 3342 3341
f 3175 3341 3178
f 3178 3341 3344
f 3178 3344 3177
f 3177 3344 3343
f 3177 3343 3180
f 3180 3343 3346
f 3180 3346 3179
f 3179 3346 3345
f 3179 3345 3182
f 3182 3345 3348
f 3182 3348 3181
f 3181 3348 3347
f 3181 3347 3184
f 3184 3347 3350
f 3184 3350 3183
f 3183 3350 3349
f 3183 3349 3058
f 3058 3349 3223
f 3058 3223 3059
f 3059 3223 3225
f 3059 3225 3057
f 3057 3225 3224
o 
v 7.43 0 -33.71
v 8.365 0 -33.622
v 7.829 0 -33.653
v 5.774 0 -34.146
v 6.519 0 -33.92
v 4.583 0 -34.747
v 5.145 0 -34.414
v 3.46 0 -35.71
v 4.037 0 -35.171
v 3.075 0 -36.093
v 3.264 0 -35.898
v 2.717 0 -36.501
v 2.893 0 -36.294
v 2.388 0 -36.933
v 2.549 0 -36.714
v 2.09 0 -37.387
v 2.235 0 -37.157
v 1.823 0 -37.86
v 1.953 0 -37.621
v 1.59 0 -38.35
v 1.703 0 -38.103
v 1.346 0 -39.595
v 1.449 0 -38.922
v 1.261 0 -41.111
v 1.283 0 -40.336
v 1.35 0 -42.63
v 1.283 0 -41.887
v 1.53 0 -43.723
v 1.436 0 -43.23
v 1.77 0 -44.483
v 1.639 0 -44.134
v 2.13 0 -45.09
v 1.931 0 -44.795
v 3.198 0 -46.304
v 2.584 0 -45.645
v 4.559 0 -47.606
v 3.885 0 -46.985
v 5.52 0 -48.34
v 5.133 0 -48.085
v 6.647 0 -48.448
v 5.836 0 -48.394
v 10.426 0 -48.585
v 8.121 0 -48.51
v 18.2 0 -48.8
v 13.729 0 -48.68
v 24.749 0 -48.97
v 21.9 0 -48.899
v 28.841 0 -49.05
v 26.984 0 -49.019
v 32.37 0 -49.08
v 30.557 0 -49.068
v 36.7 0 -48.88
v 36.5 0 -49.1
v 37.086 0 -48.026
v 36.887 0 -48.551
v 37.434 0 -46.691
v 37.275 0 -47.38
v 37.58 0 -45.49
v 37.543 0 -46.036
v 37.568 0 -45.156
v 37.577 0 -45.305
v 37.525 0 -44.944
v 37.551 0 -45.037
v 37.44 0 -44.81
v 37.489 0 -44.87
v 36.824 0 -44.471
v 37.232 0 -44.683
v 35.619 0 -43.892
v 36.269 0 -44.199
v 34.25 0 -43.28
v 34.929 0 -43.577
v 32.54 0 -42.55
v 33.02 0 -42.75
v 31.37 0 -42.13
v 32.16 0 -42.39
v 29.784 0 -41.518
v 29.973 0 -41.597
v 29.85 0 -41.54
v 27.898 0 -40.674
v 28.22 0 -40.82
v 28.051 0 -40.743
v 27.662 0 -40.57
v 27.766 0 -40.615
v 27.56 0 -40.53
v 27.592 0 -40.54
v 26.613 0 -40.093
v 27.02 0 -40.29
v 26.84 0 -40.2
v 26.158 0 -39.881
v 26.385 0 -39.987
v 25.701 0 -39.673
v 25.929 0 -39.777
v 25.242 0 -39.468
v 25.472 0 -39.57
v 24.783 0 -39.266
v 25.013 0 -39.367
v 24.321 0 -39.068
v 24.552 0 -39.167
v 23.878 0 -38.867
v 24.09 0 -38.97
v 23.984 0 -38.918
v 23.664 0 -38.767
v 23.771 0 -38.817
v 23.45 0 -38.669
v 23.557 0 -38.718
v 23.234 0 -38.573
v 23.342 0 -38.621
v 23.018 0 -38.48
v 23.126 0 -38.527
v 22.8 0 -38.39
v 22.909 0 -38.435
v 19 0 -36.83
v 19.84 0 -37.18
v 19.38 0 -36.98
v 17.04 0 -36.06
v 18.2 0 -36.52
v 17.42 0 -36.21
v 16.63 0 -35.9
v 16.765 0 -35.957
v 16.694 0 -35.927
v 16.171 0 -35.725
v 16.424 0 -35.82
v 15.616 0 -35.525
v 15.894 0 -35.624
v 15.15 0 -35.37
v 15.36 0 -35.438
v 12.221 0 -34.19
v 13.3 0 -34.67
v 12.45 0 -34.28
v 11.615 0 -33.995
v 11.937 0 -34.093
v 10.929 0 -33.813
v 11.273 0 -33.9
v 10.155 0 -33.676
v 10.6 0 -33.74
v 8.974 0 -33.616
v 9.591 0 -33.634
v 30.098 0 -41.653
v 27.525 0 -40.519
v 16.98 0 -36.041
v 30.222 0 -41.707
v 28.682 0 -41.03
v 27.187 0 -40.37
v 21.32 0 -37.79
v 16.911 0 -36.016
v 16.839 0 -35.988
v 14.822 0 -35.269
v 13.616 0 -34.809
v 31.24 0 -42.089
v 29.63 0 -41.453
v 29.074 0 -41.207
v 13.917 0 -34.936
v 27.331 0 -40.436
v 29.391 0 -41.349
v 14.214 0 -35.054
v 31.111 0 -42.046
v 27.447 0 -40.487
v 14.513 0 -35.164
v 30.983 0 -42.002
v 30.855 0 -41.956
v 30.727 0 -41.909
v 30.6 0 -41.861
v 30.473 0 -41.811
v 30.348 0 -41.76
v 8.365 10 -33.622
v 7.43 10 -33.71
v 7.829 10 -33.653
v 5.774 10 -34.146
v 6.519 10 -33.92
v 4.583 10 -34.747
v 5.145 10 -34.414
v 3.46 10 -35.71
v 4.037 10 -35.171
v 3.075 10 -36.093
v 3.264 10 -35.898
v 2.717 10 -36.501
v 2.893 10 -36.294
v 2.388 10 -36.933
v 2.549 10 -36.714
v 2.09 10 -37.387
v 2.235 10 -37.157
v 1.823 10 -37.86
v 1.953 10 -37.621
v 1.59 10 -38.35
v 1.703 10 -38.103
v 1.346 10 -39.595
v 1.449 10 -38.922
v 1.261 10 -41.111
v 1.283 10 -40.336
v 1.35 10 -42.63
v 1.283 10 -41.887
v 1.53 10 -43.723
v 1.436 10 -43.23
v 1.77 10 -44.483
v 1.639 10 -44.134
v 2.13 10 -45.09
v 1.931 10 -44.795
v 3.198 10 -46.304
v 2.584 10 -45.645
v 4.559 10 -47.606
v 3.885 10 -46.985
v 5.52 10 -48.34
v 5.133 10 -48.085
v 6.647 10 -48.448
v 5.836 10 -48.394
v 10.426 10 -48.585
v 8.121 10 -48.51
v 18.2 10 -48.8
v 13.729 10 -48.68
v 24.749 10 -48.97
v 21.9 10 -48.899
v 28.841 10 -49.05
v 26.984 10 -49.019
v 32.37 10 -49.08
v 30.557 10 -49.068
v 36.7 10 -48.88
v 36.5 10 -49.1
v 37.086 10 -48.026
v 36.887 10 -48.551
v 37.434 10 -46.691
v 37.275 10 -47.38
v 37.58 10 -45.49
v 37.543 10 -46.036
v 37.568 10 -45.156
v 37.577 10 -45.305
v 37.525 10 -44.944
v 37.551 10 -45.037
v 37.44 10 -44.81
v 37.489 10 -44.87
v 36.824 10 -44.471
v 37.232 10 -44.683
v 35.619 10 -43.892
v 36.269 10 -44.199
v 34.25 10 -43.28
v 34.929 10 -43.577
v 32.54 10 -42.55
v 33.02 10 -42.75
v 31.37 10 -42.13
v 32.16 10 -42.39
v 29.973 10 -41.597
v 29.784 10 -41.518
v 29.85 10 -41.54
v 28.22 10 -40.82
v 27.898 10 -40.674
v 28.051 10 -40.743
v 27.662 10 -40.57
v 27.766 10 -40.615
v 27.56 10 -40.53
v 27.592 10 -40.54
v 27.02 10 -40.29
v 26.613 10 -40.093
v 26.84 10 -40.2
v 26.158 10 -39.881
v 26.385 10 -39.987
v 25.701 10 -39.673
v 25.929 10 -39.777
v 25.242 10 -39.468
v 25.472 10 -39.57
v 24.783 10 -39.266
v 25.013 10 -39.367
v 24.321 10 -39.068
v 24.552 10 -39.167
v 24.09 10 -38.97
v 23.878 10 -38.867
v 23.984 10 -38.918
v 23.664 10 -38.767
v 23.771 10 -38.817
v 23.45 10 -38.669
v 23.557 10 -38.718
v 23.234 10 -38.573
v 23.342 10 -38.621
v 23.018 10 -38.48
v 23.126 10 -38.527
v 22.8 10 -38.39
v 22.909 10 -38.435
v 19.84 10 -37.18
v 19 10 -36.83
v 19.38 10 -36.98
v 18.2 10 -36.52
v 17.04 10 -36.06
v 17.42 10 -36.21
v 16.765 10 -35.957
v 16.63 10 -35.9
v 16.694 10 -35.927
v 16.171 10 -35.725
v 16.424 10 -35.82
v 15.616 10 -35.525
v 15.894 10 -35.624
v 15.15 10 -35.37
v 15.36 10 -35.438
v 13.3 10 -34.67
v 12.221 10 -34.19
v 12.45 10 -34.28
v 11.615 10 -33.995
v 11.937 10 -34.093
v 10.929 10 -33.813
v 11.273 10 -33.9
v 10.155 10 -33.676
v 10.6 10 -33.74
v 8.974 10 -33.616
v 9.591 10 -33.634
v 30.098 10 -41.653
v 27.525 10 -40.519
v 16.98 10 -36.041
v 30.222 10 -41.707
v 28.682 10 -41.03
v 27.187 10 -40.37
v 21.32 10 -37.79
v 16.911 10 -36.016
v 16.839 10 -35.988
v 14.822 10 -35.269
v 13.616 10 -34.809
v 31.24 10 -42.089
v 29.63 10 -41.453
v 29.074 10 -41.207
v 13.917 10 -34.936
v 27.331 10 -40.436
v 29.391 10 -41.349
v 14.214 10 -35.054
v 31.111 10 -42.046
v 27.447 10 -40.487
v 14.513 10 -35.164
v 30.983 10 -42.002
v 30.855 10 -41.956
v 30.727 10 -41.909
v 30.6 10 -41.861
v 30.473 10 -41.811
v 30.348 10 -41.76
f 3389 3390 3391
f 3392 3389 3393
f 3394 3392 3395
f 3396 3394 3397
f 3398 3396 3399
f 3400 3398 3401
f 3402 3400 3403
f 3404 3402 3405
f 3406 3404 3407
f 3408 3406 3409
f 3410 3408 3411
f 3412 3410 3413
f 3414 3412 3415
f 3416 3414 3417
f 3418 3416 3419
f 3420 3418 3421
f 3422 3420 3423
f 3424 3422 3425
f 3426 3424 3427
f 3428 3426 3429
f 3430 3428 3431
f 3432 3430 3433
f 3434 3432 3435
f 3436 3434 3437
f 3438 3436 3439
f 3440 3438 3441
f 3442 3440 3443
f 3444 3442 3445
f 3446 3444 3447
f 3448 3446 3449
f 3450 3448 3451
f 3452 3450 3453
f 3454 3452 3455
f 3456 3454 3457
f 3458 3456 3459
f 3460 3458 3461
f 3462 3460 3463
f 3464 3465 3466
f 3467 3468 3469
f 3470 3467 3471
f 3472 3470 3473
f 3474 3475 3476
f 3477 3474 3478
f 3479 3477 3480
f 3481 3479 3482
f 3483 3481 3484
f 3485 3483 3486
f 3487 3488 3489
f 3490 3487 3491
f 3492 3490 3493
f 3494 3492 3495
f 3496 3494 3497
f 3498 3496 3499
f 3500 3501 3502
f 3503 3504 3505
f 3506 3507 3508
f 3509 3506 3510
f 3511 3509 3512
f 3513 3511 3514
f 3515 3516 3517
f 3518 3515 3519
f 3520 3518 3521
f 3522 3520 3523
f 3524 3522 3525
f 3389 3524 3390
f 3394 3389 3392
f 3398 3394 3396
f 3402 3398 3400
f 3406 3402 3404
f 3410 3406 3408
f 3414 3410 3412
f 3418 3414 3416
f 3422 3418 3420
f 3426 3422 3424
f 3430 3426 3428
f 3434 3430 3432
f 3438 3434 3436
f 3442 3438 3440
f 3446 3442 3444
f 3450 3446 3448
f 3454 3450 3452
f 3458 3454 3456
f 3462 3458 3460
f 3464 3526 3465
f 3470 3468 3467
f 3527 3470 3472
f 3477 3475 3474
f 3481 3477 3479
f 3485 3481 3483
f 3490 3488 3487
f 3494 3490 3492
f 3498 3494 3496
f 3504 3501 3500
f 3528 3504 3503
f 3509 3507 3506
f 3513 3509 3511
f 3518 3516 3515
f 3522 3518 3520
f 3389 3522 3524
f 3398 3389 3394
f 3406 3398 3402
f 3414 3406 3410
f 3422 3414 3418
f 3430 3422 3426
f 3438 3430 3434
f 3446 3438 3442
f 3454 3446 3450
f 3462 3454 3458
f 3464 3529 3526
f 3470 3530 3468
f 3477 3531 3475
f 3485 3477 3481
f 3494 3488 3490
f 3532 3494 3498
f 3504 3532 3501
f 3533 3504 3528
f 3509 3534 3507
f 3535 3509 3513
f 3518 3536 3516
f 3389 3518 3522
f 3406 3389 3398
f 3422 3406 3414
f 3438 3422 3430
f 3454 3438 3446
f 3537 3454 3462
f 3538 3529 3464
f 3470 3539 3530
f 3485 3531 3477
f 3532 3488 3494
f 3533 3532 3504
f 3509 3533 3534
f 3518 3540 3536
f 3406 3518 3389
f 3438 3406 3422
f 3537 3438 3454
f 3527 3539 3470
f 3485 3541 3531
f 3533 3488 3532
f 3535 3533 3509
f 3406 3540 3518
f 3537 3406 3438
f 3527 3542 3539
f 3488 3541 3485
f 3535 3488 3533
f 3406 3543 3540
f 3544 3406 3537
f 3545 3542 3527
f 3535 3541 3488
f 3406 3546 3543
f 3547 3406 3544
f 3541 3542 3545
f 3546 3541 3535
f 3548 3406 3547
f 3546 3542 3541
f 3549 3406 3548
f 3546 3538 3542
f 3550 3406 3549
f 3546 3529 3538
f 3551 3406 3550
f 3546 3552 3529
f 3552 3406 3551
f 3406 3552 3546
f 3553 3554 3555
f 3554 3556 3557
f 3556 3558 3559
f 3558 3560 3561
f 3560 3562 3563
f 3562 3564 3565
f 3564 3566 3567
f 3566 3568 3569
f 3568 3570 3571
f 3570 3572 3573
f 3572 3574 3575
f 3574 3576 3577
f 3576 3578 3579
f 3578 3580 3581
f 3580 3582 3583
f 3582 3584 3585
f 3584 3586 3587
f 3586 3588 3589
f 3588 3590 3591
f 3590 3592 3593
f 3592 3594 3595
f 3594 3596 3597
f 3596 3598 3599
f 3598 3600 3601
f 3600 3602 3603
f 3602 3604 3605
f 3604 3606 3607
f 3606 3608 3609
f 3608 3610 3611
f 3610 3612 3613
f 3612 3614 3615
f 3614 3616 3617
f 3616 3618 3619
f 3618 3620 3621
f 3620 3622 3623
f 3622 3624 3625
f 3624 3626 3627
f 3628 3629 3630
f 3631 3632 3633
f 3632 3634 3635
f 3634 3636 3637
f 3638 3639 3640
f 3639 3641 3642
f 3641 3643 3644
f 3643 3645 3646
f 3645 3647 3648
f 3647 3649 3650
f 3651 3652 3653
f 3652 3654 3655
f 3654 3656 3657
f 3656 3658 3659
f 3658 3660 3661
f 3660 3662 3663
f 3664 3665 3666
f 3667 3668 3669
f 3670 3671 3672
f 3671 3673 3674
f 3673 3675 3676
f 3675 3677 3678
f 3679 3680 3681
f 3680 3682 3683
f 3682 3684 3685
f 3684 3686 3687
f 3686 3688 3689
f 3688 3554 3553
f 3554 3558 3556
f 3558 3562 3560
f 3562 3566 3564
f 3566 3570 3568
f 3570 3574 3572
f 3574 3578 3576
f 3578 3582 3580
f 3582 3586 3584
f 3586 3590 3588
f 3590 3594 3592
f 3594 3598 3596
f 3598 3602 3600
f 3602 3606 3604
f 3606 3610 3608
f 3610 3614 3612
f 3614 3618 3616
f 3618 3622 3620
f 3622 3626 3624
f 3690 3629 3628
f 3631 3634 3632
f 3634 3691 3636
f 3638 3641 3639
f 3641 3645 3643
f 3645 3649 3647
f 3651 3654 3652
f 3654 3658 3656
f 3658 3662 3660
f 3664 3667 3665
f 3667 3692 3668
f 3670 3673 3671
f 3673 3677 3675
f 3679 3682 3680
f 3682 3686 3684
f 3686 3554 3688
f 3554 3562 3558
f 3562 3570 3566
f 3570 3578 3574
f 3578 3586 3582
f 3586 3594 3590
f 3594 3602 3598
f 3602 3610 3606
f 3610 3618 3614
f 3618 3626 3622
f 3693 3629 3690
f 3694 3634 3631
f 3695 3641 3638
f 3641 3649 3645
f 3651 3658 3654
f 3658 3696 3662
f 3696 3667 3664
f 3667 3697 3692
f 3698 3673 3670
f 3673 3699 3677
f 3700 3682 3679
f 3682 3554 3686
f 3554 3570 3562
f 3570 3586 3578
f 3586 3602 3594
f 3602 3618 3610
f 3618 3701 3626
f 3693 3702 3629
f 3703 3634 3694
f 3695 3649 3641
f 3651 3696 3658
f 3696 3697 3667
f 3697 3673 3698
f 3704 3682 3700
f 3682 3570 3554
f 3570 3602 3586
f 3602 3701 3618
f 3703 3691 3634
f 3705 3649 3695
f 3651 3697 3696
f 3697 3699 3673
f 3704 3570 3682
f 3570 3701 3602
f 3706 3691 3703
f 3705 3651 3649
f 3651 3699 3697
f 3707 3570 3704
f 3570 3708 3701
f 3706 3709 3691
f 3705 3699 3651
f 3710 3570 3707
f 3570 3711 3708
f 3706 3705 3709
f 3705 3710 3699
f 3570 3712 3711
f 3706 3710 3705
f 3570 3713 3712
f 3702 3710 3706
f 3570 3714 3713
f 3693 3710 3702
f 3570 3715 3714
f 3716 3710 3693
f 3570 3716 3715
f 3716 3570 3710
f 3389 3554 3393
f 3393 3554 3557
f 3393 3557 3392
f 3392 3557 3556
f 3392 3556 3395
f 3395 3556 3559
f 3395 3559 3394
f 3394 3559 3558
f 3394 3558 3397
f 3397 3558 3561
f 3397 3561 3396
f 3396 3561 3560
f 3396 3560 3399
f 3399 3560 3563
f 3399 3563 3398
f 3398 3563 3562
f 3398 3562 3401
f 3401 3562 3565
f 3401 3565 3400
f 3400 3565 3564
f 3400 3564 3403
f 3403 3564 3567
f 3403 3567 3402
f 3402 3567 3566
f 3402 3566 3405
f 3405 3566 3569
f 3405 3569 3404
f 3404 3569 3568
f 3404 3568 3407
f 3407 3568 3571
f 3407 3571 3406
f 3406 3571 3570
f 3406 3570 3409
f 3409 3570 3573
f 3409 3573 3408
f 3408 3573 3572
f 3408 3572 3411
f 3411 3572 3575
f 3411 3575 3410
f 3410 3575 3574
f 3410 3574 3413
f 3413 3574 3577
f 3413 3577 3412
f 3412 3577 3576
f 3412 3576 3415
f 3415 3576 3579
f 3415 3579 3414
f 3414 3579 3578
f 3414 3578 3417
f 3417 3578 3581
f 3417 3581 3416
f 3416 3581 3580
f 3416 3580 3419
f 3419 3580 3583
f 3419 3583 3418
f 3418 3583 3582
f 3418 3582 3421
f 3421 3582 3585
f 3421 3585 3420
f 3420 3585 3584
f 3420 3584 3423
f 3423 3584 3587
f 3423 3587 3422
f 3422 3587 3586
f 3422 3586 3425
f 3425 3586 3589
f 3425 3589 3424
f 3424 3589 3588
f 3424 3588 3427
f 3427 3588 3591
f 3427 3591 3426
f 3426 3591 3590
f 3426 3590 3429
f 3429 3590 3593
f 3429 3593 3428
f 3428 3593 3592
f 3428 3592 3431
f 3431 3592 3595
f 3431 3595 3430
f 3430 3595 3594
f 3430 3594 3433
f 3433 3594 3597
f 3433 3597 3432
f 3432 3597 3596
f 3432 3596 3435
f 3435 3596 3599
f 3435 3599 3434
f 3434 3599 3598
f 3434 3598 3437
f 3437 3598 3601
f 3437 3601 3436
f 3436 3601 3600
f 3436 3600 3439
f 3439 3600 3603
f 3439 3603 3438
f 3438 3603 3602
f 3438 3602 3441
f 3441 3602 3605
f 3441 3605 3440
f 3440 3605 3604
f 3440 3604 3443
f 3443 3604 3607
f 3443 3607 3442
f 3442 3607 3606
f 3442 3606 3445
f 3445 3606 3609
f 3445 3609 3444
f 3444 3609 3608
f 3444 3608 3447
f 3447 3608 3611
f 3447 3611 3446
f 3446 3611 3610
f 3446 3610 3449
f 3449 3610 3613
f 3449 3613 3448
f 3448 3613 3612
f 3448 3612 3451
f 3451 3612 3615
f 3451 3615 3450
f 3450 3615 3614
f 3450 3614 3453
f 3453 3614 3617
f 3453 3617 3452
f 3452 3617 3616
f 3452 3616 3455
f 3455 3616 3619
f 3455 3619 3454
f 3454 3619 3618
f 3454 3618 3457
f 3457 3618 3621
f 3457 3621 3456
f 3456 3621 3620
f 3456 3620 3459
f 3459 3620 3623
f 3459 3623 3458
f 3458 3623 3622
f 3458 3622 3461
f 3461 3622 3625
f 3461 3625 3460
f 3460 3625 3624
f 3460 3624 3463
f 3463 3624 3627
f 3463 3627 3462
f 3462 3627 3626
f 3462 3626 3537
f 3537 3626 3701
f 3537 3701 3544
f 3544 3701 3708
f 3544 3708 3547
f 3547 3708 3711
f 3547 3711 3548
f 3548 3711 3712
f 3548 3712 3549
f 3549 3712 3713
f 3549 3713 3550
f 3550 3713 3714
f 3550 3714 3551
f 3551 3714 3715
f 3551 3715 3552
f 3552 3715 3716
f 3552 3716 3529
f 3529 3716 3693
f 3529 3693 3526
f 3526 3693 3690
f 3526 3690 3465
f 3465 3690 3628
f 3465 3628 3466
f 3466 3628 3630
f 3466 3630 3464
f 3464 3630 3629
f 3464 3629 3538
f 3538 3629 3702
f 3538 3702 3542
f 3542 3702 3706
f 3542 3706 3539
f 3539 3706 3703
f 3539 3703 3530
f 3530 3703 3694
f 3530 3694 3468
f 3468 3694 3631
f 3468 3631 3469
f 3469 3631 3633
f 3469 3633 3467
f 3467 3633 3632
f 3467 3632 3471
f 3471 3632 3635
f 3471 3635 3470
f 3470 3635 3634
f 3470 3634 3473
f 3473 3634 3637
f 3473 3637 3472
f 3472 3637 3636
f 3472 3636 3527
f 3527 3636 3691
f 3527 3691 3545
f 3545 3691 3709
f 3545 3709 3541
f 3541 3709 3705
f 3541 3705 3531
f 3531 3705 3695
f 3531 3695 3475
f 3475 3695 3638
f 3475 3638 3476
f 3476 3638 3640
f 3476 3640 3474
f 3474 3640 3639
f 3474 3639 3478
f 3478 3639 3642
f 3478 3642 3477
f 3477 3642 3641
f 3477 3641 3480
f 3480 3641 3644
f 3480 3644 3479
f 3479 3644 3643
f 3479 3643 3482
f 3482 3643 3646
f 3482 3646 3481
f 3481 3646 3645
f 3481 3645 3484
f 3484 3645 3648
f 3484 3648 3483
f 3483 3648 3647
f 3483 3647 3486
f 3486 3647 3650
f 3486 3650 3485
f 3485 3650 3649
f 3485 3649 3488
f 3488 3649 3651
f 3488 3651 3489
f 3489 3651 3653
f 3489 3653 3487
f 3487 3653 3652
f 3487 3652 3491
f 3491 3652 3655
f 3491 3655 3490
f 3490 3655 3654
f 3490 3654 3493
f 3493 3654 3657
f 3493 3657 3492
f 3492 3657 3656
f 3492 3656 3495
f 3495 3656 3659
f 3495 3659 3494
f 3494 3659 3658
f 3494 3658 3497
f 3497 3658 3661
f 3497 3661 3496
f 3496 3661 3660
f 3496 3660 3499
f 3499 3660 3663
f 3499 3663 3498
f 3498 3663 3662
f 3498 3662 3532
f 3532 3662 3696
f 3532 3696 3501
f 3501 3696 3664
f 3501 3664 3502
f 3502 3664 3666
f 3502 3666 3500
f 3500 3666 3665
f 3500 3665 3504
f 3504 3665 3667
f 3504 3667 3505
f 3505 3667 3669
f 3505 3669 3503
f 3503 3669 3668
f 3503 3668 3528
f 3528 3668 3692
f 3528 3692 3533
f 3533 3692 3697
f 3533 3697 3534
f 3534 3697 3698
f 3534 3698 3507
f 3507 3698 3670
f 3507 3670 3508
f 3508 3670 3672
f 3508 3672 3506
f 3506 3672 3671
f 3506 3671 3510
f 3510 3671 3674
f 3510 3674 3509
f 3509 3674 3673
f 3509 3673 3512
f 3512 3673 3676
f 3512 3676 3511
f 3511 3676 3675
f 3511 3675 3514
f 3514 3675 3678
f 3514 3678 3513
f 3513 3678 3677
f 3513 3677 3535
f 3535 3677 3699
f 3535 3699 3546
f 3546 3699 3710
f 3546 3710 3543
f 3543 3710 3707
f 3543 3707 3540
f 3540 3707 3704
f 3540 3704 3536
f 3536 3704 3700
f 3536 3700 3516
f 3516 3700 3679
f 3516 3679 3517
f 3517 3679 3681
f 3517 3681 3515
f 3515 3681 3680
f 3515 3680 3519
f 3519 3680 3683
f 3519 3683 3518
f 3518 3683 3682
f 3518 3682 3521
f 3521 3682 3685
f 3521 3685 3520
f 3520 3685 3684
f 3520 3684 3523
f 3523 3684 3687
f 3523 3687 3522
f 3522 3687 3686
f 3522 3686 3525
f 3525 3686 3689
f 3525 3689 3524
f 3524 3689 3688
f 3524 3688 3390
f 3390 3688 3553
f 3390 3553 3391
f 3391 3553 3555
f 3391 3555 3389
f 3389 3555 3554
o 
v 63.1 0 -51.27
v 63.98 0 -50.95
v 63.21 0 -50.9
v 62.519 0 -53.14
v 62.84 0 -52.1
v 62.658 0 -52.676
v 62.344 0 -53.817
v 62.416 0 -53.513
v 62.27 0 -54.31
v 62.298 0 -54.075
v 62.6 0 -55.17
v 62.22 0 -54.82
v 63.494 0 -55.763
v 62.959 0 -55.446
v 65.086 0 -56.517
v 64.204 0 -56.12
v 67.36 0 -57.43
v 66.139 0 -56.954
v 68.88 0 -58.03
v 67.74 0 -57.58
v 72.58 0 -59.58
v 71.19 0 -58.95
v 71.75 0 -59.21
v 73.327 0 -59.891
v 73.27 0 -59.87
v 74.868 0 -60.625
v 74.212 0 -60.307
v 74.54 0 -60.47
v 75.419 0 -60.885
v 75.165 0 -60.765
v 75.753 0 -61.039
v 75.619 0 -60.978
v 78 0 -62.03
v 76.37 0 -61.3
v 77.33 0 -61.73
v 78.48 0 -62.23
v 78.16 0 -62.099
v 79.496 0 -62.637
v 78.935 0 -62.412
v 83.58 0 -64.26
v 80.137 0 -62.893
v 80.83 0 -63.17
v 84.457 0 -64.61
v 83.915 0 -64.4
v 85.83 0 -65.12
v 85.122 0 -64.86
v 87.04 0 -65.55
v 86.496 0 -65.36
v 87.407 0 -65.681
v 87.269 0 -65.629
v 87.342 0 -65.657
v 88.32 0 -65.984
v 87.46 0 -65.7
v 90.308 0 -66.372
v 89.293 0 -66.211
v 92.182 0 -66.461
v 91.294 0 -66.459
v 93.314 0 -66.275
v 92.9 0 -66.37
v 93.912 0 -66.089
v 93.636 0 -66.188
v 94.518 0 -65.779
v 94.191 0 -65.959
v 96.152 0 -64.709
v 94.94 0 -65.53
v 97.845 0 -62.82
v 97.116 0 -63.813
v 98.645 0 -60.464
v 98.35 0 -61.711
v 98.698 0 -57.917
v 98.74 0 -59.06
v 98.319 0 -56.059
v 98.563 0 -56.93
v 97.443 0 -54.504
v 97.95 0 -55.264
v 96.433 0 -53.392
v 96.78 0 -53.74
v 95.695 0 -52.725
v 96.065 0 -53.048
v 95.024 0 -52.205
v 95.341 0 -52.439
v 94.099 0 -51.77
v 94.76 0 -52.04
v 90.584 0 -51.431
v 92.899 0 -51.574
v 80.292 0 -51.216
v 86.574 0 -51.319
v 64.409 0 -50.972
v 69.074 0 -58.102
v 73.915 0 -60.163
v 87.113 0 -65.573
v 71.16 0 -51.1
v 65.239 0 -50.996
v 69.268 0 -58.176
v 87.191 0 -65.6
v 69.431 0 -51.074
v 66.4 0 -51.021
v 69.462 0 -58.25
v 75.81 0 -61.06
v 67.821 0 -51.048
v 73.661 0 -60.042
v 69.655 0 -58.324
v 73.461 0 -59.95
v 69.848 0 -58.4
v 70.041 0 -58.476
v 70.233 0 -58.553
v 70.999 0 -58.869
v 70.425 0 -58.631
v 70.808 0 -58.789
v 70.617 0 -58.71
v 63.98 10 -50.95
v 63.1 10 -51.27
v 63.21 10 -50.9
v 62.84 10 -52.1
v 62.519 10 -53.14
v 62.658 10 -52.676
v 62.344 10 -53.817
v 62.416 10 -53.513
v 62.27 10 -54.31
v 62.298 10 -54.075
v 62.6 10 -55.17
v 62.22 10 -54.82
v 63.494 10 -55.763
v 62.959 10 -55.446
v 65.086 10 -56.517
v 64.204 10 -56.12
v 67.36 10 -57.43
v 66.139 10 -56.954
v 68.88 10 -58.03
v 67.74 10 -57.58
v 71.19 10 -58.95
v 72.58 10 -59.58
v 71.75 10 -59.21
v 73.327 10 -59.891
v 73.27 10 -59.87
v 74.212 10 -60.307
v 74.868 10 -60.625
v 74.54 10 -60.47
v 75.419 10 -60.885
v 75.165 10 -60.765
v 75.753 10 -61.039
v 75.619 10 -60.978
v 76.37 10 -61.3
v 78 10 -62.03
v 77.33 10 -61.73
v 78.48 10 -62.23
v 78.16 10 -62.099
v 79.496 10 -62.637
v 78.935 10 -62.412
v 80.137 10 -62.893
v 83.58 10 -64.26
v 80.83 10 -63.17
v 84.457 10 -64.61
v 83.915 10 -64.4
v 85.83 10 -65.12
v 85.122 10 -64.86
v 87.04 10 -65.55
v 86.496 10 -65.36
v 87.269 10 -65.629
v 87.407 10 -65.681
v 87.342 10 -65.657
v 88.32 10 -65.984
v 87.46 10 -65.7
v 90.308 10 -66.372
v 89.293 10 -66.211
v 92.182 10 -66.461
v 91.294 10 -66.459
v 93.314 10 -66.275
v 92.9 10 -66.37
v 93.912 10 -66.089
v 93.636 10 -66.188
v 94.518 10 -65.779
v 94.191 10 -65.959
v 96.152 10 -64.709
v 94.94 10 -65.53
v 97.845 10 -62.82
v 97.116 10 -63.813
v 98.645 10 -60.464
v 98.35 10 -61.711
v 98.698 10 -57.917
v 98.74 10 -59.06
v 98.319 10 -56.059
v 98.563 10 -56.93
v 97.443 10 -54.504
v 97.95 10 -55.264
v 96.433 10 -53.392
v 96.78 10 -53.74
v 95.695 10 -52.725
v 96.065 10 -53.048
v 95.024 10 -52.205
v 95.341 10 -52.439
v 94.099 10 -51.77
v 94.76 10 -52.04
v 90.584 10 -51.431
v 92.899 10 -51.574
v 80.292 10 -51.216
v 86.574 10 -51.319
v 64.409 10 -50.972
v 69.074 10 -58.102
v 73.915 10 -60.163
v 87.113 10 -65.573
v 71.16 10 -51.1
v 65.239 10 -50.996
v 69.268 10 -58.176
v 87.191 10 -65.6
v 69.431 10 -51.074
v 66.4 10 -51.021
v 69.462 10 -58.25
v 75.81 10 -61.06
v 67.821 10 -51.048
v 73.661 10 -60.042
v 69.655 10 -58.324
v 73.461 10 -59.95
v 69.848 10 -58.4
v 70.041 10 -58.476
v 70.233 10 -58.553
v 70.999 10 -58.869
v 70.425 10 -58.631
v 70.808 10 -58.789
v 70.617 10 -58.71
f 3717 3718 3719
f 3720 3721 3722
f 3723 3720 3724
f 3725 3723 3726
f 3727 3725 3728
f 3729 3727 3730
f 3731 3729 3732
f 3733 3731 3734
f 3735 3733 3736
f 3737 3738 3739
f 3740 3737 3741
f 3742 3743 3744
f 3745 3742 3746
f 3747 3745 3748
f 3749 3750 3751
f 3752 3749 3753
f 3754 3752 3755
f 3756 3757 3758
f 3759 3756 3760
f 3761 3759 3762
f 3763 3761 3764
f 3765 3766 3767
f 3768 3765 3769
f 3770 3768 3771
f 3772 3770 3773
f 3774 3772 3775
f 3776 3774 3777
f 3778 3776 3779
f 3780 3778 3781
f 3782 3780 3783
f 3784 3782 3785
f 3786 3784 3787
f 3788 3786 3789
f 3790 3788 3791
f 3792 3790 3793
f 3794 3792 3795
f 3796 3794 3797
f 3798 3796 3799
f 3800 3798 3801
f 3802 3800 3803
f 3717 3804 3718
f 3720 3717 3721
f 3725 3720 3723
f 3729 3725 3727
f 3733 3729 3731
f 3805 3733 3735
f 3740 3738 3737
f 3742 3806 3743
f 3747 3742 3745
f 3752 3750 3749
f 3757 3752 3754
f 3761 3756 3759
f 3807 3761 3763
f 3768 3766 3765
f 3772 3768 3770
f 3776 3772 3774
f 3780 3776 3778
f 3784 3780 3782
f 3788 3784 3786
f 3792 3788 3790
f 3796 3792 3794
f 3800 3796 3798
f 3808 3800 3802
f 3717 3809 3804
f 3725 3717 3720
f 3733 3725 3729
f 3810 3733 3805
f 3747 3806 3742
f 3757 3750 3752
f 3761 3757 3756
f 3811 3761 3807
f 3768 3811 3766
f 3776 3768 3772
f 3784 3776 3780
f 3792 3784 3788
f 3800 3792 3796
f 3812 3800 3808
f 3717 3813 3809
f 3733 3717 3725
f 3814 3733 3810
f 3815 3806 3747
f 3757 3815 3750
f 3811 3757 3761
f 3776 3811 3768
f 3792 3776 3784
f 3812 3792 3800
f 3717 3816 3813
f 3814 3717 3733
f 3815 3817 3806
f 3811 3815 3757
f 3792 3811 3776
f 3816 3792 3812
f 3814 3816 3717
f 3811 3817 3815
f 3816 3811 3792
f 3818 3816 3814
f 3811 3819 3817
f 3820 3816 3818
f 3811 3740 3819
f 3821 3816 3820
f 3811 3738 3740
f 3822 3816 3821
f 3811 3823 3738
f 3824 3816 3822
f 3811 3825 3823
f 3826 3816 3824
f 3816 3825 3811
f 3825 3816 3826
f 3827 3828 3829
f 3830 3831 3832
f 3831 3833 3834
f 3833 3835 3836
f 3835 3837 3838
f 3837 3839 3840
f 3839 3841 3842
f 3841 3843 3844
f 3843 3845 3846
f 3847 3848 3849
f 3848 3850 3851
f 3852 3853 3854
f 3853 3855 3856
f 3855 3857 3858
f 3859 3860 3861
f 3860 3862 3863
f 3862 3864 3865
f 3866 3867 3868
f 3867 3869 3870
f 3869 3871 3872
f 3871 3873 3874
f 3875 3876 3877
f 3876 3878 3879
f 3878 3880 3881
f 3880 3882 3883
f 3882 3884 3885
f 3884 3886 3887
f 3886 3888 3889
f 3888 3890 3891
f 3890 3892 3893
f 3892 3894 3895
f 3894 3896 3897
f 3896 3898 3899
f 3898 3900 3901
f 3900 3902 3903
f 3902 3904 3905
f 3904 3906 3907
f 3906 3908 3909
f 3908 3910 3911
f 3910 3912 3913
f 3914 3828 3827
f 3828 3831 3830
f 3831 3835 3833
f 3835 3839 3837
f 3839 3843 3841
f 3843 3915 3845
f 3847 3850 3848
f 3916 3853 3852
f 3853 3857 3855
f 3859 3862 3860
f 3862 3866 3864
f 3867 3871 3869
f 3871 3917 3873
f 3875 3878 3876
f 3878 3882 3880
f 3882 3886 3884
f 3886 3890 3888
f 3890 3894 3892
f 3894 3898 3896
f 3898 3902 3900
f 3902 3906 3904
f 3906 3910 3908
f 3910 3918 3912
f 3919 3828 3914
f 3828 3835 3831
f 3835 3843 3839
f 3843 3920 3915
f 3916 3857 3853
f 3859 3866 3862
f 3866 3871 3867
f 3871 3921 3917
f 3921 3878 3875
f 3878 3886 3882
f 3886 3894 3890
f 3894 3902 3898
f 3902 3910 3906
f 3910 3922 3918
f 3923 3828 3919
f 3828 3843 3835
f 3843 3924 3920
f 3916 3925 3857
f 3925 3866 3859
f 3866 3921 3871
f 3921 3886 3878
f 3886 3902 3894
f 3902 3922 3910
f 3926 3828 3923
f 3828 3924 3843
f 3927 3925 3916
f 3925 3921 3866
f 3921 3902 3886
f 3902 3926 3922
f 3926 3924 3828
f 3927 3921 3925
f 3921 3926 3902
f 3926 3928 3924
f 3929 3921 3927
f 3926 3930 3928
f 3850 3921 3929
f 3926 3931 3930
f 3847 3921 3850
f 3926 3932 3931
f 3933 3921 3847
f 3926 3934 3932
f 3935 3921 3933
f 3926 3936 3934
f 3935 3926 3921
f 3926 3935 3936
f 3717 3828 3721
f 3721 3828 3830
f 3721 3830 3722
f 3722 3830 3832
f 3722 3832 3720
f 3720 3832 3831
f 3720 3831 3724
f 3724 3831 3834
f 3724 3834 3723
f 3723 3834 3833
f 3723 3833 3726
f 3726 3833 3836
f 3726 3836 3725
f 3725 3836 3835
f 3725 3835 3728
f 3728 3835 3838
f 3728 3838 3727
f 3727 3838 3837
f 3727 3837 3730
f 3730 3837 3840
f 3730 3840 3729
f 3729 3840 3839
f 3729 3839 3732
f 3732 3839 3842
f 3732 3842 3731
f 3731 3842 3841
f 3731 3841 3734
f 3734 3841 3844
f 3734 3844 3733
f 3733 3844 3843
f 3733 3843 3736
f 3736 3843 3846
f 3736 3846 3735
f 3735 3846 3845
f 3735 3845 3805
f 3805 3845 3915
f 3805 3915 3810
f 3810 3915 3920
f 3810 3920 3814
f 3814 3920 3924
f 3814 3924 3818
f 3818 3924 3928
f 3818 3928 3820
f 3820 3928 3930
f 3820 3930 3821
f 3821 3930 3931
f 3821 3931 3822
f 3822 3931 3932
f 3822 3932 3824
f 3824 3932 3934
f 3824 3934 3826
f 3826 3934 3936
f 3826 3936 3825
f 3825 3936 3935
f 3825 3935 3823
f 3823 3935 3933
f 3823 3933 3738
f 3738 3933 3847
f 3738 3847 3739
f 3739 3847 3849
f 3739 3849 3737
f 3737 3849 3848
f 3737 3848 3741
f 3741 3848 3851
f 3741 3851 3740
f 3740 3851 3850
f 3740 3850 3819
f 3819 3850 3929
f 3819 3929 3817
f 3817 3929 3927
f 3817 3927 3806
f 3806 3927 3916
f 3806 3916 3743
f 3743 3916 3852
f 3743 3852 3744
f 3744 3852 3854
f 3744 3854 3742
f 3742 3854 3853
f 3742 3853 3746
f 3746 3853 3856
f 3746 3856 3745
f 3745 3856 3855
f 3745 3855 3748
f 3748 3855 3858
f 3748 3858 3747
f 3747 3858 3857
f 3747 3857 3815
f 3815 3857 3925
f 3815 3925 3750
f 3750 3925 3859
f 3750 3859 3751
f 3751 3859 3861
f 3751 3861 3749
f 3749 3861 3860
f 3749 3860 3753
f 3753 3860 3863
f 3753 3863 3752
f 3752 3863 3862
f 3752 3862 3755
f 3755 3862 3865
f 3755 3865 3754
f 3754 3865 3864
f 3754 3864 3757
f 3757 3864 3866
f 3757 3866 3758
f 3758 3866 3868
f 3758 3868 3756
f 3756 3868 3867
f 3756 3867 3760
f 3760 3867 3870
f 3760 3870 3759
f 3759 3870 3869
f 3759 3869 3762
f 3762 3869 3872
f 3762 3872 3761
f 3761 3872 3871
f 3761 3871 3764
f 3764 3871 3874
f 3764 3874 3763
f 3763 3874 3873
f 3763 3873 3807
f 3807 3873 3917
f 3807 3917 3811
f 3811 3917 3921
f 3811 3921 3766
f 3766 3921 3875
f 3766 3875 3767
f 3767 3875 3877
f 3767 3877 3765
f 3765 3877 3876
f 3765 3876 3769
f 3769 3876 3879
f 3769 3879 3768
f 3768 3879 3878
f 3768 3878 3771
f 3771 3878 3881
f 3771 3881 3770
f 3770 3881 3880
f 3770 3880 3773
f 3773 3880 3883
f 3773 3883 3772
f 3772 3883 3882
f 3772 3882 3775
f 3775 3882 3885
f 3775 3885 3774
f 3774 3885 3884
f 3774 3884 3777
f 3777 3884 3887
f 3777 3887 3776
f 3776 3887 3886
f 3776 3886 3779
f 3779 3886 3889
f 3779 3889 3778
f 3778 3889 3888
f 3778 3888 3781
f 3781 3888 3891
f 3781 3891 3780
f 3780 3891 3890
f 3780 3890 3783
f 3783 3890 3893
f 3783 3893 3782
f 3782 3893 3892
f 3782 3892 3785
f 3785 3892 3895
f 3785 3895 3784
f 3784 3895 3894
f 3784 3894 3787
f 3787 3894 3897
f 3787 3897 3786
f 3786 3897 3896
f 3786 3896 3789
f 3789 3896 3899
f 3789 3899 3788
f 3788 3899 3898
f 3788 3898 3791
f 3791 3898 3901
f 3791 3901 3790
f 3790 3901 3900
f 3790 3900 3793
f 3793 3900 3903
f 3793 3903 3792
f 3792 3903 3902
f 3792 3902 3795
f 3795 3902 3905
f 3795 3905 3794
f 3794 3905 3904
f 3794 3904 3797
f 3797 3904 3907
f 3797 3907 3796
f 3796 3907 3906
f 3796 3906 3799
f 3799 3906 3909
f 3799 3909 3798
f 3798 3909 3908
f 3798 3908 3801
f 3801 3908 3911
f 3801 3911 3800
f 3800 3911 3910
f 3800 3910 3803
f 3803 3910 3913
f 3803 3913 3802
f 3802 3913 3912
f 3802 3912 3808
f 3808 3912 3918
f 3808 3918 3812
f 3812 3918 3922
f 3812 3922 3816
f 3816 3922 3926
f 3816 3926 3813
f 3813 3926 3923
f 3813 3923 3809
f 3809 3923 3919
f 3809 3919 3804
f 3804 3919 3914
f 3804 3914 3718
f 3718 3914 3827
f 3718 3827 3719
f 3719 3827 3829
f 3719 3829 3717
f 3717 3829 3828
o 
v 46.32 0 -63.48
v 46.68 0 -63.467
v 46.47 0 -63.474
v 45.814 0 -63.637
v 46.041 0 -63.525
v 45.449 0 -64.15
v 45.623 0 -63.838
v 45.09 0 -65.2
v 45.277 0 -64.596
v 43.3 0 -69.17
v 44.137 0 -67.404
v 44.06 0 -67.56
v 41.886 0 -72.236
v 42.31 0 -71.32
v 42.077 0 -71.822
v 41.634 0 -72.801
v 41.739 0 -72.563
v 41.55 0 -73.01
v 41.571 0 -72.95
v 41.208 0 -73.799
v 41.33 0 -73.53
v 41.269 0 -73.664
v 41.089 0 -74.069
v 41.148 0 -73.934
v 40.973 0 -74.34
v 41.031 0 -74.204
v 40.859 0 -74.612
v 40.916 0 -74.476
v 40.748 0 -74.886
v 40.803 0 -74.749
v 40.64 0 -75.16
v 40.694 0 -75.023
v 40.218 0 -76.252
v 40.36 0 -75.88
v 38.562 0 -79.775
v 39 0 -78.88
v 38.771 0 -79.344
v 38.235 0 -80.459
v 38.38 0 -80.152
v 38.09 0 -80.78
v 38.135 0 -80.674
v 35.61 0 -86.407
v 35.89 0 -85.85
v 35.748 0 -86.128
v 35.345 0 -86.971
v 35.476 0 -86.688
v 35.094 0 -87.542
v 35.218 0 -87.256
v 34.858 0 -88.119
v 34.974 0 -87.83
v 34.636 0 -88.702
v 34.745 0 -88.41
v 34.43 0 -89.29
v 34.531 0 -88.995
v 34.083 0 -90.478
v 34.232 0 -89.926
v 33.911 0 -91.459
v 33.978 0 -90.978
v 33.87 0 -92.5
v 33.877 0 -91.955
v 33.909 0 -93.369
v 33.878 0 -92.935
v 34.04 0 -94.228
v 33.963 0 -93.8
v 34.263 0 -95.069
v 34.14 0 -94.651
v 34.575 0 -95.88
v 34.408 0 -95.479
v 34.972 0 -96.654
v 34.763 0 -96.272
v 35.45 0 -97.38
v 35.201 0 -97.023
v 36.481 0 -98.429
v 35.948 0 -97.927
v 37.589 0 -99.247
v 37.034 0 -98.874
v 38.64 0 -99.73
v 38.129 0 -99.537
v 40.141 0 -99.942
v 39.284 0 -99.854
v 42.046 0 -99.998
v 41.099 0 -99.991
v 43.46 0 -99.87
v 42.87 0 -99.959
v 44.122 0 -99.648
v 43.77 0 -99.779
v 44.908 0 -99.295
v 44.505 0 -99.485
v 45.73 0 -98.86
v 45.32 0 -99.085
v 46.49 0 -98.306
v 46.091 0 -98.623
v 47.263 0 -97.564
v 46.893 0 -97.941
v 47.77 0 -96.91
v 47.568 0 -97.209
v 49.1 0 -89.31
v 48.5 0 -95.69
v 49.05 0 -94.8
v 49.135 0 -85.323
v 49.116 0 -87.535
v 49.175 0 -80.147
v 49.155 0 -82.814
v 49.21 0 -74.9
v 49.194 0 -77.463
v 49.234 0 -68.227
v 49.232 0 -71.027
v 49.166 0 -65.04
v 49.214 0 -66.298
v 48.97 0 -63.74
v 49.086 0 -64.254
v 47.81 0 -63.44
v 48.88 0 -63.42
v 47.217 0 -63.453
v 47.514 0 -63.446
v 46.934 0 -63.46
v 44.212 0 -67.247
v 41.542 0 -73.04
v 37.95 0 -81.16
v 44.287 0 -67.09
v 39.392 0 -78.074
v 41.388 0 -73.4
v 36.041 0 -85.529
v 45.059 0 -65.304
v 44.362 0 -66.932
v 41.44 0 -73.282
v 39.686 0 -77.462
v 36.191 0 -85.208
v 45.026 0 -65.401
v 44.435 0 -66.774
v 41.485 0 -73.18
v 37.62 0 -81.96
v 36.34 0 -84.885
v 44.995 0 -65.49
v 39.905 0 -76.99
v 44.967 0 -65.565
v 41.52 0 -73.098
v 37.483 0 -82.287
v 36.488 0 -84.563
v 44.945 0 -65.623
v 37.345 0 -82.614
v 36.634 0 -84.239
v 44.93 0 -65.66
v 44.508 0 -66.616
v 37.205 0 -82.94
v 36.779 0 -83.915
v 44.862 0 -65.82
v 44.58 0 -66.458
v 37.064 0 -83.266
v 36.922 0 -83.591
v 44.792 0 -65.98
v 44.652 0 -66.299
v 44.722 0 -66.14
v 40.074 0 -76.604
v 46.68 10 -63.467
v 46.32 10 -63.48
v 46.47 10 -63.474
v 45.814 10 -63.637
v 46.041 10 -63.525
v 45.449 10 -64.15
v 45.623 10 -63.838
v 45.09 10 -65.2
v 45.277 10 -64.596
v 44.137 10 -67.404
v 43.3 10 -69.17
v 44.06 10 -67.56
v 42.31 10 -71.32
v 41.886 10 -72.236
v 42.077 10 -71.822
v 41.634 10 -72.801
v 41.739 10 -72.563
v 41.55 10 -73.01
v 41.571 10 -72.95
v 41.33 10 -73.53
v 41.208 10 -73.799
v 41.269 10 -73.664
v 41.089 10 -74.069
v 41.148 10 -73.934
v 40.973 10 -74.34
v 41.031 10 -74.204
v 40.859 10 -74.612
v 40.916 10 -74.476
v 40.748 10 -74.886
v 40.803 10 -74.749
v 40.64 10 -75.16
v 40.694 10 -75.023
v 40.218 10 -76.252
v 40.36 10 -75.88
v 39 10 -78.88
v 38.562 10 -79.775
v 38.771 10 -79.344
v 38.235 10 -80.459
v 38.38 10 -80.152
v 38.09 10 -80.78
v 38.135 10 -80.674
v 35.89 10 -85.85
v 35.61 10 -86.407
v 35.748 10 -86.128
v 35.345 10 -86.971
v 35.476 10 -86.688
v 35.094 10 -87.542
v 35.218 10 -87.256
v 34.858 10 -88.119
v 34.974 10 -87.83
v 34.636 10 -88.702
v 34.745 10 -88.41
v 34.43 10 -89.29
v 34.531 10 -88.995
v 34.083 10 -90.478
v 34.232 10 -89.926
v 33.911 10 -91.459
v 33.978 10 -90.978
v 33.87 10 -92.5
v 33.877 10 -91.955
v 33.909 10 -93.369
v 33.878 10 -92.935
v 34.04 10 -94.228
v 33.963 10 -93.8
v 34.263 10 -95.069
v 34.14 10 -94.651
v 34.575 10 -95.88
v 34.408 10 -95.479
v 34.972 10 -96.654
v 34.763 10 -96.272
v 35.45 10 -97.38
v 35.201 10 -97.023
v 36.481 10 -98.429
v 35.948 10 -97.927
v 37.589 10 -99.247
v 37.034 10 -98.874
v 38.64 10 -99.73
v 38.129 10 -99.537
v 40.141 10 -99.942
v 39.284 10 -99.854
v 42.046 10 -99.998
v 41.099 10 -99.991
v 43.46 10 -99.87
v 42.87 10 -99.959
v 44.122 10 -99.648
v 43.77 10 -99.779
v 44.908 10 -99.295
v 44.505 10 -99.485
v 45.73 10 -98.86
v 45.32 10 -99.085
v 46.49 10 -98.306
v 46.091 10 -98.623
v 47.263 10 -97.564
v 46.893 10 -97.941
v 47.77 10 -96.91
v 47.568 10 -97.209
v 48.5 10 -95.69
v 49.1 10 -89.31
v 49.05 10 -94.8
v 49.135 10 -85.323
v 49.116 10 -87.535
v 49.175 10 -80.147
v 49.155 10 -82.814
v 49.21 10 -74.9
v 49.194 10 -77.463
v 49.234 10 -68.227
v 49.232 10 -71.027
v 49.166 10 -65.04
v 49.214 10 -66.298
v 48.97 10 -63.74
v 49.086 10 -64.254
v 47.81 10 -63.44
v 48.88 10 -63.42
v 47.217 10 -63.453
v 47.514 10 -63.446
v 46.934 10 -63.46
v 44.212 10 -67.247
v 41.542 10 -73.04
v 37.95 10 -81.16
v 44.287 10 -67.09
v 39.392 10 -78.074
v 41.388 10 -73.4
v 36.041 10 -85.529
v 45.059 10 -65.304
v 44.362 10 -66.932
v 41.44 10 -73.282
v 39.686 10 -77.462
v 36.191 10 -85.208
v 45.026 10 -65.401
v 44.435 10 -66.774
v 41.485 10 -73.18
v 37.62 10 -81.96
v 36.34 10 -84.885
v 44.995 10 -65.49
v 39.905 10 -76.99
v 44.967 10 -65.565
v 41.52 10 -73.098
v 37.483 10 -82.287
v 36.488 10 -84.563
v 44.945 10 -65.623
v 37.345 10 -82.614
v 36.634 10 -84.239
v 44.93 10 -65.66
v 44.508 10 -66.616
v 37.205 10 -82.94
v 36.779 10 -83.915
v 44.862 10 -65.82
v 44.58 10 -66.458
v 37.064 10 -83.266
v 36.922 10 -83.591
v 44.792 10 -65.98
v 44.652 10 -66.299
v 44.722 10 -66.14
v 40.074 10 -76.604
f 3937 3938 3939
f 3940 3937 3941
f 3942 3940 3943
f 3944 3942 3945
f 3946 3947 3948
f 3949 3950 3951
f 3952 3949 3953
f 3954 3952 3955
f 3956 3957 3958
f 3959 3956 3960
f 3961 3959 3962
f 3963 3961 3964
f 3965 3963 3966
f 3967 3965 3968
f 3969 3967 3970
f 3971 3972 3973
f 3974 3971 3975
f 3976 3974 3977
f 3978 3979 3980
f 3981 3978 3982
f 3983 3981 3984
f 3985 3983 3986
f 3987 3985 3988
f 3989 3987 3990
f 3991 3989 3992
f 3993 3991 3994
f 3995 3993 3996
f 3997 3995 3998
f 3999 3997 4000
f 4001 3999 4002
f 4003 4001 4004
f 4005 4003 4006
f 4007 4005 4008
f 4009 4007 4010
f 4011 4009 4012
f 4013 4011 4014
f 4015 4013 4016
f 4017 4015 4018
f 4019 4017 4020
f 4021 4019 4022
f 4023 4021 4024
f 4025 4023 4026
f 4027 4025 4028
f 4029 4027 4030
f 4031 4029 4032
f 4033 4034 4035
f 4036 4033 4037
f 4038 4036 4039
f 4040 4038 4041
f 4042 4040 4043
f 4044 4042 4045
f 4046 4044 4047
f 4048 4046 4049
f 4050 4048 4051
f 3938 4050 4052
f 3940 3938 3937
f 3944 3940 3942
f 3946 4053 3947
f 3952 3950 3949
f 4054 3952 3954
f 3959 3957 3956
f 3963 3959 3961
f 3967 3963 3965
f 3974 3972 3971
f 4055 3974 3976
f 3981 3979 3978
f 3985 3981 3983
f 3989 3985 3987
f 3993 3989 3991
f 3997 3993 3995
f 4001 3997 3999
f 4005 4001 4003
f 4009 4005 4007
f 4013 4009 4011
f 4017 4013 4015
f 4021 4017 4019
f 4025 4021 4023
f 4029 4025 4027
f 4034 4029 4031
f 4036 4034 4033
f 4040 4036 4038
f 4044 4040 4042
f 4048 4044 4046
f 3938 4048 4050
f 3944 3938 3940
f 3946 4056 4053
f 3952 3946 3950
f 3963 3957 3959
f 3969 3963 3967
f 3974 4057 3972
f 3985 3979 3981
f 3993 3985 3989
f 4001 3993 3997
f 4009 4001 4005
f 4017 4009 4013
f 4025 4017 4021
f 4034 4025 4029
f 4040 4034 4036
f 4048 4040 4044
f 3944 4048 3938
f 3952 4056 3946
f 3963 4058 3957
f 4055 4057 3974
f 3985 4059 3979
f 4001 3985 3993
f 4017 4001 4009
f 4034 4017 4025
f 4048 4034 4040
f 4060 4048 3944
f 3952 4061 4056
f 3963 4062 4058
f 4055 4063 4057
f 3985 4064 4059
f 4017 3985 4001
f 4048 4017 4034
f 4065 4048 4060
f 3952 4066 4061
f 3963 4067 4062
f 4068 4063 4055
f 3985 4069 4064
f 4048 3985 4017
f 4070 4048 4065
f 4054 4066 3952
f 3969 4067 3963
f 4068 4071 4063
f 4048 4069 3985
f 4072 4048 4070
f 4073 4066 4054
f 3969 4073 4067
f 4074 4071 4068
f 4048 4075 4069
f 4076 4048 4072
f 3969 4066 4073
f 4077 4071 4074
f 4048 4078 4075
f 4079 4048 4076
f 3969 4080 4066
f 4081 4071 4077
f 4048 4082 4078
f 4083 4048 4079
f 3969 4084 4080
f 4085 4071 4081
f 4048 4086 4082
f 4087 4048 4083
f 3969 4088 4084
f 4086 4071 4085
f 4089 4048 4087
f 4090 4088 3969
f 4048 4071 4086
f 4088 4048 4089
f 4071 4088 4090
f 4088 4071 4048
f 4091 4092 4093
f 4092 4094 4095
f 4094 4096 4097
f 4096 4098 4099
f 4100 4101 4102
f 4103 4104 4105
f 4104 4106 4107
f 4106 4108 4109
f 4110 4111 4112
f 4111 4113 4114
f 4113 4115 4116
f 4115 4117 4118
f 4117 4119 4120
f 4119 4121 4122
f 4121 4123 4124
f 4125 4126 4127
f 4126 4128 4129
f 4128 4130 4131
f 4132 4133 4134
f 4133 4135 4136
f 4135 4137 4138
f 4137 4139 4140
f 4139 4141 4142
f 4141 4143 4144
f 4143 4145 4146
f 4145 4147 4148
f 4147 4149 4150
f 4149 4151 4152
f 4151 4153 4154
f 4153 4155 4156
f 4155 4157 4158
f 4157 4159 4160
f 4159 4161 4162
f 4161 4163 4164
f 4163 4165 4166
f 4165 4167 4168
f 4167 4169 4170
f 4169 4171 4172
f 4171 4173 4174
f 4173 4175 4176
f 4175 4177 4178
f 4177 4179 4180
f 4179 4181 4182
f 4181 4183 4184
f 4183 4185 4186
f 4187 4188 4189
f 4188 4190 4191
f 4190 4192 4193
f 4192 4194 4195
f 4194 4196 4197
f 4196 4198 4199
f 4198 4200 4201
f 4200 4202 4203
f 4202 4204 4205
f 4204 4091 4206
f 4091 4094 4092
f 4094 4098 4096
f 4207 4101 4100
f 4103 4106 4104
f 4106 4208 4108
f 4110 4113 4111
f 4113 4117 4115
f 4117 4121 4119
f 4125 4128 4126
f 4128 4209 4130
f 4132 4135 4133
f 4135 4139 4137
f 4139 4143 4141
f 4143 4147 4145
f 4147 4151 4149
f 4151 4155 4153
f 4155 4159 4157
f 4159 4163 4161
f 4163 4167 4165
f 4167 4171 4169
f 4171 4175 4173
f 4175 4179 4177
f 4179 4183 4181
f 4183 4187 4185
f 4187 4190 4188
f 4190 4194 4192
f 4194 4198 4196
f 4198 4202 4200
f 4202 4091 4204
f 4091 4098 4094
f 4210 4101 4207
f 4101 4106 4103
f 4110 4117 4113
f 4117 4123 4121
f 4211 4128 4125
f 4132 4139 4135
f 4139 4147 4143
f 4147 4155 4151
f 4155 4163 4159
f 4163 4171 4167
f 4171 4179 4175
f 4179 4187 4183
f 4187 4194 4190
f 4194 4202 4198
f 4202 4098 4091
f 4210 4106 4101
f 4212 4117 4110
f 4211 4209 4128
f 4213 4139 4132
f 4139 4155 4147
f 4155 4171 4163
f 4171 4187 4179
f 4187 4202 4194
f 4202 4214 4098
f 4215 4106 4210
f 4216 4117 4212
f 4217 4209 4211
f 4218 4139 4213
f 4139 4171 4155
f 4171 4202 4187
f 4202 4219 4214
f 4220 4106 4215
f 4221 4117 4216
f 4217 4222 4209
f 4223 4139 4218
f 4139 4202 4171
f 4202 4224 4219
f 4220 4208 4106
f 4221 4123 4117
f 4225 4222 4217
f 4223 4202 4139
f 4202 4226 4224
f 4220 4227 4208
f 4227 4123 4221
f 4225 4228 4222
f 4229 4202 4223
f 4202 4230 4226
f 4220 4123 4227
f 4225 4231 4228
f 4232 4202 4229
f 4202 4233 4230
f 4234 4123 4220
f 4225 4235 4231
f 4236 4202 4232
f 4202 4237 4233
f 4238 4123 4234
f 4225 4239 4235
f 4240 4202 4236
f 4202 4241 4237
f 4242 4123 4238
f 4225 4240 4239
f 4202 4243 4241
f 4242 4244 4123
f 4225 4202 4240
f 4202 4242 4243
f 4242 4225 4244
f 4225 4242 4202
f 3937 4092 3941
f 3941 4092 4095
f 3941 4095 3940
f 3940 4095 4094
f 3940 4094 3943
f 3943 4094 4097
f 3943 4097 3942
f 3942 4097 4096
f 3942 4096 3945
f 3945 4096 4099
f 3945 4099 3944
f 3944 4099 4098
f 3944 4098 4060
f 4060 4098 4214
f 4060 4214 4065
f 4065 4214 4219
f 4065 4219 4070
f 4070 4219 4224
f 4070 4224 4072
f 4072 4224 4226
f 4072 4226 4076
f 4076 4226 4230
f 4076 4230 4079
f 4079 4230 4233
f 4079 4233 4083
f 4083 4233 4237
f 4083 4237 4087
f 4087 4237 4241
f 4087 4241 4089
f 4089 4241 4243
f 4089 4243 4088
f 4088 4243 4242
f 4088 4242 4084
f 4084 4242 4238
f 4084 4238 4080
f 4080 4238 4234
f 4080 4234 4066
f 4066 4234 4220
f 4066 4220 4061
f 4061 4220 4215
f 4061 4215 4056
f 4056 4215 4210
f 4056 4210 4053
f 4053 4210 4207
f 4053 4207 3947
f 3947 4207 4100
f 3947 4100 3948
f 3948 4100 4102
f 3948 4102 3946
f 3946 4102 4101
f 3946 4101 3950
f 3950 4101 4103
f 3950 4103 3951
f 3951 4103 4105
f 3951 4105 3949
f 3949 4105 4104
f 3949 4104 3953
f 3953 4104 4107
f 3953 4107 3952
f 3952 4107 4106
f 3952 4106 3955
f 3955 4106 4109
f 3955 4109 3954
f 3954 4109 4108
f 3954 4108 4054
f 4054 4108 4208
f 4054 4208 4073
f 4073 4208 4227
f 4073 4227 4067
f 4067 4227 4221
f 4067 4221 4062
f 4062 4221 4216
f 4062 4216 4058
f 4058 4216 4212
f 4058 4212 3957
f 3957 4212 4110
f 3957 4110 3958
f 3958 4110 4112
f 3958 4112 3956
f 3956 4112 4111
f 3956 4111 3960
f 3960 4111 4114
f 3960 4114 3959
f 3959 4114 4113
f 3959 4113 3962
f 3962 4113 4116
f 3962 4116 3961
f 3961 4116 4115
f 3961 4115 3964
f 3964 4115 4118
f 3964 4118 3963
f 3963 4118 4117
f 3963 4117 3966
f 3966 4117 4120
f 3966 4120 3965
f 3965 4120 4119
f 3965 4119 3968
f 3968 4119 4122
f 3968 4122 3967
f 3967 4122 4121
f 3967 4121 3970
f 3970 4121 4124
f 3970 4124 3969
f 3969 4124 4123
f 3969 4123 4090
f 4090 4123 4244
f 4090 4244 4071
f 4071 4244 4225
f 4071 4225 4063
f 4063 4225 4217
f 4063 4217 4057
f 4057 4217 4211
f 4057 4211 3972
f 3972 4211 4125
f 3972 4125 3973
f 3973 4125 4127
f 3973 4127 3971
f 3971 4127 4126
f 3971 4126 3975
f 3975 4126 4129
f 3975 4129 3974
f 3974 4129 4128
f 3974 4128 3977
f 3977 4128 4131
f 3977 4131 3976
f 3976 4131 4130
f 3976 4130 4055
f 4055 4130 4209
f 4055 4209 4068
f 4068 4209 4222
f 4068 4222 4074
f 4074 4222 4228
f 4074 4228 4077
f 4077 4228 4231
f 4077 4231 4081
f 4081 4231 4235
f 4081 4235 4085
f 4085 4235 4239
f 4085 4239 4086
f 4086 4239 4240
f 4086 4240 4082
f 4082 4240 4236
f 4082 4236 4078
f 4078 4236 4232
f 4078 4232 4075
f 4075 4232 4229
f 4075 4229 4069
f 4069 4229 4223
f 4069 4223 4064
f 4064 4223 4218
f 4064 4218 4059
f 4059 4218 4213
f 4059 4213 3979
f 3979 4213 4132
f 3979 4132 3980
f 3980 4132 4134
f 3980 4134 3978
f 3978 4134 4133
f 3978 4133 3982
f 3982 4133 4136
f 3982 4136 3981
f 3981 4136 4135
f 3981 4135 3984
f 3984 4135 4138
f 3984 4138 3983
f 3983 4138 4137
f 3983 4137 3986
f 3986 4137 4140
f 3986 4140 3985
f 3985 4140 4139
f 3985 4139 3988
f 3988 4139 4142
f 3988 4142 3987
f 3987 4142 4141
f 3987 4141 3990
f 3990 4141 4144
f 3990 4144 3989
f 3989 4144 4143
f 3989 4143 3992
f 3992 4143 4146
f 3992 4146 3991
f 3991 4146 4145
f 3991 4145 3994
f 3994 4145 4148
f 3994 4148 3993
f 3993 4148 4147
f 3993 4147 3996
f 3996 4147 4150
f 3996 4150 3995
f 3995 4150 4149
f 3995 4149 3998
f 3998 4149 4152
f 3998 4152 3997
f 3997 4152 4151
f 3997 4151 4000
f 4000 4151 4154
f 4000 4154 3999
f 3999 4154 4153
f 3999 4153 4002
f 4002 4153 4156
f 4002 4156 4001
f 4001 4156 4155
f 4001 4155 4004
f 4004 4155 4158
f 4004 4158 4003
f 4003 4158 4157
f 4003 4157 4006
f 4006 4157 4160
f 4006 4160 4005
f 4005 4160 4159
f 4005 4159 4008
f 4008 4159 4162
f 4008 4162 4007
f 4007 4162 4161
f 4007 4161 4010
f 4010 4161 4164
f 4010 4164 4009
f 4009 4164 4163
f 4009 4163 4012
f 4012 4163 4166
f 4012 4166 4011
f 4011 4166 4165
f 4011 4165 4014
f 4014 4165 4168
f 4014 4168 4013
f 4013 4168 4167
f 4013 4167 4016
f 4016 4167 4170
f 4016 4170 4015
f 4015 4170 4169
f 4015 4169 4018
f 4018 4169 4172
f 4018 4172 4017
f 4017 4172 4171
f 4017 4171 4020
f 4020 4171 4174
f 4020 4174 4019
f 4019 4174 4173
f 4019 4173 4022
f 4022 4173 4176
f 4022 4176 4021
f 4021 4176 4175
f 4021 4175 4024
f 4024 4175 4178
f 4024 4178 4023
f 4023 4178 4177
f 4023 4177 4026
f 4026 4177 4180
f 4026 4180 4025
f 4025 4180 4179
f 4025 4179 4028
f 4028 4179 4182
f 4028 4182 4027
f 4027 4182 4181
f 4027 4181 4030
f 4030 4181 4184
f 4030 4184 4029
f 4029 4184 4183
f 4029 4183 4032
f 4032 4183 4186
f 4032 4186 4031
f 4031 4186 4185
f 4031 4185 4034
f 4034 4185 4187
f 4034 4187 4035
f 4035 4187 4189
f 4035 4189 4033
f 4033 4189 4188
f 4033 4188 4037
f 4037 4188 4191
f 4037 4191 4036
f 4036 4191 4190
f 4036 4190 4039
f 4039 4190 4193
f 4039 4193 4038
f 4038 4193 4192
f 4038 4192 4041
f 4041 4192 4195
f 4041 4195 4040
f 4040 4195 4194
f 4040 4194 4043
f 4043 4194 4197
f 4043 4197 4042
f 4042 4197 4196
f 4042 4196 4045
f 4045 4196 4199
f 4045 4199 4044
f 4044 4199 4198
f 4044 4198 4047
f 4047 4198 4201
f 4047 4201 4046
f 4046 4201 4200
f 4046 4200 4049
f 4049 4200 4203
f 4049 4203 4048
f 4048 4203 4202
f 4048 4202 4051
f 4051 4202 4205
f 4051 4205 4050
f 4050 4205 4204
f 4050 4204 4052
f 4052 4204 4206
f 4052 4206 3938
f 3938 4206 4091
f 3938 4091 3939
f 3939 4091 4093
f 3939 4093 3937
f 3937 4093 4092
o 
v 40.24 0 -0.08
v 41.971 0 0
v 41.146 0 -0.015
v 39.75 0 -0.115
v 39.995 0 -0.093
v 39.265 0 -0.185
v 39.507 0 -0.145
v 38.785 0 -0.29
v 39.024 0 -0.233
v 38.315 0 -0.43
v 38.549 0 -0.356
v 37.855 0 -0.604
v 38.083 0 -0.513
v 37.41 0 -0.81
v 37.631 0 -0.703
v 36.13 0 -1.773
v 36.765 0 -1.212
v 35.013 0 -3.22
v 35.536 0 -2.455
v 34.3 0 -4.85
v 34.591 0 -4.031
v 34.21 0 -6.299
v 34.242 0 -5.376
v 34.217 0 -8.565
v 34.201 0 -7.425
v 34.32 0 -10.12
v 34.257 0 -9.527
v 34.636 0 -11.252
v 34.451 0 -10.642
v 35.13 0 -12.631
v 34.866 0 -11.924
v 35.72 0 -14.05
v 35.418 0 -13.348
v 36.37 0 -15.563
v 36.1 0 -14.93
v 36.239 0 -15.258
v 36.637 0 -16.163
v 36.5 0 -15.86
v 36.96 0 -16.85
v 36.788 0 -16.488
v 37.2 0 -17.402
v 37.079 0 -17.126
v 37.444 0 -17.952
v 37.322 0 -17.677
v 37.694 0 -18.5
v 37.568 0 -18.226
v 37.948 0 -19.045
v 37.82 0 -18.773
v 38.207 0 -19.589
v 38.077 0 -19.317
v 38.47 0 -20.13
v 38.338 0 -19.86
v 41.55 0 -26.8
v 40.965 0 -25.487
v 41.18 0 -25.98
v 42.247 0 -28.313
v 41.92 0 -27.61
v 43.269 0 -30.598
v 43.068 0 -30.132
v 43.2 0 -30.44
v 43.393 0 -30.88
v 43.334 0 -30.747
v 43.483 0 -31.069
v 43.443 0 -30.99
v 43.725 0 -31.806
v 43.577 0 -31.289
v 43.58 0 -31.33
v 44.603 0 -33.799
v 44.096 0 -32.694
v 45.647 0 -35.882
v 45.15 0 -34.926
v 46.22 0 -36.75
v 46 0 -36.47
v 47.216 0 -36.682
v 46.99 0 -36.7
v 47.724 0 -36.631
v 47.465 0 -36.659
v 48.215 0 -36.571
v 47.978 0 -36.601
v 49.07 0 -21.18
v 48.42 0 -36.54
v 49.07 0 -36.45
v 49.064 0 -10.529
v 49.069 0 -14.829
v 49.02 0 -6.431
v 49.049 0 -7.868
v 48.9 0 -5.58
v 48.972 0 -5.806
v 47.976 0 -3.702
v 48.29 0 -4.33
v 47.541 0 -2.897
v 47.735 0 -3.239
v 47.19 0 -2.406
v 47.369 0 -2.634
v 46.689 0 -1.889
v 46.98 0 -2.17
v 45.846 0 -1.244
v 46.3 0 -1.572
v 44.887 0 -0.648
v 45.364 0 -0.928
v 43.957 0 -0.249
v 44.45 0 -0.43
v 42.716 0 -0.034
v 43.379 0 -0.117
v 40.749 0 -24.996
v 43.51 0 -31.11
v 43.569 0 -31.246
v 38.707 0 -20.612
v 40.53 0 -24.505
v 42.917 0 -29.786
v 43.556 0 -31.205
v 40.309 0 -24.015
v 42.736 0 -29.381
v 43.541 0 -31.167
v 42.516 0 -28.897
v 43.526 0 -31.135
v 38.942 0 -21.095
v 39.175 0 -21.58
v 39.406 0 -22.065
v 39.635 0 -22.551
v 40.086 0 -23.526
v 39.862 0 -23.038
v 41.971 10 0
v 40.24 10 -0.08
v 41.146 10 -0.015
v 39.75 10 -0.115
v 39.995 10 -0.093
v 39.265 10 -0.185
v 39.507 10 -0.145
v 38.785 10 -0.29
v 39.024 10 -0.233
v 38.315 10 -0.43
v 38.549 10 -0.356
v 37.855 10 -0.604
v 38.083 10 -0.513
v 37.41 10 -0.81
v 37.631 10 -0.703
v 36.13 10 -1.773
v 36.765 10 -1.212
v 35.013 10 -3.22
v 35.536 10 -2.455
v 34.3 10 -4.85
v 34.591 10 -4.031
v 34.21 10 -6.299
v 34.242 10 -5.376
v 34.217 10 -8.565
v 34.201 10 -7.425
v 34.32 10 -10.12
v 34.257 10 -9.527
v 34.636 10 -11.252
v 34.451 10 -10.642
v 35.13 10 -12.631
v 34.866 10 -11.924
v 35.72 10 -14.05
v 35.418 10 -13.348
v 36.1 10 -14.93
v 36.37 10 -15.563
v 36.239 10 -15.258
v 36.637 10 -16.163
v 36.5 10 -15.86
v 36.96 10 -16.85
v 36.788 10 -16.488
v 37.2 10 -17.402
v 37.079 10 -17.126
v 37.444 10 -17.952
v 37.322 10 -17.677
v 37.694 10 -18.5
v 37.568 10 -18.226
v 37.948 10 -19.045
v 37.82 10 -18.773
v 38.207 10 -19.589
v 38.077 10 -19.317
v 38.47 10 -20.13
v 38.338 10 -19.86
v 40.965 10 -25.487
v 41.55 10 -26.8
v 41.18 10 -25.98
v 42.247 10 -28.313
v 41.92 10 -27.61
v 43.068 10 -30.132
v 43.269 10 -30.598
v 43.2 10 -30.44
v 43.393 10 -30.88
v 43.334 10 -30.747
v 43.483 10 -31.069
v 43.443 10 -30.99
v 43.577 10 -31.289
v 43.725 10 -31.806
v 43.58 10 -31.33
v 44.603 10 -33.799
v 44.096 10 -32.694
v 45.647 10 -35.882
v 45.15 10 -34.926
v 46.22 10 -36.75
v 46 10 -36.47
v 47.216 10 -36.682
v 46.99 10 -36.7
v 47.724 10 -36.631
v 47.465 10 -36.659
v 48.215 10 -36.571
v 47.978 10 -36.601
v 48.42 10 -36.54
v 49.07 10 -21.18
v 49.07 10 -36.45
v 49.064 10 -10.529
v 49.069 10 -14.829
v 49.02 10 -6.431
v 49.049 10 -7.868
v 48.9 10 -5.58
v 48.972 10 -5.806
v 47.976 10 -3.702
v 48.29 10 -4.33
v 47.541 10 -2.897
v 47.735 10 -3.239
v 47.19 10 -2.406
v 47.369 10 -2.634
v 46.689 10 -1.889
v 46.98 10 -2.17
v 45.846 10 -1.244
v 46.3 10 -1.572
v 44.887 10 -0.648
v 45.364 10 -0.928
v 43.957 10 -0.249
v 44.45 10 -0.43
v 42.716 10 -0.034
v 43.379 10 -0.117
v 40.749 10 -24.996
v 43.51 10 -31.11
v 43.569 10 -31.246
v 38.707 10 -20.612
v 40.53 10 -24.505
v 42.917 10 -29.786
v 43.556 10 -31.205
v 40.309 10 -24.015
v 42.736 10 -29.381
v 43.541 10 -31.167
v 42.516 10 -28.897
v 43.526 10 -31.135
v 38.942 10 -21.095
v 39.175 10 -21.58
v 39.406 10 -22.065
v 39.635 10 -22.551
v 40.086 10 -23.526
v 39.862 10 -23.038
f 4245 4246 4247
f 4248 4245 4249
f 4250 4248 4251
f 4252 4250 4253
f 4254 4252 4255
f 4256 4254 4257
f 4258 4256 4259
f 4260 4258 4261
f 4262 4260 4263
f 4264 4262 4265
f 4266 4264 4267
f 4268 4266 4269
f 4270 4268 4271
f 4272 4270 4273
f 4274 4272 4275
f 4276 4274 4277
f 4278 4279 4280
f 4281 4278 4282
f 4283 4281 4284
f 4285 4283 4286
f 4287 4285 4288
f 4289 4287 4290
f 4291 4289 4292
f 4293 4291 4294
f 4295 4293 4296
f 4297 4298 4299
f 4300 4297 4301
f 4302 4303 4304
f 4305 4302 4306
f 4307 4305 4308
f 4309 4310 4311
f 4312 4309 4313
f 4314 4312 4315
f 4316 4314 4317
f 4318 4316 4319
f 4320 4318 4321
f 4322 4320 4323
f 4324 4325 4326
f 4327 4324 4328
f 4329 4327 4330
f 4331 4329 4332
f 4333 4331 4334
f 4335 4333 4336
f 4337 4335 4338
f 4339 4337 4340
f 4341 4339 4342
f 4343 4341 4344
f 4345 4343 4346
f 4347 4345 4348
f 4245 4347 4246
f 4250 4245 4248
f 4254 4250 4252
f 4258 4254 4256
f 4262 4258 4260
f 4266 4262 4264
f 4270 4266 4268
f 4274 4270 4272
f 4279 4274 4276
f 4281 4279 4278
f 4287 4283 4285
f 4291 4287 4289
f 4295 4291 4293
f 4297 4349 4298
f 4305 4303 4302
f 4350 4305 4307
f 4309 4351 4310
f 4314 4309 4312
f 4318 4314 4316
f 4322 4318 4320
f 4324 4322 4325
f 4329 4324 4327
f 4333 4329 4331
f 4337 4333 4335
f 4341 4337 4339
f 4345 4341 4343
f 4245 4345 4347
f 4254 4245 4250
f 4262 4254 4258
f 4270 4262 4266
f 4279 4270 4274
f 4283 4279 4281
f 4291 4283 4287
f 4352 4291 4295
f 4300 4349 4297
f 4350 4303 4305
f 4314 4351 4309
f 4322 4314 4318
f 4329 4322 4324
f 4337 4329 4333
f 4345 4337 4341
f 4254 4345 4245
f 4270 4254 4262
f 4283 4270 4279
f 4352 4283 4291
f 4300 4353 4349
f 4350 4354 4303
f 4314 4355 4351
f 4329 4314 4322
f 4345 4329 4337
f 4270 4345 4254
f 4352 4270 4283
f 4300 4356 4353
f 4350 4357 4354
f 4314 4358 4355
f 4345 4314 4329
f 4352 4345 4270
f 4359 4356 4300
f 4360 4357 4350
f 4345 4358 4314
f 4361 4345 4352
f 4357 4356 4359
f 4358 4357 4360
f 4362 4345 4361
f 4345 4357 4358
f 4363 4345 4362
f 4345 4356 4357
f 4364 4345 4363
f 4345 4365 4356
f 4366 4345 4364
f 4345 4366 4365
f 4367 4368 4369
f 4368 4370 4371
f 4370 4372 4373
f 4372 4374 4375
f 4374 4376 4377
f 4376 4378 4379
f 4378 4380 4381
f 4380 4382 4383
f 4382 4384 4385
f 4384 4386 4387
f 4386 4388 4389
f 4388 4390 4391
f 4390 4392 4393
f 4392 4394 4395
f 4394 4396 4397
f 4396 4398 4399
f 4400 4401 4402
f 4401 4403 4404
f 4403 4405 4406
f 4405 4407 4408
f 4407 4409 4410
f 4409 4411 4412
f 4411 4413 4414
f 4413 4415 4416
f 4415 4417 4418
f 4419 4420 4421
f 4420 4422 4423
f 4424 4425 4426
f 4425 4427 4428
f 4427 4429 4430
f 4431 4432 4433
f 4432 4434 4435
f 4434 4436 4437
f 4436 4438 4439
f 4438 4440 4441
f 4440 4442 4443
f 4442 4444 4445
f 4446 4447 4448
f 4447 4449 4450
f 4449 4451 4452
f 4451 4453 4454
f 4453 4455 4456
f 4455 4457 4458
f 4457 4459 4460
f 4459 4461 4462
f 4461 4463 4464
f 4463 4465 4466
f 4465 4467 4468
f 4467 4469 4470
f 4469 4368 4367
f 4368 4372 4370
f 4372 4376 4374
f 4376 4380 4378
f 4380 4384 4382
f 4384 4388 4386
f 4388 4392 4390
f 4392 4396 4394
f 4396 4400 4398
f 4400 4403 4401
f 4405 4409 4407
f 4409 4413 4411
f 4413 4417 4415
f 4471 4420 4419
f 4424 4427 4425
f 4427 4472 4429
f 4473 4432 4431
f 4432 4436 4434
f 4436 4440 4438
f 4440 4444 4442
f 4444 4447 4446
f 4447 4451 4449
f 4451 4455 4453
f 4455 4459 4457
f 4459 4463 4461
f 4463 4467 4465
f 4467 4368 4469
f 4368 4376 4372
f 4376 4384 4380
f 4384 4392 4388
f 4392 4400 4396
f 4400 4405 4403
f 4405 4413 4409
f 4413 4474 4417
f 4471 4422 4420
f 4424 4472 4427
f 4473 4436 4432
f 4436 4444 4440
f 4444 4451 4447
f 4451 4459 4455
f 4459 4467 4463
f 4467 4376 4368
f 4376 4392 4384
f 4392 4405 4400
f 4405 4474 4413
f 4475 4422 4471
f 4476 4472 4424
f 4477 4436 4473
f 4436 4451 4444
f 4451 4467 4459
f 4467 4392 4376
f 4392 4474 4405
f 4478 4422 4475
f 4479 4472 4476
f 4480 4436 4477
f 4436 4467 4451
f 4467 4474 4392
f 4478 4481 4422
f 4479 4482 4472
f 4480 4467 4436
f 4467 4483 4474
f 4478 4479 4481
f 4479 4480 4482
f 4467 4484 4483
f 4479 4467 4480
f 4467 4485 4484
f 4478 4467 4479
f 4467 4486 4485
f 4487 4467 4478
f 4467 4488 4486
f 4488 4467 4487
f 4245 4368 4249
f 4249 4368 4371
f 4249 4371 4248
f 4248 4371 4370
f 4248 4370 4251
f 4251 4370 4373
f 4251 4373 4250
f 4250 4373 4372
f 4250 4372 4253
f 4253 4372 4375
f 4253 4375 4252
f 4252 4375 4374
f 4252 4374 4255
f 4255 4374 4377
f 4255 4377 4254
f 4254 4377 4376
f 4254 4376 4257
f 4257 4376 4379
f 4257 4379 4256
f 4256 4379 4378
f 4256 4378 4259
f 4259 4378 4381
f 4259 4381 4258
f 4258 4381 4380
f 4258 4380 4261
f 4261 4380 4383
f 4261 4383 4260
f 4260 4383 4382
f 4260 4382 4263
f 4263 4382 4385
f 4263 4385 4262
f 4262 4385 4384
f 4262 4384 4265
f 4265 4384 4387
f 4265 4387 4264
f 4264 4387 4386
f 4264 4386 4267
f 4267 4386 4389
f 4267 4389 4266
f 4266 4389 4388
f 4266 4388 4269
f 4269 4388 4391
f 4269 4391 4268
f 4268 4391 4390
f 4268 4390 4271
f 4271 4390 4393
f 4271 4393 4270
f 4270 4393 4392
f 4270 4392 4273
f 4273 4392 4395
f 4273 4395 4272
f 4272 4395 4394
f 4272 4394 4275
f 4275 4394 4397
f 4275 4397 4274
f 4274 4397 4396
f 4274 4396 4277
f 4277 4396 4399
f 4277 4399 4276
f 4276 4399 4398
f 4276 4398 4279
f 4279 4398 4400
f 4279 4400 4280
f 4280 4400 4402
f 4280 4402 4278
f 4278 4402 4401
f 4278 4401 4282
f 4282 4401 4404
f 4282 4404 4281
f 4281 4404 4403
f 4281 4403 4284
f 4284 4403 4406
f 4284 4406 4283
f 4283 4406 4405
f 4283 4405 4286
f 4286 4405 4408
f 4286 4408 4285
f 4285 4408 4407
f 4285 4407 4288
f 4288 4407 4410
f 4288 4410 4287
f 4287 4410 4409
f 4287 4409 4290
f 4290 4409 4412
f 4290 4412 4289
f 4289 4412 4411
f 4289 4411 4292
f 4292 4411 4414
f 4292 4414 4291
f 4291 4414 4413
f 4291 4413 4294
f 4294 4413 4416
f 4294 4416 4293
f 4293 4416 4415
f 4293 4415 4296
f 4296 4415 4418
f 4296 4418 4295
f 4295 4418 4417
f 4295 4417 4352
f 4352 4417 4474
f 4352 4474 4361
f 4361 4474 4483
f 4361 4483 4362
f 4362 4483 4484
f 4362 4484 4363
f 4363 4484 4485
f 4363 4485 4364
f 4364 4485 4486
f 4364 4486 4366
f 4366 4486 4488
f 4366 4488 4365
f 4365 4488 4487
f 4365 4487 4356
f 4356 4487 4478
f 4356 4478 4353
f 4353 4478 4475
f 4353 4475 4349
f 4349 4475 4471
f 4349 4471 4298
f 4298 4471 4419
f 4298 4419 4299
f 4299 4419 4421
f 4299 4421 4297
f 4297 4421 4420
f 4297 4420 4301
f 4301 4420 4423
f 4301 4423 4300
f 4300 4423 4422
f 4300 4422 4359
f 4359 4422 4481
f 4359 4481 4357
f 4357 4481 4479
f 4357 4479 4354
f 4354 4479 4476
f 4354 4476 4303
f 4303 4476 4424
f 4303 4424 4304
f 4304 4424 4426
f 4304 4426 4302
f 4302 4426 4425
f 4302 4425 4306
f 4306 4425 4428
f 4306 4428 4305
f 4305 4428 4427
f 4305 4427 4308
f 4308 4427 4430
f 4308 4430 4307
f 4307 4430 4429
f 4307 4429 4350
f 4350 4429 4472
f 4350 4472 4360
f 4360 4472 4482
f 4360 4482 4358
f 4358 4482 4480
f 4358 4480 4355
f 4355 4480 4477
f 4355 4477 4351
f 4351 4477 4473
f 4351 4473 4310
f 4310 4473 4431
f 4310 4431 4311
f 4311 4431 4433
f 4311 4433 4309
f 4309 4433 4432
f 4309 4432 4313
f 4313 4432 4435
f 4313 4435 4312
f 4312 4435 4434
f 4312 4434 4315
f 4315 4434 4437
f 4315 4437 4314
f 4314 4437 4436
f 4314 4436 4317
f 4317 4436 4439
f 4317 4439 4316
f 4316 4439 4438
f 4316 4438 4319
f 4319 4438 4441
f 4319 4441 4318
f 4318 4441 4440
f 4318 4440 4321
f 4321 4440 4443
f 4321 4443 4320
f 4320 4443 4442
f 4320 4442 4323
f 4323 4442 4445
f 4323 4445 4322
f 4322 4445 4444
f 4322 4444 4325
f 4325 4444 4446
f 4325 4446 4326
f 4326 4446 4448
f 4326 4448 4324
f 4324 4448 4447
f 4324 4447 4328
f 4328 4447 4450
f 4328 4450 4327
f 4327 4450 4449
f 4327 4449 4330
f 4330 4449 4452
f 4330 4452 4329
f 4329 4452 4451
f 4329 4451 4332
f 4332 4451 4454
f 4332 4454 4331
f 4331 4454 4453
f 4331 4453 4334
f 4334 4453 4456
f 4334 4456 4333
f 4333 4456 4455
f 4333 4455 4336
f 4336 4455 4458
f 4336 4458 4335
f 4335 4458 4457
f 4335 4457 4338
f 4338 4457 4460
f 4338 4460 4337
f 4337 4460 4459
f 4337 4459 4340
f 4340 4459 4462
f 4340 4462 4339
f 4339 4462 4461
f 4339 4461 4342
f 4342 4461 4464
f 4342 4464 4341
f 4341 4464 4463
f 4341 4463 4344
f 4344 4463 4466
f 4344 4466 4343
f 4343 4466 4465
f 4343 4465 4346
f 4346 4465 4468
f 4346 4468 4345
f 4345 4468 4467
f 4345 4467 4348
f 4348 4467 4470
f 4348 4470 4347
f 4347 4470 4469
f 4347 4469 4246
f 4246 4469 4367
f 4246 4367 4247
f 4247 4367 4369
f 4247 4369 4245
f 4245 4369 4368
o 
v 56.59 0 -0.12
v 57.911 0 -0.106
v 57.095 0 -0.1
v 54.764 0 -0.759
v 55.673 0 -0.337
v 53.086 0 -2.121
v 53.891 0 -1.363
v 51.8 0 -4
v 52.379 0 -3.008
v 51.606 0 -4.415
v 51.689 0 -4.233
v 51.477 0 -4.759
v 51.54 0 -4.579
v 51.31 0 -5.3
v 51.405 0 -4.988
v 51.043 0 -6.593
v 51.15 0 -5.902
v 50.944 0 -9.487
v 50.978 0 -7.685
v 50.93 0 -16.46
v 50.932 0 -12.308
v 50.939 0 -21.897
v 50.932 0 -19.128
v 50.961 0 -27.173
v 50.949 0 -24.626
v 50.99 0 -31.15
v 50.975 0 -29.394
v 51.034 0 -34.849
v 51.013 0 -33.352
v 51.093 0 -36.288
v 51.059 0 -35.781
v 51.21 0 -36.58
v 51.142 0 -36.508
v 51.422 0 -36.621
v 51.287 0 -36.601
v 51.821 0 -36.659
v 51.604 0 -36.641
v 52.32 0 -36.68
v 52.063 0 -36.672
v 53.001 0 -36.677
v 52.722 0 -36.683
v 53.333 0 -36.613
v 53.193 0 -36.656
v 53.6 0 -36.43
v 53.457 0 -36.539
v 54.259 0 -35.698
v 53.919 0 -36.126
v 55.034 0 -34.422
v 54.629 0 -35.134
v 55.98 0 -32.51
v 55.482 0 -33.551
v 56.263 0 -31.894
v 56.122 0 -32.202
v 56.543 0 -31.276
v 56.404 0 -31.585
v 56.82 0 -30.657
v 56.682 0 -30.966
v 57.093 0 -30.036
v 56.957 0 -30.346
v 57.363 0 -29.414
v 57.229 0 -29.725
v 57.63 0 -28.79
v 57.497 0 -29.102
v 59.33 0 -24.82
v 58.38 0 -27.01
v 58.68 0 -26.34
v 61.146 0 -21.061
v 60.421 0 -22.534
v 60.69 0 -21.99
v 61.697 0 -19.911
v 61.469 0 -20.397
v 62.029 0 -19.124
v 61.871 0 -19.516
v 63.16 0 -16.37
v 62.62 0 -17.6
v 62.87 0 -17.05
v 63.63 0 -15.277
v 63.56 0 -15.44
v 64.65 0 -12.97
v 63.95 0 -14.541
v 64.02 0 -14.39
v 64.868 0 -12.37
v 64.742 0 -12.727
v 65.152 0 -11.514
v 65.01 0 -11.949
v 65.37 0 -10.8
v 65.278 0 -11.114
v 65.802 0 -9.242
v 65.54 0 -10.2
v 66.091 0 -7.474
v 65.986 0 -8.328
v 66.064 0 -6.009
v 66.118 0 -6.696
v 65.652 0 -4.734
v 65.93 0 -5.43
v 64.878 0 -3.299
v 65.293 0 -4.011
v 63.977 0 -2.06
v 64.431 0 -2.636
v 63.361 0 -1.456
v 63.54 0 -1.61
v 62.985 0 -1.17
v 63.176 0 -1.309
v 62.588 0 -0.913
v 62.789 0 -1.037
v 62.173 0 -0.688
v 62.383 0 -0.796
v 61.742 0 -0.495
v 61.959 0 -0.587
v 61.297 0 -0.336
v 61.521 0 -0.411
v 60.619 0 -0.219
v 61.07 0 -0.27
v 58.879 0 -0.131
v 59.835 0 -0.171
v 62.21 0 -18.65
v 63.872 0 -14.716
v 57.98 0 -27.94
v 60.151 0 -23.086
v 63.708 0 -15.094
v 63.79 0 -14.904
v 59.894 0 -23.619
v 59.663 0 -24.104
v 59.47 0 -24.514
v 57.911 10 -0.106
v 56.59 10 -0.12
v 57.095 10 -0.1
v 54.764 10 -0.759
v 55.673 10 -0.337
v 53.086 10 -2.121
v 53.891 10 -1.363
v 51.8 10 -4
v 52.379 10 -3.008
v 51.606 10 -4.415
v 51.689 10 -4.233
v 51.477 10 -4.759
v 51.54 10 -4.579
v 51.31 10 -5.3
v 51.405 10 -4.988
v 51.043 10 -6.593
v 51.15 10 -5.902
v 50.944 10 -9.487
v 50.978 10 -7.685
v 50.93 10 -16.46
v 50.932 10 -12.308
v 50.939 10 -21.897
v 50.932 10 -19.128
v 50.961 10 -27.173
v 50.949 10 -24.626
v 50.99 10 -31.15
v 50.975 10 -29.394
v 51.034 10 -34.849
v 51.013 10 -33.352
v 51.093 10 -36.288
v 51.059 10 -35.781
v 51.21 10 -36.58
v 51.142 10 -36.508
v 51.422 10 -36.621
v 51.287 10 -36.601
v 51.821 10 -36.659
v 51.604 10 -36.641
v 52.32 10 -36.68
v 52.063 10 -36.672
v 53.001 10 -36.677
v 52.722 10 -36.683
v 53.333 10 -36.613
v 53.193 10 -36.656
v 53.6 10 -36.43
v 53.457 10 -36.539
v 54.259 10 -35.698
v 53.919 10 -36.126
v 55.034 10 -34.422
v 54.629 10 -35.134
v 55.98 10 -32.51
v 55.482 10 -33.551
v 56.263 10 -31.894
v 56.122 10 -32.202
v 56.543 10 -31.276
v 56.404 10 -31.585
v 56.82 10 -30.657
v 56.682 10 -30.966
v 57.093 10 -30.036
v 56.957 10 -30.346
v 57.363 10 -29.414
v 57.229 10 -29.725
v 57.63 10 -28.79
v 57.497 10 -29.102
v 58.38 10 -27.01
v 59.33 10 -24.82
v 58.68 10 -26.34
v 60.421 10 -22.534
v 61.146 10 -21.061
v 60.69 10 -21.99
v 61.697 10 -19.911
v 61.469 10 -20.397
v 62.029 10 -19.124
v 61.871 10 -19.516
v 62.62 10 -17.6
v 63.16 10 -16.37
v 62.87 10 -17.05
v 63.63 10 -15.277
v 63.56 10 -15.44
v 63.95 10 -14.541
v 64.65 10 -12.97
v 64.02 10 -14.39
v 64.868 10 -12.37
v 64.742 10 -12.727
v 65.152 10 -11.514
v 65.01 10 -11.949
v 65.37 10 -10.8
v 65.278 10 -11.114
v 65.802 10 -9.242
v 65.54 10 -10.2
v 66.091 10 -7.474
v 65.986 10 -8.328
v 66.064 10 -6.009
v 66.118 10 -6.696
v 65.652 10 -4.734
v 65.93 10 -5.43
v 64.878 10 -3.299
v 65.293 10 -4.011
v 63.977 10 -2.06
v 64.431 10 -2.636
v 63.361 10 -1.456
v 63.54 10 -1.61
v 62.985 10 -1.17
v 63.176 10 -1.309
v 62.588 10 -0.913
v 62.789 10 -1.037
v 62.173 10 -0.688
v 62.383 10 -0.796
v 61.742 10 -0.495
v 61.959 10 -0.587
v 61.297 10 -0.336
v 61.521 10 -0.411
v 60.619 10 -0.219
v 61.07 10 -0.27
v 58.879 10 -0.131
v 59.835 10 -0.171
v 62.21 10 -18.65
v 63.872 10 -14.716
v 57.98 10 -27.94
v 60.151 10 -23.086
v 63.708 10 -15.094
v 63.79 10 -14.904
v 59.894 10 -23.619
v 59.663 10 -24.104
v 59.47 10 -24.514
f 4489 4490 4491
f 4492 4489 4493
f 4494 4492 4495
f 4496 4494 4497
f 4498 4496 4499
f 4500 4498 4501
f 4502 4500 4503
f 4504 4502 4505
f 4506 4504 4507
f 4508 4506 4509
f 4510 4508 4511
f 4512 4510 4513
f 4514 4512 4515
f 4516 4514 4517
f 4518 4516 4519
f 4520 4518 4521
f 4522 4520 4523
f 4524 4522 4525
f 4526 4524 4527
f 4528 4526 4529
f 4530 4528 4531
f 4532 4530 4533
f 4534 4532 4535
f 4536 4534 4537
f 4538 4536 4539
f 4540 4538 4541
f 4542 4540 4543
f 4544 4542 4545
f 4546 4544 4547
f 4548 4546 4549
f 4550 4548 4551
f 4552 4553 4554
f 4555 4556 4557
f 4558 4555 4559
f 4560 4558 4561
f 4562 4563 4564
f 4565 4562 4566
f 4567 4568 4569
f 4570 4567 4571
f 4572 4570 4573
f 4574 4572 4575
f 4576 4574 4577
f 4578 4576 4579
f 4580 4578 4581
f 4582 4580 4583
f 4584 4582 4585
f 4586 4584 4587
f 4588 4586 4589
f 4590 4588 4591
f 4592 4590 4593
f 4594 4592 4595
f 4596 4594 4597
f 4598 4596 4599
f 4600 4598 4601
f 4602 4600 4603
f 4489 4602 4490
f 4494 4489 4492
f 4498 4494 4496
f 4502 4498 4500
f 4506 4502 4504
f 4510 4506 4508
f 4514 4510 4512
f 4518 4514 4516
f 4522 4518 4520
f 4526 4522 4524
f 4530 4526 4528
f 4534 4530 4532
f 4538 4534 4536
f 4542 4538 4540
f 4546 4542 4544
f 4550 4546 4548
f 4558 4556 4555
f 4604 4558 4560
f 4565 4563 4562
f 4567 4605 4568
f 4572 4567 4570
f 4576 4572 4574
f 4580 4576 4578
f 4584 4580 4582
f 4588 4584 4586
f 4592 4588 4590
f 4596 4592 4594
f 4600 4596 4598
f 4489 4600 4602
f 4498 4489 4494
f 4506 4498 4502
f 4514 4506 4510
f 4522 4514 4518
f 4530 4522 4526
f 4538 4530 4534
f 4546 4538 4542
f 4606 4546 4550
f 4558 4607 4556
f 4563 4558 4604
f 4608 4563 4565
f 4572 4605 4567
f 4580 4572 4576
f 4588 4580 4584
f 4596 4588 4592
f 4489 4596 4600
f 4506 4489 4498
f 4522 4506 4514
f 4538 4522 4530
f 4606 4538 4546
f 4563 4607 4558
f 4609 4563 4608
f 4572 4609 4605
f 4588 4572 4580
f 4489 4588 4596
f 4522 4489 4506
f 4606 4522 4538
f 4563 4610 4607
f 4572 4563 4609
f 4489 4572 4588
f 4606 4489 4522
f 4563 4611 4610
f 4489 4563 4572
f 4553 4489 4606
f 4563 4612 4611
f 4552 4489 4553
f 4563 4552 4612
f 4552 4563 4489
f 4613 4614 4615
f 4614 4616 4617
f 4616 4618 4619
f 4618 4620 4621
f 4620 4622 4623
f 4622 4624 4625
f 4624 4626 4627
f 4626 4628 4629
f 4628 4630 4631
f 4630 4632 4633
f 4632 4634 4635
f 4634 4636 4637
f 4636 4638 4639
f 4638 4640 4641
f 4640 4642 4643
f 4642 4644 4645
f 4644 4646 4647
f 4646 4648 4649
f 4648 4650 4651
f 4650 4652 4653
f 4652 4654 4655
f 4654 4656 4657
f 4656 4658 4659
f 4658 4660 4661
f 4660 4662 4663
f 4662 4664 4665
f 4664 4666 4667
f 4666 4668 4669
f 4668 4670 4671
f 4670 4672 4673
f 4672 4674 4675
f 4676 4677 4678
f 4679 4680 4681
f 4680 4682 4683
f 4682 4684 4685
f 4686 4687 4688
f 4687 4689 4690
f 4691 4692 4693
f 4692 4694 4695
f 4694 4696 4697
f 4696 4698 4699
f 4698 4700 4701
f 4700 4702 4703
f 4702 4704 4705
f 4704 4706 4707
f 4706 4708 4709
f 4708 4710 4711
f 4710 4712 4713
f 4712 4714 4715
f 4714 4716 4717
f 4716 4718 4719
f 4718 4720 4721
f 4720 4722 4723
f 4722 4724 4725
f 4724 4726 4727
f 4726 4614 4613
f 4614 4618 4616
f 4618 4622 4620
f 4622 4626 4624
f 4626 4630 4628
f 4630 4634 4632
f 4634 4638 4636
f 4638 4642 4640
f 4642 4646 4644
f 4646 4650 4648
f 4650 4654 4652
f 4654 4658 4656
f 4658 4662 4660
f 4662 4666 4664
f 4666 4670 4668
f 4670 4674 4672
f 4679 4682 4680
f 4682 4728 4684
f 4686 4689 4687
f 4729 4692 4691
f 4692 4696 4694
f 4696 4700 4698
f 4700 4704 4702
f 4704 4708 4706
f 4708 4712 4710
f 4712 4716 4714
f 4716 4720 4718
f 4720 4724 4722
f 4724 4614 4726
f 4614 4622 4618
f 4622 4630 4626
f 4630 4638 4634
f 4638 4646 4642
f 4646 4654 4650
f 4654 4662 4658
f 4662 4670 4666
f 4670 4730 4674
f 4731 4682 4679
f 4682 4686 4728
f 4686 4732 4689
f 4729 4696 4692
f 4696 4704 4700
f 4704 4712 4708
f 4712 4720 4716
f 4720 4614 4724
f 4614 4630 4622
f 4630 4646 4638
f 4646 4662 4654
f 4662 4730 4670
f 4731 4686 4682
f 4686 4733 4732
f 4733 4696 4729
f 4696 4712 4704
f 4712 4614 4720
f 4614 4646 4630
f 4646 4730 4662
f 4734 4686 4731
f 4686 4696 4733
f 4696 4614 4712
f 4614 4730 4646
f 4735 4686 4734
f 4686 4614 4696
f 4614 4676 4730
f 4736 4686 4735
f 4614 4677 4676
f 4677 4686 4736
f 4686 4677 4614
f 4489 4614 4493
f 4493 4614 4617
f 4493 4617 4492
f 4492 4617 4616
f 4492 4616 4495
f 4495 4616 4619
f 4495 4619 4494
f 4494 4619 4618
f 4494 4618 4497
f 4497 4618 4621
f 4497 4621 4496
f 4496 4621 4620
f 4496 4620 4499
f 4499 4620 4623
f 4499 4623 4498
f 4498 4623 4622
f 4498 4622 4501
f 4501 4622 4625
f 4501 4625 4500
f 4500 4625 4624
f 4500 4624 4503
f 4503 4624 4627
f 4503 4627 4502
f 4502 4627 4626
f 4502 4626 4505
f 4505 4626 4629
f 4505 4629 4504
f 4504 4629 4628
f 4504 4628 4507
f 4507 4628 4631
f 4507 4631 4506
f 4506 4631 4630
f 4506 4630 4509
f 4509 4630 4633
f 4509 4633 4508
f 4508 4633 4632
f 4508 4632 4511
f 4511 4632 4635
f 4511 4635 4510
f 4510 4635 4634
f 4510 4634 4513
f 4513 4634 4637
f 4513 4637 4512
f 4512 4637 4636
f 4512 4636 4515
f 4515 4636 4639
f 4515 4639 4514
f 4514 4639 4638
f 4514 4638 4517
f 4517 4638 4641
f 4517 4641 4516
f 4516 4641 4640
f 4516 4640 4519
f 4519 4640 4643
f 4519 4643 4518
f 4518 4643 4642
f 4518 4642 4521
f 4521 4642 4645
f 4521 4645 4520
f 4520 4645 4644
f 4520 4644 4523
f 4523 4644 4647
f 4523 4647 4522
f 4522 4647 4646
f 4522 4646 4525
f 4525 4646 4649
f 4525 4649 4524
f 4524 4649 4648
f 4524 4648 4527
f 4527 4648 4651
f 4527 4651 4526
f 4526 4651 4650
f 4526 4650 4529
f 4529 4650 4653
f 4529 4653 4528
f 4528 4653 4652
f 4528 4652 4531
f 4531 4652 4655
f 4531 4655 4530
f 4530 4655 4654
f 4530 4654 4533
f 4533 4654 4657
f 4533 4657 4532
f 4532 4657 4656
f 4532 4656 4535
f 4535 4656 4659
f 4535 4659 4534
f 4534 4659 4658
f 4534 4658 4537
f 4537 4658 4661
f 4537 4661 4536
f 4536 4661 4660
f 4536 4660 4539
f 4539 4660 4663
f 4539 4663 4538
f 4538 4663 4662
f 4538 4662 4541
f 4541 4662 4665
f 4541 4665 4540
f 4540 4665 4664
f 4540 4664 4543
f 4543 4664 4667
f 4543 4667 4542
f 4542 4667 4666
f 4542 4666 4545
f 4545 4666 4669
f 4545 4669 4544
f 4544 4669 4668
f 4544 4668 4547
f 4547 4668 4671
f 4547 4671 4546
f 4546 4671 4670
f 4546 4670 4549
f 4549 4670 4673
f 4549 4673 4548
f 4548 4673 4672
f 4548 4672 4551
f 4551 4672 4675
f 4551 4675 4550
f 4550 4675 4674
f 4550 4674 4606
f 4606 4674 4730
f 4606 4730 4553
f 4553 4730 4676
f 4553 4676 4554
f 4554 4676 4678
f 4554 4678 4552
f 4552 4678 4677
f 4552 4677 4612
f 4612 4677 4736
f 4612 4736 4611
f 4611 4736 4735
f 4611 4735 4610
f 4610 4735 4734
f 4610 4734 4607
f 4607 4734 4731
f 4607 4731 4556
f 4556 4731 4679
f 4556 4679 4557
f 4557 4679 4681
f 4557 4681 4555
f 4555 4681 4680
f 4555 4680 4559
f 4559 4680 4683
f 4559 4683 4558
f 4558 4683 4682
f 4558 4682 4561
f 4561 4682 4685
f 4561 4685 4560
f 4560 4685 4684
f 4560 4684 4604
f 4604 4684 4728
f 4604 4728 4563
f 4563 4728 4686
f 4563 4686 4564
f 4564 4686 4688
f 4564 4688 4562
f 4562 4688 4687
f 4562 4687 4566
f 4566 4687 4690
f 4566 4690 4565
f 4565 4690 4689
f 4565 4689 4608
f 4608 4689 4732
f 4608 4732 4609
f 4609 4732 4733
f 4609 4733 4605
f 4605 4733 4729
f 4605 4729 4568
f 4568 4729 4691
f 4568 4691 4569
f 4569 4691 4693
f 4569 4693 4567
f 4567 4693 4692
f 4567 4692 4571
f 4571 4692 4695
f 4571 4695 4570
f 4570 4695 4694
f 4570 4694 4573
f 4573 4694 4697
f 4573 4697 4572
f 4572 4697 4696
f 4572 4696 4575
f 4575 4696 4699
f 4575 4699 4574
f 4574 4699 4698
f 4574 4698 4577
f 4577 4698 4701
f 4577 4701 4576
f 4576 4701 4700
f 4576 4700 4579
f 4579 4700 4703
f 4579 4703 4578
f 4578 4703 4702
f 4578 4702 4581
f 4581 4702 4705
f 4581 4705 4580
f 4580 4705 4704
f 4580 4704 4583
f 4583 4704 4707
f 4583 4707 4582
f 4582 4707 4706
f 4582 4706 4585
f 4585 4706 4709
f 4585 4709 4584
f 4584 4709 4708
f 4584 4708 4587
f 4587 4708 4711
f 4587 4711 4586
f 4586 4711 4710
f 4586 4710 4589
f 4589 4710 4713
f 4589 4713 4588
f 4588 4713 4712
f 4588 4712 4591
f 4591 4712 4715
f 4591 4715 4590
f 4590 4715 4714
f 4590 4714 4593
f 4593 4714 4717
f 4593 4717 4592
f 4592 4717 4716
f 4592 4716 4595
f 4595 4716 4719
f 4595 4719 4594
f 4594 4719 4718
f 4594 4718 4597
f 4597 4718 4721
f 4597 4721 4596
f 4596 4721 4720
f 4596 4720 4599
f 4599 4720 4723
f 4599 4723 4598
f 4598 4723 4722
f 4598 4722 4601
f 4601 4722 4725
f 4601 4725 4600
f 4600 4725 4724
f 4600 4724 4603
f 4603 4724 4727
f 4603 4727 4602
f 4602 4727 4726
f 4602 4726 4490
f 4490 4726 4613
f 4490 4613 4491
f 4491 4613 4615
f 4491 4615 4489
f 4489 4615 4614
o 
v 51.06 0 -63.52
v 51.181 0 -63.449
v 51.094 0 -63.477
v 51.043 0 -65.756
v 51.048 0 -64.122
v 51.05 0 -71.494
v 51.044 0 -68.265
v 51.08 0 -79.49
v 51.063 0 -75.288
v 51.46 0 -95.78
v 51.17 0 -95.33
v 52.207 0 -96.971
v 52.04 0 -96.71
v 52.577 0 -97.468
v 52.386 0 -97.224
v 52.99 0 -97.93
v 52.778 0 -97.704
v 53.444 0 -98.352
v 53.212 0 -98.146
v 53.935 0 -98.73
v 53.685 0 -98.546
v 54.458 0 -99.062
v 54.192 0 -98.902
v 55.375 0 -99.455
v 54.73 0 -99.21
v 56.923 0 -99.815
v 56.113 0 -99.658
v 58.664 0 -99.975
v 57.78 0 -99.922
v 59.84 0 -99.958
v 59.55 0 -99.97
v 60.377 0 -99.924
v 60.12 0 -99.942
v 60.775 0 -99.886
v 60.6 0 -99.905
v 61.009 0 -99.832
v 60.89 0 -99.87
v 61.464 0 -99.64
v 61.206 0 -99.753
v 62.102 0 -99.341
v 61.768 0 -99.5
v 63.181 0 -98.788
v 62.45 0 -99.17
v 64.175 0 -98.096
v 63.741 0 -98.444
v 64.836 0 -97.221
v 64.526 0 -97.703
v 65.375 0 -96.132
v 65.15 0 -96.61
v 65.72 0 -95.301
v 65.563 0 -95.7
v 65.958 0 -94.554
v 65.85 0 -94.923
v 66.108 0 -93.821
v 66.05 0 -94.18
v 66.156 0 -92.823
v 66.144 0 -93.35
v 66.114 0 -91.817
v 66.146 0 -92.293
v 66.029 0 -91.291
v 66.06 0 -91.45
v 65.96 0 -90.973
v 65.995 0 -91.132
v 65.883 0 -90.657
v 65.922 0 -90.815
v 65.798 0 -90.344
v 65.841 0 -90.5
v 65.705 0 -90.032
v 65.752 0 -90.188
v 65.604 0 -89.723
v 65.655 0 -89.878
v 65.486 0 -89.376
v 65.55 0 -89.57
v 65.519 0 -89.473
v 65.421 0 -89.194
v 65.452 0 -89.281
v 65.37 0 -89.06
v 65.393 0 -89.119
v 64.78 0 -87.529
v 64.9 0 -87.84
v 64.497 0 -86.835
v 64.643 0 -87.188
v 64.209 0 -86.168
v 64.35 0 -86.489
v 62.69 0 -82.77
v 63.21 0 -83.98
v 62.98 0 -83.42
v 60.976 0 -78.671
v 61.95 0 -80.99
v 61.22 0 -79.22
v 60.644 0 -77.938
v 60.787 0 -78.25
v 60.455 0 -77.558
v 60.536 0 -77.713
v 59.136 0 -74.629
v 59.33 0 -75.11
v 59.234 0 -74.869
v 58.939 0 -74.15
v 59.038 0 -74.39
v 58.737 0 -73.673
v 58.838 0 -73.911
v 58.532 0 -73.197
v 58.635 0 -73.435
v 58.323 0 -72.723
v 58.428 0 -72.959
v 58.11 0 -72.25
v 58.217 0 -72.486
v 57.975 0 -71.93
v 58.073 0 -72.155
v 57.671 0 -71.254
v 57.835 0 -71.615
v 57.35 0 -70.56
v 57.504 0 -70.888
v 56.317 0 -68.281
v 56.42 0 -68.53
v 56.393 0 -68.457
v 56.053 0 -67.692
v 56.201 0 -68.02
v 55.69 0 -66.91
v 55.879 0 -67.316
v 55.11 0 -65.56
v 55.416 0 -66.291
v 55.41 0 -66.26
v 54.426 0 -64.012
v 54.593 0 -64.401
v 54.48 0 -64.13
v 54.3 0 -63.798
v 54.364 0 -63.899
v 54.174 0 -63.643
v 54.236 0 -63.711
v 54.03 0 -63.57
v 54.12 0 -63.6
v 53.625 0 -63.514
v 53.863 0 -63.541
v 52.953 0 -63.467
v 53.32 0 -63.489
v 51.996 0 -63.434
v 52.53 0 -63.45
v 51.345 0 -63.432
v 51.609 0 -63.428
v 57.16 0 -70.155
v 56.465 0 -68.639
v 55.443 0 -66.362
v 54.683 0 -64.614
v 64.08 0 -85.89
v 54.963 0 -65.244
v 60.39 0 -77.45
v 59.59 0 -75.738
v 56.583 0 -68.905
v 55.486 0 -66.465
v 54.765 0 -64.804
v 63.5 0 -84.63
v 55.613 0 -66.745
v 54.853 0 -65.003
v 60.284 0 -77.268
v 59.811 0 -76.259
v 55.544 0 -66.595
v 60.155 0 -77.014
v 56.953 0 -69.711
v 59.999 0 -76.681
v 56.754 0 -69.279
v 51.181 10 -63.449
v 51.06 10 -63.52
v 51.094 10 -63.477
v 51.043 10 -65.756
v 51.048 10 -64.122
v 51.05 10 -71.494
v 51.044 10 -68.265
v 51.08 10 -79.49
v 51.063 10 -75.288
v 51.46 10 -95.78
v 51.17 10 -95.33
v 52.207 10 -96.971
v 52.04 10 -96.71
v 52.577 10 -97.468
v 52.386 10 -97.224
v 52.99 10 -97.93
v 52.778 10 -97.704
v 53.444 10 -98.352
v 53.212 10 -98.146
v 53.935 10 -98.73
v 53.685 10 -98.546
v 54.458 10 -99.062
v 54.192 10 -98.902
v 55.375 10 -99.455
v 54.73 10 -99.21
v 56.923 10 -99.815
v 56.113 10 -99.658
v 58.664 10 -99.975
v 57.78 10 -99.922
v 59.84 10 -99.958
v 59.55 10 -99.97
v 60.377 10 -99.924
v 60.12 10 -99.942
v 60.775 10 -99.886
v 60.6 10 -99.905
v 61.009 10 -99.832
v 60.89 10 -99.87
v 61.464 10 -99.64
v 61.206 10 -99.753
v 62.102 10 -99.341
v 61.768 10 -99.5
v 63.181 10 -98.788
v 62.45 10 -99.17
v 64.175 10 -98.096
v 63.741 10 -98.444
v 64.836 10 -97.221
v 64.526 10 -97.703
v 65.375 10 -96.132
v 65.15 10 -96.61
v 65.72 10 -95.301
v 65.563 10 -95.7
v 65.958 10 -94.554
v 65.85 10 -94.923
v 66.108 10 -93.821
v 66.05 10 -94.18
v 66.156 10 -92.823
v 66.144 10 -93.35
v 66.114 10 -91.817
v 66.146 10 -92.293
v 66.029 10 -91.291
v 66.06 10 -91.45
v 65.96 10 -90.973
v 65.995 10 -91.132
v 65.883 10 -90.657
v 65.922 10 -90.815
v 65.798 10 -90.344
v 65.841 10 -90.5
v 65.705 10 -90.032
v 65.752 10 -90.188
v 65.604 10 -89.723
v 65.655 10 -89.878
v 65.55 10 -89.57
v 65.486 10 -89.376
v 65.519 10 -89.473
v 65.421 10 -89.194
v 65.452 10 -89.281
v 65.37 10 -89.06
v 65.393 10 -89.119
v 64.78 10 -87.529
v 64.9 10 -87.84
v 64.497 10 -86.835
v 64.643 10 -87.188
v 64.209 10 -86.168
v 64.35 10 -86.489
v 63.21 10 -83.98
v 62.69 10 -82.77
v 62.98 10 -83.42
v 61.95 10 -80.99
v 60.976 10 -78.671
v 61.22 10 -79.22
v 60.644 10 -77.938
v 60.787 10 -78.25
v 60.455 10 -77.558
v 60.536 10 -77.713
v 59.33 10 -75.11
v 59.136 10 -74.629
v 59.234 10 -74.869
v 58.939 10 -74.15
v 59.038 10 -74.39
v 58.737 10 -73.673
v 58.838 10 -73.911
v 58.532 10 -73.197
v 58.635 10 -73.435
v 58.323 10 -72.723
v 58.428 10 -72.959
v 58.11 10 -72.25
v 58.217 10 -72.486
v 57.975 10 -71.93
v 58.073 10 -72.155
v 57.671 10 -71.254
v 57.835 10 -71.615
v 57.35 10 -70.56
v 57.504 10 -70.888
v 56.42 10 -68.53
v 56.317 10 -68.281
v 56.393 10 -68.457
v 56.053 10 -67.692
v 56.201 10 -68.02
v 55.69 10 -66.91
v 55.879 10 -67.316
v 55.416 10 -66.291
v 55.11 10 -65.56
v 55.41 10 -66.26
v 54.593 10 -64.401
v 54.426 10 -64.012
v 54.48 10 -64.13
v 54.3 10 -63.798
v 54.364 10 -63.899
v 54.174 10 -63.643
v 54.236 10 -63.711
v 54.03 10 -63.57
v 54.12 10 -63.6
v 53.625 10 -63.514
v 53.863 10 -63.541
v 52.953 10 -63.467
v 53.32 10 -63.489
v 51.996 10 -63.434
v 52.53 10 -63.45
v 51.345 10 -63.432
v 51.609 10 -63.428
v 57.16 10 -70.155
v 56.465 10 -68.639
v 55.443 10 -66.362
v 54.683 10 -64.614
v 64.08 10 -85.89
v 54.963 10 -65.244
v 60.39 10 -77.45
v 59.59 10 -75.738
v 56.583 10 -68.905
v 55.486 10 -66.465
v 54.765 10 -64.804
v 63.5 10 -84.63
v 55.613 10 -66.745
v 54.853 10 -65.003
v 60.284 10 -77.268
v 59.811 10 -76.259
v 55.544 10 -66.595
v 60.155 10 -77.014
v 56.953 10 -69.711
v 59.999 10 -76.681
v 56.754 10 -69.279
f 4737 4738 4739
f 4740 4737 4741
f 4742 4740 4743
f 4744 4742 4745
f 4746 4744 4747
f 4748 4746 4749
f 4750 4748 4751
f 4752 4750 4753
f 4754 4752 4755
f 4756 4754 4757
f 4758 4756 4759
f 4760 4758 4761
f 4762 4760 4763
f 4764 4762 4765
f 4766 4764 4767
f 4768 4766 4769
f 4770 4768 4771
f 4772 4770 4773
f 4774 4772 4775
f 4776 4774 4777
f 4778 4776 4779
f 4780 4778 4781
f 4782 4780 4783
f 4784 4782 4785
f 4786 4784 4787
f 4788 4786 4789
f 4790 4788 4791
f 4792 4790 4793
f 4794 4792 4795
f 4796 4794 4797
f 4798 4796 4799
f 4800 4798 4801
f 4802 4800 4803
f 4804 4802 4805
f 4806 4804 4807
f 4808 4809 4810
f 4811 4808 4812
f 4813 4811 4814
f 4815 4813 4816
f 4817 4815 4818
f 4819 4817 4820
f 4821 4822 4823
f 4824 4825 4826
f 4827 4824 4828
f 4829 4827 4830
f 4831 4832 4833
f 4834 4831 4835
f 4836 4834 4837
f 4838 4836 4839
f 4840 4838 4841
f 4842 4840 4843
f 4844 4842 4845
f 4846 4844 4847
f 4848 4846 4849
f 4850 4851 4852
f 4853 4850 4854
f 4855 4853 4856
f 4857 4858 4859
f 4860 4861 4862
f 4863 4860 4864
f 4865 4863 4866
f 4867 4865 4868
f 4869 4867 4870
f 4871 4869 4872
f 4873 4871 4874
f 4875 4873 4876
f 4737 4875 4738
f 4742 4737 4740
f 4746 4742 4744
f 4750 4746 4748
f 4754 4750 4752
f 4758 4754 4756
f 4762 4758 4760
f 4766 4762 4764
f 4770 4766 4768
f 4774 4770 4772
f 4778 4774 4776
f 4782 4778 4780
f 4786 4782 4784
f 4790 4786 4788
f 4794 4790 4792
f 4798 4794 4796
f 4802 4798 4800
f 4806 4802 4804
f 4811 4809 4808
f 4815 4811 4813
f 4819 4815 4817
f 4824 4821 4825
f 4829 4824 4827
f 4834 4832 4831
f 4838 4834 4836
f 4842 4838 4840
f 4846 4842 4844
f 4877 4846 4848
f 4850 4878 4851
f 4855 4850 4853
f 4857 4879 4858
f 4860 4880 4861
f 4865 4860 4863
f 4869 4865 4867
f 4873 4869 4871
f 4737 4873 4875
f 4746 4737 4742
f 4754 4746 4750
f 4762 4754 4758
f 4770 4762 4766
f 4778 4770 4774
f 4786 4778 4782
f 4794 4786 4790
f 4802 4794 4798
f 4809 4802 4806
f 4815 4809 4811
f 4881 4815 4819
f 4829 4821 4824
f 4838 4832 4834
f 4877 4842 4846
f 4855 4878 4850
f 4882 4879 4857
f 4865 4880 4860
f 4873 4865 4869
f 4746 4873 4737
f 4762 4746 4754
f 4778 4762 4770
f 4794 4778 4786
f 4809 4794 4802
f 4881 4809 4815
f 4883 4821 4829
f 4838 4884 4832
f 4877 4838 4842
f 4855 4885 4878
f 4882 4886 4879
f 4865 4887 4880
f 4746 4865 4873
f 4778 4746 4762
f 4809 4778 4794
f 4888 4809 4881
f 4883 4822 4821
f 4877 4884 4838
f 4889 4885 4855
f 4890 4886 4882
f 4865 4890 4887
f 4778 4865 4746
f 4888 4778 4809
f 4891 4822 4883
f 4877 4892 4884
f 4893 4885 4889
f 4865 4886 4890
f 4822 4778 4888
f 4894 4822 4891
f 4895 4892 4877
f 4865 4893 4886
f 4822 4865 4778
f 4896 4822 4894
f 4897 4892 4895
f 4865 4885 4893
f 4896 4865 4822
f 4885 4892 4897
f 4892 4865 4896
f 4865 4892 4885
f 4898 4899 4900
f 4899 4901 4902
f 4901 4903 4904
f 4903 4905 4906
f 4905 4907 4908
f 4907 4909 4910
f 4909 4911 4912
f 4911 4913 4914
f 4913 4915 4916
f 4915 4917 4918
f 4917 4919 4920
f 4919 4921 4922
f 4921 4923 4924
f 4923 4925 4926
f 4925 4927 4928
f 4927 4929 4930
f 4929 4931 4932
f 4931 4933 4934
f 4933 4935 4936
f 4935 4937 4938
f 4937 4939 4940
f 4939 4941 4942
f 4941 4943 4944
f 4943 4945 4946
f 4945 4947 4948
f 4947 4949 4950
f 4949 4951 4952
f 4951 4953 4954
f 4953 4955 4956
f 4955 4957 4958
f 4957 4959 4960
f 4959 4961 4962
f 4961 4963 4964
f 4963 4965 4966
f 4965 4967 4968
f 4969 4970 4971
f 4970 4972 4973
f 4972 4974 4975
f 4974 4976 4977
f 4976 4978 4979
f 4978 4980 4981
f 4982 4983 4984
f 4985 4986 4987
f 4986 4988 4989
f 4988 4990 4991
f 4992 4993 4994
f 4993 4995 4996
f 4995 4997 4998
f 4997 4999 5000
f 4999 5001 5002
f 5001 5003 5004
f 5003 5005 5006
f 5005 5007 5008
f 5007 5009 5010
f 5011 5012 5013
f 5012 5014 5015
f 5014 5016 5017
f 5018 5019 5020
f 5021 5022 5023
f 5022 5024 5025
f 5024 5026 5027
f 5026 5028 5029
f 5028 5030 5031
f 5030 5032 5033
f 5032 5034 5035
f 5034 5036 5037
f 5036 4899 4898
f 4899 4903 4901
f 4903 4907 4905
f 4907 4911 4909
f 4911 4915 4913
f 4915 4919 4917
f 4919 4923 4921
f 4923 4927 4925
f 4927 4931 4929
f 4931 4935 4933
f 4935 4939 4937
f 4939 4943 4941
f 4943 4947 4945
f 4947 4951 4949
f 4951 4955 4953
f 4955 4959 4957
f 4959 4963 4961
f 4963 4967 4965
f 4969 4972 4970
f 4972 4976 4974
f 4976 4980 4978
f 4983 4986 4985
f 4986 4990 4988
f 4992 4995 4993
f 4995 4999 4997
f 4999 5003 5001
f 5003 5007 5005
f 5007 5038 5009
f 5039 5012 5011
f 5012 5016 5014
f 5040 5019 5018
f 5041 5022 5021
f 5022 5026 5024
f 5026 5030 5028
f 5030 5034 5032
f 5034 4899 5036
f 4899 4907 4903
f 4907 4915 4911
f 4915 4923 4919
f 4923 4931 4927
f 4931 4939 4935
f 4939 4947 4943
f 4947 4955 4951
f 4955 4963 4959
f 4963 4969 4967
f 4969 4976 4972
f 4976 5042 4980
f 4983 4990 4986
f 4992 4999 4995
f 5003 5038 5007
f 5039 5016 5012
f 5040 5043 5019
f 5041 5026 5022
f 5026 5034 5030
f 5034 4907 4899
f 4907 4923 4915
f 4923 4939 4931
f 4939 4955 4947
f 4955 4969 4963
f 4969 5042 4976
f 4983 5044 4990
f 5045 4999 4992
f 4999 5038 5003
f 5046 5016 5039
f 5047 5043 5040
f 5048 5026 5041
f 5026 4907 5034
f 4907 4939 4923
f 4939 4969 4955
f 4969 5049 5042
f 4982 5044 4983
f 5045 5038 4999
f 5046 5050 5016
f 5047 5051 5043
f 5051 5026 5048
f 5026 4939 4907
f 4939 5049 4969
f 4982 5052 5044
f 5053 5038 5045
f 5046 5054 5050
f 5047 5026 5051
f 4939 4982 5049
f 4982 5055 5052
f 5053 5056 5038
f 5054 5026 5047
f 5026 4982 4939
f 4982 5057 5055
f 5053 5058 5056
f 5046 5026 5054
f 5026 5057 4982
f 5053 5046 5058
f 5026 5053 5057
f 5053 5026 5046
f 4737 4899 4741
f 4741 4899 4902
f 4741 4902 4740
f 4740 4902 4901
f 4740 4901 4743
f 4743 4901 4904
f 4743 4904 4742
f 4742 4904 4903
f 4742 4903 4745
f 4745 4903 4906
f 4745 4906 4744
f 4744 4906 4905
f 4744 4905 4747
f 4747 4905 4908
f 4747 4908 4746
f 4746 4908 4907
f 4746 4907 4749
f 4749 4907 4910
f 4749 4910 4748
f 4748 4910 4909
f 4748 4909 4751
f 4751 4909 4912
f 4751 4912 4750
f 4750 4912 4911
f 4750 4911 4753
f 4753 4911 4914
f 4753 4914 4752
f 4752 4914 4913
f 4752 4913 4755
f 4755 4913 4916
f 4755 4916 4754
f 4754 4916 4915
f 4754 4915 4757
f 4757 4915 4918
f 4757 4918 4756
f 4756 4918 4917
f 4756 4917 4759
f 4759 4917 4920
f 4759 4920 4758
f 4758 4920 4919
f 4758 4919 4761
f 4761 4919 4922
f 4761 4922 4760
f 4760 4922 4921
f 4760 4921 4763
f 4763 4921 4924
f 4763 4924 4762
f 4762 4924 4923
f 4762 4923 4765
f 4765 4923 4926
f 4765 4926 4764
f 4764 4926 4925
f 4764 4925 4767
f 4767 4925 4928
f 4767 4928 4766
f 4766 4928 4927
f 4766 4927 4769
f 4769 4927 4930
f 4769 4930 4768
f 4768 4930 4929
f 4768 4929 4771
f 4771 4929 4932
f 4771 4932 4770
f 4770 4932 4931
f 4770 4931 4773
f 4773 4931 4934
f 4773 4934 4772
f 4772 4934 4933
f 4772 4933 4775
f 4775 4933 4936
f 4775 4936 4774
f 4774 4936 4935
f 4774 4935 4777
f 4777 4935 4938
f 4777 4938 4776
f 4776 4938 4937
f 4776 4937 4779
f 4779 4937 4940
f 4779 4940 4778
f 4778 4940 4939
f 4778 4939 4781
f 4781 4939 4942
f 4781 4942 4780
f 4780 4942 4941
f 4780 4941 4783
f 4783 4941 4944
f 4783 4944 4782
f 4782 4944 4943
f 4782 4943 4785
f 4785 4943 4946
f 4785 4946 4784
f 4784 4946 4945
f 4784 4945 4787
f 4787 4945 4948
f 4787 4948 4786
f 4786 4948 4947
f 4786 4947 4789
f 4789 4947 4950
f 4789 4950 4788
f 4788 4950 4949
f 4788 4949 4791
f 4791 4949 4952
f 4791 4952 4790
f 4790 4952 4951
f 4790 4951 4793
f 4793 4951 4954
f 4793 4954 4792
f 4792 4954 4953
f 4792 4953 4795
f 4795 4953 4956
f 4795 4956 4794
f 4794 4956 4955
f 4794 4955 4797
f 4797 4955 4958
f 4797 4958 4796
f 4796 4958 4957
f 4796 4957 4799
f 4799 4957 4960
f 4799 4960 4798
f 4798 4960 4959
f 4798 4959 4801
f 4801 4959 4962
f 4801 4962 4800
f 4800 4962 4961
f 4800 4961 4803
f 4803 4961 4964
f 4803 4964 4802
f 4802 4964 4963
f 4802 4963 4805
f 4805 4963 4966
f 4805 4966 4804
f 4804 4966 4965
f 4804 4965 4807
f 4807 4965 4968
f 4807 4968 4806
f 4806 4968 4967
f 4806 4967 4809
f 4809 4967 4969
f 4809 4969 4810
f 4810 4969 4971
f 4810 4971 4808
f 4808 4971 4970
f 4808 4970 4812
f 4812 4970 4973
f 4812 4973 4811
f 4811 4973 4972
f 4811 4972 4814
f 4814 4972 4975
f 4814 4975 4813
f 4813 4975 4974
f 4813 4974 4816
f 4816 4974 4977
f 4816 4977 4815
f 4815 4977 4976
f 4815 4976 4818
f 4818 4976 4979
f 4818 4979 4817
f 4817 4979 4978
f 4817 4978 4820
f 4820 4978 4981
f 4820 4981 4819
f 4819 4981 4980
f 4819 4980 4881
f 4881 4980 5042
f 4881 5042 4888
f 4888 5042 5049
f 4888 5049 4822
f 4822 5049 4982
f 4822 4982 4823
f 4823 4982 4984
f 4823 4984 4821
f 4821 4984 4983
f 4821 4983 4825
f 4825 4983 4985
f 4825 4985 4826
f 4826 4985 4987
f 4826 4987 4824
f 4824 4987 4986
f 4824 4986 4828
f 4828 4986 4989
f 4828 4989 4827
f 4827 4989 4988
f 4827 4988 4830
f 4830 4988 4991
f 4830 4991 4829
f 4829 4991 4990
f 4829 4990 4883
f 4883 4990 5044
f 4883 5044 4891
f 4891 5044 5052
f 4891 5052 4894
f 4894 5052 5055
f 4894 5055 4896
f 4896 5055 5057
f 4896 5057 4892
f 4892 5057 5053
f 4892 5053 4884
f 4884 5053 5045
f 4884 5045 4832
f 4832 5045 4992
f 4832 4992 4833
f 4833 4992 4994
f 4833 4994 4831
f 4831 4994 4993
f 4831 4993 4835
f 4835 4993 4996
f 4835 4996 4834
f 4834 4996 4995
f 4834 4995 4837
f 4837 4995 4998
f 4837 4998 4836
f 4836 4998 4997
f 4836 4997 4839
f 4839 4997 5000
f 4839 5000 4838
f 4838 5000 4999
f 4838 4999 4841
f 4841 4999 5002
f 4841 5002 4840
f 4840 5002 5001
f 4840 5001 4843
f 4843 5001 5004
f 4843 5004 4842
f 4842 5004 5003
f 4842 5003 4845
f 4845 5003 5006
f 4845 5006 4844
f 4844 5006 5005
f 4844 5005 4847
f 4847 5005 5008
f 4847 5008 4846
f 4846 5008 5007
f 4846 5007 4849
f 4849 5007 5010
f 4849 5010 4848
f 4848 5010 5009
f 4848 5009 4877
f 4877 5009 5038
f 4877 5038 4895
f 4895 5038 5056
f 4895 5056 4897
f 4897 5056 5058
f 4897 5058 4885
f 4885 5058 5046
f 4885 5046 4878
f 4878 5046 5039
f 4878 5039 4851
f 4851 5039 5011
f 4851 5011 4852
f 4852 5011 5013
f 4852 5013 4850
f 4850 5013 5012
f 4850 5012 4854
f 4854 5012 5015
f 4854 5015 4853
f 4853 5015 5014
f 4853 5014 4856
f 4856 5014 5017
f 4856 5017 4855
f 4855 5017 5016
f 4855 5016 4889
f 4889 5016 5050
f 4889 5050 4893
f 4893 5050 5054
f 4893 5054 4886
f 4886 5054 5047
f 4886 5047 4879
f 4879 5047 5040
f 4879 5040 4858
f 4858 5040 5018
f 4858 5018 4859
f 4859 5018 5020
f 4859 5020 4857
f 4857 5020 5019
f 4857 5019 4882
f 4882 5019 5043
f 4882 5043 4890
f 4890 5043 5051
f 4890 5051 4887
f 4887 5051 5048
f 4887 5048 4880
f 4880 5048 5041
f 4880 5041 4861
f 4861 5041 5021
f 4861 5021 4862
f 4862 5021 5023
f 4862 5023 4860
f 4860 5023 5022
f 4860 5022 4864
f 4864 5022 5025
f 4864 5025 4863
f 4863 5025 5024
f 4863 5024 4866
f 4866 5024 5027
f 4866 5027 4865
f 4865 5027 5026
f 4865 5026 4868
f 4868 5026 5029
f 4868 5029 4867
f 4867 5029 5028
f 4867 5028 4870
f 4870 5028 5031
f 4870 5031 4869
f 4869 5031 5030
f 4869 5030 4872
f 4872 5030 5033
f 4872 5033 4871
f 4871 5033 5032
f 4871 5032 4874
f 4874 5032 5035
f 4874 5035 4873
f 4873 5035 5034
f 4873 5034 4876
f 4876 5034 5037
f 4876 5037 4875
f 4875 5037 5036
f 4875 5036 4738
f 4738 5036 4898
f 4738 4898 4739
f 4739 4898 4900
f 4739 4900 4737
f 4737 4900 4899
o 
v 48.37 0 -44.09
v 49.493 0 -43.922
v 48.862 0 -43.981
v 47.303 0 -44.63
v 47.831 0 -44.315
v 46.217 0 -45.577
v 46.77 0 -45.046
v 44.99 0 -47.03
v 45.629 0 -46.234
v 44.579 0 -47.799
v 44.762 0 -47.386
v 44.338 0 -48.821
v 44.438 0 -48.275
v 44.26 0 -50.15
v 44.279 0 -49.444
v 44.422 0 -51.71
v 44.296 0 -50.993
v 45.064 0 -52.994
v 44.669 0 -52.357
v 46.42 0 -54.46
v 45.638 0 -53.675
v 46.931 0 -54.919
v 46.677 0 -54.696
v 47.396 0 -55.294
v 47.174 0 -55.121
v 47.74 0 -55.52
v 47.587 0 -55.43
v 48.117 0 -55.675
v 47.932 0 -55.613
v 48.707 0 -55.732
v 48.355 0 -55.713
v 49.99 0 -55.74
v 49.232 0 -55.739
v 51.719 0 -55.681
v 50.999 0 -55.736
v 52.834 0 -55.162
v 52.285 0 -55.511
v 54.43 0 -53.67
v 53.504 0 -54.57
v 54.771 0 -53.287
v 54.593 0 -53.496
v 55.119 0 -52.83
v 54.951 0 -53.059
v 55.36 0 -52.44
v 55.26 0 -52.618
v 55.581 0 -51.843
v 55.485 0 -52.158
v 55.699 0 -51.053
v 55.651 0 -51.48
v 55.74 0 -49.95
v 55.728 0 -50.548
v 55.665 0 -48.491
v 55.727 0 -49.125
v 55.259 0 -47.452
v 55.52 0 -47.963
v 54.25 0 -46.14
v 54.846 0 -46.874
v 52.941 0 -44.495
v 53.14 0 -44.75
v 53.044 0 -44.61
v 52.679 0 -44.318
v 52.822 0 -44.4
v 52.28 0 -44.17
v 52.501 0 -44.244
v 50.944 0 -43.951
v 51.654 0 -44.038
v 50.205 0 -43.912
v 53.222 0 -44.867
v 53.359 0 -45.048
v 53.541 0 -45.28
v 53.758 0 -45.549
v 53.998 0 -45.84
v 49.493 10 -43.922
v 48.37 10 -44.09
v 48.862 10 -43.981
v 47.303 10 -44.63
v 47.831 10 -44.315
v 46.217 10 -45.577
v 46.77 10 -45.046
v 44.99 10 -47.03
v 45.629 10 -46.234
v 44.579 10 -47.799
v 44.762 10 -47.386
v 44.338 10 -48.821
v 44.438 10 -48.275
v 44.26 10 -50.15
v 44.279 10 -49.444
v 44.422 10 -51.71
v 44.296 10 -50.993
v 45.064 10 -52.994
v 44.669 10 -52.357
v 46.42 10 -54.46
v 45.638 10 -53.675
v 46.931 10 -54.919
v 46.677 10 -54.696
v 47.396 10 -55.294
v 47.174 10 -55.121
v 47.74 10 -55.52
v 47.587 10 -55.43
v 48.117 10 -55.675
v 47.932 10 -55.613
v 48.707 10 -55.732
v 48.355 10 -55.713
v 49.99 10 -55.74
v 49.232 10 -55.739
v 51.719 10 -55.681
v 50.999 10 -55.736
v 52.834 10 -55.162
v 52.285 10 -55.511
v 54.43 10 -53.67
v 53.504 10 -54.57
v 54.771 10 -53.287
v 54.593 10 -53.496
v 55.119 10 -52.83
v 54.951 10 -53.059
v 55.36 10 -52.44
v 55.26 10 -52.618
v 55.581 10 -51.843
v 55.485 10 -52.158
v 55.699 10 -51.053
v 55.651 10 -51.48
v 55.74 10 -49.95
v 55.728 10 -50.548
v 55.665 10 -48.491
v 55.727 10 -49.125
v 55.259 10 -47.452
v 55.52 10 -47.963
v 54.25 10 -46.14
v 54.846 10 -46.874
v 53.14 10 -44.75
v 52.941 10 -44.495
v 53.044 10 -44.61
v 52.679 10 -44.318
v 52.822 10 -44.4
v 52.28 10 -44.17
v 52.501 10 -44.244
v 50.944 10 -43.951
v 51.654 10 -44.038
v 50.205 10 -43.912
v 53.222 10 -44.867
v 53.359 10 -45.048
v 53.541 10 -45.28
v 53.758 10 -45.549
v 53.998 10 -45.84
f 5059 5060 5061
f 5062 5059 5063
f 5064 5062 5065
f 5066 5064 5067
f 5068 5066 5069
f 5070 5068 5071
f 5072 5070 5073
f 5074 5072 5075
f 5076 5074 5077
f 5078 5076 5079
f 5080 5078 5081
f 5082 5080 5083
f 5084 5082 5085
f 5086 5084 5087
f 5088 5086 5089
f 5090 5088 5091
f 5092 5090 5093
f 5094 5092 5095
f 5096 5094 5097
f 5098 5096 5099
f 5100 5098 5101
f 5102 5100 5103
f 5104 5102 5105
f 5106 5104 5107
f 5108 5106 5109
f 5110 5108 5111
f 5112 5110 5113
f 5114 5112 5115
f 5116 5117 5118
f 5119 5116 5120
f 5121 5119 5122
f 5123 5121 5124
f 5060 5123 5125
f 5062 5060 5059
f 5066 5062 5064
f 5070 5066 5068
f 5074 5070 5072
f 5078 5074 5076
f 5082 5078 5080
f 5086 5082 5084
f 5090 5086 5088
f 5094 5090 5092
f 5098 5094 5096
f 5102 5098 5100
f 5106 5102 5104
f 5110 5106 5108
f 5114 5110 5112
f 5116 5126 5117
f 5121 5116 5119
f 5060 5121 5123
f 5066 5060 5062
f 5074 5066 5070
f 5082 5074 5078
f 5090 5082 5086
f 5098 5090 5094
f 5106 5098 5102
f 5114 5106 5110
f 5121 5126 5116
f 5066 5121 5060
f 5082 5066 5074
f 5098 5082 5090
f 5114 5098 5106
f 5121 5127 5126
f 5082 5121 5066
f 5114 5082 5098
f 5121 5128 5127
f 5114 5121 5082
f 5121 5129 5128
f 5130 5121 5114
f 5121 5130 5129
f 5131 5132 5133
f 5132 5134 5135
f 5134 5136 5137
f 5136 5138 5139
f 5138 5140 5141
f 5140 5142 5143
f 5142 5144 5145
f 5144 5146 5147
f 5146 5148 5149
f 5148 5150 5151
f 5150 5152 5153
f 5152 5154 5155
f 5154 5156 5157
f 5156 5158 5159
f 5158 5160 5161
f 5160 5162 5163
f 5162 5164 5165
f 5164 5166 5167
f 5166 5168 5169
f 5168 5170 5171
f 5170 5172 5173
f 5172 5174 5175
f 5174 5176 5177
f 5176 5178 5179
f 5178 5180 5181
f 5180 5182 5183
f 5182 5184 5185
f 5184 5186 5187
f 5188 5189 5190
f 5189 5191 5192
f 5191 5193 5194
f 5193 5195 5196
f 5195 5131 5197
f 5131 5134 5132
f 5134 5138 5136
f 5138 5142 5140
f 5142 5146 5144
f 5146 5150 5148
f 5150 5154 5152
f 5154 5158 5156
f 5158 5162 5160
f 5162 5166 5164
f 5166 5170 5168
f 5170 5174 5172
f 5174 5178 5176
f 5178 5182 5180
f 5182 5186 5184
f 5198 5189 5188
f 5189 5193 5191
f 5193 5131 5195
f 5131 5138 5134
f 5138 5146 5142
f 5146 5154 5150
f 5154 5162 5158
f 5162 5170 5166
f 5170 5178 5174
f 5178 5186 5182
f 5198 5193 5189
f 5193 5138 5131
f 5138 5154 5146
f 5154 5170 5162
f 5170 5186 5178
f 5199 5193 5198
f 5193 5154 5138
f 5154 5186 5170
f 5200 5193 5199
f 5193 5186 5154
f 5201 5193 5200
f 5193 5202 5186
f 5202 5193 5201
f 5059 5132 5063
f 5063 5132 5135
f 5063 5135 5062
f 5062 5135 5134
f 5062 5134 5065
f 5065 5134 5137
f 5065 5137 5064
f 5064 5137 5136
f 5064 5136 5067
f 5067 5136 5139
f 5067 5139 5066
f 5066 5139 5138
f 5066 5138 5069
f 5069 5138 5141
f 5069 5141 5068
f 5068 5141 5140
f 5068 5140 5071
f 5071 5140 5143
f 5071 5143 5070
f 5070 5143 5142
f 5070 5142 5073
f 5073 5142 5145
f 5073 5145 5072
f 5072 5145 5144
f 5072 5144 5075
f 5075 5144 5147
f 5075 5147 5074
f 5074 5147 5146
f 5074 5146 5077
f 5077 5146 5149
f 5077 5149 5076
f 5076 5149 5148
f 5076 5148 5079
f 5079 5148 5151
f 5079 5151 5078
f 5078 5151 5150
f 5078 5150 5081
f 5081 5150 5153
f 5081 5153 5080
f 5080 5153 5152
f 5080 5152 5083
f 5083 5152 5155
f 5083 5155 5082
f 5082 5155 5154
f 5082 5154 5085
f 5085 5154 5157
f 5085 5157 5084
f 5084 5157 5156
f 5084 5156 5087
f 5087 5156 5159
f 5087 5159 5086
f 5086 5159 5158
f 5086 5158 5089
f 5089 5158 5161
f 5089 5161 5088
f 5088 5161 5160
f 5088 5160 5091
f 5091 5160 5163
f 5091 5163 5090
f 5090 5163 5162
f 5090 5162 5093
f 5093 5162 5165
f 5093 5165 5092
f 5092 5165 5164
f 5092 5164 5095
f 5095 5164 5167
f 5095 5167 5094
f 5094 5167 5166
f 5094 5166 5097
f 5097 5166 5169
f 5097 5169 5096
f 5096 5169 5168
f 5096 5168 5099
f 5099 5168 5171
f 5099 5171 5098
f 5098 5171 5170
f 5098 5170 5101
f 5101 5170 5173
f 5101 5173 5100
f 5100 5173 5172
f 5100 5172 5103
f 5103 5172 5175
f 5103 5175 5102
f 5102 5175 5174
f 5102 5174 5105
f 5105 5174 5177
f 5105 5177 5104
f 5104 5177 5176
f 5104 5176 5107
f 5107 5176 5179
f 5107 5179 5106
f 5106 5179 5178
f 5106 5178 5109
f 5109 5178 5181
f 5109 5181 5108
f 5108 5181 5180
f 5108 5180 5111
f 5111 5180 5183
f 5111 5183 5110
f 5110 5183 5182
f 5110 5182 5113
f 5113 5182 5185
f 5113 5185 5112
f 5112 5185 5184
f 5112 5184 5115
f 5115 5184 5187
f 5115 5187 5114
f 5114 5187 5186
f 5114 5186 5130
f 5130 5186 5202
f 5130 5202 5129
f 5129 5202 5201
f 5129 5201 5128
f 5128 5201 5200
f 5128 5200 5127
f 5127 5200 5199
f 5127 5199 5126
f 5126 5199 5198
f 5126 5198 5117
f 5117 5198 5188
f 5117 5188 5118
f 5118 5188 5190
f 5118 5190 5116
f 5116 5190 5189
f 5116 5189 5120
f 5120 5189 5192
f 5120 5192 5119
f 5119 5192 5191
f 5119 5191 5122
f 5122 5191 5194
f 5122 5194 5121
f 5121 5194 5193
f 5121 5193 5124
f 5124 5193 5196
f 5124 5196 5123
f 5123 5196 5195
f 5123 5195 5125
f 5125 5195 5197
f 5125 5197 5060
f 5060 5197 5131
f 5060 5131 5061
f 5061 5131 5133
f 5061 5133 5059
f 5059 5133 5132
o 
v 56.07 0 -53.48
v 56.644 0 -53.288
v 56.342 0 -53.355
v 55.585 0 -53.809
v 55.824 0 -53.639
v 55.129 0 -54.177
v 55.353 0 -53.988
v 54.706 0 -54.582
v 54.913 0 -54.375
v 54.318 0 -55.022
v 54.508 0 -54.798
v 53.969 0 -55.492
v 54.139 0 -55.253
v 53.66 0 -55.99
v 53.809 0 -55.738
v 53.511 0 -56.34
v 53.574 0 -56.177
v 53.445 0 -56.68
v 53.47 0 -56.501
v 53.43 0 -57.17
v 53.433 0 -56.896
v 53.444 0 -57.644
v 53.433 0 -57.431
v 53.5 0 -57.976
v 53.465 0 -57.821
v 53.62 0 -58.27
v 53.55 0 -58.121
v 53.98 0 -58.865
v 53.788 0 -58.569
v 54.383 0 -59.369
v 54.184 0 -59.138
v 54.71 0 -59.63
v 54.563 0 -59.539
v 55.212 0 -59.588
v 54.938 0 -59.661
v 55.965 0 -59.082
v 55.549 0 -59.399
v 57.1 0 -58.02
v 56.476 0 -58.626
v 58.369 0 -56.699
v 57.729 0 -57.375
v 59.515 0 -55.434
v 58.978 0 -56.037
v 60.21 0 -54.58
v 59.939 0 -54.933
v 60.18 0 -54.22
v 60.4 0 -54.3
v 60.031 0 -54.181
v 60.112 0 -54.2
v 59.853 0 -54.149
v 59.943 0 -54.164
v 59.69 0 -54.13
v 59.767 0 -54.137
v 57.69 0 -53.426
v 58.452 0 -53.756
v 58.07 0 -53.58
v 56.972 0 -53.279
v 57.323 0 -53.325
v 59.512 0 -54.116
v 58.781 0 -53.896
v 59.064 0 -54.001
v 59.306 0 -54.074
v 56.644 10 -53.288
v 56.07 10 -53.48
v 56.342 10 -53.355
v 55.585 10 -53.809
v 55.824 10 -53.639
v 55.129 10 -54.177
v 55.353 10 -53.988
v 54.706 10 -54.582
v 54.913 10 -54.375
v 54.318 10 -55.022
v 54.508 10 -54.798
v 53.969 10 -55.492
v 54.139 10 -55.253
v 53.66 10 -55.99
v 53.809 10 -55.738
v 53.511 10 -56.34
v 53.574 10 -56.177
v 53.445 10 -56.68
v 53.47 10 -56.501
v 53.43 10 -57.17
v 53.433 10 -56.896
v 53.444 10 -57.644
v 53.433 10 -57.431
v 53.5 10 -57.976
v 53.465 10 -57.821
v 53.62 10 -58.27
v 53.55 10 -58.121
v 53.98 10 -58.865
v 53.788 10 -58.569
v 54.383 10 -59.369
v 54.184 10 -59.138
v 54.71 10 -59.63
v 54.563 10 -59.539
v 55.212 10 -59.588
v 54.938 10 -59.661
v 55.965 10 -59.082
v 55.549 10 -59.399
v 57.1 10 -58.02
v 56.476 10 -58.626
v 58.369 10 -56.699
v 57.729 10 -57.375
v 59.515 10 -55.434
v 58.978 10 -56.037
v 60.21 10 -54.58
v 59.939 10 -54.933
v 60.18 10 -54.22
v 60.4 10 -54.3
v 60.031 10 -54.181
v 60.112 10 -54.2
v 59.853 10 -54.149
v 59.943 10 -54.164
v 59.69 10 -54.13
v 59.767 10 -54.137
v 58.452 10 -53.756
v 57.69 10 -53.426
v 58.07 10 -53.58
v 56.972 10 -53.279
v 57.323 10 -53.325
v 59.512 10 -54.116
v 58.781 10 -53.896
v 59.064 10 -54.001
v 59.306 10 -54.074
f 5203 5204 5205
f 5206 5203 5207
f 5208 5206 5209
f 5210 5208 5211
f 5212 5210 5213
f 5214 5212 5215
f 5216 5214 5217
f 5218 5216 5219
f 5220 5218 5221
f 5222 5220 5223
f 5224 5222 5225
f 5226 5224 5227
f 5228 5226 5229
f 5230 5228 5231
f 5232 5230 5233
f 5234 5232 5235
f 5236 5234 5237
f 5238 5236 5239
f 5240 5238 5241
f 5242 5240 5243
f 5244 5242 5245
f 5246 5244 5247
f 5248 5246 5249
f 5250 5248 5251
f 5252 5250 5253
f 5254 5252 5255
f 5256 5257 5258
f 5259 5256 5260
f 5203 5259 5204
f 5208 5203 5206
f 5212 5208 5210
f 5216 5212 5214
f 5220 5216 5218
f 5224 5220 5222
f 5228 5224 5226
f 5232 5228 5230
f 5236 5232 5234
f 5240 5236 5238
f 5244 5240 5242
f 5248 5244 5246
f 5252 5248 5250
f 5261 5252 5254
f 5259 5257 5256
f 5208 5259 5203
f 5216 5208 5212
f 5224 5216 5220
f 5232 5224 5228
f 5240 5232 5236
f 5248 5240 5244
f 5261 5248 5252
f 5259 5262 5257
f 5216 5259 5208
f 5232 5216 5224
f 5248 5232 5240
f 5259 5263 5262
f 5232 5259 5216
f 5261 5232 5248
f 5232 5263 5259
f 5264 5232 5261
f 5232 5264 5263
f 5265 5266 5267
f 5266 5268 5269
f 5268 5270 5271
f 5270 5272 5273
f 5272 5274 5275
f 5274 5276 5277
f 5276 5278 5279
f 5278 5280 5281
f 5280 5282 5283
f 5282 5284 5285
f 5284 5286 5287
f 5286 5288 5289
f 5288 5290 5291
f 5290 5292 5293
f 5292 5294 5295
f 5294 5296 5297
f 5296 5298 5299
f 5298 5300 5301
f 5300 5302 5303
f 5302 5304 5305
f 5304 5306 5307
f 5306 5308 5309
f 5308 5310 5311
f 5310 5312 5313
f 5312 5314 5315
f 5314 5316 5317
f 5318 5319 5320
f 5319 5321 5322
f 5321 5266 5265
f 5266 5270 5268
f 5270 5274 5272
f 5274 5278 5276
f 5278 5282 5280
f 5282 5286 5284
f 5286 5290 5288
f 5290 5294 5292
f 5294 5298 5296
f 5298 5302 5300
f 5302 5306 5304
f 5306 5310 5308
f 5310 5314 5312
f 5314 5323 5316
f 5318 5321 5319
f 5321 5270 5266
f 5270 5278 5274
f 5278 5286 5282
f 5286 5294 5290
f 5294 5302 5298
f 5302 5310 5306
f 5310 5323 5314
f 5324 5321 5318
f 5321 5278 5270
f 5278 5294 5286
f 5294 5310 5302
f 5325 5321 5324
f 5321 5294 5278
f 5294 5323 5310
f 5325 5294 5321
f 5294 5326 5323
f 5326 5294 5325
f 5203 5266 5207
f 5207 5266 5269
f 5207 5269 5206
f 5206 5269 5268
f 5206 5268 5209
f 5209 5268 5271
f 5209 5271 5208
f 5208 5271 5270
f 5208 5270 5211
f 5211 5270 5273
f 5211 5273 5210
f 5210 5273 5272
f 5210 5272 5213
f 5213 5272 5275
f 5213 5275 5212
f 5212 5275 5274
f 5212 5274 5215
f 5215 5274 5277
f 5215 5277 5214
f 5214 5277 5276
f 5214 5276 5217
f 5217 5276 5279
f 5217 5279 5216
f 5216 5279 5278
f 5216 5278 5219
f 5219 5278 5281
f 5219 5281 5218
f 5218 5281 5280
f 5218 5280 5221
f 5221 5280 5283
f 5221 5283 5220
f 5220 5283 5282
f 5220 5282 5223
f 5223 5282 5285
f 5223 5285 5222
f 5222 5285 5284
f 5222 5284 5225
f 5225 5284 5287
f 5225 5287 5224
f 5224 5287 5286
f 5224 5286 5227
f 5227 5286 5289
f 5227 5289 5226
f 5226 5289 5288
f 5226 5288 5229
f 5229 5288 5291
f 5229 5291 5228
f 5228 5291 5290
f 5228 5290 5231
f 5231 5290 5293
f 5231 5293 5230
f 5230 5293 5292
f 5230 5292 5233
f 5233 5292 5295
f 5233 5295 5232
f 5232 5295 5294
f 5232 5294 5235
f 5235 5294 5297
f 5235 5297 5234
f 5234 5297 5296
f 5234 5296 5237
f 5237 5296 5299
f 5237 5299 5236
f 5236 5299 5298
f 5236 5298 5239
f 5239 5298 5301
f 5239 5301 5238
f 5238 5301 5300
f 5238 5300 5241
f 5241 5300 5303
f 5241 5303 5240
f 5240 5303 5302
f 5240 5302 5243
f 5243 5302 5305
f 5243 5305 5242
f 5242 5305 5304
f 5242 5304 5245
f 5245 5304 5307
f 5245 5307 5244
f 5244 5307 5306
f 5244 5306 5247
f 5247 5306 5309
f 5247 5309 5246
f 5246 5309 5308
f 5246 5308 5249
f 5249 5308 5311
f 5249 5311 5248
f 5248 5311 5310
f 5248 5310 5251
f 5251 5310 5313
f 5251 5313 5250
f 5250 5313 5312
f 5250 5312 5253
f 5253 5312 5315
f 5253 5315 5252
f 5252 5315 5314
f 5252 5314 5255
f 5255 5314 5317
f 5255 5317 5254
f 5254 5317 5316
f 5254 5316 5261
f 5261 5316 5323
f 5261 5323 5264
f 5264 5323 5326
f 5264 5326 5263
f 5263 5326 5325
f 5263 5325 5262
f 5262 5325 5324
f 5262 5324 5257
f 5257 5324 5318
f 5257 5318 5258
f 5258 5318 5320
f 5258 5320 5256
f 5256 5320 5319
f 5256 5319 5260
f 5260 5319 5322
f 5260 5322 5259
f 5259 5322 5321
f 5259 5321 5204
f 5204 5321 5265
f 5204 5265 5205
f 5205 5265 5267
f 5205 5267 5203
f 5203 5267 5266
o 
v 42.36 0 -53.45
v 42.668 0 -53.287
v 42.518 0 -53.364
v 40.399 0 -54.158
v 41.066 0 -53.966
v 40.63 0 -54.09
v 40.095 0 -54.295
v 40.223 0 -54.225
v 39.964 0 -54.459
v 40.011 0 -54.371
v 40.024 0 -54.743
v 39.95 0 -54.56
v 40.588 0 -55.485
v 40.239 0 -55.054
v 41.651 0 -56.667
v 41.061 0 -56.026
v 43.055 0 -58.115
v 42.35 0 -57.4
v 44.158 0 -59.176
v 43.659 0 -58.709
v 44.826 0 -59.721
v 44.548 0 -59.515
v 45.137 0 -59.731
v 44.99 0 -59.79
v 45.557 0 -59.336
v 45.334 0 -59.571
v 45.998 0 -58.745
v 45.786 0 -59.052
v 46.417 0 -57.89
v 46.17 0 -58.44
v 46.684 0 -56.982
v 46.588 0 -57.407
v 46.654 0 -56.281
v 46.706 0 -56.61
v 46.445 0 -55.876
v 46.53 0 -55.99
v 46.101 0 -55.48
v 46.299 0 -55.701
v 45.601 0 -54.951
v 45.865 0 -55.226
v 45.087 0 -54.419
v 45.32 0 -54.67
v 45.205 0 -54.543
v 44.84 0 -54.181
v 44.965 0 -54.298
v 44.58 0 -53.957
v 44.711 0 -54.067
v 44.308 0 -53.749
v 44.445 0 -53.851
v 44.024 0 -53.556
v 44.167 0 -53.651
v 43.73 0 -53.38
v 43.878 0 -53.466
v 43.436 0 -53.251
v 43.58 0 -53.312
v 43.194 0 -53.159
v 43.305 0 -53.199
v 43.06 0 -53.13
v 43.11 0 -53.135
v 42.919 0 -53.173
v 43.006 0 -53.141
v 42.804 0 -53.222
v 41.396 0 -53.866
v 42.103 0 -53.582
v 41.656 0 -53.778
v 41.88 0 -53.687
v 42.668 10 -53.287
v 42.36 10 -53.45
v 42.518 10 -53.364
v 41.066 10 -53.966
v 40.399 10 -54.158
v 40.63 10 -54.09
v 40.095 10 -54.295
v 40.223 10 -54.225
v 39.964 10 -54.459
v 40.011 10 -54.371
v 40.024 10 -54.743
v 39.95 10 -54.56
v 40.588 10 -55.485
v 40.239 10 -55.054
v 41.651 10 -56.667
v 41.061 10 -56.026
v 43.055 10 -58.115
v 42.35 10 -57.4
v 44.158 10 -59.176
v 43.659 10 -58.709
v 44.826 10 -59.721
v 44.548 10 -59.515
v 45.137 10 -59.731
v 44.99 10 -59.79
v 45.557 10 -59.336
v 45.334 10 -59.571
v 45.998 10 -58.745
v 45.786 10 -59.052
v 46.417 10 -57.89
v 46.17 10 -58.44
v 46.684 10 -56.982
v 46.588 10 -57.407
v 46.654 10 -56.281
v 46.706 10 -56.61
v 46.445 10 -55.876
v 46.53 10 -55.99
v 46.101 10 -55.48
v 46.299 10 -55.701
v 45.601 10 -54.951
v 45.865 10 -55.226
v 45.32 10 -54.67
v 45.087 10 -54.419
v 45.205 10 -54.543
v 44.84 10 -54.181
v 44.965 10 -54.298
v 44.58 10 -53.957
v 44.711 10 -54.067
v 44.308 10 -53.749
v 44.445 10 -53.851
v 44.024 10 -53.556
v 44.167 10 -53.651
v 43.73 10 -53.38
v 43.878 10 -53.466
v 43.436 10 -53.251
v 43.58 10 -53.312
v 43.194 10 -53.159
v 43.305 10 -53.199
v 43.06 10 -53.13
v 43.11 10 -53.135
v 42.919 10 -53.173
v 43.006 10 -53.141
v 42.804 10 -53.222
v 41.396 10 -53.866
v 42.103 10 -53.582
v 41.656 10 -53.778
v 41.88 10 -53.687
f 5327 5328 5329
f 5330 5331 5332
f 5333 5330 5334
f 5335 5333 5336
f 5337 5335 5338
f 5339 5337 5340
f 5341 5339 5342
f 5343 5341 5344
f 5345 5343 5346
f 5347 5345 5348
f 5349 5347 5350
f 5351 5349 5352
f 5353 5351 5354
f 5355 5353 5356
f 5357 5355 5358
f 5359 5357 5360
f 5361 5359 5362
f 5363 5361 5364
f 5365 5363 5366
f 5367 5368 5369
f 5370 5367 5371
f 5372 5370 5373
f 5374 5372 5375
f 5376 5374 5377
f 5378 5376 5379
f 5380 5378 5381
f 5382 5380 5383
f 5384 5382 5385
f 5386 5384 5387
f 5328 5386 5388
f 5333 5331 5330
f 5337 5333 5335
f 5341 5337 5339
f 5345 5341 5343
f 5349 5345 5347
f 5353 5349 5351
f 5357 5353 5355
f 5361 5357 5359
f 5365 5361 5363
f 5370 5368 5367
f 5374 5370 5372
f 5378 5374 5376
f 5382 5378 5380
f 5386 5382 5384
f 5327 5386 5328
f 5333 5389 5331
f 5341 5333 5337
f 5349 5341 5345
f 5357 5349 5353
f 5365 5357 5361
f 5374 5368 5370
f 5382 5374 5378
f 5327 5382 5386
f 5341 5389 5333
f 5357 5341 5349
f 5368 5357 5365
f 5382 5368 5374
f 5390 5382 5327
f 5341 5391 5389
f 5368 5341 5357
f 5390 5368 5382
f 5341 5392 5391
f 5390 5341 5368
f 5341 5390 5392
f 5393 5394 5395
f 5396 5397 5398
f 5397 5399 5400
f 5399 5401 5402
f 5401 5403 5404
f 5403 5405 5406
f 5405 5407 5408
f 5407 5409 5410
f 5409 5411 5412
f 5411 5413 5414
f 5413 5415 5416
f 5415 5417 5418
f 5417 5419 5420
f 5419 5421 5422
f 5421 5423 5424
f 5423 5425 5426
f 5425 5427 5428
f 5427 5429 5430
f 5429 5431 5432
f 5433 5434 5435
f 5434 5436 5437
f 5436 5438 5439
f 5438 5440 5441
f 5440 5442 5443
f 5442 5444 5445
f 5444 5446 5447
f 5446 5448 5449
f 5448 5450 5451
f 5450 5452 5453
f 5452 5393 5454
f 5396 5399 5397
f 5399 5403 5401
f 5403 5407 5405
f 5407 5411 5409
f 5411 5415 5413
f 5415 5419 5417
f 5419 5423 5421
f 5423 5427 5425
f 5427 5431 5429
f 5433 5436 5434
f 5436 5440 5438
f 5440 5444 5442
f 5444 5448 5446
f 5448 5452 5450
f 5452 5394 5393
f 5455 5399 5396
f 5399 5407 5403
f 5407 5415 5411
f 5415 5423 5419
f 5423 5431 5427
f 5433 5440 5436
f 5440 5448 5444
f 5448 5394 5452
f 5455 5407 5399
f 5407 5423 5415
f 5423 5433 5431
f 5433 5448 5440
f 5448 5456 5394
f 5457 5407 5455
f 5407 5433 5423
f 5433 5456 5448
f 5458 5407 5457
f 5407 5456 5433
f 5456 5407 5458
f 5327 5394 5390
f 5390 5394 5456
f 5390 5456 5392
f 5392 5456 5458
f 5392 5458 5391
f 5391 5458 5457
f 5391 5457 5389
f 5389 5457 5455
f 5389 5455 5331
f 5331 5455 5396
f 5331 5396 5332
f 5332 5396 5398
f 5332 5398 5330
f 5330 5398 5397
f 5330 5397 5334
f 5334 5397 5400
f 5334 5400 5333
f 5333 5400 5399
f 5333 5399 5336
f 5336 5399 5402
f 5336 5402 5335
f 5335 5402 5401
f 5335 5401 5338
f 5338 5401 5404
f 5338 5404 5337
f 5337 5404 5403
f 5337 5403 5340
f 5340 5403 5406
f 5340 5406 5339
f 5339 5406 5405
f 5339 5405 5342
f 5342 5405 5408
f 5342 5408 5341
f 5341 5408 5407
f 5341 5407 5344
f 5344 5407 5410
f 5344 5410 5343
f 5343 5410 5409
f 5343 5409 5346
f 5346 5409 5412
f 5346 5412 5345
f 5345 5412 5411
f 5345 5411 5348
f 5348 5411 5414
f 5348 5414 5347
f 5347 5414 5413
f 5347 5413 5350
f 5350 5413 5416
f 5350 5416 5349
f 5349 5416 5415
f 5349 5415 5352
f 5352 5415 5418
f 5352 5418 5351
f 5351 5418 5417
f 5351 5417 5354
f 5354 5417 5420
f 5354 5420 5353
f 5353 5420 5419
f 5353 5419 5356
f 5356 5419 5422
f 5356 5422 5355
f 5355 5422 5421
f 5355 5421 5358
f 5358 5421 5424
f 5358 5424 5357
f 5357 5424 5423
f 5357 5423 5360
f 5360 5423 5426
f 5360 5426 5359
f 5359 5426 5425
f 5359 5425 5362
f 5362 5425 5428
f 5362 5428 5361
f 5361 5428 5427
f 5361 5427 5364
f 5364 5427 5430
f 5364 5430 5363
f 5363 5430 5429
f 5363 5429 5366
f 5366 5429 5432
f 5366 5432 5365
f 5365 5432 5431
f 5365 5431 5368
f 5368 5431 5433
f 5368 5433 5369
f 5369 5433 5435
f 5369 5435 5367
f 5367 5435 5434
f 5367 5434 5371
f 5371 5434 5437
f 5371 5437 5370
f 5370 5437 5436
f 5370 5436 5373
f 5373 5436 5439
f 5373 5439 5372
f 5372 5439 5438
f 5372 5438 5375
f 5375 5438 5441
f 5375 5441 5374
f 5374 5441 5440
f 5374 5440 5377
f 5377 5440 5443
f 5377 5443 5376
f 5376 5443 5442
f 5376 5442 5379
f 5379 5442 5445
f 5379 5445 5378
f 5378 5445 5444
f 5378 5444 5381
f 5381 5444 5447
f 5381 5447 5380
f 5380 5447 5446
f 5380 5446 5383
f 5383 5446 5449
f 5383 5449 5382
f 5382 5449 5448
f 5382 5448 5385
f 5385 5448 5451
f 5385 5451 5384
f 5384 5451 5450
f 5384 5450 5387
f 5387 5450 5453
f 5387 5453 5386
f 5386 5453 5452
f 5386 5452 5388
f 5388 5452 5454
f 5388 5454 5328
f 5328 5454 5393
f 5328 5393 5329
f 5329 5393 5395
f 5329 5395 5327
f 5327 5395 5394
o 
v 45.9 0 -39.66
v 46.445 0 -39.64
v 46.079 0 -39.65
v 45.764 0 -39.693
v 45.831 0 -39.676
v 45.653 0 -39.727
v 45.704 0 -39.71
v 45.59 0 -39.76
v 45.614 0 -39.744
v 45.606 0 -39.874
v 45.584 0 -39.797
v 45.717 0 -40.119
v 45.651 0 -39.984
v 45.9 0 -40.44
v 45.801 0 -40.274
v 46.303 0 -41.121
v 46.266 0 -41.053
v 46.28 0 -41.08
v 46.469 0 -41.385
v 46.368 0 -41.226
v 46.751 0 -41.823
v 46.599 0 -41.587
v 52.67 0 -43.06
v 46.92 0 -42.08
v 47.56 0 -43.06
v 53.772 0 -40.791
v 53.4 0 -41.56
v 53.596 0 -41.16
v 54.035 0 -40.209
v 53.92 0 -40.469
v 54.14 0 -39.94
v 54.11 0 -40.027
v 53.584 0 -39.746
v 54.001 0 -39.832
v 51.922 0 -39.638
v 52.891 0 -39.681
v 49.16 0 -39.61
v 50.678 0 -39.614
v 47.615 0 -39.623
v 48.356 0 -39.616
v 46.967 0 -39.631
v 46.001 0 -40.605
v 46.228 0 -40.985
v 46.169 0 -40.884
v 46.092 0 -40.755
v 46.445 10 -39.64
v 45.9 10 -39.66
v 46.079 10 -39.65
v 45.764 10 -39.693
v 45.831 10 -39.676
v 45.653 10 -39.727
v 45.704 10 -39.71
v 45.59 10 -39.76
v 45.614 10 -39.744
v 45.606 10 -39.874
v 45.584 10 -39.797
v 45.717 10 -40.119
v 45.651 10 -39.984
v 45.9 10 -40.44
v 45.801 10 -40.274
v 46.266 10 -41.053
v 46.303 10 -41.121
v 46.28 10 -41.08
v 46.469 10 -41.385
v 46.368 10 -41.226
v 46.751 10 -41.823
v 46.599 10 -41.587
v 46.92 10 -42.08
v 52.67 10 -43.06
v 47.56 10 -43.06
v 53.4 10 -41.56
v 53.772 10 -40.791
v 53.596 10 -41.16
v 54.035 10 -40.209
v 53.92 10 -40.469
v 54.14 10 -39.94
v 54.11 10 -40.027
v 53.584 10 -39.746
v 54.001 10 -39.832
v 51.922 10 -39.638
v 52.891 10 -39.681
v 49.16 10 -39.61
v 50.678 10 -39.614
v 47.615 10 -39.623
v 48.356 10 -39.616
v 46.967 10 -39.631
v 46.001 10 -40.605
v 46.228 10 -40.985
v 46.169 10 -40.884
v 46.092 10 -40.755
f 5459 5460 5461
f 5462 5459 5463
f 5464 5462 5465
f 5466 5464 5467
f 5468 5466 5469
f 5470 5468 5471
f 5472 5470 5473
f 5474 5475 5476
f 5477 5474 5478
f 5479 5477 5480
f 5481 5482 5483
f 5484 5485 5486
f 5487 5484 5488
f 5489 5487 5490
f 5491 5489 5492
f 5493 5491 5494
f 5495 5493 5496
f 5497 5495 5498
f 5460 5497 5499
f 5462 5460 5459
f 5466 5462 5464
f 5470 5466 5468
f 5500 5470 5472
f 5477 5475 5474
f 5482 5477 5479
f 5485 5482 5481
f 5487 5485 5484
f 5491 5487 5489
f 5495 5491 5493
f 5460 5495 5497
f 5466 5460 5462
f 5500 5466 5470
f 5477 5501 5475
f 5485 5477 5482
f 5491 5485 5487
f 5460 5491 5495
f 5500 5460 5466
f 5477 5502 5501
f 5491 5477 5485
f 5500 5491 5460
f 5477 5503 5502
f 5503 5491 5500
f 5491 5503 5477
f 5504 5505 5506
f 5505 5507 5508
f 5507 5509 5510
f 5509 5511 5512
f 5511 5513 5514
f 5513 5515 5516
f 5515 5517 5518
f 5519 5520 5521
f 5520 5522 5523
f 5522 5524 5525
f 5526 5527 5528
f 5529 5530 5531
f 5530 5532 5533
f 5532 5534 5535
f 5534 5536 5537
f 5536 5538 5539
f 5538 5540 5541
f 5540 5542 5543
f 5542 5504 5544
f 5504 5507 5505
f 5507 5511 5509
f 5511 5515 5513
f 5515 5545 5517
f 5519 5522 5520
f 5522 5526 5524
f 5526 5529 5527
f 5529 5532 5530
f 5532 5536 5534
f 5536 5540 5538
f 5540 5504 5542
f 5504 5511 5507
f 5511 5545 5515
f 5546 5522 5519
f 5522 5529 5526
f 5529 5536 5532
f 5536 5504 5540
f 5504 5545 5511
f 5547 5522 5546
f 5522 5536 5529
f 5536 5545 5504
f 5548 5522 5547
f 5536 5548 5545
f 5548 5536 5522
f 5459 5505 5463
f 5463 5505 5508
f 5463 5508 5462
f 5462 5508 5507
f 5462 5507 5465
f 5465 5507 5510
f 5465 5510 5464
f 5464 5510 5509
f 5464 5509 5467
f 5467 5509 5512
f 5467 5512 5466
f 5466 5512 5511
f 5466 5511 5469
f 5469 5511 5514
f 5469 5514 5468
f 5468 5514 5513
f 5468 5513 5471
f 5471 5513 5516
f 5471 5516 5470
f 5470 5516 5515
f 5470 5515 5473
f 5473 5515 5518
f 5473 5518 5472
f 5472 5518 5517
f 5472 5517 5500
f 5500 5517 5545
f 5500 5545 5503
f 5503 5545 5548
f 5503 5548 5502
f 5502 5548 5547
f 5502 5547 5501
f 5501 5547 5546
f 5501 5546 5475
f 5475 5546 5519
f 5475 5519 5476
f 5476 5519 5521
f 5476 5521 5474
f 5474 5521 5520
f 5474 5520 5478
f 5478 5520 5523
f 5478 5523 5477
f 5477 5523 5522
f 5477 5522 5480
f 5480 5522 5525
f 5480 5525 5479
f 5479 5525 5524
f 5479 5524 5482
f 5482 5524 5526
f 5482 5526 5483
f 5483 5526 5528
f 5483 5528 5481
f 5481 5528 5527
f 5481 5527 5485
f 5485 5527 5529
f 5485 5529 5486
f 5486 5529 5531
f 5486 5531 5484
f 5484 5531 5530
f 5484 5530 5488
f 5488 5530 5533
f 5488 5533 5487
f 5487 5533 5532
f 5487 5532 5490
f 5490 5532 5535
f 5490 5535 5489
f 5489 5535 5534
f 5489 5534 5492
f 5492 5534 5537
f 5492 5537 5491
f 5491 5537 5536
f 5491 5536 5494
f 5494 5536 5539
f 5494 5539 5493
f 5493 5539 5538
f 5493 5538 5496
f 5496 5538 5541
f 5496 5541 5495
f 5495 5541 5540
f 5495 5540 5498
f 5498 5540 5543
f 5498 5543 5497
f 5497 5543 5542
f 5497 5542 5499
f 5499 5542 5544
f 5499 5544 5460
f 5460 5544 5504
f 5460 5504 5461
f 5461 5504 5506
f 5461 5506 5459
f 5459 5506 5505
o 
v 42.95 0 -41.98
v 43.745 0 -41.194
v 43.388 0 -41.542
v 41.363 0 -43.617
v 42.096 0 -42.85
v 40.323 0 -44.779
v 40.768 0 -44.266
v 39.95 0 -45.33
v 40.046 0 -45.139
v 40.331 0 -45.686
v 40.052 0 -45.463
v 41.266 0 -46.3
v 40.749 0 -45.974
v 42.44 0 -46.97
v 41.842 0 -46.641
v 43.159 0 -47.325
v 42.864 0 -47.188
v 43.508 0 -47.385
v 43.361 0 -47.389
v 43.78 0 -47.2
v 43.636 0 -47.32
v 44.561 0 -46.232
v 44.127 0 -46.821
v 45.476 0 -44.771
v 45.029 0 -45.52
v 46.09 0 -43.51
v 45.847 0 -44.072
v 46.123 0 -43.104
v 46.126 0 -43.326
v 46.003 0 -42.566
v 46.083 0 -42.85
v 45.73 0 -41.92
v 45.886 0 -42.254
v 45.344 0 -41.329
v 45.56 0 -41.626
v 44.869 0 -40.827
v 45.106 0 -41.055
v 44.49 0 -40.61
v 44.656 0 -40.671
v 44.242 0 -40.75
v 44.394 0 -40.644
v 44.028 0 -40.931
v 43.745 10 -41.194
v 42.95 10 -41.98
v 43.388 10 -41.542
v 41.363 10 -43.617
v 42.096 10 -42.85
v 40.323 10 -44.779
v 40.768 10 -44.266
v 39.95 10 -45.33
v 40.046 10 -45.139
v 40.331 10 -45.686
v 40.052 10 -45.463
v 41.266 10 -46.3
v 40.749 10 -45.974
v 42.44 10 -46.97
v 41.842 10 -46.641
v 43.159 10 -47.325
v 42.864 10 -47.188
v 43.508 10 -47.385
v 43.361 10 -47.389
v 43.78 10 -47.2
v 43.636 10 -47.32
v 44.561 10 -46.232
v 44.127 10 -46.821
v 45.476 10 -44.771
v 45.029 10 -45.52
v 46.09 10 -43.51
v 45.847 10 -44.072
v 46.123 10 -43.104
v 46.126 10 -43.326
v 46.003 10 -42.566
v 46.083 10 -42.85
v 45.73 10 -41.92
v 45.886 10 -42.254
v 45.344 10 -41.329
v 45.56 10 -41.626
v 44.869 10 -40.827
v 45.106 10 -41.055
v 44.49 10 -40.61
v 44.656 10 -40.671
v 44.242 10 -40.75
v 44.394 10 -40.644
v 44.028 10 -40.931
f 5549 5550 5551
f 5552 5549 5553
f 5554 5552 5555
f 5556 5554 5557
f 5558 5556 5559
f 5560 5558 5561
f 5562 5560 5563
f 5564 5562 5565
f 5566 5564 5567
f 5568 5566 5569
f 5570 5568 5571
f 5572 5570 5573
f 5574 5572 5575
f 5576 5574 5577
f 5578 5576 5579
f 5580 5578 5581
f 5582 5580 5583
f 5584 5582 5585
f 5586 5584 5587
f 5588 5586 5589
f 5550 5588 5590
f 5552 5550 5549
f 5556 5552 5554
f 5560 5556 5558
f 5564 5560 5562
f 5568 5564 5566
f 5572 5568 5570
f 5576 5572 5574
f 5580 5576 5578
f 5584 5580 5582
f 5588 5584 5586
f 5552 5588 5550
f 5560 5552 5556
f 5568 5560 5564
f 5576 5568 5572
f 5584 5576 5580
f 5552 5584 5588
f 5568 5552 5560
f 5584 5568 5576
f 5568 5584 5552
f 5591 5592 5593
f 5592 5594 5595
f 5594 5596 5597
f 5596 5598 5599
f 5598 5600 5601
f 5600 5602 5603
f 5602 5604 5605
f 5604 5606 5607
f 5606 5608 5609
f 5608 5610 5611
f 5610 5612 5613
f 5612 5614 5615
f 5614 5616 5617
f 5616 5618 5619
f 5618 5620 5621
f 5620 5622 5623
f 5622 5624 5625
f 5624 5626 5627
f 5626 5628 5629
f 5628 5630 5631
f 5630 5591 5632
f 5591 5594 5592
f 5594 5598 5596
f 5598 5602 5600
f 5602 5606 5604
f 5606 5610 5608
f 5610 5614 5612
f 5614 5618 5616
f 5618 5622 5620
f 5622 5626 5624
f 5626 5630 5628
f 5630 5594 5591
f 5594 5602 5598
f 5602 5610 5606
f 5610 5618 5614
f 5618 5626 5622
f 5626 5594 5630
f 5594 5610 5602
f 5610 5626 5618
f 5626 5610 5594
f 5549 5592 5553
f 5553 5592 5595
f 5553 5595 5552
f 5552 5595 5594
f 5552 5594 5555
f 5555 5594 5597
f 5555 5597 5554
f 5554 5597 5596
f 5554 5596 5557
f 5557 5596 5599
f 5557 5599 5556
f 5556 5599 5598
f 5556 5598 5559
f 5559 5598 5601
f 5559 5601 5558
f 5558 5601 5600
f 5558 5600 5561
f 5561 5600 5603
f 5561 5603 5560
f 5560 5603 5602
f 5560 5602 5563
f 5563 5602 5605
f 5563 5605 5562
f 5562 5605 5604
f 5562 5604 5565
f 5565 5604 5607
f 5565 5607 5564
f 5564 5607 5606
f 5564 5606 5567
f 5567 5606 5609
f 5567 5609 5566
f 5566 5609 5608
f 5566 5608 5569
f 5569 5608 5611
f 5569 5611 5568
f 5568 5611 5610
f 5568 5610 5571
f 5571 5610 5613
f 5571 5613 5570
f 5570 5613 5612
f 5570 5612 5573
f 5573 5612 5615
f 5573 5615 5572
f 5572 5615 5614
f 5572 5614 5575
f 5575 5614 5617
f 5575 5617 5574
f 5574 5617 5616
f 5574 5616 5577
f 5577 5616 5619
f 5577 5619 5576
f 5576 5619 5618
f 5576 5618 5579
f 5579 5618 5621
f 5579 5621 5578
f 5578 5621 5620
f 5578 5620 5581
f 5581 5620 5623
f 5581 5623 5580
f 5580 5623 5622
f 5580 5622 5583
f 5583 5622 5625
f 5583 5625 5582
f 5582 5625 5624
f 5582 5624 5585
f 5585 5624 5627
f 5585 5627 5584
f 5584 5627 5626
f 5584 5626 5587
f 5587 5626 5629
f 5587 5629 5586
f 5586 5629 5628
f 5586 5628 5589
f 5589 5628 5631
f 5589 5631 5588
f 5588 5631 5630
f 5588 5630 5590
f 5590 5630 5632
f 5590 5632 5550
f 5550 5632 5591
f 5550 5591 5551
f 5551 5591 5593
f 5551 5593 5549
f 5549 5593 5592
o 
v 55.05 0 -40.76
v 55.127 0 -40.686
v 55.087 0 -40.721
v 54.514 0 -41.656
v 54.795 0 -41.128
v 54.016 0 -42.844
v 54.243 0 -42.256
v 53.84 0 -43.64
v 53.87 0 -43.334
v 54.302 0 -44.564
v 53.992 0 -44.01
v 55.181 0 -45.902
v 54.716 0 -45.222
v 56.05 0 -47
v 55.644 0 -46.522
v 56.304 0 -47.246
v 56.195 0 -47.148
v 56.48 0 -47.321
v 56.393 0 -47.301
v 56.72 0 -47.28
v 56.583 0 -47.311
v 57.804 0 -46.813
v 57.184 0 -47.107
v 59.136 0 -46.073
v 58.486 0 -46.451
v 59.96 0 -45.48
v 59.658 0 -45.732
v 60.021 0 -45.376
v 60.001 0 -45.425
v 59.996 0 -45.271
v 60.02 0 -45.326
v 59.87 0 -45.12
v 59.946 0 -45.204
v 58.55 0 -43.665
v 59.29 0 -44.46
v 56.873 0 -41.987
v 57.713 0 -42.811
v 55.562 0 -40.797
v 56.124 0 -41.286
v 55.247 0 -40.616
v 55.28 0 -40.61
v 55.169 0 -40.655
v 55.209 0 -40.631
v 55.127 10 -40.686
v 55.05 10 -40.76
v 55.087 10 -40.721
v 54.514 10 -41.656
v 54.795 10 -41.128
v 54.016 10 -42.844
v 54.243 10 -42.256
v 53.84 10 -43.64
v 53.87 10 -43.334
v 54.302 10 -44.564
v 53.992 10 -44.01
v 55.181 10 -45.902
v 54.716 10 -45.222
v 56.05 10 -47
v 55.644 10 -46.522
v 56.304 10 -47.246
v 56.195 10 -47.148
v 56.48 10 -47.321
v 56.393 10 -47.301
v 56.72 10 -47.28
v 56.583 10 -47.311
v 57.804 10 -46.813
v 57.184 10 -47.107
v 59.136 10 -46.073
v 58.486 10 -46.451
v 59.96 10 -45.48
v 59.658 10 -45.732
v 60.021 10 -45.376
v 60.001 10 -45.425
v 59.996 10 -45.271
v 60.02 10 -45.326
v 59.87 10 -45.12
v 59.946 10 -45.204
v 58.55 10 -43.665
v 59.29 10 -44.46
v 56.873 10 -41.987
v 57.713 10 -42.811
v 55.562 10 -40.797
v 56.124 10 -41.286
v 55.247 10 -40.616
v 55.28 10 -40.61
v 55.169 10 -40.655
v 55.209 10 -40.631
f 5633 5634 5635
f 5636 5633 5637
f 5638 5636 5639
f 5640 5638 5641
f 5642 5640 5643
f 5644 5642 5645
f 5646 5644 5647
f 5648 5646 5649
f 5650 5648 5651
f 5652 5650 5653
f 5654 5652 5655
f 5656 5654 5657
f 5658 5656 5659
f 5660 5658 5661
f 5662 5660 5663
f 5664 5662 5665
f 5666 5664 5667
f 5668 5666 5669
f 5670 5668 5671
f 5672 5670 5673
f 5674 5672 5675
f 5633 5674 5634
f 5638 5633 5636
f 5642 5638 5640
f 5646 5642 5644
f 5650 5646 5648
f 5654 5650 5652
f 5658 5654 5656
f 5662 5658 5660
f 5666 5662 5664
f 5670 5666 5668
f 5674 5670 5672
f 5638 5674 5633
f 5646 5638 5642
f 5654 5646 5650
f 5662 5654 5658
f 5670 5662 5666
f 5638 5670 5674
f 5654 5638 5646
f 5670 5654 5662
f 5654 5670 5638
f 5676 5677 5678
f 5677 5679 5680
f 5679 5681 5682
f 5681 5683 5684
f 5683 5685 5686
f 5685 5687 5688
f 5687 5689 5690
f 5689 5691 5692
f 5691 5693 5694
f 5693 5695 5696
f 5695 5697 5698
f 5697 5699 5700
f 5699 5701 5702
f 5701 5703 5704
f 5703 5705 5706
f 5705 5707 5708
f 5707 5709 5710
f 5709 5711 5712
f 5711 5713 5714
f 5713 5715 5716
f 5715 5717 5718
f 5717 5677 5676
f 5677 5681 5679
f 5681 5685 5683
f 5685 5689 5687
f 5689 5693 5691
f 5693 5697 5695
f 5697 5701 5699
f 5701 5705 5703
f 5705 5709 5707
f 5709 5713 5711
f 5713 5717 5715
f 5717 5681 5677
f 5681 5689 5685
f 5689 5697 5693
f 5697 5705 5701
f 5705 5713 5709
f 5713 5681 5717
f 5681 5697 5689
f 5697 5713 5705
f 5713 5697 5681
f 5633 5677 5637
f 5637 5677 5680
f 5637 5680 5636
f 5636 5680 5679
f 5636 5679 5639
f 5639 5679 5682
f 5639 5682 5638
f 5638 5682 5681
f 5638 5681 5641
f 5641 5681 5684
f 5641 5684 5640
f 5640 5684 5683
f 5640 5683 5643
f 5643 5683 5686
f 5643 5686 5642
f 5642 5686 5685
f 5642 5685 5645
f 5645 5685 5688
f 5645 5688 5644
f 5644 5688 5687
f 5644 5687 5647
f 5647 5687 5690
f 5647 5690 5646
f 5646 5690 5689
f 5646 5689 5649
f 5649 5689 5692
f 5649 5692 5648
f 5648 5692 5691
f 5648 5691 5651
f 5651 5691 5694
f 5651 5694 5650
f 5650 5694 5693
f 5650 5693 5653
f 5653 5693 5696
f 5653 5696 5652
f 5652 5696 5695
f 5652 5695 5655
f 5655 5695 5698
f 5655 5698 5654
f 5654 5698 5697
f 5654 5697 5657
f 5657 5697 5700
f 5657 5700 5656
f 5656 5700 5699
f 5656 5699 5659
f 5659 5699 5702
f 5659 5702 5658
f 5658 5702 5701
f 5658 5701 5661
f 5661 5701 5704
f 5661 5704 5660
f 5660 5704 5703
f 5660 5703 5663
f 5663 5703 5706
f 5663 5706 5662
f 5662 5706 5705
f 5662 5705 5665
f 5665 5705 5708
f 5665 5708 5664
f 5664 5708 5707
f 5664 5707 5667
f 5667 5707 5710
f 5667 5710 5666
f 5666 5710 5709
f 5666 5709 5669
f 5669 5709 5712
f 5669 5712 5668
f 5668 5712 5711
f 5668 5711 5671
f 5671 5711 5714
f 5671 5714 5670
f 5670 5714 5713
f 5670 5713 5673
f 5673 5713 5716
f 5673 5716 5672
f 5672 5716 5715
f 5672 5715 5675
f 5675 5715 5718
f 5675 5718 5674
f 5674 5718 5717
f 5674 5717 5634
f 5634 5717 5676
f 5634 5676 5635
f 5635 5676 5678
f 5635 5678 5633
f 5633 5678 5677
o 
v 47.61 0 -57.49
v 49.32 0 -56.98
v 47.91 0 -56.93
v 47.389 0 -57.895
v 47.509 0 -57.671
v 47.124 0 -58.418
v 47.259 0 -58.149
v 46.87 0 -58.95
v 46.992 0 -58.69
v 46.34 0 -60.026
v 46.36 0 -59.98
v 46.305 0 -60.143
v 46.321 0 -60.081
v 46.283 0 -60.266
v 46.292 0 -60.205
v 46.286 0 -60.399
v 46.28 0 -60.32
v 46.362 0 -60.509
v 46.311 0 -60.46
v 46.579 0 -60.588
v 46.449 0 -60.55
v 47.376 0 -60.684
v 46.76 0 -60.63
v 49.715 0 -60.726
v 48.429 0 -60.716
v 52.174 0 -60.678
v 51.031 0 -60.714
v 53.248 0 -60.579
v 52.94 0 -60.62
v 53.6 0 -60.504
v 53.462 0 -60.542
v 53.712 0 -60.398
v 53.678 0 -60.458
v 53.696 0 -60.152
v 53.72 0 -60.32
v 53.529 0 -59.625
v 53.63 0 -59.913
v 53.251 0 -58.991
v 53.4 0 -59.31
v 52.53 0 -57.68
v 53.09 0 -58.69
v 51.48 0 -57.08
v 52.24 0 -57.13
v 50.904 0 -57.045
v 51.228 0 -57.064
v 50.129 0 -57.008
v 50.531 0 -57.026
v 49.718 0 -56.992
v 49.32 10 -56.98
v 47.61 10 -57.49
v 47.91 10 -56.93
v 47.389 10 -57.895
v 47.509 10 -57.671
v 47.124 10 -58.418
v 47.259 10 -58.149
v 46.87 10 -58.95
v 46.992 10 -58.69
v 46.34 10 -60.026
v 46.36 10 -59.98
v 46.305 10 -60.143
v 46.321 10 -60.081
v 46.283 10 -60.266
v 46.292 10 -60.205
v 46.286 10 -60.399
v 46.28 10 -60.32
v 46.362 10 -60.509
v 46.311 10 -60.46
v 46.579 10 -60.588
v 46.449 10 -60.55
v 47.376 10 -60.684
v 46.76 10 -60.63
v 49.715 10 -60.726
v 48.429 10 -60.716
v 52.174 10 -60.678
v 51.031 10 -60.714
v 53.248 10 -60.579
v 52.94 10 -60.62
v 53.6 10 -60.504
v 53.462 10 -60.542
v 53.712 10 -60.398
v 53.678 10 -60.458
v 53.696 10 -60.152
v 53.72 10 -60.32
v 53.529 10 -59.625
v 53.63 10 -59.913
v 53.251 10 -58.991
v 53.4 10 -59.31
v 52.53 10 -57.68
v 53.09 10 -58.69
v 51.48 10 -57.08
v 52.24 10 -57.13
v 50.904 10 -57.045
v 51.228 10 -57.064
v 50.129 10 -57.008
v 50.531 10 -57.026
v 49.718 10 -56.992
f 5719 5720 5721
f 5722 5719 5723
f 5724 5722 5725
f 5726 5724 5727
f 5728 5726 5729
f 5730 5728 5731
f 5732 5730 5733
f 5734 5732 5735
f 5736 5734 5737
f 5738 5736 5739
f 5740 5738 5741
f 5742 5740 5743
f 5744 5742 5745
f 5746 5744 5747
f 5748 5746 5749
f 5750 5748 5751
f 5752 5750 5753
f 5754 5752 5755
f 5756 5754 5757
f 5758 5756 5759
f 5760 5758 5761
f 5762 5760 5763
f 5764 5762 5765
f 5720 5764 5766
f 5722 5720 5719
f 5726 5722 5724
f 5730 5726 5728
f 5734 5730 5732
f 5738 5734 5736
f 5742 5738 5740
f 5746 5742 5744
f 5750 5746 5748
f 5754 5750 5752
f 5758 5754 5756
f 5762 5758 5760
f 5720 5762 5764
f 5726 5720 5722
f 5734 5726 5730
f 5742 5734 5738
f 5750 5742 5746
f 5758 5750 5754
f 5720 5758 5762
f 5734 5720 5726
f 5750 5734 5742
f 5720 5750 5758
f 5750 5720 5734
f 5767 5768 5769
f 5768 5770 5771
f 5770 5772 5773
f 5772 5774 5775
f 5774 5776 5777
f 5776 5778 5779
f 5778 5780 5781
f 5780 5782 5783
f 5782 5784 5785
f 5784 5786 5787
f 5786 5788 5789
f 5788 5790 5791
f 5790 5792 5793
f 5792 5794 5795
f 5794 5796 5797
f 5796 5798 5799
f 5798 5800 5801
f 5800 5802 5803
f 5802 5804 5805
f 5804 5806 5807
f 5806 5808 5809
f 5808 5810 5811
f 5810 5812 5813
f 5812 5767 5814
f 5767 5770 5768
f 5770 5774 5772
f 5774 5778 5776
f 5778 5782 5780
f 5782 5786 5784
f 5786 5790 5788
f 5790 5794 5792
f 5794 5798 5796
f 5798 5802 5800
f 5802 5806 5804
f 5806 5810 5808
f 5810 5767 5812
f 5767 5774 5770
f 5774 5782 5778
f 5782 5790 5786
f 5790 5798 5794
f 5798 5806 5802
f 5806 5767 5810
f 5767 5782 5774
f 5782 5798 5790
f 5798 5767 5806
f 5767 5798 5782
f 5719 5768 5723
f 5723 5768 5771
f 5723 5771 5722
f 5722 5771 5770
f 5722 5770 5725
f 5725 5770 5773
f 5725 5773 5724
f 5724 5773 5772
f 5724 5772 5727
f 5727 5772 5775
f 5727 5775 5726
f 5726 5775 5774
f 5726 5774 5729
f 5729 5774 5777
f 5729 5777 5728
f 5728 5777 5776
f 5728 5776 5731
f 5731 5776 5779
f 5731 5779 5730
f 5730 5779 5778
f 5730 5778 5733
f 5733 5778 5781
f 5733 5781 5732
f 5732 5781 5780
f 5732 5780 5735
f 5735 5780 5783
f 5735 5783 5734
f 5734 5783 5782
f 5734 5782 5737
f 5737 5782 5785
f 5737 5785 5736
f 5736 5785 5784
f 5736 5784 5739
f 5739 5784 5787
f 5739 5787 5738
f 5738 5787 5786
f 5738 5786 5741
f 5741 5786 5789
f 5741 5789 5740
f 5740 5789 5788
f 5740 5788 5743
f 5743 5788 5791
f 5743 5791 5742
f 5742 5791 5790
f 5742 5790 5745
f 5745 5790 5793
f 5745 5793 5744
f 5744 5793 5792
f 5744 5792 5747
f 5747 5792 5795
f 5747 5795 5746
f 5746 5795 5794
f 5746 5794 5749
f 5749 5794 5797
f 5749 5797 5748
f 5748 5797 5796
f 5748 5796 5751
f 5751 5796 5799
f 5751 5799 5750
f 5750 5799 5798
f 5750 5798 5753
f 5753 5798 5801
f 5753 5801 5752
f 5752 5801 5800
f 5752 5800 5755
f 5755 5800 5803
f 5755 5803 5754
f 5754 5803 5802
f 5754 5802 5757
f 5757 5802 5805
f 5757 5805 5756
f 5756 5805 5804
f 5756 5804 5759
f 5759 5804 5807
f 5759 5807 5758
f 5758 5807 5806
f 5758 5806 5761
f 5761 5806 5809
f 5761 5809 5760
f 5760 5809 5808
f 5760 5808 5763
f 5763 5808 5811
f 5763 5811 5762
f 5762 5811 5810
f 5762 5810 5765
f 5765 5810 5813
f 5765 5813 5764
f 5764 5813 5812
f 5764 5812 5766
f 5766 5812 5814
f 5766 5814 5720
f 5720 5814 5767
f 5720 5767 5721
f 5721 5767 5769
f 5721 5769 5719
f 5719 5769 5768
o 
v 39.37 0 -47.21
v 39.514 0 -46.847
v 39.431 0 -46.985
v 39.276 0 -48.769
v 39.312 0 -47.777
v 39.274 0 -51.191
v 39.264 0 -49.976
v 39.36 0 -52.81
v 39.306 0 -52.206
v 39.44 0 -53.146
v 39.403 0 -53.012
v 39.536 0 -53.257
v 39.481 0 -53.224
v 39.73 0 -53.24
v 39.616 0 -53.259
v 40.174 0 -53.116
v 39.952 0 -53.179
v 40.615 0 -52.984
v 40.395 0 -53.051
v 41.055 0 -52.846
v 40.835 0 -52.916
v 41.492 0 -52.701
v 41.274 0 -52.774
v 41.927 0 -52.549
v 41.71 0 -52.626
v 42.36 0 -52.39
v 42.144 0 -52.47
v 43.31 0 -50.69
v 42.9 0 -52.19
v 43.28 0 -52.05
v 43.19 0 -48.985
v 43.297 0 -49.709
v 42.463 0 -48.002
v 42.931 0 -48.441
v 40.67 0 -47.13
v 41.729 0 -47.59
v 39.866 0 -46.826
v 40.197 0 -46.939
v 39.649 0 -46.795
v 39.514 10 -46.847
v 39.37 10 -47.21
v 39.431 10 -46.985
v 39.276 10 -48.769
v 39.312 10 -47.777
v 39.274 10 -51.191
v 39.264 10 -49.976
v 39.36 10 -52.81
v 39.306 10 -52.206
v 39.44 10 -53.146
v 39.403 10 -53.012
v 39.536 10 -53.257
v 39.481 10 -53.224
v 39.73 10 -53.24
v 39.616 10 -53.259
v 40.174 10 -53.116
v 39.952 10 -53.179
v 40.615 10 -52.984
v 40.395 10 -53.051
v 41.055 10 -52.846
v 40.835 10 -52.916
v 41.492 10 -52.701
v 41.274 10 -52.774
v 41.927 10 -52.549
v 41.71 10 -52.626
v 42.36 10 -52.39
v 42.144 10 -52.47
v 42.9 10 -52.19
v 43.31 10 -50.69
v 43.28 10 -52.05
v 43.19 10 -48.985
v 43.297 10 -49.709
v 42.463 10 -48.002
v 42.931 10 -48.441
v 40.67 10 -47.13
v 41.729 10 -47.59
v 39.866 10 -46.826
v 40.197 10 -46.939
v 39.649 10 -46.795
f 5815 5816 5817
f 5818 5815 5819
f 5820 5818 5821
f 5822 5820 5823
f 5824 5822 5825
f 5826 5824 5827
f 5828 5826 5829
f 5830 5828 5831
f 5832 5830 5833
f 5834 5832 5835
f 5836 5834 5837
f 5838 5836 5839
f 5840 5838 5841
f 5842 5843 5844
f 5845 5842 5846
f 5847 5845 5848
f 5849 5847 5850
f 5851 5849 5852
f 5816 5851 5853
f 5818 5816 5815
f 5822 5818 5820
f 5826 5822 5824
f 5830 5826 5828
f 5834 5830 5832
f 5838 5834 5836
f 5843 5838 5840
f 5845 5843 5842
f 5849 5845 5847
f 5816 5849 5851
f 5822 5816 5818
f 5830 5822 5826
f 5838 5830 5834
f 5845 5838 5843
f 5816 5845 5849
f 5830 5816 5822
f 5845 5830 5838
f 5830 5845 5816
f 5854 5855 5856
f 5855 5857 5858
f 5857 5859 5860
f 5859 5861 5862
f 5861 5863 5864
f 5863 5865 5866
f 5865 5867 5868
f 5867 5869 5870
f 5869 5871 5872
f 5871 5873 5874
f 5873 5875 5876
f 5875 5877 5878
f 5877 5879 5880
f 5881 5882 5883
f 5882 5884 5885
f 5884 5886 5887
f 5886 5888 5889
f 5888 5890 5891
f 5890 5854 5892
f 5854 5857 5855
f 5857 5861 5859
f 5861 5865 5863
f 5865 5869 5867
f 5869 5873 5871
f 5873 5877 5875
f 5877 5881 5879
f 5881 5884 5882
f 5884 5888 5886
f 5888 5854 5890
f 5854 5861 5857
f 5861 5869 5865
f 5869 5877 5873
f 5877 5884 5881
f 5884 5854 5888
f 5854 5869 5861
f 5869 5884 5877
f 5884 5869 5854
f 5815 5855 5819
f 5819 5855 5858
f 5819 5858 5818
f 5818 5858 5857
f 5818 5857 5821
f 5821 5857 5860
f 5821 5860 5820
f 5820 5860 5859
f 5820 5859 5823
f 5823 5859 5862
f 5823 5862 5822
f 5822 5862 5861
f 5822 5861 5825
f 5825 5861 5864
f 5825 5864 5824
f 5824 5864 5863
f 5824 5863 5827
f 5827 5863 5866
f 5827 5866 5826
f 5826 5866 5865
f 5826 5865 5829
f 5829 5865 5868
f 5829 5868 5828
f 5828 5868 5867
f 5828 5867 5831
f 5831 5867 5870
f 5831 5870 5830
f 5830 5870 5869
f 5830 5869 5833
f 5833 5869 5872
f 5833 5872 5832
f 5832 5872 5871
f 5832 5871 5835
f 5835 5871 5874
f 5835 5874 5834
f 5834 5874 5873
f 5834 5873 5837
f 5837 5873 5876
f 5837 5876 5836
f 5836 5876 5875
f 5836 5875 5839
f 5839 5875 5878
f 5839 5878 5838
f 5838 5878 5877
f 5838 5877 5841
f 5841 5877 5880
f 5841 5880 5840
f 5840 5880 5879
f 5840 5879 5843
f 5843 5879 5881
f 5843 5881 5844
f 5844 5881 5883
f 5844 5883 5842
f 5842 5883 5882
f 5842 5882 5846
f 5846 5882 5885
f 5846 5885 5845
f 5845 5885 5884
f 5845 5884 5848
f 5848 5884 5887
f 5848 5887 5847
f 5847 5887 5886
f 5847 5886 5850
f 5850 5886 5889
f 5850 5889 5849
f 5849 5889 5888
f 5849 5888 5852
f 5852 5888 5891
f 5852 5891 5851
f 5851 5891 5890
f 5851 5890 5853
f 5853 5890 5892
f 5853 5892 5816
f 5816 5892 5854
f 5816 5854 5817
f 5817 5854 5856
f 5817 5856 5815
f 5815 5856 5855
o 
v 59.84 0 -46.87
v 60.008 0 -46.791
v 59.903 0 -46.818
v 59.452 0 -47.006
v 59.696 0 -46.947
v 59.66 0 -46.95
v 58.702 0 -47.354
v 59.112 0 -47.152
v 57.933 0 -47.791
v 58.288 0 -47.578
v 57.417 0 -48.266
v 57.7 0 -47.96
v 57.068 0 -48.949
v 57.209 0 -48.582
v 56.938 0 -50.001
v 56.981 0 -49.408
v 56.933 0 -51.237
v 56.93 0 -50.77
v 56.955 0 -51.833
v 56.941 0 -51.586
v 57.004 0 -52.075
v 56.976 0 -51.991
v 57.082 0 -52.104
v 57.04 0 -52.1
v 58.225 0 -52.599
v 57.333 0 -52.187
v 57.4 0 -52.22
v 59.509 0 -53.076
v 58.929 0 -52.885
v 60.282 0 -53.17
v 59.961 0 -53.172
v 60.603 0 -52.505
v 60.47 0 -53.07
v 60.71 0 -49.986
v 60.683 0 -51.384
v 60.603 0 -47.471
v 60.683 0 -48.589
v 60.387 0 -46.849
v 60.47 0 -46.91
v 60.136 0 -46.789
v 60.269 0 -46.809
v 59.821 0 -46.89
v 59.731 0 -46.938
v 57.264 0 -52.158
v 59.765 0 -46.925
v 59.796 0 -46.909
v 57.197 0 -52.134
v 57.136 0 -52.116
v 60.008 10 -46.791
v 59.84 10 -46.87
v 59.903 10 -46.818
v 59.696 10 -46.947
v 59.452 10 -47.006
v 59.66 10 -46.95
v 58.702 10 -47.354
v 59.112 10 -47.152
v 57.933 10 -47.791
v 58.288 10 -47.578
v 57.417 10 -48.266
v 57.7 10 -47.96
v 57.068 10 -48.949
v 57.209 10 -48.582
v 56.938 10 -50.001
v 56.981 10 -49.408
v 56.933 10 -51.237
v 56.93 10 -50.77
v 56.955 10 -51.833
v 56.941 10 -51.586
v 57.004 10 -52.075
v 56.976 10 -51.991
v 57.082 10 -52.104
v 57.04 10 -52.1
v 57.333 10 -52.187
v 58.225 10 -52.599
v 57.4 10 -52.22
v 59.509 10 -53.076
v 58.929 10 -52.885
v 60.282 10 -53.17
v 59.961 10 -53.172
v 60.603 10 -52.505
v 60.47 10 -53.07
v 60.71 10 -49.986
v 60.683 10 -51.384
v 60.603 10 -47.471
v 60.683 10 -48.589
v 60.387 10 -46.849
v 60.47 10 -46.91
v 60.136 10 -46.789
v 60.269 10 -46.809
v 59.821 10 -46.89
v 59.731 10 -46.938
v 57.264 10 -52.158
v 59.765 10 -46.925
v 59.796 10 -46.909
v 57.197 10 -52.134
v 57.136 10 -52.116
f 5893 5894 5895
f 5896 5897 5898
f 5899 5896 5900
f 5901 5899 5902
f 5903 5901 5904
f 5905 5903 5906
f 5907 5905 5908
f 5909 5907 5910
f 5911 5909 5912
f 5913 5911 5914
f 5915 5913 5916
f 5917 5918 5919
f 5920 5917 5921
f 5922 5920 5923
f 5924 5922 5925
f 5926 5924 5927
f 5928 5926 5929
f 5930 5928 5931
f 5932 5930 5933
f 5893 5932 5894
f 5899 5897 5896
f 5903 5899 5901
f 5907 5903 5905
f 5911 5907 5909
f 5915 5911 5913
f 5920 5918 5917
f 5924 5920 5922
f 5928 5924 5926
f 5932 5928 5930
f 5934 5932 5893
f 5899 5935 5897
f 5907 5899 5903
f 5915 5907 5911
f 5920 5936 5918
f 5928 5920 5924
f 5934 5928 5932
f 5899 5937 5935
f 5915 5899 5907
f 5928 5936 5920
f 5938 5928 5934
f 5915 5937 5899
f 5928 5939 5936
f 5937 5928 5938
f 5940 5937 5915
f 5928 5940 5939
f 5940 5928 5937
f 5941 5942 5943
f 5944 5945 5946
f 5945 5947 5948
f 5947 5949 5950
f 5949 5951 5952
f 5951 5953 5954
f 5953 5955 5956
f 5955 5957 5958
f 5957 5959 5960
f 5959 5961 5962
f 5961 5963 5964
f 5965 5966 5967
f 5966 5968 5969
f 5968 5970 5971
f 5970 5972 5973
f 5972 5974 5975
f 5974 5976 5977
f 5976 5978 5979
f 5978 5980 5981
f 5980 5942 5941
f 5944 5947 5945
f 5947 5951 5949
f 5951 5955 5953
f 5955 5959 5957
f 5959 5963 5961
f 5965 5968 5966
f 5968 5972 5970
f 5972 5976 5974
f 5976 5980 5978
f 5980 5982 5942
f 5983 5947 5944
f 5947 5955 5951
f 5955 5963 5959
f 5984 5968 5965
f 5968 5976 5972
f 5976 5982 5980
f 5985 5947 5983
f 5947 5963 5955
f 5984 5976 5968
f 5976 5986 5982
f 5985 5963 5947
f 5987 5976 5984
f 5976 5985 5986
f 5985 5988 5963
f 5988 5976 5987
f 5976 5988 5985
f 5893 5942 5934
f 5934 5942 5982
f 5934 5982 5938
f 5938 5982 5986
f 5938 5986 5937
f 5937 5986 5985
f 5937 5985 5935
f 5935 5985 5983
f 5935 5983 5897
f 5897 5983 5944
f 5897 5944 5898
f 5898 5944 5946
f 5898 5946 5896
f 5896 5946 5945
f 5896 5945 5900
f 5900 5945 5948
f 5900 5948 5899
f 5899 5948 5947
f 5899 5947 5902
f 5902 5947 5950
f 5902 5950 5901
f 5901 5950 5949
f 5901 5949 5904
f 5904 5949 5952
f 5904 5952 5903
f 5903 5952 5951
f 5903 5951 5906
f 5906 5951 5954
f 5906 5954 5905
f 5905 5954 5953
f 5905 5953 5908
f 5908 5953 5956
f 5908 5956 5907
f 5907 5956 5955
f 5907 5955 5910
f 5910 5955 5958
f 5910 5958 5909
f 5909 5958 5957
f 5909 5957 5912
f 5912 5957 5960
f 5912 5960 5911
f 5911 5960 5959
f 5911 5959 5914
f 5914 5959 5962
f 5914 5962 5913
f 5913 5962 5961
f 5913 5961 5916
f 5916 5961 5964
f 5916 5964 5915
f 5915 5964 5963
f 5915 5963 5940
f 5940 5963 5988
f 5940 5988 5939
f 5939 5988 5987
f 5939 5987 5936
f 5936 5987 5984
f 5936 5984 5918
f 5918 5984 5965
f 5918 5965 5919
f 5919 5965 5967
f 5919 5967 5917
f 5917 5967 5966
f 5917 5966 5921
f 5921 5966 5969
f 5921 5969 5920
f 5920 5969 5968
f 5920 5968 5923
f 5923 5968 5971
f 5923 5971 5922
f 5922 5971 5970
f 5922 5970 5925
f 5925 5970 5973
f 5925 5973 5924
f 5924 5973 5972
f 5924 5972 5927
f 5927 5972 5975
f 5927 5975 5926
f 5926 5975 5974
f 5926 5974 5929
f 5929 5974 5977
f 5929 5977 5928
f 5928 5977 5976
f 5928 5976 5931
f 5931 5976 5979
f 5931 5979 5930
f 5930 5979 5978
f 5930 5978 5933
f 5933 5978 5981
f 5933 5981 5932
f 5932 5981 5980
f 5932 5980 5894
f 5894 5980 5941
f 5894 5941 5895
f 5895 5941 5943
f 5895 5943 5893
f 5893 5943 5942
