o 
v 15.534 0 -60.963
v 11.362 0 -61.916
v 15.454 0 -61.442
v 15.459 0 -61.819
v 9.338 0 -63.674
v 9.46 0 -63.64
v 9.416 0 -63.649
v 9.105 0 -63.766
v 9.233 0 -63.714
v 8.81 0 -63.9
v 8.962 0 -63.829
v 8.371 0 -64.137
v 8.546 0 -64.026
v 8.272 0 -64.353
v 8.281 0 -64.244
v 8.48 0 -64.61
v 8.34 0 -64.472
v 9.15 0 -65.017
v 8.779 0 -64.831
v 10.02 0 -65.263
v 9.571 0 -65.164
v 10.91 0 -65.29
v 10.474 0 -65.307
v 12.491 0 -64.87
v 11.678 0 -65.14
v 13.992 0 -64.106
v 13.284 0 -64.515
v 14.9 0 -63.26
v 14.552 0 -63.677
v 15.066 0 -67.41
v 15.6 0 -66.57
v 15.3 0 -67.034
v 14.774 0 -67.933
v 14.892 0 -67.708
v 14.68 0 -68.2
v 14.705 0 -68.095
v 14.819 0 -68.333
v 14.714 0 -68.274
v 15.181 0 -68.394
v 14.979 0 -68.374
v 15.66 0 -68.36
v 15.413 0 -68.391
v 16.349 0 -68.168
v 16.011 0 -68.285
v 17.024 0 -67.789
v 16.684 0 -68.004
v 17.76 0 -67.19
v 17.38 0 -67.519
v 18.827 0 -66.028
v 18.341 0 -66.606
v 19.533 0 -64.855
v 19.222 0 -65.447
v 19.92 0 -63.6
v 19.764 0 -64.242
v 19.984 0 -62.594
v 19.963 0 -63.198
v 19.959 0 -60.899
v 19.983 0 -61.818
v 19.85 0 -58.76
v 19.915 0 -59.87
v 20.798 0 -57.451
v 20.19 0 -57.3
v 20.523 0 -57.385
v 21.222 0 -57.545
v 21.028 0 -57.504
v 21.55 0 -57.61
v 21.392 0 -57.579
v 22.211 0 -58.586
v 22.072 0 -58.045
v 22.13 0 -58.27
v 22.381 0 -59.049
v 22.291 0 -58.839
v 22.635 0 -59.428
v 22.492 0 -59.238
v 23.27 0 -63.19
v 23.01 0 -62.96
v 22.94 0 -63.24
v 26.247 0 -64.393
v 26.161 0 -63.526
v 26.18 0 -63.74
v 26.364 0 -65.515
v 26.309 0 -64.99
v 26.45 0 -66.277
v 26.411 0 -65.95
v 23.513 0 -73.411
v 24.484 0 -72.733
v 24.02 0 -73.05
v 22.835 0 -74.054
v 23.117 0 -73.749
v 22.637 0 -74.533
v 22.673 0 -74.318
v 22.828 0 -74.751
v 22.73 0 -74.69
v 23.134 0 -74.876
v 22.963 0 -74.813
v 23.583 0 -75.005
v 23.34 0 -74.94
v 24.29 0 -77.454
v 24.647 0 -76.732
v 24.49 0 -77.04
v 24.091 0 -78.05
v 24.159 0 -77.781
v 24.136 0 -78.513
v 24.085 0 -78.285
v 22.213 0 -79.441
v 22.47 0 -80.81
v 22.333 0 -80.021
v 21.957 0 -78.726
v 22.093 0 -79.025
v 21.58 0 -78.29
v 21.792 0 -78.496
v 20.914 0 -77.873
v 21.266 0 -78.055
v 19.966 0 -77.64
v 20.491 0 -77.738
v 18.48 0 -77.53
v 19.306 0 -77.574
v 17.155 0 -77.533
v 17.737 0 -77.517
v 16.339 0 -77.677
v 16.7 0 -77.584
v 15.76 0 -78.02
v 16.036 0 -77.821
v 15.421 0 -78.43
v 15.592 0 -78.193
v 15.142 0 -78.956
v 15.265 0 -78.696
v 15.07 0 -79.32
v 15.071 0 -79.176
v 15.266 0 -79.482
v 15.139 0 -79.408
v 15.688 0 -79.584
v 15.449 0 -79.541
v 16.33 0 -79.62
v 15.982 0 -79.611
v 18.414 0 -81.341
v 18.12 0 -80.87
v 18.267 0 -81.107
v 18.682 0 -81.752
v 18.555 0 -81.56
v 18.87 0 -82.01
v 18.789 0 -81.906
v 15.27 0 -88.769
v 16.009 0 -88.39
v 15.76 0 -88.51
v 14.505 0 -89.268
v 14.854 0 -89.02
v 13.98 0 -89.772
v 14.216 0 -89.517
v 13.72 0 -90.161
v 13.79 0 -90.04
v 13.629 0 -90.409
v 13.667 0 -90.28
v 13.588 0 -90.733
v 13.603 0 -90.556
v 11.763 0 -92.619
v 12.27 0 -92.52
v 11.996 0 -92.562
v 11.404 0 -92.781
v 11.566 0 -92.691
v 11.17 0 -93.02
v 11.273 0 -92.891
v 11.073 0 -93.294
v 11.101 0 -93.156
v 11.143 0 -93.596
v 11.087 0 -93.44
v 11.38 0 -93.95
v 11.241 0 -93.764
v 12.171 0 -94.48
v 11.741 0 -94.268
v 13.206 0 -94.59
v 12.661 0 -94.588
v 14.43 0 -94.28
v 13.798 0 -94.488
v 15.568 0 -93.716
v 15.009 0 -94.019
v 16.699 0 -92.931
v 16.125 0 -93.357
v 17.97 0 -91.82
v 17.308 0 -92.423
v 18.589 0 -91.906
v 18.74 0 -91.67
v 18.669 0 -91.778
v 18.421 0 -92.194
v 18.505 0 -92.048
v 18.27 0 -92.47
v 18.341 0 -92.337
v 18.103 0 -92.838
v 18.172 0 -92.666
v 18.034 0 -93.252
v 18.059 0 -93.021
v 18.02 0 -94
v 18.023 0 -93.567
v 16.21 0 -96.841
v 16.91 0 -96.2
v 16.495 0 -96.572
v 15.973 0 -97.159
v 16.041 0 -97.03
v 16.08 0 -97.32
v 15.991 0 -97.248
v 16.788 0 -97.559
v 16.398 0 -97.458
v 17.652 0 -97.635
v 17.218 0 -97.619
v 18.4 0 -97.52
v 18.057 0 -97.603
v 19.27 0 -97.055
v 18.815 0 -97.334
v 20.237 0 -96.272
v 19.749 0 -96.696
v 21.18 0 -95.28
v 20.719 0 -95.795
v 21.472 0 -94.937
v 21.329 0 -95.111
v 21.74 0 -94.574
v 21.609 0 -94.758
v 21.983 0 -94.195
v 21.865 0 -94.387
v 22.199 0 -93.8
v 22.094 0 -93.999
v 22.389 0 -93.391
v 22.298 0 -93.597
v 22.55 0 -92.97
v 22.473 0 -93.182
v 23.023 0 -92.993
v 22.97 0 -92.28
v 22.984 0 -92.584
v 23.137 0 -93.861
v 23.076 0 -93.44
v 23.25 0 -94.36
v 23.198 0 -94.189
v 23.383 0 -94.566
v 23.316 0 -94.469
v 23.51 0 -94.707
v 23.449 0 -94.646
v 23.61 0 -94.76
v 23.565 0 -94.746
v 23.177 0 -97.138
v 23.86 0 -96.2
v 23.46 0 -96.714
v 22.956 0 -97.745
v 23.01 0 -97.48
v 23.18 0 -98.07
v 23.014 0 -97.94
v 23.587 0 -98.108
v 23.354 0 -98.111
v 24.183 0 -97.982
v 23.868 0 -98.064
v 24.87 0 -97.72
v 24.521 0 -97.866
v 25.671 0 -97.143
v 25.283 0 -97.473
v 26.366 0 -96.247
v 26.032 0 -96.734
v 26.94 0 -95.05
v 26.669 0 -95.685
v 27.179 0 -94.327
v 27.12 0 -94.59
v 27.233 0 -93.5
v 27.217 0 -93.943
v 27.199 0 -92.699
v 27.227 0 -93.064
v 26.94 0 -92.01
v 27.15 0 -92.47
v 26.669 0 -91.443
v 26.813 0 -91.732
v 26.318 0 -90.811
v 26.505 0 -91.137
v 25.86 0 -90.07
v 26.104 0 -90.457
v 29.806 0 -83.137
v 29.67 0 -83.01
v 29.74 0 -83.077
v 29.92 0 -83.226
v 29.868 0 -83.188
v 29.99 0 -83.26
v 29.962 0 -83.251
v 30.161 0 -83.12
v 30.069 0 -83.223
v 30.359 0 -82.764
v 30.26 0 -82.963
v 30.53 0 -82.29
v 30.451 0 -82.535
v 32.615 0 -81.613
v 31.92 0 -81.484
v 32.42 0 -81.58
v 32.919 0 -81.643
v 32.781 0 -81.634
v 33.112 0 -81.625
v 33.029 0 -81.639
v 33.239 0 -81.533
v 33.17 0 -81.6
v 33.38 0 -81.228
v 33.309 0 -81.41
v 33.534 0 -80.675
v 33.454 0 -80.984
v 33.743 0 -79.738
v 33.62 0 -80.3
v 39.699 0 -86.928
v 40.07 0 -86.97
v 39.883 0 -86.947
v 39.374 0 -86.906
v 39.526 0 -86.914
v 39.17 0 -86.91
v 39.253 0 -86.904
v 39.33 0 -87.5
v 38.95 0 -86.94
v 38.822 0 -88.518
v 39.401 0 -88.484
v 39.08 0 -88.5
v 38.647 0 -88.692
v 38.677 0 -88.578
v 38.933 0 -89.127
v 38.733 0 -88.872
v 39.723 0 -89.968
v 39.25 0 -89.47
v 37.788 0 -89.809
v 38.696 0 -90.581
v 38.19 0 -90.15
v 37.126 0 -89.33
v 37.434 0 -89.535
v 36.654 0 -89.131
v 36.866 0 -89.195
v 36.14 0 -89.41
v 36.49 0 -89.14
v 35.647 0 -90.584
v 35.854 0 -89.917
v 35.548 0 -92.088
v 35.54 0 -91.333
v 35.805 0 -93.079
v 35.69 0 -92.77
v 36.071 0 -93.681
v 35.932 0 -93.383
v 36.387 0 -94.26
v 36.223 0 -93.974
v 36.749 0 -94.81
v 36.562 0 -94.538
v 37.155 0 -95.329
v 36.946 0 -95.074
v 37.602 0 -95.812
v 37.373 0 -95.575
v 38.199 0 -96.35
v 37.84 0 -96.04
v 38.906 0 -96.827
v 38.553 0 -96.611
v 39.643 0 -97.139
v 39.267 0 -97.002
v 42.989 0 -99.111
v 42.152 0 -98.441
v 42.71 0 -98.93
v 43.574 0 -99.426
v 43.277 0 -99.276
v 44.19 0 -99.676
v 43.879 0 -99.559
v 44.829 0 -99.857
v 44.507 0 -99.775
v 45.484 0 -99.968
v 45.155 0 -99.921
v 46.148 0 -100.007
v 45.815 0 -99.997
v 47.081 0 -99.99
v 46.48 0 -100
v 46.785 0 -99.998
v 47.592 0 -99.963
v 47.355 0 -99.979
v 47.9 0 -99.92
v 47.778 0 -99.943
v 49.135 0 -99.638
v 48.67 0 -99.75
v 50.189 0 -99.338
v 49.65 0 -99.498
v 51.226 0 -98.99
v 50.723 0 -99.166
v 55.062 0 -98.853
v 54.246 0 -98.7
v 54.89 0 -98.83
v 55.799 0 -98.889
v 55.373 0 -98.873
v 56.906 0 -98.908
v 56.317 0 -98.9
v 62.012 0 -99.542
v 61.671 0 -99.41
v 61.82 0 -99.47
v 62.259 0 -99.609
v 62.154 0 -99.588
v 62.396 0 -99.579
v 62.336 0 -99.606
v 62.492 0 -99.481
v 62.45 0 -99.53
v 62.529 0 -99.369
v 62.519 0 -99.43
v 62.495 0 -99.186
v 62.521 0 -99.29
v 62.349 0 -98.768
v 62.45 0 -99.05
v 62.074 0 -98.173
v 62.225 0 -98.478
v 61.675 0 -97.49
v 61.891 0 -97.846
v 64.301 0 -97.096
v 62.84 0 -96.66
v 64.11 0 -97.04
v 64.544 0 -97.12
v 64.444 0 -97.123
v 64.624 0 -97.024
v 64.603 0 -97.087
v 64.412 0 -96.443
v 64.61 0 -96.93
v 63.704 0 -95.131
v 64.096 0 -95.819
v 62.859 0 -93.85
v 63.277 0 -94.451
v 62.338 0 -93.276
v 62.49 0 -93.4
v 62.024 0 -93.04
v 62.183 0 -93.156
v 61.698 0 -92.822
v 61.863 0 -92.929
v 61.36 0 -92.623
v 61.53 0 -92.72
v 61.011 0 -92.443
v 61.186 0 -92.53
v 60.652 0 -92.283
v 60.833 0 -92.36
v 59.96 0 -92.05
v 60.47 0 -92.21
v 59.93 0 -87.77
v 60.04 0 -88.57
v 60.33 0 -88.09
v 60.123 0 -84.93
v 59.794 0 -85.359
v 60.01 0 -85.08
v 60.342 0 -84.566
v 60.237 0 -84.753
v 60.488 0 -84.232
v 60.429 0 -84.387
v 60.498 0 -84.069
v 60.51 0 -84.12
v 60.411 0 -83.917
v 60.464 0 -84
v 60.261 0 -83.732
v 60.343 0 -83.827
v 60.133 0 -82.154
v 59.895 0 -82.735
v 60 0 -82.5
v 60.114 0 -81.476
v 60.171 0 -81.814
v 59.704 0 -80.788
v 59.959 0 -81.136
v 58.89 0 -80
v 59.35 0 -80.43
v 58.992 0 -78.187
v 58.935 0 -78.392
v 58.95 0 -78.34
v 58.926 0 -77.694
v 58.982 0 -77.964
v 58.704 0 -77.104
v 58.831 0 -77.399
v 58.357 0 -76.513
v 58.55 0 -76.83
v 57.615 0 -74.608
v 57.805 0 -75.279
v 57.72 0 -74.97
v 57.284 0 -73.809
v 57.47 0 -74.22
v 56.789 0 -72.913
v 57.057 0 -73.373
v 56.316 0 -72.184
v 56.48 0 -72.43
v 56.016 0 -71.746
v 56.159 0 -71.953
v 55.8 0 -71.445
v 55.894 0 -71.574
v 57.964 0 -69.8
v 57.8 0 -68.72
v 57.881 0 -69.287
v 58.129 0 -70.63
v 58.048 0 -70.251
v 58.28 0 -71.13
v 58.207 0 -70.926
v 58.792 0 -71.752
v 58.505 0 -71.516
v 59.555 0 -71.774
v 59.141 0 -71.839
v 60.58 0 -71.19
v 60.034 0 -71.558
v 61.68 0 -76.56
v 61.83 0 -72.5
v 61.73 0 -75.07
v 62.37 0 -76.638
v 61.95 0 -76.62
v 63.499 0 -76.384
v 62.903 0 -76.553
v 64.665 0 -75.86
v 64.103 0 -76.147
v 65.436 0 -75.292
v 65.13 0 -75.54
v 67.44 0 -81.14
v 67.143 0 -78.516
v 67.27 0 -79.67
v 67.557 0 -82.128
v 67.498 0 -81.634
v 67.677 0 -83.115
v 67.616 0 -82.622
v 67.802 0 -84.102
v 67.739 0 -83.609
v 67.931 0 -85.089
v 67.866 0 -84.596
v 68.063 0 -86.075
v 67.996 0 -85.582
v 68.2 0 -87.06
v 68.131 0 -86.567
v 68.609 0 -89.786
v 68.413 0 -88.517
v 68.938 0 -91.671
v 68.785 0 -90.844
v 69.16 0 -92.55
v 69.064 0 -92.247
v 69.751 0 -92.747
v 69.404 0 -92.781
v 70.593 0 -92.023
v 70.16 0 -92.482
v 71.37 0 -90.66
v 71.009 0 -91.404
v 71.871 0 -88.86
v 71.658 0 -89.82
v 72.123 0 -86.056
v 72.021 0 -87.65
v 72.23 0 -81.19
v 72.188 0 -83.947
v 78.926 0 -95.489
v 78.86 0 -93.18
v 78.88 0 -94.241
v 79.058 0 -97.914
v 78.988 0 -96.766
v 79.19 0 -99.19
v 79.128 0 -98.775
v 79.27 0 -99.348
v 79.229 0 -99.284
v 79.39 0 -99.402
v 79.321 0 -99.386
v 79.61 0 -99.38
v 79.484 0 -99.399
v 80.951 0 -98.781
v 80.256 0 -99.183
v 82.306 0 -97.533
v 81.65 0 -98.216
v 83.3 0 -95.98
v 82.871 0 -96.773
v 83.536 0 -95.398
v 83.432 0 -95.672
v 83.697 0 -94.822
v 83.621 0 -95.125
v 83.86 0 -94
v 83.773 0 -94.458
v 83.954 0 -92.333
v 83.921 0 -93.343
v 83.936 0 -89.907
v 83.959 0 -91.132
v 83.81 0 -88.04
v 83.887 0 -88.822
v 83.704 0 -87.325
v 83.76 0 -87.682
v 83.579 0 -86.613
v 83.644 0 -86.969
v 83.433 0 -85.906
v 83.509 0 -86.259
v 83.268 0 -85.202
v 83.353 0 -85.553
v 83.084 0 -84.503
v 83.179 0 -84.852
v 82.88 0 -83.81
v 82.984 0 -84.156
v 82.623 0 -82.919
v 82.754 0 -83.367
v 82.381 0 -82.137
v 82.495 0 -82.499
v 82.23 0 -81.72
v 82.289 0 -81.867
v 82.161 0 -81.401
v 82.159 0 -81.479
v 82.16 0 -81.44
v 82.143 0 -81.308
v 82.155 0 -81.356
v 82.104 0 -81.207
v 82.125 0 -81.257
v 85.202 0 -82.008
v 82.982 0 -79.885
v 83.85 0 -80.72
v 87.063 0 -83.635
v 86.247 0 -82.96
v 88.303 0 -84.382
v 87.723 0 -84.09
v 89.511 0 -84.718
v 88.88 0 -84.57
v 90.465 0 -84.851
v 90.035 0 -84.811
v 91.099 0 -84.775
v 90.815 0 -84.839
v 91.443 0 -84.555
v 91.33 0 -84.66
v 91.539 0 -84.245
v 91.513 0 -84.417
v 91.458 0 -83.789
v 91.52 0 -84.036
v 91.264 0 -83.301
v 91.35 0 -83.5
v 91.051 0 -82.865
v 91.169 0 -83.097
v 90.695 0 -82.216
v 90.897 0 -82.579
v 90.267 0 -81.489
v 90.43 0 -81.75
v 89.729 0 -80.7
v 90.028 0 -81.131
v 89.014 0 -79.711
v 89.386 0 -80.219
v 88.237 0 -78.687
v 88.63 0 -79.2
v 87.287 0 -77.465
v 87.769 0 -78.083
v 86.531 0 -76.509
v 86.854 0 -76.914
v 86.787 0 -74.17
v 86.21 0 -73.9
v 86.495 0 -74.042
v 87.385 0 -74.389
v 87.083 0 -74.286
v 88.001 0 -74.553
v 87.691 0 -74.478
v 88.628 0 -74.662
v 88.313 0 -74.614
v 89.263 0 -74.714
v 88.945 0 -74.695
v 89.9 0 -74.71
v 89.582 0 -74.719
v 90.591 0 -74.673
v 90.293 0 -74.694
v 91.016 0 -74.594
v 90.823 0 -74.641
v 91.4 0 -74.43
v 91.199 0 -74.525
v 91.977 0 -74.015
v 91.73 0 -74.236
v 92.216 0 -73.511
v 92.14 0 -73.772
v 92.1 0 -72.95
v 92.204 0 -73.236
v 91.183 0 -71.954
v 91.79 0 -72.554
v 89.264 0 -70.306
v 90.325 0 -71.191
v 86.72 0 -68.33
v 88.046 0 -69.338
v 85.989 0 -67.783
v 86.355 0 -68.056
v 85.254 0 -67.241
v 85.622 0 -67.512
v 84.515 0 -66.704
v 84.885 0 -66.972
v 83.774 0 -66.171
v 84.145 0 -66.437
v 83.028 0 -65.643
v 83.401 0 -65.907
v 82.28 0 -65.12
v 82.655 0 -65.381
v 82.368 0 -63.46
v 80.57 0 -63.25
v 81.439 0 -63.37
v 84.169 0 -63.54
v 83.298 0 -63.518
v 85.5 0 -63.47
v 84.922 0 -63.525
v 86.671 0 -63.264
v 86.156 0 -63.358
v 87.505 0 -63.069
v 87.103 0 -63.173
v 88.45 0 -62.77
v 87.936 0 -62.94
v 89.9 0 -62.153
v 89.207 0 -62.484
v 91.03 0 -61.397
v 90.512 0 -61.787
v 91.72 0 -60.58
v 91.438 0 -60.991
v 91.86 0 -60.129
v 91.808 0 -60.362
v 91.86 0 -59.671
v 91.878 0 -59.894
v 91.72 0 -59.32
v 91.808 0 -59.475
v 87.68 0 -59.12
v 91.57 0 -59.13
v 71.042 0 -55.782
v 71.71 0 -56.2
v 71.379 0 -55.985
v 70.346 0 -55.412
v 70.697 0 -55.591
v 69.627 0 -55.09
v 69.989 0 -55.245
v 68.887 0 -54.818
v 69.259 0 -54.948
v 68.13 0 -54.598
v 68.51 0 -54.701
v 67.36 0 -54.43
v 67.746 0 -54.507
v 63.89 0 -53.433
v 64.48 0 -53.65
v 64.189 0 -53.533
v 63.3 0 -53.291
v 63.591 0 -53.351
v 62.77 0 -53.24
v 63.024 0 -53.253
v 61.93 0 -53.307
v 62.409 0 -53.258
v 60.817 0 -53.47
v 61.382 0 -53.38
v 59.83 0 -53.67
v 60.283 0 -53.569
v 65.833 0 -47.498
v 64.81 0 -48.07
v 65.67 0 -47.59
v 66.206 0 -47.29
v 66.016 0 -47.397
v 66.569 0 -47.082
v 66.394 0 -47.183
v 67.691 0 -46.427
v 66.72 0 -46.99
v 67.44 0 -46.58
v 68.42 0 -45.894
v 68.03 0 -46.189
v 69.202 0 -45.25
v 68.823 0 -45.571
v 69.751 0 -44.736
v 69.52 0 -44.96
v 70.229 0 -44.224
v 69.987 0 -44.491
v 70.743 0 -43.615
v 70.48 0 -43.933
v 71.284 0 -42.905
v 71.02 0 -43.27
v 71.791 0 -42.025
v 71.543 0 -42.487
v 72.235 0 -41.012
v 72.024 0 -41.53
v 72.562 0 -40.034
v 72.42 0 -40.48
v 72.834 0 -39.066
v 72.693 0 -39.591
v 73.236 0 -37.435
v 73.007 0 -38.376
v 73.568 0 -36.042
v 73.54 0 -36.16
v 74.277 0 -33.822
v 73.91 0 -34.884
v 73.95 0 -34.77
v 82.535 0 -26.867
v 82.81 0 -26.78
v 82.648 0 -26.826
v 82.425 0 -26.973
v 82.464 0 -26.914
v 82.41 0 -27.16
v 82.41 0 -27.052
v 82.493 0 -27.607
v 82.432 0 -27.376
v 82.714 0 -28.066
v 82.589 0 -27.841
v 83.03 0 -28.44
v 82.863 0 -28.269
v 83.429 0 -28.692
v 83.209 0 -28.573
v 84.021 0 -28.898
v 83.698 0 -28.8
v 84.86 0 -29.07
v 84.406 0 -28.987
v 80.784 0 -33.522
v 82.96 0 -31.89
v 81.761 0 -32.766
v 79.376 0 -34.778
v 79.999 0 -34.184
v 78.5 0 -35.87
v 78.887 0 -35.331
v 78.126 0 -36.51
v 78.303 0 -36.195
v 77.861 0 -37.053
v 77.976 0 -36.801
v 77.76 0 -37.38
v 77.786 0 -37.251
v 77.656 0 -37.572
v 77.703 0 -37.532
v 77.68 0 -37.55
v 77.613 0 -37.653
v 77.633 0 -37.607
v 77.576 0 -37.766
v 77.593 0 -37.706
v 77.39 0 -38.7
v 77.56 0 -37.83
v 77.213 0 -39.767
v 77.302 0 -39.177
v 77.06 0 -41.039
v 77.13 0 -40.409
v 76.99 0 -42.02
v 77.011 0 -41.597
v 72.529 0 -47.377
v 73.49 0 -46.99
v 72.929 0 -47.209
v 72.105 0 -47.617
v 72.262 0 -47.507
v 72.01 0 -47.83
v 72.029 0 -47.719
v 72.154 0 -48.084
v 72.049 0 -47.943
v 72.499 0 -48.389
v 72.31 0 -48.237
v 72.91 0 -48.63
v 72.704 0 -48.525
v 73.694 0 -48.879
v 73.294 0 -48.772
v 74.659 0 -49.008
v 74.14 0 -48.956
v 76.03 0 -49.05
v 75.279 0 -49.038
v 77.403 0 -49.011
v 76.794 0 -49.041
v 78.257 0 -48.872
v 77.882 0 -48.956
v 78.79 0 -48.6
v 78.551 0 -48.755
v 84.754 0 -54.303
v 84.01 0 -52.85
v 84.341 0 -53.591
v 85.723 0 -55.507
v 85.224 0 -54.952
v 86.7 0 -56.2
v 86.224 0 -55.934
v 87.386 0 -56.341
v 87.005 0 -56.283
v 88.224 0 -56.373
v 87.805 0 -56.371
v 88.91 0 -56.28
v 88.605 0 -56.343
v 89.48 0 -56.06
v 89.197 0 -56.181
v 89.986 0 -55.777
v 89.747 0 -55.923
v 90.33 0 -55.49
v 90.185 0 -55.63
v 90.911 0 -54.342
v 90.654 0 -54.985
v 91.186 0 -52.841
v 91.091 0 -53.611
v 91.08 0 -51.38
v 91.185 0 -52.081
v 90.893 0 -50.765
v 90.997 0 -51.077
v 90.637 0 -50.159
v 90.771 0 -50.455
v 90.35 0 -49.65
v 90.495 0 -49.886
v 91.171 0 -47.871
v 91.12 0 -47.33
v 91.132 0 -47.634
v 91.345 0 -48.163
v 91.241 0 -48.045
v 91.67 0 -48.25
v 91.487 0 -48.229
v 92.076 0 -48.16
v 91.864 0 -48.227
v 92.537 0 -47.9
v 92.301 0 -48.05
v 93.03 0 -47.49
v 92.781 0 -47.713
v 93.45 0 -47.008
v 93.267 0 -47.243
v 93.674 0 -46.532
v 93.584 0 -46.774
v 93.74 0 -45.99
v 93.724 0 -46.274
v 93.576 0 -45.254
v 93.7 0 -45.607
v 93.051 0 -44.612
v 93.361 0 -44.925
v 92.12 0 -44.01
v 92.639 0 -44.309
v 90.281 0 -43.4
v 91.171 0 -43.603
v 88.659 0 -43.61
v 89.445 0 -43.403
v 87.22 0 -44.64
v 87.919 0 -44.022
v 86.893 0 -45.023
v 87.049 0 -44.825
v 86.629 0 -45.452
v 86.753 0 -45.233
v 86.434 0 -45.917
v 86.522 0 -45.681
v 86.312 0 -46.406
v 86.364 0 -46.159
v 86.267 0 -46.907
v 86.28 0 -46.656
v 86.3 0 -47.41
v 86.274 0 -47.159
v 86.491 0 -48.283
v 86.386 0 -47.855
v 86.786 0 -49.18
v 86.621 0 -48.717
v 87.25 0 -50.28
v 86.993 0 -49.694
v 87.56 0 -51.008
v 87.52 0 -50.92
v 86.555 0 -50.479
v 86.85 0 -51.3
v 86.707 0 -50.888
v 86.225 0 -49.672
v 86.394 0 -50.074
v 85.859 0 -48.88
v 86.046 0 -49.274
v 85.459 0 -48.104
v 85.663 0 -48.49
v 85.026 0 -47.347
v 85.247 0 -47.724
v 84.56 0 -46.61
v 84.797 0 -46.976
v 85.374 0 -44.811
v 84.21 0 -45.31
v 84.65 0 -45.13
v 86.455 0 -44.132
v 85.973 0 -44.481
v 87.109 0 -43.354
v 86.831 0 -43.759
v 87.336 0 -42.783
v 87.3 0 -42.91
v 87.355 0 -42.563
v 87.355 0 -42.671
v 87.294 0 -42.296
v 87.335 0 -42.442
v 87.162 0 -41.92
v 87.23 0 -42.11
v 87.416 0 -40.607
v 87.31 0 -40.86
v 87.374 0 -40.74
v 87.434 0 -40.33
v 87.436 0 -40.467
v 87.36 0 -40.09
v 87.408 0 -40.201
v 87.247 0 -39.971
v 87.308 0 -40.023
v 87.083 0 -39.903
v 87.174 0 -39.931
v 86.83 0 -39.87
v 86.97 0 -39.883
v 86.85 0 -39.243
v 86.506 0 -39.504
v 86.68 0 -39.38
v 87.238 0 -38.79
v 87.044 0 -39.035
v 87.525 0 -38.324
v 87.406 0 -38.541
v 87.572 0 -38.139
v 87.57 0 -38.17
v 87.662 0 -37.932
v 87.621 0 -38.001
v 87.64 0 -37.97
v 87.714 0 -37.765
v 87.687 0 -37.861
v 87.762 0 -37.518
v 87.739 0 -37.649
v 87.803 0 -37.176
v 87.78 0 -37.38
v 87.801 0 -36.912
v 87.811 0 -37.025
v 87.723 0 -36.749
v 87.773 0 -36.825
v 87.578 0 -36.605
v 87.65 0 -36.67
v 87.438 0 -36.53
v 87.509 0 -36.559
v 87.263 0 -36.522
v 87.357 0 -36.518
v 87.144 0 -32.789
v 86.32 0 -33.75
v 86.697 0 -33.329
v 88.056 0 -31.611
v 87.614 0 -32.195
v 88.66 0 -30.73
v 88.421 0 -31.101
v 89.19 0 -29.724
v 88.99 0 -30.13
v 89.533 0 -28.732
v 89.374 0 -29.247
v 89.735 0 -27.721
v 89.656 0 -28.213
v 89.735 0 -26.97
v 89.76 0 -27.29
v 89.565 0 -26.145
v 89.667 0 -26.575
v 89.302 0 -25.334
v 89.44 0 -25.718
v 89.038 0 -24.817
v 89.16 0 -25.03
v 88.761 0 -24.413
v 88.905 0 -24.611
v 88.443 0 -24.04
v 88.607 0 -24.222
v 88.087 0 -23.703
v 88.269 0 -23.867
v 87.698 0 -23.405
v 87.896 0 -23.549
v 87.279 0 -23.15
v 87.492 0 -23.272
v 86.033 0 -22.726
v 87.06 0 -23.04
v 83.041 0 -22.394
v 84.633 0 -22.509
v 80.013 0 -22.498
v 81.441 0 -22.388
v 78.778 0 -22.793
v 78.94 0 -22.73
v 78.35 0 -22.996
v 78.581 0 -22.882
v 77.789 0 -23.296
v 78.086 0 -23.134
v 77.238 0 -23.619
v 77.46 0 -23.48
v 76.634 0 -24.066
v 76.953 0 -23.823
v 76.013 0 -24.583
v 76.31 0 -24.327
v 75.495 0 -25.105
v 75.77 0 -24.81
v 74.967 0 -25.716
v 75.227 0 -25.407
v 74.471 0 -26.353
v 74.715 0 -26.031
v 74.008 0 -27.013
v 74.235 0 -26.68
v 73.578 0 -27.697
v 73.789 0 -27.352
v 73.184 0 -28.401
v 73.377 0 -28.046
v 72.703 0 -29.343
v 73 0 -28.76
v 72.219 0 -30.384
v 72.456 0 -29.854
v 71.611 0 -31.861
v 71.95 0 -31.022
v 70.99 0 -33.46
v 71.16 0 -32.99
v 70.19 0 -35.78
v 70.82 0 -33.92
v 67.01 0 -41.08
v 67.02 0 -41.24
v 67.018 0 -41.174
v 66.983 0 -40.837
v 66.999 0 -40.965
v 66.94 0 -40.57
v 66.963 0 -40.703
v 66.695 0 -37.557
v 66.797 0 -38.992
v 66.77 0 -38.57
v 66.471 0 -36.025
v 66.6 0 -36.729
v 66.051 0 -34.746
v 66.293 0 -35.384
v 65.577 0 -33.737
v 65.73 0 -34.05
v 65.249 0 -33.1
v 65.423 0 -33.433
v 64.758 0 -32.196
v 65.034 0 -32.7
v 67.026 0 -28.597
v 65.885 0 -28.328
v 66.62 0 -28.51
v 67.772 0 -28.636
v 67.408 0 -28.64
v 68.472 0 -28.492
v 68.125 0 -28.587
v 69.006 0 -28.27
v 68.82 0 -28.35
v 69.362 0 -28.074
v 69.187 0 -28.177
v 69.689 0 -27.834
v 69.529 0 -27.959
v 69.983 0 -27.554
v 69.841 0 -27.698
v 70.238 0 -27.238
v 70.116 0 -27.4
v 70.451 0 -26.892
v 70.35 0 -27.069
v 71.05 0 -25.63
v 70.54 0 -26.71
v 73.183 0 -23.981
v 72.78 0 -24.11
v 72.999 0 -24.06
v 73.44 0 -23.749
v 73.331 0 -23.876
v 73.53 0 -23.44
v 73.507 0 -23.603
v 73.459 0 -23.078
v 73.513 0 -23.261
v 73.225 0 -22.679
v 73.364 0 -22.886
v 72.8 0 -22.19
v 73.038 0 -22.449
v 72.241 0 -21.695
v 72.512 0 -21.912
v 71.705 0 -21.418
v 71.976 0 -21.533
v 71.1 0 -21.31
v 71.417 0 -21.346
v 72.394 0 -20.34
v 71.239 0 -20.36
v 71.87 0 -20.35
v 73.061 0 -20.279
v 72.785 0 -20.318
v 73.332 0 -20.134
v 73.238 0 -20.219
v 73.3 0 -19.792
v 73.36 0 -20.02
v 72.899 0 -19.049
v 73.138 0 -19.454
v 72.294 0 -18.196
v 72.609 0 -18.616
v 71.73 0 -17.583
v 71.98 0 -17.83
v 71.241 0 -17.209
v 71.487 0 -17.377
v 70.715 0 -16.965
v 70.987 0 -17.073
v 70.239 0 -16.843
v 70.42 0 -16.88
v 69.929 0 -16.817
v 70.082 0 -16.821
v 69.548 0 -16.866
v 69.758 0 -16.832
v 68.808 0 -17.025
v 69.28 0 -16.92
v 66.982 0 -12.338
v 67.18 0 -14.05
v 67.01 0 -12.57
v 69.91 0 -7.66
v 68.42 0 -9.52
v 69.94 0 -8.37
v 69.691 0 -5.767
v 69.836 0 -6.687
v 69.222 0 -4.199
v 69.484 0 -4.929
v 68.57 0 -3.18
v 68.914 0 -3.607
v 67.911 0 -2.869
v 68.243 0 -2.957
v 67.346 0 -3.061
v 67.603 0 -2.908
v 67.1 0 -3.67
v 67.169 0 -3.318
v 62.89 0 -3.231
v 64.06 0 -4.19
v 63.57 0 -3.765
v 61.31 0 -2.095
v 62.107 0 -2.654
v 60.02 0 -1.29
v 60.585 0 -1.619
v 59.379 0 -1.019
v 59.693 0 -1.135
v 58.767 0 -0.898
v 59.072 0 -0.94
v 58.14 0 -0.92
v 58.458 0 -0.892
v 53.719 0 -0.205
v 54.393 0 -0.657
v 53.98 0 -0.38
v 53.393 0 -0.02
v 53.527 0 -0.087
v 53.246 0 -0.022
v 53.303 0 0
v 53.148 0 -0.373
v 53.21 0 -0.08
v 53.102 0 -0.97
v 53.112 0 -0.671
v 53.16 0 -1.566
v 53.118 0 -1.269
v 53.32 0 -2.143
v 53.227 0 -1.858
v 53.578 0 -2.683
v 53.437 0 -2.419
v 53.926 0 -3.171
v 53.741 0 -2.935
v 51.585 0 -4.304
v 52 0 -4.49
v 51.785 0 -4.391
v 51.268 0 -4.186
v 51.41 0 -4.235
v 51.12 0 -4.16
v 51.169 0 -4.159
v 51.077 0 -4.283
v 51.097 0 -4.2
v 51.05 0 -4.553
v 51.061 0 -4.404
v 51.04 0 -4.91
v 51.042 0 -4.725
v 51.218 0 -6.124
v 51.086 0 -5.55
v 51.716 0 -7.02
v 51.43 0 -6.618
v 52.48 0 -7.5
v 52.068 0 -7.318
v 51.741 0 -9.173
v 52.242 0 -9.339
v 51.92 0 -9.23
v 51.389 0 -9.08
v 51.561 0 -9.122
v 51.099 0 -9.027
v 51.232 0 -9.048
v 50.7 0 -9.02
v 51 0 -9.02
v 50.703 0 -9.941
v 50.7 0 -9.69
v 50.74 0 -10.316
v 50.715 0 -10.144
v 50.844 0 -10.628
v 50.781 0 -10.472
v 51.076 0 -11.046
v 50.93 0 -10.8
v 51.459 0 -11.484
v 51.252 0 -11.274
v 51.958 0 -11.852
v 51.694 0 -11.676
v 52.692 0 -12.209
v 52.25 0 -12.01
v 53.524 0 -12.465
v 53.107 0 -12.358
v 54.472 0 -12.575
v 53.969 0 -12.535
v 55.69 0 -12.586
v 55.06 0 -12.59
v 56.646 0 -12.427
v 56.197 0 -12.54
v 57.645 0 -11.915
v 57.107 0 -12.227
v 58.796 0 -11.158
v 58.33 0 -11.47
v 56.489 0 -18.982
v 56.809 0 -19.451
v 56.71 0 -19.3
v 55.972 0 -18.386
v 56.237 0 -18.671
v 55.476 0 -17.967
v 55.713 0 -18.145
v 54.706 0 -17.739
v 55.28 0 -17.87
v 53.23 0 -17.576
v 53.994 0 -17.64
v 51.9 0 -17.577
v 52.503 0 -17.554
v 51.397 0 -17.703
v 51.51 0 -17.65
v 51.382 0 -17.874
v 51.35 0 -17.769
v 51.748 0 -18.308
v 51.51 0 -18.045
v 52.035 0 -22.79
v 52.33 0 -22.17
v 52.175 0 -22.477
v 51.8 0 -23.436
v 51.91 0 -23.11
v 51.627 0 -24.1
v 51.706 0 -23.766
v 51.517 0 -24.778
v 51.564 0 -24.438
v 51.471 0 -25.463
v 51.486 0 -25.12
v 51.49 0 -26.15
v 51.472 0 -25.807
v 51.595 0 -27.375
v 51.534 0 -26.792
v 51.809 0 -28.591
v 51.682 0 -27.956
v 52.22 0 -30.25
v 51.984 0 -29.337
v 49.39 0 -32.19
v 50.718 0 -31.924
v 50.28 0 -32.01
v 46.531 0 -32.612
v 48.29 0 -32.37
v 47.11 0 -32.53
v 45.037 0 -29.611
v 43.875 0 -30.775
v 44.42 0 -30.23
v 45.749 0 -28.765
v 45.469 0 -29.139
v 45.977 0 -28.106
v 45.907 0 -28.437
v 45.979 0 -27.471
v 45.99 0 -27.72
v 45.906 0 -26.974
v 45.953 0 -27.23
v 45.73 0 -26.326
v 45.834 0 -26.68
v 45.482 0 -25.571
v 45.59 0 -25.89
v 45.292 0 -25.005
v 45.382 0 -25.271
v 45.163 0 -24.626
v 45.218 0 -24.786
v 44.88 0 -23.91
v 45.13 0 -24.54
v 45.302 0 -22.663
v 44.906 0 -23.129
v 45.05 0 -22.96
v 45.76 0 -22.01
v 45.546 0 -22.335
v 46.018 0 -21.504
v 45.924 0 -21.721
v 45.96 0 -21.374
v 46.02 0 -21.39
v 45.61 0 -21.344
v 45.819 0 -21.359
v 45.047 0 -21.323
v 45.348 0 -21.331
v 44.024 0 -21.336
v 44.72 0 -21.32
v 42.941 0 -21.457
v 43.443 0 -21.38
v 42.035 0 -21.745
v 42.484 0 -21.577
v 41.289 0 -22.1
v 41.56 0 -21.97
v 42.215 0 -20.689
v 42 0 -20.83
v 42.107 0 -20.764
v 42.408 0 -20.531
v 42.318 0 -20.61
v 42.53 0 -20.39
v 42.481 0 -20.456
v 42.617 0 -20.221
v 42.588 0 -20.295
v 42.57 0 -20.079
v 42.612 0 -20.154
v 42.35 0 -19.85
v 42.484 0 -19.982
v 41.935 0 -19.549
v 42.148 0 -19.692
v 41.481 0 -19.31
v 41.712 0 -19.421
v 40.996 0 -19.141
v 41.242 0 -19.217
v 40.493 0 -19.043
v 40.746 0 -19.083
v 39.98 0 -19.019
v 40.237 0 -19.022
v 39.47 0 -19.07
v 39.724 0 -19.035
v 38.828 0 -19.202
v 39.128 0 -19.135
v 38.342 0 -19.345
v 38.568 0 -19.271
v 37.98 0 -19.51
v 38.147 0 -19.424
v 35.424 0 -19.117
v 36.56 0 -19.92
v 36.094 0 -19.586
v 33.769 0 -17.979
v 34.625 0 -18.565
v 32.18 0 -16.91
v 32.929 0 -17.411
v 30.777 0 -13.766
v 30.62 0 -15.5
v 30.75 0 -14.09
v 30.51 0 -11.22
v 30.92 0 -12.36
v 30.99 0 -11.78
v 30.124 0 -10.798
v 30.346 0 -11.037
v 29.569 0 -10.219
v 29.86 0 -10.52
v 28.97 0 -9.61
v 29.267 0 -9.91
v 28.102 0 -8.791
v 28.503 0 -9.153
v 27.508 0 -8.359
v 27.77 0 -8.526
v 27.2 0 -8.32
v 27.317 0 -8.29
v 27.099 0 -8.694
v 27.154 0 -8.442
v 26.994 0 -9.396
v 27.044 0 -9.029
v 26.94 0 -10.03
v 26.957 0 -9.746
v 25.89 0 -11.396
v 26.338 0 -11.099
v 26.05 0 -11.27
v 25.564 0 -11.855
v 25.726 0 -11.594
v 25.274 0 -12.514
v 25.411 0 -12.166
v 25.092 0 -13.149
v 25.16 0 -12.89
v 20.146 0 -14.814
v 21.78 0 -14.61
v 20.861 0 -14.722
v 19.11 0 -14.966
v 19.581 0 -14.893
v 18.23 0 -15.13
v 18.678 0 -15.043
v 17.557 0 -15.296
v 17.837 0 -15.21
v 17.157 0 -15.647
v 17.345 0 -15.429
v 16.67 0 -16.5
v 16.947 0 -15.991
v 14.252 0 -17.418
v 14.504 0 -17.488
v 14.37 0 -17.45
v 14.047 0 -17.372
v 14.143 0 -17.391
v 13.916 0 -17.361
v 13.97 0 -17.362
v 13.858 0 -17.433
v 13.89 0 -17.37
v 13.841 0 -17.673
v 13.842 0 -17.537
v 13.881 0 -17.998
v 13.854 0 -17.829
v 14.09 0 -18.505
v 13.92 0 -18.17
v 14.815 0 -19.161
v 14.396 0 -18.84
v 15.9 0 -19.701
v 15.324 0 -19.453
v 16.872 0 -19.986
v 16.52 0 -19.89
v 15.278 0 -22.555
v 15.955 0 -22.548
v 15.65 0 -22.55
v 14.863 0 -22.622
v 15.02 0 -22.577
v 14.788 0 -22.816
v 14.79 0 -22.7
v 14.927 0 -23.133
v 14.84 0 -22.98
v 15.25 0 -23.531
v 15.068 0 -23.322
v 15.68 0 -23.946
v 15.459 0 -23.744
v 16.24 0 -24.37
v 15.9 0 -24.12
v 18.983 0 -26.129
v 19.54 0 -25.92
v 19.24 0 -26.02
v 18.62 0 -26.361
v 18.775 0 -26.244
v 18.49 0 -26.59
v 18.523 0 -26.477
v 18.594 0 -26.857
v 18.517 0 -26.718
v 18.872 0 -27.143
v 18.715 0 -27.001
v 19.27 0 -27.39
v 19.059 0 -27.274
v 19.847 0 -27.644
v 19.565 0 -27.526
v 20.34 0 -27.813
v 20.108 0 -27.74
v 20.69 0 -27.88
v 20.536 0 -27.86
v 21.37 0 -27.731
v 20.983 0 -27.843
v 22.414 0 -27.292
v 21.847 0 -27.548
v 23.8 0 -26.57
v 23.065 0 -26.966
v 24.869 0 -25.806
v 24.406 0 -26.195
v 25.454 0 -24.844
v 25.211 0 -25.368
v 25.73 0 -23.4
v 25.62 0 -24.2
v 28.911 0 -22.788
v 28.75 0 -22.46
v 28.83 0 -22.624
v 29.079 0 -23.112
v 28.994 0 -22.95
v 29.254 0 -23.432
v 29.166 0 -23.272
v 29.436 0 -23.749
v 29.344 0 -23.591
v 29.625 0 -24.061
v 29.53 0 -23.906
v 29.82 0 -24.37
v 29.722 0 -24.216
v 29.832 0 -24.409
v 29.823 0 -24.387
v 29.861 0 -24.461
v 29.845 0 -24.434
v 29.9 0 -24.52
v 29.88 0 -24.49
v 30.948 0 -25.921
v 30.61 0 -25.47
v 30.783 0 -25.702
v 31.229 0 -26.283
v 31.099 0 -26.118
v 31.4 0 -26.48
v 31.331 0 -26.407
v 31.643 0 -31.577
v 32.29 0 -30.91
v 31.948 0 -31.254
v 31.143 0 -32.157
v 31.375 0 -31.878
v 30.79 0 -32.65
v 30.948 0 -32.414
v 27.87 0 -34.883
v 28.706 0 -34.515
v 28.46 0 -34.6
v 26.891 0 -35.734
v 27.341 0 -35.268
v 26.303 0 -36.821
v 26.539 0 -36.259
v 26.19 0 -37.598
v 26.2 0 -37.4
v 26.204 0 -37.864
v 26.19 0 -37.749
v 26.281 0 -38.033
v 26.233 0 -37.955
v 26.456 0 -38.192
v 26.35 0 -38.11
v 26.74 0 -38.25
v 26.582 0 -38.239
v 27.197 0 -38.161
v 26.941 0 -38.224
v 30.798 0 -40.444
v 29.638 0 -38.961
v 30.22 0 -39.71
v 31.871 0 -41.526
v 31.344 0 -41.045
v 32.934 0 -42.185
v 32.396 0 -41.902
v 33.909 0 -42.502
v 33.5 0 -42.39
v 34.579 0 -42.638
v 34.254 0 -42.583
v 35.339 0 -42.686
v 34.926 0 -42.67
v 36.384 0 -42.687
v 35.86 0 -42.69
v 37.13 0 -42.645
v 36.796 0 -42.673
v 37.69 0 -42.523
v 37.417 0 -42.597
v 44.259 0 -43.487
v 45.16 0 -43.21
v 44.44 0 -43.43
v 42.43 0 -44.01
v 42.63 0 -43.96
v 42.532 0 -43.983
v 42.234 0 -44.067
v 42.329 0 -44.039
v 41.49 0 -44.28
v 42.149 0 -44.091
v 42.08 0 -44.11
v 40.495 0 -44.591
v 41.061 0 -44.41
v 39.271 0 -45.002
v 39.873 0 -44.798
v 38.45 0 -45.3
v 38.771 0 -45.179
v 37.519 0 -45.736
v 37.99 0 -45.511
v 36.658 0 -46.171
v 37.065 0 -45.96
v 36.1 0 -46.5
v 36.327 0 -46.356
v 35.614 0 -46.735
v 35.66 0 -46.73
v 35.636 0 -46.729
v 35.582 0 -46.762
v 35.596 0 -46.746
v 35.57 0 -46.8
v 35.573 0 -46.78
v 35.279 0 -47.011
v 35.432 0 -46.934
v 35.38 0 -46.96
v 34.932 0 -47.24
v 35.139 0 -47.099
v 34.219 0 -47.762
v 34.635 0 -47.455
v 31.444 0 -48.453
v 32.016 0 -48.703
v 31.69 0 -48.56
v 30.961 0 -48.345
v 31.2 0 -48.381
v 30.522 0 -48.384
v 30.734 0 -48.346
v 30.199 0 -48.543
v 30.33 0 -48.46
v 29.985 0 -48.769
v 30.086 0 -48.644
v 29.811 0 -49.112
v 29.894 0 -48.923
v 26.013 0 -50.885
v 27.24 0 -50.88
v 26.52 0 -50.872
v 25.461 0 -51.019
v 25.674 0 -50.93
v 25.24 0 -51.37
v 25.331 0 -51.161
v 18.714 0 -51.314
v 18.705 0 -51.86
v 18.71 0 -51.55
v 18.883 0 -49.32
v 18.797 0 -50.293
v 18.83 0 -50.09
v 18.541 0 -47.844
v 18.786 0 -48.568
v 17.629 0 -46.524
v 18.154 0 -47.159
v 16.748 0 -45.786
v 16.97 0 -45.95
v 16.376 0 -45.544
v 16.557 0 -45.654
v 15.954 0 -45.339
v 16.183 0 -45.443
v 15.484 0 -45.167
v 15.67 0 -45.22
v 14.988 0 -45.129
v 15.249 0 -45.136
v 14.471 0 -45.181
v 14.721 0 -45.144
v 13.943 0 -45.375
v 14.26 0 -45.24
v 13.354 0 -45.751
v 13.63 0 -45.554
v 13.028 0 -46.104
v 13.143 0 -45.943
v 13.073 0 -46.234
v 13.04 0 -46.21
v 13.206 0 -46.298
v 13.13 0 -46.264
v 13.396 0 -46.368
v 13.296 0 -46.333
v 15.133 0 -47.95
v 15.169 0 -47.604
v 15.15 0 -47.78
v 15.094 0 -48.534
v 15.114 0 -48.208
v 15.051 0 -49.314
v 15.072 0 -48.909
v 15.012 0 -50.142
v 15.03 0 -49.73
v 13.878 0 -52.218
v 14.12 0 -52.14
v 14.014 0 -52.161
v 13.576 0 -52.402
v 13.726 0 -52.301
v 13.34 0 -52.62
v 13.442 0 -52.512
v 13.236 0 -52.803
v 13.293 0 -52.694
v 13.11 0 -53.087
v 13.174 0 -52.936
v 13 0 -53.41
v 13.051 0 -53.248
v 10.3 0 -55.51
v 11.411 0 -55.011
v 10.62 0 -55.36
v 9.805 0 -55.85
v 10.033 0 -55.67
v 9.416 0 -56.323
v 9.604 0 -56.064
v 8.987 0 -57.056
v 9.23 0 -56.64
v 7.461 0 -57.918
v 7.974 0 -57.862
v 7.66 0 -57.89
v 6.896 0 -58.094
v 7.191 0 -57.991
v 6.402 0 -58.319
v 6.619 0 -58.209
v 6.267 0 -58.546
v 6.29 0 -58.41
v 6.46 0 -58.923
v 6.328 0 -58.723
v 6.88 0 -59.319
v 6.649 0 -59.127
v 7.49 0 -59.644
v 7.14 0 -59.48
v 8.264 0 -59.876
v 7.863 0 -59.775
v 9.168 0 -59.992
v 8.697 0 -59.948
v 10.271 0 -59.992
v 9.68 0 -60.01
v 11.195 0 -59.824
v 10.768 0 -59.933
v 11.933 0 -59.426
v 11.576 0 -59.657
v 12.471 0 -58.961
v 12.29 0 -59.12
v 11.876 0 -60.939
v 15.57 0 -62.01
v 19.823 0 -58.368
v 22.82 0 -59.64
v 23.115 0 -62.437
v 26.48 0 -66.48
v 24.24 0 -78.76
v 16.738 0 -79.635
v 19.019 0 -82.207
v 18.873 0 -91.463
v 18.017 0 -94.53
v 17.388 0 -95.77
v 24.063 0 -95.926
v 25.367 0 -89.3
v 40.04 0 -97.24
v 57.54 0 -98.91
v 61.42 0 -97.1
v 59.74 0 -89.075
v 65.705 0 -75.087
v 78.834 0 -92.048
v 82.21 0 -81.676
v 82.08 0 -81.16
v 81.591 0 -64.65
v 80.378 0 -63.226
v 64.766 0 -53.759
v 59.572 0 -53.734
v 83.329 0 -26.632
v 83.997 0 -31.132
v 77.758 0 -37.415
v 76.975 0 -42.38
v 83.66 0 -52.087
v 91.108 0 -47.045
v 87.295 0 -40.892
v 87.15 0 -36.54
v 70.115 0 -36.011
v 72.415 0 -24.199
v 66.89 0 -10.68
v 64.301 0 -4.397
v 57.95 0 -0.94
v 54.13 0 -3.39
v 52.453 0 -4.698
v 52.11 0 -18.69
v 52.555 0 -21.703
v 41.676 0 -21.037
v 36.84 0 -20.12
v 30.897 0 -12.559
v 26.919 0 -10.293
v 18.11 0 -24.37
v 19.804 0 -25.825
v 32.59 0 -30.605
v 28.945 0 -34.414
v 37.98 0 -42.42
v 36.005 0 -46.563
v 35.564 0 -46.822
v 33.66 0 -48.18
v 25.144 0 -51.571
v 18.768 0 -50.531
v 14.225 0 -52.106
v 12.378 0 -59.958
v 10.944 0 -62.679
v 9.572 0 -63.607
v 14.937 0 -63.197
v 15.856 0 -66.166
v 19.803 0 -58.013
v 23.2 0 -61.901
v 24.965 0 -72.39
v 24.761 0 -76.486
v 24.369 0 -79.167
v 22.574 0 -81.309
v 17.816 0 -80.389
v 16.252 0 -88.259
v 12.686 0 -92.431
v 18.207 0 -91.601
v 23.635 0 -94.767
v 29.499 0 -82.86
v 41.658 0 -98.047
v 53.637 0 -98.621
v 58.167 0 -98.912
v 61.508 0 -99.35
v 61.56 0 -96.28
v 59.469 0 -89.584
v 60.17 0 -83.64
v 59.842 0 -82.938
v 58.921 0 -78.493
v 58.186 0 -76.201
v 57.911 0 -75.586
v 60.806 0 -71.027
v 61.845 0 -71.987
v 82.192 0 -81.627
v 82.328 0 -79.261
v 85.76 0 -73.691
v 86.579 0 -59.113
v 72.076 0 -56.425
v 85.032 0 -29.101
v 77.723 0 -37.508
v 73.563 0 -46.958
v 79.166 0 -48.335
v 84.392 0 -46.355
v 84.137 0 -45.344
v 87.273 0 -40.944
v 87.604 0 -38.035
v 85.51 0 -34.73
v 70.039 0 -36.242
v 67.025 0 -41.294
v 66.827 0 -39.404
v 65.217 0 -28.191
v 70.746 0 -21.28
v 54.274 0 -3.565
v 52.71 0 -7.59
v 56.913 0 -19.597
v 30.869 0 -12.815
v 26.565 0 -10.922
v 25.025 0 -13.36
v 22.777 0 -14.482
v 17.155 0 -20.087
v 16.193 0 -22.538
v 18.824 0 -24.372
v 27.52 0 -38.06
v 35.697 0 -46.725
v 29.73 0 -49.34
v 27.572 0 -50.878
v 11.984 0 -54.721
v 12.759 0 -59.182
v 10.73 0 -63.02
v 21.72 0 -57.644
v 22.013 0 -57.881
v 23.26 0 -61.386
v 26.539 0 -66.991
v 25.429 0 -72.046
v 23.86 0 -75.07
v 17.704 0 -95.456
v 22.62 0 -92.781
v 24.19 0 -95.69
v 31.559 0 -81.427
v 33.87 0 -79.221
v 40.877 0 -87.04
v 39.605 0 -88.425
v 39.143 0 -90.911
v 40.419 0 -97.346
v 61.176 0 -96.714
v 59.237 0 -90.067
v 59.594 0 -85.664
v 60.004 0 -83.459
v 58.909 0 -78.634
v 57.662 0 -67.955
v 60.997 0 -70.908
v 61.839 0 -71.589
v 65.935 0 -74.927
v 67.03 0 -77.556
v 72.247 0 -79.977
v 82.165 0 -81.526
v 81.86 0 -78.823
v 85.392 0 -73.53
v 81.031 0 -64.257
v 65.104 0 -53.87
v 59.216 0 -53.82
v 73.597 0 -35.925
v 83.733 0 -26.479
v 84.771 0 -30.526
v 77.75 0 -37.449
v 83.176 0 -51.256
v 90.024 0 -49.118
v 91.069 0 -46.825
v 87.049 0 -51.778
v 84.241 0 -46.117
v 86.412 0 -39.616
v 86.676 0 -36.612
v 66.859 0 -39.787
v 64.4 0 -31.55
v 71.277 0 -25.199
v 72.087 0 -24.349
v 70.765 0 -20.393
v 54.707 0 -0.841
v 52.899 0 -7.719
v 52.469 0 -9.405
v 57.016 0 -19.734
v 52.74 0 -21.291
v 43.496 0 -31.182
v 44.813 0 -23.269
v 41.375 0 -21.258
v 37.27 0 -19.89
v 31.787 0 -16.647
v 30.839 0 -13.113
v 14.661 0 -17.522
v 19.341 0 -24.38
v 20.024 0 -25.703
v 25.859 0 -22.336
v 28.334 0 -21.659
v 32.38 0 -27.66
v 32.856 0 -30.327
v 29.177 0 -34.297
v 29.164 0 -38.436
v 35.913 0 -46.62
v 35.478 0 -46.905
v 32.312 0 -48.77
v 29.624 0 -49.591
v 27.825 0 -50.868
v 18.744 0 -50.79
v 13.5 0 -46.4
v 14.989 0 -50.528
v 8.254 0 -57.773
v 12.91 0 -58.82
v 10.576 0 -63.115
v 9.787 0 -63.515
v 14.969 0 -63.159
v 16.038 0 -65.863
v 20.088 0 -57.277
v 22.928 0 -59.767
v 23.294 0 -60.925
v 24.837 0 -76.289
v 22.69 0 -81.652
v 16.488 0 -88.117
v 13.019 0 -92.28
v 18.43 0 -91.402
v 18.971 0 -91.284
v 22.687 0 -92.61
v 22.967 0 -92.262
v 24.976 0 -88.663
v 29.33 0 -82.757
v 31.305 0 -81.409
v 41.804 0 -87.064
v 39.696 0 -88.311
v 39.528 0 -91.139
v 41.214 0 -97.74
v 51.67 0 -98.82
v 58.753 0 -98.92
v 61.34 0 -99.293
v 61.262 0 -96.199
v 59.856 0 -92.012
v 59.058 0 -90.5
v 59.841 0 -83.119
v 58.899 0 -78.807
v 58.037 0 -75.893
v 72.266 0 -78.87
v 78.761 0 -90.882
v 82.176 0 -81.576
v 86.38 0 -76.33
v 80.223 0 -63.225
v 85.568 0 -59.1
v 72.456 0 -56.627
v 65.515 0 -53.987
v 58.804 0 -53.916
v 64.17 0 -48.43
v 77.739 0 -37.48
v 73.676 0 -46.905
v 79.514 0 -48.159
v 82.599 0 -50.41
v 87.607 0 -51.126
v 84.071 0 -45.386
v 87.245 0 -41.014
v 87.579 0 -38.105
v 87.59 0 -38.07
v 86.268 0 -36.639
v 85.191 0 -35.135
v 69.962 0 -36.473
v 66.917 0 -40.39
v 66.889 0 -40.123
v 63.928 0 -30.678
v 64.63 0 -28.103
v 70.429 0 -20.454
v 67.056 0 -3.957
v 64.544 0 -4.558
v 54.989 0 -0.95
v 54.404 0 -3.725
v 52.809 0 -4.824
v 59.151 0 -10.932
v 52.884 0 -20.936
v 52.269 0 -30.484
v 43.263 0 -31.481
v 44.803 0 -23.699
v 31.428 0 -16.404
v 30.807 0 -13.435
v 26.735 0 -10.732
v 23.488 0 -14.377
v 14.831 0 -17.551
v 17.378 0 -20.2
v 16.382 0 -22.516
v 19.699 0 -24.396
v 26.01 0 -21.51
v 33.08 0 -30.081
v 29.401 0 -34.165
v 27.977 0 -37.947
v 42.928 0 -43.874
v 35.827 0 -46.667
v 35.754 0 -46.704
v 18.726 0 -51.056
v 14.366 0 -52.018
v 12.384 0 -54.452
v 12.891 0 -58.758
v 10.336 0 -63.245
v 10.057 0 -63.386
v 15.002 0 -63.143
v 16.156 0 -65.643
v 19.789 0 -57.709
v 23.028 0 -59.896
v 23.298 0 -60.552
v 25.841 0 -71.726
v 24.883 0 -76.124
v 22.825 0 -81.844
v 17.056 0 -79.695
v 16.718 0 -87.964
v 13.27 0 -92.061
v 18.629 0 -91.23
v 19.032 0 -91.14
v 17.892 0 -95.19
v 22.749 0 -92.463
v 23.679 0 -94.788
v 24.244 0 -95.485
v 24.681 0 -88.15
v 29.153 0 -82.701
v 42.785 0 -87.042
v 40.059 0 -90.354
v 40.806 0 -97.509
v 52.081 0 -98.692
v 59.27 0 -98.931
v 61.176 0 -99.24
v 61.077 0 -96.193
v 59.739 0 -91.961
v 58.941 0 -90.853
v 59.42 0 -85.974
v 58.892 0 -79.006
v 57.482 0 -67.428
v 61.806 0 -71.29
v 66.929 0 -76.766
v 72.287 0 -77.915
v 78.646 0 -89.729
v 81.975 0 -80.889
v 81.549 0 -78.542
v 86.218 0 -76.135
v 85.095 0 -73.414
v 80.598 0 -63.94
v 72.87 0 -56.813
v 84.02 0 -26.324
v 85.3 0 -30.054
v 73.823 0 -46.835
v 79.839 0 -48.071
v 89.776 0 -48.617
v 90.999 0 -46.665
v 87.66 0 -51.268
v 84.114 0 -45.908
v 84.014 0 -45.43
v 87.214 0 -41.096
v 84.98 0 -35.453
v 69.884 0 -36.703
v 64.136 0 -28.062
v 71.791 0 -24.563
v 66.925 0 -4.206
v 57.69 0 -0.959
v 53.107 0 -4.869
v 52.627 0 -9.43
v 59.423 0 -10.78
v 57.114 0 -19.853
v 44.766 0 -23.397
v 41.112 0 -21.48
v 31.119 0 -16.192
v 26.851 0 -10.525
v 24.956 0 -13.533
v 23.975 0 -14.28
v 15.006 0 -17.574
v 17.548 0 -20.329
v 16.544 0 -22.479
v 20.199 0 -25.556
v 26.191 0 -20.901
v 27.994 0 -21.06
v 30.663 0 -32.877
v 29.616 0 -34.019
v 28.376 0 -37.954
v 28.757 0 -38.109
v 43.277 0 -43.774
v 32.6 0 -48.756
v 28.022 0 -50.846
v 13.775 0 -46.494
v 14.523 0 -51.893
v 8.75 0 -57.377
v 8.509 0 -57.614
v 15.68 0 -60.465
v 16.219 0 -65.487
v 19.78 0 -57.47
v 23.116 0 -60.019
v 24.24 0 -63.05
v 26.17 0 -71.456
v 24.387 0 -79.613
v 16.941 0 -87.801
v 17.986 0 -94.904
v 22.803 0 -92.347
v 23.736 0 -94.821
v 24.223 0 -95.303
v 24.477 0 -87.75
v 28.957 0 -82.689
v 31.128 0 -81.43
v 43.752 0 -86.98
v 39.679 0 -88.128
v 39.847 0 -91.263
v 59.694 0 -98.947
v 61.023 0 -99.195
v 61.002 0 -96.27
v 59.615 0 -91.901
v 59.706 0 -87.584
v 59.283 0 -86.27
v 55.74 0 -71.37
v 57.237 0 -67.122
v 61.745 0 -71.074
v 66.837 0 -76.12
v 72.311 0 -77.16
v 78.496 0 -88.635
v 81.806 0 -80.392
v 81.365 0 -78.394
v 85.899 0 -75.724
v 84.858 0 -73.336
v 80.285 0 -63.696
v 80.106 0 -63.245
v 66.624 0 -54.263
v 66.016 0 -54.117
v 63.886 0 -48.601
v 84.187 0 -26.167
v 73.994 0 -46.751
v 89.61 0 -48.154
v 90.895 0 -46.558
v 87.716 0 -51.424
v 84.016 0 -45.736
v 87.181 0 -41.186
v 69.805 0 -36.932
v 63.749 0 -28.071
v 71.523 0 -24.845
v 70.211 0 -20.547
v 66.713 0 -4.415
v 57.38 0 -0.976
v 55.307 0 -1.002
v 53.387 0 -4.832
v 52.748 0 -9.415
v 59.635 0 -10.688
v 57.2 0 -19.947
v 52.987 0 -20.639
v 43.154 0 -31.705
v 44.764 0 -23.535
v 40.905 0 -21.689
v 24.881 0 -13.673
v 16.579 0 -16.664
v 16.697 0 -22.422
v 20.326 0 -25.387
v 26.41 0 -20.49
v 30.521 0 -33.094
v 29.821 0 -33.859
v 38.706 0 -42.238
v 43.64 0 -43.669
v 29.465 0 -49.847
v 28.188 0 -50.809
v 14.046 0 -46.602
v 14.674 0 -51.749
v 15.872 0 -60.033
v 23.189 0 -60.131
v 23.27 0 -60.3
v 26.38 0 -71.26
v 17.319 0 -79.825
v 17.156 0 -87.628
v 13.445 0 -91.77
v 23.805 0 -94.865
v 24.128 0 -95.137
v 28.733 0 -82.719
v 30.997 0 -81.49
v 44.639 0 -86.878
v 40.271 0 -90.649
v 40.099 0 -91.28
v 60.89 0 -99.16
v 59.517 0 -87.399
v 59.192 0 -86.532
v 58.89 0 -79.22
v 55.574 0 -71.157
v 61.159 0 -70.83
v 61.651 0 -70.926
v 66.751 0 -75.593
v 72.335 0 -76.653
v 78.315 0 -87.646
v 81.28 0 -78.35
v 85.496 0 -75.192
v 84.67 0 -73.293
v 80.031 0 -63.285
v 58.377 0 -54.014
v 63.425 0 -48.892
v 84.231 0 -26.012
v 85.602 0 -29.697
v 74.182 0 -46.659
v 89.527 0 -47.737
v 90.753 0 -46.499
v 87.774 0 -51.587
v 83.952 0 -45.613
v 83.969 0 -45.474
v 87.15 0 -41.28
v 86.399 0 -39.711
v 84.871 0 -35.705
v 69.724 0 -37.162
v 70.095 0 -20.678
v 66.9 0 -11.22
v 57.036 0 -0.991
v 55.728 0 -1.016
v 53.688 0 -4.716
v 52.859 0 -9.361
v 57.27 0 -20.01
v 53.049 0 -20.4
v 41.076 0 -22.18
v 40.769 0 -21.87
v 30.617 0 -15.575
v 24.299 0 -14.177
v 15.175 0 -17.591
v 16.86 0 -22.34
v 20.404 0 -25.197
v 32.762 0 -28.15
v 30.365 0 -33.302
v 39.81 0 -42.081
v 43.98 0 -43.57
v 35.545 0 -46.848
v 32.905 0 -48.656
v 24.992 0 -51.798
v 18.71 0 -52.092
v 14.305 0 -46.722
v 12.847 0 -53.834
v 16.09 0 -59.75
v 15.771 0 -61.952
v 16.234 0 -65.379
v 23.242 0 -60.227
v 24.779 0 -62.975
v 26.463 0 -71.167
v 17.56 0 -80.048
v 13.58 0 -90.95
v 13.547 0 -91.402
v 19.056 0 -91.036
v 23.881 0 -94.919
v 23.96 0 -94.98
v 30.576 0 -82.153
v 33.996 0 -78.768
v 39.555 0 -87.862
v 40.371 0 -90.873
v 40.28 0 -91.19
v 52.549 0 -98.616
v 60.16 0 -98.99
v 61.036 0 -96.441
v 58.9 0 -91.1
v 59.895 0 -83.289
v 55.354 0 -70.864
v 61.296 0 -70.792
v 66.125 0 -74.813
v 66.67 0 -75.16
v 84.677 0 -59.084
v 62.868 0 -49.25
v 85.194 0 -29.135
v 74.38 0 -46.56
v 90.57 0 -46.48
v 87.83 0 -51.75
v 87.118 0 -41.77
v 87.114 0 -41.416
v 85.916 0 -36.618
v 69.643 0 -37.391
v 67.039 0 -41.355
v 63.48 0 -28.13
v 70.477 0 -21.237
v 70.06 0 -20.85
v 66.421 0 -4.58
v 56.677 0 -1.003
v 56.32 0 -1.01
v 54.05 0 -4.52
v 52.99 0 -9.27
v 57.423 0 -20.105
v 53.07 0 -20.22
v 40.72 0 -22.01
v 30.617 0 -15.646
v 24.797 0 -13.79
v 16.48 0 -16.829
v 15.33 0 -17.6
v 17.234 0 -22.109
v 20.43 0 -24.99
v 33.052 0 -28.559
v 33.254 0 -29.877
v 30.014 0 -33.685
v 41.134 0 -41.958
v 35.516 0 -46.876
v 29.264 0 -50.095
v 24.789 0 -52.042
v 18.728 0 -52.265
v 14.544 0 -46.851
v 14.8 0 -51.605
v 12.656 0 -54.169
v 16.221 0 -59.659
v 16.043 0 -61.71
v 16.21 0 -65.3
v 26.534 0 -71.067
v 17.363 0 -87.445
v 19.039 0 -90.977
v 28.47 0 -82.79
v 30.88 0 -81.59
v 45.38 0 -86.74
v 40.37 0 -91.047
v 53.07 0 -98.592
v 59.999 0 -98.967
v 59.491 0 -91.835
v 59.365 0 -87.217
v 61.415 0 -70.793
v 66.274 0 -74.743
v 78.11 0 -86.81
v 81.269 0 -78.355
v 84.52 0 -73.28
v 83.939 0 -59.063
v 73.337 0 -56.99
v 62.291 0 -49.625
v 85.339 0 -29.169
v 76.937 0 -42.846
v 74.979 0 -46.236
v 90.398 0 -46.504
v 87.906 0 -51.974
v 87.096 0 -41.646
v 87.095 0 -41.533
v 85.612 0 -36.548
v 69.56 0 -37.619
v 63.581 0 -30
v 70.085 0 -20.988
v 66.907 0 -11.394
v 64.795 0 -4.675
v 53.085 0 -9.195
v 57.599 0 -20.161
v 52.295 0 -30.74
v 43.15 0 -31.884
v 40.741 0 -22.126
v 16.379 0 -16.989
v 15.538 0 -17.597
v 17.523 0 -21.849
v 20.426 0 -24.873
v 27.709 0 -20.637
v 30.196 0 -33.5
v 42.52 0 -41.879
v 29.031 0 -50.323
v 24.541 0 -52.295
v 14.755 0 -46.985
v 12.624 0 -58.844
v 12.836 0 -58.742
v 16.337 0 -61.35
v 15.71 0 -64.23
v 24.22 0 -75.158
v 22.987 0 -81.891
v 30.632 0 -82.015
v 34.116 0 -78.392
v 59.374 0 -91.767
v 59.253 0 -87.045
v 55.107 0 -70.529
v 61.52 0 -70.83
v 66.38 0 -74.72
v 66.628 0 -74.999
v 77.94 0 -86.22
v 85.081 0 -74.636
v 84.39 0 -73.291
v 83.382 0 -59.038
v 73.878 0 -57.166
v 61.776 0 -49.965
v 85.459 0 -29.202
v 76.881 0 -43.357
v 75.501 0 -45.898
v 90.213 0 -46.569
v 87.954 0 -52.136
v 85.347 0 -36.429
v 69.477 0 -37.848
v 63.345 0 -29.48
v 63.39 0 -28.172
v 68.449 0 -17.092
v 66.92 0 -11.606
v 54.214 0 -4.421
v 53.153 0 -9.124
v 52.442 0 -19.049
v 52.301 0 -30.994
v 40.915 0 -22.211
v 30.62 0 -15.713
v 16.28 0 -17.134
v 15.694 0 -17.586
v 20.413 0 -24.779
v 43.811 0 -41.857
v 28.78 0 -50.519
v 28.346 0 -50.752
v 14.93 0 -47.12
v 16.33 0 -59.607
v 15.041 0 -63.148
v 15.598 0 -63.99
v 25.21 0 -62.92
v 24.487 0 -75.249
v 17.561 0 -87.253
v 22.848 0 -92.27
v 22.958 0 -92.25
v 30.694 0 -81.884
v 34.226 0 -78.111
v 59.27 0 -91.7
v 59.184 0 -86.884
v 59.16 0 -86.74
v 54.863 0 -70.189
v 66.451 0 -74.727
v 66.59 0 -74.881
v 77.543 0 -84.934
v 84.725 0 -74.15
v 84.31 0 -73.327
v 83.04 0 -59.01
v 74.51 0 -57.35
v 61.4 0 -50.22
v 85.549 0 -29.233
v 76.817 0 -43.85
v 75.94 0 -45.553
v 90.027 0 -46.666
v 85.11 0 -36.26
v 69.392 0 -38.076
v 63.206 0 -29.083
v 63.317 0 -28.22
v 68.184 0 -17.121
v 66.936 0 -11.842
v 65.056 0 -4.749
v 54.362 0 -4.326
v 53.197 0 -9.043
v 52.692 0 -19.347
v 52.288 0 -31.22
v 40.804 0 -22.193
v 30.627 0 -15.77
v 16.188 0 -17.257
v 15.814 0 -17.561
v 17.724 0 -21.567
v 20.386 0 -24.702
v 44.85 0 -41.9
v 45.496 0 -43.103
v 28.52 0 -50.67
v 24.256 0 -52.547
v 15.04 0 -47.217
v 14.88 0 -51.48
v 16.425 0 -59.595
v 15.088 0 -63.174
v 15.485 0 -63.766
v 21.941 0 -57.768
v 26.593 0 -70.959
v 19.138 0 -82.411
v 17.75 0 -87.052
v 22.88 0 -92.24
v 22.944 0 -92.241
v 28.233 0 -82.885
v 34.32 0 -77.94
v 45.64 0 -86.66
v 59.129 0 -91.601
v 66.551 0 -74.801
v 77.034 0 -83.577
v 84.5 0 -73.83
v 84.281 0 -73.394
v 82.743 0 -58.974
v 74.921 0 -57.463
v 61.04 0 -50.465
v 85.6 0 -29.26
v 76.75 0 -44.262
v 76.289 0 -45.205
v 83.94 0 -45.516
v 84.942 0 -36.088
v 69.307 0 -38.303
v 70.284 0 -21.177
v 67.995 0 -17.115
v 66.056 0 -4.7
v 65.329 0 -4.78
v 54.489 0 -4.241
v 53.224 0 -8.94
v 52.871 0 -19.598
v 30.637 0 -15.817
v 16.11 0 -17.35
v 15.912 0 -17.517
v 17.834 0 -21.271
v 20.344 0 -24.637
v 33.37 0 -29.72
v 45.346 0 -41.965
v 23.94 0 -52.79
v 15.114 0 -47.298
v 12.746 0 -58.771
v 15.15 0 -63.22
v 15.377 0 -63.568
v 25.542 0 -62.884
v 24.676 0 -75.353
v 19.228 0 -82.628
v 17.93 0 -86.843
v 22.904 0 -92.237
v 22.926 0 -92.237
v 30.758 0 -81.765
v 45.9 0 -86.554
v 59.03 0 -91.518
v 66.506 0 -74.752
v 76.426 0 -82.183
v 81.258 0 -78.369
v 84.303 0 -73.496
v 82.446 0 -58.937
v 75.332 0 -57.574
v 60.684 0 -50.715
v 85.696 0 -29.439
v 76.69 0 -44.53
v 89.857 0 -46.788
v 86.608 0 -39.841
v 84.86 0 -35.91
v 69.22 0 -38.53
v 63.26 0 -28.276
v 67.863 0 -17.074
v 66.957 0 -12.091
v 54.514 0 -3.864
v 54.588 0 -4.17
v 53.237 0 -8.803
v 52.988 0 -19.817
v 43.23 0 -32.05
v 30.65 0 -15.85
v 16.006 0 -17.448
v 17.851 0 -20.966
v 45.813 0 -42.979
v 16.607 0 -60.937
v 15.282 0 -63.404
v 25.783 0 -62.867
v 24.799 0 -75.477
v 19.289 0 -82.863
v 18.1 0 -86.625
v 24.358 0 -87.453
v 30.821 0 -81.665
v 46.144 0 -86.43
v 58.908 0 -91.24
v 75.736 0 -80.783
v 84.376 0 -73.64
v 80.091 0 -63.524
v 79.998 0 -63.344
v 75.744 0 -57.68
v 60.331 0 -50.97
v 76.541 0 -44.862
v 89.717 0 -46.926
v 86.464 0 -39.787
v 70.156 0 -21.096
v 67.77 0 -17
v 54.6 0 -3.975
v 54.653 0 -4.118
v 53.24 0 -8.62
v 57.796 0 -20.179
v 30.714 0 -15.905
v 17.77 0 -20.66
v 20.283 0 -24.578
v 33.42 0 -29.62
v 33.25 0 -48.466
v 23.608 0 -53.03
v 18.76 0 -52.398
v 15.204 0 -63.285
v 25.94 0 -62.869
v 24.869 0 -75.633
v 19.322 0 -83.122
v 18.26 0 -86.4
v 46.357 0 -86.296
v 58.965 0 -91.438
v 58.927 0 -91.349
v 72.36 0 -76.44
v 74.979 0 -79.411
v 80.01 0 -63.42
v 82.15 0 -58.898
v 76.157 0 -57.784
v 59.981 0 -51.229
v 89.62 0 -47.07
v 67.667 0 -16.841
v 54.657 0 -4.053
v 54.68 0 -4.09
v 53.051 0 -20.019
v 30.876 0 -16.023
v 24.52 0 -14.052
v 19.936 0 -24.423
v 20.2 0 -24.52
v 33.434 0 -29.417
v 23.326 0 -53.2
v 18.81 0 -52.51
v 14.906 0 -51.364
v 26.02 0 -62.89
v 26.639 0 -70.839
v 19.33 0 -83.41
v 18.6 0 -85.84
v 18.98 0 -90.97
v 54.648 0 -69.884
v 72.483 0 -76.272
v 74.17 0 -78.1
v 81.854 0 -58.858
v 76.571 0 -57.884
v 59.635 0 -51.492
v 89.53 0 -47.373
v 65.62 0 -4.77
v 53.048 0 -7.887
v 53.218 0 -8.338
v 24.7 0 -13.89
v 17.676 0 -20.481
v 20.09 0 -24.464
v 33.381 0 -29.181
v 18.88 0 -52.62
v 14.934 0 -51.155
v 16.804 0 -60.535
v 24.9 0 -75.83
v 19.303 0 -83.874
v 18.871 0 -85.316
v 18.914 0 -91.005
v 27.986 0 -83.033
v 46.524 0 -86.16
v 54.49 0 -69.65
v 72.667 0 -76.273
v 73.664 0 -77.356
v 81.247 0 -78.39
v 81.557 0 -58.817
v 76.986 0 -57.981
v 59.292 0 -51.76
v 80.143 0 -48.071
v 83.93 0 -45.55
v 63.216 0 -28.343
v 67.295 0 -14.98
v 53.154 0 -8.094
v 43.354 0 -32.205
v 26.674 0 -20.257
v 33.256 0 -28.899
v 15.156 0 -47.379
v 14.962 0 -50.871
v 16.88 0 -60.21
v 24.902 0 -75.976
v 23.183 0 -81.801
v 19.076 0 -84.819
v 24.32 0 -87.25
v 27.704 0 -83.257
v 46.63 0 -86.03
v 54.303 0 -69.242
v 73.25 0 -76.807
v 81.239 0 -78.418
v 81.261 0 -58.774
v 77.402 0 -58.074
v 58.952 0 -52.033
v 80.429 0 -48.158
v 63.184 0 -28.424
v 67.395 0 -15.693
v 58.011 0 -20.159
v 15.173 0 -47.476
v 16.874 0 -60.15
v 19.219 0 -84.341
v 24.369 0 -87.079
v 34.505 0 -77.787
v 46.688 0 -85.903
v 72.92 0 -76.449
v 81.232 0 -78.452
v 80.966 0 -58.73
v 77.818 0 -58.164
v 58.617 0 -52.31
v 80.7 0 -48.33
v 87.976 0 -52.25
v 67.575 0 -16.591
v 58.24 0 -20.102
v 16.856 0 -60.084
v 24.523 0 -86.819
v 46.709 0 -85.764
v 81.23 0 -78.49
v 80.67 0 -58.685
v 57.979 0 -54.102
v 58.284 0 -52.591
v 81.321 0 -48.893
v 87.972 0 -52.331
v 67.486 0 -16.219
v 59.816 0 -10.642
v 58.48 0 -20.01
v 26.99 0 -20.18
v 45.768 0 -42.049
v 16.827 0 -60.013
v 26.675 0 -70.707
v 23.42 0 -81.58
v 18.794 0 -91.095
v 46.689 0 -85.596
v 80.375 0 -58.638
v 78.235 0 -58.251
v 57.956 0 -52.876
v 81.967 0 -49.604
v 59.99 0 -10.63
v 58.995 0 -19.691
v 27.227 0 -20.223
v 46.107 0 -42.147
v 19.124 0 -52.849
v 16.791 0 -59.94
v 24.299 0 -80.088
v 23.812 0 -81.081
v 24.792 0 -86.455
v 46.625 0 -85.386
v 81.61 0 -79.787
v 80.08 0 -58.59
v 57.65 0 -54.17
v 57.631 0 -53.166
v 87.943 0 -52.393
v 60.356 0 -10.738
v 59.426 0 -19.23
v 27.46 0 -20.367
v 46.355 0 -42.258
v 19.489 0 -53.043
v 16.748 0 -59.868
v 24.106 0 -80.58
v 25.187 0 -85.974
v 46.513 0 -85.119
v 81.424 0 -79.191
v 79.785 0 -58.541
v 78.653 0 -58.334
v 57.31 0 -53.46
v 87.89 0 -52.45
v 63.16 0 -28.52
v 60.607 0 -11.086
v 52.257 0 -31.393
v 46.502 0 -42.376
v 19.962 0 -53.199
v 16.7 0 -59.8
v 25.716 0 -85.364
v 46.35 0 -84.78
v 81.285 0 -78.72
v 79.49 0 -58.49
v 57.311 0 -54.224
v 73.627 0 -35.808
v 87.737 0 -52.543
v 60.745 0 -11.709
v 52.21 0 -31.49
v 43.529 0 -32.356
v 20.535 0 -53.314
v 16.602 0 -59.691
v 45.516 0 -83.275
v 57.084 0 -54.208
v 73.659 0 -35.691
v 87.578 0 -52.523
v 21.194 0 -53.386
v 16.513 0 -59.623
v 44.601 0 -82.067
v 73.691 0 -35.575
v 63.149 0 -28.775
v 21.93 0 -53.41
v 43.493 0 -81.073
v 56.904 0 -67.022
v 73.725 0 -35.459
v 87.411 0 -52.389
v 60.773 0 -12.64
v 43.739 0 -32.494
v 22.396 0 -53.403
v 19.778 0 -57.313
v 26.7 0 -70.56
v 56.46 0 -67.11
v 73.759 0 -35.343
v 87.235 0 -52.14
v 60.694 0 -13.916
v 43.971 0 -32.611
v 22.758 0 -53.374
v 19.78 0 -57.25
v 26.39 0 -84.61
v 79.071 0 -58.414
v 73.795 0 -35.228
v 60.51 0 -15.57
v 44.213 0 -32.699
v 23.055 0 -53.31
v 26.712 0 -70.17
v 42.079 0 -80.21
v 73.832 0 -35.113
v 44.45 0 -32.75
v 26.931 0 -84.024
v 40.249 0 -79.396
v 73.87 0 -34.998
v 60.316 0 -16.798
v 44.687 0 -32.76
v 27.36 0 -83.58
v 37.89 0 -78.55
v 55.88 0 -67.37
v 60.077 0 -17.803
v 45.035 0 -32.751
v 26.694 0 -69.48
v 36.696 0 -78.162
v 55.209 0 -67.761
v 59.784 0 -18.607
v 45.472 0 -32.723
v 46.094 0 -42.847
v 35.818 0 -77.901
v 54.722 0 -68.132
v 45.978 0 -32.676
v 19.803 0 -57.24
v 26.654 0 -68.629
v 35.197 0 -77.757
v 54.412 0 -68.495
v 19.849 0 -57.239
v 26.599 0 -67.753
v 34.779 0 -77.723
v 54.275 0 -68.861
v 84.15 0 -25.86
v 67.06 0 -41.417
v 19.914 0 -57.245
v 56.97 0 -54.123
v 84.087 0 -25.812
v 48.484 0 -32.342
v 19.995 0 -57.258
v 56.969 0 -53.969
v 83.999 0 -25.776
v 67.088 0 -41.479
v 48.689 0 -32.31
v 83.876 0 -25.751
v 67.122 0 -41.534
v 48.893 0 -32.276
v 26.136 0 -63.331
v 57.082 0 -53.747
v 83.708 0 -25.738
v 67.16 0 -41.58
v 49.085 0 -32.243
v 46.32 0 -42.717
v 26.108 0 -63.161
v 83.483 0 -25.734
v 67.214 0 -41.639
v 49.254 0 -32.214
v 21.847 0 -57.692
v 26.077 0 -63.026
v 83.19 0 -25.74
v 67.263 0 -41.677
v 26.047 0 -62.933
v 82.051 0 -25.861
v 52.076 0 -31.556
v 80.936 0 -26.181
v 51.839 0 -31.638
v 51.138 0 -31.829
v 46.475 0 -42.598
v 51.519 0 -31.731
v 79.845 0 -26.701
v 78.781 0 -27.419
v 67.311 0 -41.694
v 46.54 0 -42.5
v 77.746 0 -28.332
v 76.74 0 -29.44
v 76.184 0 -30.184
v 67.367 0 -41.69
v 75.646 0 -31.02
v 67.438 0 -41.665
v 75.139 0 -31.921
v 67.53 0 -41.62
v 74.678 0 -32.864
v 67.756 0 -41.435
v 68.01 0 -41.106
v 68.289 0 -40.641
v 68.898 0 -39.344
v 68.586 0 -40.051
v 11.362 10 -61.916
v 15.534 10 -60.963
v 15.454 10 -61.442
v 15.459 10 -61.819
v 9.46 10 -63.64
v 9.338 10 -63.674
v 9.416 10 -63.649
v 9.105 10 -63.766
v 9.233 10 -63.714
v 8.81 10 -63.9
v 8.962 10 -63.829
v 8.371 10 -64.137
v 8.546 10 -64.026
v 8.272 10 -64.353
v 8.281 10 -64.244
v 8.48 10 -64.61
v 8.34 10 -64.472
v 9.15 10 -65.017
v 8.779 10 -64.831
v 10.02 10 -65.263
v 9.571 10 -65.164
v 10.91 10 -65.29
v 10.474 10 -65.307
v 12.491 10 -64.87
v 11.678 10 -65.14
v 13.992 10 -64.106
v 13.284 10 -64.515
v 14.9 10 -63.26
v 14.552 10 -63.677
v 15.6 10 -66.57
v 15.066 10 -67.41
v 15.3 10 -67.034
v 14.774 10 -67.933
v 14.892 10 -67.708
v 14.68 10 -68.2
v 14.705 10 -68.095
v 14.819 10 -68.333
v 14.714 10 -68.274
v 15.181 10 -68.394
v 14.979 10 -68.374
v 15.66 10 -68.36
v 15.413 10 -68.391
v 16.349 10 -68.168
v 16.011 10 -68.285
v 17.024 10 -67.789
v 16.684 10 -68.004
v 17.76 10 -67.19
v 17.38 10 -67.519
v 18.827 10 -66.028
v 18.341 10 -66.606
v 19.533 10 -64.855
v 19.222 10 -65.447
v 19.92 10 -63.6
v 19.764 10 -64.242
v 19.984 10 -62.594
v 19.963 10 -63.198
v 19.959 10 -60.899
v 19.983 10 -61.818
v 19.85 10 -58.76
v 19.915 10 -59.87
v 20.19 10 -57.3
v 20.798 10 -57.451
v 20.523 10 -57.385
v 21.222 10 -57.545
v 21.028 10 -57.504
v 21.55 10 -57.61
v 21.392 10 -57.579
v 22.072 10 -58.045
v 22.211 10 -58.586
v 22.13 10 -58.27
v 22.381 10 -59.049
v 22.291 10 -58.839
v 22.635 10 -59.428
v 22.492 10 -59.238
v 23.01 10 -62.96
v 23.27 10 -63.19
v 22.94 10 -63.24
v 26.161 10 -63.526
v 26.247 10 -64.393
v 26.18 10 -63.74
v 26.364 10 -65.515
v 26.309 10 -64.99
v 26.45 10 -66.277
v 26.411 10 -65.95
v 24.484 10 -72.733
v 23.513 10 -73.411
v 24.02 10 -73.05
v 22.835 10 -74.054
v 23.117 10 -73.749
v 22.637 10 -74.533
v 22.673 10 -74.318
v 22.828 10 -74.751
v 22.73 10 -74.69
v 23.134 10 -74.876
v 22.963 10 -74.813
v 23.583 10 -75.005
v 23.34 10 -74.94
v 24.647 10 -76.732
v 24.29 10 -77.454
v 24.49 10 -77.04
v 24.091 10 -78.05
v 24.159 10 -77.781
v 24.136 10 -78.513
v 24.085 10 -78.285
v 22.47 10 -80.81
v 22.213 10 -79.441
v 22.333 10 -80.021
v 21.957 10 -78.726
v 22.093 10 -79.025
v 21.58 10 -78.29
v 21.792 10 -78.496
v 20.914 10 -77.873
v 21.266 10 -78.055
v 19.966 10 -77.64
v 20.491 10 -77.738
v 18.48 10 -77.53
v 19.306 10 -77.574
v 17.155 10 -77.533
v 17.737 10 -77.517
v 16.339 10 -77.677
v 16.7 10 -77.584
v 15.76 10 -78.02
v 16.036 10 -77.821
v 15.421 10 -78.43
v 15.592 10 -78.193
v 15.142 10 -78.956
v 15.265 10 -78.696
v 15.07 10 -79.32
v 15.071 10 -79.176
v 15.266 10 -79.482
v 15.139 10 -79.408
v 15.688 10 -79.584
v 15.449 10 -79.541
v 16.33 10 -79.62
v 15.982 10 -79.611
v 18.12 10 -80.87
v 18.414 10 -81.341
v 18.267 10 -81.107
v 18.682 10 -81.752
v 18.555 10 -81.56
v 18.87 10 -82.01
v 18.789 10 -81.906
v 16.009 10 -88.39
v 15.27 10 -88.769
v 15.76 10 -88.51
v 14.505 10 -89.268
v 14.854 10 -89.02
v 13.98 10 -89.772
v 14.216 10 -89.517
v 13.72 10 -90.161
v 13.79 10 -90.04
v 13.629 10 -90.409
v 13.667 10 -90.28
v 13.588 10 -90.733
v 13.603 10 -90.556
v 12.27 10 -92.52
v 11.763 10 -92.619
v 11.996 10 -92.562
v 11.404 10 -92.781
v 11.566 10 -92.691
v 11.17 10 -93.02
v 11.273 10 -92.891
v 11.073 10 -93.294
v 11.101 10 -93.156
v 11.143 10 -93.596
v 11.087 10 -93.44
v 11.38 10 -93.95
v 11.241 10 -93.764
v 12.171 10 -94.48
v 11.741 10 -94.268
v 13.206 10 -94.59
v 12.661 10 -94.588
v 14.43 10 -94.28
v 13.798 10 -94.488
v 15.568 10 -93.716
v 15.009 10 -94.019
v 16.699 10 -92.931
v 16.125 10 -93.357
v 17.97 10 -91.82
v 17.308 10 -92.423
v 18.74 10 -91.67
v 18.589 10 -91.906
v 18.669 10 -91.778
v 18.421 10 -92.194
v 18.505 10 -92.048
v 18.27 10 -92.47
v 18.341 10 -92.337
v 18.103 10 -92.838
v 18.172 10 -92.666
v 18.034 10 -93.252
v 18.059 10 -93.021
v 18.02 10 -94
v 18.023 10 -93.567
v 16.91 10 -96.2
v 16.21 10 -96.841
v 16.495 10 -96.572
v 15.973 10 -97.159
v 16.041 10 -97.03
v 16.08 10 -97.32
v 15.991 10 -97.248
v 16.788 10 -97.559
v 16.398 10 -97.458
v 17.652 10 -97.635
v 17.218 10 -97.619
v 18.4 10 -97.52
v 18.057 10 -97.603
v 19.27 10 -97.055
v 18.815 10 -97.334
v 20.237 10 -96.272
v 19.749 10 -96.696
v 21.18 10 -95.28
v 20.719 10 -95.795
v 21.472 10 -94.937
v 21.329 10 -95.111
v 21.74 10 -94.574
v 21.609 10 -94.758
v 21.983 10 -94.195
v 21.865 10 -94.387
v 22.199 10 -93.8
v 22.094 10 -93.999
v 22.389 10 -93.391
v 22.298 10 -93.597
v 22.55 10 -92.97
v 22.473 10 -93.182
v 22.97 10 -92.28
v 23.023 10 -92.993
v 22.984 10 -92.584
v 23.137 10 -93.861
v 23.076 10 -93.44
v 23.25 10 -94.36
v 23.198 10 -94.189
v 23.383 10 -94.566
v 23.316 10 -94.469
v 23.51 10 -94.707
v 23.449 10 -94.646
v 23.61 10 -94.76
v 23.565 10 -94.746
v 23.86 10 -96.2
v 23.177 10 -97.138
v 23.46 10 -96.714
v 22.956 10 -97.745
v 23.01 10 -97.48
v 23.18 10 -98.07
v 23.014 10 -97.94
v 23.587 10 -98.108
v 23.354 10 -98.111
v 24.183 10 -97.982
v 23.868 10 -98.064
v 24.87 10 -97.72
v 24.521 10 -97.866
v 25.671 10 -97.143
v 25.283 10 -97.473
v 26.366 10 -96.247
v 26.032 10 -96.734
v 26.94 10 -95.05
v 26.669 10 -95.685
v 27.179 10 -94.327
v 27.12 10 -94.59
v 27.233 10 -93.5
v 27.217 10 -93.943
v 27.199 10 -92.699
v 27.227 10 -93.064
v 26.94 10 -92.01
v 27.15 10 -92.47
v 26.669 10 -91.443
v 26.813 10 -91.732
v 26.318 10 -90.811
v 26.505 10 -91.137
v 25.86 10 -90.07
v 26.104 10 -90.457
v 29.67 10 -83.01
v 29.806 10 -83.137
v 29.74 10 -83.077
v 29.92 10 -83.226
v 29.868 10 -83.188
v 29.99 10 -83.26
v 29.962 10 -83.251
v 30.161 10 -83.12
v 30.069 10 -83.223
v 30.359 10 -82.764
v 30.26 10 -82.963
v 30.53 10 -82.29
v 30.451 10 -82.535
v 31.92 10 -81.484
v 32.615 10 -81.613
v 32.42 10 -81.58
v 32.919 10 -81.643
v 32.781 10 -81.634
v 33.112 10 -81.625
v 33.029 10 -81.639
v 33.239 10 -81.533
v 33.17 10 -81.6
v 33.38 10 -81.228
v 33.309 10 -81.41
v 33.534 10 -80.675
v 33.454 10 -80.984
v 33.743 10 -79.738
v 33.62 10 -80.3
v 40.07 10 -86.97
v 39.699 10 -86.928
v 39.883 10 -86.947
v 39.374 10 -86.906
v 39.526 10 -86.914
v 39.17 10 -86.91
v 39.253 10 -86.904
v 39.33 10 -87.5
v 38.95 10 -86.94
v 39.401 10 -88.484
v 38.822 10 -88.518
v 39.08 10 -88.5
v 38.647 10 -88.692
v 38.677 10 -88.578
v 38.933 10 -89.127
v 38.733 10 -88.872
v 39.723 10 -89.968
v 39.25 10 -89.47
v 38.696 10 -90.581
v 37.788 10 -89.809
v 38.19 10 -90.15
v 37.126 10 -89.33
v 37.434 10 -89.535
v 36.654 10 -89.131
v 36.866 10 -89.195
v 36.14 10 -89.41
v 36.49 10 -89.14
v 35.647 10 -90.584
v 35.854 10 -89.917
v 35.548 10 -92.088
v 35.54 10 -91.333
v 35.805 10 -93.079
v 35.69 10 -92.77
v 36.071 10 -93.681
v 35.932 10 -93.383
v 36.387 10 -94.26
v 36.223 10 -93.974
v 36.749 10 -94.81
v 36.562 10 -94.538
v 37.155 10 -95.329
v 36.946 10 -95.074
v 37.602 10 -95.812
v 37.373 10 -95.575
v 38.199 10 -96.35
v 37.84 10 -96.04
v 38.906 10 -96.827
v 38.553 10 -96.611
v 39.643 10 -97.139
v 39.267 10 -97.002
v 42.152 10 -98.441
v 42.989 10 -99.111
v 42.71 10 -98.93
v 43.574 10 -99.426
v 43.277 10 -99.276
v 44.19 10 -99.676
v 43.879 10 -99.559
v 44.829 10 -99.857
v 44.507 10 -99.775
v 45.484 10 -99.968
v 45.155 10 -99.921
v 46.148 10 -100.007
v 45.815 10 -99.997
v 46.48 10 -100
v 47.081 10 -99.99
v 46.785 10 -99.998
v 47.592 10 -99.963
v 47.355 10 -99.979
v 47.9 10 -99.92
v 47.778 10 -99.943
v 49.135 10 -99.638
v 48.67 10 -99.75
v 50.189 10 -99.338
v 49.65 10 -99.498
v 51.226 10 -98.99
v 50.723 10 -99.166
v 54.246 10 -98.7
v 55.062 10 -98.853
v 54.89 10 -98.83
v 55.799 10 -98.889
v 55.373 10 -98.873
v 56.906 10 -98.908
v 56.317 10 -98.9
v 61.671 10 -99.41
v 62.012 10 -99.542
v 61.82 10 -99.47
v 62.259 10 -99.609
v 62.154 10 -99.588
v 62.396 10 -99.579
v 62.336 10 -99.606
v 62.492 10 -99.481
v 62.45 10 -99.53
v 62.529 10 -99.369
v 62.519 10 -99.43
v 62.495 10 -99.186
v 62.521 10 -99.29
v 62.349 10 -98.768
v 62.45 10 -99.05
v 62.074 10 -98.173
v 62.225 10 -98.478
v 61.675 10 -97.49
v 61.891 10 -97.846
v 62.84 10 -96.66
v 64.301 10 -97.096
v 64.11 10 -97.04
v 64.544 10 -97.12
v 64.444 10 -97.123
v 64.624 10 -97.024
v 64.603 10 -97.087
v 64.412 10 -96.443
v 64.61 10 -96.93
v 63.704 10 -95.131
v 64.096 10 -95.819
v 62.859 10 -93.85
v 63.277 10 -94.451
v 62.338 10 -93.276
v 62.49 10 -93.4
v 62.024 10 -93.04
v 62.183 10 -93.156
v 61.698 10 -92.822
v 61.863 10 -92.929
v 61.36 10 -92.623
v 61.53 10 -92.72
v 61.011 10 -92.443
v 61.186 10 -92.53
v 60.652 10 -92.283
v 60.833 10 -92.36
v 59.96 10 -92.05
v 60.47 10 -92.21
v 60.04 10 -88.57
v 59.93 10 -87.77
v 60.33 10 -88.09
v 59.794 10 -85.359
v 60.123 10 -84.93
v 60.01 10 -85.08
v 60.342 10 -84.566
v 60.237 10 -84.753
v 60.488 10 -84.232
v 60.429 10 -84.387
v 60.498 10 -84.069
v 60.51 10 -84.12
v 60.411 10 -83.917
v 60.464 10 -84
v 60.261 10 -83.732
v 60.343 10 -83.827
v 59.895 10 -82.735
v 60.133 10 -82.154
v 60 10 -82.5
v 60.114 10 -81.476
v 60.171 10 -81.814
v 59.704 10 -80.788
v 59.959 10 -81.136
v 58.89 10 -80
v 59.35 10 -80.43
v 58.935 10 -78.392
v 58.992 10 -78.187
v 58.95 10 -78.34
v 58.926 10 -77.694
v 58.982 10 -77.964
v 58.704 10 -77.104
v 58.831 10 -77.399
v 58.357 10 -76.513
v 58.55 10 -76.83
v 57.805 10 -75.279
v 57.615 10 -74.608
v 57.72 10 -74.97
v 57.284 10 -73.809
v 57.47 10 -74.22
v 56.789 10 -72.913
v 57.057 10 -73.373
v 56.316 10 -72.184
v 56.48 10 -72.43
v 56.016 10 -71.746
v 56.159 10 -71.953
v 55.8 10 -71.445
v 55.894 10 -71.574
v 57.8 10 -68.72
v 57.964 10 -69.8
v 57.881 10 -69.287
v 58.129 10 -70.63
v 58.048 10 -70.251
v 58.28 10 -71.13
v 58.207 10 -70.926
v 58.792 10 -71.752
v 58.505 10 -71.516
v 59.555 10 -71.774
v 59.141 10 -71.839
v 60.58 10 -71.19
v 60.034 10 -71.558
v 61.83 10 -72.5
v 61.68 10 -76.56
v 61.73 10 -75.07
v 62.37 10 -76.638
v 61.95 10 -76.62
v 63.499 10 -76.384
v 62.903 10 -76.553
v 64.665 10 -75.86
v 64.103 10 -76.147
v 65.436 10 -75.292
v 65.13 10 -75.54
v 67.143 10 -78.516
v 67.44 10 -81.14
v 67.27 10 -79.67
v 67.557 10 -82.128
v 67.498 10 -81.634
v 67.677 10 -83.115
v 67.616 10 -82.622
v 67.802 10 -84.102
v 67.739 10 -83.609
v 67.931 10 -85.089
v 67.866 10 -84.596
v 68.063 10 -86.075
v 67.996 10 -85.582
v 68.2 10 -87.06
v 68.131 10 -86.567
v 68.609 10 -89.786
v 68.413 10 -88.517
v 68.938 10 -91.671
v 68.785 10 -90.844
v 69.16 10 -92.55
v 69.064 10 -92.247
v 69.751 10 -92.747
v 69.404 10 -92.781
v 70.593 10 -92.023
v 70.16 10 -92.482
v 71.37 10 -90.66
v 71.009 10 -91.404
v 71.871 10 -88.86
v 71.658 10 -89.82
v 72.123 10 -86.056
v 72.021 10 -87.65
v 72.23 10 -81.19
v 72.188 10 -83.947
v 78.86 10 -93.18
v 78.926 10 -95.489
v 78.88 10 -94.241
v 79.058 10 -97.914
v 78.988 10 -96.766
v 79.19 10 -99.19
v 79.128 10 -98.775
v 79.27 10 -99.348
v 79.229 10 -99.284
v 79.39 10 -99.402
v 79.321 10 -99.386
v 79.61 10 -99.38
v 79.484 10 -99.399
v 80.951 10 -98.781
v 80.256 10 -99.183
v 82.306 10 -97.533
v 81.65 10 -98.216
v 83.3 10 -95.98
v 82.871 10 -96.773
v 83.536 10 -95.398
v 83.432 10 -95.672
v 83.697 10 -94.822
v 83.621 10 -95.125
v 83.86 10 -94
v 83.773 10 -94.458
v 83.954 10 -92.333
v 83.921 10 -93.343
v 83.936 10 -89.907
v 83.959 10 -91.132
v 83.81 10 -88.04
v 83.887 10 -88.822
v 83.704 10 -87.325
v 83.76 10 -87.682
v 83.579 10 -86.613
v 83.644 10 -86.969
v 83.433 10 -85.906
v 83.509 10 -86.259
v 83.268 10 -85.202
v 83.353 10 -85.553
v 83.084 10 -84.503
v 83.179 10 -84.852
v 82.88 10 -83.81
v 82.984 10 -84.156
v 82.623 10 -82.919
v 82.754 10 -83.367
v 82.381 10 -82.137
v 82.495 10 -82.499
v 82.23 10 -81.72
v 82.289 10 -81.867
v 82.159 10 -81.479
v 82.161 10 -81.401
v 82.16 10 -81.44
v 82.143 10 -81.308
v 82.155 10 -81.356
v 82.104 10 -81.207
v 82.125 10 -81.257
v 82.982 10 -79.885
v 85.202 10 -82.008
v 83.85 10 -80.72
v 87.063 10 -83.635
v 86.247 10 -82.96
v 88.303 10 -84.382
v 87.723 10 -84.09
v 89.511 10 -84.718
v 88.88 10 -84.57
v 90.465 10 -84.851
v 90.035 10 -84.811
v 91.099 10 -84.775
v 90.815 10 -84.839
v 91.443 10 -84.555
v 91.33 10 -84.66
v 91.539 10 -84.245
v 91.513 10 -84.417
v 91.458 10 -83.789
v 91.52 10 -84.036
v 91.264 10 -83.301
v 91.35 10 -83.5
v 91.051 10 -82.865
v 91.169 10 -83.097
v 90.695 10 -82.216
v 90.897 10 -82.579
v 90.267 10 -81.489
v 90.43 10 -81.75
v 89.729 10 -80.7
v 90.028 10 -81.131
v 89.014 10 -79.711
v 89.386 10 -80.219
v 88.237 10 -78.687
v 88.63 10 -79.2
v 87.287 10 -77.465
v 87.769 10 -78.083
v 86.531 10 -76.509
v 86.854 10 -76.914
v 86.21 10 -73.9
v 86.787 10 -74.17
v 86.495 10 -74.042
v 87.385 10 -74.389
v 87.083 10 -74.286
v 88.001 10 -74.553
v 87.691 10 -74.478
v 88.628 10 -74.662
v 88.313 10 -74.614
v 89.263 10 -74.714
v 88.945 10 -74.695
v 89.9 10 -74.71
v 89.582 10 -74.719
v 90.591 10 -74.673
v 90.293 10 -74.694
v 91.016 10 -74.594
v 90.823 10 -74.641
v 91.4 10 -74.43
v 91.199 10 -74.525
v 91.977 10 -74.015
v 91.73 10 -74.236
v 92.216 10 -73.511
v 92.14 10 -73.772
v 92.1 10 -72.95
v 92.204 10 -73.236
v 91.183 10 -71.954
v 91.79 10 -72.554
v 89.264 10 -70.306
v 90.325 10 -71.191
v 86.72 10 -68.33
v 88.046 10 -69.338
v 85.989 10 -67.783
v 86.355 10 -68.056
v 85.254 10 -67.241
v 85.622 10 -67.512
v 84.515 10 -66.704
v 84.885 10 -66.972
v 83.774 10 -66.171
v 84.145 10 -66.437
v 83.028 10 -65.643
v 83.401 10 -65.907
v 82.28 10 -65.12
v 82.655 10 -65.381
v 80.57 10 -63.25
v 82.368 10 -63.46
v 81.439 10 -63.37
v 84.169 10 -63.54
v 83.298 10 -63.518
v 85.5 10 -63.47
v 84.922 10 -63.525
v 86.671 10 -63.264
v 86.156 10 -63.358
v 87.505 10 -63.069
v 87.103 10 -63.173
v 88.45 10 -62.77
v 87.936 10 -62.94
v 89.9 10 -62.153
v 89.207 10 -62.484
v 91.03 10 -61.397
v 90.512 10 -61.787
v 91.72 10 -60.58
v 91.438 10 -60.991
v 91.86 10 -60.129
v 91.808 10 -60.362
v 91.86 10 -59.671
v 91.878 10 -59.894
v 91.72 10 -59.32
v 91.808 10 -59.475
v 87.68 10 -59.12
v 91.57 10 -59.13
v 71.71 10 -56.2
v 71.042 10 -55.782
v 71.379 10 -55.985
v 70.346 10 -55.412
v 70.697 10 -55.591
v 69.627 10 -55.09
v 69.989 10 -55.245
v 68.887 10 -54.818
v 69.259 10 -54.948
v 68.13 10 -54.598
v 68.51 10 -54.701
v 67.36 10 -54.43
v 67.746 10 -54.507
v 64.48 10 -53.65
v 63.89 10 -53.433
v 64.189 10 -53.533
v 63.3 10 -53.291
v 63.591 10 -53.351
v 62.77 10 -53.24
v 63.024 10 -53.253
v 61.93 10 -53.307
v 62.409 10 -53.258
v 60.817 10 -53.47
v 61.382 10 -53.38
v 59.83 10 -53.67
v 60.283 10 -53.569
v 64.81 10 -48.07
v 65.833 10 -47.498
v 65.67 10 -47.59
v 66.206 10 -47.29
v 66.016 10 -47.397
v 66.569 10 -47.082
v 66.394 10 -47.183
v 66.72 10 -46.99
v 67.691 10 -46.427
v 67.44 10 -46.58
v 68.42 10 -45.894
v 68.03 10 -46.189
v 69.202 10 -45.25
v 68.823 10 -45.571
v 69.751 10 -44.736
v 69.52 10 -44.96
v 70.229 10 -44.224
v 69.987 10 -44.491
v 70.743 10 -43.615
v 70.48 10 -43.933
v 71.284 10 -42.905
v 71.02 10 -43.27
v 71.791 10 -42.025
v 71.543 10 -42.487
v 72.235 10 -41.012
v 72.024 10 -41.53
v 72.562 10 -40.034
v 72.42 10 -40.48
v 72.834 10 -39.066
v 72.693 10 -39.591
v 73.236 10 -37.435
v 73.007 10 -38.376
v 73.568 10 -36.042
v 73.54 10 -36.16
v 73.91 10 -34.884
v 74.277 10 -33.822
v 73.95 10 -34.77
v 82.81 10 -26.78
v 82.535 10 -26.867
v 82.648 10 -26.826
v 82.425 10 -26.973
v 82.464 10 -26.914
v 82.41 10 -27.16
v 82.41 10 -27.052
v 82.493 10 -27.607
v 82.432 10 -27.376
v 82.714 10 -28.066
v 82.589 10 -27.841
v 83.03 10 -28.44
v 82.863 10 -28.269
v 83.429 10 -28.692
v 83.209 10 -28.573
v 84.021 10 -28.898
v 83.698 10 -28.8
v 84.86 10 -29.07
v 84.406 10 -28.987
v 82.96 10 -31.89
v 80.784 10 -33.522
v 81.761 10 -32.766
v 79.376 10 -34.778
v 79.999 10 -34.184
v 78.5 10 -35.87
v 78.887 10 -35.331
v 78.126 10 -36.51
v 78.303 10 -36.195
v 77.861 10 -37.053
v 77.976 10 -36.801
v 77.76 10 -37.38
v 77.786 10 -37.251
v 77.703 10 -37.532
v 77.656 10 -37.572
v 77.68 10 -37.55
v 77.613 10 -37.653
v 77.633 10 -37.607
v 77.576 10 -37.766
v 77.593 10 -37.706
v 77.39 10 -38.7
v 77.56 10 -37.83
v 77.213 10 -39.767
v 77.302 10 -39.177
v 77.06 10 -41.039
v 77.13 10 -40.409
v 76.99 10 -42.02
v 77.011 10 -41.597
v 73.49 10 -46.99
v 72.529 10 -47.377
v 72.929 10 -47.209
v 72.105 10 -47.617
v 72.262 10 -47.507
v 72.01 10 -47.83
v 72.029 10 -47.719
v 72.154 10 -48.084
v 72.049 10 -47.943
v 72.499 10 -48.389
v 72.31 10 -48.237
v 72.91 10 -48.63
v 72.704 10 -48.525
v 73.694 10 -48.879
v 73.294 10 -48.772
v 74.659 10 -49.008
v 74.14 10 -48.956
v 76.03 10 -49.05
v 75.279 10 -49.038
v 77.403 10 -49.011
v 76.794 10 -49.041
v 78.257 10 -48.872
v 77.882 10 -48.956
v 78.79 10 -48.6
v 78.551 10 -48.755
v 84.01 10 -52.85
v 84.754 10 -54.303
v 84.341 10 -53.591
v 85.723 10 -55.507
v 85.224 10 -54.952
v 86.7 10 -56.2
v 86.224 10 -55.934
v 87.386 10 -56.341
v 87.005 10 -56.283
v 88.224 10 -56.373
v 87.805 10 -56.371
v 88.91 10 -56.28
v 88.605 10 -56.343
v 89.48 10 -56.06
v 89.197 10 -56.181
v 89.986 10 -55.777
v 89.747 10 -55.923
v 90.33 10 -55.49
v 90.185 10 -55.63
v 90.911 10 -54.342
v 90.654 10 -54.985
v 91.186 10 -52.841
v 91.091 10 -53.611
v 91.08 10 -51.38
v 91.185 10 -52.081
v 90.893 10 -50.765
v 90.997 10 -51.077
v 90.637 10 -50.159
v 90.771 10 -50.455
v 90.35 10 -49.65
v 90.495 10 -49.886
v 91.12 10 -47.33
v 91.171 10 -47.871
v 91.132 10 -47.634
v 91.345 10 -48.163
v 91.241 10 -48.045
v 91.67 10 -48.25
v 91.487 10 -48.229
v 92.076 10 -48.16
v 91.864 10 -48.227
v 92.537 10 -47.9
v 92.301 10 -48.05
v 93.03 10 -47.49
v 92.781 10 -47.713
v 93.45 10 -47.008
v 93.267 10 -47.243
v 93.674 10 -46.532
v 93.584 10 -46.774
v 93.74 10 -45.99
v 93.724 10 -46.274
v 93.576 10 -45.254
v 93.7 10 -45.607
v 93.051 10 -44.612
v 93.361 10 -44.925
v 92.12 10 -44.01
v 92.639 10 -44.309
v 90.281 10 -43.4
v 91.171 10 -43.603
v 88.659 10 -43.61
v 89.445 10 -43.403
v 87.22 10 -44.64
v 87.919 10 -44.022
v 86.893 10 -45.023
v 87.049 10 -44.825
v 86.629 10 -45.452
v 86.753 10 -45.233
v 86.434 10 -45.917
v 86.522 10 -45.681
v 86.312 10 -46.406
v 86.364 10 -46.159
v 86.267 10 -46.907
v 86.28 10 -46.656
v 86.3 10 -47.41
v 86.274 10 -47.159
v 86.491 10 -48.283
v 86.386 10 -47.855
v 86.786 10 -49.18
v 86.621 10 -48.717
v 87.25 10 -50.28
v 86.993 10 -49.694
v 87.56 10 -51.008
v 87.52 10 -50.92
v 86.85 10 -51.3
v 86.555 10 -50.479
v 86.707 10 -50.888
v 86.225 10 -49.672
v 86.394 10 -50.074
v 85.859 10 -48.88
v 86.046 10 -49.274
v 85.459 10 -48.104
v 85.663 10 -48.49
v 85.026 10 -47.347
v 85.247 10 -47.724
v 84.56 10 -46.61
v 84.797 10 -46.976
v 84.21 10 -45.31
v 85.374 10 -44.811
v 84.65 10 -45.13
v 86.455 10 -44.132
v 85.973 10 -44.481
v 87.109 10 -43.354
v 86.831 10 -43.759
v 87.336 10 -42.783
v 87.3 10 -42.91
v 87.355 10 -42.563
v 87.355 10 -42.671
v 87.294 10 -42.296
v 87.335 10 -42.442
v 87.162 10 -41.92
v 87.23 10 -42.11
v 87.31 10 -40.86
v 87.416 10 -40.607
v 87.374 10 -40.74
v 87.434 10 -40.33
v 87.436 10 -40.467
v 87.36 10 -40.09
v 87.408 10 -40.201
v 87.247 10 -39.971
v 87.308 10 -40.023
v 87.083 10 -39.903
v 87.174 10 -39.931
v 86.83 10 -39.87
v 86.97 10 -39.883
v 86.506 10 -39.504
v 86.85 10 -39.243
v 86.68 10 -39.38
v 87.238 10 -38.79
v 87.044 10 -39.035
v 87.525 10 -38.324
v 87.406 10 -38.541
v 87.572 10 -38.139
v 87.57 10 -38.17
v 87.621 10 -38.001
v 87.662 10 -37.932
v 87.64 10 -37.97
v 87.714 10 -37.765
v 87.687 10 -37.861
v 87.762 10 -37.518
v 87.739 10 -37.649
v 87.803 10 -37.176
v 87.78 10 -37.38
v 87.801 10 -36.912
v 87.811 10 -37.025
v 87.723 10 -36.749
v 87.773 10 -36.825
v 87.578 10 -36.605
v 87.65 10 -36.67
v 87.438 10 -36.53
v 87.509 10 -36.559
v 87.263 10 -36.522
v 87.357 10 -36.518
v 86.32 10 -33.75
v 87.144 10 -32.789
v 86.697 10 -33.329
v 88.056 10 -31.611
v 87.614 10 -32.195
v 88.66 10 -30.73
v 88.421 10 -31.101
v 89.19 10 -29.724
v 88.99 10 -30.13
v 89.533 10 -28.732
v 89.374 10 -29.247
v 89.735 10 -27.721
v 89.656 10 -28.213
v 89.735 10 -26.97
v 89.76 10 -27.29
v 89.565 10 -26.145
v 89.667 10 -26.575
v 89.302 10 -25.334
v 89.44 10 -25.718
v 89.038 10 -24.817
v 89.16 10 -25.03
v 88.761 10 -24.413
v 88.905 10 -24.611
v 88.443 10 -24.04
v 88.607 10 -24.222
v 88.087 10 -23.703
v 88.269 10 -23.867
v 87.698 10 -23.405
v 87.896 10 -23.549
v 87.279 10 -23.15
v 87.492 10 -23.272
v 86.033 10 -22.726
v 87.06 10 -23.04
v 83.041 10 -22.394
v 84.633 10 -22.509
v 80.013 10 -22.498
v 81.441 10 -22.388
v 78.778 10 -22.793
v 78.94 10 -22.73
v 78.35 10 -22.996
v 78.581 10 -22.882
v 77.789 10 -23.296
v 78.086 10 -23.134
v 77.238 10 -23.619
v 77.46 10 -23.48
v 76.634 10 -24.066
v 76.953 10 -23.823
v 76.013 10 -24.583
v 76.31 10 -24.327
v 75.495 10 -25.105
v 75.77 10 -24.81
v 74.967 10 -25.716
v 75.227 10 -25.407
v 74.471 10 -26.353
v 74.715 10 -26.031
v 74.008 10 -27.013
v 74.235 10 -26.68
v 73.578 10 -27.697
v 73.789 10 -27.352
v 73.184 10 -28.401
v 73.377 10 -28.046
v 72.703 10 -29.343
v 73 10 -28.76
v 72.219 10 -30.384
v 72.456 10 -29.854
v 71.611 10 -31.861
v 71.95 10 -31.022
v 70.99 10 -33.46
v 71.16 10 -32.99
v 70.19 10 -35.78
v 70.82 10 -33.92
v 67.02 10 -41.24
v 67.01 10 -41.08
v 67.018 10 -41.174
v 66.983 10 -40.837
v 66.999 10 -40.965
v 66.94 10 -40.57
v 66.963 10 -40.703
v 66.797 10 -38.992
v 66.695 10 -37.557
v 66.77 10 -38.57
v 66.471 10 -36.025
v 66.6 10 -36.729
v 66.051 10 -34.746
v 66.293 10 -35.384
v 65.577 10 -33.737
v 65.73 10 -34.05
v 65.249 10 -33.1
v 65.423 10 -33.433
v 64.758 10 -32.196
v 65.034 10 -32.7
v 65.885 10 -28.328
v 67.026 10 -28.597
v 66.62 10 -28.51
v 67.772 10 -28.636
v 67.408 10 -28.64
v 68.472 10 -28.492
v 68.125 10 -28.587
v 69.006 10 -28.27
v 68.82 10 -28.35
v 69.362 10 -28.074
v 69.187 10 -28.177
v 69.689 10 -27.834
v 69.529 10 -27.959
v 69.983 10 -27.554
v 69.841 10 -27.698
v 70.238 10 -27.238
v 70.116 10 -27.4
v 70.451 10 -26.892
v 70.35 10 -27.069
v 71.05 10 -25.63
v 70.54 10 -26.71
v 72.78 10 -24.11
v 73.183 10 -23.981
v 72.999 10 -24.06
v 73.44 10 -23.749
v 73.331 10 -23.876
v 73.53 10 -23.44
v 73.507 10 -23.603
v 73.459 10 -23.078
v 73.513 10 -23.261
v 73.225 10 -22.679
v 73.364 10 -22.886
v 72.8 10 -22.19
v 73.038 10 -22.449
v 72.241 10 -21.695
v 72.512 10 -21.912
v 71.705 10 -21.418
v 71.976 10 -21.533
v 71.1 10 -21.31
v 71.417 10 -21.346
v 71.239 10 -20.36
v 72.394 10 -20.34
v 71.87 10 -20.35
v 73.061 10 -20.279
v 72.785 10 -20.318
v 73.332 10 -20.134
v 73.238 10 -20.219
v 73.3 10 -19.792
v 73.36 10 -20.02
v 72.899 10 -19.049
v 73.138 10 -19.454
v 72.294 10 -18.196
v 72.609 10 -18.616
v 71.73 10 -17.583
v 71.98 10 -17.83
v 71.241 10 -17.209
v 71.487 10 -17.377
v 70.715 10 -16.965
v 70.987 10 -17.073
v 70.239 10 -16.843
v 70.42 10 -16.88
v 69.929 10 -16.817
v 70.082 10 -16.821
v 69.548 10 -16.866
v 69.758 10 -16.832
v 68.808 10 -17.025
v 69.28 10 -16.92
v 67.18 10 -14.05
v 66.982 10 -12.338
v 67.01 10 -12.57
v 68.42 10 -9.52
v 69.91 10 -7.66
v 69.94 10 -8.37
v 69.691 10 -5.767
v 69.836 10 -6.687
v 69.222 10 -4.199
v 69.484 10 -4.929
v 68.57 10 -3.18
v 68.914 10 -3.607
v 67.911 10 -2.869
v 68.243 10 -2.957
v 67.346 10 -3.061
v 67.603 10 -2.908
v 67.1 10 -3.67
v 67.169 10 -3.318
v 64.06 10 -4.19
v 62.89 10 -3.231
v 63.57 10 -3.765
v 61.31 10 -2.095
v 62.107 10 -2.654
v 60.02 10 -1.29
v 60.585 10 -1.619
v 59.379 10 -1.019
v 59.693 10 -1.135
v 58.767 10 -0.898
v 59.072 10 -0.94
v 58.14 10 -0.92
v 58.458 10 -0.892
v 54.393 10 -0.657
v 53.719 10 -0.205
v 53.98 10 -0.38
v 53.393 10 -0.02
v 53.527 10 -0.087
v 53.246 10 -0.022
v 53.303 10 0
v 53.148 10 -0.373
v 53.21 10 -0.08
v 53.102 10 -0.97
v 53.112 10 -0.671
v 53.16 10 -1.566
v 53.118 10 -1.269
v 53.32 10 -2.143
v 53.227 10 -1.858
v 53.578 10 -2.683
v 53.437 10 -2.419
v 53.926 10 -3.171
v 53.741 10 -2.935
v 52 10 -4.49
v 51.585 10 -4.304
v 51.785 10 -4.391
v 51.268 10 -4.186
v 51.41 10 -4.235
v 51.12 10 -4.16
v 51.169 10 -4.159
v 51.077 10 -4.283
v 51.097 10 -4.2
v 51.05 10 -4.553
v 51.061 10 -4.404
v 51.04 10 -4.91
v 51.042 10 -4.725
v 51.218 10 -6.124
v 51.086 10 -5.55
v 51.716 10 -7.02
v 51.43 10 -6.618
v 52.48 10 -7.5
v 52.068 10 -7.318
v 52.242 10 -9.339
v 51.741 10 -9.173
v 51.92 10 -9.23
v 51.389 10 -9.08
v 51.561 10 -9.122
v 51.099 10 -9.027
v 51.232 10 -9.048
v 50.7 10 -9.02
v 51 10 -9.02
v 50.703 10 -9.941
v 50.7 10 -9.69
v 50.74 10 -10.316
v 50.715 10 -10.144
v 50.844 10 -10.628
v 50.781 10 -10.472
v 51.076 10 -11.046
v 50.93 10 -10.8
v 51.459 10 -11.484
v 51.252 10 -11.274
v 51.958 10 -11.852
v 51.694 10 -11.676
v 52.692 10 -12.209
v 52.25 10 -12.01
v 53.524 10 -12.465
v 53.107 10 -12.358
v 54.472 10 -12.575
v 53.969 10 -12.535
v 55.69 10 -12.586
v 55.06 10 -12.59
v 56.646 10 -12.427
v 56.197 10 -12.54
v 57.645 10 -11.915
v 57.107 10 -12.227
v 58.796 10 -11.158
v 58.33 10 -11.47
v 56.809 10 -19.451
v 56.489 10 -18.982
v 56.71 10 -19.3
v 55.972 10 -18.386
v 56.237 10 -18.671
v 55.476 10 -17.967
v 55.713 10 -18.145
v 54.706 10 -17.739
v 55.28 10 -17.87
v 53.23 10 -17.576
v 53.994 10 -17.64
v 51.9 10 -17.577
v 52.503 10 -17.554
v 51.397 10 -17.703
v 51.51 10 -17.65
v 51.382 10 -17.874
v 51.35 10 -17.769
v 51.748 10 -18.308
v 51.51 10 -18.045
v 52.33 10 -22.17
v 52.035 10 -22.79
v 52.175 10 -22.477
v 51.8 10 -23.436
v 51.91 10 -23.11
v 51.627 10 -24.1
v 51.706 10 -23.766
v 51.517 10 -24.778
v 51.564 10 -24.438
v 51.471 10 -25.463
v 51.486 10 -25.12
v 51.49 10 -26.15
v 51.472 10 -25.807
v 51.595 10 -27.375
v 51.534 10 -26.792
v 51.809 10 -28.591
v 51.682 10 -27.956
v 52.22 10 -30.25
v 51.984 10 -29.337
v 50.718 10 -31.924
v 49.39 10 -32.19
v 50.28 10 -32.01
v 48.29 10 -32.37
v 46.531 10 -32.612
v 47.11 10 -32.53
v 43.875 10 -30.775
v 45.037 10 -29.611
v 44.42 10 -30.23
v 45.749 10 -28.765
v 45.469 10 -29.139
v 45.977 10 -28.106
v 45.907 10 -28.437
v 45.979 10 -27.471
v 45.99 10 -27.72
v 45.906 10 -26.974
v 45.953 10 -27.23
v 45.73 10 -26.326
v 45.834 10 -26.68
v 45.482 10 -25.571
v 45.59 10 -25.89
v 45.292 10 -25.005
v 45.382 10 -25.271
v 45.163 10 -24.626
v 45.218 10 -24.786
v 44.88 10 -23.91
v 45.13 10 -24.54
v 44.906 10 -23.129
v 45.302 10 -22.663
v 45.05 10 -22.96
v 45.76 10 -22.01
v 45.546 10 -22.335
v 46.018 10 -21.504
v 45.924 10 -21.721
v 45.96 10 -21.374
v 46.02 10 -21.39
v 45.61 10 -21.344
v 45.819 10 -21.359
v 45.047 10 -21.323
v 45.348 10 -21.331
v 44.024 10 -21.336
v 44.72 10 -21.32
v 42.941 10 -21.457
v 43.443 10 -21.38
v 42.035 10 -21.745
v 42.484 10 -21.577
v 41.289 10 -22.1
v 41.56 10 -21.97
v 42 10 -20.83
v 42.215 10 -20.689
v 42.107 10 -20.764
v 42.408 10 -20.531
v 42.318 10 -20.61
v 42.53 10 -20.39
v 42.481 10 -20.456
v 42.617 10 -20.221
v 42.588 10 -20.295
v 42.57 10 -20.079
v 42.612 10 -20.154
v 42.35 10 -19.85
v 42.484 10 -19.982
v 41.935 10 -19.549
v 42.148 10 -19.692
v 41.481 10 -19.31
v 41.712 10 -19.421
v 40.996 10 -19.141
v 41.242 10 -19.217
v 40.493 10 -19.043
v 40.746 10 -19.083
v 39.98 10 -19.019
v 40.237 10 -19.022
v 39.47 10 -19.07
v 39.724 10 -19.035
v 38.828 10 -19.202
v 39.128 10 -19.135
v 38.342 10 -19.345
v 38.568 10 -19.271
v 37.98 10 -19.51
v 38.147 10 -19.424
v 36.56 10 -19.92
v 35.424 10 -19.117
v 36.094 10 -19.586
v 33.769 10 -17.979
v 34.625 10 -18.565
v 32.18 10 -16.91
v 32.929 10 -17.411
v 30.62 10 -15.5
v 30.777 10 -13.766
v 30.75 10 -14.09
v 30.92 10 -12.36
v 30.51 10 -11.22
v 30.99 10 -11.78
v 30.124 10 -10.798
v 30.346 10 -11.037
v 29.569 10 -10.219
v 29.86 10 -10.52
v 28.97 10 -9.61
v 29.267 10 -9.91
v 28.102 10 -8.791
v 28.503 10 -9.153
v 27.508 10 -8.359
v 27.77 10 -8.526
v 27.2 10 -8.32
v 27.317 10 -8.29
v 27.099 10 -8.694
v 27.154 10 -8.442
v 26.994 10 -9.396
v 27.044 10 -9.029
v 26.94 10 -10.03
v 26.957 10 -9.746
v 26.338 10 -11.099
v 25.89 10 -11.396
v 26.05 10 -11.27
v 25.564 10 -11.855
v 25.726 10 -11.594
v 25.274 10 -12.514
v 25.411 10 -12.166
v 25.092 10 -13.149
v 25.16 10 -12.89
v 21.78 10 -14.61
v 20.146 10 -14.814
v 20.861 10 -14.722
v 19.11 10 -14.966
v 19.581 10 -14.893
v 18.23 10 -15.13
v 18.678 10 -15.043
v 17.557 10 -15.296
v 17.837 10 -15.21
v 17.157 10 -15.647
v 17.345 10 -15.429
v 16.67 10 -16.5
v 16.947 10 -15.991
v 14.504 10 -17.488
v 14.252 10 -17.418
v 14.37 10 -17.45
v 14.047 10 -17.372
v 14.143 10 -17.391
v 13.916 10 -17.361
v 13.97 10 -17.362
v 13.858 10 -17.433
v 13.89 10 -17.37
v 13.841 10 -17.673
v 13.842 10 -17.537
v 13.881 10 -17.998
v 13.854 10 -17.829
v 14.09 10 -18.505
v 13.92 10 -18.17
v 14.815 10 -19.161
v 14.396 10 -18.84
v 15.9 10 -19.701
v 15.324 10 -19.453
v 16.872 10 -19.986
v 16.52 10 -19.89
v 15.955 10 -22.548
v 15.278 10 -22.555
v 15.65 10 -22.55
v 14.863 10 -22.622
v 15.02 10 -22.577
v 14.788 10 -22.816
v 14.79 10 -22.7
v 14.927 10 -23.133
v 14.84 10 -22.98
v 15.25 10 -23.531
v 15.068 10 -23.322
v 15.68 10 -23.946
v 15.459 10 -23.744
v 16.24 10 -24.37
v 15.9 10 -24.12
v 19.54 10 -25.92
v 18.983 10 -26.129
v 19.24 10 -26.02
v 18.62 10 -26.361
v 18.775 10 -26.244
v 18.49 10 -26.59
v 18.523 10 -26.477
v 18.594 10 -26.857
v 18.517 10 -26.718
v 18.872 10 -27.143
v 18.715 10 -27.001
v 19.27 10 -27.39
v 19.059 10 -27.274
v 19.847 10 -27.644
v 19.565 10 -27.526
v 20.34 10 -27.813
v 20.108 10 -27.74
v 20.69 10 -27.88
v 20.536 10 -27.86
v 21.37 10 -27.731
v 20.983 10 -27.843
v 22.414 10 -27.292
v 21.847 10 -27.548
v 23.8 10 -26.57
v 23.065 10 -26.966
v 24.869 10 -25.806
v 24.406 10 -26.195
v 25.454 10 -24.844
v 25.211 10 -25.368
v 25.73 10 -23.4
v 25.62 10 -24.2
v 28.75 10 -22.46
v 28.911 10 -22.788
v 28.83 10 -22.624
v 29.079 10 -23.112
v 28.994 10 -22.95
v 29.254 10 -23.432
v 29.166 10 -23.272
v 29.436 10 -23.749
v 29.344 10 -23.591
v 29.625 10 -24.061
v 29.53 10 -23.906
v 29.82 10 -24.37
v 29.722 10 -24.216
v 29.832 10 -24.409
v 29.823 10 -24.387
v 29.861 10 -24.461
v 29.845 10 -24.434
v 29.9 10 -24.52
v 29.88 10 -24.49
v 30.61 10 -25.47
v 30.948 10 -25.921
v 30.783 10 -25.702
v 31.229 10 -26.283
v 31.099 10 -26.118
v 31.4 10 -26.48
v 31.331 10 -26.407
v 32.29 10 -30.91
v 31.643 10 -31.577
v 31.948 10 -31.254
v 31.143 10 -32.157
v 31.375 10 -31.878
v 30.79 10 -32.65
v 30.948 10 -32.414
v 28.706 10 -34.515
v 27.87 10 -34.883
v 28.46 10 -34.6
v 26.891 10 -35.734
v 27.341 10 -35.268
v 26.303 10 -36.821
v 26.539 10 -36.259
v 26.19 10 -37.598
v 26.2 10 -37.4
v 26.204 10 -37.864
v 26.19 10 -37.749
v 26.281 10 -38.033
v 26.233 10 -37.955
v 26.456 10 -38.192
v 26.35 10 -38.11
v 26.74 10 -38.25
v 26.582 10 -38.239
v 27.197 10 -38.161
v 26.941 10 -38.224
v 29.638 10 -38.961
v 30.798 10 -40.444
v 30.22 10 -39.71
v 31.871 10 -41.526
v 31.344 10 -41.045
v 32.934 10 -42.185
v 32.396 10 -41.902
v 33.909 10 -42.502
v 33.5 10 -42.39
v 34.579 10 -42.638
v 34.254 10 -42.583
v 35.339 10 -42.686
v 34.926 10 -42.67
v 36.384 10 -42.687
v 35.86 10 -42.69
v 37.13 10 -42.645
v 36.796 10 -42.673
v 37.69 10 -42.523
v 37.417 10 -42.597
v 45.16 10 -43.21
v 44.259 10 -43.487
v 44.44 10 -43.43
v 42.63 10 -43.96
v 42.43 10 -44.01
v 42.532 10 -43.983
v 42.234 10 -44.067
v 42.329 10 -44.039
v 42.149 10 -44.091
v 41.49 10 -44.28
v 42.08 10 -44.11
v 40.495 10 -44.591
v 41.061 10 -44.41
v 39.271 10 -45.002
v 39.873 10 -44.798
v 38.45 10 -45.3
v 38.771 10 -45.179
v 37.519 10 -45.736
v 37.99 10 -45.511
v 36.658 10 -46.171
v 37.065 10 -45.96
v 36.1 10 -46.5
v 36.327 10 -46.356
v 35.66 10 -46.73
v 35.614 10 -46.735
v 35.636 10 -46.729
v 35.582 10 -46.762
v 35.596 10 -46.746
v 35.57 10 -46.8
v 35.573 10 -46.78
v 35.432 10 -46.934
v 35.279 10 -47.011
v 35.38 10 -46.96
v 34.932 10 -47.24
v 35.139 10 -47.099
v 34.219 10 -47.762
v 34.635 10 -47.455
v 32.016 10 -48.703
v 31.444 10 -48.453
v 31.69 10 -48.56
v 30.961 10 -48.345
v 31.2 10 -48.381
v 30.522 10 -48.384
v 30.734 10 -48.346
v 30.199 10 -48.543
v 30.33 10 -48.46
v 29.985 10 -48.769
v 30.086 10 -48.644
v 29.811 10 -49.112
v 29.894 10 -48.923
v 27.24 10 -50.88
v 26.013 10 -50.885
v 26.52 10 -50.872
v 25.461 10 -51.019
v 25.674 10 -50.93
v 25.24 10 -51.37
v 25.331 10 -51.161
v 18.705 10 -51.86
v 18.714 10 -51.314
v 18.71 10 -51.55
v 18.797 10 -50.293
v 18.883 10 -49.32
v 18.83 10 -50.09
v 18.541 10 -47.844
v 18.786 10 -48.568
v 17.629 10 -46.524
v 18.154 10 -47.159
v 16.748 10 -45.786
v 16.97 10 -45.95
v 16.376 10 -45.544
v 16.557 10 -45.654
v 15.954 10 -45.339
v 16.183 10 -45.443
v 15.484 10 -45.167
v 15.67 10 -45.22
v 14.988 10 -45.129
v 15.249 10 -45.136
v 14.471 10 -45.181
v 14.721 10 -45.144
v 13.943 10 -45.375
v 14.26 10 -45.24
v 13.354 10 -45.751
v 13.63 10 -45.554
v 13.028 10 -46.104
v 13.143 10 -45.943
v 13.073 10 -46.234
v 13.04 10 -46.21
v 13.206 10 -46.298
v 13.13 10 -46.264
v 13.396 10 -46.368
v 13.296 10 -46.333
v 15.169 10 -47.604
v 15.133 10 -47.95
v 15.15 10 -47.78
v 15.094 10 -48.534
v 15.114 10 -48.208
v 15.051 10 -49.314
v 15.072 10 -48.909
v 15.012 10 -50.142
v 15.03 10 -49.73
v 14.12 10 -52.14
v 13.878 10 -52.218
v 14.014 10 -52.161
v 13.576 10 -52.402
v 13.726 10 -52.301
v 13.34 10 -52.62
v 13.442 10 -52.512
v 13.236 10 -52.803
v 13.293 10 -52.694
v 13.11 10 -53.087
v 13.174 10 -52.936
v 13 10 -53.41
v 13.051 10 -53.248
v 11.411 10 -55.011
v 10.3 10 -55.51
v 10.62 10 -55.36
v 9.805 10 -55.85
v 10.033 10 -55.67
v 9.416 10 -56.323
v 9.604 10 -56.064
v 8.987 10 -57.056
v 9.23 10 -56.64
v 7.974 10 -57.862
v 7.461 10 -57.918
v 7.66 10 -57.89
v 6.896 10 -58.094
v 7.191 10 -57.991
v 6.402 10 -58.319
v 6.619 10 -58.209
v 6.267 10 -58.546
v 6.29 10 -58.41
v 6.46 10 -58.923
v 6.328 10 -58.723
v 6.88 10 -59.319
v 6.649 10 -59.127
v 7.49 10 -59.644
v 7.14 10 -59.48
v 8.264 10 -59.876
v 7.863 10 -59.775
v 9.168 10 -59.992
v 8.697 10 -59.948
v 10.271 10 -59.992
v 9.68 10 -60.01
v 11.195 10 -59.824
v 10.768 10 -59.933
v 11.933 10 -59.426
v 11.576 10 -59.657
v 12.471 10 -58.961
v 12.29 10 -59.12
v 11.876 10 -60.939
v 15.57 10 -62.01
v 19.823 10 -58.368
v 22.82 10 -59.64
v 23.115 10 -62.437
v 26.48 10 -66.48
v 24.24 10 -78.76
v 16.738 10 -79.635
v 19.019 10 -82.207
v 18.873 10 -91.463
v 18.017 10 -94.53
v 17.388 10 -95.77
v 24.063 10 -95.926
v 25.367 10 -89.3
v 40.04 10 -97.24
v 57.54 10 -98.91
v 61.42 10 -97.1
v 59.74 10 -89.075
v 65.705 10 -75.087
v 78.834 10 -92.048
v 82.21 10 -81.676
v 82.08 10 -81.16
v 81.591 10 -64.65
v 80.378 10 -63.226
v 64.766 10 -53.759
v 59.572 10 -53.734
v 83.329 10 -26.632
v 83.997 10 -31.132
v 77.758 10 -37.415
v 76.975 10 -42.38
v 83.66 10 -52.087
v 91.108 10 -47.045
v 87.295 10 -40.892
v 87.15 10 -36.54
v 70.115 10 -36.011
v 72.415 10 -24.199
v 66.89 10 -10.68
v 64.301 10 -4.397
v 57.95 10 -0.94
v 54.13 10 -3.39
v 52.453 10 -4.698
v 52.11 10 -18.69
v 52.555 10 -21.703
v 41.676 10 -21.037
v 36.84 10 -20.12
v 30.897 10 -12.559
v 26.919 10 -10.293
v 18.11 10 -24.37
v 19.804 10 -25.825
v 32.59 10 -30.605
v 28.945 10 -34.414
v 37.98 10 -42.42
v 36.005 10 -46.563
v 35.564 10 -46.822
v 33.66 10 -48.18
v 25.144 10 -51.571
v 18.768 10 -50.531
v 14.225 10 -52.106
v 12.378 10 -59.958
v 10.944 10 -62.679
v 9.572 10 -63.607
v 14.937 10 -63.197
v 15.856 10 -66.166
v 19.803 10 -58.013
v 23.2 10 -61.901
v 24.965 10 -72.39
v 24.761 10 -76.486
v 24.369 10 -79.167
v 22.574 10 -81.309
v 17.816 10 -80.389
v 16.252 10 -88.259
v 12.686 10 -92.431
v 18.207 10 -91.601
v 23.635 10 -94.767
v 29.499 10 -82.86
v 41.658 10 -98.047
v 53.637 10 -98.621
v 58.167 10 -98.912
v 61.508 10 -99.35
v 61.56 10 -96.28
v 59.469 10 -89.584
v 60.17 10 -83.64
v 59.842 10 -82.938
v 58.921 10 -78.493
v 58.186 10 -76.201
v 57.911 10 -75.586
v 60.806 10 -71.027
v 61.845 10 -71.987
v 82.192 10 -81.627
v 82.328 10 -79.261
v 85.76 10 -73.691
v 86.579 10 -59.113
v 72.076 10 -56.425
v 85.032 10 -29.101
v 77.723 10 -37.508
v 73.563 10 -46.958
v 79.166 10 -48.335
v 84.392 10 -46.355
v 84.137 10 -45.344
v 87.273 10 -40.944
v 87.604 10 -38.035
v 85.51 10 -34.73
v 70.039 10 -36.242
v 67.025 10 -41.294
v 66.827 10 -39.404
v 65.217 10 -28.191
v 70.746 10 -21.28
v 54.274 10 -3.565
v 52.71 10 -7.59
v 56.913 10 -19.597
v 30.869 10 -12.815
v 26.565 10 -10.922
v 25.025 10 -13.36
v 22.777 10 -14.482
v 17.155 10 -20.087
v 16.193 10 -22.538
v 18.824 10 -24.372
v 27.52 10 -38.06
v 35.697 10 -46.725
v 29.73 10 -49.34
v 27.572 10 -50.878
v 11.984 10 -54.721
v 12.759 10 -59.182
v 10.73 10 -63.02
v 21.72 10 -57.644
v 22.013 10 -57.881
v 23.26 10 -61.386
v 26.539 10 -66.991
v 25.429 10 -72.046
v 23.86 10 -75.07
v 17.704 10 -95.456
v 22.62 10 -92.781
v 24.19 10 -95.69
v 31.559 10 -81.427
v 33.87 10 -79.221
v 40.877 10 -87.04
v 39.605 10 -88.425
v 39.143 10 -90.911
v 40.419 10 -97.346
v 61.176 10 -96.714
v 59.237 10 -90.067
v 59.594 10 -85.664
v 60.004 10 -83.459
v 58.909 10 -78.634
v 57.662 10 -67.955
v 60.997 10 -70.908
v 61.839 10 -71.589
v 65.935 10 -74.927
v 67.03 10 -77.556
v 72.247 10 -79.977
v 82.165 10 -81.526
v 81.86 10 -78.823
v 85.392 10 -73.53
v 81.031 10 -64.257
v 65.104 10 -53.87
v 59.216 10 -53.82
v 73.597 10 -35.925
v 83.733 10 -26.479
v 84.771 10 -30.526
v 77.75 10 -37.449
v 83.176 10 -51.256
v 90.024 10 -49.118
v 91.069 10 -46.825
v 87.049 10 -51.778
v 84.241 10 -46.117
v 86.412 10 -39.616
v 86.676 10 -36.612
v 66.859 10 -39.787
v 64.4 10 -31.55
v 71.277 10 -25.199
v 72.087 10 -24.349
v 70.765 10 -20.393
v 54.707 10 -0.841
v 52.899 10 -7.719
v 52.469 10 -9.405
v 57.016 10 -19.734
v 52.74 10 -21.291
v 43.496 10 -31.182
v 44.813 10 -23.269
v 41.375 10 -21.258
v 37.27 10 -19.89
v 31.787 10 -16.647
v 30.839 10 -13.113
v 14.661 10 -17.522
v 19.341 10 -24.38
v 20.024 10 -25.703
v 25.859 10 -22.336
v 28.334 10 -21.659
v 32.38 10 -27.66
v 32.856 10 -30.327
v 29.177 10 -34.297
v 29.164 10 -38.436
v 35.913 10 -46.62
v 35.478 10 -46.905
v 32.312 10 -48.77
v 29.624 10 -49.591
v 27.825 10 -50.868
v 18.744 10 -50.79
v 13.5 10 -46.4
v 14.989 10 -50.528
v 8.254 10 -57.773
v 12.91 10 -58.82
v 10.576 10 -63.115
v 9.787 10 -63.515
v 14.969 10 -63.159
v 16.038 10 -65.863
v 20.088 10 -57.277
v 22.928 10 -59.767
v 23.294 10 -60.925
v 24.837 10 -76.289
v 22.69 10 -81.652
v 16.488 10 -88.117
v 13.019 10 -92.28
v 18.43 10 -91.402
v 18.971 10 -91.284
v 22.687 10 -92.61
v 22.967 10 -92.262
v 24.976 10 -88.663
v 29.33 10 -82.757
v 31.305 10 -81.409
v 41.804 10 -87.064
v 39.696 10 -88.311
v 39.528 10 -91.139
v 41.214 10 -97.74
v 51.67 10 -98.82
v 58.753 10 -98.92
v 61.34 10 -99.293
v 61.262 10 -96.199
v 59.856 10 -92.012
v 59.058 10 -90.5
v 59.841 10 -83.119
v 58.899 10 -78.807
v 58.037 10 -75.893
v 72.266 10 -78.87
v 78.761 10 -90.882
v 82.176 10 -81.576
v 86.38 10 -76.33
v 80.223 10 -63.225
v 85.568 10 -59.1
v 72.456 10 -56.627
v 65.515 10 -53.987
v 58.804 10 -53.916
v 64.17 10 -48.43
v 77.739 10 -37.48
v 73.676 10 -46.905
v 79.514 10 -48.159
v 82.599 10 -50.41
v 87.607 10 -51.126
v 84.071 10 -45.386
v 87.245 10 -41.014
v 87.579 10 -38.105
v 87.59 10 -38.07
v 86.268 10 -36.639
v 85.191 10 -35.135
v 69.962 10 -36.473
v 66.917 10 -40.39
v 66.889 10 -40.123
v 63.928 10 -30.678
v 64.63 10 -28.103
v 70.429 10 -20.454
v 67.056 10 -3.957
v 64.544 10 -4.558
v 54.989 10 -0.95
v 54.404 10 -3.725
v 52.809 10 -4.824
v 59.151 10 -10.932
v 52.884 10 -20.936
v 52.269 10 -30.484
v 43.263 10 -31.481
v 44.803 10 -23.699
v 31.428 10 -16.404
v 30.807 10 -13.435
v 26.735 10 -10.732
v 23.488 10 -14.377
v 14.831 10 -17.551
v 17.378 10 -20.2
v 16.382 10 -22.516
v 19.699 10 -24.396
v 26.01 10 -21.51
v 33.08 10 -30.081
v 29.401 10 -34.165
v 27.977 10 -37.947
v 42.928 10 -43.874
v 35.827 10 -46.667
v 35.754 10 -46.704
v 18.726 10 -51.056
v 14.366 10 -52.018
v 12.384 10 -54.452
v 12.891 10 -58.758
v 10.336 10 -63.245
v 10.057 10 -63.386
v 15.002 10 -63.143
v 16.156 10 -65.643
v 19.789 10 -57.709
v 23.028 10 -59.896
v 23.298 10 -60.552
v 25.841 10 -71.726
v 24.883 10 -76.124
v 22.825 10 -81.844
v 17.056 10 -79.695
v 16.718 10 -87.964
v 13.27 10 -92.061
v 18.629 10 -91.23
v 19.032 10 -91.14
v 17.892 10 -95.19
v 22.749 10 -92.463
v 23.679 10 -94.788
v 24.244 10 -95.485
v 24.681 10 -88.15
v 29.153 10 -82.701
v 42.785 10 -87.042
v 40.059 10 -90.354
v 40.806 10 -97.509
v 52.081 10 -98.692
v 59.27 10 -98.931
v 61.176 10 -99.24
v 61.077 10 -96.193
v 59.739 10 -91.961
v 58.941 10 -90.853
v 59.42 10 -85.974
v 58.892 10 -79.006
v 57.482 10 -67.428
v 61.806 10 -71.29
v 66.929 10 -76.766
v 72.287 10 -77.915
v 78.646 10 -89.729
v 81.975 10 -80.889
v 81.549 10 -78.542
v 86.218 10 -76.135
v 85.095 10 -73.414
v 80.598 10 -63.94
v 72.87 10 -56.813
v 84.02 10 -26.324
v 85.3 10 -30.054
v 73.823 10 -46.835
v 79.839 10 -48.071
v 89.776 10 -48.617
v 90.999 10 -46.665
v 87.66 10 -51.268
v 84.114 10 -45.908
v 84.014 10 -45.43
v 87.214 10 -41.096
v 84.98 10 -35.453
v 69.884 10 -36.703
v 64.136 10 -28.062
v 71.791 10 -24.563
v 66.925 10 -4.206
v 57.69 10 -0.959
v 53.107 10 -4.869
v 52.627 10 -9.43
v 59.423 10 -10.78
v 57.114 10 -19.853
v 44.766 10 -23.397
v 41.112 10 -21.48
v 31.119 10 -16.192
v 26.851 10 -10.525
v 24.956 10 -13.533
v 23.975 10 -14.28
v 15.006 10 -17.574
v 17.548 10 -20.329
v 16.544 10 -22.479
v 20.199 10 -25.556
v 26.191 10 -20.901
v 27.994 10 -21.06
v 30.663 10 -32.877
v 29.616 10 -34.019
v 28.376 10 -37.954
v 28.757 10 -38.109
v 43.277 10 -43.774
v 32.6 10 -48.756
v 28.022 10 -50.846
v 13.775 10 -46.494
v 14.523 10 -51.893
v 8.75 10 -57.377
v 8.509 10 -57.614
v 15.68 10 -60.465
v 16.219 10 -65.487
v 19.78 10 -57.47
v 23.116 10 -60.019
v 24.24 10 -63.05
v 26.17 10 -71.456
v 24.387 10 -79.613
v 16.941 10 -87.801
v 17.986 10 -94.904
v 22.803 10 -92.347
v 23.736 10 -94.821
v 24.223 10 -95.303
v 24.477 10 -87.75
v 28.957 10 -82.689
v 31.128 10 -81.43
v 43.752 10 -86.98
v 39.679 10 -88.128
v 39.847 10 -91.263
v 59.694 10 -98.947
v 61.023 10 -99.195
v 61.002 10 -96.27
v 59.615 10 -91.901
v 59.706 10 -87.584
v 59.283 10 -86.27
v 55.74 10 -71.37
v 57.237 10 -67.122
v 61.745 10 -71.074
v 66.837 10 -76.12
v 72.311 10 -77.16
v 78.496 10 -88.635
v 81.806 10 -80.392
v 81.365 10 -78.394
v 85.899 10 -75.724
v 84.858 10 -73.336
v 80.285 10 -63.696
v 80.106 10 -63.245
v 66.624 10 -54.263
v 66.016 10 -54.117
v 63.886 10 -48.601
v 84.187 10 -26.167
v 73.994 10 -46.751
v 89.61 10 -48.154
v 90.895 10 -46.558
v 87.716 10 -51.424
v 84.016 10 -45.736
v 87.181 10 -41.186
v 69.805 10 -36.932
v 63.749 10 -28.071
v 71.523 10 -24.845
v 70.211 10 -20.547
v 66.713 10 -4.415
v 57.38 10 -0.976
v 55.307 10 -1.002
v 53.387 10 -4.832
v 52.748 10 -9.415
v 59.635 10 -10.688
v 57.2 10 -19.947
v 52.987 10 -20.639
v 43.154 10 -31.705
v 44.764 10 -23.535
v 40.905 10 -21.689
v 24.881 10 -13.673
v 16.579 10 -16.664
v 16.697 10 -22.422
v 20.326 10 -25.387
v 26.41 10 -20.49
v 30.521 10 -33.094
v 29.821 10 -33.859
v 38.706 10 -42.238
v 43.64 10 -43.669
v 29.465 10 -49.847
v 28.188 10 -50.809
v 14.046 10 -46.602
v 14.674 10 -51.749
v 15.872 10 -60.033
v 23.189 10 -60.131
v 23.27 10 -60.3
v 26.38 10 -71.26
v 17.319 10 -79.825
v 17.156 10 -87.628
v 13.445 10 -91.77
v 23.805 10 -94.865
v 24.128 10 -95.137
v 28.733 10 -82.719
v 30.997 10 -81.49
v 44.639 10 -86.878
v 40.271 10 -90.649
v 40.099 10 -91.28
v 60.89 10 -99.16
v 59.517 10 -87.399
v 59.192 10 -86.532
v 58.89 10 -79.22
v 55.574 10 -71.157
v 61.159 10 -70.83
v 61.651 10 -70.926
v 66.751 10 -75.593
v 72.335 10 -76.653
v 78.315 10 -87.646
v 81.28 10 -78.35
v 85.496 10 -75.192
v 84.67 10 -73.293
v 80.031 10 -63.285
v 58.377 10 -54.014
v 63.425 10 -48.892
v 84.231 10 -26.012
v 85.602 10 -29.697
v 74.182 10 -46.659
v 89.527 10 -47.737
v 90.753 10 -46.499
v 87.774 10 -51.587
v 83.952 10 -45.613
v 83.969 10 -45.474
v 87.15 10 -41.28
v 86.399 10 -39.711
v 84.871 10 -35.705
v 69.724 10 -37.162
v 70.095 10 -20.678
v 66.9 10 -11.22
v 57.036 10 -0.991
v 55.728 10 -1.016
v 53.688 10 -4.716
v 52.859 10 -9.361
v 57.27 10 -20.01
v 53.049 10 -20.4
v 41.076 10 -22.18
v 40.769 10 -21.87
v 30.617 10 -15.575
v 24.299 10 -14.177
v 15.175 10 -17.591
v 16.86 10 -22.34
v 20.404 10 -25.197
v 32.762 10 -28.15
v 30.365 10 -33.302
v 39.81 10 -42.081
v 43.98 10 -43.57
v 35.545 10 -46.848
v 32.905 10 -48.656
v 24.992 10 -51.798
v 18.71 10 -52.092
v 14.305 10 -46.722
v 12.847 10 -53.834
v 16.09 10 -59.75
v 15.771 10 -61.952
v 16.234 10 -65.379
v 23.242 10 -60.227
v 24.779 10 -62.975
v 26.463 10 -71.167
v 17.56 10 -80.048
v 13.58 10 -90.95
v 13.547 10 -91.402
v 19.056 10 -91.036
v 23.881 10 -94.919
v 23.96 10 -94.98
v 30.576 10 -82.153
v 33.996 10 -78.768
v 39.555 10 -87.862
v 40.371 10 -90.873
v 40.28 10 -91.19
v 52.549 10 -98.616
v 60.16 10 -98.99
v 61.036 10 -96.441
v 58.9 10 -91.1
v 59.895 10 -83.289
v 55.354 10 -70.864
v 61.296 10 -70.792
v 66.125 10 -74.813
v 66.67 10 -75.16
v 84.677 10 -59.084
v 62.868 10 -49.25
v 85.194 10 -29.135
v 74.38 10 -46.56
v 90.57 10 -46.48
v 87.83 10 -51.75
v 87.118 10 -41.77
v 87.114 10 -41.416
v 85.916 10 -36.618
v 69.643 10 -37.391
v 67.039 10 -41.355
v 63.48 10 -28.13
v 70.477 10 -21.237
v 70.06 10 -20.85
v 66.421 10 -4.58
v 56.677 10 -1.003
v 56.32 10 -1.01
v 54.05 10 -4.52
v 52.99 10 -9.27
v 57.423 10 -20.105
v 53.07 10 -20.22
v 40.72 10 -22.01
v 30.617 10 -15.646
v 24.797 10 -13.79
v 16.48 10 -16.829
v 15.33 10 -17.6
v 17.234 10 -22.109
v 20.43 10 -24.99
v 33.052 10 -28.559
v 33.254 10 -29.877
v 30.014 10 -33.685
v 41.134 10 -41.958
v 35.516 10 -46.876
v 29.264 10 -50.095
v 24.789 10 -52.042
v 18.728 10 -52.265
v 14.544 10 -46.851
v 14.8 10 -51.605
v 12.656 10 -54.169
v 16.221 10 -59.659
v 16.043 10 -61.71
v 16.21 10 -65.3
v 26.534 10 -71.067
v 17.363 10 -87.445
v 19.039 10 -90.977
v 28.47 10 -82.79
v 30.88 10 -81.59
v 45.38 10 -86.74
v 40.37 10 -91.047
v 53.07 10 -98.592
v 59.999 10 -98.967
v 59.491 10 -91.835
v 59.365 10 -87.217
v 61.415 10 -70.793
v 66.274 10 -74.743
v 78.11 10 -86.81
v 81.269 10 -78.355
v 84.52 10 -73.28
v 83.939 10 -59.063
v 73.337 10 -56.99
v 62.291 10 -49.625
v 85.339 10 -29.169
v 76.937 10 -42.846
v 74.979 10 -46.236
v 90.398 10 -46.504
v 87.906 10 -51.974
v 87.096 10 -41.646
v 87.095 10 -41.533
v 85.612 10 -36.548
v 69.56 10 -37.619
v 63.581 10 -30
v 70.085 10 -20.988
v 66.907 10 -11.394
v 64.795 10 -4.675
v 53.085 10 -9.195
v 57.599 10 -20.161
v 52.295 10 -30.74
v 43.15 10 -31.884
v 40.741 10 -22.126
v 16.379 10 -16.989
v 15.538 10 -17.597
v 17.523 10 -21.849
v 20.426 10 -24.873
v 27.709 10 -20.637
v 30.196 10 -33.5
v 42.52 10 -41.879
v 29.031 10 -50.323
v 24.541 10 -52.295
v 14.755 10 -46.985
v 12.624 10 -58.844
v 12.836 10 -58.742
v 16.337 10 -61.35
v 15.71 10 -64.23
v 24.22 10 -75.158
v 22.987 10 -81.891
v 30.632 10 -82.015
v 34.116 10 -78.392
v 59.374 10 -91.767
v 59.253 10 -87.045
v 55.107 10 -70.529
v 61.52 10 -70.83
v 66.38 10 -74.72
v 66.628 10 -74.999
v 77.94 10 -86.22
v 85.081 10 -74.636
v 84.39 10 -73.291
v 83.382 10 -59.038
v 73.878 10 -57.166
v 61.776 10 -49.965
v 85.459 10 -29.202
v 76.881 10 -43.357
v 75.501 10 -45.898
v 90.213 10 -46.569
v 87.954 10 -52.136
v 85.347 10 -36.429
v 69.477 10 -37.848
v 63.345 10 -29.48
v 63.39 10 -28.172
v 68.449 10 -17.092
v 66.92 10 -11.606
v 54.214 10 -4.421
v 53.153 10 -9.124
v 52.442 10 -19.049
v 52.301 10 -30.994
v 40.915 10 -22.211
v 30.62 10 -15.713
v 16.28 10 -17.134
v 15.694 10 -17.586
v 20.413 10 -24.779
v 43.811 10 -41.857
v 28.78 10 -50.519
v 28.346 10 -50.752
v 14.93 10 -47.12
v 16.33 10 -59.607
v 15.041 10 -63.148
v 15.598 10 -63.99
v 25.21 10 -62.92
v 24.487 10 -75.249
v 17.561 10 -87.253
v 22.848 10 -92.27
v 22.958 10 -92.25
v 30.694 10 -81.884
v 34.226 10 -78.111
v 59.27 10 -91.7
v 59.184 10 -86.884
v 59.16 10 -86.74
v 54.863 10 -70.189
v 66.451 10 -74.727
v 66.59 10 -74.881
v 77.543 10 -84.934
v 84.725 10 -74.15
v 84.31 10 -73.327
v 83.04 10 -59.01
v 74.51 10 -57.35
v 61.4 10 -50.22
v 85.549 10 -29.233
v 76.817 10 -43.85
v 75.94 10 -45.553
v 90.027 10 -46.666
v 85.11 10 -36.26
v 69.392 10 -38.076
v 63.206 10 -29.083
v 63.317 10 -28.22
v 68.184 10 -17.121
v 66.936 10 -11.842
v 65.056 10 -4.749
v 54.362 10 -4.326
v 53.197 10 -9.043
v 52.692 10 -19.347
v 52.288 10 -31.22
v 40.804 10 -22.193
v 30.627 10 -15.77
v 16.188 10 -17.257
v 15.814 10 -17.561
v 17.724 10 -21.567
v 20.386 10 -24.702
v 44.85 10 -41.9
v 45.496 10 -43.103
v 28.52 10 -50.67
v 24.256 10 -52.547
v 15.04 10 -47.217
v 14.88 10 -51.48
v 16.425 10 -59.595
v 15.088 10 -63.174
v 15.485 10 -63.766
v 21.941 10 -57.768
v 26.593 10 -70.959
v 19.138 10 -82.411
v 17.75 10 -87.052
v 22.88 10 -92.24
v 22.944 10 -92.241
v 28.233 10 -82.885
v 34.32 10 -77.94
v 45.64 10 -86.66
v 59.129 10 -91.601
v 66.551 10 -74.801
v 77.034 10 -83.577
v 84.5 10 -73.83
v 84.281 10 -73.394
v 82.743 10 -58.974
v 74.921 10 -57.463
v 61.04 10 -50.465
v 85.6 10 -29.26
v 76.75 10 -44.262
v 76.289 10 -45.205
v 83.94 10 -45.516
v 84.942 10 -36.088
v 69.307 10 -38.303
v 70.284 10 -21.177
v 67.995 10 -17.115
v 66.056 10 -4.7
v 65.329 10 -4.78
v 54.489 10 -4.241
v 53.224 10 -8.94
v 52.871 10 -19.598
v 30.637 10 -15.817
v 16.11 10 -17.35
v 15.912 10 -17.517
v 17.834 10 -21.271
v 20.344 10 -24.637
v 33.37 10 -29.72
v 45.346 10 -41.965
v 23.94 10 -52.79
v 15.114 10 -47.298
v 12.746 10 -58.771
v 15.15 10 -63.22
v 15.377 10 -63.568
v 25.542 10 -62.884
v 24.676 10 -75.353
v 19.228 10 -82.628
v 17.93 10 -86.843
v 22.904 10 -92.237
v 22.926 10 -92.237
v 30.758 10 -81.765
v 45.9 10 -86.554
v 59.03 10 -91.518
v 66.506 10 -74.752
v 76.426 10 -82.183
v 81.258 10 -78.369
v 84.303 10 -73.496
v 82.446 10 -58.937
v 75.332 10 -57.574
v 60.684 10 -50.715
v 85.696 10 -29.439
v 76.69 10 -44.53
v 89.857 10 -46.788
v 86.608 10 -39.841
v 84.86 10 -35.91
v 69.22 10 -38.53
v 63.26 10 -28.276
v 67.863 10 -17.074
v 66.957 10 -12.091
v 54.514 10 -3.864
v 54.588 10 -4.17
v 53.237 10 -8.803
v 52.988 10 -19.817
v 43.23 10 -32.05
v 30.65 10 -15.85
v 16.006 10 -17.448
v 17.851 10 -20.966
v 45.813 10 -42.979
v 16.607 10 -60.937
v 15.282 10 -63.404
v 25.783 10 -62.867
v 24.799 10 -75.477
v 19.289 10 -82.863
v 18.1 10 -86.625
v 24.358 10 -87.453
v 30.821 10 -81.665
v 46.144 10 -86.43
v 58.908 10 -91.24
v 75.736 10 -80.783
v 84.376 10 -73.64
v 80.091 10 -63.524
v 79.998 10 -63.344
v 75.744 10 -57.68
v 60.331 10 -50.97
v 76.541 10 -44.862
v 89.717 10 -46.926
v 86.464 10 -39.787
v 70.156 10 -21.096
v 67.77 10 -17
v 54.6 10 -3.975
v 54.653 10 -4.118
v 53.24 10 -8.62
v 57.796 10 -20.179
v 30.714 10 -15.905
v 17.77 10 -20.66
v 20.283 10 -24.578
v 33.42 10 -29.62
v 33.25 10 -48.466
v 23.608 10 -53.03
v 18.76 10 -52.398
v 15.204 10 -63.285
v 25.94 10 -62.869
v 24.869 10 -75.633
v 19.322 10 -83.122
v 18.26 10 -86.4
v 46.357 10 -86.296
v 58.965 10 -91.438
v 58.927 10 -91.349
v 72.36 10 -76.44
v 74.979 10 -79.411
v 80.01 10 -63.42
v 82.15 10 -58.898
v 76.157 10 -57.784
v 59.981 10 -51.229
v 89.62 10 -47.07
v 67.667 10 -16.841
v 54.657 10 -4.053
v 54.68 10 -4.09
v 53.051 10 -20.019
v 30.876 10 -16.023
v 24.52 10 -14.052
v 19.936 10 -24.423
v 20.2 10 -24.52
v 33.434 10 -29.417
v 23.326 10 -53.2
v 18.81 10 -52.51
v 14.906 10 -51.364
v 26.02 10 -62.89
v 26.639 10 -70.839
v 19.33 10 -83.41
v 18.6 10 -85.84
v 18.98 10 -90.97
v 54.648 10 -69.884
v 72.483 10 -76.272
v 74.17 10 -78.1
v 81.854 10 -58.858
v 76.571 10 -57.884
v 59.635 10 -51.492
v 89.53 10 -47.373
v 65.62 10 -4.77
v 53.048 10 -7.887
v 53.218 10 -8.338
v 24.7 10 -13.89
v 17.676 10 -20.481
v 20.09 10 -24.464
v 33.381 10 -29.181
v 18.88 10 -52.62
v 14.934 10 -51.155
v 16.804 10 -60.535
v 24.9 10 -75.83
v 19.303 10 -83.874
v 18.871 10 -85.316
v 18.914 10 -91.005
v 27.986 10 -83.033
v 46.524 10 -86.16
v 54.49 10 -69.65
v 72.667 10 -76.273
v 73.664 10 -77.356
v 81.247 10 -78.39
v 81.557 10 -58.817
v 76.986 10 -57.981
v 59.292 10 -51.76
v 80.143 10 -48.071
v 83.93 10 -45.55
v 63.216 10 -28.343
v 67.295 10 -14.98
v 53.154 10 -8.094
v 43.354 10 -32.205
v 26.674 10 -20.257
v 33.256 10 -28.899
v 15.156 10 -47.379
v 14.962 10 -50.871
v 16.88 10 -60.21
v 24.902 10 -75.976
v 23.183 10 -81.801
v 19.076 10 -84.819
v 24.32 10 -87.25
v 27.704 10 -83.257
v 46.63 10 -86.03
v 54.303 10 -69.242
v 73.25 10 -76.807
v 81.239 10 -78.418
v 81.261 10 -58.774
v 77.402 10 -58.074
v 58.952 10 -52.033
v 80.429 10 -48.158
v 63.184 10 -28.424
v 67.395 10 -15.693
v 58.011 10 -20.159
v 15.173 10 -47.476
v 16.874 10 -60.15
v 19.219 10 -84.341
v 24.369 10 -87.079
v 34.505 10 -77.787
v 46.688 10 -85.903
v 72.92 10 -76.449
v 81.232 10 -78.452
v 80.966 10 -58.73
v 77.818 10 -58.164
v 58.617 10 -52.31
v 80.7 10 -48.33
v 87.976 10 -52.25
v 67.575 10 -16.591
v 58.24 10 -20.102
v 16.856 10 -60.084
v 24.523 10 -86.819
v 46.709 10 -85.764
v 81.23 10 -78.49
v 80.67 10 -58.685
v 57.979 10 -54.102
v 58.284 10 -52.591
v 81.321 10 -48.893
v 87.972 10 -52.331
v 67.486 10 -16.219
v 59.816 10 -10.642
v 58.48 10 -20.01
v 26.99 10 -20.18
v 45.768 10 -42.049
v 16.827 10 -60.013
v 26.675 10 -70.707
v 23.42 10 -81.58
v 18.794 10 -91.095
v 46.689 10 -85.596
v 80.375 10 -58.638
v 78.235 10 -58.251
v 57.956 10 -52.876
v 81.967 10 -49.604
v 59.99 10 -10.63
v 58.995 10 -19.691
v 27.227 10 -20.223
v 46.107 10 -42.147
v 19.124 10 -52.849
v 16.791 10 -59.94
v 24.299 10 -80.088
v 23.812 10 -81.081
v 24.792 10 -86.455
v 46.625 10 -85.386
v 81.61 10 -79.787
v 80.08 10 -58.59
v 57.65 10 -54.17
v 57.631 10 -53.166
v 87.943 10 -52.393
v 60.356 10 -10.738
v 59.426 10 -19.23
v 27.46 10 -20.367
v 46.355 10 -42.258
v 19.489 10 -53.043
v 16.748 10 -59.868
v 24.106 10 -80.58
v 25.187 10 -85.974
v 46.513 10 -85.119
v 81.424 10 -79.191
v 79.785 10 -58.541
v 78.653 10 -58.334
v 57.31 10 -53.46
v 87.89 10 -52.45
v 63.16 10 -28.52
v 60.607 10 -11.086
v 52.257 10 -31.393
v 46.502 10 -42.376
v 19.962 10 -53.199
v 16.7 10 -59.8
v 25.716 10 -85.364
v 46.35 10 -84.78
v 81.285 10 -78.72
v 79.49 10 -58.49
v 57.311 10 -54.224
v 73.627 10 -35.808
v 87.737 10 -52.543
v 60.745 10 -11.709
v 52.21 10 -31.49
v 43.529 10 -32.356
v 20.535 10 -53.314
v 16.602 10 -59.691
v 45.516 10 -83.275
v 57.084 10 -54.208
v 73.659 10 -35.691
v 87.578 10 -52.523
v 21.194 10 -53.386
v 16.513 10 -59.623
v 44.601 10 -82.067
v 73.691 10 -35.575
v 63.149 10 -28.775
v 21.93 10 -53.41
v 43.493 10 -81.073
v 56.904 10 -67.022
v 73.725 10 -35.459
v 87.411 10 -52.389
v 60.773 10 -12.64
v 43.739 10 -32.494
v 22.396 10 -53.403
v 19.778 10 -57.313
v 26.7 10 -70.56
v 56.46 10 -67.11
v 73.759 10 -35.343
v 87.235 10 -52.14
v 60.694 10 -13.916
v 43.971 10 -32.611
v 22.758 10 -53.374
v 19.78 10 -57.25
v 26.39 10 -84.61
v 79.071 10 -58.414
v 73.795 10 -35.228
v 60.51 10 -15.57
v 44.213 10 -32.699
v 23.055 10 -53.31
v 26.712 10 -70.17
v 42.079 10 -80.21
v 73.832 10 -35.113
v 44.45 10 -32.75
v 26.931 10 -84.024
v 40.249 10 -79.396
v 73.87 10 -34.998
v 60.316 10 -16.798
v 44.687 10 -32.76
v 27.36 10 -83.58
v 37.89 10 -78.55
v 55.88 10 -67.37
v 60.077 10 -17.803
v 45.035 10 -32.751
v 26.694 10 -69.48
v 36.696 10 -78.162
v 55.209 10 -67.761
v 59.784 10 -18.607
v 45.472 10 -32.723
v 46.094 10 -42.847
v 35.818 10 -77.901
v 54.722 10 -68.132
v 45.978 10 -32.676
v 19.803 10 -57.24
v 26.654 10 -68.629
v 35.197 10 -77.757
v 54.412 10 -68.495
v 19.849 10 -57.239
v 26.599 10 -67.753
v 34.779 10 -77.723
v 54.275 10 -68.861
v 84.15 10 -25.86
v 67.06 10 -41.417
v 19.914 10 -57.245
v 56.97 10 -54.123
v 84.087 10 -25.812
v 48.484 10 -32.342
v 19.995 10 -57.258
v 56.969 10 -53.969
v 83.999 10 -25.776
v 67.088 10 -41.479
v 48.689 10 -32.31
v 83.876 10 -25.751
v 67.122 10 -41.534
v 48.893 10 -32.276
v 26.136 10 -63.331
v 57.082 10 -53.747
v 83.708 10 -25.738
v 67.16 10 -41.58
v 49.085 10 -32.243
v 46.32 10 -42.717
v 26.108 10 -63.161
v 83.483 10 -25.734
v 67.214 10 -41.639
v 49.254 10 -32.214
v 21.847 10 -57.692
v 26.077 10 -63.026
v 83.19 10 -25.74
v 67.263 10 -41.677
v 26.047 10 -62.933
v 82.051 10 -25.861
v 52.076 10 -31.556
v 80.936 10 -26.181
v 51.839 10 -31.638
v 51.138 10 -31.829
v 46.475 10 -42.598
v 51.519 10 -31.731
v 79.845 10 -26.701
v 78.781 10 -27.419
v 67.311 10 -41.694
v 46.54 10 -42.5
v 77.746 10 -28.332
v 76.74 10 -29.44
v 76.184 10 -30.184
v 67.367 10 -41.69
v 75.646 10 -31.02
v 67.438 10 -41.665
v 75.139 10 -31.921
v 67.53 10 -41.62
v 74.678 10 -32.864
v 67.756 10 -41.435
v 68.01 10 -41.106
v 68.289 10 -40.641
v 68.898 10 -39.344
v 68.586 10 -40.051
f 1 2 3
f 2 4 3
f 5 6 7
f 8 5 9
f 10 8 11
f 12 10 13
f 14 12 15
f 16 14 17
f 18 16 19
f 20 18 21
f 22 20 23
f 24 22 25
f 26 24 27
f 28 26 29
f 30 31 32
f 33 30 34
f 35 33 36
f 37 35 38
f 39 37 40
f 41 39 42
f 43 41 44
f 45 43 46
f 47 45 48
f 49 47 50
f 51 49 52
f 53 51 54
f 55 53 56
f 57 55 58
f 59 57 60
f 61 62 63
f 64 61 65
f 66 64 67
f 68 69 70
f 71 68 72
f 73 71 74
f 75 76 77
f 78 79 80
f 81 78 82
f 83 81 84
f 85 86 87
f 88 85 89
f 90 88 91
f 92 90 93
f 94 92 95
f 96 94 97
f 98 99 100
f 101 98 102
f 103 101 104
f 105 106 107
f 108 105 109
f 110 108 111
f 112 110 113
f 114 112 115
f 116 114 117
f 118 116 119
f 120 118 121
f 122 120 123
f 124 122 125
f 126 124 127
f 128 126 129
f 130 128 131
f 132 130 133
f 134 132 135
f 136 137 138
f 139 136 140
f 141 139 142
f 143 144 145
f 146 143 147
f 148 146 149
f 150 148 151
f 152 150 153
f 154 152 155
f 156 157 158
f 159 156 160
f 161 159 162
f 163 161 164
f 165 163 166
f 167 165 168
f 169 167 170
f 171 169 172
f 173 171 174
f 175 173 176
f 177 175 178
f 179 177 180
f 181 182 183
f 184 181 185
f 186 184 187
f 188 186 189
f 190 188 191
f 192 190 193
f 194 195 196
f 197 194 198
f 199 197 200
f 201 199 202
f 203 201 204
f 205 203 206
f 207 205 208
f 209 207 210
f 211 209 212
f 213 211 214
f 215 213 216
f 217 215 218
f 219 217 220
f 221 219 222
f 223 221 224
f 225 226 227
f 228 225 229
f 230 228 231
f 232 230 233
f 234 232 235
f 236 234 237
f 238 239 240
f 241 238 242
f 243 241 244
f 245 243 246
f 247 245 248
f 249 247 250
f 251 249 252
f 253 251 254
f 255 253 256
f 257 255 258
f 259 257 260
f 261 259 262
f 263 261 264
f 265 263 266
f 267 265 268
f 269 267 270
f 271 272 273
f 274 271 275
f 276 274 277
f 278 276 279
f 280 278 281
f 282 280 283
f 284 285 286
f 287 284 288
f 289 287 290
f 291 289 292
f 293 291 294
f 295 293 296
f 297 295 298
f 299 300 301
f 302 299 303
f 304 302 305
f 306 304 307
f 308 309 310
f 311 308 312
f 313 311 314
f 315 313 316
f 317 318 319
f 320 317 321
f 322 320 323
f 324 322 325
f 326 324 327
f 328 326 329
f 330 328 331
f 332 330 333
f 334 332 335
f 336 334 337
f 338 336 339
f 340 338 341
f 342 340 343
f 344 342 345
f 346 344 347
f 348 349 350
f 351 348 352
f 353 351 354
f 355 353 356
f 357 355 358
f 359 357 360
f 361 362 363
f 364 361 365
f 366 364 367
f 368 366 369
f 370 368 371
f 372 370 373
f 374 375 376
f 377 374 378
f 379 377 380
f 381 382 383
f 384 381 385
f 386 384 387
f 388 386 389
f 390 388 391
f 392 390 393
f 394 392 395
f 396 394 397
f 398 396 399
f 400 401 402
f 403 400 404
f 405 403 406
f 407 405 408
f 409 407 410
f 411 409 412
f 413 411 414
f 415 413 416
f 417 415 418
f 419 417 420
f 421 419 422
f 423 421 424
f 425 423 426
f 427 428 429
f 430 431 432
f 433 430 434
f 435 433 436
f 437 435 438
f 439 437 440
f 441 439 442
f 443 444 445
f 446 443 447
f 448 446 449
f 450 448 451
f 452 453 454
f 455 452 456
f 457 455 458
f 459 457 460
f 461 462 463
f 464 461 465
f 466 464 467
f 468 466 469
f 470 468 471
f 472 470 473
f 474 475 476
f 477 474 478
f 479 477 480
f 481 479 482
f 483 481 484
f 485 483 486
f 487 488 489
f 490 487 491
f 492 490 493
f 494 492 495
f 496 494 497
f 498 499 500
f 501 498 502
f 503 501 504
f 505 503 506
f 507 505 508
f 509 507 510
f 511 509 512
f 513 511 514
f 515 513 516
f 517 515 518
f 519 517 520
f 521 519 522
f 523 521 524
f 525 523 526
f 527 525 528
f 529 527 530
f 531 532 533
f 534 531 535
f 536 534 537
f 538 536 539
f 540 538 541
f 542 540 543
f 544 542 545
f 546 544 547
f 548 546 549
f 550 548 551
f 552 550 553
f 554 552 555
f 556 554 557
f 558 556 559
f 560 558 561
f 562 560 563
f 564 562 565
f 566 564 567
f 568 566 569
f 570 568 571
f 572 570 573
f 574 572 575
f 576 574 577
f 578 576 579
f 580 581 582
f 583 580 584
f 585 583 586
f 587 588 589
f 590 587 591
f 592 590 593
f 594 592 595
f 596 594 597
f 598 596 599
f 600 598 601
f 602 600 603
f 604 602 605
f 606 604 607
f 608 606 609
f 610 608 611
f 612 610 613
f 614 612 615
f 616 614 617
f 618 616 619
f 620 618 621
f 622 620 623
f 624 625 626
f 627 624 628
f 629 627 630
f 631 629 632
f 633 631 634
f 635 633 636
f 637 635 638
f 639 637 640
f 641 639 642
f 643 641 644
f 645 643 646
f 647 645 648
f 649 647 650
f 651 649 652
f 653 651 654
f 655 653 656
f 657 655 658
f 659 657 660
f 661 659 662
f 663 661 664
f 665 663 666
f 667 668 669
f 670 667 671
f 672 670 673
f 674 672 675
f 676 674 677
f 678 676 679
f 680 678 681
f 682 680 683
f 684 682 685
f 686 684 687
f 688 686 689
f 690 688 691
f 692 690 693
f 694 695 696
f 697 694 698
f 699 697 700
f 701 699 702
f 703 701 704
f 705 703 706
f 707 708 709
f 710 707 711
f 712 710 713
f 714 712 715
f 716 714 717
f 718 716 719
f 720 721 722
f 723 720 724
f 725 723 726
f 727 728 729
f 730 727 731
f 732 730 733
f 734 732 735
f 736 734 737
f 738 736 739
f 740 738 741
f 742 740 743
f 744 742 745
f 746 744 747
f 748 746 749
f 750 748 751
f 752 750 753
f 754 755 756
f 757 758 759
f 760 757 761
f 762 760 763
f 764 762 765
f 766 764 767
f 768 766 769
f 770 768 771
f 772 770 773
f 774 772 775
f 776 777 778
f 779 776 780
f 781 779 782
f 783 781 784
f 785 783 786
f 787 785 788
f 789 790 791
f 792 789 793
f 794 792 795
f 796 794 797
f 798 796 799
f 800 798 801
f 802 800 803
f 804 805 806
f 807 804 808
f 809 807 810
f 811 809 812
f 813 811 814
f 815 813 816
f 817 815 818
f 819 817 820
f 821 819 822
f 823 821 824
f 825 823 826
f 827 825 828
f 829 830 831
f 832 829 833
f 834 832 835
f 836 834 837
f 838 836 839
f 840 838 841
f 842 840 843
f 844 842 845
f 846 844 847
f 848 846 849
f 850 848 851
f 852 850 853
f 854 852 855
f 856 854 857
f 858 856 859
f 860 861 862
f 863 860 864
f 865 863 866
f 867 865 868
f 869 867 870
f 871 869 872
f 873 871 874
f 875 873 876
f 877 875 878
f 879 877 880
f 881 879 882
f 883 881 884
f 885 883 886
f 887 885 888
f 889 887 890
f 891 889 892
f 893 891 894
f 895 893 896
f 897 895 898
f 899 897 900
f 901 899 902
f 903 901 904
f 905 903 906
f 907 905 908
f 909 907 910
f 911 912 913
f 914 911 915
f 916 914 917
f 918 916 919
f 920 918 921
f 922 920 923
f 924 925 926
f 927 924 928
f 929 927 930
f 931 929 932
f 933 931 934
f 935 933 936
f 937 935 938
f 939 940 941
f 942 939 943
f 944 942 945
f 946 944 947
f 948 946 949
f 950 948 951
f 952 953 954
f 955 952 956
f 957 955 958
f 959 957 960
f 961 962 963
f 964 961 965
f 966 964 967
f 968 966 969
f 970 968 971
f 972 970 973
f 974 972 975
f 976 974 977
f 978 976 979
f 980 981 982
f 983 980 984
f 985 983 986
f 987 985 988
f 989 987 990
f 991 989 992
f 993 991 994
f 995 993 996
f 997 995 998
f 999 997 1000
f 1001 999 1002
f 1003 1001 1004
f 1005 1003 1006
f 1007 1005 1008
f 1009 1007 1010
f 1011 1009 1012
f 1013 1011 1014
f 1015 1013 1016
f 1017 1015 1018
f 1019 1017 1020
f 1021 1019 1022
f 1023 1021 1024
f 1025 1023 1026
f 1027 1025 1028
f 1029 1027 1030
f 1031 1029 1032
f 1033 1031 1034
f 1035 1033 1036
f 1037 1035 1038
f 1039 1037 1040
f 1041 1039 1042
f 1043 1041 1044
f 1045 1043 1046
f 1047 1045 1048
f 1049 1047 1050
f 1051 1052 1053
f 1054 1051 1055
f 1056 1054 1057
f 1058 1059 1060
f 1061 1058 1062
f 1063 1061 1064
f 1065 1063 1066
f 1067 1065 1068
f 1069 1067 1070
f 1071 1072 1073
f 1074 1071 1075
f 1076 1074 1077
f 1078 1076 1079
f 1080 1078 1081
f 1082 1080 1083
f 1084 1082 1085
f 1086 1084 1087
f 1088 1086 1089
f 1090 1088 1091
f 1092 1093 1094
f 1095 1092 1096
f 1097 1095 1098
f 1099 1097 1100
f 1101 1099 1102
f 1103 1101 1104
f 1105 1103 1106
f 1107 1105 1108
f 1109 1107 1110
f 1111 1112 1113
f 1114 1111 1115
f 1116 1114 1117
f 1118 1116 1119
f 1120 1118 1121
f 1122 1120 1123
f 1124 1122 1125
f 1126 1124 1127
f 1128 1126 1129
f 1130 1128 1131
f 1132 1130 1133
f 1134 1132 1135
f 1136 1134 1137
f 1138 1139 1140
f 1141 1142 1143
f 1144 1141 1145
f 1146 1144 1147
f 1148 1146 1149
f 1150 1148 1151
f 1152 1150 1153
f 1154 1152 1155
f 1156 1157 1158
f 1159 1156 1160
f 1161 1159 1162
f 1163 1161 1164
f 1165 1163 1166
f 1167 1165 1168
f 1169 1170 1171
f 1172 1169 1173
f 1174 1172 1175
f 1176 1174 1177
f 1178 1176 1179
f 1180 1178 1181
f 1182 1180 1183
f 1184 1182 1185
f 1186 1184 1187
f 1188 1189 1190
f 1191 1188 1192
f 1193 1191 1194
f 1195 1193 1196
f 1197 1195 1198
f 1199 1197 1200
f 1201 1199 1202
f 1203 1201 1204
f 1205 1203 1206
f 1207 1208 1209
f 1210 1207 1211
f 1212 1210 1213
f 1214 1212 1215
f 1216 1214 1217
f 1218 1216 1219
f 1220 1218 1221
f 1222 1220 1223
f 1224 1222 1225
f 1226 1224 1227
f 1228 1226 1229
f 1230 1228 1231
f 1232 1230 1233
f 1234 1232 1235
f 1236 1234 1237
f 1238 1236 1239
f 1240 1238 1241
f 1242 1243 1244
f 1245 1242 1246
f 1247 1245 1248
f 1249 1247 1250
f 1251 1249 1252
f 1253 1251 1254
f 1255 1253 1256
f 1257 1255 1258
f 1259 1257 1260
f 1261 1262 1263
f 1264 1261 1265
f 1266 1264 1267
f 1268 1266 1269
f 1270 1268 1271
f 1272 1270 1273
f 1274 1272 1275
f 1276 1274 1277
f 1278 1276 1279
f 1280 1281 1282
f 1283 1284 1285
f 1286 1287 1288
f 1289 1286 1290
f 1291 1289 1292
f 1293 1291 1294
f 1295 1293 1296
f 1297 1295 1298
f 1299 1297 1300
f 1301 1299 1302
f 1303 1301 1304
f 1305 1303 1306
f 1307 1308 1309
f 1310 1307 1311
f 1312 1310 1313
f 1314 1312 1315
f 1316 1314 1317
f 1318 1316 1319
f 1320 1318 1321
f 1322 1320 1323
f 1324 1322 1325
f 1326 1324 1327
f 1328 1329 1330
f 1331 1328 1332
f 1333 1331 1334
f 1335 1333 1336
f 1337 1335 1338
f 1339 1337 1340
f 1341 1339 1342
f 1343 1341 1344
f 1345 1343 1346
f 1347 1345 1348
f 1349 1347 1350
f 1351 1349 1352
f 1353 1351 1354
f 1355 1353 1356
f 1357 1355 1358
f 1359 1360 1361
f 1362 1359 1363
f 1364 1362 1365
f 1366 1367 1368
f 1369 1370 1371
f 1372 1369 1373
f 1374 1372 1375
f 1376 1374 1377
f 1378 1376 1379
f 1380 1378 1381
f 1382 1380 1383
f 1384 1382 1385
f 1386 1384 1387
f 1388 1386 1389
f 1390 1391 1392
f 1393 1390 1394
f 1395 1393 1396
f 1397 1395 1398
f 1399 1400 1401
f 1402 1399 1403
f 1404 1402 1405
f 1406 1404 1407
f 1408 1406 1409
f 1410 1408 1411
f 1412 1413 1414
f 1415 1412 1416
f 1417 1415 1418
f 1419 1417 1420
f 1421 1419 1422
f 1423 1421 1424
f 1425 1423 1426
f 1427 1425 1428
f 1429 1427 1430
f 1431 1429 1432
f 1433 1434 1435
f 1436 1433 1437
f 1438 1436 1439
f 1440 1438 1441
f 1442 1440 1443
f 1444 1442 1445
f 1446 1444 1447
f 1448 1449 1450
f 1451 1448 1452
f 1453 1451 1454
f 1455 1453 1456
f 1457 1455 1458
f 1459 1457 1460
f 1461 1459 1462
f 1463 1461 1464
f 1465 1463 1466
f 1467 1465 1468
f 1469 1467 1470
f 1471 1469 1472
f 1473 1471 1474
f 1475 1473 1476
f 1477 1475 1478
f 1479 1480 1481
f 1482 1479 1483
f 1484 1482 1485
f 1486 1484 1487
f 1488 1486 1489
f 1490 1488 1491
f 1492 1490 1493
f 1494 1492 1495
f 1496 1494 1497
f 1498 1499 1500
f 1501 1498 1502
f 1503 1501 1504
f 1505 1506 1507
f 1508 1505 1509
f 1510 1508 1511
f 1512 1513 1514
f 1515 1512 1516
f 1517 1515 1518
f 1519 1517 1520
f 1521 1519 1522
f 1523 1521 1524
f 1525 1523 1526
f 1527 1525 1528
f 1529 1527 1530
f 1531 1532 1533
f 1534 1531 1535
f 1536 1534 1537
f 1538 1536 1539
f 1540 1538 1541
f 1542 1540 1543
f 1544 1542 1545
f 1546 1544 1547
f 1548 1546 1549
f 1550 1551 1552
f 1553 1554 1555
f 1556 1553 1557
f 1558 1559 1560
f 1561 1558 1562
f 1563 1561 1564
f 1565 1563 1566
f 1567 1565 1568
f 1569 1567 1570
f 1571 1569 1572
f 1573 1574 1575
f 1576 1573 1577
f 1578 1576 1579
f 1580 1581 1582
f 1583 1580 1584
f 1585 1583 1586
f 1587 1588 1589
f 1590 1587 1591
f 1592 1590 1593
f 1594 1592 1595
f 1596 1594 1597
f 1598 1596 1599
f 1600 1601 1602
f 1603 1600 1604
f 1605 1603 1606
f 1607 1608 1609
f 1610 1611 1612
f 1613 1610 1614
f 1615 1613 1616
f 1617 1615 1618
f 1619 1617 1620
f 1621 1619 1622
f 1623 1621 1624
f 1625 1623 1626
f 1627 1625 1628
f 1629 1627 1630
f 1631 1629 1632
f 1633 1631 1634
f 1635 1633 1636
f 1637 1635 1638
f 1639 1637 1640
f 1641 1642 1643
f 1644 1641 1645
f 1646 1644 1647
f 1648 1646 1649
f 1650 1651 1652
f 1653 1650 1654
f 1655 1653 1656
f 1657 1655 1658
f 1659 1657 1660
f 1661 1659 1662
f 1663 1664 1665
f 1666 1663 1667
f 1668 1666 1669
f 1670 1668 1671
f 1672 1673 1674
f 1675 1672 1676
f 1677 1675 1678
f 1679 1677 1680
f 1681 1679 1682
f 1683 1681 1684
f 1685 1683 1686
f 1687 1685 1688
f 1689 1687 1690
f 1691 1689 1692
f 1693 1691 1694
f 1695 1693 1696
f 1697 1695 1698
f 1 1699 2
f 2 1700 4
f 8 6 5
f 12 8 10
f 16 12 14
f 20 16 18
f 24 20 22
f 28 24 26
f 33 31 30
f 37 33 35
f 41 37 39
f 45 41 43
f 49 45 47
f 53 49 51
f 57 53 55
f 1701 57 59
f 64 62 61
f 71 69 68
f 1702 71 73
f 75 1703 76
f 81 79 78
f 1704 81 83
f 88 86 85
f 92 88 90
f 96 92 94
f 101 99 98
f 1705 101 103
f 108 106 105
f 112 108 110
f 116 112 114
f 120 116 118
f 124 120 122
f 128 124 126
f 132 128 130
f 1706 132 134
f 139 137 136
f 1707 139 141
f 146 144 143
f 150 146 148
f 154 150 152
f 159 157 156
f 163 159 161
f 167 163 165
f 171 167 169
f 175 171 173
f 179 175 177
f 181 1708 182
f 186 181 184
f 190 186 188
f 1709 190 192
f 194 1710 195
f 199 194 197
f 203 199 201
f 207 203 205
f 211 207 209
f 215 211 213
f 219 215 217
f 223 219 221
f 228 226 225
f 232 228 230
f 236 232 234
f 238 1711 239
f 243 238 241
f 247 243 245
f 251 247 249
f 255 251 253
f 259 255 257
f 263 259 261
f 267 263 265
f 1712 267 269
f 274 272 271
f 278 274 276
f 282 278 280
f 287 285 284
f 291 287 289
f 295 291 293
f 302 300 299
f 306 302 304
f 311 309 308
f 315 311 313
f 320 318 317
f 324 320 322
f 328 324 326
f 332 328 330
f 336 332 334
f 340 336 338
f 344 340 342
f 1713 344 346
f 351 349 348
f 355 351 353
f 359 355 357
f 364 362 361
f 368 364 366
f 372 368 370
f 377 375 374
f 1714 377 379
f 384 382 381
f 388 384 386
f 392 388 390
f 396 392 394
f 1715 396 398
f 403 401 400
f 407 403 405
f 411 407 409
f 415 411 413
f 419 415 417
f 423 419 421
f 427 1716 428
f 433 431 430
f 437 433 435
f 441 437 439
f 446 444 443
f 450 446 448
f 455 453 452
f 459 455 457
f 464 462 461
f 468 464 466
f 472 468 470
f 477 475 474
f 481 477 479
f 485 481 483
f 490 488 487
f 494 490 492
f 1717 494 496
f 501 499 498
f 505 501 503
f 509 505 507
f 513 509 511
f 517 513 515
f 521 517 519
f 525 521 523
f 529 525 527
f 531 1718 532
f 536 531 534
f 540 536 538
f 544 540 542
f 548 544 546
f 552 548 550
f 556 552 554
f 560 556 558
f 564 560 562
f 568 564 566
f 572 568 570
f 576 572 574
f 1719 576 578
f 583 581 580
f 1720 583 585
f 590 588 587
f 594 590 592
f 598 594 596
f 602 598 600
f 606 602 604
f 610 606 608
f 614 610 612
f 618 614 616
f 622 618 620
f 627 625 624
f 631 627 629
f 635 631 633
f 639 635 637
f 643 639 641
f 647 643 645
f 651 647 649
f 655 651 653
f 659 655 657
f 663 659 661
f 1721 663 665
f 667 1722 668
f 672 667 670
f 676 672 674
f 680 676 678
f 684 680 682
f 688 684 686
f 692 688 690
f 697 695 694
f 701 697 699
f 705 701 703
f 707 1723 708
f 712 707 710
f 716 712 714
f 1724 716 718
f 725 720 723
f 730 728 727
f 734 730 732
f 738 734 736
f 742 738 740
f 746 742 744
f 750 746 748
f 757 1725 758
f 762 757 760
f 766 762 764
f 770 766 768
f 774 770 772
f 776 1726 777
f 781 776 779
f 785 781 783
f 1727 785 787
f 792 790 789
f 796 792 794
f 800 796 798
f 1728 800 802
f 807 805 804
f 811 807 809
f 815 811 813
f 819 815 817
f 823 819 821
f 827 823 825
f 829 1729 830
f 834 829 832
f 838 834 836
f 842 838 840
f 846 842 844
f 850 846 848
f 854 850 852
f 858 854 856
f 860 1730 861
f 865 860 863
f 869 865 867
f 873 869 871
f 877 873 875
f 881 877 879
f 885 881 883
f 889 885 887
f 893 889 891
f 897 893 895
f 901 897 899
f 905 901 903
f 909 905 907
f 914 912 911
f 918 914 916
f 922 918 920
f 927 925 924
f 931 927 929
f 935 931 933
f 939 1731 940
f 944 939 942
f 948 944 946
f 955 953 952
f 959 955 957
f 964 962 961
f 968 964 966
f 972 968 970
f 976 972 974
f 1732 976 978
f 983 981 980
f 987 983 985
f 991 987 989
f 995 991 993
f 999 995 997
f 1003 999 1001
f 1007 1003 1005
f 1011 1007 1009
f 1015 1011 1013
f 1019 1015 1017
f 1023 1019 1021
f 1027 1023 1025
f 1031 1027 1029
f 1035 1031 1033
f 1039 1035 1037
f 1043 1039 1041
f 1047 1043 1045
f 1733 1047 1049
f 1054 1052 1051
f 1061 1059 1058
f 1065 1061 1063
f 1069 1065 1067
f 1074 1072 1071
f 1078 1074 1076
f 1082 1078 1080
f 1086 1082 1084
f 1090 1086 1088
f 1092 1734 1093
f 1097 1092 1095
f 1101 1097 1099
f 1105 1101 1103
f 1109 1105 1107
f 1114 1112 1111
f 1118 1114 1116
f 1122 1118 1120
f 1126 1122 1124
f 1130 1126 1128
f 1134 1130 1132
f 1141 1735 1142
f 1146 1141 1144
f 1150 1146 1148
f 1154 1150 1152
f 1156 1736 1157
f 1161 1156 1159
f 1165 1161 1163
f 1737 1165 1167
f 1172 1170 1169
f 1176 1172 1174
f 1180 1176 1178
f 1184 1180 1182
f 1738 1184 1186
f 1188 1739 1189
f 1193 1188 1191
f 1197 1193 1195
f 1201 1197 1199
f 1205 1201 1203
f 1210 1208 1207
f 1214 1210 1212
f 1218 1214 1216
f 1222 1218 1220
f 1226 1222 1224
f 1230 1226 1228
f 1234 1230 1232
f 1238 1234 1236
f 1245 1243 1242
f 1249 1245 1247
f 1253 1249 1251
f 1257 1253 1255
f 1740 1257 1259
f 1261 1741 1262
f 1266 1261 1264
f 1270 1266 1268
f 1274 1270 1272
f 1278 1274 1276
f 1289 1287 1286
f 1293 1289 1291
f 1297 1293 1295
f 1301 1297 1299
f 1305 1301 1303
f 1310 1308 1307
f 1314 1310 1312
f 1318 1314 1316
f 1322 1318 1320
f 1326 1322 1324
f 1328 1742 1329
f 1333 1328 1331
f 1337 1333 1335
f 1341 1337 1339
f 1345 1341 1343
f 1349 1345 1347
f 1353 1349 1351
f 1357 1353 1355
f 1359 1743 1360
f 1364 1359 1362
f 1369 1744 1370
f 1374 1369 1372
f 1378 1374 1376
f 1382 1378 1380
f 1386 1382 1384
f 1745 1386 1388
f 1393 1391 1390
f 1397 1393 1395
f 1402 1400 1399
f 1406 1402 1404
f 1410 1406 1408
f 1415 1413 1412
f 1419 1415 1417
f 1423 1419 1421
f 1427 1423 1425
f 1431 1427 1429
f 1436 1434 1433
f 1440 1436 1438
f 1444 1440 1442
f 1746 1444 1446
f 1448 1747 1449
f 1453 1448 1451
f 1457 1453 1455
f 1461 1457 1459
f 1465 1461 1463
f 1469 1465 1467
f 1473 1469 1471
f 1477 1473 1475
f 1482 1480 1479
f 1486 1482 1484
f 1490 1486 1488
f 1494 1490 1492
f 1499 1494 1496
f 1501 1499 1498
f 1505 1748 1506
f 1510 1505 1508
f 1512 1749 1513
f 1517 1512 1515
f 1521 1517 1519
f 1525 1521 1523
f 1529 1525 1527
f 1534 1532 1531
f 1538 1534 1536
f 1542 1538 1540
f 1546 1542 1544
f 1750 1546 1548
f 1556 1554 1553
f 1561 1559 1558
f 1565 1561 1563
f 1569 1565 1567
f 1751 1569 1571
f 1576 1574 1573
f 1752 1576 1578
f 1583 1581 1580
f 1753 1583 1585
f 1590 1588 1587
f 1594 1590 1592
f 1598 1594 1596
f 1603 1601 1600
f 1754 1603 1605
f 1610 1755 1611
f 1615 1610 1613
f 1619 1615 1617
f 1623 1619 1621
f 1627 1623 1625
f 1631 1627 1629
f 1635 1631 1633
f 1639 1635 1637
f 1644 1642 1641
f 1648 1644 1646
f 1650 1756 1651
f 1655 1650 1653
f 1659 1655 1657
f 1666 1664 1663
f 1670 1666 1668
f 1675 1673 1672
f 1679 1675 1677
f 1683 1679 1681
f 1687 1683 1685
f 1691 1687 1689
f 1695 1691 1693
f 1 1757 1699
f 1758 1700 2
f 8 1759 6
f 16 8 12
f 24 16 20
f 1760 24 28
f 33 1761 31
f 41 33 37
f 49 41 45
f 57 49 53
f 1762 57 1701
f 66 62 64
f 1702 69 71
f 75 1763 1703
f 1704 79 81
f 88 1764 86
f 96 88 92
f 101 1765 99
f 1766 101 1705
f 108 1767 106
f 116 108 112
f 124 116 120
f 132 124 128
f 139 1768 137
f 146 1769 144
f 154 146 150
f 159 1770 157
f 167 159 163
f 175 167 171
f 1771 175 179
f 186 1708 181
f 1709 186 190
f 199 1710 194
f 207 199 203
f 215 207 211
f 223 215 219
f 232 226 228
f 1772 232 236
f 243 1711 238
f 251 243 247
f 259 251 255
f 267 259 263
f 274 1773 272
f 282 274 278
f 291 285 287
f 297 291 295
f 306 300 302
f 315 309 311
f 324 318 320
f 332 324 328
f 340 332 336
f 1713 340 344
f 351 1774 349
f 359 351 355
f 364 359 362
f 372 364 368
f 377 1775 375
f 1776 377 1714
f 384 1777 382
f 392 384 388
f 1715 392 396
f 403 1778 401
f 411 403 407
f 419 411 415
f 425 419 423
f 427 1779 1716
f 437 431 433
f 1780 437 441
f 446 1781 444
f 455 1782 453
f 1783 455 459
f 464 1784 462
f 472 464 468
f 481 475 477
f 1785 481 485
f 490 1786 488
f 1717 490 494
f 505 499 501
f 513 505 509
f 521 513 517
f 529 521 525
f 536 1718 531
f 544 536 540
f 552 544 548
f 560 552 556
f 568 560 564
f 576 568 572
f 1787 576 1719
f 1720 581 583
f 590 1788 588
f 598 590 594
f 606 598 602
f 614 606 610
f 622 614 618
f 627 1789 625
f 635 627 631
f 643 635 639
f 651 643 647
f 659 651 655
f 1721 659 663
f 672 1722 667
f 680 672 676
f 688 680 684
f 1790 688 692
f 697 1791 695
f 705 697 701
f 712 1723 707
f 1724 712 716
f 725 721 720
f 730 725 728
f 738 730 734
f 746 738 742
f 752 746 750
f 762 1725 757
f 770 762 766
f 1792 770 774
f 781 1726 776
f 1727 781 785
f 792 1793 790
f 800 792 796
f 807 1794 805
f 815 807 811
f 823 815 819
f 1795 823 827
f 834 1729 829
f 842 834 838
f 850 842 846
f 858 850 854
f 865 1730 860
f 873 865 869
f 881 873 877
f 889 881 885
f 897 889 893
f 905 897 901
f 918 912 914
f 1796 918 922
f 927 1797 925
f 935 927 931
f 939 1798 1731
f 948 939 944
f 959 953 955
f 964 1799 962
f 972 964 968
f 1732 972 976
f 983 1800 981
f 991 983 987
f 999 991 995
f 1007 999 1003
f 1015 1007 1011
f 1023 1015 1019
f 1031 1023 1027
f 1039 1031 1035
f 1047 1039 1043
f 1801 1047 1733
f 1054 1802 1052
f 1061 1803 1059
f 1069 1061 1065
f 1074 1804 1072
f 1082 1074 1078
f 1090 1082 1086
f 1097 1734 1092
f 1105 1097 1101
f 1805 1105 1109
f 1118 1112 1114
f 1126 1118 1122
f 1134 1126 1130
f 1146 1735 1141
f 1154 1146 1150
f 1161 1736 1156
f 1737 1161 1165
f 1176 1170 1172
f 1184 1176 1180
f 1806 1184 1738
f 1193 1739 1188
f 1201 1193 1197
f 1807 1201 1205
f 1214 1208 1210
f 1222 1214 1218
f 1230 1222 1226
f 1238 1230 1234
f 1245 1808 1243
f 1253 1245 1249
f 1740 1253 1257
f 1266 1741 1261
f 1274 1266 1270
f 1293 1287 1289
f 1301 1293 1297
f 1314 1308 1310
f 1322 1314 1318
f 1333 1742 1328
f 1341 1333 1337
f 1349 1341 1345
f 1357 1349 1353
f 1364 1743 1359
f 1369 1809 1744
f 1378 1369 1374
f 1386 1378 1382
f 1393 1810 1391
f 1811 1393 1397
f 1402 1812 1400
f 1410 1402 1406
f 1419 1413 1415
f 1427 1419 1423
f 1813 1427 1431
f 1436 1814 1434
f 1444 1436 1440
f 1815 1444 1746
f 1453 1747 1448
f 1461 1453 1457
f 1469 1461 1465
f 1477 1469 1473
f 1486 1480 1482
f 1499 1490 1494
f 1503 1499 1501
f 1510 1748 1505
f 1517 1749 1512
f 1525 1517 1521
f 1816 1525 1529
f 1538 1532 1534
f 1546 1538 1542
f 1559 1554 1556
f 1565 1559 1561
f 1751 1565 1569
f 1576 1817 1574
f 1753 1581 1583
f 1594 1588 1590
f 1818 1594 1598
f 1603 1819 1601
f 1615 1755 1610
f 1623 1615 1619
f 1631 1623 1627
f 1639 1631 1635
f 1648 1642 1644
f 1655 1756 1650
f 1661 1655 1659
f 1666 1820 1664
f 1679 1673 1675
f 1687 1679 1683
f 1695 1687 1691
f 1 1821 1757
f 1822 1700 1758
f 16 1759 8
f 1760 16 24
f 41 1761 33
f 57 41 49
f 1823 62 66
f 1702 1824 69
f 75 1825 1763
f 1826 79 1704
f 88 1827 1764
f 1828 88 96
f 1766 1765 101
f 116 1767 108
f 132 116 124
f 1707 1768 139
f 154 1769 146
f 167 1770 159
f 1771 167 175
f 1709 1708 186
f 199 1829 1710
f 215 199 207
f 1830 215 223
f 1772 226 232
f 243 1831 1711
f 259 243 251
f 1712 259 267
f 282 1773 274
f 291 1832 285
f 1833 291 297
f 306 1834 300
f 315 1835 309
f 324 1836 318
f 340 324 332
f 1837 340 1713
f 359 1774 351
f 372 359 364
f 1776 1775 377
f 392 1777 384
f 1838 392 1715
f 411 1778 403
f 425 411 419
f 427 1839 1779
f 437 1840 431
f 1841 437 1780
f 450 1781 446
f 455 1842 1782
f 472 1784 464
f 481 1843 475
f 1844 481 1785
f 490 1845 1786
f 1846 490 1717
f 505 1847 499
f 521 505 513
f 1848 521 529
f 544 1718 536
f 560 544 552
f 576 560 568
f 1720 1849 581
f 590 1850 1788
f 606 590 598
f 622 606 614
f 627 1851 1789
f 643 627 635
f 659 643 651
f 1852 659 1721
f 680 1722 672
f 1790 680 688
f 705 1791 697
f 712 1853 1723
f 1854 712 1724
f 730 721 725
f 746 730 738
f 1855 746 752
f 762 1856 1725
f 1792 762 770
f 781 1857 1726
f 1858 781 1727
f 800 1793 792
f 815 1794 807
f 1795 815 823
f 834 1859 1729
f 850 834 842
f 1860 850 858
f 865 1861 1730
f 881 865 873
f 897 881 889
f 909 897 905
f 918 1862 912
f 1863 918 1796
f 935 1797 927
f 948 1798 939
f 959 1864 953
f 972 1799 964
f 1865 972 1732
f 991 1800 983
f 1007 991 999
f 1023 1007 1015
f 1039 1023 1031
f 1801 1039 1047
f 1056 1802 1054
f 1061 1866 1803
f 1867 1061 1069
f 1082 1804 1074
f 1868 1082 1090
f 1097 1869 1734
f 1805 1097 1105
f 1118 1870 1112
f 1134 1118 1126
f 1154 1735 1146
f 1737 1736 1161
f 1176 1871 1170
f 1806 1176 1184
f 1201 1739 1193
f 1872 1201 1807
f 1214 1873 1208
f 1230 1214 1222
f 1240 1230 1238
f 1245 1874 1808
f 1740 1245 1253
f 1266 1875 1741
f 1278 1266 1274
f 1293 1876 1287
f 1305 1293 1301
f 1314 1877 1308
f 1326 1314 1322
f 1333 1878 1742
f 1349 1333 1341
f 1879 1349 1357
f 1880 1743 1364
f 1369 1881 1809
f 1386 1369 1378
f 1811 1810 1393
f 1410 1812 1402
f 1419 1882 1413
f 1813 1419 1427
f 1444 1814 1436
f 1883 1444 1815
f 1453 1884 1747
f 1469 1453 1461
f 1885 1469 1477
f 1486 1886 1480
f 1499 1486 1490
f 1887 1499 1503
f 1510 1888 1748
f 1517 1889 1749
f 1816 1517 1525
f 1538 1890 1532
f 1750 1538 1546
f 1565 1554 1559
f 1891 1565 1751
f 1752 1817 1576
f 1753 1892 1581
f 1594 1893 1588
f 1894 1594 1818
f 1603 1895 1819
f 1615 1896 1755
f 1631 1615 1623
f 1897 1631 1639
f 1898 1642 1648
f 1661 1756 1655
f 1670 1820 1666
f 1679 1899 1673
f 1695 1679 1687
f 1 1900 1821
f 1901 1700 1822
f 16 1902 1759
f 1903 16 1760
f 41 1904 1761
f 1762 41 57
f 1823 1905 62
f 1906 1824 1702
f 75 1907 1825
f 1828 1827 88
f 1766 1908 1765
f 116 1909 1767
f 1706 116 132
f 154 1910 1769
f 167 1911 1770
f 1912 167 1771
f 1709 1913 1708
f 215 1829 199
f 1914 215 1830
f 1772 1915 226
f 259 1831 243
f 1916 259 1712
f 282 1917 1773
f 291 1918 1832
f 306 1919 1834
f 315 1920 1835
f 324 1921 1836
f 1837 324 340
f 359 1922 1774
f 1923 359 372
f 1924 1775 1776
f 392 1925 1777
f 411 1926 1778
f 1927 411 425
f 427 1928 1839
f 1841 1840 437
f 450 1929 1781
f 455 1930 1842
f 472 1931 1784
f 1844 1843 481
f 1846 1845 490
f 521 1847 505
f 1932 521 1848
f 544 1933 1718
f 576 544 560
f 1720 1934 1849
f 606 1850 590
f 1935 606 622
f 643 1851 627
f 1852 643 659
f 680 1936 1722
f 1937 680 1790
f 705 1938 1791
f 712 1939 1853
f 1940 712 1854
f 730 1941 721
f 1855 730 746
f 1792 1856 762
f 1858 1857 781
f 800 1942 1793
f 815 1943 1794
f 1944 815 1795
f 834 1945 1859
f 1860 834 850
f 881 1861 865
f 1946 897 909
f 1863 1862 918
f 935 1947 1797
f 948 1948 1798
f 1949 1864 959
f 972 1950 1799
f 1951 972 1865
f 991 1952 1800
f 1039 1007 1023
f 1953 1039 1801
f 1954 1802 1056
f 1061 1955 1866
f 1956 1061 1867
f 1082 1957 1804
f 1805 1869 1097
f 1118 1958 1870
f 1136 1118 1134
f 1959 1735 1154
f 1737 1960 1736
f 1176 1961 1871
f 1962 1176 1806
f 1201 1963 1739
f 1230 1873 1214
f 1964 1230 1240
f 1740 1874 1245
f 1266 1965 1875
f 1966 1266 1278
f 1293 1967 1876
f 1968 1293 1305
f 1326 1877 1314
f 1349 1878 1333
f 1743 1349 1879
f 1969 1743 1880
f 1369 1970 1881
f 1745 1369 1386
f 1811 1971 1810
f 1410 1972 1812
f 1419 1973 1882
f 1974 1419 1813
f 1444 1975 1814
f 1976 1444 1883
f 1469 1884 1453
f 1977 1469 1885
f 1499 1886 1486
f 1510 1978 1888
f 1517 1979 1889
f 1980 1517 1816
f 1750 1890 1538
f 1565 1981 1554
f 1982 1565 1891
f 1752 1983 1817
f 1894 1893 1594
f 1754 1895 1603
f 1615 1984 1896
f 1897 1615 1631
f 1661 1985 1756
f 1670 1986 1820
f 1695 1899 1679
f 1 1987 1900
f 1988 1700 1901
f 16 1989 1902
f 1990 16 1903
f 41 1991 1904
f 1992 41 1762
f 1993 1824 1906
f 75 1994 1907
f 1828 1995 1827
f 1766 1996 1908
f 116 1997 1909
f 1998 116 1706
f 154 1999 1910
f 167 2000 1911
f 2001 167 1912
f 1709 2002 1913
f 215 2003 1829
f 2004 215 1914
f 2005 1915 1772
f 259 2006 1831
f 2007 259 1916
f 282 2008 1917
f 1833 1918 291
f 306 2009 1919
f 2010 1920 315
f 1837 1921 324
f 359 2011 1922
f 2012 359 1923
f 2013 1775 1924
f 392 2014 1925
f 411 2015 1926
f 2016 411 1927
f 427 2017 1928
f 1841 2018 1840
f 455 2019 1930
f 472 1783 1931
f 1844 2020 1843
f 1846 2021 1845
f 521 2022 1847
f 2023 521 1932
f 544 2024 1933
f 1787 544 576
f 2025 1934 1720
f 606 2026 1850
f 2027 606 1935
f 643 2028 1851
f 2029 643 1852
f 1937 1936 680
f 705 2030 1938
f 1940 1939 712
f 1855 1941 730
f 1792 2031 1856
f 1858 2032 1857
f 800 1858 1942
f 815 2033 1943
f 2034 815 1944
f 2035 834 1860
f 881 2036 1861
f 2037 897 1946
f 2038 1862 1863
f 935 2039 1947
f 948 2040 1948
f 1950 1864 1949
f 1951 1950 972
f 991 2041 1952
f 2042 1039 1953
f 1956 1955 1061
f 1082 2043 1957
f 1805 2044 1869
f 1136 1958 1118
f 2045 1735 1959
f 2046 1960 1737
f 1962 1961 1176
f 1201 2047 1963
f 1230 2048 1873
f 2049 1230 1964
f 1740 2050 1874
f 1966 1965 1266
f 1968 1967 1293
f 1326 2051 1877
f 1349 2052 1878
f 2053 1743 1969
f 1369 1366 1970
f 2054 1369 1745
f 2055 1971 1811
f 1410 2056 1972
f 1419 2057 1973
f 2058 1419 1974
f 1444 2059 1975
f 1469 2060 1884
f 2061 1469 1977
f 1499 2062 1886
f 2063 1978 1510
f 1517 2064 1979
f 2065 1517 1980
f 1750 2066 1890
f 1565 2067 1981
f 1752 1982 1983
f 1894 2068 1893
f 1754 2069 1895
f 1615 1607 1984
f 2070 1615 1897
f 1661 2071 1985
f 2072 1986 1670
f 1695 2073 1899
f 2074 1987 1
f 1989 1700 1988
f 1990 1989 16
f 41 2075 1991
f 2076 41 1992
f 2077 1824 1993
f 2078 1994 75
f 1828 2079 1995
f 2080 1996 1766
f 1998 1997 116
f 154 2081 1999
f 2001 2000 167
f 2082 2002 1709
f 215 2082 2003
f 2083 215 2004
f 2084 1915 2005
f 259 2085 2006
f 2086 259 2007
f 282 2087 2008
f 1833 2088 1918
f 306 2089 2009
f 2010 2090 1920
f 1837 2091 1921
f 2012 2011 359
f 2092 1775 2013
f 392 2093 2014
f 411 2094 2015
f 2095 411 2016
f 2096 2017 427
f 1841 2097 2018
f 1783 2019 455
f 2098 1783 472
f 1844 2099 2020
f 1846 2100 2021
f 521 2101 2022
f 2102 521 2023
f 544 2103 2024
f 1934 544 1787
f 2104 1934 2025
f 606 2105 2026
f 2106 606 2027
f 643 2107 2028
f 2108 643 2029
f 1937 2109 1936
f 2110 2030 705
f 1940 2111 1939
f 1855 2112 1941
f 1792 2113 2031
f 800 2032 1858
f 815 2114 2033
f 2115 834 2035
f 881 2116 2036
f 2117 897 2037
f 2118 1862 2038
f 937 2039 935
f 948 2119 2040
f 1951 1864 1950
f 1007 2041 991
f 2120 1039 2042
f 1956 1954 1955
f 1082 2121 2043
f 1805 2122 2044
f 1136 2123 1958
f 2124 1735 2045
f 2125 1960 2046
f 1962 2126 1961
f 1201 2127 2047
f 1230 2128 2048
f 2129 1230 2049
f 1740 2130 2050
f 1966 2131 1965
f 1968 2132 1967
f 1326 2133 2051
f 1349 2134 2052
f 1369 1367 1366
f 1971 1369 2054
f 2135 1971 2055
f 2136 2056 1410
f 2058 2057 1419
f 1444 2137 2059
f 1469 2138 2060
f 2139 1469 2061
f 1887 2062 1499
f 2140 1978 2063
f 1517 2141 2064
f 2066 1517 2065
f 2142 2066 1750
f 1565 2143 2067
f 1752 1565 1982
f 2144 2068 1894
f 1754 2145 2069
f 1615 1608 1607
f 2146 1615 2070
f 1661 2147 2071
f 2073 1986 2072
f 1697 2073 1695
f 2148 1987 2074
f 1990 1700 1989
f 2076 2075 41
f 2149 1824 2077
f 2078 2150 1994
f 1828 2151 2079
f 2152 1997 1998
f 154 2153 2081
f 2001 2154 2000
f 215 2002 2082
f 2155 1915 2084
f 259 2156 2085
f 282 2157 2087
f 1833 2158 2088
f 306 2159 2089
f 2160 2090 2010
f 1837 2161 2091
f 2012 1837 2011
f 392 2162 2093
f 2095 2094 411
f 2163 2017 2096
f 1841 2164 2097
f 1783 2165 2019
f 2166 1783 2098
f 2167 2099 1844
f 1846 2168 2100
f 521 2169 2101
f 2170 521 2102
f 544 2171 2103
f 2104 544 1934
f 606 2172 2105
f 2173 606 2106
f 643 2174 2107
f 1937 2175 2109
f 2111 2030 2110
f 2176 2111 1940
f 1855 2177 2112
f 1792 2178 2113
f 800 2179 2032
f 815 2180 2114
f 2181 834 2115
f 881 2182 2116
f 2183 897 2117
f 2184 1862 2118
f 937 2185 2039
f 948 2186 2119
f 1951 2187 1864
f 1007 2188 2041
f 2189 1039 2120
f 1956 1802 1954
f 1868 2121 1082
f 1805 1868 2122
f 1136 2190 2123
f 2124 2191 1735
f 2192 1960 2125
f 1962 2193 2126
f 1201 2194 2127
f 1230 2195 2128
f 1740 2196 2130
f 1966 2197 2131
f 2133 2132 1968
f 2198 2133 1326
f 1349 2199 2134
f 1369 2200 1367
f 2135 1369 1971
f 2136 2201 2056
f 2058 2202 2057
f 1444 2203 2137
f 1469 2204 2138
f 2205 2062 1887
f 2206 1978 2140
f 2066 2141 1517
f 2207 2066 2142
f 1565 2208 2143
f 2209 1565 1752
f 2144 2210 2068
f 2211 2145 1754
f 1615 2212 1608
f 2213 1615 2146
f 2214 2147 1661
f 1697 1986 2073
f 2215 1987 2148
f 1990 2216 1700
f 2076 2217 2075
f 2218 1824 2149
f 2219 2150 2078
f 1828 2220 2151
f 2221 1997 2152
f 2222 2153 154
f 2001 2223 2154
f 215 2224 2002
f 2225 1915 2155
f 259 2226 2156
f 2227 2157 282
f 2228 2158 1833
f 2229 2159 306
f 2230 2090 2160
f 1837 2231 2161
f 2232 1837 2012
f 392 2233 2162
f 2095 2234 2094
f 2163 2235 2017
f 2236 2164 1841
f 1783 450 2165
f 2237 1783 2166
f 2238 2099 2167
f 2239 2168 1846
f 521 2240 2169
f 2104 2171 544
f 2173 2172 606
f 2108 2174 643
f 2241 2175 1937
f 2176 2030 2111
f 1855 2242 2177
f 2243 2178 1792
f 1728 2179 800
f 815 2244 2180
f 881 2245 2182
f 2246 897 2183
f 2247 2185 937
f 948 2248 2186
f 2249 2187 1951
f 2250 1039 2189
f 1956 2251 1802
f 1868 2252 2121
f 2253 1868 1805
f 1136 2254 2190
f 2255 2191 2124
f 2256 1960 2192
f 1962 2257 2193
f 1201 2258 2194
f 1230 2259 2195
f 1740 2260 2196
f 1966 2261 2197
f 2198 2132 2133
f 1349 2262 2199
f 1369 2263 2200
f 2264 1369 2135
f 2265 2201 2136
f 2058 2266 2202
f 1444 2267 2203
f 1469 2268 2204
f 2269 2062 2205
f 2206 2270 1978
f 2066 2271 2141
f 2272 2066 2207
f 1565 1550 2208
f 2273 1565 2209
f 2274 2210 2144
f 2275 2145 2211
f 1615 2276 2212
f 2277 1615 2213
f 2214 2278 2147
f 1697 2279 1986
f 2280 1987 2215
f 1990 2281 2216
f 2076 2282 2217
f 2219 2218 2150
f 1828 2283 2220
f 1768 1997 2221
f 2222 2284 2153
f 2001 2222 2223
f 215 2285 2224
f 2226 1915 2225
f 2086 2226 259
f 2227 2286 2157
f 2228 2287 2158
f 2229 2288 2159
f 1837 2289 2231
f 2290 1837 2232
f 392 2291 2233
f 2292 2234 2095
f 2293 2235 2163
f 1929 2164 2236
f 2237 450 1783
f 2294 2099 2238
f 2295 2168 2239
f 2170 2240 521
f 2104 2296 2171
f 2173 2297 2172
f 2108 2298 2174
f 2299 2175 2241
f 2176 2300 2030
f 1855 2301 2242
f 2302 2178 2243
f 2303 2179 1728
f 815 2304 2244
f 881 2305 2245
f 2306 897 2246
f 2307 2185 2247
f 948 2308 2248
f 2309 2187 2249
f 2310 1039 2250
f 2311 2251 1956
f 2253 2252 1868
f 1136 2312 2254
f 2255 2313 2191
f 2256 2314 1960
f 1962 2256 2257
f 1872 2258 1201
f 1230 2315 2259
f 1740 2316 2260
f 2317 2261 1966
f 2198 2318 2132
f 1349 2319 2262
f 2264 2263 1369
f 2320 2201 2265
f 2058 2321 2266
f 1444 2322 2267
f 1469 2323 2268
f 2269 2324 2062
f 2066 2325 2271
f 2326 2066 2272
f 1565 1551 1550
f 1892 1565 2273
f 2327 2210 2274
f 2328 2145 2275
f 2329 1615 2277
f 2279 2278 2214
f 2330 2279 1697
f 2280 2331 1987
f 1990 2332 2281
f 2076 2333 2282
f 2219 1824 2218
f 2334 2283 1828
f 1768 2335 1997
f 2001 2284 2222
f 2083 2285 215
f 2086 1915 2226
f 2336 2286 2227
f 2337 2287 2228
f 2090 2288 2229
f 1837 2230 2289
f 1775 1837 2290
f 1838 2291 392
f 2338 2234 2292
f 2339 2235 2293
f 450 2164 1929
f 2340 450 2237
f 2341 2099 2294
f 2342 2168 2295
f 2170 2343 2240
f 2104 2344 2296
f 2345 2297 2173
f 2108 2346 2298
f 2347 2175 2299
f 2176 2348 2300
f 1855 2349 2301
f 2350 2178 2302
f 2351 2179 2303
f 815 2352 2304
f 881 2353 2305
f 2354 897 2306
f 2308 2185 2307
f 950 2308 948
f 2355 2187 2309
f 2356 1039 2310
f 2357 2251 2311
f 2253 2358 2252
f 2359 2312 1136
f 2255 2360 2313
f 1962 2314 2256
f 1872 2361 2258
f 1230 2362 2315
f 2363 2316 1740
f 2364 2261 2317
f 2365 2318 2198
f 1743 2319 1349
f 2264 2366 2263
f 2367 2201 2320
f 2058 2368 2321
f 1976 2322 1444
f 1469 2369 2323
f 2066 2206 2325
f 2370 2066 2326
f 1892 1551 1565
f 2371 2210 2327
f 2328 2372 2145
f 2373 1615 2329
f 2330 2278 2279
f 2374 2331 2280
f 2375 2332 1990
f 2076 2376 2333
f 2377 1824 2219
f 2378 2283 2334
f 1707 2335 1768
f 2001 2379 2284
f 2380 2285 2083
f 2086 2381 1915
f 2382 2286 2336
f 2383 2287 2337
f 2230 2288 2090
f 1775 2230 1837
f 1838 2092 2291
f 2384 2234 2338
f 2385 2235 2339
f 450 2386 2164
f 2387 450 2340
f 2168 2099 2341
f 2388 2168 2342
f 2170 2389 2343
f 2104 2390 2344
f 2391 2297 2345
f 2108 2392 2346
f 2393 2175 2347
f 2176 2394 2348
f 1855 2395 2349
f 2396 2178 2350
f 2397 2179 2351
f 815 2398 2352
f 881 2399 2353
f 950 2185 2308
f 2400 2187 2355
f 2401 1039 2356
f 2402 2251 2357
f 2253 2403 2358
f 2404 2312 2359
f 2255 2405 2360
f 1962 2406 2314
f 1872 2407 2361
f 1230 2408 2362
f 2409 2316 2363
f 2410 2261 2364
f 2411 2318 2365
f 1743 2411 2319
f 2264 2412 2366
f 2413 2201 2367
f 2058 2414 2368
f 1976 2415 2322
f 1469 2416 2369
f 2066 2270 2206
f 2417 2066 2370
f 1892 2418 1551
f 2419 2210 2371
f 2420 2372 2328
f 2421 1615 2373
f 2330 2422 2278
f 2423 2331 2374
f 2424 2332 2375
f 2076 2425 2376
f 2377 2426 1824
f 2378 2427 2283
f 2428 2335 1707
f 2001 2429 2379
f 2430 2285 2380
f 2086 2431 2381
f 2382 2432 2286
f 2433 2287 2383
f 2230 2434 2288
f 2092 2230 1775
f 2234 2092 1838
f 2435 2234 2384
f 2386 2235 2385
f 2387 2386 450
f 2388 2099 2168
f 2170 2436 2389
f 2104 2437 2390
f 2438 2297 2391
f 2108 2439 2392
f 2440 2175 2393
f 2176 2441 2394
f 1855 2442 2395
f 2443 2178 2396
f 2444 2179 2397
f 815 2445 2398
f 897 2399 881
f 950 2446 2185
f 2447 2187 2400
f 2448 1039 2401
f 2449 2403 2253
f 2450 2312 2404
f 2451 2405 2255
f 1962 2452 2406
f 1872 2453 2407
f 1230 2454 2408
f 2455 2316 2409
f 1743 2318 2411
f 2264 2456 2412
f 2457 2201 2413
f 2058 2458 2414
f 1976 2459 2415
f 1469 2460 2416
f 2066 2461 2270
f 2462 2066 2417
f 1753 2418 1892
f 2372 2210 2419
f 2463 2372 2420
f 2464 1615 2421
f 2465 2422 2330
f 2466 2332 2424
f 2076 2467 2425
f 2468 2426 2377
f 2469 2427 2378
f 2470 2335 2428
f 2001 2471 2429
f 2472 2285 2430
f 2086 2473 2431
f 2474 2432 2382
f 2230 2475 2434
f 2234 2230 2092
f 2476 2234 2435
f 2387 2235 2386
f 2477 2099 2388
f 2170 2477 2436
f 2104 2478 2437
f 2438 2479 2297
f 2108 2480 2439
f 2481 2175 2440
f 2176 2482 2441
f 1855 2483 2442
f 2484 2178 2443
f 2485 2179 2444
f 2034 2445 815
f 897 2486 2399
f 2487 2446 950
f 2488 2187 2447
f 2489 1039 2448
f 2449 2490 2403
f 2491 2312 2450
f 2451 2492 2405
f 2493 2452 1962
f 1872 2494 2453
f 1230 2495 2454
f 2496 2316 2455
f 1743 2497 2318
f 2264 2498 2456
f 2499 2201 2457
f 2058 2499 2458
f 1976 2500 2459
f 2139 2460 1469
f 2462 2461 2066
f 1753 2501 2418
f 2463 2210 2372
f 2464 2276 1615
f 2331 2422 2465
f 2466 2502 2332
f 2076 2503 2467
f 2504 2426 2468
f 2505 2427 2469
f 2506 2335 2470
f 2001 2507 2471
f 2473 2285 2472
f 2508 2473 2086
f 2509 2432 2474
f 2230 2510 2475
f 2476 2230 2234
f 2387 2511 2235
f 2170 2099 2477
f 2104 2512 2478
f 2513 2479 2438
f 2514 2480 2108
f 2481 2515 2175
f 2176 2516 2482
f 1855 2517 2483
f 2518 2179 2485
f 2034 2518 2445
f 897 2519 2486
f 2520 2446 2487
f 2521 2490 2449
f 2522 2312 2491
f 2451 1138 2492
f 2523 2452 2493
f 1872 2524 2494
f 1230 2525 2495
f 2496 2526 2316
f 2053 2497 1743
f 2264 2527 2498
f 2058 2201 2499
f 1976 2528 2500
f 2139 2529 2460
f 2462 2530 2461
f 2531 2501 1753
f 2532 2210 2463
f 2464 2533 2276
f 2423 2422 2331
f 2534 2502 2466
f 2076 2534 2503
f 2535 2426 2504
f 2536 2427 2505
f 2537 2335 2506
f 2001 2538 2507
f 2508 2285 2473
f 2287 2432 2509
f 2230 2539 2510
f 2540 2230 2476
f 2387 2541 2511
f 2542 2099 2170
f 2104 2543 2512
f 2480 2479 2513
f 2544 2480 2514
f 2545 2515 2481
f 2176 2546 2516
f 1855 2547 2517
f 2034 2179 2518
f 897 2548 2519
f 2187 2446 2520
f 2312 2490 2521
f 2549 2312 2522
f 2451 1139 1138
f 2550 2452 2523
f 1872 2551 2524
f 2129 2525 1230
f 2552 2526 2496
f 2553 2497 2053
f 2264 2553 2527
f 2058 2554 2201
f 2555 2528 1976
f 2139 2556 2529
f 2462 2557 2530
f 2210 2501 2531
f 2558 2210 2532
f 2464 2559 2533
f 2423 2560 2422
f 2076 2502 2534
f 2561 2426 2535
f 2536 2562 2427
f 2563 2335 2537
f 2001 2564 2538
f 2508 2565 2285
f 2433 2432 2287
f 2540 2539 2230
f 2566 2541 2387
f 2567 2099 2542
f 2104 2568 2543
f 2544 2479 2480
f 2569 2515 2545
f 2176 2570 2546
f 1855 2571 2547
f 2034 2484 2179
f 897 2572 2548
f 2488 2446 2187
f 2549 2490 2312
f 2573 1139 2451
f 2551 2452 2550
f 2574 2551 1872
f 2129 2575 2525
f 2261 2526 2552
f 2264 2497 2553
f 2058 2576 2554
f 2555 2577 2528
f 2139 2578 2556
f 2462 2579 2557
f 2558 2501 2210
f 2464 2580 2559
f 2423 2581 2560
f 2076 2582 2502
f 2583 2562 2536
f 2584 2335 2563
f 2001 2585 2564
f 2508 2586 2565
f 2433 2587 2432
f 2540 2588 2539
f 2589 2541 2566
f 2590 2099 2567
f 2104 2591 2568
f 2544 2592 2479
f 2593 2515 2569
f 2176 2594 2570
f 1855 2595 2571
f 2596 2484 2034
f 897 2181 2572
f 2488 2597 2446
f 2549 2598 2490
f 2573 2599 1139
f 2574 2452 2551
f 2129 2600 2575
f 2410 2526 2261
f 2264 2601 2497
f 2577 2576 2058
f 2578 2577 2555
f 2602 2578 2139
f 2462 2603 2579
f 2604 2580 2464
f 2423 2605 2581
f 2076 2606 2582
f 2607 2562 2583
f 2584 2608 2335
f 2001 2609 2585
f 2610 2586 2508
f 2433 2611 2587
f 2540 2612 2588
f 2613 2541 2589
f 2104 2614 2591
f 2544 2615 2592
f 2616 2515 2593
f 2176 2617 2594
f 1855 2618 2595
f 2619 2484 2596
f 2354 2181 897
f 2188 2597 2488
f 2549 2620 2598
f 2573 2621 2599
f 2574 2573 2452
f 2129 2574 2600
f 2410 2622 2526
f 2576 2601 2264
f 2578 2576 2577
f 2462 2269 2603
f 2623 2580 2604
f 2423 1898 2605
f 2076 2624 2606
f 1996 2562 2607
f 2625 2608 2584
f 2001 2625 2609
f 2626 2586 2610
f 2627 2611 2433
f 2540 2628 2612
f 2104 2629 2614
f 2544 2630 2615
f 2631 2515 2616
f 2176 2632 2617
f 1855 2633 2618
f 2634 2484 2619
f 2635 2181 2354
f 2636 2620 2549
f 2129 2573 2574
f 2410 2637 2622
f 2602 2576 2578
f 2462 2324 2269
f 1642 2580 2623
f 2423 1642 1898
f 2076 2638 2624
f 2080 2562 1996
f 2001 2608 2625
f 2639 2586 2626
f 2540 2640 2628
f 2104 2590 2629
f 2544 2641 2630
f 2642 2515 2631
f 2643 2632 2176
f 1855 2644 2633
f 2645 2484 2634
f 2646 2181 2635
f 2647 2620 2636
f 2648 2573 2129
f 2410 2649 2637
f 2650 2576 2602
f 2651 2324 2462
f 2423 2580 1642
f 2076 2652 2638
f 2080 2653 2562
f 2001 2654 2608
f 2639 2655 2586
f 2540 2656 2640
f 2104 2099 2590
f 2515 2641 2544
f 2657 2515 2642
f 2643 2658 2632
f 1855 2659 2644
f 2660 2484 2645
f 2646 834 2181
f 2621 2620 2647
f 2661 2573 2648
f 2410 2662 2649
f 2663 2576 2650
f 2664 2324 2651
f 2423 2665 2580
f 2076 2666 2652
f 2667 2653 2080
f 2001 2668 2654
f 2669 2655 2639
f 2540 2670 2656
f 2671 2099 2104
f 2672 2515 2657
f 2673 2658 2643
f 1855 2674 2659
f 1945 2484 2660
f 2675 834 2646
f 2573 2620 2621
f 2676 2573 2661
f 2410 2677 2662
f 2678 2576 2663
f 2679 2324 2664
f 2423 2680 2665
f 2076 2681 2666
f 2001 2682 2668
f 2683 2655 2669
f 2540 2684 2670
f 2685 2099 2671
f 2686 2515 2672
f 2673 2687 2658
f 1855 2688 2674
f 2689 834 2675
f 2573 2690 2620
f 2691 2573 2676
f 2692 2677 2410
f 2678 2601 2576
f 2693 2324 2679
f 2423 2694 2680
f 2076 2695 2681
f 2655 2682 2001
f 2696 2655 2683
f 2540 2697 2684
f 2698 2099 2685
f 2699 2515 2686
f 2700 2687 2673
f 2701 2688 1855
f 2702 834 2689
f 2703 2573 2691
f 2704 2677 2692
f 2678 2705 2601
f 2423 2706 2694
f 2076 2707 2695
f 2696 2682 2655
f 2540 2708 2697
f 2641 2099 2698
f 2699 2641 2515
f 2709 2687 2700
f 2710 2688 2701
f 2711 834 2702
f 2703 2690 2573
f 2324 2705 2678
f 2423 2712 2706
f 2076 2713 2707
f 2696 2667 2682
f 2540 2714 2708
f 2699 2099 2641
f 2715 2688 2710
f 2711 1945 834
f 2703 2716 2690
f 2693 2705 2324
f 2423 2717 2712
f 2076 2423 2713
f 2696 2653 2667
f 2540 2718 2714
f 2699 2719 2099
f 2720 2688 2715
f 2721 1945 2711
f 2722 2716 2703
f 2693 2723 2705
f 2423 2724 2717
f 2725 2423 2076
f 2696 2726 2653
f 2541 2718 2540
f 2699 2727 2719
f 2728 2688 2720
f 2729 1945 2721
f 2730 2716 2722
f 2693 2731 2723
f 2423 2732 2724
f 2733 2423 2725
f 2734 2726 2696
f 2613 2718 2541
f 2735 2727 2699
f 2736 2688 2728
f 1862 1945 2729
f 2737 2716 2730
f 2693 2738 2731
f 2423 2739 2732
f 2734 2740 2726
f 2613 2741 2718
f 2687 2727 2735
f 2742 2688 2736
f 2184 1945 1862
f 2737 2402 2716
f 2693 2743 2738
f 2423 2558 2739
f 2744 2740 2734
f 2613 2745 2741
f 2709 2727 2687
f 2746 2688 2742
f 2597 1945 2184
f 2747 2402 2737
f 2693 2748 2743
f 2733 2558 2423
f 2749 2740 2744
f 2613 2750 2745
f 2709 2751 2727
f 755 2688 2746
f 2188 1945 2597
f 2752 2402 2747
f 2693 2753 2748
f 2733 2501 2558
f 2749 2754 2740
f 2613 2755 2750
f 2709 2756 2751
f 2188 2484 1945
f 2757 2402 2752
f 2693 2758 2753
f 2733 2759 2501
f 2611 2754 2749
f 2613 2760 2755
f 2709 2761 2756
f 1007 2484 2188
f 2757 2251 2402
f 2693 2762 2758
f 2763 2759 2733
f 2611 2764 2754
f 2613 2765 2760
f 2709 2766 2761
f 1007 2178 2484
f 2677 2251 2757
f 2693 1283 2762
f 2767 2759 2763
f 2611 2768 2764
f 2613 2769 2765
f 2709 2770 2766
f 1007 2771 2178
f 2677 2772 2251
f 2693 1284 1283
f 2773 2759 2767
f 2627 2768 2611
f 2613 2627 2769
f 2774 2770 2709
f 1007 2775 2771
f 2704 2772 2677
f 2693 2776 1284
f 2777 2759 2773
f 2627 1826 2768
f 2770 2627 2613
f 2778 2770 2774
f 1007 2779 2775
f 2704 2780 2772
f 2693 2781 2776
f 1905 2759 2777
f 2627 79 1826
f 2778 2627 2770
f 1007 2782 2779
f 2704 2783 2780
f 2693 2784 2781
f 1823 2759 1905
f 2627 2785 79
f 2786 2627 2778
f 1007 2787 2782
f 2704 2788 2783
f 2693 2789 2784
f 1823 2790 2759
f 2627 2791 2785
f 2688 2627 2786
f 1007 2792 2787
f 2704 2793 2788
f 2693 2794 2789
f 2795 2790 1823
f 2627 2796 2791
f 755 2627 2688
f 1007 2797 2792
f 2704 2798 2793
f 2693 1280 2794
f 2426 2790 2795
f 2627 2799 2796
f 1007 2800 2797
f 2801 2798 2704
f 2693 1281 1280
f 2561 2790 2426
f 1007 2802 2800
f 2803 2798 2801
f 2693 2804 1281
f 2561 2805 2790
f 1039 2802 1007
f 2806 2798 2803
f 2693 2806 2804
f 2799 2805 2561
f 1039 2807 2802
f 2693 2798 2806
f 2627 2805 2799
f 1039 2808 2807
f 2693 2809 2798
f 2627 2810 2805
f 1039 2811 2808
f 2810 2809 2693
f 1039 2812 2811
f 2627 2809 2810
f 1039 2813 2812
f 2627 2814 2809
f 1039 2815 2813
f 2627 2816 2814
f 1039 2817 2815
f 2627 2818 2816
f 1039 2819 2817
f 2627 2820 2818
f 1039 754 2819
f 755 2820 2627
f 1039 755 754
f 755 2821 2820
f 2489 755 1039
f 755 2822 2821
f 2823 755 2489
f 755 2824 2822
f 2824 755 2823
f 2825 2826 2827
f 2828 2825 2827
f 2829 2830 2831
f 2830 2832 2833
f 2832 2834 2835
f 2834 2836 2837
f 2836 2838 2839
f 2838 2840 2841
f 2840 2842 2843
f 2842 2844 2845
f 2844 2846 2847
f 2846 2848 2849
f 2848 2850 2851
f 2850 2852 2853
f 2854 2855 2856
f 2855 2857 2858
f 2857 2859 2860
f 2859 2861 2862
f 2861 2863 2864
f 2863 2865 2866
f 2865 2867 2868
f 2867 2869 2870
f 2869 2871 2872
f 2871 2873 2874
f 2873 2875 2876
f 2875 2877 2878
f 2877 2879 2880
f 2879 2881 2882
f 2881 2883 2884
f 2885 2886 2887
f 2886 2888 2889
f 2888 2890 2891
f 2892 2893 2894
f 2893 2895 2896
f 2895 2897 2898
f 2899 2900 2901
f 2902 2903 2904
f 2903 2905 2906
f 2905 2907 2908
f 2909 2910 2911
f 2910 2912 2913
f 2912 2914 2915
f 2914 2916 2917
f 2916 2918 2919
f 2918 2920 2921
f 2922 2923 2924
f 2923 2925 2926
f 2925 2927 2928
f 2929 2930 2931
f 2930 2932 2933
f 2932 2934 2935
f 2934 2936 2937
f 2936 2938 2939
f 2938 2940 2941
f 2940 2942 2943
f 2942 2944 2945
f 2944 2946 2947
f 2946 2948 2949
f 2948 2950 2951
f 2950 2952 2953
f 2952 2954 2955
f 2954 2956 2957
f 2956 2958 2959
f 2960 2961 2962
f 2961 2963 2964
f 2963 2965 2966
f 2967 2968 2969
f 2968 2970 2971
f 2970 2972 2973
f 2972 2974 2975
f 2974 2976 2977
f 2976 2978 2979
f 2980 2981 2982
f 2981 2983 2984
f 2983 2985 2986
f 2985 2987 2988
f 2987 2989 2990
f 2989 2991 2992
f 2991 2993 2994
f 2993 2995 2996
f 2995 2997 2998
f 2997 2999 3000
f 2999 3001 3002
f 3001 3003 3004
f 3005 3006 3007
f 3006 3008 3009
f 3008 3010 3011
f 3010 3012 3013
f 3012 3014 3015
f 3014 3016 3017
f 3018 3019 3020
f 3019 3021 3022
f 3021 3023 3024
f 3023 3025 3026
f 3025 3027 3028
f 3027 3029 3030
f 3029 3031 3032
f 3031 3033 3034
f 3033 3035 3036
f 3035 3037 3038
f 3037 3039 3040
f 3039 3041 3042
f 3041 3043 3044
f 3043 3045 3046
f 3045 3047 3048
f 3049 3050 3051
f 3050 3052 3053
f 3052 3054 3055
f 3054 3056 3057
f 3056 3058 3059
f 3058 3060 3061
f 3062 3063 3064
f 3063 3065 3066
f 3065 3067 3068
f 3067 3069 3070
f 3069 3071 3072
f 3071 3073 3074
f 3073 3075 3076
f 3075 3077 3078
f 3077 3079 3080
f 3079 3081 3082
f 3081 3083 3084
f 3083 3085 3086
f 3085 3087 3088
f 3087 3089 3090
f 3089 3091 3092
f 3091 3093 3094
f 3095 3096 3097
f 3096 3098 3099
f 3098 3100 3101
f 3100 3102 3103
f 3102 3104 3105
f 3104 3106 3107
f 3108 3109 3110
f 3109 3111 3112
f 3111 3113 3114
f 3113 3115 3116
f 3115 3117 3118
f 3117 3119 3120
f 3119 3121 3122
f 3123 3124 3125
f 3124 3126 3127
f 3126 3128 3129
f 3128 3130 3131
f 3132 3133 3134
f 3133 3135 3136
f 3135 3137 3138
f 3137 3139 3140
f 3141 3142 3143
f 3142 3144 3145
f 3144 3146 3147
f 3146 3148 3149
f 3148 3150 3151
f 3150 3152 3153
f 3152 3154 3155
f 3154 3156 3157
f 3156 3158 3159
f 3158 3160 3161
f 3160 3162 3163
f 3162 3164 3165
f 3164 3166 3167
f 3166 3168 3169
f 3168 3170 3171
f 3172 3173 3174
f 3173 3175 3176
f 3175 3177 3178
f 3177 3179 3180
f 3179 3181 3182
f 3181 3183 3184
f 3185 3186 3187
f 3186 3188 3189
f 3188 3190 3191
f 3190 3192 3193
f 3192 3194 3195
f 3194 3196 3197
f 3198 3199 3200
f 3199 3201 3202
f 3201 3203 3204
f 3205 3206 3207
f 3206 3208 3209
f 3208 3210 3211
f 3210 3212 3213
f 3212 3214 3215
f 3214 3216 3217
f 3216 3218 3219
f 3218 3220 3221
f 3220 3222 3223
f 3224 3225 3226
f 3225 3227 3228
f 3227 3229 3230
f 3229 3231 3232
f 3231 3233 3234
f 3233 3235 3236
f 3235 3237 3238
f 3237 3239 3240
f 3239 3241 3242
f 3241 3243 3244
f 3243 3245 3246
f 3245 3247 3248
f 3247 3249 3250
f 3251 3252 3253
f 3254 3255 3256
f 3255 3257 3258
f 3257 3259 3260
f 3259 3261 3262
f 3261 3263 3264
f 3263 3265 3266
f 3267 3268 3269
f 3268 3270 3271
f 3270 3272 3273
f 3272 3274 3275
f 3276 3277 3278
f 3277 3279 3280
f 3279 3281 3282
f 3281 3283 3284
f 3285 3286 3287
f 3286 3288 3289
f 3288 3290 3291
f 3290 3292 3293
f 3292 3294 3295
f 3294 3296 3297
f 3298 3299 3300
f 3299 3301 3302
f 3301 3303 3304
f 3303 3305 3306
f 3305 3307 3308
f 3307 3309 3310
f 3311 3312 3313
f 3312 3314 3315
f 3314 3316 3317
f 3316 3318 3319
f 3318 3320 3321
f 3322 3323 3324
f 3323 3325 3326
f 3325 3327 3328
f 3327 3329 3330
f 3329 3331 3332
f 3331 3333 3334
f 3333 3335 3336
f 3335 3337 3338
f 3337 3339 3340
f 3339 3341 3342
f 3341 3343 3344
f 3343 3345 3346
f 3345 3347 3348
f 3347 3349 3350
f 3349 3351 3352
f 3351 3353 3354
f 3355 3356 3357
f 3356 3358 3359
f 3358 3360 3361
f 3360 3362 3363
f 3362 3364 3365
f 3364 3366 3367
f 3366 3368 3369
f 3368 3370 3371
f 3370 3372 3373
f 3372 3374 3375
f 3374 3376 3377
f 3376 3378 3379
f 3378 3380 3381
f 3380 3382 3383
f 3382 3384 3385
f 3384 3386 3387
f 3386 3388 3389
f 3388 3390 3391
f 3390 3392 3393
f 3392 3394 3395
f 3394 3396 3397
f 3396 3398 3399
f 3398 3400 3401
f 3400 3402 3403
f 3404 3405 3406
f 3405 3407 3408
f 3407 3409 3410
f 3411 3412 3413
f 3412 3414 3415
f 3414 3416 3417
f 3416 3418 3419
f 3418 3420 3421
f 3420 3422 3423
f 3422 3424 3425
f 3424 3426 3427
f 3426 3428 3429
f 3428 3430 3431
f 3430 3432 3433
f 3432 3434 3435
f 3434 3436 3437
f 3436 3438 3439
f 3438 3440 3441
f 3440 3442 3443
f 3442 3444 3445
f 3444 3446 3447
f 3448 3449 3450
f 3449 3451 3452
f 3451 3453 3454
f 3453 3455 3456
f 3455 3457 3458
f 3457 3459 3460
f 3459 3461 3462
f 3461 3463 3464
f 3463 3465 3466
f 3465 3467 3468
f 3467 3469 3470
f 3469 3471 3472
f 3471 3473 3474
f 3473 3475 3476
f 3475 3477 3478
f 3477 3479 3480
f 3479 3481 3482
f 3481 3483 3484
f 3483 3485 3486
f 3485 3487 3488
f 3487 3489 3490
f 3491 3492 3493
f 3492 3494 3495
f 3494 3496 3497
f 3496 3498 3499
f 3498 3500 3501
f 3500 3502 3503
f 3502 3504 3505
f 3504 3506 3507
f 3506 3508 3509
f 3508 3510 3511
f 3510 3512 3513
f 3512 3514 3515
f 3514 3516 3517
f 3518 3519 3520
f 3519 3521 3522
f 3521 3523 3524
f 3523 3525 3526
f 3525 3527 3528
f 3527 3529 3530
f 3531 3532 3533
f 3532 3534 3535
f 3534 3536 3537
f 3536 3538 3539
f 3538 3540 3541
f 3540 3542 3543
f 3544 3545 3546
f 3545 3547 3548
f 3547 3549 3550
f 3551 3552 3553
f 3552 3554 3555
f 3554 3556 3557
f 3556 3558 3559
f 3558 3560 3561
f 3560 3562 3563
f 3562 3564 3565
f 3564 3566 3567
f 3566 3568 3569
f 3568 3570 3571
f 3570 3572 3573
f 3572 3574 3575
f 3574 3576 3577
f 3578 3579 3580
f 3581 3582 3583
f 3582 3584 3585
f 3584 3586 3587
f 3586 3588 3589
f 3588 3590 3591
f 3590 3592 3593
f 3592 3594 3595
f 3594 3596 3597
f 3596 3598 3599
f 3600 3601 3602
f 3601 3603 3604
f 3603 3605 3606
f 3605 3607 3608
f 3607 3609 3610
f 3609 3611 3612
f 3613 3614 3615
f 3614 3616 3617
f 3616 3618 3619
f 3618 3620 3621
f 3620 3622 3623
f 3622 3624 3625
f 3624 3626 3627
f 3628 3629 3630
f 3629 3631 3632
f 3631 3633 3634
f 3633 3635 3636
f 3635 3637 3638
f 3637 3639 3640
f 3639 3641 3642
f 3641 3643 3644
f 3643 3645 3646
f 3645 3647 3648
f 3647 3649 3650
f 3649 3651 3652
f 3653 3654 3655
f 3654 3656 3657
f 3656 3658 3659
f 3658 3660 3661
f 3660 3662 3663
f 3662 3664 3665
f 3664 3666 3667
f 3666 3668 3669
f 3668 3670 3671
f 3670 3672 3673
f 3672 3674 3675
f 3674 3676 3677
f 3676 3678 3679
f 3678 3680 3681
f 3680 3682 3683
f 3684 3685 3686
f 3685 3687 3688
f 3687 3689 3690
f 3689 3691 3692
f 3691 3693 3694
f 3693 3695 3696
f 3695 3697 3698
f 3697 3699 3700
f 3699 3701 3702
f 3701 3703 3704
f 3703 3705 3706
f 3705 3707 3708
f 3707 3709 3710
f 3709 3711 3712
f 3711 3713 3714
f 3713 3715 3716
f 3715 3717 3718
f 3717 3719 3720
f 3719 3721 3722
f 3721 3723 3724
f 3723 3725 3726
f 3725 3727 3728
f 3727 3729 3730
f 3729 3731 3732
f 3731 3733 3734
f 3735 3736 3737
f 3736 3738 3739
f 3738 3740 3741
f 3740 3742 3743
f 3742 3744 3745
f 3744 3746 3747
f 3748 3749 3750
f 3749 3751 3752
f 3751 3753 3754
f 3753 3755 3756
f 3755 3757 3758
f 3757 3759 3760
f 3759 3761 3762
f 3763 3764 3765
f 3764 3766 3767
f 3766 3768 3769
f 3768 3770 3771
f 3770 3772 3773
f 3772 3774 3775
f 3776 3777 3778
f 3777 3779 3780
f 3779 3781 3782
f 3781 3783 3784
f 3785 3786 3787
f 3786 3788 3789
f 3788 3790 3791
f 3790 3792 3793
f 3792 3794 3795
f 3794 3796 3797
f 3796 3798 3799
f 3798 3800 3801
f 3800 3802 3803
f 3804 3805 3806
f 3805 3807 3808
f 3807 3809 3810
f 3809 3811 3812
f 3811 3813 3814
f 3813 3815 3816
f 3815 3817 3818
f 3817 3819 3820
f 3819 3821 3822
f 3821 3823 3824
f 3823 3825 3826
f 3825 3827 3828
f 3827 3829 3830
f 3829 3831 3832
f 3831 3833 3834
f 3833 3835 3836
f 3835 3837 3838
f 3837 3839 3840
f 3839 3841 3842
f 3841 3843 3844
f 3843 3845 3846
f 3845 3847 3848
f 3847 3849 3850
f 3849 3851 3852
f 3851 3853 3854
f 3853 3855 3856
f 3855 3857 3858
f 3857 3859 3860
f 3859 3861 3862
f 3861 3863 3864
f 3863 3865 3866
f 3865 3867 3868
f 3867 3869 3870
f 3869 3871 3872
f 3871 3873 3874
f 3875 3876 3877
f 3876 3878 3879
f 3878 3880 3881
f 3882 3883 3884
f 3883 3885 3886
f 3885 3887 3888
f 3887 3889 3890
f 3889 3891 3892
f 3891 3893 3894
f 3895 3896 3897
f 3896 3898 3899
f 3898 3900 3901
f 3900 3902 3903
f 3902 3904 3905
f 3904 3906 3907
f 3906 3908 3909
f 3908 3910 3911
f 3910 3912 3913
f 3912 3914 3915
f 3916 3917 3918
f 3917 3919 3920
f 3919 3921 3922
f 3921 3923 3924
f 3923 3925 3926
f 3925 3927 3928
f 3927 3929 3930
f 3929 3931 3932
f 3931 3933 3934
f 3935 3936 3937
f 3936 3938 3939
f 3938 3940 3941
f 3940 3942 3943
f 3942 3944 3945
f 3944 3946 3947
f 3946 3948 3949
f 3948 3950 3951
f 3950 3952 3953
f 3952 3954 3955
f 3954 3956 3957
f 3956 3958 3959
f 3958 3960 3961
f 3962 3963 3964
f 3965 3966 3967
f 3966 3968 3969
f 3968 3970 3971
f 3970 3972 3973
f 3972 3974 3975
f 3974 3976 3977
f 3976 3978 3979
f 3980 3981 3982
f 3981 3983 3984
f 3983 3985 3986
f 3985 3987 3988
f 3987 3989 3990
f 3989 3991 3992
f 3993 3994 3995
f 3994 3996 3997
f 3996 3998 3999
f 3998 4000 4001
f 4000 4002 4003
f 4002 4004 4005
f 4004 4006 4007
f 4006 4008 4009
f 4008 4010 4011
f 4012 4013 4014
f 4013 4015 4016
f 4015 4017 4018
f 4017 4019 4020
f 4019 4021 4022
f 4021 4023 4024
f 4023 4025 4026
f 4025 4027 4028
f 4027 4029 4030
f 4031 4032 4033
f 4032 4034 4035
f 4034 4036 4037
f 4036 4038 4039
f 4038 4040 4041
f 4040 4042 4043
f 4042 4044 4045
f 4044 4046 4047
f 4046 4048 4049
f 4048 4050 4051
f 4050 4052 4053
f 4052 4054 4055
f 4054 4056 4057
f 4056 4058 4059
f 4058 4060 4061
f 4060 4062 4063
f 4062 4064 4065
f 4066 4067 4068
f 4067 4069 4070
f 4069 4071 4072
f 4071 4073 4074
f 4073 4075 4076
f 4075 4077 4078
f 4077 4079 4080
f 4079 4081 4082
f 4081 4083 4084
f 4085 4086 4087
f 4086 4088 4089
f 4088 4090 4091
f 4090 4092 4093
f 4092 4094 4095
f 4094 4096 4097
f 4096 4098 4099
f 4098 4100 4101
f 4100 4102 4103
f 4104 4105 4106
f 4107 4108 4109
f 4110 4111 4112
f 4111 4113 4114
f 4113 4115 4116
f 4115 4117 4118
f 4117 4119 4120
f 4119 4121 4122
f 4121 4123 4124
f 4123 4125 4126
f 4125 4127 4128
f 4127 4129 4130
f 4131 4132 4133
f 4132 4134 4135
f 4134 4136 4137
f 4136 4138 4139
f 4138 4140 4141
f 4140 4142 4143
f 4142 4144 4145
f 4144 4146 4147
f 4146 4148 4149
f 4148 4150 4151
f 4152 4153 4154
f 4153 4155 4156
f 4155 4157 4158
f 4157 4159 4160
f 4159 4161 4162
f 4161 4163 4164
f 4163 4165 4166
f 4165 4167 4168
f 4167 4169 4170
f 4169 4171 4172
f 4171 4173 4174
f 4173 4175 4176
f 4175 4177 4178
f 4177 4179 4180
f 4179 4181 4182
f 4183 4184 4185
f 4184 4186 4187
f 4186 4188 4189
f 4190 4191 4192
f 4193 4194 4195
f 4194 4196 4197
f 4196 4198 4199
f 4198 4200 4201
f 4200 4202 4203
f 4202 4204 4205
f 4204 4206 4207
f 4206 4208 4209
f 4208 4210 4211
f 4210 4212 4213
f 4214 4215 4216
f 4215 4217 4218
f 4217 4219 4220
f 4219 4221 4222
f 4223 4224 4225
f 4224 4226 4227
f 4226 4228 4229
f 4228 4230 4231
f 4230 4232 4233
f 4232 4234 4235
f 4236 4237 4238
f 4237 4239 4240
f 4239 4241 4242
f 4241 4243 4244
f 4243 4245 4246
f 4245 4247 4248
f 4247 4249 4250
f 4249 4251 4252
f 4251 4253 4254
f 4253 4255 4256
f 4257 4258 4259
f 4258 4260 4261
f 4260 4262 4263
f 4262 4264 4265
f 4264 4266 4267
f 4266 4268 4269
f 4268 4270 4271
f 4272 4273 4274
f 4273 4275 4276
f 4275 4277 4278
f 4277 4279 4280
f 4279 4281 4282
f 4281 4283 4284
f 4283 4285 4286
f 4285 4287 4288
f 4287 4289 4290
f 4289 4291 4292
f 4291 4293 4294
f 4293 4295 4296
f 4295 4297 4298
f 4297 4299 4300
f 4299 4301 4302
f 4303 4304 4305
f 4304 4306 4307
f 4306 4308 4309
f 4308 4310 4311
f 4310 4312 4313
f 4312 4314 4315
f 4314 4316 4317
f 4316 4318 4319
f 4318 4320 4321
f 4322 4323 4324
f 4323 4325 4326
f 4325 4327 4328
f 4329 4330 4331
f 4330 4332 4333
f 4332 4334 4335
f 4336 4337 4338
f 4337 4339 4340
f 4339 4341 4342
f 4341 4343 4344
f 4343 4345 4346
f 4345 4347 4348
f 4347 4349 4350
f 4349 4351 4352
f 4351 4353 4354
f 4355 4356 4357
f 4356 4358 4359
f 4358 4360 4361
f 4360 4362 4363
f 4362 4364 4365
f 4364 4366 4367
f 4366 4368 4369
f 4368 4370 4371
f 4370 4372 4373
f 4374 4375 4376
f 4377 4378 4379
f 4378 4380 4381
f 4382 4383 4384
f 4383 4385 4386
f 4385 4387 4388
f 4387 4389 4390
f 4389 4391 4392
f 4391 4393 4394
f 4393 4395 4396
f 4397 4398 4399
f 4398 4400 4401
f 4400 4402 4403
f 4404 4405 4406
f 4405 4407 4408
f 4407 4409 4410
f 4411 4412 4413
f 4412 4414 4415
f 4414 4416 4417
f 4416 4418 4419
f 4418 4420 4421
f 4420 4422 4423
f 4424 4425 4426
f 4425 4427 4428
f 4427 4429 4430
f 4431 4432 4433
f 4434 4435 4436
f 4435 4437 4438
f 4437 4439 4440
f 4439 4441 4442
f 4441 4443 4444
f 4443 4445 4446
f 4445 4447 4448
f 4447 4449 4450
f 4449 4451 4452
f 4451 4453 4454
f 4453 4455 4456
f 4455 4457 4458
f 4457 4459 4460
f 4459 4461 4462
f 4461 4463 4464
f 4465 4466 4467
f 4466 4468 4469
f 4468 4470 4471
f 4470 4472 4473
f 4474 4475 4476
f 4475 4477 4478
f 4477 4479 4480
f 4479 4481 4482
f 4481 4483 4484
f 4483 4485 4486
f 4487 4488 4489
f 4488 4490 4491
f 4490 4492 4493
f 4492 4494 4495
f 4496 4497 4498
f 4497 4499 4500
f 4499 4501 4502
f 4501 4503 4504
f 4503 4505 4506
f 4505 4507 4508
f 4507 4509 4510
f 4509 4511 4512
f 4511 4513 4514
f 4513 4515 4516
f 4515 4517 4518
f 4517 4519 4520
f 4519 4521 4522
f 4523 2826 2825
f 4524 2825 2828
f 2829 2832 2830
f 2832 2836 2834
f 2836 2840 2838
f 2840 2844 2842
f 2844 2848 2846
f 2848 2852 2850
f 2854 2857 2855
f 2857 2861 2859
f 2861 2865 2863
f 2865 2869 2867
f 2869 2873 2871
f 2873 2877 2875
f 2877 2881 2879
f 2881 4525 2883
f 2885 2888 2886
f 2892 2895 2893
f 2895 4526 2897
f 4527 2900 2899
f 2902 2905 2903
f 2905 4528 2907
f 2909 2912 2910
f 2912 2916 2914
f 2916 2920 2918
f 2922 2925 2923
f 2925 4529 2927
f 2929 2932 2930
f 2932 2936 2934
f 2936 2940 2938
f 2940 2944 2942
f 2944 2948 2946
f 2948 2952 2950
f 2952 2956 2954
f 2956 4530 2958
f 2960 2963 2961
f 2963 4531 2965
f 2967 2970 2968
f 2970 2974 2972
f 2974 2978 2976
f 2980 2983 2981
f 2983 2987 2985
f 2987 2991 2989
f 2991 2995 2993
f 2995 2999 2997
f 2999 3003 3001
f 4532 3006 3005
f 3006 3010 3008
f 3010 3014 3012
f 3014 4533 3016
f 4534 3019 3018
f 3019 3023 3021
f 3023 3027 3025
f 3027 3031 3029
f 3031 3035 3033
f 3035 3039 3037
f 3039 3043 3041
f 3043 3047 3045
f 3049 3052 3050
f 3052 3056 3054
f 3056 3060 3058
f 4535 3063 3062
f 3063 3067 3065
f 3067 3071 3069
f 3071 3075 3073
f 3075 3079 3077
f 3079 3083 3081
f 3083 3087 3085
f 3087 3091 3089
f 3091 4536 3093
f 3095 3098 3096
f 3098 3102 3100
f 3102 3106 3104
f 3108 3111 3109
f 3111 3115 3113
f 3115 3119 3117
f 3123 3126 3124
f 3126 3130 3128
f 3132 3135 3133
f 3135 3139 3137
f 3141 3144 3142
f 3144 3148 3146
f 3148 3152 3150
f 3152 3156 3154
f 3156 3160 3158
f 3160 3164 3162
f 3164 3168 3166
f 3168 4537 3170
f 3172 3175 3173
f 3175 3179 3177
f 3179 3183 3181
f 3185 3188 3186
f 3188 3192 3190
f 3192 3196 3194
f 3198 3201 3199
f 3201 4538 3203
f 3205 3208 3206
f 3208 3212 3210
f 3212 3216 3214
f 3216 3220 3218
f 3220 4539 3222
f 3224 3227 3225
f 3227 3231 3229
f 3231 3235 3233
f 3235 3239 3237
f 3239 3243 3241
f 3243 3247 3245
f 4540 3252 3251
f 3254 3257 3255
f 3257 3261 3259
f 3261 3265 3263
f 3267 3270 3268
f 3270 3274 3272
f 3276 3279 3277
f 3279 3283 3281
f 3285 3288 3286
f 3288 3292 3290
f 3292 3296 3294
f 3298 3301 3299
f 3301 3305 3303
f 3305 3309 3307
f 3311 3314 3312
f 3314 3318 3316
f 3318 4541 3320
f 3322 3325 3323
f 3325 3329 3327
f 3329 3333 3331
f 3333 3337 3335
f 3337 3341 3339
f 3341 3345 3343
f 3345 3349 3347
f 3349 3353 3351
f 4542 3356 3355
f 3356 3360 3358
f 3360 3364 3362
f 3364 3368 3366
f 3368 3372 3370
f 3372 3376 3374
f 3376 3380 3378
f 3380 3384 3382
f 3384 3388 3386
f 3388 3392 3390
f 3392 3396 3394
f 3396 3400 3398
f 3400 4543 3402
f 3404 3407 3405
f 3407 4544 3409
f 3411 3414 3412
f 3414 3418 3416
f 3418 3422 3420
f 3422 3426 3424
f 3426 3430 3428
f 3430 3434 3432
f 3434 3438 3436
f 3438 3442 3440
f 3442 3446 3444
f 3448 3451 3449
f 3451 3455 3453
f 3455 3459 3457
f 3459 3463 3461
f 3463 3467 3465
f 3467 3471 3469
f 3471 3475 3473
f 3475 3479 3477
f 3479 3483 3481
f 3483 3487 3485
f 3487 4545 3489
f 4546 3492 3491
f 3492 3496 3494
f 3496 3500 3498
f 3500 3504 3502
f 3504 3508 3506
f 3508 3512 3510
f 3512 3516 3514
f 3518 3521 3519
f 3521 3525 3523
f 3525 3529 3527
f 4547 3532 3531
f 3532 3536 3534
f 3536 3540 3538
f 3540 4548 3542
f 3545 3549 3547
f 3551 3554 3552
f 3554 3558 3556
f 3558 3562 3560
f 3562 3566 3564
f 3566 3570 3568
f 3570 3574 3572
f 4549 3582 3581
f 3582 3586 3584
f 3586 3590 3588
f 3590 3594 3592
f 3594 3598 3596
f 4550 3601 3600
f 3601 3605 3603
f 3605 3609 3607
f 3609 4551 3611
f 3613 3616 3614
f 3616 3620 3618
f 3620 3624 3622
f 3624 4552 3626
f 3628 3631 3629
f 3631 3635 3633
f 3635 3639 3637
f 3639 3643 3641
f 3643 3647 3645
f 3647 3651 3649
f 4553 3654 3653
f 3654 3658 3656
f 3658 3662 3660
f 3662 3666 3664
f 3666 3670 3668
f 3670 3674 3672
f 3674 3678 3676
f 3678 3682 3680
f 4554 3685 3684
f 3685 3689 3687
f 3689 3693 3691
f 3693 3697 3695
f 3697 3701 3699
f 3701 3705 3703
f 3705 3709 3707
f 3709 3713 3711
f 3713 3717 3715
f 3717 3721 3719
f 3721 3725 3723
f 3725 3729 3727
f 3729 3733 3731
f 3735 3738 3736
f 3738 3742 3740
f 3742 3746 3744
f 3748 3751 3749
f 3751 3755 3753
f 3755 3759 3757
f 4555 3764 3763
f 3764 3768 3766
f 3768 3772 3770
f 3776 3779 3777
f 3779 3783 3781
f 3785 3788 3786
f 3788 3792 3790
f 3792 3796 3794
f 3796 3800 3798
f 3800 4556 3802
f 3804 3807 3805
f 3807 3811 3809
f 3811 3815 3813
f 3815 3819 3817
f 3819 3823 3821
f 3823 3827 3825
f 3827 3831 3829
f 3831 3835 3833
f 3835 3839 3837
f 3839 3843 3841
f 3843 3847 3845
f 3847 3851 3849
f 3851 3855 3853
f 3855 3859 3857
f 3859 3863 3861
f 3863 3867 3865
f 3867 3871 3869
f 3871 4557 3873
f 3875 3878 3876
f 3882 3885 3883
f 3885 3889 3887
f 3889 3893 3891
f 3895 3898 3896
f 3898 3902 3900
f 3902 3906 3904
f 3906 3910 3908
f 3910 3914 3912
f 4558 3917 3916
f 3917 3921 3919
f 3921 3925 3923
f 3925 3929 3927
f 3929 3933 3931
f 3935 3938 3936
f 3938 3942 3940
f 3942 3946 3944
f 3946 3950 3948
f 3950 3954 3952
f 3954 3958 3956
f 4559 3966 3965
f 3966 3970 3968
f 3970 3974 3972
f 3974 3978 3976
f 4560 3981 3980
f 3981 3985 3983
f 3985 3989 3987
f 3989 4561 3991
f 3993 3996 3994
f 3996 4000 3998
f 4000 4004 4002
f 4004 4008 4006
f 4008 4562 4010
f 4563 4013 4012
f 4013 4017 4015
f 4017 4021 4019
f 4021 4025 4023
f 4025 4029 4027
f 4031 4034 4032
f 4034 4038 4036
f 4038 4042 4040
f 4042 4046 4044
f 4046 4050 4048
f 4050 4054 4052
f 4054 4058 4056
f 4058 4062 4060
f 4066 4069 4067
f 4069 4073 4071
f 4073 4077 4075
f 4077 4081 4079
f 4081 4564 4083
f 4565 4086 4085
f 4086 4090 4088
f 4090 4094 4092
f 4094 4098 4096
f 4098 4102 4100
f 4110 4113 4111
f 4113 4117 4115
f 4117 4121 4119
f 4121 4125 4123
f 4125 4129 4127
f 4131 4134 4132
f 4134 4138 4136
f 4138 4142 4140
f 4142 4146 4144
f 4146 4150 4148
f 4566 4153 4152
f 4153 4157 4155
f 4157 4161 4159
f 4161 4165 4163
f 4165 4169 4167
f 4169 4173 4171
f 4173 4177 4175
f 4177 4181 4179
f 4567 4184 4183
f 4184 4188 4186
f 4568 4194 4193
f 4194 4198 4196
f 4198 4202 4200
f 4202 4206 4204
f 4206 4210 4208
f 4210 4569 4212
f 4214 4217 4215
f 4217 4221 4219
f 4223 4226 4224
f 4226 4230 4228
f 4230 4234 4232
f 4236 4239 4237
f 4239 4243 4241
f 4243 4247 4245
f 4247 4251 4249
f 4251 4255 4253
f 4257 4260 4258
f 4260 4264 4262
f 4264 4268 4266
f 4268 4570 4270
f 4571 4273 4272
f 4273 4277 4275
f 4277 4281 4279
f 4281 4285 4283
f 4285 4289 4287
f 4289 4293 4291
f 4293 4297 4295
f 4297 4301 4299
f 4303 4306 4304
f 4306 4310 4308
f 4310 4314 4312
f 4314 4318 4316
f 4318 4322 4320
f 4322 4325 4323
f 4572 4330 4329
f 4330 4334 4332
f 4573 4337 4336
f 4337 4341 4339
f 4341 4345 4343
f 4345 4349 4347
f 4349 4353 4351
f 4355 4358 4356
f 4358 4362 4360
f 4362 4366 4364
f 4366 4370 4368
f 4370 4574 4372
f 4377 4380 4378
f 4382 4385 4383
f 4385 4389 4387
f 4389 4393 4391
f 4393 4575 4395
f 4397 4400 4398
f 4400 4576 4402
f 4404 4407 4405
f 4407 4577 4409
f 4411 4414 4412
f 4414 4418 4416
f 4418 4422 4420
f 4424 4427 4425
f 4427 4578 4429
f 4579 4435 4434
f 4435 4439 4437
f 4439 4443 4441
f 4443 4447 4445
f 4447 4451 4449
f 4451 4455 4453
f 4455 4459 4457
f 4459 4463 4461
f 4465 4468 4466
f 4468 4472 4470
f 4580 4475 4474
f 4475 4479 4477
f 4479 4483 4481
f 4487 4490 4488
f 4490 4494 4492
f 4496 4499 4497
f 4499 4503 4501
f 4503 4507 4505
f 4507 4511 4509
f 4511 4515 4513
f 4515 4519 4517
f 4581 2826 4523
f 4524 4582 2825
f 4583 2832 2829
f 2832 2840 2836
f 2840 2848 2844
f 2848 4584 2852
f 4585 2857 2854
f 2857 2865 2861
f 2865 2873 2869
f 2873 2881 2877
f 2881 4586 4525
f 2885 2890 2888
f 2892 4526 2895
f 4587 2900 4527
f 2902 4528 2905
f 4588 2912 2909
f 2912 2920 2916
f 4589 2925 2922
f 2925 4590 4529
f 4591 2932 2929
f 2932 2940 2936
f 2940 2948 2944
f 2948 2956 2952
f 4592 2963 2960
f 4593 2970 2967
f 2970 2978 2974
f 4594 2983 2980
f 2983 2991 2987
f 2991 2999 2995
f 2999 4595 3003
f 4532 3010 3006
f 3010 4533 3014
f 4534 3023 3019
f 3023 3031 3027
f 3031 3039 3035
f 3039 3047 3043
f 3049 3056 3052
f 3056 4596 3060
f 4535 3067 3063
f 3067 3075 3071
f 3075 3083 3079
f 3083 3091 3087
f 4597 3098 3095
f 3098 3106 3102
f 3108 3115 3111
f 3115 3121 3119
f 3123 3130 3126
f 3132 3139 3135
f 3141 3148 3144
f 3148 3156 3152
f 3156 3164 3160
f 3164 4537 3168
f 4598 3175 3172
f 3175 3183 3179
f 3183 3188 3185
f 3188 3196 3192
f 4599 3201 3198
f 3201 4600 4538
f 4601 3208 3205
f 3208 3216 3212
f 3216 4539 3220
f 4602 3227 3224
f 3227 3235 3231
f 3235 3243 3239
f 3243 3249 3247
f 4603 3252 4540
f 3254 3261 3257
f 3261 4604 3265
f 4605 3270 3267
f 4606 3279 3276
f 3279 4607 3283
f 4608 3288 3285
f 3288 3296 3292
f 3298 3305 3301
f 3305 4609 3309
f 4610 3314 3311
f 3314 4541 3318
f 3322 3329 3325
f 3329 3337 3333
f 3337 3345 3341
f 3345 3353 3349
f 4542 3360 3356
f 3360 3368 3364
f 3368 3376 3372
f 3376 3384 3380
f 3384 3392 3388
f 3392 3400 3396
f 3400 4611 4543
f 3404 4544 3407
f 4612 3414 3411
f 3414 3422 3418
f 3422 3430 3426
f 3430 3438 3434
f 3438 3446 3442
f 4613 3451 3448
f 3451 3459 3455
f 3459 3467 3463
f 3467 3475 3471
f 3475 3483 3479
f 3483 4545 3487
f 4546 3496 3492
f 3496 3504 3500
f 3504 3512 3508
f 3512 4614 3516
f 4615 3521 3518
f 3521 3529 3525
f 4547 3536 3532
f 3536 4548 3540
f 3544 3549 3545
f 3549 3554 3551
f 3554 3562 3558
f 3562 3570 3566
f 3570 3576 3574
f 4549 3586 3582
f 3586 3594 3590
f 3594 4616 3598
f 4550 3605 3601
f 3605 4551 3609
f 4617 3616 3613
f 3616 3624 3620
f 4618 3631 3628
f 3631 3639 3635
f 3639 3647 3643
f 3647 4619 3651
f 4553 3658 3654
f 3658 3666 3662
f 3666 3674 3670
f 3674 3682 3678
f 4554 3689 3685
f 3689 3697 3693
f 3697 3705 3701
f 3705 3713 3709
f 3713 3721 3717
f 3721 3729 3725
f 3735 3742 3738
f 3742 4620 3746
f 4621 3751 3748
f 3751 3759 3755
f 4622 3764 4555
f 3764 3772 3768
f 3776 3783 3779
f 4623 3788 3785
f 3788 3796 3792
f 3796 4556 3800
f 4624 3807 3804
f 3807 3815 3811
f 3815 3823 3819
f 3823 3831 3827
f 3831 3839 3835
f 3839 3847 3843
f 3847 3855 3851
f 3855 3863 3859
f 3863 3871 3867
f 3871 4625 4557
f 4626 3878 3875
f 4627 3885 3882
f 3885 3893 3889
f 4628 3898 3895
f 3898 3906 3902
f 3906 3914 3910
f 4558 3921 3917
f 3921 3929 3925
f 3929 4629 3933
f 3935 3942 3938
f 3942 3950 3946
f 3950 3958 3954
f 4559 3970 3966
f 3970 3978 3974
f 4560 3985 3981
f 3985 4561 3989
f 3993 4000 3996
f 4000 4008 4004
f 4008 4630 4562
f 4563 4017 4013
f 4017 4025 4021
f 4025 4631 4029
f 4031 4038 4034
f 4038 4046 4042
f 4046 4054 4050
f 4054 4062 4058
f 4632 4069 4066
f 4069 4077 4073
f 4077 4564 4081
f 4565 4090 4086
f 4090 4098 4094
f 4110 4117 4113
f 4117 4125 4121
f 4131 4138 4134
f 4138 4146 4142
f 4566 4157 4153
f 4157 4165 4161
f 4165 4173 4169
f 4173 4181 4177
f 4567 4188 4184
f 4633 4194 4568
f 4194 4202 4198
f 4202 4210 4206
f 4634 4217 4214
f 4217 4635 4221
f 4636 4226 4223
f 4226 4234 4230
f 4236 4243 4239
f 4243 4251 4247
f 4251 4637 4255
f 4638 4260 4257
f 4260 4268 4264
f 4268 4639 4570
f 4571 4277 4273
f 4277 4285 4281
f 4285 4293 4289
f 4293 4301 4297
f 4303 4310 4306
f 4314 4322 4318
f 4322 4327 4325
f 4572 4334 4330
f 4573 4341 4337
f 4341 4349 4345
f 4349 4640 4353
f 4355 4362 4358
f 4362 4370 4366
f 4377 4382 4380
f 4382 4389 4385
f 4389 4575 4393
f 4641 4400 4397
f 4404 4577 4407
f 4411 4418 4414
f 4418 4642 4422
f 4643 4427 4424
f 4579 4439 4435
f 4439 4447 4443
f 4447 4455 4451
f 4455 4463 4459
f 4465 4472 4468
f 4580 4479 4475
f 4479 4485 4483
f 4644 4490 4487
f 4496 4503 4499
f 4503 4511 4507
f 4511 4519 4515
f 4645 2826 4581
f 4524 4646 4582
f 4583 2840 2832
f 2840 4584 2848
f 4585 2865 2857
f 2865 2881 2873
f 2885 4647 2890
f 4648 4526 2892
f 4649 2900 4587
f 2902 4650 4528
f 4651 2912 4588
f 2912 4652 2920
f 4589 4590 2925
f 4591 2940 2932
f 2940 2956 2948
f 4592 4531 2963
f 4593 2978 2970
f 4594 2991 2983
f 2991 4595 2999
f 4532 4533 3010
f 4653 3023 4534
f 3023 3039 3031
f 3039 4654 3047
f 3049 4596 3056
f 4655 3067 4535
f 3067 3083 3075
f 3083 4536 3091
f 4597 3106 3098
f 4656 3115 3108
f 3115 4657 3121
f 4658 3130 3123
f 4659 3139 3132
f 4660 3148 3141
f 3148 3164 3156
f 3164 4661 4537
f 4598 3183 3175
f 3183 3196 3188
f 4599 4600 3201
f 4601 3216 3208
f 3216 4662 4539
f 4602 3235 3227
f 3235 3249 3243
f 4663 3252 4603
f 4664 3261 3254
f 3261 4665 4604
f 4605 3274 3270
f 4666 3279 4606
f 4608 3296 3288
f 4667 3305 3298
f 3305 4668 4609
f 4669 3314 4610
f 3314 4670 4541
f 4671 3329 3322
f 3329 3345 3337
f 3345 4672 3353
f 4542 3368 3360
f 3368 3384 3376
f 3384 3400 3392
f 4673 4544 3404
f 4674 3414 4612
f 3414 3430 3422
f 3430 3446 3438
f 4675 3451 4613
f 3451 3467 3459
f 3467 3483 3475
f 3483 4676 4545
f 4546 3504 3496
f 3504 4614 3512
f 4615 3529 3521
f 4677 3536 4547
f 3536 4678 4548
f 3544 3554 3549
f 3554 3570 3562
f 3570 4679 3576
f 4680 3586 4549
f 3586 4616 3594
f 4681 3605 4550
f 3605 4682 4551
f 4617 3624 3616
f 4618 3639 3631
f 3639 4619 3647
f 4683 3658 4553
f 3658 3674 3666
f 3674 4684 3682
f 4685 3689 4554
f 3689 3705 3697
f 3705 3721 3713
f 3721 3733 3729
f 4686 3742 3735
f 3742 4687 4620
f 4621 3759 3751
f 4622 3772 3764
f 4688 3783 3776
f 4623 3796 3788
f 3796 4689 4556
f 4624 3815 3807
f 3815 3831 3823
f 3831 3847 3839
f 3847 3863 3855
f 3863 4625 3871
f 4626 3880 3878
f 4690 3885 4627
f 3885 4691 3893
f 4628 3906 3898
f 3906 4692 3914
f 4693 3921 4558
f 3921 4629 3929
f 4694 3942 3935
f 3942 3958 3950
f 4559 3978 3970
f 4560 4561 3985
f 4695 4000 3993
f 4000 4630 4008
f 4563 4025 4017
f 4025 4696 4631
f 4697 4038 4031
f 4038 4054 4046
f 4054 4064 4062
f 4698 4069 4632
f 4069 4564 4077
f 4699 4090 4565
f 4090 4102 4098
f 4700 4117 4110
f 4117 4129 4125
f 4701 4138 4131
f 4138 4150 4146
f 4702 4157 4566
f 4157 4173 4165
f 4173 4703 4181
f 4567 4704 4188
f 4705 4194 4633
f 4194 4210 4202
f 4634 4635 4217
f 4636 4234 4226
f 4706 4243 4236
f 4243 4637 4251
f 4638 4268 4260
f 4268 4707 4639
f 4708 4277 4571
f 4277 4293 4285
f 4293 4709 4301
f 4710 4310 4303
f 4310 4322 4314
f 4322 4711 4327
f 4712 4334 4572
f 4713 4341 4573
f 4341 4640 4349
f 4714 4362 4355
f 4362 4574 4370
f 4377 4389 4382
f 4389 4715 4575
f 4641 4576 4400
f 4716 4577 4404
f 4717 4418 4411
f 4418 4718 4642
f 4719 4427 4643
f 4720 4439 4579
f 4439 4455 4447
f 4455 4721 4463
f 4465 4722 4472
f 4580 4485 4479
f 4644 4494 4490
f 4723 4503 4496
f 4503 4519 4511
f 4724 2826 4645
f 4524 4725 4646
f 4726 2840 4583
f 2840 4727 4584
f 4728 2865 4585
f 2865 4586 2881
f 4729 4647 2885
f 4648 4730 4526
f 4731 2900 4649
f 4651 4652 2912
f 4732 4590 4589
f 4733 2940 4591
f 2940 4530 2956
f 4734 2978 4593
f 4735 2991 4594
f 2991 4736 4595
f 4737 4533 4532
f 4653 3039 3023
f 3039 4738 4654
f 4739 4596 3049
f 4655 3083 3067
f 3083 4740 4536
f 4741 3106 4597
f 4742 3115 4656
f 4743 3130 4658
f 4744 3139 4659
f 4745 3148 4660
f 3148 4661 3164
f 4746 3183 4598
f 3183 4747 3196
f 4599 4748 4600
f 4749 3216 4601
f 4750 3235 4602
f 3235 4751 3249
f 4752 3252 4663
f 4664 4665 3261
f 4753 3274 4605
f 4754 3279 4666
f 4755 3296 4608
f 4667 4668 3305
f 4669 4670 3314
f 4671 3345 3329
f 3345 4756 4672
f 4757 3368 4542
f 3368 3400 3384
f 4758 4544 4673
f 4674 3430 3414
f 3430 4759 3446
f 4675 3467 3451
f 3467 4676 3483
f 4760 3504 4546
f 3504 4761 4614
f 4762 3529 4615
f 4763 3536 4677
f 3536 4764 4678
f 4765 3554 3544
f 3554 4679 3570
f 4680 4616 3586
f 4681 4682 3605
f 4766 3624 4617
f 4767 3639 4618
f 3639 4768 4619
f 4769 3658 4683
f 3658 4684 3674
f 4685 3705 3689
f 3721 4770 3733
f 4686 4687 3742
f 4771 3759 4621
f 4772 3772 4622
f 4688 4773 3783
f 4774 3796 4623
f 3796 4775 4689
f 4776 3815 4624
f 3831 3863 3847
f 3863 4777 4625
f 4626 4778 3880
f 4779 3885 4690
f 3885 4780 4691
f 4781 3906 4628
f 4693 4629 3921
f 4782 3942 4694
f 3942 3960 3958
f 4559 4783 3978
f 4784 4561 4560
f 4785 4000 4695
f 4000 4786 4630
f 4787 4025 4563
f 4697 4054 4038
f 4054 4788 4064
f 4698 4564 4069
f 4789 4090 4699
f 4090 4790 4102
f 4791 4117 4700
f 4117 4792 4129
f 4701 4150 4138
f 4702 4173 4157
f 4173 4567 4703
f 4567 4793 4704
f 4794 4194 4705
f 4194 4569 4210
f 4795 4635 4634
f 4796 4234 4636
f 4797 4243 4706
f 4243 4798 4637
f 4799 4268 4638
f 4268 4800 4707
f 4708 4293 4277
f 4293 4801 4709
f 4710 4322 4310
f 4802 4334 4712
f 4803 4341 4713
f 4341 4804 4640
f 4714 4574 4362
f 4805 4389 4377
f 4389 4806 4715
f 4807 4576 4641
f 4717 4718 4418
f 4719 4578 4427
f 4808 4439 4720
f 4439 4721 4455
f 4809 4485 4580
f 4810 4494 4644
f 4723 4519 4503
f 4811 2826 4724
f 4524 4812 4725
f 4813 2840 4726
f 2840 4814 4727
f 4815 2865 4728
f 2865 4816 4586
f 4648 4817 4730
f 4818 2900 4731
f 4819 4652 4651
f 4820 4590 4732
f 4821 2940 4733
f 2940 4822 4530
f 4823 2978 4734
f 4824 2991 4735
f 2991 4825 4736
f 4826 4533 4737
f 4827 3039 4653
f 3039 4828 4738
f 4739 4829 4596
f 4830 3083 4655
f 3083 4831 4740
f 4832 3106 4741
f 4742 4657 3115
f 4833 3130 4743
f 4744 4834 3139
f 4745 4661 3148
f 4835 3183 4746
f 3183 4836 4747
f 4599 4837 4748
f 4838 3216 4749
f 4839 3235 4750
f 3235 4840 4751
f 4841 3252 4752
f 4842 4665 4664
f 4843 3279 4754
f 4607 3296 4755
f 4844 4668 4667
f 4845 4670 4669
f 4846 3345 4671
f 3345 4847 4756
f 4848 3368 4757
f 3368 4611 3400
f 4758 4849 4544
f 4850 3430 4674
f 3430 4851 4759
f 4852 3467 4675
f 3467 4853 4676
f 4760 4761 3504
f 4854 3529 4762
f 4763 4764 3536
f 4765 4679 3554
f 4855 4616 4680
f 4856 4682 4681
f 4682 3624 4766
f 4857 3639 4767
f 3639 4858 4768
f 3658 4859 4684
f 4860 3705 4685
f 3721 4861 4770
f 4686 4862 4687
f 4863 3759 4771
f 4864 3772 4772
f 4688 4774 4773
f 4774 4775 3796
f 4865 3815 4776
f 3863 4866 4777
f 4779 4780 3885
f 4867 3906 4781
f 4868 4629 4693
f 4782 3960 3942
f 4559 4869 4783
f 4784 4870 4561
f 4785 4786 4000
f 4871 4025 4787
f 4872 4054 4697
f 4054 4873 4788
f 4874 4564 4698
f 4789 4790 4090
f 4791 4792 4117
f 4875 4150 4701
f 4876 4173 4702
f 4567 4877 4793
f 4191 4194 4794
f 4194 4878 4569
f 4795 4879 4635
f 4880 4234 4796
f 4881 4243 4797
f 4243 4882 4798
f 4883 4268 4799
f 4884 4293 4708
f 4293 4885 4801
f 4886 4322 4710
f 4802 4887 4334
f 4888 4341 4803
f 4341 4889 4804
f 4890 4574 4714
f 4891 4389 4805
f 4806 4576 4807
f 4892 4718 4717
f 4893 4578 4719
f 4432 4439 4808
f 4439 4894 4721
f 4895 4485 4809
f 4810 4896 4494
f 4897 4519 4723
f 4811 4898 2826
f 4524 4813 4812
f 4813 4814 2840
f 4899 2865 4815
f 2865 4900 4816
f 4648 4901 4817
f 4818 4902 2900
f 4903 4652 4819
f 4820 4904 4590
f 4821 4822 2940
f 4905 2978 4823
f 4824 4825 2991
f 4826 4906 4533
f 4906 3039 4827
f 3039 4907 4828
f 4739 4908 4829
f 4909 3083 4830
f 3083 4910 4831
f 4911 3106 4832
f 4912 4657 4742
f 4913 3130 4833
f 4914 4834 4744
f 4915 4661 4745
f 4835 4836 3183
f 4599 4916 4837
f 4917 3216 4838
f 4918 3235 4839
f 3235 4919 4840
f 4841 4920 3252
f 4921 4665 4842
f 4843 4607 3279
f 4607 4922 3296
f 4923 4668 4844
f 4924 4670 4845
f 4925 3345 4846
f 3345 4926 4847
f 4927 3368 4848
f 3368 4758 4611
f 4758 4928 4849
f 4929 3430 4850
f 3430 4930 4851
f 4931 3467 4852
f 3467 4932 4853
f 4933 4761 4760
f 4854 4934 3529
f 4935 4764 4763
f 4936 4679 4765
f 4937 4616 4855
f 4856 3624 4682
f 4938 3639 4857
f 3658 4939 4859
f 4940 3705 4860
f 3721 4941 4861
f 4686 4942 4862
f 4863 3761 3759
f 4943 3772 4864
f 4688 4775 4774
f 4865 3831 3815
f 3863 4944 4866
f 4778 4780 4779
f 4945 3906 4867
f 4946 4629 4868
f 4947 3960 4782
f 4559 4948 4869
f 4784 4949 4870
f 4950 4786 4785
f 4951 4025 4871
f 4952 4054 4872
f 4054 4953 4873
f 4954 4564 4874
f 4955 4790 4789
f 4956 4792 4791
f 4957 4150 4875
f 4958 4173 4876
f 4190 4194 4191
f 4194 4795 4878
f 4795 4959 4879
f 4880 4960 4234
f 4881 4882 4243
f 4961 4268 4883
f 4962 4293 4884
f 4293 4963 4885
f 4886 4711 4322
f 4802 4964 4887
f 4965 4341 4888
f 4341 4890 4889
f 4890 4966 4574
f 4967 4389 4891
f 4389 4576 4806
f 4892 4968 4718
f 4969 4578 4893
f 4431 4439 4432
f 4439 4970 4894
f 4971 4485 4895
f 4810 4897 4896
f 4897 4521 4519
f 4811 4972 4898
f 4524 4814 4813
f 4899 4900 2865
f 4648 4973 4901
f 4974 4902 4818
f 4975 4652 4903
f 4821 4976 4822
f 4977 2978 4905
f 4978 4825 4824
f 4826 3039 4906
f 4739 4979 4908
f 4980 3083 4909
f 4981 3106 4911
f 4982 4657 4912
f 4983 3130 4913
f 4914 4984 4834
f 4985 4661 4915
f 4661 4836 4835
f 4986 3216 4917
f 4918 4919 3235
f 4841 4987 4920
f 4988 4665 4921
f 4989 4607 4843
f 4607 4990 4922
f 4923 4991 4668
f 4992 4670 4924
f 4993 3345 4925
f 3345 4994 4926
f 4995 3368 4927
f 3368 4928 4758
f 4996 3430 4929
f 3430 4997 4930
f 4998 3467 4931
f 4999 4761 4933
f 4854 4935 4934
f 4935 5000 4764
f 5001 4679 4936
f 5002 4616 4937
f 5003 3624 4856
f 5004 3639 4938
f 3658 5005 4939
f 5006 3705 4940
f 3721 5007 4941
f 4686 5008 4942
f 5009 3761 4863
f 5010 3772 4943
f 5011 4775 4688
f 5012 3831 4865
f 3863 5013 4944
f 4626 4780 4778
f 4945 4692 3906
f 4692 4629 4946
f 5014 3960 4947
f 5015 4948 4559
f 4784 5016 4949
f 5017 4786 4950
f 5018 4025 4951
f 5019 4054 4952
f 5020 4564 4954
f 5021 4790 4955
f 4956 4957 4792
f 4957 5022 4150
f 5023 4173 4958
f 5024 4194 4190
f 4194 4959 4795
f 5025 4960 4880
f 5026 4882 4881
f 5027 4268 4961
f 5028 4293 4962
f 4886 5029 4711
f 4802 5030 4964
f 4965 4890 4341
f 4890 5031 4966
f 5032 4389 4967
f 4389 5033 4576
f 5034 4968 4892
f 4969 5035 4578
f 5036 4439 4431
f 4439 5037 4970
f 4971 5038 4485
f 4810 4521 4897
f 4811 5039 4972
f 5040 4814 4524
f 5041 4900 4899
f 4648 5042 4973
f 4974 5043 4902
f 5044 4652 4975
f 4821 5045 4976
f 4977 5046 2978
f 5047 4825 4978
f 5048 3039 4826
f 4739 5049 4979
f 5050 3083 4980
f 4981 5051 3106
f 4982 5052 4657
f 4983 5053 3130
f 4914 5054 4984
f 5055 4661 4985
f 4661 5056 4836
f 5057 3216 4986
f 5058 4919 4918
f 5059 4987 4841
f 4988 5060 4665
f 3274 4607 4989
f 4607 5061 4990
f 4923 5062 4991
f 4992 5063 4670
f 5064 3345 4993
f 4995 4928 3368
f 4996 4997 3430
f 4998 4932 3467
f 4999 5065 4761
f 4854 5000 4935
f 5066 4679 5001
f 5002 5067 4616
f 5003 4552 3624
f 5068 3639 5004
f 5069 3705 5006
f 3721 5070 5007
f 5009 5071 3761
f 5072 3772 5010
f 5011 5073 4775
f 3863 5074 5013
f 5075 4780 4626
f 5076 4692 4945
f 4692 5077 4629
f 5078 3960 5014
f 5015 5079 4948
f 4784 5080 5016
f 5081 4786 5017
f 5082 4025 5018
f 5083 4054 5019
f 5084 4564 5020
f 5085 4790 5021
f 4956 5022 4957
f 5086 4173 5023
f 5087 4194 5024
f 4194 5088 4959
f 5025 5089 4960
f 5090 4882 5026
f 5091 4268 5027
f 5092 4293 5028
f 4886 5093 5029
f 5094 5030 4802
f 5095 4890 4965
f 4890 5096 5031
f 4375 4389 5032
f 4389 5097 5033
f 5034 5098 4968
f 4969 5099 5035
f 5100 4439 5036
f 4439 5101 5037
f 5102 5038 4971
f 5103 4521 4810
f 4811 5104 5039
f 5105 4814 5040
f 5106 4900 5041
f 5042 5043 4974
f 5107 4652 5044
f 4821 4592 5045
f 5108 5046 4977
f 5046 4825 5047
f 5109 3039 5048
f 4739 5050 5049
f 5050 4910 3083
f 5110 5051 4981
f 5111 5052 4982
f 5112 5053 4983
f 5113 4661 5055
f 4661 5114 5056
f 5115 3216 5057
f 5058 5116 4919
f 5059 5117 4987
f 4988 4753 5060
f 3274 5061 4607
f 4923 5118 5062
f 4992 5119 5063
f 5064 4994 3345
f 5120 4928 4995
f 5121 4997 4996
f 5122 4932 4998
f 4999 5123 5065
f 5124 5000 4854
f 5125 4679 5066
f 5002 5126 5067
f 5003 5127 4552
f 5128 3639 5068
f 5129 3705 5069
f 3721 5130 5070
f 5009 5131 5071
f 5132 3772 5072
f 5011 5133 5073
f 3863 5134 5074
f 5075 5135 4780
f 5076 5077 4692
f 5136 3960 5078
f 5137 5079 5015
f 5138 5080 4784
f 5080 4786 5081
f 5082 4696 4025
f 5139 4054 5083
f 5140 4564 5084
f 5085 5141 4790
f 5142 5022 4956
f 5143 4173 5086
f 5087 5088 4194
f 5025 5144 5089
f 5145 4882 5090
f 5146 4268 5091
f 5147 4293 5092
f 5148 5093 4886
f 5149 4890 5095
f 4890 5150 5096
f 4374 4389 4375
f 4389 4716 5097
f 5034 5151 5098
f 4969 5152 5099
f 4439 5153 5101
f 5102 5103 5038
f 5103 5154 4521
f 5155 5104 4811
f 5156 4814 5105
f 5157 4900 5106
f 4648 5043 5042
f 5107 5158 4652
f 5159 4592 4821
f 5108 4825 5046
f 5109 4907 3039
f 4739 4910 5050
f 5110 5160 5051
f 5111 5161 5052
f 5112 4914 5053
f 5054 4661 5113
f 4661 4599 5114
f 5115 4662 3216
f 5058 5162 5116
f 5059 5163 5117
f 4988 3274 4753
f 3274 5164 5061
f 4923 5165 5118
f 4992 5166 5119
f 5167 4994 5064
f 5168 4928 5120
f 5121 5169 4997
f 5170 4932 5122
f 4999 5171 5123
f 5172 5000 5124
f 5173 4679 5125
f 5002 5174 5126
f 5003 5175 5127
f 5176 3639 5128
f 5177 3705 5129
f 3721 5178 5130
f 5009 5132 5131
f 5132 3774 3772
f 5011 5179 5133
f 3863 5180 5134
f 5075 5181 5135
f 5182 5077 5076
f 5136 5183 3960
f 5184 5079 5137
f 5138 4786 5080
f 5185 4696 5082
f 5186 4054 5139
f 5140 5187 4564
f 5085 5188 5141
f 5142 5189 5022
f 5143 4567 4173
f 5190 5088 5087
f 5025 5191 5144
f 5192 4882 5145
f 5146 4800 4268
f 5193 4293 5147
f 5030 4890 5149
f 4890 5194 5150
f 4374 4716 4389
f 5034 5195 5151
f 5196 5152 4969
f 4439 5197 5153
f 5102 5154 5103
f 5155 5198 5104
f 5156 5199 4814
f 5200 4900 5157
f 4648 5201 5043
f 5107 5202 5158
f 5159 4531 4592
f 5203 4825 5108
f 5109 5204 4907
f 5205 4910 4739
f 5110 5206 5160
f 5111 5207 5161
f 5112 5054 4914
f 5054 4599 4661
f 4916 4662 5115
f 5058 5208 5162
f 5059 5209 5163
f 5210 3274 4988
f 3274 5211 5164
f 4923 4992 5165
f 4992 5212 5166
f 5213 4994 5167
f 5214 4928 5168
f 5121 5215 5169
f 5216 4932 5170
f 4999 5217 5171
f 5218 5000 5172
f 5219 4679 5173
f 5002 5220 5174
f 5003 5221 5175
f 5222 3639 5176
f 5223 3705 5177
f 5009 3774 5132
f 5011 5224 5179
f 3863 5225 5180
f 5075 5226 5181
f 5227 5077 5182
f 5136 5228 5183
f 5229 5079 5184
f 5230 4786 5138
f 5231 4696 5185
f 5232 4054 5186
f 5140 5233 5187
f 5085 5234 5188
f 5142 5235 5189
f 5235 4567 5143
f 5236 5088 5190
f 5025 5237 5191
f 5238 4882 5192
f 5239 4800 5146
f 5240 4293 5193
f 5094 4890 5030
f 4890 5241 5194
f 5242 4716 4374
f 5034 5243 5195
f 5196 5244 5152
f 4439 5245 5197
f 5246 5154 5102
f 5155 5247 5198
f 5156 5248 5199
f 5249 4900 5200
f 5250 5201 4648
f 5251 5202 5107
f 5159 5252 4531
f 5253 4825 5203
f 5109 5254 5204
f 5255 4910 5205
f 5256 5206 5110
f 5111 5257 5207
f 5258 5054 5112
f 5054 4916 4599
f 4916 5058 4662
f 5058 5259 5208
f 5059 5210 5209
f 5210 5211 3274
f 4923 5212 4992
f 5260 4994 5213
f 5261 4928 5214
f 5121 5262 5215
f 5263 4932 5216
f 4999 5264 5217
f 5265 5000 5218
f 5266 4679 5219
f 5002 5267 5220
f 5003 5268 5221
f 5269 3639 5222
f 5223 3721 3705
f 5270 3774 5009
f 5011 5271 5224
f 3863 5272 5225
f 5227 5273 5077
f 5136 5274 5228
f 5229 5275 5079
f 5276 4786 5230
f 5277 4696 5231
f 5278 4054 5232
f 5140 5279 5233
f 5142 4567 5235
f 5280 5088 5236
f 5025 5281 5237
f 5282 4882 5238
f 5283 4800 5239
f 5284 4293 5240
f 5285 4890 5094
f 4890 5286 5241
f 5242 4577 4716
f 5034 5196 5243
f 5196 5287 5244
f 4439 5288 5245
f 5246 5289 5154
f 5156 5290 5248
f 5291 4900 5249
f 5250 5292 5201
f 5251 5293 5202
f 5159 5294 5252
f 5295 4825 5253
f 5109 5296 5254
f 5297 4910 5255
f 5256 5298 5206
f 5299 5054 5258
f 5054 5058 4916
f 5058 5300 5259
f 5059 5211 5210
f 4923 5301 5212
f 5301 4994 5260
f 5302 4928 5261
f 5303 5262 5121
f 5304 4932 5263
f 4999 5305 5264
f 5306 5000 5265
f 5307 4679 5266
f 5002 5308 5267
f 5003 5309 5268
f 5269 4858 3639
f 5310 3721 5223
f 5270 5311 3774
f 5011 5312 5271
f 3863 5313 5272
f 5314 5273 5227
f 5136 5315 5274
f 5316 5275 5229
f 5276 5317 4786
f 5318 4696 5277
f 5319 4054 5278
f 5140 5320 5279
f 5321 4567 5142
f 5322 5088 5280
f 5025 5323 5281
f 5323 4882 5282
f 5324 4800 5283
f 5284 4963 4293
f 5285 5286 4890
f 5325 4577 5242
f 5034 5287 5196
f 5100 5288 4439
f 5246 5155 5289
f 5326 5290 5156
f 5327 4900 5291
f 5250 5328 5292
f 5251 5329 5293
f 5159 5330 5294
f 5331 4825 5295
f 5109 5297 5296
f 5297 5332 4910
f 5256 5333 5298
f 5334 5054 5299
f 5054 5300 5058
f 5335 5211 5059
f 4923 4994 5301
f 5336 4928 5302
f 5303 5337 5262
f 5304 5338 4932
f 5339 5305 4999
f 5340 5000 5306
f 5341 4679 5307
f 5003 5342 5309
f 5342 4858 5269
f 5343 3721 5310
f 5270 5344 5311
f 5314 5345 5273
f 5136 5346 5315
f 3963 5275 5316
f 5276 5347 5317
f 5348 4696 5318
f 5349 4054 5319
f 5350 5320 5140
f 5321 4877 4567
f 5351 5088 5322
f 5025 4882 5323
f 5352 4800 5324
f 5353 4963 5284
f 5354 5286 5285
f 5325 5355 4577
f 5034 5356 5287
f 5357 5288 5100
f 5246 5247 5155
f 5326 5358 5290
f 5358 4900 5327
f 5250 5359 5328
f 5251 5360 5329
f 5159 5361 5330
f 5362 4825 5331
f 5109 5332 5297
f 5256 5111 5333
f 5363 5054 5334
f 5054 5364 5300
f 5365 5211 5335
f 4923 5366 4994
f 5367 4928 5336
f 5303 5304 5337
f 5304 5368 5338
f 5339 5369 5305
f 5370 5000 5340
f 5371 4679 5341
f 5003 4858 5342
f 5372 3721 5343
f 5270 5011 5344
f 5314 5136 5345
f 5136 5373 5346
f 3962 5275 3963
f 5276 5374 5347
f 5375 4696 5348
f 5349 4953 4054
f 5350 5376 5320
f 5321 5377 4877
f 5377 5088 5351
f 5378 4882 5025
f 5352 5379 4800
f 5380 4963 5353
f 5381 5286 5354
f 5325 5034 5355
f 5034 5382 5356
f 5383 5288 5357
f 5384 5247 5246
f 5326 4900 5358
f 5250 5385 5359
f 5386 5360 5251
f 5159 5387 5361
f 5388 4825 5362
f 5389 5332 5109
f 5256 5257 5111
f 5363 5364 5054
f 5365 5390 5211
f 4923 5391 5366
f 5392 4928 5367
f 5303 5368 5304
f 5339 5393 5369
f 5394 5000 5370
f 5395 4679 5371
f 5308 4858 5003
f 5396 3721 5372
f 5270 5312 5011
f 5314 5373 5136
f 3962 5397 5275
f 5276 5375 5374
f 5375 5398 4696
f 5399 4953 5349
f 5350 5085 5376
f 5321 5088 5377
f 5400 4882 5378
f 5401 5379 5352
f 5402 4963 5380
f 5403 5286 5381
f 5325 5382 5034
f 5404 5288 5383
f 5405 5247 5384
f 5406 4900 5326
f 5386 5407 5360
f 5159 5408 5387
f 5409 4825 5388
f 5410 5332 5389
f 5411 5257 5256
f 5412 5364 5363
f 5365 5413 5390
f 4923 5414 5391
f 5415 4928 5392
f 5416 5368 5303
f 5339 5417 5393
f 5418 5000 5394
f 5419 4679 5395
f 5308 5420 4858
f 5005 3721 5396
f 5421 5312 5270
f 5422 5373 5314
f 5423 5397 3962
f 5276 5398 5375
f 5424 4953 5399
f 5350 5234 5085
f 5425 5088 5321
f 5400 5401 4882
f 5401 5402 5379
f 5402 5426 4963
f 5427 5286 5403
f 5404 5428 5288
f 5429 5247 5405
f 5430 4900 5406
f 5386 5431 5407
f 5432 5408 5159
f 5433 4825 5409
f 5410 5434 5332
f 5435 5257 5411
f 5436 5364 5412
f 5365 5437 5413
f 5438 4928 5415
f 5439 5368 5416
f 5339 5440 5417
f 5441 5000 5418
f 5442 4679 5419
f 5308 5443 5420
f 5005 5178 3721
f 5421 5012 5312
f 5444 5373 5422
f 5445 5397 5423
f 5397 5398 5276
f 5398 4953 5424
f 5446 5234 5350
f 5425 5400 5088
f 5400 5402 5401
f 5093 5286 5427
f 5404 5447 5428
f 4722 5247 5429
f 5448 4900 5430
f 5386 4820 5431
f 5432 5449 5408
f 5449 4825 5433
f 5410 5450 5434
f 5435 5451 5257
f 5452 5364 5436
f 5453 4928 5438
f 5454 5368 5439
f 5339 5455 5440
f 5456 5000 5441
f 5457 4679 5442
f 5308 5458 5443
f 5005 5459 5178
f 5444 5460 5373
f 5397 4953 5398
f 5461 5234 5446
f 5400 5426 5402
f 5148 5286 5093
f 5404 4465 5447
f 4465 5247 4722
f 5462 4900 5448
f 5386 4904 4820
f 5432 4825 5449
f 5410 5463 5450
f 5464 5364 5452
f 5414 4928 5453
f 5465 5368 5454
f 5339 5466 5455
f 5456 5467 5000
f 5468 4679 5457
f 5308 5469 5458
f 5005 5470 5459
f 5444 5471 5460
f 5397 5472 4953
f 5473 5234 5461
f 5400 5474 5426
f 5148 5475 5286
f 5404 5247 4465
f 5476 4900 5462
f 5477 4904 5386
f 5478 4825 5432
f 5479 5463 5410
f 5480 5364 5464
f 4923 4928 5414
f 5465 5339 5368
f 5339 5481 5466
f 5482 5467 5456
f 5483 4679 5468
f 5308 5484 5469
f 3658 5470 5005
f 5444 5445 5471
f 5397 5485 5472
f 5486 5234 5473
f 5400 5487 5474
f 5148 5488 5475
f 5489 5247 5404
f 5490 4900 5476
f 5477 5491 4904
f 5492 4825 5478
f 5479 5493 5463
f 5494 5364 5480
f 4923 5495 4928
f 5339 5496 5481
f 5482 5497 5467
f 5498 4679 5483
f 5308 4769 5484
f 3658 5499 5470
f 5444 5397 5445
f 5397 5500 5485
f 5501 5234 5486
f 5400 5502 5487
f 5148 5503 5488
f 5504 5247 5489
f 5505 4900 5490
f 5506 4825 5492
f 5479 5507 5493
f 5508 5364 5494
f 4923 5509 5495
f 5339 5510 5496
f 5511 5497 5482
f 5512 4679 5498
f 3658 5513 5499
f 5514 5397 5444
f 5397 5515 5500
f 5501 5516 5234
f 5425 5502 5400
f 5148 5517 5503
f 5518 5247 5504
f 5519 4900 5505
f 5506 5479 4825
f 5479 5520 5507
f 5521 5364 5508
f 4923 5522 5509
f 5339 5523 5510
f 5511 5524 5497
f 5512 5525 4679
f 3658 5526 5513
f 5397 5527 5515
f 5501 5528 5516
f 5529 5502 5425
f 5530 5247 5518
f 5531 4900 5519
f 5506 5520 5479
f 5532 5364 5521
f 4923 5465 5522
f 5465 5523 5339
f 5511 5533 5524
f 5512 5534 5525
f 3658 5535 5526
f 5514 5527 5397
f 5529 5148 5502
f 5536 5247 5530
f 5537 4900 5531
f 5491 5520 5506
f 5538 5364 5532
f 4923 5523 5465
f 5512 5539 5534
f 4769 5535 3658
f 5540 5527 5514
f 5529 5517 5148
f 5541 5247 5536
f 5247 4900 5537
f 5477 5520 5491
f 5542 5364 5538
f 5543 5523 4923
f 5512 5544 5539
f 4769 5545 5535
f 5540 5546 5527
f 5547 5517 5529
f 5548 5247 5541
f 5247 5549 4900
f 5550 5520 5477
f 5542 5365 5364
f 5551 5523 5543
f 5512 5552 5544
f 4769 5553 5545
f 5540 5554 5546
f 5555 5517 5547
f 5556 5247 5548
f 5247 5557 5549
f 5550 5558 5520
f 5542 5437 5365
f 5551 5559 5523
f 5512 5560 5552
f 4769 4686 5553
f 5540 5561 5554
f 5562 5517 5555
f 5563 5247 5556
f 5564 5558 5550
f 5565 5437 5542
f 5551 5511 5559
f 5512 5566 5560
f 4769 5008 4686
f 5226 5561 5540
f 5567 5517 5562
f 5382 5247 5563
f 5564 5568 5558
f 5569 5437 5565
f 5551 5533 5511
f 5512 5570 5566
f 4769 5421 5008
f 5226 5571 5561
f 5572 5517 5567
f 5382 5557 5247
f 5564 5573 5568
f 5574 5437 5569
f 5575 5533 5551
f 5512 3578 5570
f 4769 5012 5421
f 5226 5576 5571
f 5577 5517 5572
f 5325 5557 5382
f 5578 5573 5564
f 5579 5437 5574
f 5580 5533 5575
f 5308 5012 4769
f 5226 5581 5576
f 5582 5517 5577
f 5583 5557 5325
f 5578 5435 5573
f 5584 5437 5579
f 5585 5533 5580
f 5308 3831 5012
f 5075 5581 5226
f 5586 5517 5582
f 5583 5587 5557
f 5588 5435 5578
f 5589 5437 5584
f 5590 5533 5585
f 5002 3831 5308
f 5075 5501 5581
f 4108 5517 5586
f 5583 5591 5587
f 5592 5435 5588
f 5593 5437 5589
f 5594 5533 5590
f 5595 3831 5002
f 5596 5501 5075
f 4107 5517 4108
f 5583 5597 5591
f 5592 5451 5435
f 5451 5437 5593
f 5594 5598 5533
f 5599 3831 5595
f 5596 5528 5501
f 5600 5517 4107
f 5583 5601 5597
f 4650 5451 5592
f 5451 5594 5437
f 5594 5602 5598
f 5603 3831 5599
f 5604 5528 5596
f 5605 5517 5600
f 5583 4729 5601
f 2902 5451 4650
f 5451 5602 5594
f 5606 3831 5603
f 5607 5528 5604
f 5608 5517 5605
f 5583 4647 4729
f 5609 5451 2902
f 5451 5610 5602
f 5611 3831 5606
f 5612 5528 5607
f 5613 5517 5608
f 5614 4647 5583
f 5615 5451 5609
f 5451 5512 5610
f 5616 3831 5611
f 5617 5528 5612
f 5618 5517 5613
f 5614 5619 4647
f 5620 5451 5615
f 5451 3578 5512
f 5621 3831 5616
f 5622 5528 5617
f 4105 5517 5618
f 5614 5250 5619
f 5623 5451 5620
f 5624 3831 5621
f 5622 5625 5528
f 4104 5517 4105
f 5614 5385 5250
f 5626 3831 5624
f 5622 5627 5625
f 5628 5517 4104
f 5629 5385 5614
f 5626 3863 3831
f 5622 5630 5627
f 5630 5517 5628
f 5629 5623 5385
f 5631 3863 5626
f 5622 5517 5630
f 5629 5451 5623
f 5632 3863 5631
f 5633 5517 5622
f 5634 5451 5629
f 5635 3863 5632
f 5633 5634 5517
f 5636 3863 5635
f 5633 5451 5634
f 5637 3863 5636
f 5638 5451 5633
f 5639 3863 5637
f 5640 5451 5638
f 5641 3863 5639
f 5642 5451 5640
f 5643 3863 5641
f 5644 5451 5642
f 3579 3863 5643
f 5644 3578 5451
f 3578 3863 3579
f 5645 3578 5644
f 3578 5313 3863
f 5646 3578 5645
f 3578 5647 5313
f 5648 3578 5646
f 3578 5648 5647
f 1177 4001 1176
f 1176 4001 4000
f 1176 4000 1179
f 1179 4000 4003
f 1179 4003 1178
f 1178 4003 4002
f 1178 4002 1181
f 1181 4002 4005
f 1181 4005 1180
f 1180 4005 4004
f 1180 4004 1183
f 1183 4004 4007
f 1183 4007 1182
f 1182 4007 4006
f 1182 4006 1185
f 1185 4006 4009
f 1185 4009 1184
f 1184 4009 4008
f 1184 4008 1187
f 1187 4008 4011
f 1187 4011 1186
f 1186 4011 4010
f 1186 4010 1738
f 1738 4010 4562
f 1738 4562 1806
f 1806 4562 4630
f 1806 4630 1962
f 1962 4630 4786
f 1962 4786 2493
f 2493 4786 5317
f 2493 5317 2523
f 2523 5317 5347
f 2523 5347 2550
f 2550 5347 5374
f 2550 5374 2551
f 2551 5374 5375
f 2551 5375 2524
f 2524 5375 5348
f 2524 5348 2494
f 2494 5348 5318
f 2494 5318 2453
f 2453 5318 5277
f 2453 5277 2407
f 2407 5277 5231
f 2407 5231 2361
f 2361 5231 5185
f 2361 5185 2258
f 2258 5185 5082
f 2258 5082 2194
f 2194 5082 5018
f 2194 5018 2127
f 2127 5018 4951
f 2127 4951 2047
f 2047 4951 4871
f 2047 4871 1963
f 1963 4871 4787
f 1963 4787 1739
f 1739 4787 4563
f 1739 4563 1189
f 1189 4563 4012
f 1189 4012 1190
f 1190 4012 4014
f 1190 4014 1188
f 1188 4014 4013
f 1188 4013 1192
f 1192 4013 4016
f 1192 4016 1191
f 1191 4016 4015
f 1191 4015 1194
f 1194 4015 4018
f 1194 4018 1193
f 1193 4018 4017
f 1193 4017 1196
f 1196 4017 4020
f 1196 4020 1195
f 1195 4020 4019
f 1195 4019 1198
f 1198 4019 4022
f 1198 4022 1197
f 1197 4022 4021
f 1197 4021 1200
f 1200 4021 4024
f 1200 4024 1199
f 1199 4024 4023
f 1199 4023 1202
f 1202 4023 4026
f 1202 4026 1201
f 1201 4026 4025
f 1201 4025 1204
f 1204 4025 4028
f 1204 4028 1203
f 1203 4028 4027
f 1203 4027 1206
f 1206 4027 4030
f 1206 4030 1205
f 1205 4030 4029
f 1205 4029 1807
f 1807 4029 4631
f 1807 4631 1872
f 1872 4631 4696
f 1872 4696 2574
f 2574 4696 5398
f 2574 5398 2600
f 2600 5398 5424
f 2600 5424 2575
f 2575 5424 5399
f 2575 5399 2525
f 2525 5399 5349
f 2525 5349 2495
f 2495 5349 5319
f 2495 5319 2454
f 2454 5319 5278
f 2454 5278 2408
f 2408 5278 5232
f 2408 5232 2362
f 2362 5232 5186
f 2362 5186 2315
f 2315 5186 5139
f 2315 5139 2259
f 2259 5139 5083
f 2259 5083 2195
f 2195 5083 5019
f 2195 5019 2128
f 2128 5019 4952
f 2128 4952 2048
f 2048 4952 4872
f 2048 4872 1873
f 1873 4872 4697
f 1873 4697 1208
f 1208 4697 4031
f 1208 4031 1209
f 1209 4031 4033
f 1209 4033 1207
f 1207 4033 4032
f 1207 4032 1211
f 1211 4032 4035
f 1211 4035 1210
f 1210 4035 4034
f 1210 4034 1213
f 1213 4034 4037
f 1213 4037 1212
f 1212 4037 4036
f 1212 4036 1215
f 1215 4036 4039
f 1215 4039 1214
f 1214 4039 4038
f 1214 4038 1217
f 1217 4038 4041
f 1217 4041 1216
f 1216 4041 4040
f 1216 4040 1219
f 1219 4040 4043
f 1219 4043 1218
f 1218 4043 4042
f 1218 4042 1221
f 1221 4042 4045
f 1221 4045 1220
f 1220 4045 4044
f 1220 4044 1223
f 1223 4044 4047
f 1223 4047 1222
f 1222 4047 4046
f 1222 4046 1225
f 1225 4046 4049
f 1225 4049 1224
f 1224 4049 4048
f 1224 4048 1227
f 1227 4048 4051
f 1227 4051 1226
f 1226 4051 4050
f 1226 4050 1229
f 1229 4050 4053
f 1229 4053 1228
f 1228 4053 4052
f 1228 4052 1231
f 1231 4052 4055
f 1231 4055 1230
f 1230 4055 4054
f 1230 4054 1233
f 1233 4054 4057
f 1233 4057 1232
f 1232 4057 4056
f 1232 4056 1235
f 1235 4056 4059
f 1235 4059 1234
f 1234 4059 4058
f 1234 4058 1237
f 1237 4058 4061
f 1237 4061 1236
f 1236 4061 4060
f 1236 4060 1239
f 1239 4060 4063
f 1239 4063 1238
f 1238 4063 4062
f 1238 4062 1241
f 1241 4062 4065
f 1241 4065 1240
f 1240 4065 4064
f 1240 4064 1964
f 1964 4064 4788
f 1964 4788 2049
f 2049 4788 4873
f 2049 4873 2129
f 2129 4873 4953
f 2129 4953 2648
f 2648 4953 5472
f 2648 5472 2661
f 2661 5472 5485
f 2661 5485 2676
f 2676 5485 5500
f 2676 5500 2691
f 2691 5500 5515
f 2691 5515 2703
f 2703 5515 5527
f 2703 5527 2722
f 2722 5527 5546
f 2722 5546 2730
f 2730 5546 5554
f 2730 5554 2737
f 2737 5554 5561
f 2737 5561 2747
f 2747 5561 5571
f 2747 5571 2752
f 2752 5571 5576
f 2752 5576 2757
f 2757 5576 5581
f 2757 5581 2677
f 2677 5581 5501
f 2677 5501 2662
f 2662 5501 5486
f 2662 5486 2649
f 2649 5486 5473
f 2649 5473 2637
f 2637 5473 5461
f 2637 5461 2622
f 2622 5461 5446
f 2622 5446 2526
f 2526 5446 5350
f 2526 5350 2316
f 2316 5350 5140
f 2316 5140 2260
f 2260 5140 5084
f 2260 5084 2196
f 2196 5084 5020
f 2196 5020 2130
f 2130 5020 4954
f 2130 4954 2050
f 2050 4954 4874
f 2050 4874 1874
f 1874 4874 4698
f 1874 4698 1808
f 1808 4698 4632
f 1808 4632 1243
f 1243 4632 4066
f 1243 4066 1244
f 1244 4066 4068
f 1244 4068 1242
f 1242 4068 4067
f 1242 4067 1246
f 1246 4067 4070
f 1246 4070 1245
f 1245 4070 4069
f 1245 4069 1248
f 1248 4069 4072
f 1248 4072 1247
f 1247 4072 4071
f 1247 4071 1250
f 1250 4071 4074
f 1250 4074 1249
f 1249 4074 4073
f 1249 4073 1252
f 1252 4073 4076
f 1252 4076 1251
f 1251 4076 4075
f 1251 4075 1254
f 1254 4075 4078
f 1254 4078 1253
f 1253 4078 4077
f 1253 4077 1256
f 1256 4077 4080
f 1256 4080 1255
f 1255 4080 4079
f 1255 4079 1258
f 1258 4079 4082
f 1258 4082 1257
f 1257 4082 4081
f 1257 4081 1260
f 1260 4081 4084
f 1260 4084 1259
f 1259 4084 4083
f 1259 4083 1740
f 1740 4083 4564
f 1740 4564 2363
f 2363 4564 5187
f 2363 5187 2409
f 2409 5187 5233
f 2409 5233 2455
f 2455 5233 5279
f 2455 5279 2496
f 2496 5279 5320
f 2496 5320 2552
f 2552 5320 5376
f 2552 5376 2261
f 2261 5376 5085
f 2261 5085 2197
f 2197 5085 5021
f 2197 5021 2131
f 2131 5021 4955
f 2131 4955 1965
f 1965 4955 4789
f 1965 4789 1875
f 1875 4789 4699
f 1875 4699 1741
f 1741 4699 4565
f 1741 4565 1262
f 1262 4565 4085
f 1262 4085 1263
f 1263 4085 4087
f 1263 4087 1261
f 1261 4087 4086
f 1261 4086 1265
f 1265 4086 4089
f 1265 4089 1264
f 1264 4089 4088
f 1264 4088 1267
f 1267 4088 4091
f 1267 4091 1266
f 1266 4091 4090
f 1266 4090 1269
f 1269 4090 4093
f 1269 4093 1268
f 1268 4093 4092
f 1268 4092 1271
f 1271 4092 4095
f 1271 4095 1270
f 1270 4095 4094
f 1270 4094 1273
f 1273 4094 4097
f 1273 4097 1272
f 1272 4097 4096
f 1272 4096 1275
f 1275 4096 4099
f 1275 4099 1274
f 1274 4099 4098
f 1274 4098 1277
f 1277 4098 4101
f 1277 4101 1276
f 1276 4101 4100
f 1276 4100 1279
f 1279 4100 4103
f 1279 4103 1278
f 1278 4103 4102
f 1278 4102 1966
f 1966 4102 4790
f 1966 4790 2317
f 2317 4790 5141
f 2317 5141 2364
f 2364 5141 5188
f 2364 5188 2410
f 2410 5188 5234
f 2410 5234 2692
f 2692 5234 5516
f 2692 5516 2704
f 2704 5516 5528
f 2704 5528 2801
f 2801 5528 5625
f 2801 5625 2803
f 2803 5625 5627
f 2803 5627 2806
f 2806 5627 5630
f 2806 5630 2804
f 2804 5630 5628
f 2804 5628 1281
f 1281 5628 4104
f 1281 4104 1282
f 1282 4104 4106
f 1282 4106 1280
f 1280 4106 4105
f 1280 4105 2794
f 2794 4105 5618
f 2794 5618 2789
f 2789 5618 5613
f 2789 5613 2784
f 2784 5613 5608
f 2784 5608 2781
f 2781 5608 5605
f 2781 5605 2776
f 2776 5605 5600
f 2776 5600 1284
f 1284 5600 4107
f 1284 4107 1285
f 1285 4107 4109
f 1285 4109 1283
f 1283 4109 4108
f 1283 4108 2762
f 2762 4108 5586
f 2762 5586 2758
f 2758 5586 5582
f 2758 5582 2753
f 2753 5582 5577
f 2753 5577 2748
f 2748 5577 5572
f 2748 5572 2743
f 2743 5572 5567
f 2743 5567 2738
f 2738 5567 5562
f 2738 5562 2731
f 2731 5562 5555
f 2731 5555 2723
f 2723 5555 5547
f 2723 5547 2705
f 2705 5547 5529
f 2705 5529 2601
f 2601 5529 5425
f 2601 5425 2497
f 2497 5425 5321
f 2497 5321 2318
f 2318 5321 5142
f 2318 5142 2132
f 2132 5142 4956
f 2132 4956 1967
f 1967 4956 4791
f 1967 4791 1876
f 1876 4791 4700
f 1876 4700 1287
f 1287 4700 4110
f 1287 4110 1288
f 1288 4110 4112
f 1288 4112 1286
f 1286 4112 4111
f 1286 4111 1290
f 1290 4111 4114
f 1290 4114 1289
f 1289 4114 4113
f 1289 4113 1292
f 1292 4113 4116
f 1292 4116 1291
f 1291 4116 4115
f 1291 4115 1294
f 1294 4115 4118
f 1294 4118 1293
f 1293 4118 4117
f 1293 4117 1296
f 1296 4117 4120
f 1296 4120 1295
f 1295 4120 4119
f 1295 4119 1298
f 1298 4119 4122
f 1298 4122 1297
f 1297 4122 4121
f 1297 4121 1300
f 1300 4121 4124
f 1300 4124 1299
f 1299 4124 4123
f 1299 4123 1302
f 1302 4123 4126
f 1302 4126 1301
f 1301 4126 4125
f 1301 4125 1304
f 1304 4125 4128
f 1304 4128 1303
f 1303 4128 4127
f 1303 4127 1306
f 1306 4127 4130
f 1306 4130 1305
f 1305 4130 4129
f 1305 4129 1968
f 1968 4129 4792
f 1968 4792 2133
f 2133 4792 4957
f 2133 4957 2051
f 2051 4957 4875
f 2051 4875 1877
f 1877 4875 4701
f 1877 4701 1308
f 1308 4701 4131
f 1308 4131 1309
f 1309 4131 4133
f 1309 4133 1307
f 1307 4133 4132
f 1307 4132 1311
f 1311 4132 4135
f 1311 4135 1310
f 1310 4135 4134
f 1310 4134 1313
f 1313 4134 4137
f 1313 4137 1312
f 1312 4137 4136
f 1312 4136 1315
f 1315 4136 4139
f 1315 4139 1314
f 1314 4139 4138
f 1314 4138 1317
f 1317 4138 4141
f 1317 4141 1316
f 1316 4141 4140
f 1316 4140 1319
f 1319 4140 4143
f 1319 4143 1318
f 1318 4143 4142
f 1318 4142 1321
f 1321 4142 4145
f 1321 4145 1320
f 1320 4145 4144
f 1320 4144 1323
f 1323 4144 4147
f 1323 4147 1322
f 1322 4147 4146
f 1322 4146 1325
f 1325 4146 4149
f 1325 4149 1324
f 1324 4149 4148
f 1324 4148 1327
f 1327 4148 4151
f 1327 4151 1326
f 1326 4151 4150
f 1326 4150 2198
f 2198 4150 5022
f 2198 5022 2365
f 2365 5022 5189
f 2365 5189 2411
f 2411 5189 5235
f 2411 5235 2319
f 2319 5235 5143
f 2319 5143 2262
f 2262 5143 5086
f 2262 5086 2199
f 2199 5086 5023
f 2199 5023 2134
f 2134 5023 4958
f 2134 4958 2052
f 2052 4958 4876
f 2052 4876 1878
f 1878 4876 4702
f 1878 4702 1742
f 1742 4702 4566
f 1742 4566 1329
f 1329 4566 4152
f 1329 4152 1330
f 1330 4152 4154
f 1330 4154 1328
f 1328 4154 4153
f 1328 4153 1332
f 1332 4153 4156
f 1332 4156 1331
f 1331 4156 4155
f 1331 4155 1334
f 1334 4155 4158
f 1334 4158 1333
f 1333 4158 4157
f 1333 4157 1336
f 1336 4157 4160
f 1336 4160 1335
f 1335 4160 4159
f 1335 4159 1338
f 1338 4159 4162
f 1338 4162 1337
f 1337 4162 4161
f 1337 4161 1340
f 1340 4161 4164
f 1340 4164 1339
f 1339 4164 4163
f 1339 4163 1342
f 1342 4163 4166
f 1342 4166 1341
f 1341 4166 4165
f 1341 4165 1344
f 1344 4165 4168
f 1344 4168 1343
f 1343 4168 4167
f 1343 4167 1346
f 1346 4167 4170
f 1346 4170 1345
f 1345 4170 4169
f 1345 4169 1348
f 1348 4169 4172
f 1348 4172 1347
f 1347 4172 4171
f 1347 4171 1350
f 1350 4171 4174
f 1350 4174 1349
f 1349 4174 4173
f 1349 4173 1352
f 1352 4173 4176
f 1352 4176 1351
f 1351 4176 4175
f 1351 4175 1354
f 1354 4175 4178
f 1354 4178 1353
f 1353 4178 4177
f 1353 4177 1356
f 1356 4177 4180
f 1356 4180 1355
f 1355 4180 4179
f 1355 4179 1358
f 1358 4179 4182
f 1358 4182 1357
f 1357 4182 4181
f 1357 4181 1879
f 1879 4181 4703
f 1879 4703 1743
f 1743 4703 4567
f 1743 4567 1360
f 1360 4567 4183
f 1360 4183 1361
f 1361 4183 4185
f 1361 4185 1359
f 1359 4185 4184
f 1359 4184 1363
f 1363 4184 4187
f 1363 4187 1362
f 1362 4187 4186
f 1362 4186 1365
f 1365 4186 4189
f 1365 4189 1364
f 1364 4189 4188
f 1364 4188 1880
f 1880 4188 4704
f 1880 4704 1969
f 1969 4704 4793
f 1969 4793 2053
f 2053 4793 4877
f 2053 4877 2553
f 2553 4877 5377
f 2553 5377 2527
f 2527 5377 5351
f 2527 5351 2498
f 2498 5351 5322
f 2498 5322 2456
f 2456 5322 5280
f 2456 5280 2412
f 2412 5280 5236
f 2412 5236 2366
f 2366 5236 5190
f 2366 5190 2263
f 2263 5190 5087
f 2263 5087 2200
f 2200 5087 5024
f 2200 5024 1367
f 1367 5024 4190
f 1367 4190 1368
f 1368 4190 4192
f 1368 4192 1366
f 1366 4192 4191
f 1366 4191 1970
f 1970 4191 4794
f 1970 4794 1881
f 1881 4794 4705
f 1881 4705 1809
f 1809 4705 4633
f 1809 4633 1744
f 1744 4633 4568
f 1744 4568 1370
f 1370 4568 4193
f 1370 4193 1371
f 1371 4193 4195
f 1371 4195 1369
f 1369 4195 4194
f 1369 4194 1373
f 1373 4194 4197
f 1373 4197 1372
f 1372 4197 4196
f 1372 4196 1375
f 1375 4196 4199
f 1375 4199 1374
f 1374 4199 4198
f 1374 4198 1377
f 1377 4198 4201
f 1377 4201 1376
f 1376 4201 4200
f 1376 4200 1379
f 1379 4200 4203
f 1379 4203 1378
f 1378 4203 4202
f 1378 4202 1381
f 1381 4202 4205
f 1381 4205 1380
f 1380 4205 4204
f 1380 4204 1383
f 1383 4204 4207
f 1383 4207 1382
f 1382 4207 4206
f 1382 4206 1385
f 1385 4206 4209
f 1385 4209 1384
f 1384 4209 4208
f 1384 4208 1387
f 1387 4208 4211
f 1387 4211 1386
f 1386 4211 4210
f 1386 4210 1389
f 1389 4210 4213
f 1389 4213 1388
f 1388 4213 4212
f 1388 4212 1745
f 1745 4212 4569
f 1745 4569 2054
f 2054 4569 4878
f 2054 4878 1971
f 1971 4878 4795
f 1971 4795 1810
f 1810 4795 4634
f 1810 4634 1391
f 1391 4634 4214
f 1391 4214 1392
f 1392 4214 4216
f 1392 4216 1390
f 1390 4216 4215
f 1390 4215 1394
f 1394 4215 4218
f 1394 4218 1393
f 1393 4218 4217
f 1393 4217 1396
f 1396 4217 4220
f 1396 4220 1395
f 1395 4220 4219
f 1395 4219 1398
f 1398 4219 4222
f 1398 4222 1397
f 1397 4222 4221
f 1397 4221 1811
f 1811 4221 4635
f 1811 4635 2055
f 2055 4635 4879
f 2055 4879 2135
f 2135 4879 4959
f 2135 4959 2264
f 2264 4959 5088
f 2264 5088 2576
f 2576 5088 5400
f 2576 5400 2554
f 2554 5400 5378
f 2554 5378 2201
f 2201 5378 5025
f 2201 5025 2056
f 2056 5025 4880
f 2056 4880 1972
f 1972 4880 4796
f 1972 4796 1812
f 1812 4796 4636
f 1812 4636 1400
f 1400 4636 4223
f 1400 4223 1401
f 1401 4223 4225
f 1401 4225 1399
f 1399 4225 4224
f 1399 4224 1403
f 1403 4224 4227
f 1403 4227 1402
f 1402 4227 4226
f 1402 4226 1405
f 1405 4226 4229
f 1405 4229 1404
f 1404 4229 4228
f 1404 4228 1407
f 1407 4228 4231
f 1407 4231 1406
f 1406 4231 4230
f 1406 4230 1409
f 1409 4230 4233
f 1409 4233 1408
f 1408 4233 4232
f 1408 4232 1411
f 1411 4232 4235
f 1411 4235 1410
f 1410 4235 4234
f 1410 4234 2136
f 2136 4234 4960
f 2136 4960 2265
f 2265 4960 5089
f 2265 5089 2320
f 2320 5089 5144
f 2320 5144 2367
f 2367 5144 5191
f 2367 5191 2413
f 2413 5191 5237
f 2413 5237 2457
f 2457 5237 5281
f 2457 5281 2499
f 2499 5281 5323
f 2499 5323 2458
f 2458 5323 5282
f 2458 5282 2414
f 2414 5282 5238
f 2414 5238 2368
f 2368 5238 5192
f 2368 5192 2321
f 2321 5192 5145
f 2321 5145 2266
f 2266 5145 5090
f 2266 5090 2202
f 2202 5090 5026
f 2202 5026 2057
f 2057 5026 4881
f 2057 4881 1973
f 1973 4881 4797
f 1973 4797 1882
f 1882 4797 4706
f 1882 4706 1413
f 1413 4706 4236
f 1413 4236 1414
f 1414 4236 4238
f 1414 4238 1412
f 1412 4238 4237
f 1412 4237 1416
f 1416 4237 4240
f 1416 4240 1415
f 1415 4240 4239
f 1415 4239 1418
f 1418 4239 4242
f 1418 4242 1417
f 1417 4242 4241
f 1417 4241 1420
f 1420 4241 4244
f 1420 4244 1419
f 1419 4244 4243
f 1419 4243 1422
f 1422 4243 4246
f 1422 4246 1421
f 1421 4246 4245
f 1421 4245 1424
f 1424 4245 4248
f 1424 4248 1423
f 1423 4248 4247
f 1423 4247 1426
f 1426 4247 4250
f 1426 4250 1425
f 1425 4250 4249
f 1425 4249 1428
f 1428 4249 4252
f 1428 4252 1427
f 1427 4252 4251
f 1427 4251 1430
f 1430 4251 4254
f 1430 4254 1429
f 1429 4254 4253
f 1429 4253 1432
f 1432 4253 4256
f 1432 4256 1431
f 1431 4256 4255
f 1431 4255 1813
f 1813 4255 4637
f 1813 4637 1974
f 1974 4637 4798
f 1974 4798 2058
f 2058 4798 4882
f 2058 4882 2577
f 2577 4882 5401
f 2577 5401 2528
f 2528 5401 5352
f 2528 5352 2500
f 2500 5352 5324
f 2500 5324 2459
f 2459 5324 5283
f 2459 5283 2415
f 2415 5283 5239
f 2415 5239 2322
f 2322 5239 5146
f 2322 5146 2267
f 2267 5146 5091
f 2267 5091 2203
f 2203 5091 5027
f 2203 5027 2137
f 2137 5027 4961
f 2137 4961 2059
f 2059 4961 4883
f 2059 4883 1975
f 1975 4883 4799
f 1975 4799 1814
f 1814 4799 4638
f 1814 4638 1434
f 1434 4638 4257
f 1434 4257 1435
f 1435 4257 4259
f 1435 4259 1433
f 1433 4259 4258
f 1433 4258 1437
f 1437 4258 4261
f 1437 4261 1436
f 1436 4261 4260
f 1436 4260 1439
f 1439 4260 4263
f 1439 4263 1438
f 1438 4263 4262
f 1438 4262 1441
f 1441 4262 4265
f 1441 4265 1440
f 1440 4265 4264
f 1440 4264 1443
f 1443 4264 4267
f 1443 4267 1442
f 1442 4267 4266
f 1442 4266 1445
f 1445 4266 4269
f 1445 4269 1444
f 1444 4269 4268
f 1444 4268 1447
f 1447 4268 4271
f 1447 4271 1446
f 1446 4271 4270
f 1446 4270 1746
f 1746 4270 4570
f 1746 4570 1815
f 1815 4570 4639
f 1815 4639 1883
f 1883 4639 4707
f 1883 4707 1976
f 1976 4707 4800
f 1976 4800 2555
f 2555 4800 5379
f 2555 5379 2578
f 2578 5379 5402
f 2578 5402 2556
f 2556 5402 5380
f 2556 5380 2529
f 2529 5380 5353
f 2529 5353 2460
f 2460 5353 5284
f 2460 5284 2416
f 2416 5284 5240
f 2416 5240 2369
f 2369 5240 5193
f 2369 5193 2323
f 2323 5193 5147
f 2323 5147 2268
f 2268 5147 5092
f 2268 5092 2204
f 2204 5092 5028
f 2204 5028 2138
f 2138 5028 4962
f 2138 4962 2060
f 2060 4962 4884
f 2060 4884 1884
f 1884 4884 4708
f 1884 4708 1747
f 1747 4708 4571
f 1747 4571 1449
f 1449 4571 4272
f 1449 4272 1450
f 1450 4272 4274
f 1450 4274 1448
f 1448 4274 4273
f 1448 4273 1452
f 1452 4273 4276
f 1452 4276 1451
f 1451 4276 4275
f 1451 4275 1454
f 1454 4275 4278
f 1454 4278 1453
f 1453 4278 4277
f 1453 4277 1456
f 1456 4277 4280
f 1456 4280 1455
f 1455 4280 4279
f 1455 4279 1458
f 1458 4279 4282
f 1458 4282 1457
f 1457 4282 4281
f 1457 4281 1460
f 1460 4281 4284
f 1460 4284 1459
f 1459 4284 4283
f 1459 4283 1462
f 1462 4283 4286
f 1462 4286 1461
f 1461 4286 4285
f 1461 4285 1464
f 1464 4285 4288
f 1464 4288 1463
f 1463 4288 4287
f 1463 4287 1466
f 1466 4287 4290
f 1466 4290 1465
f 1465 4290 4289
f 1465 4289 1468
f 1468 4289 4292
f 1468 4292 1467
f 1467 4292 4291
f 1467 4291 1470
f 1470 4291 4294
f 1470 4294 1469
f 1469 4294 4293
f 1469 4293 1472
f 1472 4293 4296
f 1472 4296 1471
f 1471 4296 4295
f 1471 4295 1474
f 1474 4295 4298
f 1474 4298 1473
f 1473 4298 4297
f 1473 4297 1476
f 1476 4297 4300
f 1476 4300 1475
f 1475 4300 4299
f 1475 4299 1478
f 1478 4299 4302
f 1478 4302 1477
f 1477 4302 4301
f 1477 4301 1885
f 1885 4301 4709
f 1885 4709 1977
f 1977 4709 4801
f 1977 4801 2061
f 2061 4801 4885
f 2061 4885 2139
f 2139 4885 4963
f 2139 4963 2602
f 2602 4963 5426
f 2602 5426 2650
f 2650 5426 5474
f 2650 5474 2663
f 2663 5474 5487
f 2663 5487 2678
f 2678 5487 5502
f 2678 5502 2324
f 2324 5502 5148
f 2324 5148 2062
f 2062 5148 4886
f 2062 4886 1886
f 1886 4886 4710
f 1886 4710 1480
f 1480 4710 4303
f 1480 4303 1481
f 1481 4303 4305
f 1481 4305 1479
f 1479 4305 4304
f 1479 4304 1483
f 1483 4304 4307
f 1483 4307 1482
f 1482 4307 4306
f 1482 4306 1485
f 1485 4306 4309
f 1485 4309 1484
f 1484 4309 4308
f 1484 4308 1487
f 1487 4308 4311
f 1487 4311 1486
f 1486 4311 4310
f 1486 4310 1489
f 1489 4310 4313
f 1489 4313 1488
f 1488 4313 4312
f 1488 4312 1491
f 1491 4312 4315
f 1491 4315 1490
f 1490 4315 4314
f 1490 4314 1493
f 1493 4314 4317
f 1493 4317 1492
f 1492 4317 4316
f 1492 4316 1495
f 1495 4316 4319
f 1495 4319 1494
f 1494 4319 4318
f 1494 4318 1497
f 1497 4318 4321
f 1497 4321 1496
f 1496 4321 4320
f 1496 4320 1499
f 1499 4320 4322
f 1499 4322 1500
f 1500 4322 4324
f 1500 4324 1498
f 1498 4324 4323
f 1498 4323 1502
f 1502 4323 4326
f 1502 4326 1501
f 1501 4326 4325
f 1501 4325 1504
f 1504 4325 4328
f 1504 4328 1503
f 1503 4328 4327
f 1503 4327 1887
f 1887 4327 4711
f 1887 4711 2205
f 2205 4711 5029
f 2205 5029 2269
f 2269 5029 5093
f 2269 5093 2603
f 2603 5093 5427
f 2603 5427 2579
f 2579 5427 5403
f 2579 5403 2557
f 2557 5403 5381
f 2557 5381 2530
f 2530 5381 5354
f 2530 5354 2461
f 2461 5354 5285
f 2461 5285 2270
f 2270 5285 5094
f 2270 5094 1978
f 1978 5094 4802
f 1978 4802 1888
f 1888 4802 4712
f 1888 4712 1748
f 1748 4712 4572
f 1748 4572 1506
f 1506 4572 4329
f 1506 4329 1507
f 1507 4329 4331
f 1507 4331 1505
f 1505 4331 4330
f 1505 4330 1509
f 1509 4330 4333
f 1509 4333 1508
f 1508 4333 4332
f 1508 4332 1511
f 1511 4332 4335
f 1511 4335 1510
f 1510 4335 4334
f 1510 4334 2063
f 2063 4334 4887
f 2063 4887 2140
f 2140 4887 4964
f 2140 4964 2206
f 2206 4964 5030
f 2206 5030 2325
f 2325 5030 5149
f 2325 5149 2271
f 2271 5149 5095
f 2271 5095 2141
f 2141 5095 4965
f 2141 4965 2064
f 2064 4965 4888
f 2064 4888 1979
f 1979 4888 4803
f 1979 4803 1889
f 1889 4803 4713
f 1889 4713 1749
f 1749 4713 4573
f 1749 4573 1513
f 1513 4573 4336
f 1513 4336 1514
f 1514 4336 4338
f 1514 4338 1512
f 1512 4338 4337
f 1512 4337 1516
f 1516 4337 4340
f 1516 4340 1515
f 1515 4340 4339
f 1515 4339 1518
f 1518 4339 4342
f 1518 4342 1517
f 1517 4342 4341
f 1517 4341 1520
f 1520 4341 4344
f 1520 4344 1519
f 1519 4344 4343
f 1519 4343 1522
f 1522 4343 4346
f 1522 4346 1521
f 1521 4346 4345
f 1521 4345 1524
f 1524 4345 4348
f 1524 4348 1523
f 1523 4348 4347
f 1523 4347 1526
f 1526 4347 4350
f 1526 4350 1525
f 1525 4350 4349
f 1525 4349 1528
f 1528 4349 4352
f 1528 4352 1527
f 1527 4352 4351
f 1527 4351 1530
f 1530 4351 4354
f 1530 4354 1529
f 1529 4354 4353
f 1529 4353 1816
f 1816 4353 4640
f 1816 4640 1980
f 1980 4640 4804
f 1980 4804 2065
f 2065 4804 4889
f 2065 4889 2066
f 2066 4889 4890
f 2066 4890 1890
f 1890 4890 4714
f 1890 4714 1532
f 1532 4714 4355
f 1532 4355 1533
f 1533 4355 4357
f 1533 4357 1531
f 1531 4357 4356
f 1531 4356 1535
f 1535 4356 4359
f 1535 4359 1534
f 1534 4359 4358
f 1534 4358 1537
f 1537 4358 4361
f 1537 4361 1536
f 1536 4361 4360
f 1536 4360 1539
f 1539 4360 4363
f 1539 4363 1538
f 1538 4363 4362
f 1538 4362 1541
f 1541 4362 4365
f 1541 4365 1540
f 1540 4365 4364
f 1540 4364 1543
f 1543 4364 4367
f 1543 4367 1542
f 1542 4367 4366
f 1542 4366 1545
f 1545 4366 4369
f 1545 4369 1544
f 1544 4369 4368
f 1544 4368 1547
f 1547 4368 4371
f 1547 4371 1546
f 1546 4371 4370
f 1546 4370 1549
f 1549 4370 4373
f 1549 4373 1548
f 1548 4373 4372
f 1548 4372 1750
f 1750 4372 4574
f 1750 4574 2142
f 2142 4574 4966
f 2142 4966 2207
f 2207 4966 5031
f 2207 5031 2272
f 2272 5031 5096
f 2272 5096 2326
f 2326 5096 5150
f 2326 5150 2370
f 2370 5150 5194
f 2370 5194 2417
f 2417 5194 5241
f 2417 5241 2462
f 2462 5241 5286
f 2462 5286 2651
f 2651 5286 5475
f 2651 5475 2664
f 2664 5475 5488
f 2664 5488 2679
f 2679 5488 5503
f 2679 5503 2693
f 2693 5503 5517
f 2693 5517 2810
f 2810 5517 5634
f 2810 5634 2805
f 2805 5634 5629
f 2805 5629 2790
f 2790 5629 5614
f 2790 5614 2759
f 2759 5614 5583
f 2759 5583 2501
f 2501 5583 5325
f 2501 5325 2418
f 2418 5325 5242
f 2418 5242 1551
f 1551 5242 4374
f 1551 4374 1552
f 1552 4374 4376
f 1552 4376 1550
f 1550 4376 4375
f 1550 4375 2208
f 2208 4375 5032
f 2208 5032 2143
f 2143 5032 4967
f 2143 4967 2067
f 2067 4967 4891
f 2067 4891 1981
f 1981 4891 4805
f 1981 4805 1554
f 1554 4805 4377
f 1554 4377 1555
f 1555 4377 4379
f 1555 4379 1553
f 1553 4379 4378
f 1553 4378 1557
f 1557 4378 4381
f 1557 4381 1556
f 1556 4381 4380
f 1556 4380 1559
f 1559 4380 4382
f 1559 4382 1560
f 1560 4382 4384
f 1560 4384 1558
f 1558 4384 4383
f 1558 4383 1562
f 1562 4383 4386
f 1562 4386 1561
f 1561 4386 4385
f 1561 4385 1564
f 1564 4385 4388
f 1564 4388 1563
f 1563 4388 4387
f 1563 4387 1566
f 1566 4387 4390
f 1566 4390 1565
f 1565 4390 4389
f 1565 4389 1568
f 1568 4389 4392
f 1568 4392 1567
f 1567 4392 4391
f 1567 4391 1570
f 1570 4391 4394
f 1570 4394 1569
f 1569 4394 4393
f 1569 4393 1572
f 1572 4393 4396
f 1572 4396 1571
f 1571 4396 4395
f 1571 4395 1751
f 1751 4395 4575
f 1751 4575 1891
f 1891 4575 4715
f 1891 4715 1982
f 1982 4715 4806
f 1982 4806 1983
f 1983 4806 4807
f 1983 4807 1817
f 1817 4807 4641
f 1817 4641 1574
f 1574 4641 4397
f 1574 4397 1575
f 1575 4397 4399
f 1575 4399 1573
f 1573 4399 4398
f 1573 4398 1577
f 1577 4398 4401
f 1577 4401 1576
f 1576 4401 4400
f 1576 4400 1579
f 1579 4400 4403
f 1579 4403 1578
f 1578 4403 4402
f 1578 4402 1752
f 1752 4402 4576
f 1752 4576 2209
f 2209 4576 5033
f 2209 5033 2273
f 2273 5033 5097
f 2273 5097 1892
f 1892 5097 4716
f 1892 4716 1581
f 1581 4716 4404
f 1581 4404 1582
f 1582 4404 4406
f 1582 4406 1580
f 1580 4406 4405
f 1580 4405 1584
f 1584 4405 4408
f 1584 4408 1583
f 1583 4408 4407
f 1583 4407 1586
f 1586 4407 4410
f 1586 4410 1585
f 1585 4410 4409
f 1585 4409 1753
f 1753 4409 4577
f 1753 4577 2531
f 2531 4577 5355
f 2531 5355 2210
f 2210 5355 5034
f 2210 5034 2068
f 2068 5034 4892
f 2068 4892 1893
f 1893 4892 4717
f 1893 4717 1588
f 1588 4717 4411
f 1588 4411 1589
f 1589 4411 4413
f 1589 4413 1587
f 1587 4413 4412
f 1587 4412 1591
f 1591 4412 4415
f 1591 4415 1590
f 1590 4415 4414
f 1590 4414 1593
f 1593 4414 4417
f 1593 4417 1592
f 1592 4417 4416
f 1592 4416 1595
f 1595 4416 4419
f 1595 4419 1594
f 1594 4419 4418
f 1594 4418 1597
f 1597 4418 4421
f 1597 4421 1596
f 1596 4421 4420
f 1596 4420 1599
f 1599 4420 4423
f 1599 4423 1598
f 1598 4423 4422
f 1598 4422 1818
f 1818 4422 4642
f 1818 4642 1894
f 1894 4642 4718
f 1894 4718 2144
f 2144 4718 4968
f 2144 4968 2274
f 2274 4968 5098
f 2274 5098 2327
f 2327 5098 5151
f 2327 5151 2371
f 2371 5151 5195
f 2371 5195 2419
f 2419 5195 5243
f 2419 5243 2372
f 2372 5243 5196
f 2372 5196 2145
f 2145 5196 4969
f 2145 4969 2069
f 2069 4969 4893
f 2069 4893 1895
f 1895 4893 4719
f 1895 4719 1819
f 1819 4719 4643
f 1819 4643 1601
f 1601 4643 4424
f 1601 4424 1602
f 1602 4424 4426
f 1602 4426 1600
f 1600 4426 4425
f 1600 4425 1604
f 1604 4425 4428
f 1604 4428 1603
f 1603 4428 4427
f 1603 4427 1606
f 1606 4427 4430
f 1606 4430 1605
f 1605 4430 4429
f 1605 4429 1754
f 1754 4429 4578
f 1754 4578 2211
f 2211 4578 5035
f 2211 5035 2275
f 2275 5035 5099
f 2275 5099 2328
f 2328 5099 5152
f 2328 5152 2420
f 2420 5152 5244
f 2420 5244 2463
f 2463 5244 5287
f 2463 5287 2532
f 2532 5287 5356
f 2532 5356 2558
f 2558 5356 5382
f 2558 5382 2739
f 2739 5382 5563
f 2739 5563 2732
f 2732 5563 5556
f 2732 5556 2724
f 2724 5556 5548
f 2724 5548 2717
f 2717 5548 5541
f 2717 5541 2712
f 2712 5541 5536
f 2712 5536 2706
f 2706 5536 5530
f 2706 5530 2694
f 2694 5530 5518
f 2694 5518 2680
f 2680 5518 5504
f 2680 5504 2665
f 2665 5504 5489
f 2665 5489 2580
f 2580 5489 5404
f 2580 5404 2559
f 2559 5404 5383
f 2559 5383 2533
f 2533 5383 5357
f 2533 5357 2276
f 2276 5357 5100
f 2276 5100 2212
f 2212 5100 5036
f 2212 5036 1608
f 1608 5036 4431
f 1608 4431 1609
f 1609 4431 4433
f 1609 4433 1607
f 1607 4433 4432
f 1607 4432 1984
f 1984 4432 4808
f 1984 4808 1896
f 1896 4808 4720
f 1896 4720 1755
f 1755 4720 4579
f 1755 4579 1611
f 1611 4579 4434
f 1611 4434 1612
f 1612 4434 4436
f 1612 4436 1610
f 1610 4436 4435
f 1610 4435 1614
f 1614 4435 4438
f 1614 4438 1613
f 1613 4438 4437
f 1613 4437 1616
f 1616 4437 4440
f 1616 4440 1615
f 1615 4440 4439
f 1615 4439 1618
f 1618 4439 4442
f 1618 4442 1617
f 1617 4442 4441
f 1617 4441 1620
f 1620 4441 4444
f 1620 4444 1619
f 1619 4444 4443
f 1619 4443 1622
f 1622 4443 4446
f 1622 4446 1621
f 1621 4446 4445
f 1621 4445 1624
f 1624 4445 4448
f 1624 4448 1623
f 1623 4448 4447
f 1623 4447 1626
f 1626 4447 4450
f 1626 4450 1625
f 1625 4450 4449
f 1625 4449 1628
f 1628 4449 4452
f 1628 4452 1627
f 1627 4452 4451
f 1627 4451 1630
f 1630 4451 4454
f 1630 4454 1629
f 1629 4454 4453
f 1629 4453 1632
f 1632 4453 4456
f 1632 4456 1631
f 1631 4456 4455
f 1631 4455 1634
f 1634 4455 4458
f 1634 4458 1633
f 1633 4458 4457
f 1633 4457 1636
f 1636 4457 4460
f 1636 4460 1635
f 1635 4460 4459
f 1635 4459 1638
f 1638 4459 4462
f 1638 4462 1637
f 1637 4462 4461
f 1637 4461 1640
f 1640 4461 4464
f 1640 4464 1639
f 1639 4464 4463
f 1639 4463 1897
f 1897 4463 4721
f 1897 4721 2070
f 2070 4721 4894
f 2070 4894 2146
f 2146 4894 4970
f 2146 4970 2213
f 2213 4970 5037
f 2213 5037 2277
f 2277 5037 5101
f 2277 5101 2329
f 2329 5101 5153
f 2329 5153 2373
f 2373 5153 5197
f 2373 5197 2421
f 2421 5197 5245
f 2421 5245 2464
f 2464 5245 5288
f 2464 5288 2604
f 2604 5288 5428
f 2604 5428 2623
f 2623 5428 5447
f 2623 5447 1642
f 1642 5447 4465
f 1642 4465 1643
f 1643 4465 4467
f 1643 4467 1641
f 1641 4467 4466
f 1641 4466 1645
f 1645 4466 4469
f 1645 4469 1644
f 1644 4469 4468
f 1644 4468 1647
f 1647 4468 4471
f 1647 4471 1646
f 1646 4471 4470
f 1646 4470 1649
f 1649 4470 4473
f 1649 4473 1648
f 1648 4473 4472
f 1648 4472 1898
f 1898 4472 4722
f 1898 4722 2605
f 2605 4722 5429
f 2605 5429 2581
f 2581 5429 5405
f 2581 5405 2560
f 2560 5405 5384
f 2560 5384 2422
f 2422 5384 5246
f 2422 5246 2278
f 2278 5246 5102
f 2278 5102 2147
f 2147 5102 4971
f 2147 4971 2071
f 2071 4971 4895
f 2071 4895 1985
f 1985 4895 4809
f 1985 4809 1756
f 1756 4809 4580
f 1756 4580 1651
f 1651 4580 4474
f 1651 4474 1652
f 1652 4474 4476
f 1652 4476 1650
f 1650 4476 4475
f 1650 4475 1654
f 1654 4475 4478
f 1654 4478 1653
f 1653 4478 4477
f 1653 4477 1656
f 1656 4477 4480
f 1656 4480 1655
f 1655 4480 4479
f 1655 4479 1658
f 1658 4479 4482
f 1658 4482 1657
f 1657 4482 4481
f 1657 4481 1660
f 1660 4481 4484
f 1660 4484 1659
f 1659 4484 4483
f 1659 4483 1662
f 1662 4483 4486
f 1662 4486 1661
f 1661 4486 4485
f 1661 4485 2214
f 2214 4485 5038
f 2214 5038 2279
f 2279 5038 5103
f 2279 5103 1986
f 1986 5103 4810
f 1986 4810 1820
f 1820 4810 4644
f 1820 4644 1664
f 1664 4644 4487
f 1664 4487 1665
f 1665 4487 4489
f 1665 4489 1663
f 1663 4489 4488
f 1663 4488 1667
f 1667 4488 4491
f 1667 4491 1666
f 1666 4491 4490
f 1666 4490 1669
f 1669 4490 4493
f 1669 4493 1668
f 1668 4493 4492
f 1668 4492 1671
f 1671 4492 4495
f 1671 4495 1670
f 1670 4495 4494
f 1670 4494 2072
f 2072 4494 4896
f 2072 4896 2073
f 2073 4896 4897
f 2073 4897 1899
f 1899 4897 4723
f 1899 4723 1673
f 1673 4723 4496
f 1673 4496 1674
f 1674 4496 4498
f 1674 4498 1672
f 1672 4498 4497
f 1672 4497 1676
f 1676 4497 4500
f 1676 4500 1675
f 1675 4500 4499
f 1675 4499 1678
f 1678 4499 4502
f 1678 4502 1677
f 1677 4502 4501
f 1677 4501 1680
f 1680 4501 4504
f 1680 4504 1679
f 1679 4504 4503
f 1679 4503 1682
f 1682 4503 4506
f 1682 4506 1681
f 1681 4506 4505
f 1681 4505 1684
f 1684 4505 4508
f 1684 4508 1683
f 1683 4508 4507
f 1683 4507 1686
f 1686 4507 4510
f 1686 4510 1685
f 1685 4510 4509
f 1685 4509 1688
f 1688 4509 4512
f 1688 4512 1687
f 1687 4512 4511
f 1687 4511 1690
f 1690 4511 4514
f 1690 4514 1689
f 1689 4514 4513
f 1689 4513 1692
f 1692 4513 4516
f 1692 4516 1691
f 1691 4516 4515
f 1691 4515 1694
f 1694 4515 4518
f 1694 4518 1693
f 1693 4518 4517
f 1693 4517 1696
f 1696 4517 4520
f 1696 4520 1695
f 1695 4520 4519
f 1695 4519 1698
f 1698 4519 4522
f 1698 4522 1697
f 1697 4522 4521
f 1697 4521 2330
f 2330 4521 5154
f 2330 5154 2465
f 2465 5154 5289
f 2465 5289 2331
f 2331 5289 5155
f 2331 5155 1987
f 1987 5155 4811
f 1987 4811 1900
f 1900 4811 4724
f 1900 4724 1821
f 1821 4724 4645
f 1821 4645 1757
f 1757 4645 4581
f 1757 4581 1699
f 1699 4581 4523
f 1699 4523 2
f 2 4523 2825
f 2 2825 1758
f 1758 2825 4582
f 1758 4582 1822
f 1822 4582 4646
f 1822 4646 1901
f 1901 4646 4725
f 1901 4725 1988
f 1988 4725 4812
f 1988 4812 1989
f 1989 4812 4813
f 1989 4813 1902
f 1902 4813 4726
f 1902 4726 1759
f 1759 4726 4583
f 1759 4583 6
f 6 4583 2829
f 6 2829 7
f 7 2829 2831
f 7 2831 5
f 5 2831 2830
f 5 2830 9
f 9 2830 2833
f 9 2833 8
f 8 2833 2832
f 8 2832 11
f 11 2832 2835
f 11 2835 10
f 10 2835 2834
f 10 2834 13
f 13 2834 2837
f 13 2837 12
f 12 2837 2836
f 12 2836 15
f 15 2836 2839
f 15 2839 14
f 14 2839 2838
f 14 2838 17
f 17 2838 2841
f 17 2841 16
f 16 2841 2840
f 16 2840 19
f 19 2840 2843
f 19 2843 18
f 18 2843 2842
f 18 2842 21
f 21 2842 2845
f 21 2845 20
f 20 2845 2844
f 20 2844 23
f 23 2844 2847
f 23 2847 22
f 22 2847 2846
f 22 2846 25
f 25 2846 2849
f 25 2849 24
f 24 2849 2848
f 24 2848 27
f 27 2848 2851
f 27 2851 26
f 26 2851 2850
f 26 2850 29
f 29 2850 2853
f 29 2853 28
f 28 2853 2852
f 28 2852 1760
f 1760 2852 4584
f 1760 4584 1903
f 1903 4584 4727
f 1903 4727 1990
f 1990 4727 4814
f 1990 4814 2375
f 2375 4814 5199
f 2375 5199 2424
f 2424 5199 5248
f 2424 5248 2466
f 2466 5248 5290
f 2466 5290 2534
f 2534 5290 5358
f 2534 5358 2503
f 2503 5358 5327
f 2503 5327 2467
f 2467 5327 5291
f 2467 5291 2425
f 2425 5291 5249
f 2425 5249 2376
f 2376 5249 5200
f 2376 5200 2333
f 2333 5200 5157
f 2333 5157 2282
f 2282 5157 5106
f 2282 5106 2217
f 2217 5106 5041
f 2217 5041 2075
f 2075 5041 4899
f 2075 4899 1991
f 1991 4899 4815
f 1991 4815 1904
f 1904 4815 4728
f 1904 4728 1761
f 1761 4728 4585
f 1761 4585 31
f 31 4585 2854
f 31 2854 32
f 32 2854 2856
f 32 2856 30
f 30 2856 2855
f 30 2855 34
f 34 2855 2858
f 34 2858 33
f 33 2858 2857
f 33 2857 36
f 36 2857 2860
f 36 2860 35
f 35 2860 2859
f 35 2859 38
f 38 2859 2862
f 38 2862 37
f 37 2862 2861
f 37 2861 40
f 40 2861 2864
f 40 2864 39
f 39 2864 2863
f 39 2863 42
f 42 2863 2866
f 42 2866 41
f 41 2866 2865
f 41 2865 44
f 44 2865 2868
f 44 2868 43
f 43 2868 2867
f 43 2867 46
f 46 2867 2870
f 46 2870 45
f 45 2870 2869
f 45 2869 48
f 48 2869 2872
f 48 2872 47
f 47 2872 2871
f 47 2871 50
f 50 2871 2874
f 50 2874 49
f 49 2874 2873
f 49 2873 52
f 52 2873 2876
f 52 2876 51
f 51 2876 2875
f 51 2875 54
f 54 2875 2878
f 54 2878 53
f 53 2878 2877
f 53 2877 56
f 56 2877 2880
f 56 2880 55
f 55 2880 2879
f 55 2879 58
f 58 2879 2882
f 58 2882 57
f 57 2882 2881
f 57 2881 60
f 60 2881 2884
f 60 2884 59
f 59 2884 2883
f 59 2883 1701
f 1701 2883 4525
f 1701 4525 1762
f 1762 4525 4586
f 1762 4586 1992
f 1992 4586 4816
f 1992 4816 2076
f 2076 4816 4900
f 2076 4900 2725
f 2725 4900 5549
f 2725 5549 2733
f 2733 5549 5557
f 2733 5557 2763
f 2763 5557 5587
f 2763 5587 2767
f 2767 5587 5591
f 2767 5591 2773
f 2773 5591 5597
f 2773 5597 2777
f 2777 5597 5601
f 2777 5601 1905
f 1905 5601 4729
f 1905 4729 62
f 62 4729 2885
f 62 2885 63
f 63 2885 2887
f 63 2887 61
f 61 2887 2886
f 61 2886 65
f 65 2886 2889
f 65 2889 64
f 64 2889 2888
f 64 2888 67
f 67 2888 2891
f 67 2891 66
f 66 2891 2890
f 66 2890 1823
f 1823 2890 4647
f 1823 4647 2795
f 2795 4647 5619
f 2795 5619 2426
f 2426 5619 5250
f 2426 5250 1824
f 1824 5250 4648
f 1824 4648 69
f 69 4648 2892
f 69 2892 70
f 70 2892 2894
f 70 2894 68
f 68 2894 2893
f 68 2893 72
f 72 2893 2896
f 72 2896 71
f 71 2896 2895
f 71 2895 74
f 74 2895 2898
f 74 2898 73
f 73 2898 2897
f 73 2897 1702
f 1702 2897 4526
f 1702 4526 1906
f 1906 4526 4730
f 1906 4730 1993
f 1993 4730 4817
f 1993 4817 2077
f 2077 4817 4901
f 2077 4901 2149
f 2149 4901 4973
f 2149 4973 2218
f 2218 4973 5042
f 2218 5042 2150
f 2150 5042 4974
f 2150 4974 1994
f 1994 4974 4818
f 1994 4818 1907
f 1907 4818 4731
f 1907 4731 1825
f 1825 4731 4649
f 1825 4649 1763
f 1763 4649 4587
f 1763 4587 1703
f 1703 4587 4527
f 1703 4527 76
f 76 4527 2899
f 76 2899 77
f 77 2899 2901
f 77 2901 75
f 75 2901 2900
f 75 2900 2078
f 2078 2900 4902
f 2078 4902 2219
f 2219 4902 5043
f 2219 5043 2377
f 2377 5043 5201
f 2377 5201 2468
f 2468 5201 5292
f 2468 5292 2504
f 2504 5292 5328
f 2504 5328 2535
f 2535 5328 5359
f 2535 5359 2561
f 2561 5359 5385
f 2561 5385 2799
f 2799 5385 5623
f 2799 5623 2796
f 2796 5623 5620
f 2796 5620 2791
f 2791 5620 5615
f 2791 5615 2785
f 2785 5615 5609
f 2785 5609 79
f 79 5609 2902
f 79 2902 80
f 80 2902 2904
f 80 2904 78
f 78 2904 2903
f 78 2903 82
f 82 2903 2906
f 82 2906 81
f 81 2906 2905
f 81 2905 84
f 84 2905 2908
f 84 2908 83
f 83 2908 2907
f 83 2907 1704
f 1704 2907 4528
f 1704 4528 1826
f 1826 4528 4650
f 1826 4650 2768
f 2768 4650 5592
f 2768 5592 2764
f 2764 5592 5588
f 2764 5588 2754
f 2754 5588 5578
f 2754 5578 2740
f 2740 5578 5564
f 2740 5564 2726
f 2726 5564 5550
f 2726 5550 2653
f 2653 5550 5477
f 2653 5477 2562
f 2562 5477 5386
f 2562 5386 2427
f 2427 5386 5251
f 2427 5251 2283
f 2283 5251 5107
f 2283 5107 2220
f 2220 5107 5044
f 2220 5044 2151
f 2151 5044 4975
f 2151 4975 2079
f 2079 4975 4903
f 2079 4903 1995
f 1995 4903 4819
f 1995 4819 1827
f 1827 4819 4651
f 1827 4651 1764
f 1764 4651 4588
f 1764 4588 86
f 86 4588 2909
f 86 2909 87
f 87 2909 2911
f 87 2911 85
f 85 2911 2910
f 85 2910 89
f 89 2910 2913
f 89 2913 88
f 88 2913 2912
f 88 2912 91
f 91 2912 2915
f 91 2915 90
f 90 2915 2914
f 90 2914 93
f 93 2914 2917
f 93 2917 92
f 92 2917 2916
f 92 2916 95
f 95 2916 2919
f 95 2919 94
f 94 2919 2918
f 94 2918 97
f 97 2918 2921
f 97 2921 96
f 96 2921 2920
f 96 2920 1828
f 1828 2920 4652
f 1828 4652 2334
f 2334 4652 5158
f 2334 5158 2378
f 2378 5158 5202
f 2378 5202 2469
f 2469 5202 5293
f 2469 5293 2505
f 2505 5293 5329
f 2505 5329 2536
f 2536 5329 5360
f 2536 5360 2583
f 2583 5360 5407
f 2583 5407 2607
f 2607 5407 5431
f 2607 5431 1996
f 1996 5431 4820
f 1996 4820 1908
f 1908 4820 4732
f 1908 4732 1765
f 1765 4732 4589
f 1765 4589 99
f 99 4589 2922
f 99 2922 100
f 100 2922 2924
f 100 2924 98
f 98 2924 2923
f 98 2923 102
f 102 2923 2926
f 102 2926 101
f 101 2926 2925
f 101 2925 104
f 104 2925 2928
f 104 2928 103
f 103 2928 2927
f 103 2927 1705
f 1705 2927 4529
f 1705 4529 1766
f 1766 4529 4590
f 1766 4590 2080
f 2080 4590 4904
f 2080 4904 2667
f 2667 4904 5491
f 2667 5491 2682
f 2682 5491 5506
f 2682 5506 2668
f 2668 5506 5492
f 2668 5492 2654
f 2654 5492 5478
f 2654 5478 2608
f 2608 5478 5432
f 2608 5432 2335
f 2335 5432 5159
f 2335 5159 1997
f 1997 5159 4821
f 1997 4821 1909
f 1909 4821 4733
f 1909 4733 1767
f 1767 4733 4591
f 1767 4591 106
f 106 4591 2929
f 106 2929 107
f 107 2929 2931
f 107 2931 105
f 105 2931 2930
f 105 2930 109
f 109 2930 2933
f 109 2933 108
f 108 2933 2932
f 108 2932 111
f 111 2932 2935
f 111 2935 110
f 110 2935 2934
f 110 2934 113
f 113 2934 2937
f 113 2937 112
f 112 2937 2936
f 112 2936 115
f 115 2936 2939
f 115 2939 114
f 114 2939 2938
f 114 2938 117
f 117 2938 2941
f 117 2941 116
f 116 2941 2940
f 116 2940 119
f 119 2940 2943
f 119 2943 118
f 118 2943 2942
f 118 2942 121
f 121 2942 2945
f 121 2945 120
f 120 2945 2944
f 120 2944 123
f 123 2944 2947
f 123 2947 122
f 122 2947 2946
f 122 2946 125
f 125 2946 2949
f 125 2949 124
f 124 2949 2948
f 124 2948 127
f 127 2948 2951
f 127 2951 126
f 126 2951 2950
f 126 2950 129
f 129 2950 2953
f 129 2953 128
f 128 2953 2952
f 128 2952 131
f 131 2952 2955
f 131 2955 130
f 130 2955 2954
f 130 2954 133
f 133 2954 2957
f 133 2957 132
f 132 2957 2956
f 132 2956 135
f 135 2956 2959
f 135 2959 134
f 134 2959 2958
f 134 2958 1706
f 1706 2958 4530
f 1706 4530 1998
f 1998 4530 4822
f 1998 4822 2152
f 2152 4822 4976
f 2152 4976 2221
f 2221 4976 5045
f 2221 5045 1768
f 1768 5045 4592
f 1768 4592 137
f 137 4592 2960
f 137 2960 138
f 138 2960 2962
f 138 2962 136
f 136 2962 2961
f 136 2961 140
f 140 2961 2964
f 140 2964 139
f 139 2964 2963
f 139 2963 142
f 142 2963 2966
f 142 2966 141
f 141 2966 2965
f 141 2965 1707
f 1707 2965 4531
f 1707 4531 2428
f 2428 4531 5252
f 2428 5252 2470
f 2470 5252 5294
f 2470 5294 2506
f 2506 5294 5330
f 2506 5330 2537
f 2537 5330 5361
f 2537 5361 2563
f 2563 5361 5387
f 2563 5387 2584
f 2584 5387 5408
f 2584 5408 2625
f 2625 5408 5449
f 2625 5449 2609
f 2609 5449 5433
f 2609 5433 2585
f 2585 5433 5409
f 2585 5409 2564
f 2564 5409 5388
f 2564 5388 2538
f 2538 5388 5362
f 2538 5362 2507
f 2507 5362 5331
f 2507 5331 2471
f 2471 5331 5295
f 2471 5295 2429
f 2429 5295 5253
f 2429 5253 2379
f 2379 5253 5203
f 2379 5203 2284
f 2284 5203 5108
f 2284 5108 2153
f 2153 5108 4977
f 2153 4977 2081
f 2081 4977 4905
f 2081 4905 1999
f 1999 4905 4823
f 1999 4823 1910
f 1910 4823 4734
f 1910 4734 1769
f 1769 4734 4593
f 1769 4593 144
f 144 4593 2967
f 144 2967 145
f 145 2967 2969
f 145 2969 143
f 143 2969 2968
f 143 2968 147
f 147 2968 2971
f 147 2971 146
f 146 2971 2970
f 146 2970 149
f 149 2970 2973
f 149 2973 148
f 148 2973 2972
f 148 2972 151
f 151 2972 2975
f 151 2975 150
f 150 2975 2974
f 150 2974 153
f 153 2974 2977
f 153 2977 152
f 152 2977 2976
f 152 2976 155
f 155 2976 2979
f 155 2979 154
f 154 2979 2978
f 154 2978 2222
f 2222 2978 5046
f 2222 5046 2223
f 2223 5046 5047
f 2223 5047 2154
f 2154 5047 4978
f 2154 4978 2000
f 2000 4978 4824
f 2000 4824 1911
f 1911 4824 4735
f 1911 4735 1770
f 1770 4735 4594
f 1770 4594 157
f 157 4594 2980
f 157 2980 158
f 158 2980 2982
f 158 2982 156
f 156 2982 2981
f 156 2981 160
f 160 2981 2984
f 160 2984 159
f 159 2984 2983
f 159 2983 162
f 162 2983 2986
f 162 2986 161
f 161 2986 2985
f 161 2985 164
f 164 2985 2988
f 164 2988 163
f 163 2988 2987
f 163 2987 166
f 166 2987 2990
f 166 2990 165
f 165 2990 2989
f 165 2989 168
f 168 2989 2992
f 168 2992 167
f 167 2992 2991
f 167 2991 170
f 170 2991 2994
f 170 2994 169
f 169 2994 2993
f 169 2993 172
f 172 2993 2996
f 172 2996 171
f 171 2996 2995
f 171 2995 174
f 174 2995 2998
f 174 2998 173
f 173 2998 2997
f 173 2997 176
f 176 2997 3000
f 176 3000 175
f 175 3000 2999
f 175 2999 178
f 178 2999 3002
f 178 3002 177
f 177 3002 3001
f 177 3001 180
f 180 3001 3004
f 180 3004 179
f 179 3004 3003
f 179 3003 1771
f 1771 3003 4595
f 1771 4595 1912
f 1912 4595 4736
f 1912 4736 2001
f 2001 4736 4825
f 2001 4825 2655
f 2655 4825 5479
f 2655 5479 2586
f 2586 5479 5410
f 2586 5410 2565
f 2565 5410 5389
f 2565 5389 2285
f 2285 5389 5109
f 2285 5109 2224
f 2224 5109 5048
f 2224 5048 2002
f 2002 5048 4826
f 2002 4826 1913
f 1913 4826 4737
f 1913 4737 1708
f 1708 4737 4532
f 1708 4532 182
f 182 4532 3005
f 182 3005 183
f 183 3005 3007
f 183 3007 181
f 181 3007 3006
f 181 3006 185
f 185 3006 3009
f 185 3009 184
f 184 3009 3008
f 184 3008 187
f 187 3008 3011
f 187 3011 186
f 186 3011 3010
f 186 3010 189
f 189 3010 3013
f 189 3013 188
f 188 3013 3012
f 188 3012 191
f 191 3012 3015
f 191 3015 190
f 190 3015 3014
f 190 3014 193
f 193 3014 3017
f 193 3017 192
f 192 3017 3016
f 192 3016 1709
f 1709 3016 4533
f 1709 4533 2082
f 2082 4533 4906
f 2082 4906 2003
f 2003 4906 4827
f 2003 4827 1829
f 1829 4827 4653
f 1829 4653 1710
f 1710 4653 4534
f 1710 4534 195
f 195 4534 3018
f 195 3018 196
f 196 3018 3020
f 196 3020 194
f 194 3020 3019
f 194 3019 198
f 198 3019 3022
f 198 3022 197
f 197 3022 3021
f 197 3021 200
f 200 3021 3024
f 200 3024 199
f 199 3024 3023
f 199 3023 202
f 202 3023 3026
f 202 3026 201
f 201 3026 3025
f 201 3025 204
f 204 3025 3028
f 204 3028 203
f 203 3028 3027
f 203 3027 206
f 206 3027 3030
f 206 3030 205
f 205 3030 3029
f 205 3029 208
f 208 3029 3032
f 208 3032 207
f 207 3032 3031
f 207 3031 210
f 210 3031 3034
f 210 3034 209
f 209 3034 3033
f 209 3033 212
f 212 3033 3036
f 212 3036 211
f 211 3036 3035
f 211 3035 214
f 214 3035 3038
f 214 3038 213
f 213 3038 3037
f 213 3037 216
f 216 3037 3040
f 216 3040 215
f 215 3040 3039
f 215 3039 218
f 218 3039 3042
f 218 3042 217
f 217 3042 3041
f 217 3041 220
f 220 3041 3044
f 220 3044 219
f 219 3044 3043
f 219 3043 222
f 222 3043 3046
f 222 3046 221
f 221 3046 3045
f 221 3045 224
f 224 3045 3048
f 224 3048 223
f 223 3048 3047
f 223 3047 1830
f 1830 3047 4654
f 1830 4654 1914
f 1914 4654 4738
f 1914 4738 2004
f 2004 4738 4828
f 2004 4828 2083
f 2083 4828 4907
f 2083 4907 2380
f 2380 4907 5204
f 2380 5204 2430
f 2430 5204 5254
f 2430 5254 2472
f 2472 5254 5296
f 2472 5296 2473
f 2473 5296 5297
f 2473 5297 2431
f 2431 5297 5255
f 2431 5255 2381
f 2381 5255 5205
f 2381 5205 1915
f 1915 5205 4739
f 1915 4739 226
f 226 4739 3049
f 226 3049 227
f 227 3049 3051
f 227 3051 225
f 225 3051 3050
f 225 3050 229
f 229 3050 3053
f 229 3053 228
f 228 3053 3052
f 228 3052 231
f 231 3052 3055
f 231 3055 230
f 230 3055 3054
f 230 3054 233
f 233 3054 3057
f 233 3057 232
f 232 3057 3056
f 232 3056 235
f 235 3056 3059
f 235 3059 234
f 234 3059 3058
f 234 3058 237
f 237 3058 3061
f 237 3061 236
f 236 3061 3060
f 236 3060 1772
f 1772 3060 4596
f 1772 4596 2005
f 2005 4596 4829
f 2005 4829 2084
f 2084 4829 4908
f 2084 4908 2155
f 2155 4908 4979
f 2155 4979 2225
f 2225 4979 5049
f 2225 5049 2226
f 2226 5049 5050
f 2226 5050 2156
f 2156 5050 4980
f 2156 4980 2085
f 2085 4980 4909
f 2085 4909 2006
f 2006 4909 4830
f 2006 4830 1831
f 1831 4830 4655
f 1831 4655 1711
f 1711 4655 4535
f 1711 4535 239
f 239 4535 3062
f 239 3062 240
f 240 3062 3064
f 240 3064 238
f 238 3064 3063
f 238 3063 242
f 242 3063 3066
f 242 3066 241
f 241 3066 3065
f 241 3065 244
f 244 3065 3068
f 244 3068 243
f 243 3068 3067
f 243 3067 246
f 246 3067 3070
f 246 3070 245
f 245 3070 3069
f 245 3069 248
f 248 3069 3072
f 248 3072 247
f 247 3072 3071
f 247 3071 250
f 250 3071 3074
f 250 3074 249
f 249 3074 3073
f 249 3073 252
f 252 3073 3076
f 252 3076 251
f 251 3076 3075
f 251 3075 254
f 254 3075 3078
f 254 3078 253
f 253 3078 3077
f 253 3077 256
f 256 3077 3080
f 256 3080 255
f 255 3080 3079
f 255 3079 258
f 258 3079 3082
f 258 3082 257
f 257 3082 3081
f 257 3081 260
f 260 3081 3084
f 260 3084 259
f 259 3084 3083
f 259 3083 262
f 262 3083 3086
f 262 3086 261
f 261 3086 3085
f 261 3085 264
f 264 3085 3088
f 264 3088 263
f 263 3088 3087
f 263 3087 266
f 266 3087 3090
f 266 3090 265
f 265 3090 3089
f 265 3089 268
f 268 3089 3092
f 268 3092 267
f 267 3092 3091
f 267 3091 270
f 270 3091 3094
f 270 3094 269
f 269 3094 3093
f 269 3093 1712
f 1712 3093 4536
f 1712 4536 1916
f 1916 4536 4740
f 1916 4740 2007
f 2007 4740 4831
f 2007 4831 2086
f 2086 4831 4910
f 2086 4910 2508
f 2508 4910 5332
f 2508 5332 2610
f 2610 5332 5434
f 2610 5434 2626
f 2626 5434 5450
f 2626 5450 2639
f 2639 5450 5463
f 2639 5463 2669
f 2669 5463 5493
f 2669 5493 2683
f 2683 5493 5507
f 2683 5507 2696
f 2696 5507 5520
f 2696 5520 2734
f 2734 5520 5558
f 2734 5558 2744
f 2744 5558 5568
f 2744 5568 2749
f 2749 5568 5573
f 2749 5573 2611
f 2611 5573 5435
f 2611 5435 2587
f 2587 5435 5411
f 2587 5411 2432
f 2432 5411 5256
f 2432 5256 2286
f 2286 5256 5110
f 2286 5110 2157
f 2157 5110 4981
f 2157 4981 2087
f 2087 4981 4911
f 2087 4911 2008
f 2008 4911 4832
f 2008 4832 1917
f 1917 4832 4741
f 1917 4741 1773
f 1773 4741 4597
f 1773 4597 272
f 272 4597 3095
f 272 3095 273
f 273 3095 3097
f 273 3097 271
f 271 3097 3096
f 271 3096 275
f 275 3096 3099
f 275 3099 274
f 274 3099 3098
f 274 3098 277
f 277 3098 3101
f 277 3101 276
f 276 3101 3100
f 276 3100 279
f 279 3100 3103
f 279 3103 278
f 278 3103 3102
f 278 3102 281
f 281 3102 3105
f 281 3105 280
f 280 3105 3104
f 280 3104 283
f 283 3104 3107
f 283 3107 282
f 282 3107 3106
f 282 3106 2227
f 2227 3106 5051
f 2227 5051 2336
f 2336 5051 5160
f 2336 5160 2382
f 2382 5160 5206
f 2382 5206 2474
f 2474 5206 5298
f 2474 5298 2509
f 2509 5298 5333
f 2509 5333 2287
f 2287 5333 5111
f 2287 5111 2158
f 2158 5111 4982
f 2158 4982 2088
f 2088 4982 4912
f 2088 4912 1918
f 1918 4912 4742
f 1918 4742 1832
f 1832 4742 4656
f 1832 4656 285
f 285 4656 3108
f 285 3108 286
f 286 3108 3110
f 286 3110 284
f 284 3110 3109
f 284 3109 288
f 288 3109 3112
f 288 3112 287
f 287 3112 3111
f 287 3111 290
f 290 3111 3114
f 290 3114 289
f 289 3114 3113
f 289 3113 292
f 292 3113 3116
f 292 3116 291
f 291 3116 3115
f 291 3115 294
f 294 3115 3118
f 294 3118 293
f 293 3118 3117
f 293 3117 296
f 296 3117 3120
f 296 3120 295
f 295 3120 3119
f 295 3119 298
f 298 3119 3122
f 298 3122 297
f 297 3122 3121
f 297 3121 1833
f 1833 3121 4657
f 1833 4657 2228
f 2228 4657 5052
f 2228 5052 2337
f 2337 5052 5161
f 2337 5161 2383
f 2383 5161 5207
f 2383 5207 2433
f 2433 5207 5257
f 2433 5257 2627
f 2627 5257 5451
f 2627 5451 2769
f 2769 5451 5593
f 2769 5593 2765
f 2765 5593 5589
f 2765 5589 2760
f 2760 5589 5584
f 2760 5584 2755
f 2755 5584 5579
f 2755 5579 2750
f 2750 5579 5574
f 2750 5574 2745
f 2745 5574 5569
f 2745 5569 2741
f 2741 5569 5565
f 2741 5565 2718
f 2718 5565 5542
f 2718 5542 2714
f 2714 5542 5538
f 2714 5538 2708
f 2708 5538 5532
f 2708 5532 2697
f 2697 5532 5521
f 2697 5521 2684
f 2684 5521 5508
f 2684 5508 2670
f 2670 5508 5494
f 2670 5494 2656
f 2656 5494 5480
f 2656 5480 2640
f 2640 5480 5464
f 2640 5464 2628
f 2628 5464 5452
f 2628 5452 2612
f 2612 5452 5436
f 2612 5436 2588
f 2588 5436 5412
f 2588 5412 2539
f 2539 5412 5363
f 2539 5363 2510
f 2510 5363 5334
f 2510 5334 2475
f 2475 5334 5299
f 2475 5299 2434
f 2434 5299 5258
f 2434 5258 2288
f 2288 5258 5112
f 2288 5112 2159
f 2159 5112 4983
f 2159 4983 2089
f 2089 4983 4913
f 2089 4913 2009
f 2009 4913 4833
f 2009 4833 1919
f 1919 4833 4743
f 1919 4743 1834
f 1834 4743 4658
f 1834 4658 300
f 300 4658 3123
f 300 3123 301
f 301 3123 3125
f 301 3125 299
f 299 3125 3124
f 299 3124 303
f 303 3124 3127
f 303 3127 302
f 302 3127 3126
f 302 3126 305
f 305 3126 3129
f 305 3129 304
f 304 3129 3128
f 304 3128 307
f 307 3128 3131
f 307 3131 306
f 306 3131 3130
f 306 3130 2229
f 2229 3130 5053
f 2229 5053 2090
f 2090 5053 4914
f 2090 4914 1920
f 1920 4914 4744
f 1920 4744 1835
f 1835 4744 4659
f 1835 4659 309
f 309 4659 3132
f 309 3132 310
f 310 3132 3134
f 310 3134 308
f 308 3134 3133
f 308 3133 312
f 312 3133 3136
f 312 3136 311
f 311 3136 3135
f 311 3135 314
f 314 3135 3138
f 314 3138 313
f 313 3138 3137
f 313 3137 316
f 316 3137 3140
f 316 3140 315
f 315 3140 3139
f 315 3139 2010
f 2010 3139 4834
f 2010 4834 2160
f 2160 4834 4984
f 2160 4984 2230
f 2230 4984 5054
f 2230 5054 2289
f 2289 5054 5113
f 2289 5113 2231
f 2231 5113 5055
f 2231 5055 2161
f 2161 5055 4985
f 2161 4985 2091
f 2091 4985 4915
f 2091 4915 1921
f 1921 4915 4745
f 1921 4745 1836
f 1836 4745 4660
f 1836 4660 318
f 318 4660 3141
f 318 3141 319
f 319 3141 3143
f 319 3143 317
f 317 3143 3142
f 317 3142 321
f 321 3142 3145
f 321 3145 320
f 320 3145 3144
f 320 3144 323
f 323 3144 3147
f 323 3147 322
f 322 3147 3146
f 322 3146 325
f 325 3146 3149
f 325 3149 324
f 324 3149 3148
f 324 3148 327
f 327 3148 3151
f 327 3151 326
f 326 3151 3150
f 326 3150 329
f 329 3150 3153
f 329 3153 328
f 328 3153 3152
f 328 3152 331
f 331 3152 3155
f 331 3155 330
f 330 3155 3154
f 330 3154 333
f 333 3154 3157
f 333 3157 332
f 332 3157 3156
f 332 3156 335
f 335 3156 3159
f 335 3159 334
f 334 3159 3158
f 334 3158 337
f 337 3158 3161
f 337 3161 336
f 336 3161 3160
f 336 3160 339
f 339 3160 3163
f 339 3163 338
f 338 3163 3162
f 338 3162 341
f 341 3162 3165
f 341 3165 340
f 340 3165 3164
f 340 3164 343
f 343 3164 3167
f 343 3167 342
f 342 3167 3166
f 342 3166 345
f 345 3166 3169
f 345 3169 344
f 344 3169 3168
f 344 3168 347
f 347 3168 3171
f 347 3171 346
f 346 3171 3170
f 346 3170 1713
f 1713 3170 4537
f 1713 4537 1837
f 1837 4537 4661
f 1837 4661 2011
f 2011 4661 4835
f 2011 4835 1922
f 1922 4835 4746
f 1922 4746 1774
f 1774 4746 4598
f 1774 4598 349
f 349 4598 3172
f 349 3172 350
f 350 3172 3174
f 350 3174 348
f 348 3174 3173
f 348 3173 352
f 352 3173 3176
f 352 3176 351
f 351 3176 3175
f 351 3175 354
f 354 3175 3178
f 354 3178 353
f 353 3178 3177
f 353 3177 356
f 356 3177 3180
f 356 3180 355
f 355 3180 3179
f 355 3179 358
f 358 3179 3182
f 358 3182 357
f 357 3182 3181
f 357 3181 360
f 360 3181 3184
f 360 3184 359
f 359 3184 3183
f 359 3183 362
f 362 3183 3185
f 362 3185 363
f 363 3185 3187
f 363 3187 361
f 361 3187 3186
f 361 3186 365
f 365 3186 3189
f 365 3189 364
f 364 3189 3188
f 364 3188 367
f 367 3188 3191
f 367 3191 366
f 366 3191 3190
f 366 3190 369
f 369 3190 3193
f 369 3193 368
f 368 3193 3192
f 368 3192 371
f 371 3192 3195
f 371 3195 370
f 370 3195 3194
f 370 3194 373
f 373 3194 3197
f 373 3197 372
f 372 3197 3196
f 372 3196 1923
f 1923 3196 4747
f 1923 4747 2012
f 2012 4747 4836
f 2012 4836 2232
f 2232 4836 5056
f 2232 5056 2290
f 2290 5056 5114
f 2290 5114 1775
f 1775 5114 4599
f 1775 4599 375
f 375 4599 3198
f 375 3198 376
f 376 3198 3200
f 376 3200 374
f 374 3200 3199
f 374 3199 378
f 378 3199 3202
f 378 3202 377
f 377 3202 3201
f 377 3201 380
f 380 3201 3204
f 380 3204 379
f 379 3204 3203
f 379 3203 1714
f 1714 3203 4538
f 1714 4538 1776
f 1776 4538 4600
f 1776 4600 1924
f 1924 4600 4748
f 1924 4748 2013
f 2013 4748 4837
f 2013 4837 2092
f 2092 4837 4916
f 2092 4916 2291
f 2291 4916 5115
f 2291 5115 2233
f 2233 5115 5057
f 2233 5057 2162
f 2162 5057 4986
f 2162 4986 2093
f 2093 4986 4917
f 2093 4917 2014
f 2014 4917 4838
f 2014 4838 1925
f 1925 4838 4749
f 1925 4749 1777
f 1777 4749 4601
f 1777 4601 382
f 382 4601 3205
f 382 3205 383
f 383 3205 3207
f 383 3207 381
f 381 3207 3206
f 381 3206 385
f 385 3206 3209
f 385 3209 384
f 384 3209 3208
f 384 3208 387
f 387 3208 3211
f 387 3211 386
f 386 3211 3210
f 386 3210 389
f 389 3210 3213
f 389 3213 388
f 388 3213 3212
f 388 3212 391
f 391 3212 3215
f 391 3215 390
f 390 3215 3214
f 390 3214 393
f 393 3214 3217
f 393 3217 392
f 392 3217 3216
f 392 3216 395
f 395 3216 3219
f 395 3219 394
f 394 3219 3218
f 394 3218 397
f 397 3218 3221
f 397 3221 396
f 396 3221 3220
f 396 3220 399
f 399 3220 3223
f 399 3223 398
f 398 3223 3222
f 398 3222 1715
f 1715 3222 4539
f 1715 4539 1838
f 1838 4539 4662
f 1838 4662 2234
f 2234 4662 5058
f 2234 5058 2094
f 2094 5058 4918
f 2094 4918 2015
f 2015 4918 4839
f 2015 4839 1926
f 1926 4839 4750
f 1926 4750 1778
f 1778 4750 4602
f 1778 4602 401
f 401 4602 3224
f 401 3224 402
f 402 3224 3226
f 402 3226 400
f 400 3226 3225
f 400 3225 404
f 404 3225 3228
f 404 3228 403
f 403 3228 3227
f 403 3227 406
f 406 3227 3230
f 406 3230 405
f 405 3230 3229
f 405 3229 408
f 408 3229 3232
f 408 3232 407
f 407 3232 3231
f 407 3231 410
f 410 3231 3234
f 410 3234 409
f 409 3234 3233
f 409 3233 412
f 412 3233 3236
f 412 3236 411
f 411 3236 3235
f 411 3235 414
f 414 3235 3238
f 414 3238 413
f 413 3238 3237
f 413 3237 416
f 416 3237 3240
f 416 3240 415
f 415 3240 3239
f 415 3239 418
f 418 3239 3242
f 418 3242 417
f 417 3242 3241
f 417 3241 420
f 420 3241 3244
f 420 3244 419
f 419 3244 3243
f 419 3243 422
f 422 3243 3246
f 422 3246 421
f 421 3246 3245
f 421 3245 424
f 424 3245 3248
f 424 3248 423
f 423 3248 3247
f 423 3247 426
f 426 3247 3250
f 426 3250 425
f 425 3250 3249
f 425 3249 1927
f 1927 3249 4751
f 1927 4751 2016
f 2016 4751 4840
f 2016 4840 2095
f 2095 4840 4919
f 2095 4919 2292
f 2292 4919 5116
f 2292 5116 2338
f 2338 5116 5162
f 2338 5162 2384
f 2384 5162 5208
f 2384 5208 2435
f 2435 5208 5259
f 2435 5259 2476
f 2476 5259 5300
f 2476 5300 2540
f 2540 5300 5364
f 2540 5364 2541
f 2541 5364 5365
f 2541 5365 2511
f 2511 5365 5335
f 2511 5335 2235
f 2235 5335 5059
f 2235 5059 2017
f 2017 5059 4841
f 2017 4841 1928
f 1928 4841 4752
f 1928 4752 1839
f 1839 4752 4663
f 1839 4663 1779
f 1779 4663 4603
f 1779 4603 1716
f 1716 4603 4540
f 1716 4540 428
f 428 4540 3251
f 428 3251 429
f 429 3251 3253
f 429 3253 427
f 427 3253 3252
f 427 3252 2096
f 2096 3252 4920
f 2096 4920 2163
f 2163 4920 4987
f 2163 4987 2293
f 2293 4987 5117
f 2293 5117 2339
f 2339 5117 5163
f 2339 5163 2385
f 2385 5163 5209
f 2385 5209 2386
f 2386 5209 5210
f 2386 5210 2164
f 2164 5210 4988
f 2164 4988 2097
f 2097 4988 4921
f 2097 4921 2018
f 2018 4921 4842
f 2018 4842 1840
f 1840 4842 4664
f 1840 4664 431
f 431 4664 3254
f 431 3254 432
f 432 3254 3256
f 432 3256 430
f 430 3256 3255
f 430 3255 434
f 434 3255 3258
f 434 3258 433
f 433 3258 3257
f 433 3257 436
f 436 3257 3260
f 436 3260 435
f 435 3260 3259
f 435 3259 438
f 438 3259 3262
f 438 3262 437
f 437 3262 3261
f 437 3261 440
f 440 3261 3264
f 440 3264 439
f 439 3264 3263
f 439 3263 442
f 442 3263 3266
f 442 3266 441
f 441 3266 3265
f 441 3265 1780
f 1780 3265 4604
f 1780 4604 1841
f 1841 4604 4665
f 1841 4665 2236
f 2236 4665 5060
f 2236 5060 1929
f 1929 5060 4753
f 1929 4753 1781
f 1781 4753 4605
f 1781 4605 444
f 444 4605 3267
f 444 3267 445
f 445 3267 3269
f 445 3269 443
f 443 3269 3268
f 443 3268 447
f 447 3268 3271
f 447 3271 446
f 446 3271 3270
f 446 3270 449
f 449 3270 3273
f 449 3273 448
f 448 3273 3272
f 448 3272 451
f 451 3272 3275
f 451 3275 450
f 450 3275 3274
f 450 3274 2165
f 2165 3274 4989
f 2165 4989 2019
f 2019 4989 4843
f 2019 4843 1930
f 1930 4843 4754
f 1930 4754 1842
f 1842 4754 4666
f 1842 4666 1782
f 1782 4666 4606
f 1782 4606 453
f 453 4606 3276
f 453 3276 454
f 454 3276 3278
f 454 3278 452
f 452 3278 3277
f 452 3277 456
f 456 3277 3280
f 456 3280 455
f 455 3280 3279
f 455 3279 458
f 458 3279 3282
f 458 3282 457
f 457 3282 3281
f 457 3281 460
f 460 3281 3284
f 460 3284 459
f 459 3284 3283
f 459 3283 1783
f 1783 3283 4607
f 1783 4607 1931
f 1931 4607 4755
f 1931 4755 1784
f 1784 4755 4608
f 1784 4608 462
f 462 4608 3285
f 462 3285 463
f 463 3285 3287
f 463 3287 461
f 461 3287 3286
f 461 3286 465
f 465 3286 3289
f 465 3289 464
f 464 3289 3288
f 464 3288 467
f 467 3288 3291
f 467 3291 466
f 466 3291 3290
f 466 3290 469
f 469 3290 3293
f 469 3293 468
f 468 3293 3292
f 468 3292 471
f 471 3292 3295
f 471 3295 470
f 470 3295 3294
f 470 3294 473
f 473 3294 3297
f 473 3297 472
f 472 3297 3296
f 472 3296 2098
f 2098 3296 4922
f 2098 4922 2166
f 2166 4922 4990
f 2166 4990 2237
f 2237 4990 5061
f 2237 5061 2340
f 2340 5061 5164
f 2340 5164 2387
f 2387 5164 5211
f 2387 5211 2566
f 2566 5211 5390
f 2566 5390 2589
f 2589 5390 5413
f 2589 5413 2613
f 2613 5413 5437
f 2613 5437 2770
f 2770 5437 5594
f 2770 5594 2766
f 2766 5594 5590
f 2766 5590 2761
f 2761 5590 5585
f 2761 5585 2756
f 2756 5585 5580
f 2756 5580 2751
f 2751 5580 5575
f 2751 5575 2727
f 2727 5575 5551
f 2727 5551 2719
f 2719 5551 5543
f 2719 5543 2099
f 2099 5543 4923
f 2099 4923 2020
f 2020 4923 4844
f 2020 4844 1843
f 1843 4844 4667
f 1843 4667 475
f 475 4667 3298
f 475 3298 476
f 476 3298 3300
f 476 3300 474
f 474 3300 3299
f 474 3299 478
f 478 3299 3302
f 478 3302 477
f 477 3302 3301
f 477 3301 480
f 480 3301 3304
f 480 3304 479
f 479 3304 3303
f 479 3303 482
f 482 3303 3306
f 482 3306 481
f 481 3306 3305
f 481 3305 484
f 484 3305 3308
f 484 3308 483
f 483 3308 3307
f 483 3307 486
f 486 3307 3310
f 486 3310 485
f 485 3310 3309
f 485 3309 1785
f 1785 3309 4609
f 1785 4609 1844
f 1844 4609 4668
f 1844 4668 2167
f 2167 4668 4991
f 2167 4991 2238
f 2238 4991 5062
f 2238 5062 2294
f 2294 5062 5118
f 2294 5118 2341
f 2341 5118 5165
f 2341 5165 2168
f 2168 5165 4992
f 2168 4992 2100
f 2100 4992 4924
f 2100 4924 2021
f 2021 4924 4845
f 2021 4845 1845
f 1845 4845 4669
f 1845 4669 1786
f 1786 4669 4610
f 1786 4610 488
f 488 4610 3311
f 488 3311 489
f 489 3311 3313
f 489 3313 487
f 487 3313 3312
f 487 3312 491
f 491 3312 3315
f 491 3315 490
f 490 3315 3314
f 490 3314 493
f 493 3314 3317
f 493 3317 492
f 492 3317 3316
f 492 3316 495
f 495 3316 3319
f 495 3319 494
f 494 3319 3318
f 494 3318 497
f 497 3318 3321
f 497 3321 496
f 496 3321 3320
f 496 3320 1717
f 1717 3320 4541
f 1717 4541 1846
f 1846 4541 4670
f 1846 4670 2239
f 2239 4670 5063
f 2239 5063 2295
f 2295 5063 5119
f 2295 5119 2342
f 2342 5119 5166
f 2342 5166 2388
f 2388 5166 5212
f 2388 5212 2477
f 2477 5212 5301
f 2477 5301 2436
f 2436 5301 5260
f 2436 5260 2389
f 2389 5260 5213
f 2389 5213 2343
f 2343 5213 5167
f 2343 5167 2240
f 2240 5167 5064
f 2240 5064 2169
f 2169 5064 4993
f 2169 4993 2101
f 2101 4993 4925
f 2101 4925 2022
f 2022 4925 4846
f 2022 4846 1847
f 1847 4846 4671
f 1847 4671 499
f 499 4671 3322
f 499 3322 500
f 500 3322 3324
f 500 3324 498
f 498 3324 3323
f 498 3323 502
f 502 3323 3326
f 502 3326 501
f 501 3326 3325
f 501 3325 504
f 504 3325 3328
f 504 3328 503
f 503 3328 3327
f 503 3327 506
f 506 3327 3330
f 506 3330 505
f 505 3330 3329
f 505 3329 508
f 508 3329 3332
f 508 3332 507
f 507 3332 3331
f 507 3331 510
f 510 3331 3334
f 510 3334 509
f 509 3334 3333
f 509 3333 512
f 512 3333 3336
f 512 3336 511
f 511 3336 3335
f 511 3335 514
f 514 3335 3338
f 514 3338 513
f 513 3338 3337
f 513 3337 516
f 516 3337 3340
f 516 3340 515
f 515 3340 3339
f 515 3339 518
f 518 3339 3342
f 518 3342 517
f 517 3342 3341
f 517 3341 520
f 520 3341 3344
f 520 3344 519
f 519 3344 3343
f 519 3343 522
f 522 3343 3346
f 522 3346 521
f 521 3346 3345
f 521 3345 524
f 524 3345 3348
f 524 3348 523
f 523 3348 3347
f 523 3347 526
f 526 3347 3350
f 526 3350 525
f 525 3350 3349
f 525 3349 528
f 528 3349 3352
f 528 3352 527
f 527 3352 3351
f 527 3351 530
f 530 3351 3354
f 530 3354 529
f 529 3354 3353
f 529 3353 1848
f 1848 3353 4672
f 1848 4672 1932
f 1932 4672 4756
f 1932 4756 2023
f 2023 4756 4847
f 2023 4847 2102
f 2102 4847 4926
f 2102 4926 2170
f 2170 4926 4994
f 2170 4994 2542
f 2542 4994 5366
f 2542 5366 2567
f 2567 5366 5391
f 2567 5391 2590
f 2590 5391 5414
f 2590 5414 2629
f 2629 5414 5453
f 2629 5453 2614
f 2614 5453 5438
f 2614 5438 2591
f 2591 5438 5415
f 2591 5415 2568
f 2568 5415 5392
f 2568 5392 2543
f 2543 5392 5367
f 2543 5367 2512
f 2512 5367 5336
f 2512 5336 2478
f 2478 5336 5302
f 2478 5302 2437
f 2437 5302 5261
f 2437 5261 2390
f 2390 5261 5214
f 2390 5214 2344
f 2344 5214 5168
f 2344 5168 2296
f 2296 5168 5120
f 2296 5120 2171
f 2171 5120 4995
f 2171 4995 2103
f 2103 4995 4927
f 2103 4927 2024
f 2024 4927 4848
f 2024 4848 1933
f 1933 4848 4757
f 1933 4757 1718
f 1718 4757 4542
f 1718 4542 532
f 532 4542 3355
f 532 3355 533
f 533 3355 3357
f 533 3357 531
f 531 3357 3356
f 531 3356 535
f 535 3356 3359
f 535 3359 534
f 534 3359 3358
f 534 3358 537
f 537 3358 3361
f 537 3361 536
f 536 3361 3360
f 536 3360 539
f 539 3360 3363
f 539 3363 538
f 538 3363 3362
f 538 3362 541
f 541 3362 3365
f 541 3365 540
f 540 3365 3364
f 540 3364 543
f 543 3364 3367
f 543 3367 542
f 542 3367 3366
f 542 3366 545
f 545 3366 3369
f 545 3369 544
f 544 3369 3368
f 544 3368 547
f 547 3368 3371
f 547 3371 546
f 546 3371 3370
f 546 3370 549
f 549 3370 3373
f 549 3373 548
f 548 3373 3372
f 548 3372 551
f 551 3372 3375
f 551 3375 550
f 550 3375 3374
f 550 3374 553
f 553 3374 3377
f 553 3377 552
f 552 3377 3376
f 552 3376 555
f 555 3376 3379
f 555 3379 554
f 554 3379 3378
f 554 3378 557
f 557 3378 3381
f 557 3381 556
f 556 3381 3380
f 556 3380 559
f 559 3380 3383
f 559 3383 558
f 558 3383 3382
f 558 3382 561
f 561 3382 3385
f 561 3385 560
f 560 3385 3384
f 560 3384 563
f 563 3384 3387
f 563 3387 562
f 562 3387 3386
f 562 3386 565
f 565 3386 3389
f 565 3389 564
f 564 3389 3388
f 564 3388 567
f 567 3388 3391
f 567 3391 566
f 566 3391 3390
f 566 3390 569
f 569 3390 3393
f 569 3393 568
f 568 3393 3392
f 568 3392 571
f 571 3392 3395
f 571 3395 570
f 570 3395 3394
f 570 3394 573
f 573 3394 3397
f 573 3397 572
f 572 3397 3396
f 572 3396 575
f 575 3396 3399
f 575 3399 574
f 574 3399 3398
f 574 3398 577
f 577 3398 3401
f 577 3401 576
f 576 3401 3400
f 576 3400 579
f 579 3400 3403
f 579 3403 578
f 578 3403 3402
f 578 3402 1719
f 1719 3402 4543
f 1719 4543 1787
f 1787 4543 4611
f 1787 4611 1934
f 1934 4611 4758
f 1934 4758 1849
f 1849 4758 4673
f 1849 4673 581
f 581 4673 3404
f 581 3404 582
f 582 3404 3406
f 582 3406 580
f 580 3406 3405
f 580 3405 584
f 584 3405 3408
f 584 3408 583
f 583 3408 3407
f 583 3407 586
f 586 3407 3410
f 586 3410 585
f 585 3410 3409
f 585 3409 1720
f 1720 3409 4544
f 1720 4544 2025
f 2025 4544 4849
f 2025 4849 2104
f 2104 4849 4928
f 2104 4928 2671
f 2671 4928 5495
f 2671 5495 2685
f 2685 5495 5509
f 2685 5509 2698
f 2698 5509 5522
f 2698 5522 2641
f 2641 5522 5465
f 2641 5465 2630
f 2630 5465 5454
f 2630 5454 2615
f 2615 5454 5439
f 2615 5439 2592
f 2592 5439 5416
f 2592 5416 2479
f 2479 5416 5303
f 2479 5303 2297
f 2297 5303 5121
f 2297 5121 2172
f 2172 5121 4996
f 2172 4996 2105
f 2105 4996 4929
f 2105 4929 2026
f 2026 4929 4850
f 2026 4850 1850
f 1850 4850 4674
f 1850 4674 1788
f 1788 4674 4612
f 1788 4612 588
f 588 4612 3411
f 588 3411 589
f 589 3411 3413
f 589 3413 587
f 587 3413 3412
f 587 3412 591
f 591 3412 3415
f 591 3415 590
f 590 3415 3414
f 590 3414 593
f 593 3414 3417
f 593 3417 592
f 592 3417 3416
f 592 3416 595
f 595 3416 3419
f 595 3419 594
f 594 3419 3418
f 594 3418 597
f 597 3418 3421
f 597 3421 596
f 596 3421 3420
f 596 3420 599
f 599 3420 3423
f 599 3423 598
f 598 3423 3422
f 598 3422 601
f 601 3422 3425
f 601 3425 600
f 600 3425 3424
f 600 3424 603
f 603 3424 3427
f 603 3427 602
f 602 3427 3426
f 602 3426 605
f 605 3426 3429
f 605 3429 604
f 604 3429 3428
f 604 3428 607
f 607 3428 3431
f 607 3431 606
f 606 3431 3430
f 606 3430 609
f 609 3430 3433
f 609 3433 608
f 608 3433 3432
f 608 3432 611
f 611 3432 3435
f 611 3435 610
f 610 3435 3434
f 610 3434 613
f 613 3434 3437
f 613 3437 612
f 612 3437 3436
f 612 3436 615
f 615 3436 3439
f 615 3439 614
f 614 3439 3438
f 614 3438 617
f 617 3438 3441
f 617 3441 616
f 616 3441 3440
f 616 3440 619
f 619 3440 3443
f 619 3443 618
f 618 3443 3442
f 618 3442 621
f 621 3442 3445
f 621 3445 620
f 620 3445 3444
f 620 3444 623
f 623 3444 3447
f 623 3447 622
f 622 3447 3446
f 622 3446 1935
f 1935 3446 4759
f 1935 4759 2027
f 2027 4759 4851
f 2027 4851 2106
f 2106 4851 4930
f 2106 4930 2173
f 2173 4930 4997
f 2173 4997 2345
f 2345 4997 5169
f 2345 5169 2391
f 2391 5169 5215
f 2391 5215 2438
f 2438 5215 5262
f 2438 5262 2513
f 2513 5262 5337
f 2513 5337 2480
f 2480 5337 5304
f 2480 5304 2439
f 2439 5304 5263
f 2439 5263 2392
f 2392 5263 5216
f 2392 5216 2346
f 2346 5216 5170
f 2346 5170 2298
f 2298 5170 5122
f 2298 5122 2174
f 2174 5122 4998
f 2174 4998 2107
f 2107 4998 4931
f 2107 4931 2028
f 2028 4931 4852
f 2028 4852 1851
f 1851 4852 4675
f 1851 4675 1789
f 1789 4675 4613
f 1789 4613 625
f 625 4613 3448
f 625 3448 626
f 626 3448 3450
f 626 3450 624
f 624 3450 3449
f 624 3449 628
f 628 3449 3452
f 628 3452 627
f 627 3452 3451
f 627 3451 630
f 630 3451 3454
f 630 3454 629
f 629 3454 3453
f 629 3453 632
f 632 3453 3456
f 632 3456 631
f 631 3456 3455
f 631 3455 634
f 634 3455 3458
f 634 3458 633
f 633 3458 3457
f 633 3457 636
f 636 3457 3460
f 636 3460 635
f 635 3460 3459
f 635 3459 638
f 638 3459 3462
f 638 3462 637
f 637 3462 3461
f 637 3461 640
f 640 3461 3464
f 640 3464 639
f 639 3464 3463
f 639 3463 642
f 642 3463 3466
f 642 3466 641
f 641 3466 3465
f 641 3465 644
f 644 3465 3468
f 644 3468 643
f 643 3468 3467
f 643 3467 646
f 646 3467 3470
f 646 3470 645
f 645 3470 3469
f 645 3469 648
f 648 3469 3472
f 648 3472 647
f 647 3472 3471
f 647 3471 650
f 650 3471 3474
f 650 3474 649
f 649 3474 3473
f 649 3473 652
f 652 3473 3476
f 652 3476 651
f 651 3476 3475
f 651 3475 654
f 654 3475 3478
f 654 3478 653
f 653 3478 3477
f 653 3477 656
f 656 3477 3480
f 656 3480 655
f 655 3480 3479
f 655 3479 658
f 658 3479 3482
f 658 3482 657
f 657 3482 3481
f 657 3481 660
f 660 3481 3484
f 660 3484 659
f 659 3484 3483
f 659 3483 662
f 662 3483 3486
f 662 3486 661
f 661 3486 3485
f 661 3485 664
f 664 3485 3488
f 664 3488 663
f 663 3488 3487
f 663 3487 666
f 666 3487 3490
f 666 3490 665
f 665 3490 3489
f 665 3489 1721
f 1721 3489 4545
f 1721 4545 1852
f 1852 4545 4676
f 1852 4676 2029
f 2029 4676 4853
f 2029 4853 2108
f 2108 4853 4932
f 2108 4932 2514
f 2514 4932 5338
f 2514 5338 2544
f 2544 5338 5368
f 2544 5368 2515
f 2515 5368 5339
f 2515 5339 2175
f 2175 5339 4999
f 2175 4999 2109
f 2109 4999 4933
f 2109 4933 1936
f 1936 4933 4760
f 1936 4760 1722
f 1722 4760 4546
f 1722 4546 668
f 668 4546 3491
f 668 3491 669
f 669 3491 3493
f 669 3493 667
f 667 3493 3492
f 667 3492 671
f 671 3492 3495
f 671 3495 670
f 670 3495 3494
f 670 3494 673
f 673 3494 3497
f 673 3497 672
f 672 3497 3496
f 672 3496 675
f 675 3496 3499
f 675 3499 674
f 674 3499 3498
f 674 3498 677
f 677 3498 3501
f 677 3501 676
f 676 3501 3500
f 676 3500 679
f 679 3500 3503
f 679 3503 678
f 678 3503 3502
f 678 3502 681
f 681 3502 3505
f 681 3505 680
f 680 3505 3504
f 680 3504 683
f 683 3504 3507
f 683 3507 682
f 682 3507 3506
f 682 3506 685
f 685 3506 3509
f 685 3509 684
f 684 3509 3508
f 684 3508 687
f 687 3508 3511
f 687 3511 686
f 686 3511 3510
f 686 3510 689
f 689 3510 3513
f 689 3513 688
f 688 3513 3512
f 688 3512 691
f 691 3512 3515
f 691 3515 690
f 690 3515 3514
f 690 3514 693
f 693 3514 3517
f 693 3517 692
f 692 3517 3516
f 692 3516 1790
f 1790 3516 4614
f 1790 4614 1937
f 1937 4614 4761
f 1937 4761 2241
f 2241 4761 5065
f 2241 5065 2299
f 2299 5065 5123
f 2299 5123 2347
f 2347 5123 5171
f 2347 5171 2393
f 2393 5171 5217
f 2393 5217 2440
f 2440 5217 5264
f 2440 5264 2481
f 2481 5264 5305
f 2481 5305 2545
f 2545 5305 5369
f 2545 5369 2569
f 2569 5369 5393
f 2569 5393 2593
f 2593 5393 5417
f 2593 5417 2616
f 2616 5417 5440
f 2616 5440 2631
f 2631 5440 5455
f 2631 5455 2642
f 2642 5455 5466
f 2642 5466 2657
f 2657 5466 5481
f 2657 5481 2672
f 2672 5481 5496
f 2672 5496 2686
f 2686 5496 5510
f 2686 5510 2699
f 2699 5510 5523
f 2699 5523 2735
f 2735 5523 5559
f 2735 5559 2687
f 2687 5559 5511
f 2687 5511 2658
f 2658 5511 5482
f 2658 5482 2632
f 2632 5482 5456
f 2632 5456 2617
f 2617 5456 5441
f 2617 5441 2594
f 2594 5441 5418
f 2594 5418 2570
f 2570 5418 5394
f 2570 5394 2546
f 2546 5394 5370
f 2546 5370 2516
f 2516 5370 5340
f 2516 5340 2482
f 2482 5340 5306
f 2482 5306 2441
f 2441 5306 5265
f 2441 5265 2394
f 2394 5265 5218
f 2394 5218 2348
f 2348 5218 5172
f 2348 5172 2300
f 2300 5172 5124
f 2300 5124 2030
f 2030 5124 4854
f 2030 4854 1938
f 1938 4854 4762
f 1938 4762 1791
f 1791 4762 4615
f 1791 4615 695
f 695 4615 3518
f 695 3518 696
f 696 3518 3520
f 696 3520 694
f 694 3520 3519
f 694 3519 698
f 698 3519 3522
f 698 3522 697
f 697 3522 3521
f 697 3521 700
f 700 3521 3524
f 700 3524 699
f 699 3524 3523
f 699 3523 702
f 702 3523 3526
f 702 3526 701
f 701 3526 3525
f 701 3525 704
f 704 3525 3528
f 704 3528 703
f 703 3528 3527
f 703 3527 706
f 706 3527 3530
f 706 3530 705
f 705 3530 3529
f 705 3529 2110
f 2110 3529 4934
f 2110 4934 2111
f 2111 4934 4935
f 2111 4935 1939
f 1939 4935 4763
f 1939 4763 1853
f 1853 4763 4677
f 1853 4677 1723
f 1723 4677 4547
f 1723 4547 708
f 708 4547 3531
f 708 3531 709
f 709 3531 3533
f 709 3533 707
f 707 3533 3532
f 707 3532 711
f 711 3532 3535
f 711 3535 710
f 710 3535 3534
f 710 3534 713
f 713 3534 3537
f 713 3537 712
f 712 3537 3536
f 712 3536 715
f 715 3536 3539
f 715 3539 714
f 714 3539 3538
f 714 3538 717
f 717 3538 3541
f 717 3541 716
f 716 3541 3540
f 716 3540 719
f 719 3540 3543
f 719 3543 718
f 718 3543 3542
f 718 3542 1724
f 1724 3542 4548
f 1724 4548 1854
f 1854 4548 4678
f 1854 4678 1940
f 1940 4678 4764
f 1940 4764 2176
f 2176 4764 5000
f 2176 5000 2643
f 2643 5000 5467
f 2643 5467 2673
f 2673 5467 5497
f 2673 5497 2700
f 2700 5497 5524
f 2700 5524 2709
f 2709 5524 5533
f 2709 5533 2774
f 2774 5533 5598
f 2774 5598 2778
f 2778 5598 5602
f 2778 5602 2786
f 2786 5602 5610
f 2786 5610 2688
f 2688 5610 5512
f 2688 5512 2674
f 2674 5512 5498
f 2674 5498 2659
f 2659 5498 5483
f 2659 5483 2644
f 2644 5483 5468
f 2644 5468 2633
f 2633 5468 5457
f 2633 5457 2618
f 2618 5457 5442
f 2618 5442 2595
f 2595 5442 5419
f 2595 5419 2571
f 2571 5419 5395
f 2571 5395 2547
f 2547 5395 5371
f 2547 5371 2517
f 2517 5371 5341
f 2517 5341 2483
f 2483 5341 5307
f 2483 5307 2442
f 2442 5307 5266
f 2442 5266 2395
f 2395 5266 5219
f 2395 5219 2349
f 2349 5219 5173
f 2349 5173 2301
f 2301 5173 5125
f 2301 5125 2242
f 2242 5125 5066
f 2242 5066 2177
f 2177 5066 5001
f 2177 5001 2112
f 2112 5001 4936
f 2112 4936 1941
f 1941 4936 4765
f 1941 4765 721
f 721 4765 3544
f 721 3544 722
f 722 3544 3546
f 722 3546 720
f 720 3546 3545
f 720 3545 724
f 724 3545 3548
f 724 3548 723
f 723 3548 3547
f 723 3547 726
f 726 3547 3550
f 726 3550 725
f 725 3550 3549
f 725 3549 728
f 728 3549 3551
f 728 3551 729
f 729 3551 3553
f 729 3553 727
f 727 3553 3552
f 727 3552 731
f 731 3552 3555
f 731 3555 730
f 730 3555 3554
f 730 3554 733
f 733 3554 3557
f 733 3557 732
f 732 3557 3556
f 732 3556 735
f 735 3556 3559
f 735 3559 734
f 734 3559 3558
f 734 3558 737
f 737 3558 3561
f 737 3561 736
f 736 3561 3560
f 736 3560 739
f 739 3560 3563
f 739 3563 738
f 738 3563 3562
f 738 3562 741
f 741 3562 3565
f 741 3565 740
f 740 3565 3564
f 740 3564 743
f 743 3564 3567
f 743 3567 742
f 742 3567 3566
f 742 3566 745
f 745 3566 3569
f 745 3569 744
f 744 3569 3568
f 744 3568 747
f 747 3568 3571
f 747 3571 746
f 746 3571 3570
f 746 3570 749
f 749 3570 3573
f 749 3573 748
f 748 3573 3572
f 748 3572 751
f 751 3572 3575
f 751 3575 750
f 750 3575 3574
f 750 3574 753
f 753 3574 3577
f 753 3577 752
f 752 3577 3576
f 752 3576 1855
f 1855 3576 4679
f 1855 4679 2701
f 2701 4679 5525
f 2701 5525 2710
f 2710 5525 5534
f 2710 5534 2715
f 2715 5534 5539
f 2715 5539 2720
f 2720 5539 5544
f 2720 5544 2728
f 2728 5544 5552
f 2728 5552 2736
f 2736 5552 5560
f 2736 5560 2742
f 2742 5560 5566
f 2742 5566 2746
f 2746 5566 5570
f 2746 5570 755
f 755 5570 3578
f 755 3578 756
f 756 3578 3580
f 756 3580 754
f 754 3580 3579
f 754 3579 2819
f 2819 3579 5643
f 2819 5643 2817
f 2817 5643 5641
f 2817 5641 2815
f 2815 5641 5639
f 2815 5639 2813
f 2813 5639 5637
f 2813 5637 2812
f 2812 5637 5636
f 2812 5636 2811
f 2811 5636 5635
f 2811 5635 2808
f 2808 5635 5632
f 2808 5632 2807
f 2807 5632 5631
f 2807 5631 2802
f 2802 5631 5626
f 2802 5626 2800
f 2800 5626 5624
f 2800 5624 2797
f 2797 5624 5621
f 2797 5621 2792
f 2792 5621 5616
f 2792 5616 2787
f 2787 5616 5611
f 2787 5611 2782
f 2782 5611 5606
f 2782 5606 2779
f 2779 5606 5603
f 2779 5603 2775
f 2775 5603 5599
f 2775 5599 2771
f 2771 5599 5595
f 2771 5595 2178
f 2178 5595 5002
f 2178 5002 2113
f 2113 5002 4937
f 2113 4937 2031
f 2031 4937 4855
f 2031 4855 1856
f 1856 4855 4680
f 1856 4680 1725
f 1725 4680 4549
f 1725 4549 758
f 758 4549 3581
f 758 3581 759
f 759 3581 3583
f 759 3583 757
f 757 3583 3582
f 757 3582 761
f 761 3582 3585
f 761 3585 760
f 760 3585 3584
f 760 3584 763
f 763 3584 3587
f 763 3587 762
f 762 3587 3586
f 762 3586 765
f 765 3586 3589
f 765 3589 764
f 764 3589 3588
f 764 3588 767
f 767 3588 3591
f 767 3591 766
f 766 3591 3590
f 766 3590 769
f 769 3590 3593
f 769 3593 768
f 768 3593 3592
f 768 3592 771
f 771 3592 3595
f 771 3595 770
f 770 3595 3594
f 770 3594 773
f 773 3594 3597
f 773 3597 772
f 772 3597 3596
f 772 3596 775
f 775 3596 3599
f 775 3599 774
f 774 3599 3598
f 774 3598 1792
f 1792 3598 4616
f 1792 4616 2243
f 2243 4616 5067
f 2243 5067 2302
f 2302 5067 5126
f 2302 5126 2350
f 2350 5126 5174
f 2350 5174 2396
f 2396 5174 5220
f 2396 5220 2443
f 2443 5220 5267
f 2443 5267 2484
f 2484 5267 5308
f 2484 5308 2179
f 2179 5308 5003
f 2179 5003 2032
f 2032 5003 4856
f 2032 4856 1857
f 1857 4856 4681
f 1857 4681 1726
f 1726 4681 4550
f 1726 4550 777
f 777 4550 3600
f 777 3600 778
f 778 3600 3602
f 778 3602 776
f 776 3602 3601
f 776 3601 780
f 780 3601 3604
f 780 3604 779
f 779 3604 3603
f 779 3603 782
f 782 3603 3606
f 782 3606 781
f 781 3606 3605
f 781 3605 784
f 784 3605 3608
f 784 3608 783
f 783 3608 3607
f 783 3607 786
f 786 3607 3610
f 786 3610 785
f 785 3610 3609
f 785 3609 788
f 788 3609 3612
f 788 3612 787
f 787 3612 3611
f 787 3611 1727
f 1727 3611 4551
f 1727 4551 1858
f 1858 4551 4682
f 1858 4682 1942
f 1942 4682 4766
f 1942 4766 1793
f 1793 4766 4617
f 1793 4617 790
f 790 4617 3613
f 790 3613 791
f 791 3613 3615
f 791 3615 789
f 789 3615 3614
f 789 3614 793
f 793 3614 3617
f 793 3617 792
f 792 3617 3616
f 792 3616 795
f 795 3616 3619
f 795 3619 794
f 794 3619 3618
f 794 3618 797
f 797 3618 3621
f 797 3621 796
f 796 3621 3620
f 796 3620 799
f 799 3620 3623
f 799 3623 798
f 798 3623 3622
f 798 3622 801
f 801 3622 3625
f 801 3625 800
f 800 3625 3624
f 800 3624 803
f 803 3624 3627
f 803 3627 802
f 802 3627 3626
f 802 3626 1728
f 1728 3626 4552
f 1728 4552 2303
f 2303 4552 5127
f 2303 5127 2351
f 2351 5127 5175
f 2351 5175 2397
f 2397 5175 5221
f 2397 5221 2444
f 2444 5221 5268
f 2444 5268 2485
f 2485 5268 5309
f 2485 5309 2518
f 2518 5309 5342
f 2518 5342 2445
f 2445 5342 5269
f 2445 5269 2398
f 2398 5269 5222
f 2398 5222 2352
f 2352 5222 5176
f 2352 5176 2304
f 2304 5176 5128
f 2304 5128 2244
f 2244 5128 5068
f 2244 5068 2180
f 2180 5068 5004
f 2180 5004 2114
f 2114 5004 4938
f 2114 4938 2033
f 2033 4938 4857
f 2033 4857 1943
f 1943 4857 4767
f 1943 4767 1794
f 1794 4767 4618
f 1794 4618 805
f 805 4618 3628
f 805 3628 806
f 806 3628 3630
f 806 3630 804
f 804 3630 3629
f 804 3629 808
f 808 3629 3632
f 808 3632 807
f 807 3632 3631
f 807 3631 810
f 810 3631 3634
f 810 3634 809
f 809 3634 3633
f 809 3633 812
f 812 3633 3636
f 812 3636 811
f 811 3636 3635
f 811 3635 814
f 814 3635 3638
f 814 3638 813
f 813 3638 3637
f 813 3637 816
f 816 3637 3640
f 816 3640 815
f 815 3640 3639
f 815 3639 818
f 818 3639 3642
f 818 3642 817
f 817 3642 3641
f 817 3641 820
f 820 3641 3644
f 820 3644 819
f 819 3644 3643
f 819 3643 822
f 822 3643 3646
f 822 3646 821
f 821 3646 3645
f 821 3645 824
f 824 3645 3648
f 824 3648 823
f 823 3648 3647
f 823 3647 826
f 826 3647 3650
f 826 3650 825
f 825 3650 3649
f 825 3649 828
f 828 3649 3652
f 828 3652 827
f 827 3652 3651
f 827 3651 1795
f 1795 3651 4619
f 1795 4619 1944
f 1944 4619 4768
f 1944 4768 2034
f 2034 4768 4858
f 2034 4858 2596
f 2596 4858 5420
f 2596 5420 2619
f 2619 5420 5443
f 2619 5443 2634
f 2634 5443 5458
f 2634 5458 2645
f 2645 5458 5469
f 2645 5469 2660
f 2660 5469 5484
f 2660 5484 1945
f 1945 5484 4769
f 1945 4769 1859
f 1859 4769 4683
f 1859 4683 1729
f 1729 4683 4553
f 1729 4553 830
f 830 4553 3653
f 830 3653 831
f 831 3653 3655
f 831 3655 829
f 829 3655 3654
f 829 3654 833
f 833 3654 3657
f 833 3657 832
f 832 3657 3656
f 832 3656 835
f 835 3656 3659
f 835 3659 834
f 834 3659 3658
f 834 3658 837
f 837 3658 3661
f 837 3661 836
f 836 3661 3660
f 836 3660 839
f 839 3660 3663
f 839 3663 838
f 838 3663 3662
f 838 3662 841
f 841 3662 3665
f 841 3665 840
f 840 3665 3664
f 840 3664 843
f 843 3664 3667
f 843 3667 842
f 842 3667 3666
f 842 3666 845
f 845 3666 3669
f 845 3669 844
f 844 3669 3668
f 844 3668 847
f 847 3668 3671
f 847 3671 846
f 846 3671 3670
f 846 3670 849
f 849 3670 3673
f 849 3673 848
f 848 3673 3672
f 848 3672 851
f 851 3672 3675
f 851 3675 850
f 850 3675 3674
f 850 3674 853
f 853 3674 3677
f 853 3677 852
f 852 3677 3676
f 852 3676 855
f 855 3676 3679
f 855 3679 854
f 854 3679 3678
f 854 3678 857
f 857 3678 3681
f 857 3681 856
f 856 3681 3680
f 856 3680 859
f 859 3680 3683
f 859 3683 858
f 858 3683 3682
f 858 3682 1860
f 1860 3682 4684
f 1860 4684 2035
f 2035 4684 4859
f 2035 4859 2115
f 2115 4859 4939
f 2115 4939 2181
f 2181 4939 5005
f 2181 5005 2572
f 2572 5005 5396
f 2572 5396 2548
f 2548 5396 5372
f 2548 5372 2519
f 2519 5372 5343
f 2519 5343 2486
f 2486 5343 5310
f 2486 5310 2399
f 2399 5310 5223
f 2399 5223 2353
f 2353 5223 5177
f 2353 5177 2305
f 2305 5177 5129
f 2305 5129 2245
f 2245 5129 5069
f 2245 5069 2182
f 2182 5069 5006
f 2182 5006 2116
f 2116 5006 4940
f 2116 4940 2036
f 2036 4940 4860
f 2036 4860 1861
f 1861 4860 4685
f 1861 4685 1730
f 1730 4685 4554
f 1730 4554 861
f 861 4554 3684
f 861 3684 862
f 862 3684 3686
f 862 3686 860
f 860 3686 3685
f 860 3685 864
f 864 3685 3688
f 864 3688 863
f 863 3688 3687
f 863 3687 866
f 866 3687 3690
f 866 3690 865
f 865 3690 3689
f 865 3689 868
f 868 3689 3692
f 868 3692 867
f 867 3692 3691
f 867 3691 870
f 870 3691 3694
f 870 3694 869
f 869 3694 3693
f 869 3693 872
f 872 3693 3696
f 872 3696 871
f 871 3696 3695
f 871 3695 874
f 874 3695 3698
f 874 3698 873
f 873 3698 3697
f 873 3697 876
f 876 3697 3700
f 876 3700 875
f 875 3700 3699
f 875 3699 878
f 878 3699 3702
f 878 3702 877
f 877 3702 3701
f 877 3701 880
f 880 3701 3704
f 880 3704 879
f 879 3704 3703
f 879 3703 882
f 882 3703 3706
f 882 3706 881
f 881 3706 3705
f 881 3705 884
f 884 3705 3708
f 884 3708 883
f 883 3708 3707
f 883 3707 886
f 886 3707 3710
f 886 3710 885
f 885 3710 3709
f 885 3709 888
f 888 3709 3712
f 888 3712 887
f 887 3712 3711
f 887 3711 890
f 890 3711 3714
f 890 3714 889
f 889 3714 3713
f 889 3713 892
f 892 3713 3716
f 892 3716 891
f 891 3716 3715
f 891 3715 894
f 894 3715 3718
f 894 3718 893
f 893 3718 3717
f 893 3717 896
f 896 3717 3720
f 896 3720 895
f 895 3720 3719
f 895 3719 898
f 898 3719 3722
f 898 3722 897
f 897 3722 3721
f 897 3721 900
f 900 3721 3724
f 900 3724 899
f 899 3724 3723
f 899 3723 902
f 902 3723 3726
f 902 3726 901
f 901 3726 3725
f 901 3725 904
f 904 3725 3728
f 904 3728 903
f 903 3728 3727
f 903 3727 906
f 906 3727 3730
f 906 3730 905
f 905 3730 3729
f 905 3729 908
f 908 3729 3732
f 908 3732 907
f 907 3732 3731
f 907 3731 910
f 910 3731 3734
f 910 3734 909
f 909 3734 3733
f 909 3733 1946
f 1946 3733 4770
f 1946 4770 2037
f 2037 4770 4861
f 2037 4861 2117
f 2117 4861 4941
f 2117 4941 2183
f 2183 4941 5007
f 2183 5007 2246
f 2246 5007 5070
f 2246 5070 2306
f 2306 5070 5130
f 2306 5130 2354
f 2354 5130 5178
f 2354 5178 2635
f 2635 5178 5459
f 2635 5459 2646
f 2646 5459 5470
f 2646 5470 2675
f 2675 5470 5499
f 2675 5499 2689
f 2689 5499 5513
f 2689 5513 2702
f 2702 5513 5526
f 2702 5526 2711
f 2711 5526 5535
f 2711 5535 2721
f 2721 5535 5545
f 2721 5545 2729
f 2729 5545 5553
f 2729 5553 1862
f 1862 5553 4686
f 1862 4686 912
f 912 4686 3735
f 912 3735 913
f 913 3735 3737
f 913 3737 911
f 911 3737 3736
f 911 3736 915
f 915 3736 3739
f 915 3739 914
f 914 3739 3738
f 914 3738 917
f 917 3738 3741
f 917 3741 916
f 916 3741 3740
f 916 3740 919
f 919 3740 3743
f 919 3743 918
f 918 3743 3742
f 918 3742 921
f 921 3742 3745
f 921 3745 920
f 920 3745 3744
f 920 3744 923
f 923 3744 3747
f 923 3747 922
f 922 3747 3746
f 922 3746 1796
f 1796 3746 4620
f 1796 4620 1863
f 1863 4620 4687
f 1863 4687 2038
f 2038 4687 4862
f 2038 4862 2118
f 2118 4862 4942
f 2118 4942 2184
f 2184 4942 5008
f 2184 5008 2597
f 2597 5008 5421
f 2597 5421 2446
f 2446 5421 5270
f 2446 5270 2185
f 2185 5270 5009
f 2185 5009 2039
f 2039 5009 4863
f 2039 4863 1947
f 1947 4863 4771
f 1947 4771 1797
f 1797 4771 4621
f 1797 4621 925
f 925 4621 3748
f 925 3748 926
f 926 3748 3750
f 926 3750 924
f 924 3750 3749
f 924 3749 928
f 928 3749 3752
f 928 3752 927
f 927 3752 3751
f 927 3751 930
f 930 3751 3754
f 930 3754 929
f 929 3754 3753
f 929 3753 932
f 932 3753 3756
f 932 3756 931
f 931 3756 3755
f 931 3755 934
f 934 3755 3758
f 934 3758 933
f 933 3758 3757
f 933 3757 936
f 936 3757 3760
f 936 3760 935
f 935 3760 3759
f 935 3759 938
f 938 3759 3762
f 938 3762 937
f 937 3762 3761
f 937 3761 2247
f 2247 3761 5071
f 2247 5071 2307
f 2307 5071 5131
f 2307 5131 2308
f 2308 5131 5132
f 2308 5132 2248
f 2248 5132 5072
f 2248 5072 2186
f 2186 5072 5010
f 2186 5010 2119
f 2119 5010 4943
f 2119 4943 2040
f 2040 4943 4864
f 2040 4864 1948
f 1948 4864 4772
f 1948 4772 1798
f 1798 4772 4622
f 1798 4622 1731
f 1731 4622 4555
f 1731 4555 940
f 940 4555 3763
f 940 3763 941
f 941 3763 3765
f 941 3765 939
f 939 3765 3764
f 939 3764 943
f 943 3764 3767
f 943 3767 942
f 942 3767 3766
f 942 3766 945
f 945 3766 3769
f 945 3769 944
f 944 3769 3768
f 944 3768 947
f 947 3768 3771
f 947 3771 946
f 946 3771 3770
f 946 3770 949
f 949 3770 3773
f 949 3773 948
f 948 3773 3772
f 948 3772 951
f 951 3772 3775
f 951 3775 950
f 950 3775 3774
f 950 3774 2487
f 2487 3774 5311
f 2487 5311 2520
f 2520 5311 5344
f 2520 5344 2187
f 2187 5344 5011
f 2187 5011 1864
f 1864 5011 4688
f 1864 4688 953
f 953 4688 3776
f 953 3776 954
f 954 3776 3778
f 954 3778 952
f 952 3778 3777
f 952 3777 956
f 956 3777 3780
f 956 3780 955
f 955 3780 3779
f 955 3779 958
f 958 3779 3782
f 958 3782 957
f 957 3782 3781
f 957 3781 960
f 960 3781 3784
f 960 3784 959
f 959 3784 3783
f 959 3783 1949
f 1949 3783 4773
f 1949 4773 1950
f 1950 4773 4774
f 1950 4774 1799
f 1799 4774 4623
f 1799 4623 962
f 962 4623 3785
f 962 3785 963
f 963 3785 3787
f 963 3787 961
f 961 3787 3786
f 961 3786 965
f 965 3786 3789
f 965 3789 964
f 964 3789 3788
f 964 3788 967
f 967 3788 3791
f 967 3791 966
f 966 3791 3790
f 966 3790 969
f 969 3790 3793
f 969 3793 968
f 968 3793 3792
f 968 3792 971
f 971 3792 3795
f 971 3795 970
f 970 3795 3794
f 970 3794 973
f 973 3794 3797
f 973 3797 972
f 972 3797 3796
f 972 3796 975
f 975 3796 3799
f 975 3799 974
f 974 3799 3798
f 974 3798 977
f 977 3798 3801
f 977 3801 976
f 976 3801 3800
f 976 3800 979
f 979 3800 3803
f 979 3803 978
f 978 3803 3802
f 978 3802 1732
f 1732 3802 4556
f 1732 4556 1865
f 1865 4556 4689
f 1865 4689 1951
f 1951 4689 4775
f 1951 4775 2249
f 2249 4775 5073
f 2249 5073 2309
f 2309 5073 5133
f 2309 5133 2355
f 2355 5133 5179
f 2355 5179 2400
f 2400 5179 5224
f 2400 5224 2447
f 2447 5224 5271
f 2447 5271 2488
f 2488 5271 5312
f 2488 5312 2188
f 2188 5312 5012
f 2188 5012 2041
f 2041 5012 4865
f 2041 4865 1952
f 1952 4865 4776
f 1952 4776 1800
f 1800 4776 4624
f 1800 4624 981
f 981 4624 3804
f 981 3804 982
f 982 3804 3806
f 982 3806 980
f 980 3806 3805
f 980 3805 984
f 984 3805 3808
f 984 3808 983
f 983 3808 3807
f 983 3807 986
f 986 3807 3810
f 986 3810 985
f 985 3810 3809
f 985 3809 988
f 988 3809 3812
f 988 3812 987
f 987 3812 3811
f 987 3811 990
f 990 3811 3814
f 990 3814 989
f 989 3814 3813
f 989 3813 992
f 992 3813 3816
f 992 3816 991
f 991 3816 3815
f 991 3815 994
f 994 3815 3818
f 994 3818 993
f 993 3818 3817
f 993 3817 996
f 996 3817 3820
f 996 3820 995
f 995 3820 3819
f 995 3819 998
f 998 3819 3822
f 998 3822 997
f 997 3822 3821
f 997 3821 1000
f 1000 3821 3824
f 1000 3824 999
f 999 3824 3823
f 999 3823 1002
f 1002 3823 3826
f 1002 3826 1001
f 1001 3826 3825
f 1001 3825 1004
f 1004 3825 3828
f 1004 3828 1003
f 1003 3828 3827
f 1003 3827 1006
f 1006 3827 3830
f 1006 3830 1005
f 1005 3830 3829
f 1005 3829 1008
f 1008 3829 3832
f 1008 3832 1007
f 1007 3832 3831
f 1007 3831 1010
f 1010 3831 3834
f 1010 3834 1009
f 1009 3834 3833
f 1009 3833 1012
f 1012 3833 3836
f 1012 3836 1011
f 1011 3836 3835
f 1011 3835 1014
f 1014 3835 3838
f 1014 3838 1013
f 1013 3838 3837
f 1013 3837 1016
f 1016 3837 3840
f 1016 3840 1015
f 1015 3840 3839
f 1015 3839 1018
f 1018 3839 3842
f 1018 3842 1017
f 1017 3842 3841
f 1017 3841 1020
f 1020 3841 3844
f 1020 3844 1019
f 1019 3844 3843
f 1019 3843 1022
f 1022 3843 3846
f 1022 3846 1021
f 1021 3846 3845
f 1021 3845 1024
f 1024 3845 3848
f 1024 3848 1023
f 1023 3848 3847
f 1023 3847 1026
f 1026 3847 3850
f 1026 3850 1025
f 1025 3850 3849
f 1025 3849 1028
f 1028 3849 3852
f 1028 3852 1027
f 1027 3852 3851
f 1027 3851 1030
f 1030 3851 3854
f 1030 3854 1029
f 1029 3854 3853
f 1029 3853 1032
f 1032 3853 3856
f 1032 3856 1031
f 1031 3856 3855
f 1031 3855 1034
f 1034 3855 3858
f 1034 3858 1033
f 1033 3858 3857
f 1033 3857 1036
f 1036 3857 3860
f 1036 3860 1035
f 1035 3860 3859
f 1035 3859 1038
f 1038 3859 3862
f 1038 3862 1037
f 1037 3862 3861
f 1037 3861 1040
f 1040 3861 3864
f 1040 3864 1039
f 1039 3864 3863
f 1039 3863 1042
f 1042 3863 3866
f 1042 3866 1041
f 1041 3866 3865
f 1041 3865 1044
f 1044 3865 3868
f 1044 3868 1043
f 1043 3868 3867
f 1043 3867 1046
f 1046 3867 3870
f 1046 3870 1045
f 1045 3870 3869
f 1045 3869 1048
f 1048 3869 3872
f 1048 3872 1047
f 1047 3872 3871
f 1047 3871 1050
f 1050 3871 3874
f 1050 3874 1049
f 1049 3874 3873
f 1049 3873 1733
f 1733 3873 4557
f 1733 4557 1801
f 1801 4557 4625
f 1801 4625 1953
f 1953 4625 4777
f 1953 4777 2042
f 2042 4777 4866
f 2042 4866 2120
f 2120 4866 4944
f 2120 4944 2189
f 2189 4944 5013
f 2189 5013 2250
f 2250 5013 5074
f 2250 5074 2310
f 2310 5074 5134
f 2310 5134 2356
f 2356 5134 5180
f 2356 5180 2401
f 2401 5180 5225
f 2401 5225 2448
f 2448 5225 5272
f 2448 5272 2489
f 2489 5272 5313
f 2489 5313 2823
f 2823 5313 5647
f 2823 5647 2824
f 2824 5647 5648
f 2824 5648 2822
f 2822 5648 5646
f 2822 5646 2821
f 2821 5646 5645
f 2821 5645 2820
f 2820 5645 5644
f 2820 5644 2818
f 2818 5644 5642
f 2818 5642 2816
f 2816 5642 5640
f 2816 5640 2814
f 2814 5640 5638
f 2814 5638 2809
f 2809 5638 5633
f 2809 5633 2798
f 2798 5633 5622
f 2798 5622 2793
f 2793 5622 5617
f 2793 5617 2788
f 2788 5617 5612
f 2788 5612 2783
f 2783 5612 5607
f 2783 5607 2780
f 2780 5607 5604
f 2780 5604 2772
f 2772 5604 5596
f 2772 5596 2251
f 2251 5596 5075
f 2251 5075 1802
f 1802 5075 4626
f 1802 4626 1052
f 1052 4626 3875
f 1052 3875 1053
f 1053 3875 3877
f 1053 3877 1051
f 1051 3877 3876
f 1051 3876 1055
f 1055 3876 3879
f 1055 3879 1054
f 1054 3879 3878
f 1054 3878 1057
f 1057 3878 3881
f 1057 3881 1056
f 1056 3881 3880
f 1056 3880 1954
f 1954 3880 4778
f 1954 4778 1955
f 1955 4778 4779
f 1955 4779 1866
f 1866 4779 4690
f 1866 4690 1803
f 1803 4690 4627
f 1803 4627 1059
f 1059 4627 3882
f 1059 3882 1060
f 1060 3882 3884
f 1060 3884 1058
f 1058 3884 3883
f 1058 3883 1062
f 1062 3883 3886
f 1062 3886 1061
f 1061 3886 3885
f 1061 3885 1064
f 1064 3885 3888
f 1064 3888 1063
f 1063 3888 3887
f 1063 3887 1066
f 1066 3887 3890
f 1066 3890 1065
f 1065 3890 3889
f 1065 3889 1068
f 1068 3889 3892
f 1068 3892 1067
f 1067 3892 3891
f 1067 3891 1070
f 1070 3891 3894
f 1070 3894 1069
f 1069 3894 3893
f 1069 3893 1867
f 1867 3893 4691
f 1867 4691 1956
f 1956 4691 4780
f 1956 4780 2311
f 2311 4780 5135
f 2311 5135 2357
f 2357 5135 5181
f 2357 5181 2402
f 2402 5181 5226
f 2402 5226 2716
f 2716 5226 5540
f 2716 5540 2690
f 2690 5540 5514
f 2690 5514 2620
f 2620 5514 5444
f 2620 5444 2598
f 2598 5444 5422
f 2598 5422 2490
f 2490 5422 5314
f 2490 5314 2403
f 2403 5314 5227
f 2403 5227 2358
f 2358 5227 5182
f 2358 5182 2252
f 2252 5182 5076
f 2252 5076 2121
f 2121 5076 4945
f 2121 4945 2043
f 2043 4945 4867
f 2043 4867 1957
f 1957 4867 4781
f 1957 4781 1804
f 1804 4781 4628
f 1804 4628 1072
f 1072 4628 3895
f 1072 3895 1073
f 1073 3895 3897
f 1073 3897 1071
f 1071 3897 3896
f 1071 3896 1075
f 1075 3896 3899
f 1075 3899 1074
f 1074 3899 3898
f 1074 3898 1077
f 1077 3898 3901
f 1077 3901 1076
f 1076 3901 3900
f 1076 3900 1079
f 1079 3900 3903
f 1079 3903 1078
f 1078 3903 3902
f 1078 3902 1081
f 1081 3902 3905
f 1081 3905 1080
f 1080 3905 3904
f 1080 3904 1083
f 1083 3904 3907
f 1083 3907 1082
f 1082 3907 3906
f 1082 3906 1085
f 1085 3906 3909
f 1085 3909 1084
f 1084 3909 3908
f 1084 3908 1087
f 1087 3908 3911
f 1087 3911 1086
f 1086 3911 3910
f 1086 3910 1089
f 1089 3910 3913
f 1089 3913 1088
f 1088 3913 3912
f 1088 3912 1091
f 1091 3912 3915
f 1091 3915 1090
f 1090 3915 3914
f 1090 3914 1868
f 1868 3914 4692
f 1868 4692 2122
f 2122 4692 4946
f 2122 4946 2044
f 2044 4946 4868
f 2044 4868 1869
f 1869 4868 4693
f 1869 4693 1734
f 1734 4693 4558
f 1734 4558 1093
f 1093 4558 3916
f 1093 3916 1094
f 1094 3916 3918
f 1094 3918 1092
f 1092 3918 3917
f 1092 3917 1096
f 1096 3917 3920
f 1096 3920 1095
f 1095 3920 3919
f 1095 3919 1098
f 1098 3919 3922
f 1098 3922 1097
f 1097 3922 3921
f 1097 3921 1100
f 1100 3921 3924
f 1100 3924 1099
f 1099 3924 3923
f 1099 3923 1102
f 1102 3923 3926
f 1102 3926 1101
f 1101 3926 3925
f 1101 3925 1104
f 1104 3925 3928
f 1104 3928 1103
f 1103 3928 3927
f 1103 3927 1106
f 1106 3927 3930
f 1106 3930 1105
f 1105 3930 3929
f 1105 3929 1108
f 1108 3929 3932
f 1108 3932 1107
f 1107 3932 3931
f 1107 3931 1110
f 1110 3931 3934
f 1110 3934 1109
f 1109 3934 3933
f 1109 3933 1805
f 1805 3933 4629
f 1805 4629 2253
f 2253 4629 5077
f 2253 5077 2449
f 2449 5077 5273
f 2449 5273 2521
f 2521 5273 5345
f 2521 5345 2312
f 2312 5345 5136
f 2312 5136 2254
f 2254 5136 5078
f 2254 5078 2190
f 2190 5078 5014
f 2190 5014 2123
f 2123 5014 4947
f 2123 4947 1958
f 1958 4947 4782
f 1958 4782 1870
f 1870 4782 4694
f 1870 4694 1112
f 1112 4694 3935
f 1112 3935 1113
f 1113 3935 3937
f 1113 3937 1111
f 1111 3937 3936
f 1111 3936 1115
f 1115 3936 3939
f 1115 3939 1114
f 1114 3939 3938
f 1114 3938 1117
f 1117 3938 3941
f 1117 3941 1116
f 1116 3941 3940
f 1116 3940 1119
f 1119 3940 3943
f 1119 3943 1118
f 1118 3943 3942
f 1118 3942 1121
f 1121 3942 3945
f 1121 3945 1120
f 1120 3945 3944
f 1120 3944 1123
f 1123 3944 3947
f 1123 3947 1122
f 1122 3947 3946
f 1122 3946 1125
f 1125 3946 3949
f 1125 3949 1124
f 1124 3949 3948
f 1124 3948 1127
f 1127 3948 3951
f 1127 3951 1126
f 1126 3951 3950
f 1126 3950 1129
f 1129 3950 3953
f 1129 3953 1128
f 1128 3953 3952
f 1128 3952 1131
f 1131 3952 3955
f 1131 3955 1130
f 1130 3955 3954
f 1130 3954 1133
f 1133 3954 3957
f 1133 3957 1132
f 1132 3957 3956
f 1132 3956 1135
f 1135 3956 3959
f 1135 3959 1134
f 1134 3959 3958
f 1134 3958 1137
f 1137 3958 3961
f 1137 3961 1136
f 1136 3961 3960
f 1136 3960 2359
f 2359 3960 5183
f 2359 5183 2404
f 2404 5183 5228
f 2404 5228 2450
f 2450 5228 5274
f 2450 5274 2491
f 2491 5274 5315
f 2491 5315 2522
f 2522 5315 5346
f 2522 5346 2549
f 2549 5346 5373
f 2549 5373 2636
f 2636 5373 5460
f 2636 5460 2647
f 2647 5460 5471
f 2647 5471 2621
f 2621 5471 5445
f 2621 5445 2599
f 2599 5445 5423
f 2599 5423 1139
f 1139 5423 3962
f 1139 3962 1140
f 1140 3962 3964
f 1140 3964 1138
f 1138 3964 3963
f 1138 3963 2492
f 2492 3963 5316
f 2492 5316 2405
f 2405 5316 5229
f 2405 5229 2360
f 2360 5229 5184
f 2360 5184 2313
f 2313 5184 5137
f 2313 5137 2191
f 2191 5137 5015
f 2191 5015 1735
f 1735 5015 4559
f 1735 4559 1142
f 1142 4559 3965
f 1142 3965 1143
f 1143 3965 3967
f 1143 3967 1141
f 1141 3967 3966
f 1141 3966 1145
f 1145 3966 3969
f 1145 3969 1144
f 1144 3969 3968
f 1144 3968 1147
f 1147 3968 3971
f 1147 3971 1146
f 1146 3971 3970
f 1146 3970 1149
f 1149 3970 3973
f 1149 3973 1148
f 1148 3973 3972
f 1148 3972 1151
f 1151 3972 3975
f 1151 3975 1150
f 1150 3975 3974
f 1150 3974 1153
f 1153 3974 3977
f 1153 3977 1152
f 1152 3977 3976
f 1152 3976 1155
f 1155 3976 3979
f 1155 3979 1154
f 1154 3979 3978
f 1154 3978 1959
f 1959 3978 4783
f 1959 4783 2045
f 2045 4783 4869
f 2045 4869 2124
f 2124 4869 4948
f 2124 4948 2255
f 2255 4948 5079
f 2255 5079 2451
f 2451 5079 5275
f 2451 5275 2573
f 2573 5275 5397
f 2573 5397 2452
f 2452 5397 5276
f 2452 5276 2406
f 2406 5276 5230
f 2406 5230 2314
f 2314 5230 5138
f 2314 5138 1960
f 1960 5138 4784
f 1960 4784 1736
f 1736 4784 4560
f 1736 4560 1157
f 1157 4560 3980
f 1157 3980 1158
f 1158 3980 3982
f 1158 3982 1156
f 1156 3982 3981
f 1156 3981 1160
f 1160 3981 3984
f 1160 3984 1159
f 1159 3984 3983
f 1159 3983 1162
f 1162 3983 3986
f 1162 3986 1161
f 1161 3986 3985
f 1161 3985 1164
f 1164 3985 3988
f 1164 3988 1163
f 1163 3988 3987
f 1163 3987 1166
f 1166 3987 3990
f 1166 3990 1165
f 1165 3990 3989
f 1165 3989 1168
f 1168 3989 3992
f 1168 3992 1167
f 1167 3992 3991
f 1167 3991 1737
f 1737 3991 4561
f 1737 4561 2046
f 2046 4561 4870
f 2046 4870 2125
f 2125 4870 4949
f 2125 4949 2192
f 2192 4949 5016
f 2192 5016 2256
f 2256 5016 5080
f 2256 5080 2257
f 2257 5080 5081
f 2257 5081 2193
f 2193 5081 5017
f 2193 5017 2126
f 2126 5017 4950
f 2126 4950 1961
f 1961 4950 4785
f 1961 4785 1871
f 1871 4785 4695
f 1871 4695 1170
f 1170 4695 3993
f 1170 3993 1171
f 1171 3993 3995
f 1171 3995 1169
f 1169 3995 3994
f 1169 3994 1173
f 1173 3994 3997
f 1173 3997 1172
f 1172 3997 3996
f 1172 3996 1175
f 1175 3996 3999
f 1175 3999 1174
f 1174 3999 3998
f 1174 3998 1177
f 1177 3998 4001
f 2695 5519 2681
f 2681 5519 5505
f 2681 5505 2666
f 2666 5505 5490
f 2666 5490 2652
f 2652 5490 5476
f 2652 5476 2638
f 2638 5476 5462
f 2638 5462 2624
f 2624 5462 5448
f 2624 5448 2606
f 2606 5448 5430
f 2606 5430 2582
f 2582 5430 5406
f 2582 5406 2502
f 2502 5406 5326
f 2502 5326 2332
f 2332 5326 5156
f 2332 5156 2281
f 2281 5156 5105
f 2281 5105 2216
f 2216 5105 5040
f 2216 5040 1700
f 1700 5040 4524
f 1700 4524 4
f 4 4524 2828
f 4 2828 3
f 3 2828 2827
f 3 2827 1
f 1 2827 2826
f 1 2826 2074
f 2074 2826 4898
f 2074 4898 2148
f 2148 4898 4972
f 2148 4972 2215
f 2215 4972 5039
f 2215 5039 2280
f 2280 5039 5104
f 2280 5104 2374
f 2374 5104 5198
f 2374 5198 2423
f 2423 5198 5247
f 2423 5247 2713
f 2713 5247 5537
f 2713 5537 2707
f 2707 5537 5531
f 2707 5531 2695
f 2695 5531 5519
