o 
v 68.671 0 -43.347
v 68.79 0 -42.98
v 68.67 0 -42.98
v 68.704 0 -44.216
v 68.68 0 -43.766
v 68.826 0 -45.128
v 68.75 0 -44.677
v 69.355 0 -47.14
v 68.94 0 -45.55
v 69.126 0 -46.35
v 69.938 0 -48.675
v 69.626 0 -47.915
v 70.682 0 -50.14
v 70.29 0 -49.418
v 71.58 0 -51.516
v 71.112 0 -50.84
v 72.62 0 -52.787
v 72.082 0 -52.165
v 73.79 0 -53.94
v 73.189 0 -53.379
v 74.443 0 -54.44
v 74.113 0 -54.195
v 75.129 0 -54.894
v 74.782 0 -54.673
v 75.844 0 -55.301
v 75.483 0 -55.103
v 76.585 0 -55.659
v 76.211 0 -55.486
v 77.348 0 -55.965
v 76.964 0 -55.818
v 78.13 0 -56.22
v 77.737 0 -56.099
v 79.712 0 -56.596
v 78.916 0 -56.429
v 81.326 0 -56.796
v 80.517 0 -56.718
v 82.952 0 -56.819
v 82.139 0 -56.83
v 84.571 0 -56.664
v 83.764 0 -56.764
v 86.163 0 -56.333
v 85.372 0 -56.52
v 87.71 0 -55.83
v 86.944 0 -56.103
v 88.801 0 -55.276
v 88.264 0 -55.57
v 89.817 0 -54.595
v 89.319 0 -54.951
v 90.744 0 -53.797
v 90.293 0 -54.21
v 91.568 0 -52.892
v 91.17 0 -53.357
v 92.277 0 -51.895
v 91.937 0 -52.405
v 92.86 0 -50.82
v 92.585 0 -51.366
v 93.203 0 -50.073
v 93.037 0 -50.449
v 93.499 0 -49.306
v 93.357 0 -49.691
v 93.748 0 -48.522
v 93.63 0 -48.916
v 93.948 0 -47.724
v 93.854 0 -48.125
v 94.099 0 -46.916
v 94.03 0 -47.321
v 94.2 0 -46.1
v 94.156 0 -46.509
v 94.282 0 -44.865
v 94.253 0 -45.483
v 94.267 0 -43.628
v 94.286 0 -44.246
v 94.157 0 -42.395
v 94.224 0 -43.01
v 93.951 0 -41.175
v 94.066 0 -41.783
v 93.652 0 -39.974
v 93.813 0 -40.571
v 93.26 0 -38.8
v 93.467 0 -39.383
v 92.974 0 -38.024
v 93.121 0 -38.411
v 92.656 0 -37.26
v 92.819 0 -37.641
v 92.309 0 -36.51
v 92.486 0 -36.883
v 91.931 0 -35.774
v 92.124 0 -36.14
v 91.525 0 -35.053
v 91.732 0 -35.412
v 91.09 0 -34.35
v 91.311 0 -34.7
v 90.45 0 -33.305
v 90.775 0 -33.824
v 89.767 0 -32.287
v 90.114 0 -32.793
v 89.044 0 -31.298
v 89.411 0 -31.789
v 88.281 0 -30.34
v 88.667 0 -30.815
v 87.479 0 -29.413
v 87.885 0 -29.872
v 86.64 0 -28.52
v 87.064 0 -28.962
v 86.076 0 -27.936
v 86.359 0 -28.227
v 85.503 0 -27.359
v 85.79 0 -27.646
v 84.922 0 -26.792
v 85.214 0 -27.074
v 84.333 0 -26.232
v 84.628 0 -26.511
v 83.735 0 -25.682
v 84.035 0 -25.956
v 83.13 0 -25.14
v 83.434 0 -25.41
v 82.285 0 -22.07
v 81.91 0 -22.45
v 82.102 0 -22.265
v 82.621 0 -21.657
v 82.458 0 -21.868
v 82.917 0 -21.213
v 82.774 0 -21.438
v 83.168 0 -20.742
v 83.048 0 -20.98
v 83.373 0 -20.25
v 83.277 0 -20.498
v 83.53 0 -19.74
v 83.458 0 -19.997
v 83.607 0 -19.192
v 83.576 0 -19.467
v 83.626 0 -18.64
v 83.623 0 -18.916
v 83.587 0 -18.088
v 83.613 0 -18.364
v 83.49 0 -17.544
v 83.546 0 -17.815
v 83.338 0 -17.012
v 83.421 0 -17.276
v 83.13 0 -16.5
v 83.24 0 -16.754
v 82.592 0 -15.545
v 82.885 0 -16.009
v 81.871 0 -14.718
v 82.252 0 -15.113
v 80.999 0 -14.053
v 81.452 0 -14.363
v 80.01 0 -13.579
v 80.516 0 -13.791
v 78.946 0 -13.314
v 79.485 0 -13.42
v 77.85 0 -13.27
v 78.399 0 -13.264
v 77.188 0 -13.366
v 77.518 0 -13.307
v 76.544 0 -13.544
v 76.863 0 -13.445
v 75.928 0 -13.802
v 76.232 0 -13.663
v 75.349 0 -14.137
v 75.633 0 -13.96
v 74.817 0 -14.541
v 75.076 0 -14.331
v 74.34 0 -15.01
v 74.571 0 -14.768
v 73.998 0 -15.419
v 74.164 0 -15.21
v 73.698 0 -15.86
v 73.843 0 -15.636
v 73.443 0 -16.328
v 73.565 0 -16.091
v 73.235 0 -16.819
v 73.333 0 -16.571
v 73.077 0 -17.328
v 73.15 0 -17.071
v 72.97 0 -17.85
v 73.017 0 -17.588
v 72.85 0 -19.74
v 72.85 0 -18.67
v 73.12 0 -20.29
v 72.97 0 -19.89
v 72.97 0 -20.29
v 73.141 0 -20.595
v 73.12 0 -20.56
v 73.183 0 -20.665
v 73.162 0 -20.63
v 73.228 0 -20.733
v 73.205 0 -20.699
v 73.275 0 -20.799
v 73.251 0 -20.766
v 73.323 0 -20.865
v 73.299 0 -20.832
v 73.374 0 -20.929
v 73.348 0 -20.897
v 73.52 0 -21.23
v 73.4 0 -20.96
v 73.4 0 -21.11
v 73.67 0 -21.51
v 73.52 0 -21.35
v 73.79 0 -21.78
v 73.67 0 -21.63
v 74.34 0 -22.3
v 73.92 0 -21.9
v 74.19 0 -22.18
v 75.56 0 -23.67
v 74.47 0 -22.45
v 78.308 0 -26.642
v 76.63 0 -24.74
v 77.7 0 -25.96
v 87.535 0 -40.121
v 87.25 0 -39.39
v 87.43 0 -39.87
v 78.633 0 -47.209
v 77.18 0 -47.86
v 78.25 0 -47.44
v 79.345 0 -46.668
v 78.998 0 -46.951
v 79.974 0 -46.033
v 79.671 0 -46.362
v 80.508 0 -45.316
v 80.253 0 -45.684
v 80.935 0 -44.531
v 80.735 0 -44.931
v 81.248 0 -43.693
v 81.107 0 -44.117
v 81.447 0 -42.821
v 81.36 0 -43.26
v 81.529 0 -41.931
v 81.503 0 -42.378
v 81.489 0 -41.038
v 81.524 0 -41.484
v 81.326 0 -40.159
v 81.422 0 -40.596
v 81.044 0 -39.31
v 81.199 0 -39.73
v 80.648 0 -38.509
v 80.86 0 -38.903
v 80.078 0 -37.694
v 80.41 0 -38.13
v 79.309 0 -36.916
v 79.71 0 -37.289
v 78.417 0 -36.282
v 78.877 0 -36.58
v 77.43 0 -35.81
v 77.934 0 -36.024
v 76.376 0 -35.514
v 76.909 0 -35.639
v 75.287 0 -35.404
v 75.834 0 -35.436
v 74.48 0 -35.445
v 74.74 0 -35.42
v 73.964 0 -35.524
v 74.221 0 -35.479
v 73.455 0 -35.643
v 73.709 0 -35.579
v 72.958 0 -35.801
v 73.205 0 -35.717
v 72.474 0 -35.997
v 72.714 0 -35.894
v 72.007 0 -36.23
v 72.238 0 -36.109
v 71.333 0 -36.659
v 71.78 0 -36.36
v 70.524 0 -37.367
v 70.913 0 -36.996
v 69.849 0 -38.204
v 70.168 0 -37.771
v 69.328 0 -39.144
v 69.568 0 -38.663
v 68.977 0 -40.161
v 69.13 0 -39.645
v 68.806 0 -41.222
v 68.868 0 -40.688
v 68.79 0 -41.76
v 81.24 0 -23.12
v 87.635 0 -40.373
v 81.24 0 -23.4
v 77.18 0 -48.38
v 78.25 0 -49.6
v 78.912 0 -27.327
v 78.57 0 -49.833
v 79.513 0 -28.015
v 80.11 0 -28.706
v 78.904 0 -50.047
v 80.703 0 -29.401
v 79.25 0 -50.24
v 81.292 0 -30.098
v 79.608 0 -50.411
v 81.878 0 -30.799
v 79.975 0 -50.56
v 82.46 0 -31.503
v 80.35 0 -50.687
v 83.038 0 -32.21
v 80.733 0 -50.79
v 83.613 0 -32.921
v 81.121 0 -50.87
v 84.183 0 -33.634
v 81.513 0 -50.926
v 84.75 0 -34.35
v 81.908 0 -50.958
v 82.304 0 -50.966
v 85.016 0 -34.788
v 82.7 0 -50.95
v 85.274 0 -35.23
v 82.952 0 -50.932
v 85.525 0 -35.677
v 83.203 0 -50.902
v 85.768 0 -36.127
v 83.452 0 -50.861
v 86.004 0 -36.582
v 83.699 0 -50.808
v 86.232 0 -37.041
v 83.944 0 -50.745
v 86.451 0 -37.504
v 84.185 0 -50.67
v 86.663 0 -37.97
v 84.423 0 -50.585
v 86.867 0 -38.44
v 84.657 0 -50.488
v 87.063 0 -38.914
v 84.886 0 -50.381
v 85.109 0 -50.264
v 85.328 0 -50.137
v 87.73 0 -40.627
v 85.54 0 -50
v 87.821 0 -40.883
v 87.907 0 -41.14
v 86.76 0 -48.81
v 87.989 0 -41.399
v 86.914 0 -48.607
v 88.066 0 -41.66
v 87.062 0 -48.4
v 88.138 0 -41.921
v 87.202 0 -48.187
v 88.206 0 -42.184
v 87.335 0 -47.97
v 88.269 0 -42.449
v 87.461 0 -47.749
v 88.327 0 -42.714
v 87.58 0 -47.523
v 88.38 0 -42.98
v 87.691 0 -47.294
v 88.398 0 -43.241
v 87.795 0 -47.061
v 88.409 0 -43.503
v 87.89 0 -46.825
v 88.412 0 -43.765
v 87.978 0 -46.586
v 88.409 0 -44.027
v 88.058 0 -46.344
v 88.399 0 -44.289
v 88.13 0 -46.1
v 88.381 0 -44.55
v 88.189 0 -45.845
v 88.357 0 -44.811
v 88.242 0 -45.588
v 88.325 0 -45.071
v 88.287 0 -45.33
v 68.79 10 -42.98
v 68.671 10 -43.347
v 68.67 10 -42.98
v 68.704 10 -44.216
v 68.68 10 -43.766
v 68.826 10 -45.128
v 68.75 10 -44.677
v 68.94 10 -45.55
v 69.355 10 -47.14
v 69.126 10 -46.35
v 69.938 10 -48.675
v 69.626 10 -47.915
v 70.682 10 -50.14
v 70.29 10 -49.418
v 71.58 10 -51.516
v 71.112 10 -50.84
v 72.62 10 -52.787
v 72.082 10 -52.165
v 73.79 10 -53.94
v 73.189 10 -53.379
v 74.443 10 -54.44
v 74.113 10 -54.195
v 75.129 10 -54.894
v 74.782 10 -54.673
v 75.844 10 -55.301
v 75.483 10 -55.103
v 76.585 10 -55.659
v 76.211 10 -55.486
v 77.348 10 -55.965
v 76.964 10 -55.818
v 78.13 10 -56.22
v 77.737 10 -56.099
v 79.712 10 -56.596
v 78.916 10 -56.429
v 81.326 10 -56.796
v 80.517 10 -56.718
v 82.952 10 -56.819
v 82.139 10 -56.83
v 84.571 10 -56.664
v 83.764 10 -56.764
v 86.163 10 -56.333
v 85.372 10 -56.52
v 87.71 10 -55.83
v 86.944 10 -56.103
v 88.801 10 -55.276
v 88.264 10 -55.57
v 89.817 10 -54.595
v 89.319 10 -54.951
v 90.744 10 -53.797
v 90.293 10 -54.21
v 91.568 10 -52.892
v 91.17 10 -53.357
v 92.277 10 -51.895
v 91.937 10 -52.405
v 92.86 10 -50.82
v 92.585 10 -51.366
v 93.203 10 -50.073
v 93.037 10 -50.449
v 93.499 10 -49.306
v 93.357 10 -49.691
v 93.748 10 -48.522
v 93.63 10 -48.916
v 93.948 10 -47.724
v 93.854 10 -48.125
v 94.099 10 -46.916
v 94.03 10 -47.321
v 94.2 10 -46.1
v 94.156 10 -46.509
v 94.282 10 -44.865
v 94.253 10 -45.483
v 94.267 10 -43.628
v 94.286 10 -44.246
v 94.157 10 -42.395
v 94.224 10 -43.01
v 93.951 10 -41.175
v 94.066 10 -41.783
v 93.652 10 -39.974
v 93.813 10 -40.571
v 93.26 10 -38.8
v 93.467 10 -39.383
v 92.974 10 -38.024
v 93.121 10 -38.411
v 92.656 10 -37.26
v 92.819 10 -37.641
v 92.309 10 -36.51
v 92.486 10 -36.883
v 91.931 10 -35.774
v 92.124 10 -36.14
v 91.525 10 -35.053
v 91.732 10 -35.412
v 91.09 10 -34.35
v 91.311 10 -34.7
v 90.45 10 -33.305
v 90.775 10 -33.824
v 89.767 10 -32.287
v 90.114 10 -32.793
v 89.044 10 -31.298
v 89.411 10 -31.789
v 88.281 10 -30.34
v 88.667 10 -30.815
v 87.479 10 -29.413
v 87.885 10 -29.872
v 86.64 10 -28.52
v 87.064 10 -28.962
v 86.076 10 -27.936
v 86.359 10 -28.227
v 85.503 10 -27.359
v 85.79 10 -27.646
v 84.922 10 -26.792
v 85.214 10 -27.074
v 84.333 10 -26.232
v 84.628 10 -26.511
v 83.735 10 -25.682
v 84.035 10 -25.956
v 83.13 10 -25.14
v 83.434 10 -25.41
v 81.91 10 -22.45
v 82.285 10 -22.07
v 82.102 10 -22.265
v 82.621 10 -21.657
v 82.458 10 -21.868
v 82.917 10 -21.213
v 82.774 10 -21.438
v 83.168 10 -20.742
v 83.048 10 -20.98
v 83.373 10 -20.25
v 83.277 10 -20.498
v 83.53 10 -19.74
v 83.458 10 -19.997
v 83.607 10 -19.192
v 83.576 10 -19.467
v 83.626 10 -18.64
v 83.623 10 -18.916
v 83.587 10 -18.088
v 83.613 10 -18.364
v 83.49 10 -17.544
v 83.546 10 -17.815
v 83.338 10 -17.012
v 83.421 10 -17.276
v 83.13 10 -16.5
v 83.24 10 -16.754
v 82.592 10 -15.545
v 82.885 10 -16.009
v 81.871 10 -14.718
v 82.252 10 -15.113
v 80.999 10 -14.053
v 81.452 10 -14.363
v 80.01 10 -13.579
v 80.516 10 -13.791
v 78.946 10 -13.314
v 79.485 10 -13.42
v 77.85 10 -13.27
v 78.399 10 -13.264
v 77.188 10 -13.366
v 77.518 10 -13.307
v 76.544 10 -13.544
v 76.863 10 -13.445
v 75.928 10 -13.802
v 76.232 10 -13.663
v 75.349 10 -14.137
v 75.633 10 -13.96
v 74.817 10 -14.541
v 75.076 10 -14.331
v 74.34 10 -15.01
v 74.571 10 -14.768
v 73.998 10 -15.419
v 74.164 10 -15.21
v 73.698 10 -15.86
v 73.843 10 -15.636
v 73.443 10 -16.328
v 73.565 10 -16.091
v 73.235 10 -16.819
v 73.333 10 -16.571
v 73.077 10 -17.328
v 73.15 10 -17.071
v 72.97 10 -17.85
v 73.017 10 -17.588
v 72.85 10 -19.74
v 72.85 10 -18.67
v 72.97 10 -19.89
v 73.12 10 -20.29
v 72.97 10 -20.29
v 73.141 10 -20.595
v 73.12 10 -20.56
v 73.183 10 -20.665
v 73.162 10 -20.63
v 73.228 10 -20.733
v 73.205 10 -20.699
v 73.275 10 -20.799
v 73.251 10 -20.766
v 73.323 10 -20.865
v 73.299 10 -20.832
v 73.374 10 -20.929
v 73.348 10 -20.897
v 73.4 10 -20.96
v 73.52 10 -21.23
v 73.4 10 -21.11
v 73.67 10 -21.51
v 73.52 10 -21.35
v 73.79 10 -21.78
v 73.67 10 -21.63
v 73.92 10 -21.9
v 74.34 10 -22.3
v 74.19 10 -22.18
v 75.56 10 -23.67
v 74.47 10 -22.45
v 76.63 10 -24.74
v 78.308 10 -26.642
v 77.7 10 -25.96
v 87.25 10 -39.39
v 87.535 10 -40.121
v 87.43 10 -39.87
v 77.18 10 -47.86
v 78.633 10 -47.209
v 78.25 10 -47.44
v 79.345 10 -46.668
v 78.998 10 -46.951
v 79.974 10 -46.033
v 79.671 10 -46.362
v 80.508 10 -45.316
v 80.253 10 -45.684
v 80.935 10 -44.531
v 80.735 10 -44.931
v 81.248 10 -43.693
v 81.107 10 -44.117
v 81.447 10 -42.821
v 81.36 10 -43.26
v 81.529 10 -41.931
v 81.503 10 -42.378
v 81.489 10 -41.038
v 81.524 10 -41.484
v 81.326 10 -40.159
v 81.422 10 -40.596
v 81.044 10 -39.31
v 81.199 10 -39.73
v 80.648 10 -38.509
v 80.86 10 -38.903
v 80.078 10 -37.694
v 80.41 10 -38.13
v 79.309 10 -36.916
v 79.71 10 -37.289
v 78.417 10 -36.282
v 78.877 10 -36.58
v 77.43 10 -35.81
v 77.934 10 -36.024
v 76.376 10 -35.514
v 76.909 10 -35.639
v 75.287 10 -35.404
v 75.834 10 -35.436
v 74.48 10 -35.445
v 74.74 10 -35.42
v 73.964 10 -35.524
v 74.221 10 -35.479
v 73.455 10 -35.643
v 73.709 10 -35.579
v 72.958 10 -35.801
v 73.205 10 -35.717
v 72.474 10 -35.997
v 72.714 10 -35.894
v 72.007 10 -36.23
v 72.238 10 -36.109
v 71.333 10 -36.659
v 71.78 10 -36.36
v 70.524 10 -37.367
v 70.913 10 -36.996
v 69.849 10 -38.204
v 70.168 10 -37.771
v 69.328 10 -39.144
v 69.568 10 -38.663
v 68.977 10 -40.161
v 69.13 10 -39.645
v 68.806 10 -41.222
v 68.868 10 -40.688
v 68.79 10 -41.76
v 81.24 10 -23.12
v 87.635 10 -40.373
v 81.24 10 -23.4
v 77.18 10 -48.38
v 78.25 10 -49.6
v 78.912 10 -27.327
v 78.57 10 -49.833
v 79.513 10 -28.015
v 80.11 10 -28.706
v 78.904 10 -50.047
v 80.703 10 -29.401
v 79.25 10 -50.24
v 81.292 10 -30.098
v 79.608 10 -50.411
v 81.878 10 -30.799
v 79.975 10 -50.56
v 82.46 10 -31.503
v 80.35 10 -50.687
v 83.038 10 -32.21
v 80.733 10 -50.79
v 83.613 10 -32.921
v 81.121 10 -50.87
v 84.183 10 -33.634
v 81.513 10 -50.926
v 84.75 10 -34.35
v 81.908 10 -50.958
v 82.304 10 -50.966
v 85.016 10 -34.788
v 82.7 10 -50.95
v 85.274 10 -35.23
v 82.952 10 -50.932
v 85.525 10 -35.677
v 83.203 10 -50.902
v 85.768 10 -36.127
v 83.452 10 -50.861
v 86.004 10 -36.582
v 83.699 10 -50.808
v 86.232 10 -37.041
v 83.944 10 -50.745
v 86.451 10 -37.504
v 84.185 10 -50.67
v 86.663 10 -37.97
v 84.423 10 -50.585
v 86.867 10 -38.44
v 84.657 10 -50.488
v 87.063 10 -38.914
v 84.886 10 -50.381
v 85.109 10 -50.264
v 85.328 10 -50.137
v 87.73 10 -40.627
v 85.54 10 -50
v 87.821 10 -40.883
v 87.907 10 -41.14
v 86.76 10 -48.81
v 87.989 10 -41.399
v 86.914 10 -48.607
v 88.066 10 -41.66
v 87.062 10 -48.4
v 88.138 10 -41.921
v 87.202 10 -48.187
v 88.206 10 -42.184
v 87.335 10 -47.97
v 88.269 10 -42.449
v 87.461 10 -47.749
v 88.327 10 -42.714
v 87.58 10 -47.523
v 88.38 10 -42.98
v 87.691 10 -47.294
v 88.398 10 -43.241
v 87.795 10 -47.061
v 88.409 10 -43.503
v 87.89 10 -46.825
v 88.412 10 -43.765
v 87.978 10 -46.586
v 88.409 10 -44.027
v 88.058 10 -46.344
v 88.399 10 -44.289
v 88.13 10 -46.1
v 88.381 10 -44.55
v 88.189 10 -45.845
v 88.357 10 -44.811
v 88.242 10 -45.588
v 88.325 10 -45.071
v 88.287 10 -45.33
f 1 2 3
f 4 1 5
f 6 4 7
f 8 9 10
f 11 8 12
f 13 11 14
f 15 13 16
f 17 15 18
f 19 17 20
f 21 19 22
f 23 21 24
f 25 23 26
f 27 25 28
f 29 27 30
f 31 29 32
f 33 31 34
f 35 33 36
f 37 35 38
f 39 37 40
f 41 39 42
f 43 41 44
f 45 43 46
f 47 45 48
f 49 47 50
f 51 49 52
f 53 51 54
f 55 53 56
f 57 55 58
f 59 57 60
f 61 59 62
f 63 61 64
f 65 63 66
f 67 65 68
f 69 67 70
f 71 69 72
f 73 71 74
f 75 73 76
f 77 75 78
f 79 77 80
f 81 79 82
f 83 81 84
f 85 83 86
f 87 85 88
f 89 87 90
f 91 89 92
f 93 91 94
f 95 93 96
f 97 95 98
f 99 97 100
f 101 99 102
f 103 101 104
f 105 103 106
f 107 105 108
f 109 107 110
f 111 109 112
f 113 111 114
f 115 113 116
f 117 118 119
f 120 117 121
f 122 120 123
f 124 122 125
f 126 124 127
f 128 126 129
f 130 128 131
f 132 130 133
f 134 132 135
f 136 134 137
f 138 136 139
f 140 138 141
f 142 140 143
f 144 142 145
f 146 144 147
f 148 146 149
f 150 148 151
f 152 150 153
f 154 152 155
f 156 154 157
f 158 156 159
f 160 158 161
f 162 160 163
f 164 162 165
f 166 164 167
f 168 166 169
f 170 168 171
f 172 170 173
f 174 172 175
f 176 174 177
f 178 176 179
f 180 181 182
f 183 180 184
f 185 183 186
f 187 185 188
f 189 187 190
f 191 189 192
f 193 191 194
f 195 196 197
f 198 195 199
f 200 198 201
f 202 203 204
f 205 202 206
f 207 208 209
f 210 211 212
f 213 214 215
f 216 213 217
f 218 216 219
f 220 218 221
f 222 220 223
f 224 222 225
f 226 224 227
f 228 226 229
f 230 228 231
f 232 230 233
f 234 232 235
f 236 234 237
f 238 236 239
f 240 238 241
f 242 240 243
f 244 242 245
f 246 244 247
f 248 246 249
f 250 248 251
f 252 250 253
f 254 252 255
f 256 254 257
f 258 256 259
f 260 258 261
f 262 260 263
f 264 262 265
f 266 264 267
f 268 266 269
f 270 268 271
f 272 270 273
f 2 272 274
f 4 2 1
f 9 4 6
f 11 9 8
f 15 11 13
f 19 15 17
f 23 19 21
f 27 23 25
f 31 27 29
f 35 31 33
f 39 35 37
f 43 39 41
f 47 43 45
f 51 47 49
f 55 51 53
f 59 55 57
f 63 59 61
f 67 63 65
f 71 67 69
f 75 71 73
f 79 75 77
f 83 79 81
f 87 83 85
f 91 87 89
f 95 91 93
f 99 95 97
f 103 99 101
f 107 103 105
f 111 107 109
f 115 111 113
f 117 275 118
f 122 117 120
f 126 122 124
f 130 126 128
f 134 130 132
f 138 134 136
f 142 138 140
f 146 142 144
f 150 146 148
f 154 150 152
f 158 154 156
f 162 158 160
f 166 162 164
f 170 166 168
f 174 170 172
f 178 174 176
f 185 180 183
f 189 185 187
f 193 189 191
f 198 196 195
f 203 198 200
f 208 202 205
f 276 211 210
f 216 214 213
f 220 216 218
f 224 220 222
f 228 224 226
f 232 228 230
f 236 232 234
f 240 236 238
f 244 240 242
f 248 244 246
f 252 248 250
f 256 252 254
f 260 256 258
f 264 260 262
f 268 264 266
f 272 268 270
f 9 2 4
f 15 9 11
f 23 15 19
f 31 23 27
f 39 31 35
f 47 39 43
f 55 47 51
f 63 55 59
f 71 63 67
f 79 71 75
f 87 79 83
f 95 87 91
f 103 95 99
f 111 103 107
f 122 275 117
f 130 122 126
f 138 130 134
f 146 138 142
f 154 146 150
f 162 154 158
f 170 162 166
f 178 170 174
f 189 180 185
f 196 189 193
f 203 196 198
f 220 214 216
f 228 220 224
f 236 228 232
f 244 236 240
f 252 244 248
f 260 252 256
f 268 260 264
f 2 268 272
f 15 2 9
f 31 15 23
f 47 31 39
f 63 47 55
f 79 63 71
f 95 79 87
f 111 95 103
f 130 275 122
f 146 130 138
f 162 146 154
f 178 162 170
f 196 180 189
f 202 196 203
f 228 214 220
f 244 228 236
f 260 244 252
f 2 260 268
f 31 2 15
f 63 31 47
f 95 63 79
f 115 95 111
f 146 275 130
f 178 146 162
f 196 181 180
f 208 196 202
f 244 214 228
f 2 244 260
f 115 63 95
f 146 277 275
f 181 146 178
f 208 181 196
f 2 214 244
f 277 63 115
f 181 277 146
f 207 181 208
f 2 278 214
f 207 277 181
f 2 279 278
f 280 277 207
f 2 281 279
f 282 277 280
f 31 281 2
f 283 277 282
f 31 284 281
f 285 277 283
f 31 286 284
f 287 277 285
f 31 288 286
f 289 277 287
f 31 290 288
f 291 277 289
f 31 292 290
f 293 277 291
f 31 294 292
f 295 277 293
f 31 296 294
f 297 277 295
f 31 298 296
f 299 277 297
f 31 300 298
f 299 63 277
f 31 301 300
f 302 63 299
f 31 303 301
f 304 63 302
f 31 305 303
f 306 63 304
f 31 307 305
f 308 63 306
f 31 309 307
f 310 63 308
f 31 311 309
f 312 63 310
f 31 313 311
f 314 63 312
f 31 315 313
f 316 63 314
f 31 317 315
f 318 63 316
f 31 319 317
f 320 63 318
f 31 321 319
f 211 63 320
f 31 322 321
f 276 63 211
f 31 323 322
f 324 63 276
f 31 325 323
f 326 63 324
f 63 325 31
f 327 63 326
f 63 328 325
f 329 63 327
f 63 330 328
f 331 63 329
f 63 332 330
f 333 63 331
f 63 334 332
f 335 63 333
f 63 336 334
f 337 63 335
f 63 338 336
f 339 63 337
f 63 340 338
f 341 63 339
f 63 342 340
f 343 63 341
f 63 344 342
f 345 63 343
f 63 346 344
f 347 63 345
f 63 348 346
f 349 63 347
f 63 350 348
f 351 63 349
f 63 352 350
f 353 63 351
f 63 354 352
f 355 63 353
f 63 356 354
f 357 63 355
f 63 358 356
f 358 63 357
f 359 360 361
f 360 362 363
f 362 364 365
f 366 367 368
f 367 369 370
f 369 371 372
f 371 373 374
f 373 375 376
f 375 377 378
f 377 379 380
f 379 381 382
f 381 383 384
f 383 385 386
f 385 387 388
f 387 389 390
f 389 391 392
f 391 393 394
f 393 395 396
f 395 397 398
f 397 399 400
f 399 401 402
f 401 403 404
f 403 405 406
f 405 407 408
f 407 409 410
f 409 411 412
f 411 413 414
f 413 415 416
f 415 417 418
f 417 419 420
f 419 421 422
f 421 423 424
f 423 425 426
f 425 427 428
f 427 429 430
f 429 431 432
f 431 433 434
f 433 435 436
f 435 437 438
f 437 439 440
f 439 441 442
f 441 443 444
f 443 445 446
f 445 447 448
f 447 449 450
f 449 451 452
f 451 453 454
f 453 455 456
f 455 457 458
f 457 459 460
f 459 461 462
f 461 463 464
f 463 465 466
f 465 467 468
f 467 469 470
f 469 471 472
f 471 473 474
f 475 476 477
f 476 478 479
f 478 480 481
f 480 482 483
f 482 484 485
f 484 486 487
f 486 488 489
f 488 490 491
f 490 492 493
f 492 494 495
f 494 496 497
f 496 498 499
f 498 500 501
f 500 502 503
f 502 504 505
f 504 506 507
f 506 508 509
f 508 510 511
f 510 512 513
f 512 514 515
f 514 516 517
f 516 518 519
f 518 520 521
f 520 522 523
f 522 524 525
f 524 526 527
f 526 528 529
f 528 530 531
f 530 532 533
f 532 534 535
f 534 536 537
f 538 539 540
f 539 541 542
f 541 543 544
f 543 545 546
f 545 547 548
f 547 549 550
f 549 551 552
f 553 554 555
f 554 556 557
f 556 558 559
f 560 561 562
f 561 563 564
f 565 566 567
f 568 569 570
f 571 572 573
f 572 574 575
f 574 576 577
f 576 578 579
f 578 580 581
f 580 582 583
f 582 584 585
f 584 586 587
f 586 588 589
f 588 590 591
f 590 592 593
f 592 594 595
f 594 596 597
f 596 598 599
f 598 600 601
f 600 602 603
f 602 604 605
f 604 606 607
f 606 608 609
f 608 610 611
f 610 612 613
f 612 614 615
f 614 616 617
f 616 618 619
f 618 620 621
f 620 622 623
f 622 624 625
f 624 626 627
f 626 628 629
f 628 630 631
f 630 359 632
f 359 362 360
f 362 366 364
f 366 369 367
f 369 373 371
f 373 377 375
f 377 381 379
f 381 385 383
f 385 389 387
f 389 393 391
f 393 397 395
f 397 401 399
f 401 405 403
f 405 409 407
f 409 413 411
f 413 417 415
f 417 421 419
f 421 425 423
f 425 429 427
f 429 433 431
f 433 437 435
f 437 441 439
f 441 445 443
f 445 449 447
f 449 453 451
f 453 457 455
f 457 461 459
f 461 465 463
f 465 469 467
f 469 473 471
f 633 476 475
f 476 480 478
f 480 484 482
f 484 488 486
f 488 492 490
f 492 496 494
f 496 500 498
f 500 504 502
f 504 508 506
f 508 512 510
f 512 516 514
f 516 520 518
f 520 524 522
f 524 528 526
f 528 532 530
f 532 536 534
f 539 543 541
f 543 547 545
f 547 551 549
f 553 556 554
f 556 560 558
f 561 565 563
f 568 634 569
f 571 574 572
f 574 578 576
f 578 582 580
f 582 586 584
f 586 590 588
f 590 594 592
f 594 598 596
f 598 602 600
f 602 606 604
f 606 610 608
f 610 614 612
f 614 618 616
f 618 622 620
f 622 626 624
f 626 630 628
f 359 366 362
f 366 373 369
f 373 381 377
f 381 389 385
f 389 397 393
f 397 405 401
f 405 413 409
f 413 421 417
f 421 429 425
f 429 437 433
f 437 445 441
f 445 453 449
f 453 461 457
f 461 469 465
f 633 480 476
f 480 488 484
f 488 496 492
f 496 504 500
f 504 512 508
f 512 520 516
f 520 528 524
f 528 536 532
f 539 547 543
f 547 553 551
f 553 560 556
f 571 578 574
f 578 586 582
f 586 594 590
f 594 602 598
f 602 610 606
f 610 618 614
f 618 626 622
f 626 359 630
f 359 373 366
f 373 389 381
f 389 405 397
f 405 421 413
f 421 437 429
f 437 453 445
f 453 469 461
f 633 488 480
f 488 504 496
f 504 520 512
f 520 536 528
f 539 553 547
f 553 561 560
f 571 586 578
f 586 602 594
f 602 618 610
f 618 359 626
f 359 389 373
f 389 421 405
f 421 453 437
f 453 473 469
f 633 504 488
f 504 536 520
f 538 553 539
f 553 565 561
f 571 602 586
f 602 359 618
f 421 473 453
f 635 504 633
f 504 538 536
f 538 565 553
f 571 359 602
f 421 635 473
f 635 538 504
f 538 566 565
f 636 359 571
f 635 566 538
f 637 359 636
f 635 638 566
f 639 359 637
f 635 640 638
f 639 389 359
f 635 641 640
f 642 389 639
f 635 643 641
f 644 389 642
f 635 645 643
f 646 389 644
f 635 647 645
f 648 389 646
f 635 649 647
f 650 389 648
f 635 651 649
f 652 389 650
f 635 653 651
f 654 389 652
f 635 655 653
f 656 389 654
f 635 657 655
f 658 389 656
f 421 657 635
f 659 389 658
f 421 660 657
f 661 389 659
f 421 662 660
f 663 389 661
f 421 664 662
f 665 389 663
f 421 666 664
f 667 389 665
f 421 668 666
f 669 389 667
f 421 670 668
f 671 389 669
f 421 672 670
f 673 389 671
f 421 674 672
f 675 389 673
f 421 676 674
f 677 389 675
f 421 678 676
f 679 389 677
f 421 568 678
f 680 389 679
f 421 634 568
f 681 389 680
f 421 682 634
f 683 389 681
f 421 684 682
f 683 421 389
f 421 685 684
f 686 421 683
f 421 687 685
f 688 421 686
f 421 689 687
f 690 421 688
f 421 691 689
f 692 421 690
f 421 693 691
f 694 421 692
f 421 695 693
f 696 421 694
f 421 697 695
f 698 421 696
f 421 699 697
f 700 421 698
f 421 701 699
f 702 421 700
f 421 703 701
f 704 421 702
f 421 705 703
f 706 421 704
f 421 707 705
f 708 421 706
f 421 709 707
f 710 421 708
f 421 711 709
f 712 421 710
f 421 713 711
f 714 421 712
f 421 715 713
f 716 421 714
f 421 716 715
f 3 361 1
f 1 361 360
f 1 360 5
f 5 360 363
f 5 363 4
f 4 363 362
f 4 362 7
f 7 362 365
f 7 365 6
f 6 365 364
f 6 364 9
f 9 364 366
f 9 366 10
f 10 366 368
f 10 368 8
f 8 368 367
f 8 367 12
f 12 367 370
f 12 370 11
f 11 370 369
f 11 369 14
f 14 369 372
f 14 372 13
f 13 372 371
f 13 371 16
f 16 371 374
f 16 374 15
f 15 374 373
f 15 373 18
f 18 373 376
f 18 376 17
f 17 376 375
f 17 375 20
f 20 375 378
f 20 378 19
f 19 378 377
f 19 377 22
f 22 377 380
f 22 380 21
f 21 380 379
f 21 379 24
f 24 379 382
f 24 382 23
f 23 382 381
f 23 381 26
f 26 381 384
f 26 384 25
f 25 384 383
f 25 383 28
f 28 383 386
f 28 386 27
f 27 386 385
f 27 385 30
f 30 385 388
f 30 388 29
f 29 388 387
f 29 387 32
f 32 387 390
f 32 390 31
f 31 390 389
f 31 389 34
f 34 389 392
f 34 392 33
f 33 392 391
f 33 391 36
f 36 391 394
f 36 394 35
f 35 394 393
f 35 393 38
f 38 393 396
f 38 396 37
f 37 396 395
f 37 395 40
f 40 395 398
f 40 398 39
f 39 398 397
f 39 397 42
f 42 397 400
f 42 400 41
f 41 400 399
f 41 399 44
f 44 399 402
f 44 402 43
f 43 402 401
f 43 401 46
f 46 401 404
f 46 404 45
f 45 404 403
f 45 403 48
f 48 403 406
f 48 406 47
f 47 406 405
f 47 405 50
f 50 405 408
f 50 408 49
f 49 408 407
f 49 407 52
f 52 407 410
f 52 410 51
f 51 410 409
f 51 409 54
f 54 409 412
f 54 412 53
f 53 412 411
f 53 411 56
f 56 411 414
f 56 414 55
f 55 414 413
f 55 413 58
f 58 413 416
f 58 416 57
f 57 416 415
f 57 415 60
f 60 415 418
f 60 418 59
f 59 418 417
f 59 417 62
f 62 417 420
f 62 420 61
f 61 420 419
f 61 419 64
f 64 419 422
f 64 422 63
f 63 422 421
f 63 421 66
f 66 421 424
f 66 424 65
f 65 424 423
f 65 423 68
f 68 423 426
f 68 426 67
f 67 426 425
f 67 425 70
f 70 425 428
f 70 428 69
f 69 428 427
f 69 427 72
f 72 427 430
f 72 430 71
f 71 430 429
f 71 429 74
f 74 429 432
f 74 432 73
f 73 432 431
f 73 431 76
f 76 431 434
f 76 434 75
f 75 434 433
f 75 433 78
f 78 433 436
f 78 436 77
f 77 436 435
f 77 435 80
f 80 435 438
f 80 438 79
f 79 438 437
f 79 437 82
f 82 437 440
f 82 440 81
f 81 440 439
f 81 439 84
f 84 439 442
f 84 442 83
f 83 442 441
f 83 441 86
f 86 441 444
f 86 444 85
f 85 444 443
f 85 443 88
f 88 443 446
f 88 446 87
f 87 446 445
f 87 445 90
f 90 445 448
f 90 448 89
f 89 448 447
f 89 447 92
f 92 447 450
f 92 450 91
f 91 450 449
f 91 449 94
f 94 449 452
f 94 452 93
f 93 452 451
f 93 451 96
f 96 451 454
f 96 454 95
f 95 454 453
f 95 453 98
f 98 453 456
f 98 456 97
f 97 456 455
f 97 455 100
f 100 455 458
f 100 458 99
f 99 458 457
f 99 457 102
f 102 457 460
f 102 460 101
f 101 460 459
f 101 459 104
f 104 459 462
f 104 462 103
f 103 462 461
f 103 461 106
f 106 461 464
f 106 464 105
f 105 464 463
f 105 463 108
f 108 463 466
f 108 466 107
f 107 466 465
f 107 465 110
f 110 465 468
f 110 468 109
f 109 468 467
f 109 467 112
f 112 467 470
f 112 470 111
f 111 470 469
f 111 469 114
f 114 469 472
f 114 472 113
f 113 472 471
f 113 471 116
f 116 471 474
f 116 474 115
f 115 474 473
f 115 473 277
f 277 473 635
f 277 635 275
f 275 635 633
f 275 633 118
f 118 633 475
f 118 475 119
f 119 475 477
f 119 477 117
f 117 477 476
f 117 476 121
f 121 476 479
f 121 479 120
f 120 479 478
f 120 478 123
f 123 478 481
f 123 481 122
f 122 481 480
f 122 480 125
f 125 480 483
f 125 483 124
f 124 483 482
f 124 482 127
f 127 482 485
f 127 485 126
f 126 485 484
f 126 484 129
f 129 484 487
f 129 487 128
f 128 487 486
f 128 486 131
f 131 486 489
f 131 489 130
f 130 489 488
f 130 488 133
f 133 488 491
f 133 491 132
f 132 491 490
f 132 490 135
f 135 490 493
f 135 493 134
f 134 493 492
f 134 492 137
f 137 492 495
f 137 495 136
f 136 495 494
f 136 494 139
f 139 494 497
f 139 497 138
f 138 497 496
f 138 496 141
f 141 496 499
f 141 499 140
f 140 499 498
f 140 498 143
f 143 498 501
f 143 501 142
f 142 501 500
f 142 500 145
f 145 500 503
f 145 503 144
f 144 503 502
f 144 502 147
f 147 502 505
f 147 505 146
f 146 505 504
f 146 504 149
f 149 504 507
f 149 507 148
f 148 507 506
f 148 506 151
f 151 506 509
f 151 509 150
f 150 509 508
f 150 508 153
f 153 508 511
f 153 511 152
f 152 511 510
f 152 510 155
f 155 510 513
f 155 513 154
f 154 513 512
f 154 512 157
f 157 512 515
f 157 515 156
f 156 515 514
f 156 514 159
f 159 514 517
f 159 517 158
f 158 517 516
f 158 516 161
f 161 516 519
f 161 519 160
f 160 519 518
f 160 518 163
f 163 518 521
f 163 521 162
f 162 521 520
f 162 520 165
f 165 520 523
f 165 523 164
f 164 523 522
f 164 522 167
f 167 522 525
f 167 525 166
f 166 525 524
f 166 524 169
f 169 524 527
f 169 527 168
f 168 527 526
f 168 526 171
f 171 526 529
f 171 529 170
f 170 529 528
f 170 528 173
f 173 528 531
f 173 531 172
f 172 531 530
f 172 530 175
f 175 530 533
f 175 533 174
f 174 533 532
f 174 532 177
f 177 532 535
f 177 535 176
f 176 535 534
f 176 534 179
f 179 534 537
f 179 537 178
f 178 537 536
f 178 536 181
f 181 536 538
f 181 538 182
f 182 538 540
f 182 540 180
f 180 540 539
f 180 539 184
f 184 539 542
f 184 542 183
f 183 542 541
f 183 541 186
f 186 541 544
f 186 544 185
f 185 544 543
f 185 543 188
f 188 543 546
f 188 546 187
f 187 546 545
f 187 545 190
f 190 545 548
f 190 548 189
f 189 548 547
f 189 547 192
f 192 547 550
f 192 550 191
f 191 550 549
f 191 549 194
f 194 549 552
f 194 552 193
f 193 552 551
f 193 551 196
f 196 551 553
f 196 553 197
f 197 553 555
f 197 555 195
f 195 555 554
f 195 554 199
f 199 554 557
f 199 557 198
f 198 557 556
f 198 556 201
f 201 556 559
f 201 559 200
f 200 559 558
f 200 558 203
f 203 558 560
f 203 560 204
f 204 560 562
f 204 562 202
f 202 562 561
f 202 561 206
f 206 561 564
f 206 564 205
f 205 564 563
f 205 563 208
f 208 563 565
f 208 565 209
f 209 565 567
f 209 567 207
f 207 567 566
f 207 566 280
f 280 566 638
f 280 638 282
f 282 638 640
f 282 640 283
f 283 640 641
f 283 641 285
f 285 641 643
f 285 643 287
f 287 643 645
f 287 645 289
f 289 645 647
f 289 647 291
f 291 647 649
f 291 649 293
f 293 649 651
f 293 651 295
f 295 651 653
f 295 653 297
f 297 653 655
f 297 655 299
f 299 655 657
f 299 657 302
f 302 657 660
f 302 660 304
f 304 660 662
f 304 662 306
f 306 662 664
f 306 664 308
f 308 664 666
f 308 666 310
f 310 666 668
f 310 668 312
f 312 668 670
f 312 670 314
f 314 670 672
f 314 672 316
f 316 672 674
f 316 674 318
f 318 674 676
f 318 676 320
f 320 676 678
f 320 678 211
f 211 678 568
f 211 568 212
f 212 568 570
f 212 570 210
f 210 570 569
f 210 569 276
f 276 569 634
f 276 634 324
f 324 634 682
f 324 682 326
f 326 682 684
f 326 684 327
f 327 684 685
f 327 685 329
f 329 685 687
f 329 687 331
f 331 687 689
f 331 689 333
f 333 689 691
f 333 691 335
f 335 691 693
f 335 693 337
f 337 693 695
f 337 695 339
f 339 695 697
f 339 697 341
f 341 697 699
f 341 699 343
f 343 699 701
f 343 701 345
f 345 701 703
f 345 703 347
f 347 703 705
f 347 705 349
f 349 705 707
f 349 707 351
f 351 707 709
f 351 709 353
f 353 709 711
f 353 711 355
f 355 711 713
f 355 713 357
f 357 713 715
f 357 715 358
f 358 715 716
f 358 716 356
f 356 716 714
f 356 714 354
f 354 714 712
f 354 712 352
f 352 712 710
f 352 710 350
f 350 710 708
f 350 708 348
f 348 708 706
f 348 706 346
f 346 706 704
f 346 704 344
f 344 704 702
f 344 702 342
f 342 702 700
f 342 700 340
f 340 700 698
f 340 698 338
f 338 698 696
f 338 696 336
f 336 696 694
f 336 694 334
f 334 694 692
f 334 692 332
f 332 692 690
f 332 690 330
f 330 690 688
f 330 688 328
f 328 688 686
f 328 686 325
f 325 686 683
f 325 683 323
f 323 683 681
f 323 681 322
f 322 681 680
f 322 680 321
f 321 680 679
f 321 679 319
f 319 679 677
f 319 677 317
f 317 677 675
f 317 675 315
f 315 675 673
f 315 673 313
f 313 673 671
f 313 671 311
f 311 671 669
f 311 669 309
f 309 669 667
f 309 667 307
f 307 667 665
f 307 665 305
f 305 665 663
f 305 663 303
f 303 663 661
f 303 661 301
f 301 661 659
f 301 659 300
f 300 659 658
f 300 658 298
f 298 658 656
f 298 656 296
f 296 656 654
f 296 654 294
f 294 654 652
f 294 652 292
f 292 652 650
f 292 650 290
f 290 650 648
f 290 648 288
f 288 648 646
f 288 646 286
f 286 646 644
f 286 644 284
f 284 644 642
f 284 642 281
f 281 642 639
f 281 639 279
f 279 639 637
f 279 637 278
f 278 637 636
f 278 636 214
f 214 636 571
f 214 571 215
f 215 571 573
f 215 573 213
f 213 573 572
f 213 572 217
f 217 572 575
f 217 575 216
f 216 575 574
f 216 574 219
f 219 574 577
f 219 577 218
f 218 577 576
f 218 576 221
f 221 576 579
f 221 579 220
f 220 579 578
f 220 578 223
f 223 578 581
f 223 581 222
f 222 581 580
f 222 580 225
f 225 580 583
f 225 583 224
f 224 583 582
f 224 582 227
f 227 582 585
f 227 585 226
f 226 585 584
f 226 584 229
f 229 584 587
f 229 587 228
f 228 587 586
f 228 586 231
f 231 586 589
f 231 589 230
f 230 589 588
f 230 588 233
f 233 588 591
f 233 591 232
f 232 591 590
f 232 590 235
f 235 590 593
f 235 593 234
f 234 593 592
f 234 592 237
f 237 592 595
f 237 595 236
f 236 595 594
f 236 594 239
f 239 594 597
f 239 597 238
f 238 597 596
f 238 596 241
f 241 596 599
f 241 599 240
f 240 599 598
f 240 598 243
f 243 598 601
f 243 601 242
f 242 601 600
f 242 600 245
f 245 600 603
f 245 603 244
f 244 603 602
f 244 602 247
f 247 602 605
f 247 605 246
f 246 605 604
f 246 604 249
f 249 604 607
f 249 607 248
f 248 607 606
f 248 606 251
f 251 606 609
f 251 609 250
f 250 609 608
f 250 608 253
f 253 608 611
f 253 611 252
f 252 611 610
f 252 610 255
f 255 610 613
f 255 613 254
f 254 613 612
f 254 612 257
f 257 612 615
f 257 615 256
f 256 615 614
f 256 614 259
f 259 614 617
f 259 617 258
f 258 617 616
f 258 616 261
f 261 616 619
f 261 619 260
f 260 619 618
f 260 618 263
f 263 618 621
f 263 621 262
f 262 621 620
f 262 620 265
f 265 620 623
f 265 623 264
f 264 623 622
f 264 622 267
f 267 622 625
f 267 625 266
f 266 625 624
f 266 624 269
f 269 624 627
f 269 627 268
f 268 627 626
f 268 626 271
f 271 626 629
f 271 629 270
f 270 629 628
f 270 628 273
f 273 628 631
f 273 631 272
f 272 631 630
f 272 630 274
f 274 630 632
f 274 632 2
f 2 632 359
f 2 359 3
f 3 359 361
o 
v 11.65 0 -53.78
v 12.17 0 -53.66
v 11.65 0 -53.66
v 11.101 0 -55.264
v 11.23 0 -54.88
v 10.863 0 -56.038
v 10.978 0 -55.65
v 10.655 0 -56.821
v 10.755 0 -56.428
v 10.476 0 -57.611
v 10.562 0 -57.215
v 10.327 0 -58.407
v 10.398 0 -58.008
v 10.208 0 -59.208
v 10.264 0 -58.807
v 10.147 0 -59.904
v 10.16 0 -59.61
v 10.14 0 -60.492
v 10.141 0 -60.198
v 10.16 0 -61.08
v 10.147 0 -60.786
v 10.205 0 -61.667
v 10.179 0 -61.374
v 10.276 0 -62.251
v 10.237 0 -61.959
v 10.372 0 -62.832
v 10.321 0 -62.542
v 10.506 0 -63.415
v 10.43 0 -63.12
v 10.678 0 -63.998
v 10.589 0 -63.707
v 10.878 0 -64.573
v 10.775 0 -64.287
v 11.103 0 -65.138
v 10.987 0 -64.857
v 11.355 0 -65.692
v 11.226 0 -65.417
v 11.632 0 -66.234
v 11.49 0 -65.965
v 11.86 0 -66.893
v 11.78 0 -66.5
v 11.801 0 -66.699
v 12.06 0 -67.257
v 11.949 0 -67.08
v 12.32 0 -67.57
v 12.186 0 -67.421
v 13.54 0 -69.74
v 12.84 0 -68.67
v 14.195 0 -71.1
v 14.06 0 -70.84
v 13.39 0 -84.87
v 13.94 0 -83.53
v 13.39 0 -84.59
v 13.845 0 -84.869
v 13.67 0 -84.87
v 14.359 0 -84.835
v 14.083 0 -84.86
v 14.923 0 -84.708
v 14.647 0 -84.787
v 15.851 0 -84.351
v 15.16 0 -84.59
v 15.508 0 -84.477
v 16.523 0 -84.061
v 16.19 0 -84.212
v 17.171 0 -83.721
v 16.85 0 -83.897
v 17.792 0 -83.335
v 17.485 0 -83.534
v 18.383 0 -82.904
v 18.091 0 -83.125
v 18.94 0 -82.43
v 18.666 0 -82.672
v 19.469 0 -81.94
v 19.208 0 -82.189
v 19.968 0 -81.419
v 19.722 0 -81.683
v 20.435 0 -80.87
v 20.205 0 -81.148
v 20.868 0 -80.294
v 20.656 0 -80.585
v 21.267 0 -79.693
v 21.072 0 -79.997
v 21.63 0 -79.07
v 21.453 0 -79.384
v 22.097 0 -78.231
v 21.87 0 -78.654
v 22.505 0 -77.362
v 22.308 0 -77.8
v 22.853 0 -76.467
v 22.686 0 -76.918
v 23.139 0 -75.551
v 23.003 0 -76.011
v 23.361 0 -74.617
v 23.258 0 -75.086
v 23.52 0 -73.67
v 23.449 0 -74.145
v 23.529 0 -73.165
v 23.528 0 -73.417
v 23.507 0 -72.66
v 23.522 0 -72.912
v 23.455 0 -72.157
v 23.485 0 -72.408
v 23.373 0 -71.658
v 23.418 0 -71.907
v 23.261 0 -71.165
v 23.321 0 -71.411
v 23.12 0 -70.68
v 23.194 0 -70.922
v 22.963 0 -70.203
v 23.045 0 -70.441
v 22.778 0 -69.737
v 22.874 0 -69.969
v 22.567 0 -69.281
v 22.676 0 -69.507
v 22.33 0 -68.839
v 22.452 0 -69.059
v 22.067 0 -68.412
v 22.202 0 -68.624
v 21.78 0 -68
v 21.927 0 -68.204
v 21.494 0 -67.614
v 21.639 0 -67.806
v 21.196 0 -67.237
v 21.347 0 -67.424
v 20.887 0 -66.87
v 21.043 0 -67.052
v 20.566 0 -66.513
v 20.728 0 -66.69
v 20.233 0 -66.166
v 20.401 0 -66.338
v 19.89 0 -65.83
v 20.063 0 -65.997
v 17.72 0 -63.79
v 18.79 0 -64.73
v 12.17 0 -53.78
v 12.32 0 -55.28
v 12.32 0 -53.78
v 14.327 0 -71.362
v 14.077 0 -83.259
v 14.455 0 -71.625
v 14.21 0 -82.985
v 12.6 0 -56.62
v 14.339 0 -82.709
v 14.462 0 -82.431
v 12.685 0 -56.858
v 12.776 0 -57.094
v 14.581 0 -82.151
v 16.63 0 -62.72
v 12.871 0 -57.328
v 14.579 0 -71.891
v 14.695 0 -81.869
v 16.388 0 -62.452
v 12.971 0 -57.559
v 14.7 0 -72.158
v 14.805 0 -81.585
v 16.149 0 -62.182
v 13.076 0 -57.789
v 14.817 0 -72.426
v 14.91 0 -81.299
v 15.914 0 -61.908
v 13.186 0 -58.017
v 14.93 0 -72.697
v 15.01 0 -81.012
v 15.681 0 -61.632
v 13.3 0 -58.242
v 15.04 0 -72.968
v 15.105 0 -80.723
v 15.452 0 -61.353
v 13.419 0 -58.465
v 15.195 0 -80.432
v 15.226 0 -61.072
v 13.542 0 -58.685
v 15.28 0 -80.14
v 15.003 0 -60.788
v 13.67 0 -58.903
v 15.422 0 -79.648
v 14.784 0 -60.501
v 13.803 0 -59.118
v 15.541 0 -79.149
v 14.568 0 -60.212
v 13.94 0 -59.33
v 15.637 0 -78.646
v 14.355 0 -59.921
v 14.146 0 -59.626
v 15.71 0 -78.138
v 15.759 0 -77.628
v 15.784 0 -77.116
v 15.146 0 -73.242
v 15.786 0 -76.604
v 15.248 0 -73.516
v 15.764 0 -76.092
v 15.346 0 -73.793
v 15.718 0 -75.581
v 15.44 0 -74.07
v 15.649 0 -75.073
v 15.556 0 -74.569
v 12.17 10 -53.66
v 11.65 10 -53.78
v 11.65 10 -53.66
v 11.101 10 -55.264
v 11.23 10 -54.88
v 10.863 10 -56.038
v 10.978 10 -55.65
v 10.655 10 -56.821
v 10.755 10 -56.428
v 10.476 10 -57.611
v 10.562 10 -57.215
v 10.327 10 -58.407
v 10.398 10 -58.008
v 10.208 10 -59.208
v 10.264 10 -58.807
v 10.147 10 -59.904
v 10.16 10 -59.61
v 10.14 10 -60.492
v 10.141 10 -60.198
v 10.16 10 -61.08
v 10.147 10 -60.786
v 10.205 10 -61.667
v 10.179 10 -61.374
v 10.276 10 -62.251
v 10.237 10 -61.959
v 10.372 10 -62.832
v 10.321 10 -62.542
v 10.506 10 -63.415
v 10.43 10 -63.12
v 10.678 10 -63.998
v 10.589 10 -63.707
v 10.878 10 -64.573
v 10.775 10 -64.287
v 11.103 10 -65.138
v 10.987 10 -64.857
v 11.355 10 -65.692
v 11.226 10 -65.417
v 11.632 10 -66.234
v 11.49 10 -65.965
v 11.78 10 -66.5
v 11.86 10 -66.893
v 11.801 10 -66.699
v 12.06 10 -67.257
v 11.949 10 -67.08
v 12.32 10 -67.57
v 12.186 10 -67.421
v 13.54 10 -69.74
v 12.84 10 -68.67
v 14.195 10 -71.1
v 14.06 10 -70.84
v 13.94 10 -83.53
v 13.39 10 -84.87
v 13.39 10 -84.59
v 13.845 10 -84.869
v 13.67 10 -84.87
v 14.359 10 -84.835
v 14.083 10 -84.86
v 14.923 10 -84.708
v 14.647 10 -84.787
v 15.16 10 -84.59
v 15.851 10 -84.351
v 15.508 10 -84.477
v 16.523 10 -84.061
v 16.19 10 -84.212
v 17.171 10 -83.721
v 16.85 10 -83.897
v 17.792 10 -83.335
v 17.485 10 -83.534
v 18.383 10 -82.904
v 18.091 10 -83.125
v 18.94 10 -82.43
v 18.666 10 -82.672
v 19.469 10 -81.94
v 19.208 10 -82.189
v 19.968 10 -81.419
v 19.722 10 -81.683
v 20.435 10 -80.87
v 20.205 10 -81.148
v 20.868 10 -80.294
v 20.656 10 -80.585
v 21.267 10 -79.693
v 21.072 10 -79.997
v 21.63 10 -79.07
v 21.453 10 -79.384
v 22.097 10 -78.231
v 21.87 10 -78.654
v 22.505 10 -77.362
v 22.308 10 -77.8
v 22.853 10 -76.467
v 22.686 10 -76.918
v 23.139 10 -75.551
v 23.003 10 -76.011
v 23.361 10 -74.617
v 23.258 10 -75.086
v 23.52 10 -73.67
v 23.449 10 -74.145
v 23.529 10 -73.165
v 23.528 10 -73.417
v 23.507 10 -72.66
v 23.522 10 -72.912
v 23.455 10 -72.157
v 23.485 10 -72.408
v 23.373 10 -71.658
v 23.418 10 -71.907
v 23.261 10 -71.165
v 23.321 10 -71.411
v 23.12 10 -70.68
v 23.194 10 -70.922
v 22.963 10 -70.203
v 23.045 10 -70.441
v 22.778 10 -69.737
v 22.874 10 -69.969
v 22.567 10 -69.281
v 22.676 10 -69.507
v 22.33 10 -68.839
v 22.452 10 -69.059
v 22.067 10 -68.412
v 22.202 10 -68.624
v 21.78 10 -68
v 21.927 10 -68.204
v 21.494 10 -67.614
v 21.639 10 -67.806
v 21.196 10 -67.237
v 21.347 10 -67.424
v 20.887 10 -66.87
v 21.043 10 -67.052
v 20.566 10 -66.513
v 20.728 10 -66.69
v 20.233 10 -66.166
v 20.401 10 -66.338
v 19.89 10 -65.83
v 20.063 10 -65.997
v 17.72 10 -63.79
v 18.79 10 -64.73
v 12.32 10 -55.28
v 12.17 10 -53.78
v 12.32 10 -53.78
v 14.327 10 -71.362
v 14.077 10 -83.259
v 14.455 10 -71.625
v 14.21 10 -82.985
v 12.6 10 -56.62
v 14.339 10 -82.709
v 14.462 10 -82.431
v 12.685 10 -56.858
v 12.776 10 -57.094
v 14.581 10 -82.151
v 16.63 10 -62.72
v 12.871 10 -57.328
v 14.579 10 -71.891
v 14.695 10 -81.869
v 16.388 10 -62.452
v 12.971 10 -57.559
v 14.7 10 -72.158
v 14.805 10 -81.585
v 16.149 10 -62.182
v 13.076 10 -57.789
v 14.817 10 -72.426
v 14.91 10 -81.299
v 15.914 10 -61.908
v 13.186 10 -58.017
v 14.93 10 -72.697
v 15.01 10 -81.012
v 15.681 10 -61.632
v 13.3 10 -58.242
v 15.04 10 -72.968
v 15.105 10 -80.723
v 15.452 10 -61.353
v 13.419 10 -58.465
v 15.195 10 -80.432
v 15.226 10 -61.072
v 13.542 10 -58.685
v 15.28 10 -80.14
v 15.003 10 -60.788
v 13.67 10 -58.903
v 15.422 10 -79.648
v 14.784 10 -60.501
v 13.803 10 -59.118
v 15.541 10 -79.149
v 14.568 10 -60.212
v 13.94 10 -59.33
v 15.637 10 -78.646
v 14.355 10 -59.921
v 14.146 10 -59.626
v 15.71 10 -78.138
v 15.759 10 -77.628
v 15.784 10 -77.116
v 15.146 10 -73.242
v 15.786 10 -76.604
v 15.248 10 -73.516
v 15.764 10 -76.092
v 15.346 10 -73.793
v 15.718 10 -75.581
v 15.44 10 -74.07
v 15.649 10 -75.073
v 15.556 10 -74.569
f 717 718 719
f 720 717 721
f 722 720 723
f 724 722 725
f 726 724 727
f 728 726 729
f 730 728 731
f 732 730 733
f 734 732 735
f 736 734 737
f 738 736 739
f 740 738 741
f 742 740 743
f 744 742 745
f 746 744 747
f 748 746 749
f 750 748 751
f 752 750 753
f 754 752 755
f 756 757 758
f 759 756 760
f 761 759 762
f 763 761 764
f 765 763 766
f 767 768 769
f 770 767 771
f 772 770 773
f 774 772 775
f 776 777 778
f 779 776 780
f 781 779 782
f 783 781 784
f 785 783 786
f 787 785 788
f 789 787 790
f 791 789 792
f 793 791 794
f 795 793 796
f 797 795 798
f 799 797 800
f 801 799 802
f 803 801 804
f 805 803 806
f 807 805 808
f 809 807 810
f 811 809 812
f 813 811 814
f 815 813 816
f 817 815 818
f 819 817 820
f 821 819 822
f 823 821 824
f 825 823 826
f 827 825 828
f 829 827 830
f 831 829 832
f 833 831 834
f 835 833 836
f 837 835 838
f 839 837 840
f 841 839 842
f 843 841 844
f 845 843 846
f 847 845 848
f 849 847 850
f 851 852 853
f 717 851 718
f 722 717 720
f 726 722 724
f 730 726 728
f 734 730 732
f 738 734 736
f 742 738 740
f 746 742 744
f 750 746 748
f 754 750 752
f 759 757 756
f 854 763 765
f 767 855 768
f 772 767 770
f 777 772 774
f 779 777 776
f 783 779 781
f 787 783 785
f 791 787 789
f 795 791 793
f 799 795 797
f 803 799 801
f 807 803 805
f 811 807 809
f 815 811 813
f 819 815 817
f 823 819 821
f 827 823 825
f 831 827 829
f 835 831 833
f 839 835 837
f 843 839 841
f 847 843 845
f 717 852 851
f 726 717 722
f 734 726 730
f 742 734 738
f 750 742 746
f 757 750 754
f 761 757 759
f 856 763 854
f 767 857 855
f 777 767 772
f 783 777 779
f 791 783 787
f 799 791 795
f 807 799 803
f 815 807 811
f 823 815 819
f 831 823 827
f 839 831 835
f 847 839 843
f 717 858 852
f 734 717 726
f 750 734 742
f 761 750 757
f 767 859 857
f 783 767 777
f 799 783 791
f 815 799 807
f 831 815 823
f 847 831 839
f 734 858 717
f 761 734 750
f 767 860 859
f 799 767 783
f 831 799 815
f 849 831 847
f 734 861 858
f 763 734 761
f 799 860 767
f 849 799 831
f 734 862 861
f 856 734 763
f 799 863 860
f 864 799 849
f 734 865 862
f 866 734 856
f 799 867 863
f 868 799 864
f 734 869 865
f 870 734 866
f 799 871 867
f 872 799 868
f 734 873 869
f 874 734 870
f 799 875 871
f 876 799 872
f 734 877 873
f 878 734 874
f 799 879 875
f 880 799 876
f 734 881 877
f 882 734 878
f 799 883 879
f 884 799 880
f 734 885 881
f 799 886 883
f 887 799 884
f 734 888 885
f 799 889 886
f 890 799 887
f 734 891 888
f 799 892 889
f 893 799 890
f 734 894 891
f 799 895 892
f 896 799 893
f 734 897 894
f 799 898 895
f 899 799 896
f 734 900 897
f 799 901 898
f 900 799 899
f 882 900 734
f 799 902 901
f 882 799 900
f 799 903 902
f 904 799 882
f 799 905 903
f 906 799 904
f 799 907 905
f 908 799 906
f 799 909 907
f 910 799 908
f 799 911 909
f 912 799 910
f 799 912 911
f 913 914 915
f 914 916 917
f 916 918 919
f 918 920 921
f 920 922 923
f 922 924 925
f 924 926 927
f 926 928 929
f 928 930 931
f 930 932 933
f 932 934 935
f 934 936 937
f 936 938 939
f 938 940 941
f 940 942 943
f 942 944 945
f 944 946 947
f 946 948 949
f 948 950 951
f 952 953 954
f 953 955 956
f 955 957 958
f 957 959 960
f 959 961 962
f 963 964 965
f 964 966 967
f 966 968 969
f 968 970 971
f 972 973 974
f 973 975 976
f 975 977 978
f 977 979 980
f 979 981 982
f 981 983 984
f 983 985 986
f 985 987 988
f 987 989 990
f 989 991 992
f 991 993 994
f 993 995 996
f 995 997 998
f 997 999 1000
f 999 1001 1002
f 1001 1003 1004
f 1003 1005 1006
f 1005 1007 1008
f 1007 1009 1010
f 1009 1011 1012
f 1011 1013 1014
f 1013 1015 1016
f 1015 1017 1018
f 1017 1019 1020
f 1019 1021 1022
f 1021 1023 1024
f 1023 1025 1026
f 1025 1027 1028
f 1027 1029 1030
f 1029 1031 1032
f 1031 1033 1034
f 1033 1035 1036
f 1035 1037 1038
f 1037 1039 1040
f 1039 1041 1042
f 1041 1043 1044
f 1043 1045 1046
f 1047 1048 1049
f 1048 914 913
f 914 918 916
f 918 922 920
f 922 926 924
f 926 930 928
f 930 934 932
f 934 938 936
f 938 942 940
f 942 946 944
f 946 950 948
f 952 955 953
f 959 1050 961
f 1051 964 963
f 964 968 966
f 968 972 970
f 972 975 973
f 975 979 977
f 979 983 981
f 983 987 985
f 987 991 989
f 991 995 993
f 995 999 997
f 999 1003 1001
f 1003 1007 1005
f 1007 1011 1009
f 1011 1015 1013
f 1015 1019 1017
f 1019 1023 1021
f 1023 1027 1025
f 1027 1031 1029
f 1031 1035 1033
f 1035 1039 1037
f 1039 1043 1041
f 1047 914 1048
f 914 922 918
f 922 930 926
f 930 938 934
f 938 946 942
f 946 952 950
f 952 957 955
f 959 1052 1050
f 1053 964 1051
f 964 972 968
f 972 979 975
f 979 987 983
f 987 995 991
f 995 1003 999
f 1003 1011 1007
f 1011 1019 1015
f 1019 1027 1023
f 1027 1035 1031
f 1035 1043 1039
f 1054 914 1047
f 914 930 922
f 930 946 938
f 946 957 952
f 1055 964 1053
f 964 979 972
f 979 995 987
f 995 1011 1003
f 1011 1027 1019
f 1027 1043 1035
f 1054 930 914
f 930 957 946
f 1056 964 1055
f 964 995 979
f 995 1027 1011
f 1027 1045 1043
f 1057 930 1054
f 930 959 957
f 1056 995 964
f 995 1045 1027
f 1058 930 1057
f 930 1052 959
f 1059 995 1056
f 995 1060 1045
f 1061 930 1058
f 930 1062 1052
f 1063 995 1059
f 995 1064 1060
f 1065 930 1061
f 930 1066 1062
f 1067 995 1063
f 995 1068 1064
f 1069 930 1065
f 930 1070 1066
f 1071 995 1067
f 995 1072 1068
f 1073 930 1069
f 930 1074 1070
f 1075 995 1071
f 995 1076 1072
f 1077 930 1073
f 930 1078 1074
f 1079 995 1075
f 995 1080 1076
f 1081 930 1077
f 1082 995 1079
f 995 1083 1080
f 1084 930 1081
f 1085 995 1082
f 995 1086 1083
f 1087 930 1084
f 1088 995 1085
f 995 1089 1086
f 1090 930 1087
f 1091 995 1088
f 995 1092 1089
f 1093 930 1090
f 1094 995 1091
f 995 1095 1092
f 1096 930 1093
f 1097 995 1094
f 995 1096 1095
f 1096 1078 930
f 1098 995 1097
f 995 1078 1096
f 1099 995 1098
f 995 1100 1078
f 1101 995 1099
f 995 1102 1100
f 1103 995 1101
f 995 1104 1102
f 1105 995 1103
f 995 1106 1104
f 1107 995 1105
f 995 1108 1106
f 1108 995 1107
f 717 914 721
f 721 914 917
f 721 917 720
f 720 917 916
f 720 916 723
f 723 916 919
f 723 919 722
f 722 919 918
f 722 918 725
f 725 918 921
f 725 921 724
f 724 921 920
f 724 920 727
f 727 920 923
f 727 923 726
f 726 923 922
f 726 922 729
f 729 922 925
f 729 925 728
f 728 925 924
f 728 924 731
f 731 924 927
f 731 927 730
f 730 927 926
f 730 926 733
f 733 926 929
f 733 929 732
f 732 929 928
f 732 928 735
f 735 928 931
f 735 931 734
f 734 931 930
f 734 930 737
f 737 930 933
f 737 933 736
f 736 933 932
f 736 932 739
f 739 932 935
f 739 935 738
f 738 935 934
f 738 934 741
f 741 934 937
f 741 937 740
f 740 937 936
f 740 936 743
f 743 936 939
f 743 939 742
f 742 939 938
f 742 938 745
f 745 938 941
f 745 941 744
f 744 941 940
f 744 940 747
f 747 940 943
f 747 943 746
f 746 943 942
f 746 942 749
f 749 942 945
f 749 945 748
f 748 945 944
f 748 944 751
f 751 944 947
f 751 947 750
f 750 947 946
f 750 946 753
f 753 946 949
f 753 949 752
f 752 949 948
f 752 948 755
f 755 948 951
f 755 951 754
f 754 951 950
f 754 950 757
f 757 950 952
f 757 952 758
f 758 952 954
f 758 954 756
f 756 954 953
f 756 953 760
f 760 953 956
f 760 956 759
f 759 956 955
f 759 955 762
f 762 955 958
f 762 958 761
f 761 958 957
f 761 957 764
f 764 957 960
f 764 960 763
f 763 960 959
f 763 959 766
f 766 959 962
f 766 962 765
f 765 962 961
f 765 961 854
f 854 961 1050
f 854 1050 856
f 856 1050 1052
f 856 1052 866
f 866 1052 1062
f 866 1062 870
f 870 1062 1066
f 870 1066 874
f 874 1066 1070
f 874 1070 878
f 878 1070 1074
f 878 1074 882
f 882 1074 1078
f 882 1078 904
f 904 1078 1100
f 904 1100 906
f 906 1100 1102
f 906 1102 908
f 908 1102 1104
f 908 1104 910
f 910 1104 1106
f 910 1106 912
f 912 1106 1108
f 912 1108 911
f 911 1108 1107
f 911 1107 909
f 909 1107 1105
f 909 1105 907
f 907 1105 1103
f 907 1103 905
f 905 1103 1101
f 905 1101 903
f 903 1101 1099
f 903 1099 902
f 902 1099 1098
f 902 1098 901
f 901 1098 1097
f 901 1097 898
f 898 1097 1094
f 898 1094 895
f 895 1094 1091
f 895 1091 892
f 892 1091 1088
f 892 1088 889
f 889 1088 1085
f 889 1085 886
f 886 1085 1082
f 886 1082 883
f 883 1082 1079
f 883 1079 879
f 879 1079 1075
f 879 1075 875
f 875 1075 1071
f 875 1071 871
f 871 1071 1067
f 871 1067 867
f 867 1067 1063
f 867 1063 863
f 863 1063 1059
f 863 1059 860
f 860 1059 1056
f 860 1056 859
f 859 1056 1055
f 859 1055 857
f 857 1055 1053
f 857 1053 855
f 855 1053 1051
f 855 1051 768
f 768 1051 963
f 768 963 769
f 769 963 965
f 769 965 767
f 767 965 964
f 767 964 771
f 771 964 967
f 771 967 770
f 770 967 966
f 770 966 773
f 773 966 969
f 773 969 772
f 772 969 968
f 772 968 775
f 775 968 971
f 775 971 774
f 774 971 970
f 774 970 777
f 777 970 972
f 777 972 778
f 778 972 974
f 778 974 776
f 776 974 973
f 776 973 780
f 780 973 976
f 780 976 779
f 779 976 975
f 779 975 782
f 782 975 978
f 782 978 781
f 781 978 977
f 781 977 784
f 784 977 980
f 784 980 783
f 783 980 979
f 783 979 786
f 786 979 982
f 786 982 785
f 785 982 981
f 785 981 788
f 788 981 984
f 788 984 787
f 787 984 983
f 787 983 790
f 790 983 986
f 790 986 789
f 789 986 985
f 789 985 792
f 792 985 988
f 792 988 791
f 791 988 987
f 791 987 794
f 794 987 990
f 794 990 793
f 793 990 989
f 793 989 796
f 796 989 992
f 796 992 795
f 795 992 991
f 795 991 798
f 798 991 994
f 798 994 797
f 797 994 993
f 797 993 800
f 800 993 996
f 800 996 799
f 799 996 995
f 799 995 802
f 802 995 998
f 802 998 801
f 801 998 997
f 801 997 804
f 804 997 1000
f 804 1000 803
f 803 1000 999
f 803 999 806
f 806 999 1002
f 806 1002 805
f 805 1002 1001
f 805 1001 808
f 808 1001 1004
f 808 1004 807
f 807 1004 1003
f 807 1003 810
f 810 1003 1006
f 810 1006 809
f 809 1006 1005
f 809 1005 812
f 812 1005 1008
f 812 1008 811
f 811 1008 1007
f 811 1007 814
f 814 1007 1010
f 814 1010 813
f 813 1010 1009
f 813 1009 816
f 816 1009 1012
f 816 1012 815
f 815 1012 1011
f 815 1011 818
f 818 1011 1014
f 818 1014 817
f 817 1014 1013
f 817 1013 820
f 820 1013 1016
f 820 1016 819
f 819 1016 1015
f 819 1015 822
f 822 1015 1018
f 822 1018 821
f 821 1018 1017
f 821 1017 824
f 824 1017 1020
f 824 1020 823
f 823 1020 1019
f 823 1019 826
f 826 1019 1022
f 826 1022 825
f 825 1022 1021
f 825 1021 828
f 828 1021 1024
f 828 1024 827
f 827 1024 1023
f 827 1023 830
f 830 1023 1026
f 830 1026 829
f 829 1026 1025
f 829 1025 832
f 832 1025 1028
f 832 1028 831
f 831 1028 1027
f 831 1027 834
f 834 1027 1030
f 834 1030 833
f 833 1030 1029
f 833 1029 836
f 836 1029 1032
f 836 1032 835
f 835 1032 1031
f 835 1031 838
f 838 1031 1034
f 838 1034 837
f 837 1034 1033
f 837 1033 840
f 840 1033 1036
f 840 1036 839
f 839 1036 1035
f 839 1035 842
f 842 1035 1038
f 842 1038 841
f 841 1038 1037
f 841 1037 844
f 844 1037 1040
f 844 1040 843
f 843 1040 1039
f 843 1039 846
f 846 1039 1042
f 846 1042 845
f 845 1042 1041
f 845 1041 848
f 848 1041 1044
f 848 1044 847
f 847 1044 1043
f 847 1043 850
f 850 1043 1046
f 850 1046 849
f 849 1046 1045
f 849 1045 864
f 864 1045 1060
f 864 1060 868
f 868 1060 1064
f 868 1064 872
f 872 1064 1068
f 872 1068 876
f 876 1068 1072
f 876 1072 880
f 880 1072 1076
f 880 1076 884
f 884 1076 1080
f 884 1080 887
f 887 1080 1083
f 887 1083 890
f 890 1083 1086
f 890 1086 893
f 893 1086 1089
f 893 1089 896
f 896 1089 1092
f 896 1092 899
f 899 1092 1095
f 899 1095 900
f 900 1095 1096
f 900 1096 897
f 897 1096 1093
f 897 1093 894
f 894 1093 1090
f 894 1090 891
f 891 1090 1087
f 891 1087 888
f 888 1087 1084
f 888 1084 885
f 885 1084 1081
f 885 1081 881
f 881 1081 1077
f 881 1077 877
f 877 1077 1073
f 877 1073 873
f 873 1073 1069
f 873 1069 869
f 869 1069 1065
f 869 1065 865
f 865 1065 1061
f 865 1061 862
f 862 1061 1058
f 862 1058 861
f 861 1058 1057
f 861 1057 858
f 858 1057 1054
f 858 1054 852
f 852 1054 1047
f 852 1047 853
f 853 1047 1049
f 853 1049 851
f 851 1049 1048
f 851 1048 718
f 718 1048 913
f 718 913 719
f 719 913 915
f 719 915 717
f 717 915 914
o 
v 36.52 0 -19.74
v 35.69 0 -20.01
v 36.64 0 -19.74
v 36.36 0 -19.22
v 36.52 0 -19.22
v 36.341 0 -19.211
v 36.351 0 -19.215
v 36.321 0 -19.206
v 36.331 0 -19.208
v 36.3 0 -19.204
v 36.31 0 -19.204
v 36.279 0 -19.206
v 36.29 0 -19.204
v 36.259 0 -19.211
v 36.269 0 -19.208
v 36.24 0 -19.22
v 36.249 0 -19.215
v 33.853 0 -19.308
v 34.87 0 -19.22
v 31.834 0 -19.617
v 32.84 0 -19.44
v 29.85 0 -20.102
v 30.837 0 -19.838
v 27.917 0 -20.76
v 28.877 0 -20.41
v 26.049 0 -21.584
v 26.974 0 -21.151
v 24.26 0 -22.569
v 25.144 0 -22.057
v 22.951 0 -23.455
v 23.4 0 -23.12
v 22.063 0 -24.139
v 22.505 0 -23.795
v 21.191 0 -24.844
v 21.625 0 -24.489
v 20.336 0 -25.568
v 20.762 0 -25.203
v 19.497 0 -26.311
v 19.914 0 -25.937
v 18.675 0 -27.072
v 19.084 0 -26.689
v 17.33 0 -28.52
v 18.27 0 -27.46
v 15.56 0 -30.41
v 16.38 0 -29.47
v 11.314 0 -34.662
v 11.912 0 -34.129
v 11.65 0 -34.35
v 5.7 0 -37.86
v 7.05 0 -37.31
v 5.7 0 -37.71
v 5.698 0 -37.88
v 5.699 0 -37.87
v 5.697 0 -37.9
v 5.698 0 -37.89
v 5.697 0 -37.92
v 5.697 0 -37.91
v 5.697 0 -37.94
v 5.697 0 -37.93
v 5.698 0 -37.96
v 5.698 0 -37.95
v 5.7 0 -37.98
v 5.699 0 -37.97
v 22.73 0 -38.13
v 5.7 0 -38.13
v 14.61 0 -31.51
v 12.171 0 -33.906
v 35.028 0 -20.475
v 7.473 0 -37.133
v 22.73 0 -36.91
v 34.372 0 -20.948
v 22.779 0 -36.479
v 33.722 0 -21.428
v 14.379 0 -31.762
v 7.89 0 -36.943
v 22.839 0 -36.05
v 33.077 0 -21.915
v 32.438 0 -22.411
v 14.145 0 -32.012
v 8.301 0 -36.739
v 31.804 0 -22.913
v 13.908 0 -32.258
v 8.706 0 -36.523
v 9.103 0 -36.293
v 31.177 0 -23.423
v 9.492 0 -36.051
v 30.555 0 -23.94
v 9.874 0 -35.797
v 29.939 0 -24.465
v 10.247 0 -35.531
v 29.33 0 -24.996
v 10.612 0 -35.252
v 28.727 0 -25.535
v 10.968 0 -34.963
v 28.13 0 -26.08
v 27.735 0 -26.523
v 27.35 0 -26.975
v 12.427 0 -33.679
v 26.974 0 -27.435
v 12.681 0 -33.45
v 26.609 0 -27.903
v 12.931 0 -33.217
v 26.254 0 -28.379
v 13.18 0 -32.982
v 25.91 0 -28.862
v 13.425 0 -32.744
v 25.576 0 -29.353
v 13.668 0 -32.502
v 25.252 0 -29.851
v 24.94 0 -30.356
v 22.911 0 -35.623
v 24.639 0 -30.868
v 22.994 0 -35.198
v 24.349 0 -31.386
v 23.089 0 -34.775
v 24.07 0 -31.91
v 23.196 0 -34.355
v 23.897 0 -32.307
v 23.314 0 -33.938
v 23.734 0 -32.709
v 23.443 0 -33.525
v 23.583 0 -33.115
v 35.69 10 -20.01
v 36.52 10 -19.74
v 36.64 10 -19.74
v 36.36 10 -19.22
v 36.52 10 -19.22
v 36.341 10 -19.211
v 36.351 10 -19.215
v 36.321 10 -19.206
v 36.331 10 -19.208
v 36.3 10 -19.204
v 36.31 10 -19.204
v 36.279 10 -19.206
v 36.29 10 -19.204
v 36.259 10 -19.211
v 36.269 10 -19.208
v 36.24 10 -19.22
v 36.249 10 -19.215
v 33.853 10 -19.308
v 34.87 10 -19.22
v 31.834 10 -19.617
v 32.84 10 -19.44
v 29.85 10 -20.102
v 30.837 10 -19.838
v 27.917 10 -20.76
v 28.877 10 -20.41
v 26.049 10 -21.584
v 26.974 10 -21.151
v 24.26 10 -22.569
v 25.144 10 -22.057
v 22.951 10 -23.455
v 23.4 10 -23.12
v 22.063 10 -24.139
v 22.505 10 -23.795
v 21.191 10 -24.844
v 21.625 10 -24.489
v 20.336 10 -25.568
v 20.762 10 -25.203
v 19.497 10 -26.311
v 19.914 10 -25.937
v 18.675 10 -27.072
v 19.084 10 -26.689
v 17.33 10 -28.52
v 18.27 10 -27.46
v 15.56 10 -30.41
v 16.38 10 -29.47
v 11.912 10 -34.129
v 11.314 10 -34.662
v 11.65 10 -34.35
v 7.05 10 -37.31
v 5.7 10 -37.86
v 5.7 10 -37.71
v 5.698 10 -37.88
v 5.699 10 -37.87
v 5.697 10 -37.9
v 5.698 10 -37.89
v 5.697 10 -37.92
v 5.697 10 -37.91
v 5.697 10 -37.94
v 5.697 10 -37.93
v 5.698 10 -37.96
v 5.698 10 -37.95
v 5.7 10 -37.98
v 5.699 10 -37.97
v 22.73 10 -38.13
v 5.7 10 -38.13
v 14.61 10 -31.51
v 12.171 10 -33.906
v 35.028 10 -20.475
v 7.473 10 -37.133
v 22.73 10 -36.91
v 34.372 10 -20.948
v 22.779 10 -36.479
v 33.722 10 -21.428
v 14.379 10 -31.762
v 7.89 10 -36.943
v 22.839 10 -36.05
v 33.077 10 -21.915
v 32.438 10 -22.411
v 14.145 10 -32.012
v 8.301 10 -36.739
v 31.804 10 -22.913
v 13.908 10 -32.258
v 8.706 10 -36.523
v 9.103 10 -36.293
v 31.177 10 -23.423
v 9.492 10 -36.051
v 30.555 10 -23.94
v 9.874 10 -35.797
v 29.939 10 -24.465
v 10.247 10 -35.531
v 29.33 10 -24.996
v 10.612 10 -35.252
v 28.727 10 -25.535
v 10.968 10 -34.963
v 28.13 10 -26.08
v 27.735 10 -26.523
v 27.35 10 -26.975
v 12.427 10 -33.679
v 26.974 10 -27.435
v 12.681 10 -33.45
v 26.609 10 -27.903
v 12.931 10 -33.217
v 26.254 10 -28.379
v 13.18 10 -32.982
v 25.91 10 -28.862
v 13.425 10 -32.744
v 25.576 10 -29.353
v 13.668 10 -32.502
v 25.252 10 -29.851
v 24.94 10 -30.356
v 22.911 10 -35.623
v 24.639 10 -30.868
v 22.994 10 -35.198
v 24.349 10 -31.386
v 23.089 10 -34.775
v 24.07 10 -31.91
v 23.196 10 -34.355
v 23.897 10 -32.307
v 23.314 10 -33.938
v 23.734 10 -32.709
v 23.443 10 -33.525
v 23.583 10 -33.115
f 1109 1110 1111
f 1112 1109 1113
f 1114 1112 1115
f 1116 1114 1117
f 1118 1116 1119
f 1120 1118 1121
f 1122 1120 1123
f 1124 1122 1125
f 1126 1124 1127
f 1128 1126 1129
f 1130 1128 1131
f 1132 1130 1133
f 1134 1132 1135
f 1136 1134 1137
f 1138 1136 1139
f 1140 1138 1141
f 1142 1140 1143
f 1144 1142 1145
f 1146 1144 1147
f 1148 1146 1149
f 1150 1148 1151
f 1152 1150 1153
f 1154 1155 1156
f 1157 1158 1159
f 1160 1157 1161
f 1162 1160 1163
f 1164 1162 1165
f 1166 1164 1167
f 1168 1166 1169
f 1170 1168 1171
f 1172 1170 1173
f 1112 1110 1109
f 1116 1112 1114
f 1120 1116 1118
f 1124 1120 1122
f 1128 1124 1126
f 1132 1128 1130
f 1136 1132 1134
f 1140 1136 1138
f 1144 1140 1142
f 1148 1144 1146
f 1174 1150 1152
f 1154 1175 1155
f 1160 1158 1157
f 1164 1160 1162
f 1168 1164 1166
f 1172 1168 1170
f 1112 1176 1110
f 1120 1112 1116
f 1132 1124 1128
f 1140 1132 1136
f 1148 1140 1144
f 1174 1148 1150
f 1160 1177 1158
f 1168 1160 1164
f 1178 1168 1172
f 1112 1179 1176
f 1124 1112 1120
f 1140 1124 1132
f 1174 1140 1148
f 1168 1177 1160
f 1180 1168 1178
f 1112 1181 1179
f 1140 1112 1124
f 1182 1140 1174
f 1168 1183 1177
f 1184 1168 1180
f 1112 1185 1181
f 1182 1112 1140
f 1184 1183 1168
f 1112 1186 1185
f 1187 1112 1182
f 1184 1188 1183
f 1112 1189 1186
f 1190 1112 1187
f 1184 1191 1188
f 1190 1189 1112
f 1184 1192 1191
f 1190 1193 1189
f 1184 1194 1192
f 1190 1195 1193
f 1184 1196 1194
f 1190 1197 1195
f 1184 1198 1196
f 1190 1199 1197
f 1184 1200 1198
f 1190 1201 1199
f 1184 1202 1200
f 1190 1203 1201
f 1184 1154 1202
f 1190 1204 1203
f 1184 1175 1154
f 1190 1205 1204
f 1184 1206 1175
f 1190 1207 1205
f 1184 1208 1206
f 1190 1209 1207
f 1184 1210 1208
f 1190 1211 1209
f 1184 1212 1210
f 1190 1213 1211
f 1184 1214 1212
f 1190 1215 1213
f 1184 1216 1214
f 1190 1217 1215
f 1184 1190 1216
f 1190 1218 1217
f 1219 1190 1184
f 1190 1220 1218
f 1221 1190 1219
f 1190 1222 1220
f 1223 1190 1221
f 1190 1224 1222
f 1225 1190 1223
f 1190 1226 1224
f 1227 1190 1225
f 1190 1228 1226
f 1229 1190 1227
f 1190 1230 1228
f 1230 1190 1229
f 1231 1232 1233
f 1232 1234 1235
f 1234 1236 1237
f 1236 1238 1239
f 1238 1240 1241
f 1240 1242 1243
f 1242 1244 1245
f 1244 1246 1247
f 1246 1248 1249
f 1248 1250 1251
f 1250 1252 1253
f 1252 1254 1255
f 1254 1256 1257
f 1256 1258 1259
f 1258 1260 1261
f 1260 1262 1263
f 1262 1264 1265
f 1264 1266 1267
f 1266 1268 1269
f 1268 1270 1271
f 1270 1272 1273
f 1272 1274 1275
f 1276 1277 1278
f 1279 1280 1281
f 1280 1282 1283
f 1282 1284 1285
f 1284 1286 1287
f 1286 1288 1289
f 1288 1290 1291
f 1290 1292 1293
f 1292 1294 1295
f 1231 1234 1232
f 1234 1238 1236
f 1238 1242 1240
f 1242 1246 1244
f 1246 1250 1248
f 1250 1254 1252
f 1254 1258 1256
f 1258 1262 1260
f 1262 1266 1264
f 1266 1270 1268
f 1272 1296 1274
f 1297 1277 1276
f 1279 1282 1280
f 1282 1286 1284
f 1286 1290 1288
f 1290 1294 1292
f 1298 1234 1231
f 1234 1242 1238
f 1246 1254 1250
f 1254 1262 1258
f 1262 1270 1266
f 1270 1296 1272
f 1299 1282 1279
f 1282 1290 1286
f 1290 1300 1294
f 1301 1234 1298
f 1234 1246 1242
f 1246 1262 1254
f 1262 1296 1270
f 1299 1290 1282
f 1290 1302 1300
f 1303 1234 1301
f 1234 1262 1246
f 1262 1304 1296
f 1305 1290 1299
f 1290 1306 1302
f 1307 1234 1303
f 1234 1304 1262
f 1305 1306 1290
f 1308 1234 1307
f 1234 1309 1304
f 1310 1306 1305
f 1311 1234 1308
f 1234 1312 1309
f 1313 1306 1310
f 1311 1312 1234
f 1314 1306 1313
f 1315 1312 1311
f 1316 1306 1314
f 1317 1312 1315
f 1318 1306 1316
f 1319 1312 1317
f 1320 1306 1318
f 1321 1312 1319
f 1322 1306 1320
f 1323 1312 1321
f 1324 1306 1322
f 1325 1312 1323
f 1277 1306 1324
f 1326 1312 1325
f 1297 1306 1277
f 1327 1312 1326
f 1328 1306 1297
f 1329 1312 1327
f 1330 1306 1328
f 1331 1312 1329
f 1332 1306 1330
f 1333 1312 1331
f 1334 1306 1332
f 1335 1312 1333
f 1336 1306 1334
f 1337 1312 1335
f 1338 1306 1336
f 1339 1312 1337
f 1312 1306 1338
f 1340 1312 1339
f 1312 1341 1306
f 1342 1312 1340
f 1312 1343 1341
f 1344 1312 1342
f 1312 1345 1343
f 1346 1312 1344
f 1312 1347 1345
f 1348 1312 1346
f 1312 1349 1347
f 1350 1312 1348
f 1312 1351 1349
f 1352 1312 1350
f 1312 1352 1351
f 1109 1232 1113
f 1113 1232 1235
f 1113 1235 1112
f 1112 1235 1234
f 1112 1234 1115
f 1115 1234 1237
f 1115 1237 1114
f 1114 1237 1236
f 1114 1236 1117
f 1117 1236 1239
f 1117 1239 1116
f 1116 1239 1238
f 1116 1238 1119
f 1119 1238 1241
f 1119 1241 1118
f 1118 1241 1240
f 1118 1240 1121
f 1121 1240 1243
f 1121 1243 1120
f 1120 1243 1242
f 1120 1242 1123
f 1123 1242 1245
f 1123 1245 1122
f 1122 1245 1244
f 1122 1244 1125
f 1125 1244 1247
f 1125 1247 1124
f 1124 1247 1246
f 1124 1246 1127
f 1127 1246 1249
f 1127 1249 1126
f 1126 1249 1248
f 1126 1248 1129
f 1129 1248 1251
f 1129 1251 1128
f 1128 1251 1250
f 1128 1250 1131
f 1131 1250 1253
f 1131 1253 1130
f 1130 1253 1252
f 1130 1252 1133
f 1133 1252 1255
f 1133 1255 1132
f 1132 1255 1254
f 1132 1254 1135
f 1135 1254 1257
f 1135 1257 1134
f 1134 1257 1256
f 1134 1256 1137
f 1137 1256 1259
f 1137 1259 1136
f 1136 1259 1258
f 1136 1258 1139
f 1139 1258 1261
f 1139 1261 1138
f 1138 1261 1260
f 1138 1260 1141
f 1141 1260 1263
f 1141 1263 1140
f 1140 1263 1262
f 1140 1262 1143
f 1143 1262 1265
f 1143 1265 1142
f 1142 1265 1264
f 1142 1264 1145
f 1145 1264 1267
f 1145 1267 1144
f 1144 1267 1266
f 1144 1266 1147
f 1147 1266 1269
f 1147 1269 1146
f 1146 1269 1268
f 1146 1268 1149
f 1149 1268 1271
f 1149 1271 1148
f 1148 1271 1270
f 1148 1270 1151
f 1151 1270 1273
f 1151 1273 1150
f 1150 1273 1272
f 1150 1272 1153
f 1153 1272 1275
f 1153 1275 1152
f 1152 1275 1274
f 1152 1274 1174
f 1174 1274 1296
f 1174 1296 1182
f 1182 1296 1304
f 1182 1304 1187
f 1187 1304 1309
f 1187 1309 1190
f 1190 1309 1312
f 1190 1312 1216
f 1216 1312 1338
f 1216 1338 1214
f 1214 1338 1336
f 1214 1336 1212
f 1212 1336 1334
f 1212 1334 1210
f 1210 1334 1332
f 1210 1332 1208
f 1208 1332 1330
f 1208 1330 1206
f 1206 1330 1328
f 1206 1328 1175
f 1175 1328 1297
f 1175 1297 1155
f 1155 1297 1276
f 1155 1276 1156
f 1156 1276 1278
f 1156 1278 1154
f 1154 1278 1277
f 1154 1277 1202
f 1202 1277 1324
f 1202 1324 1200
f 1200 1324 1322
f 1200 1322 1198
f 1198 1322 1320
f 1198 1320 1196
f 1196 1320 1318
f 1196 1318 1194
f 1194 1318 1316
f 1194 1316 1192
f 1192 1316 1314
f 1192 1314 1191
f 1191 1314 1313
f 1191 1313 1188
f 1188 1313 1310
f 1188 1310 1183
f 1183 1310 1305
f 1183 1305 1177
f 1177 1305 1299
f 1177 1299 1158
f 1158 1299 1279
f 1158 1279 1159
f 1159 1279 1281
f 1159 1281 1157
f 1157 1281 1280
f 1157 1280 1161
f 1161 1280 1283
f 1161 1283 1160
f 1160 1283 1282
f 1160 1282 1163
f 1163 1282 1285
f 1163 1285 1162
f 1162 1285 1284
f 1162 1284 1165
f 1165 1284 1287
f 1165 1287 1164
f 1164 1287 1286
f 1164 1286 1167
f 1167 1286 1289
f 1167 1289 1166
f 1166 1289 1288
f 1166 1288 1169
f 1169 1288 1291
f 1169 1291 1168
f 1168 1291 1290
f 1168 1290 1171
f 1171 1290 1293
f 1171 1293 1170
f 1170 1293 1292
f 1170 1292 1173
f 1173 1292 1295
f 1173 1295 1172
f 1172 1295 1294
f 1172 1294 1178
f 1178 1294 1300
f 1178 1300 1180
f 1180 1300 1302
f 1180 1302 1184
f 1184 1302 1306
f 1184 1306 1219
f 1219 1306 1341
f 1219 1341 1221
f 1221 1341 1343
f 1221 1343 1223
f 1223 1343 1345
f 1223 1345 1225
f 1225 1345 1347
f 1225 1347 1227
f 1227 1347 1349
f 1227 1349 1229
f 1229 1349 1351
f 1229 1351 1230
f 1230 1351 1352
f 1230 1352 1228
f 1228 1352 1350
f 1228 1350 1226
f 1226 1350 1348
f 1226 1348 1224
f 1224 1348 1346
f 1224 1346 1222
f 1222 1346 1344
f 1222 1344 1220
f 1220 1344 1342
f 1220 1342 1218
f 1218 1342 1340
f 1218 1340 1217
f 1217 1340 1339
f 1217 1339 1215
f 1215 1339 1337
f 1215 1337 1213
f 1213 1337 1335
f 1213 1335 1211
f 1211 1335 1333
f 1211 1333 1209
f 1209 1333 1331
f 1209 1331 1207
f 1207 1331 1329
f 1207 1329 1205
f 1205 1329 1327
f 1205 1327 1204
f 1204 1327 1326
f 1204 1326 1203
f 1203 1326 1325
f 1203 1325 1201
f 1201 1325 1323
f 1201 1323 1199
f 1199 1323 1321
f 1199 1321 1197
f 1197 1321 1319
f 1197 1319 1195
f 1195 1319 1317
f 1195 1317 1193
f 1193 1317 1315
f 1193 1315 1189
f 1189 1315 1311
f 1189 1311 1186
f 1186 1311 1308
f 1186 1308 1185
f 1185 1308 1307
f 1185 1307 1181
f 1181 1307 1303
f 1181 1303 1179
f 1179 1303 1301
f 1179 1301 1176
f 1176 1301 1298
f 1176 1298 1110
f 1110 1298 1231
f 1110 1231 1111
f 1111 1231 1233
f 1111 1233 1109
f 1109 1233 1232
o 
v 24.19 0 -78.25
v 24.34 0 -79.19
v 24.34 0 -78.4
v 23.95 0 -78.13
v 24.19 0 -78.13
v 23.923 0 -78.128
v 23.937 0 -78.129
v 23.897 0 -78.127
v 23.91 0 -78.128
v 23.87 0 -78.127
v 23.883 0 -78.127
v 23.843 0 -78.127
v 23.857 0 -78.127
v 23.817 0 -78.128
v 23.83 0 -78.128
v 23.79 0 -78.13
v 23.803 0 -78.129
v 22.696 0 -79.443
v 23.12 0 -78.92
v 21.93 0 -80.55
v 22.299 0 -79.986
v 21.281 0 -81.728
v 21.591 0 -81.131
v 20.755 0 -82.967
v 21.002 0 -82.341
v 20.357 0 -84.253
v 20.54 0 -83.605
v 20.092 0 -85.572
v 20.208 0 -84.909
v 19.984 0 -86.756
v 20.01 0 -86.24
v 19.99 0 -87.788
v 19.977 0 -87.272
v 20.072 0 -88.817
v 20.021 0 -88.303
v 20.232 0 -89.837
v 20.143 0 -89.329
v 20.468 0 -90.842
v 20.34 0 -90.342
v 20.778 0 -91.827
v 20.613 0 -91.338
v 21.353 0 -93.16
v 20.96 0 -92.31
v 22.314 0 -94.766
v 21.805 0 -93.98
v 23.493 0 -96.22
v 22.878 0 -95.513
v 24.864 0 -97.493
v 24.156 0 -96.881
v 26.401 0 -98.561
v 25.614 0 -98.054
v 28.073 0 -99.401
v 27.222 0 -99.01
v 30.14 0 -100
v 28.95 0 -99.73
v 30.165 0 -100.003
v 30.152 0 -100.002
v 30.19 0 -100.005
v 30.177 0 -100.004
v 30.215 0 -100.005
v 30.202 0 -100.005
v 30.24 0 -100.005
v 30.228 0 -100.005
v 30.265 0 -100.003
v 30.253 0 -100.004
v 30.29 0 -100
v 30.278 0 -100.002
v 29.74 0 -98.93
v 30.29 0 -99.48
v 28.082 0 -96.237
v 28.504 0 -96.955
v 28.4 0 -96.77
v 24.263 0 -80.098
v 29.62 0 -98.755
v 28.609 0 -97.139
v 24.214 0 -81.008
v 29.502 0 -98.579
v 28.715 0 -97.322
v 24.193 0 -81.919
v 29.385 0 -98.402
v 24.201 0 -82.83
v 29.27 0 -98.225
v 24.238 0 -83.741
v 29.156 0 -98.046
v 24.304 0 -84.65
v 29.044 0 -97.866
v 24.398 0 -85.556
v 28.933 0 -97.686
v 24.52 0 -86.459
v 28.823 0 -97.504
v 24.67 0 -87.358
v 24.849 0 -88.252
v 25.056 0 -89.139
v 27.774 0 -95.698
v 27.477 0 -95.153
v 25.29 0 -90.02
v 27.19 0 -94.602
v 25.489 0 -90.608
v 26.914 0 -94.046
v 25.698 0 -91.192
v 26.649 0 -93.485
v 25.919 0 -91.772
v 26.395 0 -92.919
v 26.152 0 -92.348
v 24.34 10 -79.19
v 24.19 10 -78.25
v 24.34 10 -78.4
v 23.95 10 -78.13
v 24.19 10 -78.13
v 23.923 10 -78.128
v 23.937 10 -78.129
v 23.897 10 -78.127
v 23.91 10 -78.128
v 23.87 10 -78.127
v 23.883 10 -78.127
v 23.843 10 -78.127
v 23.857 10 -78.127
v 23.817 10 -78.128
v 23.83 10 -78.128
v 23.79 10 -78.13
v 23.803 10 -78.129
v 22.696 10 -79.443
v 23.12 10 -78.92
v 21.93 10 -80.55
v 22.299 10 -79.986
v 21.281 10 -81.728
v 21.591 10 -81.131
v 20.755 10 -82.967
v 21.002 10 -82.341
v 20.357 10 -84.253
v 20.54 10 -83.605
v 20.092 10 -85.572
v 20.208 10 -84.909
v 19.984 10 -86.756
v 20.01 10 -86.24
v 19.99 10 -87.788
v 19.977 10 -87.272
v 20.072 10 -88.817
v 20.021 10 -88.303
v 20.232 10 -89.837
v 20.143 10 -89.329
v 20.468 10 -90.842
v 20.34 10 -90.342
v 20.778 10 -91.827
v 20.613 10 -91.338
v 21.353 10 -93.16
v 20.96 10 -92.31
v 22.314 10 -94.766
v 21.805 10 -93.98
v 23.493 10 -96.22
v 22.878 10 -95.513
v 24.864 10 -97.493
v 24.156 10 -96.881
v 26.401 10 -98.561
v 25.614 10 -98.054
v 28.073 10 -99.401
v 27.222 10 -99.01
v 30.14 10 -100
v 28.95 10 -99.73
v 30.165 10 -100.003
v 30.152 10 -100.002
v 30.19 10 -100.005
v 30.177 10 -100.004
v 30.215 10 -100.005
v 30.202 10 -100.005
v 30.24 10 -100.005
v 30.228 10 -100.005
v 30.265 10 -100.003
v 30.253 10 -100.004
v 30.29 10 -100
v 30.278 10 -100.002
v 29.74 10 -98.93
v 30.29 10 -99.48
v 28.504 10 -96.955
v 28.082 10 -96.237
v 28.4 10 -96.77
v 24.263 10 -80.098
v 29.62 10 -98.755
v 28.609 10 -97.139
v 24.214 10 -81.008
v 29.502 10 -98.579
v 28.715 10 -97.322
v 24.193 10 -81.919
v 29.385 10 -98.402
v 24.201 10 -82.83
v 29.27 10 -98.225
v 24.238 10 -83.741
v 29.156 10 -98.046
v 24.304 10 -84.65
v 29.044 10 -97.866
v 24.398 10 -85.556
v 28.933 10 -97.686
v 24.52 10 -86.459
v 28.823 10 -97.504
v 24.67 10 -87.358
v 24.849 10 -88.252
v 25.056 10 -89.139
v 27.774 10 -95.698
v 27.477 10 -95.153
v 25.29 10 -90.02
v 27.19 10 -94.602
v 25.489 10 -90.608
v 26.914 10 -94.046
v 25.698 10 -91.192
v 26.649 10 -93.485
v 25.919 10 -91.772
v 26.395 10 -92.919
v 26.152 10 -92.348
f 1353 1354 1355
f 1356 1353 1357
f 1358 1356 1359
f 1360 1358 1361
f 1362 1360 1363
f 1364 1362 1365
f 1366 1364 1367
f 1368 1366 1369
f 1370 1368 1371
f 1372 1370 1373
f 1374 1372 1375
f 1376 1374 1377
f 1378 1376 1379
f 1380 1378 1381
f 1382 1380 1383
f 1384 1382 1385
f 1386 1384 1387
f 1388 1386 1389
f 1390 1388 1391
f 1392 1390 1393
f 1394 1392 1395
f 1396 1394 1397
f 1398 1396 1399
f 1400 1398 1401
f 1402 1400 1403
f 1404 1402 1405
f 1406 1404 1407
f 1408 1406 1409
f 1410 1408 1411
f 1412 1410 1413
f 1414 1412 1415
f 1416 1414 1417
f 1418 1416 1419
f 1420 1418 1421
f 1422 1423 1424
f 1353 1425 1354
f 1358 1353 1356
f 1362 1358 1360
f 1366 1362 1364
f 1370 1366 1368
f 1374 1370 1372
f 1378 1374 1376
f 1382 1378 1380
f 1386 1382 1384
f 1390 1386 1388
f 1394 1390 1392
f 1398 1394 1396
f 1402 1398 1400
f 1406 1402 1404
f 1410 1406 1408
f 1414 1410 1412
f 1418 1414 1416
f 1426 1418 1420
f 1422 1427 1423
f 1353 1428 1425
f 1362 1353 1358
f 1370 1362 1366
f 1378 1370 1374
f 1386 1378 1382
f 1394 1386 1390
f 1402 1394 1398
f 1410 1402 1406
f 1418 1410 1414
f 1429 1418 1426
f 1422 1430 1427
f 1353 1431 1428
f 1370 1353 1362
f 1386 1370 1378
f 1402 1386 1394
f 1418 1402 1410
f 1432 1418 1429
f 1370 1431 1353
f 1402 1370 1386
f 1432 1402 1418
f 1370 1433 1431
f 1434 1402 1432
f 1370 1435 1433
f 1436 1402 1434
f 1370 1437 1435
f 1438 1402 1436
f 1370 1439 1437
f 1440 1402 1438
f 1370 1441 1439
f 1442 1402 1440
f 1370 1443 1441
f 1430 1402 1442
f 1370 1444 1443
f 1422 1402 1430
f 1370 1445 1444
f 1446 1402 1422
f 1402 1445 1370
f 1447 1402 1446
f 1402 1448 1445
f 1449 1402 1447
f 1402 1450 1448
f 1451 1402 1449
f 1402 1452 1450
f 1453 1402 1451
f 1402 1454 1452
f 1455 1402 1453
f 1402 1456 1454
f 1456 1402 1455
f 1457 1458 1459
f 1458 1460 1461
f 1460 1462 1463
f 1462 1464 1465
f 1464 1466 1467
f 1466 1468 1469
f 1468 1470 1471
f 1470 1472 1473
f 1472 1474 1475
f 1474 1476 1477
f 1476 1478 1479
f 1478 1480 1481
f 1480 1482 1483
f 1482 1484 1485
f 1484 1486 1487
f 1486 1488 1489
f 1488 1490 1491
f 1490 1492 1493
f 1492 1494 1495
f 1494 1496 1497
f 1496 1498 1499
f 1498 1500 1501
f 1500 1502 1503
f 1502 1504 1505
f 1504 1506 1507
f 1506 1508 1509
f 1508 1510 1511
f 1510 1512 1513
f 1512 1514 1515
f 1514 1516 1517
f 1516 1518 1519
f 1518 1520 1521
f 1520 1522 1523
f 1522 1524 1525
f 1526 1527 1528
f 1529 1458 1457
f 1458 1462 1460
f 1462 1466 1464
f 1466 1470 1468
f 1470 1474 1472
f 1474 1478 1476
f 1478 1482 1480
f 1482 1486 1484
f 1486 1490 1488
f 1490 1494 1492
f 1494 1498 1496
f 1498 1502 1500
f 1502 1506 1504
f 1506 1510 1508
f 1510 1514 1512
f 1514 1518 1516
f 1518 1522 1520
f 1522 1530 1524
f 1531 1527 1526
f 1532 1458 1529
f 1458 1466 1462
f 1466 1474 1470
f 1474 1482 1478
f 1482 1490 1486
f 1490 1498 1494
f 1498 1506 1502
f 1506 1514 1510
f 1514 1522 1518
f 1522 1533 1530
f 1534 1527 1531
f 1535 1458 1532
f 1458 1474 1466
f 1474 1490 1482
f 1490 1506 1498
f 1506 1522 1514
f 1522 1536 1533
f 1535 1474 1458
f 1474 1506 1490
f 1506 1536 1522
f 1537 1474 1535
f 1506 1538 1536
f 1539 1474 1537
f 1506 1540 1538
f 1541 1474 1539
f 1506 1542 1540
f 1543 1474 1541
f 1506 1544 1542
f 1545 1474 1543
f 1506 1546 1544
f 1547 1474 1545
f 1506 1534 1546
f 1548 1474 1547
f 1506 1527 1534
f 1549 1474 1548
f 1506 1550 1527
f 1549 1506 1474
f 1506 1551 1550
f 1552 1506 1549
f 1506 1553 1551
f 1554 1506 1552
f 1506 1555 1553
f 1556 1506 1554
f 1506 1557 1555
f 1558 1506 1556
f 1506 1559 1557
f 1560 1506 1558
f 1506 1560 1559
f 1353 1458 1357
f 1357 1458 1461
f 1357 1461 1356
f 1356 1461 1460
f 1356 1460 1359
f 1359 1460 1463
f 1359 1463 1358
f 1358 1463 1462
f 1358 1462 1361
f 1361 1462 1465
f 1361 1465 1360
f 1360 1465 1464
f 1360 1464 1363
f 1363 1464 1467
f 1363 1467 1362
f 1362 1467 1466
f 1362 1466 1365
f 1365 1466 1469
f 1365 1469 1364
f 1364 1469 1468
f 1364 1468 1367
f 1367 1468 1471
f 1367 1471 1366
f 1366 1471 1470
f 1366 1470 1369
f 1369 1470 1473
f 1369 1473 1368
f 1368 1473 1472
f 1368 1472 1371
f 1371 1472 1475
f 1371 1475 1370
f 1370 1475 1474
f 1370 1474 1373
f 1373 1474 1477
f 1373 1477 1372
f 1372 1477 1476
f 1372 1476 1375
f 1375 1476 1479
f 1375 1479 1374
f 1374 1479 1478
f 1374 1478 1377
f 1377 1478 1481
f 1377 1481 1376
f 1376 1481 1480
f 1376 1480 1379
f 1379 1480 1483
f 1379 1483 1378
f 1378 1483 1482
f 1378 1482 1381
f 1381 1482 1485
f 1381 1485 1380
f 1380 1485 1484
f 1380 1484 1383
f 1383 1484 1487
f 1383 1487 1382
f 1382 1487 1486
f 1382 1486 1385
f 1385 1486 1489
f 1385 1489 1384
f 1384 1489 1488
f 1384 1488 1387
f 1387 1488 1491
f 1387 1491 1386
f 1386 1491 1490
f 1386 1490 1389
f 1389 1490 1493
f 1389 1493 1388
f 1388 1493 1492
f 1388 1492 1391
f 1391 1492 1495
f 1391 1495 1390
f 1390 1495 1494
f 1390 1494 1393
f 1393 1494 1497
f 1393 1497 1392
f 1392 1497 1496
f 1392 1496 1395
f 1395 1496 1499
f 1395 1499 1394
f 1394 1499 1498
f 1394 1498 1397
f 1397 1498 1501
f 1397 1501 1396
f 1396 1501 1500
f 1396 1500 1399
f 1399 1500 1503
f 1399 1503 1398
f 1398 1503 1502
f 1398 1502 1401
f 1401 1502 1505
f 1401 1505 1400
f 1400 1505 1504
f 1400 1504 1403
f 1403 1504 1507
f 1403 1507 1402
f 1402 1507 1506
f 1402 1506 1405
f 1405 1506 1509
f 1405 1509 1404
f 1404 1509 1508
f 1404 1508 1407
f 1407 1508 1511
f 1407 1511 1406
f 1406 1511 1510
f 1406 1510 1409
f 1409 1510 1513
f 1409 1513 1408
f 1408 1513 1512
f 1408 1512 1411
f 1411 1512 1515
f 1411 1515 1410
f 1410 1515 1514
f 1410 1514 1413
f 1413 1514 1517
f 1413 1517 1412
f 1412 1517 1516
f 1412 1516 1415
f 1415 1516 1519
f 1415 1519 1414
f 1414 1519 1518
f 1414 1518 1417
f 1417 1518 1521
f 1417 1521 1416
f 1416 1521 1520
f 1416 1520 1419
f 1419 1520 1523
f 1419 1523 1418
f 1418 1523 1522
f 1418 1522 1421
f 1421 1522 1525
f 1421 1525 1420
f 1420 1525 1524
f 1420 1524 1426
f 1426 1524 1530
f 1426 1530 1429
f 1429 1530 1533
f 1429 1533 1432
f 1432 1533 1536
f 1432 1536 1434
f 1434 1536 1538
f 1434 1538 1436
f 1436 1538 1540
f 1436 1540 1438
f 1438 1540 1542
f 1438 1542 1440
f 1440 1542 1544
f 1440 1544 1442
f 1442 1544 1546
f 1442 1546 1430
f 1430 1546 1534
f 1430 1534 1427
f 1427 1534 1531
f 1427 1531 1423
f 1423 1531 1526
f 1423 1526 1424
f 1424 1526 1528
f 1424 1528 1422
f 1422 1528 1527
f 1422 1527 1446
f 1446 1527 1550
f 1446 1550 1447
f 1447 1550 1551
f 1447 1551 1449
f 1449 1551 1553
f 1449 1553 1451
f 1451 1553 1555
f 1451 1555 1453
f 1453 1555 1557
f 1453 1557 1455
f 1455 1557 1559
f 1455 1559 1456
f 1456 1559 1560
f 1456 1560 1454
f 1454 1560 1558
f 1454 1558 1452
f 1452 1558 1556
f 1452 1556 1450
f 1450 1556 1554
f 1450 1554 1448
f 1448 1554 1552
f 1448 1552 1445
f 1445 1552 1549
f 1445 1549 1444
f 1444 1549 1548
f 1444 1548 1443
f 1443 1548 1547
f 1443 1547 1441
f 1441 1547 1545
f 1441 1545 1439
f 1439 1545 1543
f 1439 1543 1437
f 1437 1543 1541
f 1437 1541 1435
f 1435 1541 1539
f 1435 1539 1433
f 1433 1539 1537
f 1433 1537 1431
f 1431 1537 1535
f 1431 1535 1428
f 1428 1535 1532
f 1428 1532 1425
f 1425 1532 1529
f 1425 1529 1354
f 1354 1529 1457
f 1354 1457 1355
f 1355 1457 1459
f 1355 1459 1353
f 1353 1459 1458
o 
v 42.86 0 -45.03
v 42.71 0 -39.35
v 42.71 0 -45.03
v 43.492 0 -45.66
v 43.14 0 -45.27
v 43.315 0 -45.466
v 43.856 0 -46.038
v 43.673 0 -45.85
v 44.231 0 -46.406
v 44.042 0 -46.224
v 44.617 0 -46.763
v 44.423 0 -46.586
v 45.014 0 -47.107
v 44.814 0 -46.936
v 45.42 0 -47.44
v 45.216 0 -47.275
v 46.1 0 -47.99
v 45.7 0 -47.71
v 46.358 0 -48.163
v 46.229 0 -48.077
v 46.621 0 -48.33
v 46.489 0 -48.247
v 46.887 0 -48.49
v 46.754 0 -48.411
v 47.158 0 -48.644
v 47.022 0 -48.568
v 47.432 0 -48.79
v 47.295 0 -48.718
v 47.71 0 -48.93
v 47.571 0 -48.861
v 48.55 0 -49.24
v 48.11 0 -49.05
v 48.329 0 -49.146
v 48.995 0 -49.417
v 48.772 0 -49.33
v 49.445 0 -49.582
v 49.22 0 -49.501
v 49.899 0 -49.734
v 49.672 0 -49.659
v 50.358 0 -49.873
v 50.128 0 -49.805
v 50.82 0 -50
v 50.588 0 -49.938
v 52.04 0 -50.15
v 51.49 0 -50
v 51.89 0 -50.15
v 51.5 0 -51.763
v 52.04 0 -51.37
v 51.65 0 -51.65
v 51.218 0 -52.009
v 51.356 0 -51.883
v 50.959 0 -52.28
v 51.085 0 -52.141
v 50.726 0 -52.573
v 50.839 0 -52.424
v 50.521 0 -52.887
v 50.62 0 -52.728
v 50.346 0 -53.219
v 50.43 0 -53.051
v 50.228 0 -53.497
v 50.27 0 -53.39
v 50.155 0 -53.714
v 50.19 0 -53.605
v 50.096 0 -53.935
v 50.124 0 -53.824
v 50.051 0 -54.16
v 50.072 0 -54.047
v 50.02 0 -54.387
v 50.034 0 -54.273
v 50.003 0 -54.615
v 50.01 0 -54.501
v 50.026 0 -55.193
v 50 0 -54.73
v 50.246 0 -56.092
v 50.108 0 -55.649
v 50.678 0 -56.91
v 50.437 0 -56.514
v 51.296 0 -57.599
v 50.966 0 -57.274
v 52.063 0 -58.118
v 51.663 0 -57.882
v 52.933 0 -58.434
v 52.488 0 -58.303
v 53.847 0 -58.526
v 53.39 0 -58.51
v 54.749 0 -58.392
v 54.302 0 -58.486
v 55.592 0 -58.045
v 55.181 0 -58.244
v 56.329 0 -57.507
v 55.977 0 -57.799
v 56.915 0 -56.808
v 56.643 0 -57.176
v 57.316 0 -55.99
v 57.14 0 -56.411
v 57.503 0 -55.187
v 57.44 0 -55.55
v 57.521 0 -54.451
v 57.53 0 -54.82
v 57.397 0 -53.726
v 57.477 0 -54.085
v 57.134 0 -53.038
v 57.282 0 -53.376
v 56.743 0 -52.415
v 56.954 0 -52.717
v 56.239 0 -51.879
v 56.504 0 -52.134
v 55.7 0 -51.49
v 55.95 0 -51.65
v 56.1 0 -50
v 55.55 0 -50.15
v 55.7 0 -50.15
v 56.232 0 -49.984
v 56.166 0 -49.992
v 56.364 0 -49.966
v 56.298 0 -49.975
v 56.496 0 -49.946
v 56.43 0 -49.956
v 56.628 0 -49.926
v 56.562 0 -49.936
v 56.759 0 -49.904
v 56.693 0 -49.915
v 56.89 0 -49.88
v 56.824 0 -49.892
v 57.469 0 -49.711
v 57.32 0 -49.76
v 57.765 0 -49.608
v 57.617 0 -49.661
v 58.058 0 -49.497
v 57.912 0 -49.554
v 58.349 0 -49.379
v 58.204 0 -49.439
v 58.636 0 -49.253
v 58.493 0 -49.317
v 58.919 0 -49.119
v 58.778 0 -49.187
v 59.547 0 -49.019
v 59.06 0 -49.05
v 59.49 0 -49.05
v 59.66 0 -48.957
v 59.603 0 -48.988
v 59.772 0 -48.893
v 59.716 0 -48.925
v 59.884 0 -48.828
v 59.828 0 -48.86
v 59.995 0 -48.761
v 59.939 0 -48.795
v 60.105 0 -48.694
v 60.05 0 -48.728
v 60.56 0 -48.38
v 60.16 0 -48.66
v 61.325 0 -47.908
v 60.946 0 -48.15
v 62.058 0 -47.388
v 61.696 0 -47.654
v 62.756 0 -46.822
v 62.411 0 -47.111
v 63.415 0 -46.212
v 63.09 0 -46.522
v 64.034 0 -45.56
v 63.73 0 -45.891
v 64.61 0 -44.87
v 64.328 0 -45.22
v 65.16 0 -38.53
v 64.61 0 -39.08
v 64.73 0 -39.08
v 67.74 0 -36.543
v 66.998 0 -37.026
v 67.18 0 -36.91
v 74.796 0 -34.044
v 73.958 0 -34.178
v 74.62 0 -34.08
v 77.97 0 -33.65
v 76.75 0 -33.8
v 77.97 0 -33.8
v 78.13 0 -33.4
v 78.13 0 -33.65
v 76.642 0 -30.119
v 77.7 0 -32.46
v 77.198 0 -31.277
v 75.371 0 -27.886
v 76.033 0 -28.987
v 73.898 0 -25.781
v 74.659 0 -26.816
v 72.235 0 -23.822
v 73.089 0 -24.782
v 70.397 0 -22.027
v 71.337 0 -22.903
v 68.4 0 -20.41
v 69.417 0 -21.195
v 66.948 0 -19.478
v 67.682 0 -19.932
v 65.437 0 -18.646
v 66.2 0 -19.049
v 63.874 0 -17.917
v 64.662 0 -18.268
v 62.265 0 -17.294
v 63.074 0 -17.592
v 60.618 0 -16.781
v 61.446 0 -17.024
v 58.94 0 -16.38
v 59.782 0 -16.567
v 57.84 0 -16.11
v 57.99 0 -16.11
v 63.51 0 -14.61
v 57.84 0 -14.73
v 63.27 0 -14.73
v 63.558 0 -14.594
v 63.534 0 -14.602
v 63.606 0 -14.577
v 63.582 0 -14.586
v 63.653 0 -14.558
v 63.63 0 -14.568
v 63.7 0 -14.537
v 63.677 0 -14.548
v 63.745 0 -14.514
v 63.723 0 -14.526
v 63.79 0 -14.49
v 63.768 0 -14.502
v 63.952 0 -14.374
v 63.873 0 -14.435
v 64.096 0 -14.238
v 64.026 0 -14.308
v 64.221 0 -14.083
v 64.161 0 -14.162
v 64.325 0 -13.913
v 64.276 0 -14
v 64.405 0 -13.731
v 64.368 0 -13.824
v 64.46 0 -13.54
v 64.436 0 -13.636
v 64.496 0 -13.406
v 64.48 0 -13.473
v 64.517 0 -13.269
v 64.508 0 -13.338
v 64.524 0 -13.13
v 64.522 0 -13.199
v 64.517 0 -12.991
v 64.522 0 -13.061
v 64.496 0 -12.854
v 64.508 0 -12.923
v 64.46 0 -12.72
v 64.48 0 -12.787
v 64.462 0 -12.675
v 64.461 0 -12.698
v 64.463 0 -12.63
v 64.463 0 -12.653
v 64.463 0 -12.585
v 64.463 0 -12.608
v 64.463 0 -12.54
v 64.463 0 -12.562
v 64.462 0 -12.495
v 64.463 0 -12.517
v 64.46 0 -12.45
v 64.461 0 -12.472
v 64.426 0 -12.399
v 64.443 0 -12.424
v 64.389 0 -12.349
v 64.407 0 -12.374
v 64.35 0 -12.302
v 64.369 0 -12.325
v 64.308 0 -12.256
v 64.329 0 -12.279
v 64.265 0 -12.212
v 64.287 0 -12.234
v 64.22 0 -12.17
v 64.243 0 -12.191
v 64.156 0 -12.114
v 64.188 0 -12.141
v 64.089 0 -12.062
v 64.123 0 -12.087
v 64.018 0 -12.014
v 64.054 0 -12.038
v 63.944 0 -11.971
v 63.981 0 -11.992
v 63.868 0 -11.933
v 63.907 0 -11.952
v 63.79 0 -11.9
v 63.829 0 -11.916
v 63.726 0 -11.872
v 63.758 0 -11.886
v 63.661 0 -11.848
v 63.693 0 -11.86
v 63.594 0 -11.826
v 63.628 0 -11.836
v 63.527 0 -11.807
v 63.561 0 -11.816
v 63.459 0 -11.792
v 63.493 0 -11.799
v 63.39 0 -11.78
v 63.424 0 -11.786
v 63.12 0 -11.65
v 63.27 0 -11.78
v 63.27 0 -11.65
v 65.875 0 -6.959
v 65.375 0 -7.286
v 65.56 0 -7.17
v 70.119 0 -4.983
v 69.262 0 -5.282
v 69.62 0 -5.16
v 76.025 0 -3.78
v 75.282 0 -3.856
v 75.81 0 -3.81
v 79.19 0 -0.03
v 78.4 0 -3.54
v 79.19 0 -3.54
v 28.25 0 -3.66
v 28.25 0 -0.03
v 33.39 0 -4.162
v 32.548 0 -3.999
v 32.86 0 -4.06
v 44.013 0 -11.918
v 44.33 0 -11.9
v 44.08 0 -11.9
v 43.883 0 -11.963
v 43.947 0 -11.939
v 43.757 0 -12.021
v 43.819 0 -11.991
v 43.639 0 -12.092
v 43.697 0 -12.055
v 43.528 0 -12.175
v 43.583 0 -12.133
v 43.427 0 -12.269
v 43.476 0 -12.221
v 43.356 0 -12.351
v 43.38 0 -12.32
v 43.309 0 -12.413
v 43.332 0 -12.382
v 43.266 0 -12.478
v 43.287 0 -12.445
v 43.226 0 -12.545
v 43.246 0 -12.511
v 43.189 0 -12.614
v 43.207 0 -12.579
v 43.155 0 -12.684
v 43.172 0 -12.649
v 43.14 0 -12.84
v 43.14 0 -12.72
v 43.066 0 -12.944
v 43.102 0 -12.891
v 43.003 0 -13.054
v 43.033 0 -12.998
v 42.95 0 -13.17
v 42.975 0 -13.111
v 42.908 0 -13.29
v 42.928 0 -13.23
v 42.878 0 -13.414
v 42.892 0 -13.352
v 42.86 0 -13.54
v 42.868 0 -13.477
v 42.908 0 -13.842
v 42.876 0 -13.692
v 43.016 0 -14.128
v 42.954 0 -13.988
v 43.18 0 -14.385
v 43.091 0 -14.261
v 43.394 0 -14.604
v 43.281 0 -14.5
v 43.647 0 -14.775
v 43.516 0 -14.696
v 43.93 0 -14.89
v 43.786 0 -14.84
v 48.38 0 -16.63
v 49.6 0 -16.38
v 49.48 0 -16.38
v 44.292 0 -17.873
v 46.31 0 -17.166
v 40.467 0 -19.777
v 42.34 0 -18.745
v 37.01 0 -22.288
v 38.687 0 -20.96
v 34.018 0 -25.337
v 35.451 0 -23.75
v 31.572 0 -28.84
v 32.722 0 -27.037
v 29.74 0 -32.7
v 30.575 0 -30.732
v 29.35 0 -33.92
v 29.35 0 -33.65
v 42.59 0 -39.2
v 42.59 0 -39.35
v 55.55 0 -51.49
v 74.971 0 -34.01
v 76.571 0 -33.81
v 76.24 0 -3.751
v 78.183 0 -3.555
v 29.07 0 -3.66
v 42.31 0 -38.8
v 75.148 0 -33.978
v 76.392 0 -33.823
v 76.455 0 -3.723
v 77.967 0 -3.571
v 29.388 0 -3.666
v 76.214 0 -33.838
v 74.756 0 -3.915
v 77.751 0 -3.588
v 29.706 0 -3.677
v 49.48 0 -14.89
v 76.035 0 -33.856
v 76.671 0 -3.697
v 77.534 0 -3.607
v 30.024 0 -3.693
v 30.14 0 -33.92
v 76.887 0 -3.673
v 77.318 0 -3.628
v 30.341 0 -3.714
v 30.803 0 -33.976
v 75.857 0 -33.875
v 77.102 0 -3.649
v 30.658 0 -3.74
v 44.33 0 -9.49
v 31.464 0 -34.051
v 75.679 0 -33.898
v 30.974 0 -3.771
v 43.93 0 -9.06
v 32.123 0 -34.145
v 42.213 0 -38.704
v 75.502 0 -33.922
v 63.12 0 -9.21
v 31.29 0 -3.807
v 49.6 0 -15.01
v 32.779 0 -34.257
v 42.116 0 -38.609
v 75.325 0 -33.949
v 63.51 0 -8.79
v 74.231 0 -3.986
v 31.606 0 -3.847
v 33.432 0 -34.387
v 73.708 0 -4.069
v 31.921 0 -3.893
v 34.08 0 -34.537
v 42.017 0 -38.514
v 73.187 0 -4.164
v 32.235 0 -3.944
v 34.725 0 -34.704
v 41.918 0 -38.421
v 73.3 0 -34.302
v 72.668 0 -4.271
v 35.364 0 -34.889
v 41.817 0 -38.329
v 72.647 0 -34.452
v 72.152 0 -4.389
v 35.997 0 -35.093
v 41.716 0 -38.237
v 72.001 0 -34.628
v 71.639 0 -4.52
v 33.918 0 -4.273
v 36.625 0 -35.314
v 41.614 0 -38.147
v 71.363 0 -34.828
v 71.129 0 -4.663
v 34.445 0 -4.392
v 37.246 0 -35.553
v 41.511 0 -38.057
v 70.732 0 -35.054
v 70.622 0 -4.817
v 34.969 0 -4.519
v 37.86 0 -35.81
v 70.111 0 -35.304
v 35.492 0 -4.655
v 38.142 0 -35.945
v 41.407 0 -37.969
v 69.501 0 -35.579
v 36.012 0 -4.798
v 38.423 0 -36.083
v 41.302 0 -37.882
v 68.901 0 -35.877
v 68.906 0 -5.413
v 36.53 0 -4.95
v 38.7 0 -36.227
v 41.196 0 -37.795
v 68.314 0 -36.199
v 68.554 0 -5.553
v 37.045 0 -5.11
v 38.976 0 -36.375
v 41.09 0 -37.71
v 68.205 0 -5.7
v 37.558 0 -5.278
v 39.249 0 -36.527
v 40.835 0 -37.529
v 67.86 0 -5.856
v 38.068 0 -5.454
v 39.52 0 -36.683
v 40.578 0 -37.351
v 66.818 0 -37.146
v 67.518 0 -6.02
v 38.576 0 -5.638
v 39.788 0 -36.844
v 40.317 0 -37.178
v 66.64 0 -37.27
v 67.181 0 -6.192
v 39.08 0 -5.83
v 40.054 0 -37.009
v 66.465 0 -37.397
v 66.293 0 -37.527
v 66.848 0 -6.372
v 66.122 0 -37.661
v 66.519 0 -6.56
v 65.955 0 -37.798
v 66.194 0 -6.756
v 65.313 0 -38.377
v 65.79 0 -37.938
v 65.469 0 -38.228
v 65.628 0 -38.081
v 65.193 0 -7.406
v 65.012 0 -7.529
v 64.835 0 -7.655
v 43.566 0 -8.735
v 64.66 0 -7.786
v 43.195 0 -8.42
v 64.487 0 -7.919
v 42.815 0 -8.114
v 64.317 0 -8.056
v 42.427 0 -7.818
v 64.15 0 -8.197
v 42.032 0 -7.533
v 63.986 0 -8.34
v 41.63 0 -7.257
v 63.824 0 -8.487
v 41.221 0 -6.992
v 63.666 0 -8.637
v 40.805 0 -6.738
v 40.383 0 -6.494
v 39.52 0 -6.04
v 39.954 0 -6.262
v 42.71 10 -39.35
v 42.86 10 -45.03
v 42.71 10 -45.03
v 43.14 10 -45.27
v 43.492 10 -45.66
v 43.315 10 -45.466
v 43.856 10 -46.038
v 43.673 10 -45.85
v 44.231 10 -46.406
v 44.042 10 -46.224
v 44.617 10 -46.763
v 44.423 10 -46.586
v 45.014 10 -47.107
v 44.814 10 -46.936
v 45.42 10 -47.44
v 45.216 10 -47.275
v 46.1 10 -47.99
v 45.7 10 -47.71
v 46.358 10 -48.163
v 46.229 10 -48.077
v 46.621 10 -48.33
v 46.489 10 -48.247
v 46.887 10 -48.49
v 46.754 10 -48.411
v 47.158 10 -48.644
v 47.022 10 -48.568
v 47.432 10 -48.79
v 47.295 10 -48.718
v 47.71 10 -48.93
v 47.571 10 -48.861
v 48.11 10 -49.05
v 48.55 10 -49.24
v 48.329 10 -49.146
v 48.995 10 -49.417
v 48.772 10 -49.33
v 49.445 10 -49.582
v 49.22 10 -49.501
v 49.899 10 -49.734
v 49.672 10 -49.659
v 50.358 10 -49.873
v 50.128 10 -49.805
v 50.82 10 -50
v 50.588 10 -49.938
v 51.49 10 -50
v 52.04 10 -50.15
v 51.89 10 -50.15
v 52.04 10 -51.37
v 51.5 10 -51.763
v 51.65 10 -51.65
v 51.218 10 -52.009
v 51.356 10 -51.883
v 50.959 10 -52.28
v 51.085 10 -52.141
v 50.726 10 -52.573
v 50.839 10 -52.424
v 50.521 10 -52.887
v 50.62 10 -52.728
v 50.346 10 -53.219
v 50.43 10 -53.051
v 50.228 10 -53.497
v 50.27 10 -53.39
v 50.155 10 -53.714
v 50.19 10 -53.605
v 50.096 10 -53.935
v 50.124 10 -53.824
v 50.051 10 -54.16
v 50.072 10 -54.047
v 50.02 10 -54.387
v 50.034 10 -54.273
v 50.003 10 -54.615
v 50.01 10 -54.501
v 50.026 10 -55.193
v 50 10 -54.73
v 50.246 10 -56.092
v 50.108 10 -55.649
v 50.678 10 -56.91
v 50.437 10 -56.514
v 51.296 10 -57.599
v 50.966 10 -57.274
v 52.063 10 -58.118
v 51.663 10 -57.882
v 52.933 10 -58.434
v 52.488 10 -58.303
v 53.847 10 -58.526
v 53.39 10 -58.51
v 54.749 10 -58.392
v 54.302 10 -58.486
v 55.592 10 -58.045
v 55.181 10 -58.244
v 56.329 10 -57.507
v 55.977 10 -57.799
v 56.915 10 -56.808
v 56.643 10 -57.176
v 57.316 10 -55.99
v 57.14 10 -56.411
v 57.503 10 -55.187
v 57.44 10 -55.55
v 57.521 10 -54.451
v 57.53 10 -54.82
v 57.397 10 -53.726
v 57.477 10 -54.085
v 57.134 10 -53.038
v 57.282 10 -53.376
v 56.743 10 -52.415
v 56.954 10 -52.717
v 56.239 10 -51.879
v 56.504 10 -52.134
v 55.7 10 -51.49
v 55.95 10 -51.65
v 55.55 10 -50.15
v 56.1 10 -50
v 55.7 10 -50.15
v 56.232 10 -49.984
v 56.166 10 -49.992
v 56.364 10 -49.966
v 56.298 10 -49.975
v 56.496 10 -49.946
v 56.43 10 -49.956
v 56.628 10 -49.926
v 56.562 10 -49.936
v 56.759 10 -49.904
v 56.693 10 -49.915
v 56.89 10 -49.88
v 56.824 10 -49.892
v 57.469 10 -49.711
v 57.32 10 -49.76
v 57.765 10 -49.608
v 57.617 10 -49.661
v 58.058 10 -49.497
v 57.912 10 -49.554
v 58.349 10 -49.379
v 58.204 10 -49.439
v 58.636 10 -49.253
v 58.493 10 -49.317
v 58.919 10 -49.119
v 58.778 10 -49.187
v 59.06 10 -49.05
v 59.547 10 -49.019
v 59.49 10 -49.05
v 59.66 10 -48.957
v 59.603 10 -48.988
v 59.772 10 -48.893
v 59.716 10 -48.925
v 59.884 10 -48.828
v 59.828 10 -48.86
v 59.995 10 -48.761
v 59.939 10 -48.795
v 60.105 10 -48.694
v 60.05 10 -48.728
v 60.56 10 -48.38
v 60.16 10 -48.66
v 61.325 10 -47.908
v 60.946 10 -48.15
v 62.058 10 -47.388
v 61.696 10 -47.654
v 62.756 10 -46.822
v 62.411 10 -47.111
v 63.415 10 -46.212
v 63.09 10 -46.522
v 64.034 10 -45.56
v 63.73 10 -45.891
v 64.61 10 -44.87
v 64.328 10 -45.22
v 64.61 10 -39.08
v 65.16 10 -38.53
v 64.73 10 -39.08
v 66.998 10 -37.026
v 67.74 10 -36.543
v 67.18 10 -36.91
v 73.958 10 -34.178
v 74.796 10 -34.044
v 74.62 10 -34.08
v 76.75 10 -33.8
v 77.97 10 -33.65
v 77.97 10 -33.8
v 78.13 10 -33.4
v 78.13 10 -33.65
v 77.7 10 -32.46
v 76.642 10 -30.119
v 77.198 10 -31.277
v 75.371 10 -27.886
v 76.033 10 -28.987
v 73.898 10 -25.781
v 74.659 10 -26.816
v 72.235 10 -23.822
v 73.089 10 -24.782
v 70.397 10 -22.027
v 71.337 10 -22.903
v 68.4 10 -20.41
v 69.417 10 -21.195
v 66.948 10 -19.478
v 67.682 10 -19.932
v 65.437 10 -18.646
v 66.2 10 -19.049
v 63.874 10 -17.917
v 64.662 10 -18.268
v 62.265 10 -17.294
v 63.074 10 -17.592
v 60.618 10 -16.781
v 61.446 10 -17.024
v 58.94 10 -16.38
v 59.782 10 -16.567
v 57.84 10 -16.11
v 57.99 10 -16.11
v 57.84 10 -14.73
v 63.51 10 -14.61
v 63.27 10 -14.73
v 63.558 10 -14.594
v 63.534 10 -14.602
v 63.606 10 -14.577
v 63.582 10 -14.586
v 63.653 10 -14.558
v 63.63 10 -14.568
v 63.7 10 -14.537
v 63.677 10 -14.548
v 63.745 10 -14.514
v 63.723 10 -14.526
v 63.79 10 -14.49
v 63.768 10 -14.502
v 63.952 10 -14.374
v 63.873 10 -14.435
v 64.096 10 -14.238
v 64.026 10 -14.308
v 64.221 10 -14.083
v 64.161 10 -14.162
v 64.325 10 -13.913
v 64.276 10 -14
v 64.405 10 -13.731
v 64.368 10 -13.824
v 64.46 10 -13.54
v 64.436 10 -13.636
v 64.496 10 -13.406
v 64.48 10 -13.473
v 64.517 10 -13.269
v 64.508 10 -13.338
v 64.524 10 -13.13
v 64.522 10 -13.199
v 64.517 10 -12.991
v 64.522 10 -13.061
v 64.496 10 -12.854
v 64.508 10 -12.923
v 64.46 10 -12.72
v 64.48 10 -12.787
v 64.462 10 -12.675
v 64.461 10 -12.698
v 64.463 10 -12.63
v 64.463 10 -12.653
v 64.463 10 -12.585
v 64.463 10 -12.608
v 64.463 10 -12.54
v 64.463 10 -12.562
v 64.462 10 -12.495
v 64.463 10 -12.517
v 64.46 10 -12.45
v 64.461 10 -12.472
v 64.426 10 -12.399
v 64.443 10 -12.424
v 64.389 10 -12.349
v 64.407 10 -12.374
v 64.35 10 -12.302
v 64.369 10 -12.325
v 64.308 10 -12.256
v 64.329 10 -12.279
v 64.265 10 -12.212
v 64.287 10 -12.234
v 64.22 10 -12.17
v 64.243 10 -12.191
v 64.156 10 -12.114
v 64.188 10 -12.141
v 64.089 10 -12.062
v 64.123 10 -12.087
v 64.018 10 -12.014
v 64.054 10 -12.038
v 63.944 10 -11.971
v 63.981 10 -11.992
v 63.868 10 -11.933
v 63.907 10 -11.952
v 63.79 10 -11.9
v 63.829 10 -11.916
v 63.726 10 -11.872
v 63.758 10 -11.886
v 63.661 10 -11.848
v 63.693 10 -11.86
v 63.594 10 -11.826
v 63.628 10 -11.836
v 63.527 10 -11.807
v 63.561 10 -11.816
v 63.459 10 -11.792
v 63.493 10 -11.799
v 63.39 10 -11.78
v 63.424 10 -11.786
v 63.27 10 -11.78
v 63.12 10 -11.65
v 63.27 10 -11.65
v 65.375 10 -7.286
v 65.875 10 -6.959
v 65.56 10 -7.17
v 69.262 10 -5.282
v 70.119 10 -4.983
v 69.62 10 -5.16
v 75.282 10 -3.856
v 76.025 10 -3.78
v 75.81 10 -3.81
v 78.4 10 -3.54
v 79.19 10 -0.03
v 79.19 10 -3.54
v 28.25 10 -3.66
v 28.25 10 -0.03
v 32.548 10 -3.999
v 33.39 10 -4.162
v 32.86 10 -4.06
v 44.33 10 -11.9
v 44.013 10 -11.918
v 44.08 10 -11.9
v 43.883 10 -11.963
v 43.947 10 -11.939
v 43.757 10 -12.021
v 43.819 10 -11.991
v 43.639 10 -12.092
v 43.697 10 -12.055
v 43.528 10 -12.175
v 43.583 10 -12.133
v 43.427 10 -12.269
v 43.476 10 -12.221
v 43.356 10 -12.351
v 43.38 10 -12.32
v 43.309 10 -12.413
v 43.332 10 -12.382
v 43.266 10 -12.478
v 43.287 10 -12.445
v 43.226 10 -12.545
v 43.246 10 -12.511
v 43.189 10 -12.614
v 43.207 10 -12.579
v 43.155 10 -12.684
v 43.172 10 -12.649
v 43.14 10 -12.84
v 43.14 10 -12.72
v 43.066 10 -12.944
v 43.102 10 -12.891
v 43.003 10 -13.054
v 43.033 10 -12.998
v 42.95 10 -13.17
v 42.975 10 -13.111
v 42.908 10 -13.29
v 42.928 10 -13.23
v 42.878 10 -13.414
v 42.892 10 -13.352
v 42.86 10 -13.54
v 42.868 10 -13.477
v 42.908 10 -13.842
v 42.876 10 -13.692
v 43.016 10 -14.128
v 42.954 10 -13.988
v 43.18 10 -14.385
v 43.091 10 -14.261
v 43.394 10 -14.604
v 43.281 10 -14.5
v 43.647 10 -14.775
v 43.516 10 -14.696
v 43.93 10 -14.89
v 43.786 10 -14.84
v 49.6 10 -16.38
v 48.38 10 -16.63
v 49.48 10 -16.38
v 44.292 10 -17.873
v 46.31 10 -17.166
v 40.467 10 -19.777
v 42.34 10 -18.745
v 37.01 10 -22.288
v 38.687 10 -20.96
v 34.018 10 -25.337
v 35.451 10 -23.75
v 31.572 10 -28.84
v 32.722 10 -27.037
v 29.74 10 -32.7
v 30.575 10 -30.732
v 29.35 10 -33.92
v 29.35 10 -33.65
v 42.59 10 -39.2
v 42.59 10 -39.35
v 55.55 10 -51.49
v 74.971 10 -34.01
v 76.571 10 -33.81
v 76.24 10 -3.751
v 78.183 10 -3.555
v 29.07 10 -3.66
v 42.31 10 -38.8
v 75.148 10 -33.978
v 76.392 10 -33.823
v 76.455 10 -3.723
v 77.967 10 -3.571
v 29.388 10 -3.666
v 76.214 10 -33.838
v 74.756 10 -3.915
v 77.751 10 -3.588
v 29.706 10 -3.677
v 49.48 10 -14.89
v 76.035 10 -33.856
v 76.671 10 -3.697
v 77.534 10 -3.607
v 30.024 10 -3.693
v 30.14 10 -33.92
v 76.887 10 -3.673
v 77.318 10 -3.628
v 30.341 10 -3.714
v 30.803 10 -33.976
v 75.857 10 -33.875
v 77.102 10 -3.649
v 30.658 10 -3.74
v 44.33 10 -9.49
v 31.464 10 -34.051
v 75.679 10 -33.898
v 30.974 10 -3.771
v 43.93 10 -9.06
v 32.123 10 -34.145
v 42.213 10 -38.704
v 75.502 10 -33.922
v 63.12 10 -9.21
v 31.29 10 -3.807
v 49.6 10 -15.01
v 32.779 10 -34.257
v 42.116 10 -38.609
v 75.325 10 -33.949
v 63.51 10 -8.79
v 74.231 10 -3.986
v 31.606 10 -3.847
v 33.432 10 -34.387
v 73.708 10 -4.069
v 31.921 10 -3.893
v 34.08 10 -34.537
v 42.017 10 -38.514
v 73.187 10 -4.164
v 32.235 10 -3.944
v 34.725 10 -34.704
v 41.918 10 -38.421
v 73.3 10 -34.302
v 72.668 10 -4.271
v 35.364 10 -34.889
v 41.817 10 -38.329
v 72.647 10 -34.452
v 72.152 10 -4.389
v 35.997 10 -35.093
v 41.716 10 -38.237
v 72.001 10 -34.628
v 71.639 10 -4.52
v 33.918 10 -4.273
v 36.625 10 -35.314
v 41.614 10 -38.147
v 71.363 10 -34.828
v 71.129 10 -4.663
v 34.445 10 -4.392
v 37.246 10 -35.553
v 41.511 10 -38.057
v 70.732 10 -35.054
v 70.622 10 -4.817
v 34.969 10 -4.519
v 37.86 10 -35.81
v 70.111 10 -35.304
v 35.492 10 -4.655
v 38.142 10 -35.945
v 41.407 10 -37.969
v 69.501 10 -35.579
v 36.012 10 -4.798
v 38.423 10 -36.083
v 41.302 10 -37.882
v 68.901 10 -35.877
v 68.906 10 -5.413
v 36.53 10 -4.95
v 38.7 10 -36.227
v 41.196 10 -37.795
v 68.314 10 -36.199
v 68.554 10 -5.553
v 37.045 10 -5.11
v 38.976 10 -36.375
v 41.09 10 -37.71
v 68.205 10 -5.7
v 37.558 10 -5.278
v 39.249 10 -36.527
v 40.835 10 -37.529
v 67.86 10 -5.856
v 38.068 10 -5.454
v 39.52 10 -36.683
v 40.578 10 -37.351
v 66.818 10 -37.146
v 67.518 10 -6.02
v 38.576 10 -5.638
v 39.788 10 -36.844
v 40.317 10 -37.178
v 66.64 10 -37.27
v 67.181 10 -6.192
v 39.08 10 -5.83
v 40.054 10 -37.009
v 66.465 10 -37.397
v 66.293 10 -37.527
v 66.848 10 -6.372
v 66.122 10 -37.661
v 66.519 10 -6.56
v 65.955 10 -37.798
v 66.194 10 -6.756
v 65.313 10 -38.377
v 65.79 10 -37.938
v 65.469 10 -38.228
v 65.628 10 -38.081
v 65.193 10 -7.406
v 65.012 10 -7.529
v 64.835 10 -7.655
v 43.566 10 -8.735
v 64.66 10 -7.786
v 43.195 10 -8.42
v 64.487 10 -7.919
v 42.815 10 -8.114
v 64.317 10 -8.056
v 42.427 10 -7.818
v 64.15 10 -8.197
v 42.032 10 -7.533
v 63.986 10 -8.34
v 41.63 10 -7.257
v 63.824 10 -8.487
v 41.221 10 -6.992
v 63.666 10 -8.637
v 40.805 10 -6.738
v 40.383 10 -6.494
v 39.52 10 -6.04
v 39.954 10 -6.262
f 1561 1562 1563
f 1564 1565 1566
f 1567 1564 1568
f 1569 1567 1570
f 1571 1569 1572
f 1573 1571 1574
f 1575 1573 1576
f 1577 1575 1578
f 1579 1577 1580
f 1581 1579 1582
f 1583 1581 1584
f 1585 1583 1586
f 1587 1585 1588
f 1589 1587 1590
f 1591 1592 1593
f 1594 1591 1595
f 1596 1594 1597
f 1598 1596 1599
f 1600 1598 1601
f 1602 1600 1603
f 1604 1605 1606
f 1607 1608 1609
f 1610 1607 1611
f 1612 1610 1613
f 1614 1612 1615
f 1616 1614 1617
f 1618 1616 1619
f 1620 1618 1621
f 1622 1620 1623
f 1624 1622 1625
f 1626 1624 1627
f 1628 1626 1629
f 1630 1628 1631
f 1632 1630 1633
f 1634 1632 1635
f 1636 1634 1637
f 1638 1636 1639
f 1640 1638 1641
f 1642 1640 1643
f 1644 1642 1645
f 1646 1644 1647
f 1648 1646 1649
f 1650 1648 1651
f 1652 1650 1653
f 1654 1652 1655
f 1656 1654 1657
f 1658 1656 1659
f 1660 1658 1661
f 1662 1660 1663
f 1664 1662 1665
f 1666 1664 1667
f 1668 1666 1669
f 1670 1671 1672
f 1673 1670 1674
f 1675 1673 1676
f 1677 1675 1678
f 1679 1677 1680
f 1681 1679 1682
f 1683 1681 1684
f 1685 1683 1686
f 1687 1685 1688
f 1689 1687 1690
f 1691 1689 1692
f 1693 1691 1694
f 1695 1693 1696
f 1697 1698 1699
f 1700 1697 1701
f 1702 1700 1703
f 1704 1702 1705
f 1706 1704 1707
f 1708 1706 1709
f 1710 1708 1711
f 1712 1710 1713
f 1714 1712 1715
f 1716 1714 1717
f 1718 1716 1719
f 1720 1718 1721
f 1722 1720 1723
f 1724 1725 1726
f 1727 1728 1729
f 1730 1731 1732
f 1733 1734 1735
f 1736 1733 1737
f 1738 1739 1740
f 1741 1738 1742
f 1743 1741 1744
f 1745 1743 1746
f 1747 1745 1748
f 1749 1747 1750
f 1751 1749 1752
f 1753 1751 1754
f 1755 1753 1756
f 1757 1755 1758
f 1759 1757 1760
f 1761 1759 1762
f 1763 1761 1764
f 1765 1766 1767
f 1768 1765 1769
f 1770 1768 1771
f 1772 1770 1773
f 1774 1772 1775
f 1776 1774 1777
f 1778 1776 1779
f 1780 1778 1781
f 1782 1780 1783
f 1784 1782 1785
f 1786 1784 1787
f 1788 1786 1789
f 1790 1788 1791
f 1792 1790 1793
f 1794 1792 1795
f 1796 1794 1797
f 1798 1796 1799
f 1800 1798 1801
f 1802 1800 1803
f 1804 1802 1805
f 1806 1804 1807
f 1808 1806 1809
f 1810 1808 1811
f 1812 1810 1813
f 1814 1812 1815
f 1816 1814 1817
f 1818 1816 1819
f 1820 1818 1821
f 1822 1820 1823
f 1824 1822 1825
f 1826 1824 1827
f 1828 1826 1829
f 1830 1828 1831
f 1832 1830 1833
f 1834 1832 1835
f 1836 1834 1837
f 1838 1836 1839
f 1840 1838 1841
f 1842 1840 1843
f 1844 1842 1845
f 1846 1844 1847
f 1848 1846 1849
f 1850 1848 1851
f 1852 1853 1854
f 1855 1856 1857
f 1858 1859 1860
f 1861 1862 1863
f 1864 1865 1866
f 1867 1864 1868
f 1869 1870 1871
f 1872 1873 1874
f 1875 1872 1876
f 1877 1875 1878
f 1879 1877 1880
f 1881 1879 1882
f 1883 1881 1884
f 1885 1883 1886
f 1887 1885 1888
f 1889 1887 1890
f 1891 1889 1892
f 1893 1891 1894
f 1895 1893 1896
f 1897 1895 1898
f 1899 1897 1900
f 1901 1899 1902
f 1903 1901 1904
f 1905 1903 1906
f 1907 1905 1908
f 1909 1907 1910
f 1911 1909 1912
f 1913 1911 1914
f 1915 1913 1916
f 1917 1915 1918
f 1919 1917 1920
f 1921 1919 1922
f 1923 1924 1925
f 1926 1923 1927
f 1928 1926 1929
f 1930 1928 1931
f 1932 1930 1933
f 1934 1932 1935
f 1936 1934 1937
f 1938 1936 1939
f 1562 1940 1941
f 1565 1562 1561
f 1567 1565 1564
f 1571 1567 1569
f 1575 1571 1573
f 1579 1575 1577
f 1583 1579 1581
f 1587 1583 1585
f 1592 1587 1589
f 1594 1592 1591
f 1598 1594 1596
f 1602 1598 1600
f 1610 1608 1607
f 1614 1610 1612
f 1618 1614 1616
f 1622 1618 1620
f 1626 1622 1624
f 1630 1626 1628
f 1634 1630 1632
f 1638 1634 1636
f 1642 1638 1640
f 1646 1642 1644
f 1650 1646 1648
f 1654 1650 1652
f 1658 1654 1656
f 1662 1658 1660
f 1666 1662 1664
f 1942 1666 1668
f 1675 1670 1673
f 1679 1675 1677
f 1683 1679 1681
f 1687 1683 1685
f 1691 1687 1689
f 1695 1691 1693
f 1700 1698 1697
f 1704 1700 1702
f 1708 1704 1706
f 1714 1710 1712
f 1718 1714 1716
f 1722 1718 1720
f 1943 1731 1730
f 1733 1944 1734
f 1739 1733 1736
f 1741 1739 1738
f 1745 1741 1743
f 1749 1745 1747
f 1753 1749 1751
f 1757 1753 1755
f 1761 1757 1759
f 1768 1766 1765
f 1772 1768 1770
f 1776 1772 1774
f 1780 1776 1778
f 1784 1780 1782
f 1788 1784 1786
f 1792 1788 1790
f 1796 1792 1794
f 1800 1796 1798
f 1806 1802 1804
f 1810 1806 1808
f 1814 1810 1812
f 1818 1814 1816
f 1822 1818 1820
f 1826 1822 1824
f 1830 1826 1828
f 1834 1830 1832
f 1838 1834 1836
f 1842 1838 1840
f 1846 1842 1844
f 1850 1846 1848
f 1945 1862 1861
f 1864 1946 1865
f 1947 1864 1867
f 1875 1873 1872
f 1879 1875 1877
f 1883 1879 1881
f 1887 1883 1885
f 1891 1887 1889
f 1895 1891 1893
f 1901 1897 1899
f 1905 1901 1903
f 1909 1905 1907
f 1913 1909 1911
f 1917 1913 1915
f 1921 1917 1919
f 1926 1924 1923
f 1930 1926 1928
f 1934 1930 1932
f 1938 1934 1936
f 1562 1948 1940
f 1567 1562 1565
f 1575 1567 1571
f 1583 1575 1579
f 1592 1583 1587
f 1598 1592 1594
f 1605 1598 1602
f 1614 1608 1610
f 1622 1614 1618
f 1630 1622 1626
f 1638 1630 1634
f 1646 1638 1642
f 1654 1646 1650
f 1662 1654 1658
f 1942 1662 1666
f 1679 1670 1675
f 1687 1679 1683
f 1695 1687 1691
f 1704 1698 1700
f 1710 1704 1708
f 1718 1710 1714
f 1725 1718 1722
f 1949 1731 1943
f 1733 1950 1944
f 1741 1733 1739
f 1749 1741 1745
f 1757 1749 1753
f 1763 1757 1761
f 1772 1766 1768
f 1780 1772 1776
f 1788 1780 1784
f 1796 1788 1792
f 1802 1796 1800
f 1810 1802 1806
f 1818 1810 1814
f 1826 1818 1822
f 1834 1826 1830
f 1842 1834 1838
f 1850 1842 1846
f 1951 1862 1945
f 1864 1952 1946
f 1953 1864 1947
f 1879 1873 1875
f 1887 1879 1883
f 1895 1887 1891
f 1905 1897 1901
f 1913 1905 1909
f 1921 1913 1917
f 1930 1924 1926
f 1938 1930 1934
f 1575 1562 1567
f 1592 1575 1583
f 1605 1592 1598
f 1622 1608 1614
f 1638 1622 1630
f 1654 1638 1646
f 1942 1654 1662
f 1687 1670 1679
f 1698 1687 1695
f 1710 1698 1704
f 1725 1710 1718
f 1733 1954 1950
f 1749 1733 1741
f 1763 1749 1757
f 1780 1766 1772
f 1796 1780 1788
f 1818 1802 1810
f 1834 1818 1826
f 1850 1834 1842
f 1951 1955 1862
f 1864 1956 1952
f 1957 1864 1953
f 1887 1873 1879
f 1897 1887 1895
f 1913 1897 1905
f 1958 1913 1921
f 1938 1924 1930
f 1592 1562 1575
f 1604 1592 1605
f 1638 1608 1622
f 1942 1638 1654
f 1698 1670 1687
f 1725 1698 1710
f 1733 1959 1954
f 1763 1733 1749
f 1796 1766 1780
f 1818 1796 1802
f 1850 1818 1834
f 1960 1955 1951
f 1864 1961 1956
f 1962 1864 1957
f 1897 1873 1887
f 1958 1897 1913
f 1963 1924 1938
f 1604 1562 1592
f 1942 1608 1638
f 1698 1671 1670
f 1763 1959 1733
f 1818 1766 1796
f 1853 1818 1850
f 1964 1955 1960
f 1864 1965 1961
f 1966 1864 1962
f 1958 1873 1897
f 1967 1924 1963
f 1604 1948 1562
f 1942 1604 1608
f 1725 1671 1698
f 1763 1968 1959
f 1853 1766 1818
f 1864 1969 1965
f 1970 1864 1966
f 1958 1971 1873
f 1972 1924 1967
f 1942 1948 1604
f 1763 1973 1968
f 1852 1766 1853
f 1864 1964 1969
f 1974 1864 1970
f 1958 1975 1971
f 1976 1924 1972
f 1942 1977 1948
f 1763 1978 1973
f 1979 1766 1852
f 1864 1955 1964
f 1980 1864 1974
f 1981 1975 1958
f 1982 1924 1976
f 1942 1983 1977
f 1763 1984 1978
f 1985 1766 1979
f 1864 1986 1955
f 1987 1864 1980
f 1988 1924 1982
f 1671 1983 1942
f 1763 1949 1984
f 1864 1989 1986
f 1990 1864 1987
f 1991 1924 1988
f 1671 1992 1983
f 1763 1731 1949
f 1864 1993 1989
f 1994 1864 1990
f 1995 1924 1991
f 1671 1996 1992
f 1763 1997 1731
f 1864 1998 1993
f 1870 1864 1994
f 1999 1924 1995
f 1671 2000 1996
f 1763 2001 1997
f 1864 2002 1998
f 1869 1864 1870
f 2003 1924 1999
f 1671 2004 2000
f 1763 2005 2001
f 1864 2006 2002
f 2007 1864 1869
f 2008 1924 2003
f 1671 2009 2004
f 1763 2010 2005
f 1864 2011 2006
f 2012 1864 2007
f 2013 1924 2008
f 1671 2014 2009
f 1763 2015 2010
f 1864 2016 2011
f 2017 1864 2012
f 2018 1924 2013
f 1725 2014 1671
f 1763 2019 2015
f 1864 1858 2016
f 2020 1864 2017
f 2021 1924 2018
f 1725 2022 2014
f 1763 2023 2019
f 1864 1859 1858
f 2024 1864 2020
f 2025 1924 2021
f 1725 2026 2022
f 1763 2027 2023
f 1864 2028 1859
f 2029 1864 2024
f 2030 1924 2025
f 1725 2031 2026
f 1763 2032 2027
f 1864 2033 2028
f 2034 1864 2029
f 2035 1924 2030
f 1725 2036 2031
f 1763 1727 2032
f 1864 2037 2033
f 2038 1864 2034
f 2039 1924 2035
f 1725 2040 2036
f 1763 1728 1727
f 1864 2041 2037
f 2042 1864 2038
f 2043 1924 2039
f 1725 2044 2040
f 1763 2045 1728
f 1864 2046 2041
f 2047 1864 2042
f 2048 1924 2043
f 1725 2049 2044
f 1763 2050 2045
f 1864 2051 2046
f 2052 1864 2047
f 2053 1924 2048
f 1725 2053 2049
f 1763 2054 2050
f 2052 2051 1864
f 1725 1924 2053
f 1763 2055 2054
f 2052 2056 2051
f 1725 1981 1924
f 1763 2057 2055
f 2052 2058 2056
f 1724 1981 1725
f 1763 2059 2057
f 2052 2060 2058
f 2061 1981 1724
f 1763 2062 2059
f 2052 1855 2060
f 2063 1981 2061
f 1763 2064 2062
f 2052 1856 1855
f 2064 1981 2063
f 2052 2065 1856
f 1763 1981 2064
f 2052 2066 2065
f 1763 1975 1981
f 2052 2067 2066
f 1763 2068 1975
f 2052 2069 2067
f 1763 2070 2068
f 2052 2071 2069
f 1763 2072 2070
f 2052 2073 2071
f 1763 2074 2072
f 2052 2075 2073
f 1763 2076 2074
f 2052 2077 2075
f 1763 2078 2076
f 2052 2079 2077
f 1763 2080 2078
f 2052 2081 2079
f 1763 2082 2080
f 2052 1985 2081
f 1763 2083 2082
f 2052 1766 1985
f 1766 2083 1763
f 2084 1766 2052
f 1766 2085 2083
f 2085 1766 2084
f 2086 2087 2088
f 2089 2090 2091
f 2090 2092 2093
f 2092 2094 2095
f 2094 2096 2097
f 2096 2098 2099
f 2098 2100 2101
f 2100 2102 2103
f 2102 2104 2105
f 2104 2106 2107
f 2106 2108 2109
f 2108 2110 2111
f 2110 2112 2113
f 2112 2114 2115
f 2116 2117 2118
f 2117 2119 2120
f 2119 2121 2122
f 2121 2123 2124
f 2123 2125 2126
f 2125 2127 2128
f 2129 2130 2131
f 2132 2133 2134
f 2133 2135 2136
f 2135 2137 2138
f 2137 2139 2140
f 2139 2141 2142
f 2141 2143 2144
f 2143 2145 2146
f 2145 2147 2148
f 2147 2149 2150
f 2149 2151 2152
f 2151 2153 2154
f 2153 2155 2156
f 2155 2157 2158
f 2157 2159 2160
f 2159 2161 2162
f 2161 2163 2164
f 2163 2165 2166
f 2165 2167 2168
f 2167 2169 2170
f 2169 2171 2172
f 2171 2173 2174
f 2173 2175 2176
f 2175 2177 2178
f 2177 2179 2180
f 2179 2181 2182
f 2181 2183 2184
f 2183 2185 2186
f 2185 2187 2188
f 2187 2189 2190
f 2189 2191 2192
f 2191 2193 2194
f 2195 2196 2197
f 2196 2198 2199
f 2198 2200 2201
f 2200 2202 2203
f 2202 2204 2205
f 2204 2206 2207
f 2206 2208 2209
f 2208 2210 2211
f 2210 2212 2213
f 2212 2214 2215
f 2214 2216 2217
f 2216 2218 2219
f 2218 2220 2221
f 2222 2223 2224
f 2223 2225 2226
f 2225 2227 2228
f 2227 2229 2230
f 2229 2231 2232
f 2231 2233 2234
f 2233 2235 2236
f 2235 2237 2238
f 2237 2239 2240
f 2239 2241 2242
f 2241 2243 2244
f 2243 2245 2246
f 2245 2247 2248
f 2249 2250 2251
f 2252 2253 2254
f 2255 2256 2257
f 2258 2259 2260
f 2259 2261 2262
f 2263 2264 2265
f 2264 2266 2267
f 2266 2268 2269
f 2268 2270 2271
f 2270 2272 2273
f 2272 2274 2275
f 2274 2276 2277
f 2276 2278 2279
f 2278 2280 2281
f 2280 2282 2283
f 2282 2284 2285
f 2284 2286 2287
f 2286 2288 2289
f 2290 2291 2292
f 2291 2293 2294
f 2293 2295 2296
f 2295 2297 2298
f 2297 2299 2300
f 2299 2301 2302
f 2301 2303 2304
f 2303 2305 2306
f 2305 2307 2308
f 2307 2309 2310
f 2309 2311 2312
f 2311 2313 2314
f 2313 2315 2316
f 2315 2317 2318
f 2317 2319 2320
f 2319 2321 2322
f 2321 2323 2324
f 2323 2325 2326
f 2325 2327 2328
f 2327 2329 2330
f 2329 2331 2332
f 2331 2333 2334
f 2333 2335 2336
f 2335 2337 2338
f 2337 2339 2340
f 2339 2341 2342
f 2341 2343 2344
f 2343 2345 2346
f 2345 2347 2348
f 2347 2349 2350
f 2349 2351 2352
f 2351 2353 2354
f 2353 2355 2356
f 2355 2357 2358
f 2357 2359 2360
f 2359 2361 2362
f 2361 2363 2364
f 2363 2365 2366
f 2365 2367 2368
f 2367 2369 2370
f 2369 2371 2372
f 2371 2373 2374
f 2373 2375 2376
f 2377 2378 2379
f 2380 2381 2382
f 2383 2384 2385
f 2386 2387 2388
f 2389 2390 2391
f 2390 2392 2393
f 2394 2395 2396
f 2397 2398 2399
f 2398 2400 2401
f 2400 2402 2403
f 2402 2404 2405
f 2404 2406 2407
f 2406 2408 2409
f 2408 2410 2411
f 2410 2412 2413
f 2412 2414 2415
f 2414 2416 2417
f 2416 2418 2419
f 2418 2420 2421
f 2420 2422 2423
f 2422 2424 2425
f 2424 2426 2427
f 2426 2428 2429
f 2428 2430 2431
f 2430 2432 2433
f 2432 2434 2435
f 2434 2436 2437
f 2436 2438 2439
f 2438 2440 2441
f 2440 2442 2443
f 2442 2444 2445
f 2444 2446 2447
f 2448 2449 2450
f 2449 2451 2452
f 2451 2453 2454
f 2453 2455 2456
f 2455 2457 2458
f 2457 2459 2460
f 2459 2461 2462
f 2461 2463 2464
f 2465 2086 2466
f 2086 2089 2087
f 2089 2092 2090
f 2092 2096 2094
f 2096 2100 2098
f 2100 2104 2102
f 2104 2108 2106
f 2108 2112 2110
f 2112 2116 2114
f 2116 2119 2117
f 2119 2123 2121
f 2123 2127 2125
f 2132 2135 2133
f 2135 2139 2137
f 2139 2143 2141
f 2143 2147 2145
f 2147 2151 2149
f 2151 2155 2153
f 2155 2159 2157
f 2159 2163 2161
f 2163 2167 2165
f 2167 2171 2169
f 2171 2175 2173
f 2175 2179 2177
f 2179 2183 2181
f 2183 2187 2185
f 2187 2191 2189
f 2191 2467 2193
f 2196 2200 2198
f 2200 2204 2202
f 2204 2208 2206
f 2208 2212 2210
f 2212 2216 2214
f 2216 2220 2218
f 2222 2225 2223
f 2225 2229 2227
f 2229 2233 2231
f 2235 2239 2237
f 2239 2243 2241
f 2243 2247 2245
f 2255 2468 2256
f 2469 2259 2258
f 2259 2263 2261
f 2263 2266 2264
f 2266 2270 2268
f 2270 2274 2272
f 2274 2278 2276
f 2278 2282 2280
f 2282 2286 2284
f 2290 2293 2291
f 2293 2297 2295
f 2297 2301 2299
f 2301 2305 2303
f 2305 2309 2307
f 2309 2313 2311
f 2313 2317 2315
f 2317 2321 2319
f 2321 2325 2323
f 2327 2331 2329
f 2331 2335 2333
f 2335 2339 2337
f 2339 2343 2341
f 2343 2347 2345
f 2347 2351 2349
f 2351 2355 2353
f 2355 2359 2357
f 2359 2363 2361
f 2363 2367 2365
f 2367 2371 2369
f 2371 2375 2373
f 2386 2470 2387
f 2471 2390 2389
f 2390 2472 2392
f 2397 2400 2398
f 2400 2404 2402
f 2404 2408 2406
f 2408 2412 2410
f 2412 2416 2414
f 2416 2420 2418
f 2422 2426 2424
f 2426 2430 2428
f 2430 2434 2432
f 2434 2438 2436
f 2438 2442 2440
f 2442 2446 2444
f 2448 2451 2449
f 2451 2455 2453
f 2455 2459 2457
f 2459 2463 2461
f 2473 2086 2465
f 2086 2092 2089
f 2092 2100 2096
f 2100 2108 2104
f 2108 2116 2112
f 2116 2123 2119
f 2123 2129 2127
f 2132 2139 2135
f 2139 2147 2143
f 2147 2155 2151
f 2155 2163 2159
f 2163 2171 2167
f 2171 2179 2175
f 2179 2187 2183
f 2187 2467 2191
f 2196 2204 2200
f 2204 2212 2208
f 2212 2220 2216
f 2222 2229 2225
f 2229 2235 2233
f 2235 2243 2239
f 2243 2249 2247
f 2255 2474 2468
f 2475 2259 2469
f 2259 2266 2263
f 2266 2274 2270
f 2274 2282 2278
f 2282 2288 2286
f 2290 2297 2293
f 2297 2305 2301
f 2305 2313 2309
f 2313 2321 2317
f 2321 2327 2325
f 2327 2335 2331
f 2335 2343 2339
f 2343 2351 2347
f 2351 2359 2355
f 2359 2367 2363
f 2367 2375 2371
f 2386 2476 2470
f 2477 2390 2471
f 2390 2478 2472
f 2397 2404 2400
f 2404 2412 2408
f 2412 2420 2416
f 2422 2430 2426
f 2430 2438 2434
f 2438 2446 2442
f 2448 2455 2451
f 2455 2463 2459
f 2086 2100 2092
f 2100 2116 2108
f 2116 2129 2123
f 2132 2147 2139
f 2147 2163 2155
f 2163 2179 2171
f 2179 2467 2187
f 2196 2212 2204
f 2212 2222 2220
f 2222 2235 2229
f 2235 2249 2243
f 2479 2259 2475
f 2259 2274 2266
f 2274 2288 2282
f 2290 2305 2297
f 2305 2321 2313
f 2327 2343 2335
f 2343 2359 2351
f 2359 2375 2367
f 2480 2476 2386
f 2481 2390 2477
f 2390 2482 2478
f 2397 2412 2404
f 2412 2422 2420
f 2422 2438 2430
f 2438 2483 2446
f 2448 2463 2455
f 2086 2116 2100
f 2116 2130 2129
f 2132 2163 2147
f 2163 2467 2179
f 2196 2222 2212
f 2222 2249 2235
f 2484 2259 2479
f 2259 2288 2274
f 2290 2321 2305
f 2321 2343 2327
f 2343 2375 2359
f 2480 2485 2476
f 2486 2390 2481
f 2390 2487 2482
f 2397 2422 2412
f 2422 2483 2438
f 2448 2488 2463
f 2086 2130 2116
f 2132 2467 2163
f 2195 2222 2196
f 2484 2288 2259
f 2290 2343 2321
f 2343 2377 2375
f 2480 2489 2485
f 2490 2390 2486
f 2390 2491 2487
f 2397 2483 2422
f 2448 2492 2488
f 2473 2130 2086
f 2130 2467 2132
f 2195 2249 2222
f 2493 2288 2484
f 2290 2377 2343
f 2494 2390 2490
f 2390 2495 2491
f 2496 2483 2397
f 2448 2497 2492
f 2473 2467 2130
f 2498 2288 2493
f 2290 2378 2377
f 2489 2390 2494
f 2390 2499 2495
f 2500 2483 2496
f 2448 2501 2497
f 2502 2467 2473
f 2503 2288 2498
f 2290 2504 2378
f 2480 2390 2489
f 2390 2505 2499
f 2500 2506 2483
f 2448 2507 2501
f 2508 2467 2502
f 2509 2288 2503
f 2290 2510 2504
f 2511 2390 2480
f 2390 2512 2505
f 2448 2513 2507
f 2508 2195 2467
f 2474 2288 2509
f 2514 2390 2511
f 2390 2515 2512
f 2448 2516 2513
f 2517 2195 2508
f 2255 2288 2474
f 2518 2390 2514
f 2390 2519 2515
f 2448 2520 2516
f 2521 2195 2517
f 2522 2288 2255
f 2523 2390 2518
f 2390 2394 2519
f 2448 2524 2520
f 2525 2195 2521
f 2526 2288 2522
f 2527 2390 2523
f 2390 2395 2394
f 2448 2528 2524
f 2529 2195 2525
f 2530 2288 2526
f 2531 2390 2527
f 2390 2532 2395
f 2448 2533 2528
f 2534 2195 2529
f 2535 2288 2530
f 2536 2390 2531
f 2390 2537 2532
f 2448 2538 2533
f 2539 2195 2534
f 2540 2288 2535
f 2541 2390 2536
f 2390 2542 2537
f 2448 2543 2538
f 2539 2249 2195
f 2544 2288 2540
f 2384 2390 2541
f 2390 2545 2542
f 2448 2546 2543
f 2547 2249 2539
f 2548 2288 2544
f 2383 2390 2384
f 2390 2549 2545
f 2448 2550 2546
f 2551 2249 2547
f 2552 2288 2548
f 2553 2390 2383
f 2390 2554 2549
f 2448 2555 2550
f 2556 2249 2551
f 2557 2288 2552
f 2558 2390 2553
f 2390 2559 2554
f 2448 2560 2555
f 2561 2249 2556
f 2253 2288 2557
f 2562 2390 2558
f 2390 2563 2559
f 2448 2564 2560
f 2565 2249 2561
f 2252 2288 2253
f 2566 2390 2562
f 2390 2567 2563
f 2448 2568 2564
f 2569 2249 2565
f 2570 2288 2252
f 2571 2390 2566
f 2390 2572 2567
f 2448 2573 2568
f 2574 2249 2569
f 2575 2288 2570
f 2576 2390 2571
f 2390 2577 2572
f 2448 2578 2573
f 2578 2249 2574
f 2579 2288 2575
f 2576 2577 2390
f 2448 2249 2578
f 2580 2288 2579
f 2581 2577 2576
f 2506 2249 2448
f 2582 2288 2580
f 2583 2577 2581
f 2506 2250 2249
f 2584 2288 2582
f 2585 2577 2583
f 2506 2586 2250
f 2587 2288 2584
f 2381 2577 2585
f 2506 2588 2586
f 2589 2288 2587
f 2380 2577 2381
f 2506 2589 2588
f 2590 2577 2380
f 2506 2288 2589
f 2591 2577 2590
f 2500 2288 2506
f 2592 2577 2591
f 2593 2288 2500
f 2594 2577 2592
f 2595 2288 2593
f 2596 2577 2594
f 2597 2288 2595
f 2598 2577 2596
f 2599 2288 2597
f 2600 2577 2598
f 2601 2288 2599
f 2602 2577 2600
f 2603 2288 2601
f 2604 2577 2602
f 2605 2288 2603
f 2606 2577 2604
f 2607 2288 2605
f 2510 2577 2606
f 2608 2288 2607
f 2290 2577 2510
f 2608 2290 2288
f 2290 2609 2577
f 2610 2290 2608
f 2290 2610 2609
f 1561 2087 1565
f 1565 2087 2089
f 1565 2089 1566
f 1566 2089 2091
f 1566 2091 1564
f 1564 2091 2090
f 1564 2090 1568
f 1568 2090 2093
f 1568 2093 1567
f 1567 2093 2092
f 1567 2092 1570
f 1570 2092 2095
f 1570 2095 1569
f 1569 2095 2094
f 1569 2094 1572
f 1572 2094 2097
f 1572 2097 1571
f 1571 2097 2096
f 1571 2096 1574
f 1574 2096 2099
f 1574 2099 1573
f 1573 2099 2098
f 1573 2098 1576
f 1576 2098 2101
f 1576 2101 1575
f 1575 2101 2100
f 1575 2100 1578
f 1578 2100 2103
f 1578 2103 1577
f 1577 2103 2102
f 1577 2102 1580
f 1580 2102 2105
f 1580 2105 1579
f 1579 2105 2104
f 1579 2104 1582
f 1582 2104 2107
f 1582 2107 1581
f 1581 2107 2106
f 1581 2106 1584
f 1584 2106 2109
f 1584 2109 1583
f 1583 2109 2108
f 1583 2108 1586
f 1586 2108 2111
f 1586 2111 1585
f 1585 2111 2110
f 1585 2110 1588
f 1588 2110 2113
f 1588 2113 1587
f 1587 2113 2112
f 1587 2112 1590
f 1590 2112 2115
f 1590 2115 1589
f 1589 2115 2114
f 1589 2114 1592
f 1592 2114 2116
f 1592 2116 1593
f 1593 2116 2118
f 1593 2118 1591
f 1591 2118 2117
f 1591 2117 1595
f 1595 2117 2120
f 1595 2120 1594
f 1594 2120 2119
f 1594 2119 1597
f 1597 2119 2122
f 1597 2122 1596
f 1596 2122 2121
f 1596 2121 1599
f 1599 2121 2124
f 1599 2124 1598
f 1598 2124 2123
f 1598 2123 1601
f 1601 2123 2126
f 1601 2126 1600
f 1600 2126 2125
f 1600 2125 1603
f 1603 2125 2128
f 1603 2128 1602
f 1602 2128 2127
f 1602 2127 1605
f 1605 2127 2129
f 1605 2129 1606
f 1606 2129 2131
f 1606 2131 1604
f 1604 2131 2130
f 1604 2130 1608
f 1608 2130 2132
f 1608 2132 1609
f 1609 2132 2134
f 1609 2134 1607
f 1607 2134 2133
f 1607 2133 1611
f 1611 2133 2136
f 1611 2136 1610
f 1610 2136 2135
f 1610 2135 1613
f 1613 2135 2138
f 1613 2138 1612
f 1612 2138 2137
f 1612 2137 1615
f 1615 2137 2140
f 1615 2140 1614
f 1614 2140 2139
f 1614 2139 1617
f 1617 2139 2142
f 1617 2142 1616
f 1616 2142 2141
f 1616 2141 1619
f 1619 2141 2144
f 1619 2144 1618
f 1618 2144 2143
f 1618 2143 1621
f 1621 2143 2146
f 1621 2146 1620
f 1620 2146 2145
f 1620 2145 1623
f 1623 2145 2148
f 1623 2148 1622
f 1622 2148 2147
f 1622 2147 1625
f 1625 2147 2150
f 1625 2150 1624
f 1624 2150 2149
f 1624 2149 1627
f 1627 2149 2152
f 1627 2152 1626
f 1626 2152 2151
f 1626 2151 1629
f 1629 2151 2154
f 1629 2154 1628
f 1628 2154 2153
f 1628 2153 1631
f 1631 2153 2156
f 1631 2156 1630
f 1630 2156 2155
f 1630 2155 1633
f 1633 2155 2158
f 1633 2158 1632
f 1632 2158 2157
f 1632 2157 1635
f 1635 2157 2160
f 1635 2160 1634
f 1634 2160 2159
f 1634 2159 1637
f 1637 2159 2162
f 1637 2162 1636
f 1636 2162 2161
f 1636 2161 1639
f 1639 2161 2164
f 1639 2164 1638
f 1638 2164 2163
f 1638 2163 1641
f 1641 2163 2166
f 1641 2166 1640
f 1640 2166 2165
f 1640 2165 1643
f 1643 2165 2168
f 1643 2168 1642
f 1642 2168 2167
f 1642 2167 1645
f 1645 2167 2170
f 1645 2170 1644
f 1644 2170 2169
f 1644 2169 1647
f 1647 2169 2172
f 1647 2172 1646
f 1646 2172 2171
f 1646 2171 1649
f 1649 2171 2174
f 1649 2174 1648
f 1648 2174 2173
f 1648 2173 1651
f 1651 2173 2176
f 1651 2176 1650
f 1650 2176 2175
f 1650 2175 1653
f 1653 2175 2178
f 1653 2178 1652
f 1652 2178 2177
f 1652 2177 1655
f 1655 2177 2180
f 1655 2180 1654
f 1654 2180 2179
f 1654 2179 1657
f 1657 2179 2182
f 1657 2182 1656
f 1656 2182 2181
f 1656 2181 1659
f 1659 2181 2184
f 1659 2184 1658
f 1658 2184 2183
f 1658 2183 1661
f 1661 2183 2186
f 1661 2186 1660
f 1660 2186 2185
f 1660 2185 1663
f 1663 2185 2188
f 1663 2188 1662
f 1662 2188 2187
f 1662 2187 1665
f 1665 2187 2190
f 1665 2190 1664
f 1664 2190 2189
f 1664 2189 1667
f 1667 2189 2192
f 1667 2192 1666
f 1666 2192 2191
f 1666 2191 1669
f 1669 2191 2194
f 1669 2194 1668
f 1668 2194 2193
f 1668 2193 1942
f 1942 2193 2467
f 1942 2467 1671
f 1671 2467 2195
f 1671 2195 1672
f 1672 2195 2197
f 1672 2197 1670
f 1670 2197 2196
f 1670 2196 1674
f 1674 2196 2199
f 1674 2199 1673
f 1673 2199 2198
f 1673 2198 1676
f 1676 2198 2201
f 1676 2201 1675
f 1675 2201 2200
f 1675 2200 1678
f 1678 2200 2203
f 1678 2203 1677
f 1677 2203 2202
f 1677 2202 1680
f 1680 2202 2205
f 1680 2205 1679
f 1679 2205 2204
f 1679 2204 1682
f 1682 2204 2207
f 1682 2207 1681
f 1681 2207 2206
f 1681 2206 1684
f 1684 2206 2209
f 1684 2209 1683
f 1683 2209 2208
f 1683 2208 1686
f 1686 2208 2211
f 1686 2211 1685
f 1685 2211 2210
f 1685 2210 1688
f 1688 2210 2213
f 1688 2213 1687
f 1687 2213 2212
f 1687 2212 1690
f 1690 2212 2215
f 1690 2215 1689
f 1689 2215 2214
f 1689 2214 1692
f 1692 2214 2217
f 1692 2217 1691
f 1691 2217 2216
f 1691 2216 1694
f 1694 2216 2219
f 1694 2219 1693
f 1693 2219 2218
f 1693 2218 1696
f 1696 2218 2221
f 1696 2221 1695
f 1695 2221 2220
f 1695 2220 1698
f 1698 2220 2222
f 1698 2222 1699
f 1699 2222 2224
f 1699 2224 1697
f 1697 2224 2223
f 1697 2223 1701
f 1701 2223 2226
f 1701 2226 1700
f 1700 2226 2225
f 1700 2225 1703
f 1703 2225 2228
f 1703 2228 1702
f 1702 2228 2227
f 1702 2227 1705
f 1705 2227 2230
f 1705 2230 1704
f 1704 2230 2229
f 1704 2229 1707
f 1707 2229 2232
f 1707 2232 1706
f 1706 2232 2231
f 1706 2231 1709
f 1709 2231 2234
f 1709 2234 1708
f 1708 2234 2233
f 1708 2233 1711
f 1711 2233 2236
f 1711 2236 1710
f 1710 2236 2235
f 1710 2235 1713
f 1713 2235 2238
f 1713 2238 1712
f 1712 2238 2237
f 1712 2237 1715
f 1715 2237 2240
f 1715 2240 1714
f 1714 2240 2239
f 1714 2239 1717
f 1717 2239 2242
f 1717 2242 1716
f 1716 2242 2241
f 1716 2241 1719
f 1719 2241 2244
f 1719 2244 1718
f 1718 2244 2243
f 1718 2243 1721
f 1721 2243 2246
f 1721 2246 1720
f 1720 2246 2245
f 1720 2245 1723
f 1723 2245 2248
f 1723 2248 1722
f 1722 2248 2247
f 1722 2247 1725
f 1725 2247 2249
f 1725 2249 1726
f 1726 2249 2251
f 1726 2251 1724
f 1724 2251 2250
f 1724 2250 2061
f 2061 2250 2586
f 2061 2586 2063
f 2063 2586 2588
f 2063 2588 2064
f 2064 2588 2589
f 2064 2589 2062
f 2062 2589 2587
f 2062 2587 2059
f 2059 2587 2584
f 2059 2584 2057
f 2057 2584 2582
f 2057 2582 2055
f 2055 2582 2580
f 2055 2580 2054
f 2054 2580 2579
f 2054 2579 2050
f 2050 2579 2575
f 2050 2575 2045
f 2045 2575 2570
f 2045 2570 1728
f 1728 2570 2252
f 1728 2252 1729
f 1729 2252 2254
f 1729 2254 1727
f 1727 2254 2253
f 1727 2253 2032
f 2032 2253 2557
f 2032 2557 2027
f 2027 2557 2552
f 2027 2552 2023
f 2023 2552 2548
f 2023 2548 2019
f 2019 2548 2544
f 2019 2544 2015
f 2015 2544 2540
f 2015 2540 2010
f 2010 2540 2535
f 2010 2535 2005
f 2005 2535 2530
f 2005 2530 2001
f 2001 2530 2526
f 2001 2526 1997
f 1997 2526 2522
f 1997 2522 1731
f 1731 2522 2255
f 1731 2255 1732
f 1732 2255 2257
f 1732 2257 1730
f 1730 2257 2256
f 1730 2256 1943
f 1943 2256 2468
f 1943 2468 1949
f 1949 2468 2474
f 1949 2474 1984
f 1984 2474 2509
f 1984 2509 1978
f 1978 2509 2503
f 1978 2503 1973
f 1973 2503 2498
f 1973 2498 1968
f 1968 2498 2493
f 1968 2493 1959
f 1959 2493 2484
f 1959 2484 1954
f 1954 2484 2479
f 1954 2479 1950
f 1950 2479 2475
f 1950 2475 1944
f 1944 2475 2469
f 1944 2469 1734
f 1734 2469 2258
f 1734 2258 1735
f 1735 2258 2260
f 1735 2260 1733
f 1733 2260 2259
f 1733 2259 1737
f 1737 2259 2262
f 1737 2262 1736
f 1736 2262 2261
f 1736 2261 1739
f 1739 2261 2263
f 1739 2263 1740
f 1740 2263 2265
f 1740 2265 1738
f 1738 2265 2264
f 1738 2264 1742
f 1742 2264 2267
f 1742 2267 1741
f 1741 2267 2266
f 1741 2266 1744
f 1744 2266 2269
f 1744 2269 1743
f 1743 2269 2268
f 1743 2268 1746
f 1746 2268 2271
f 1746 2271 1745
f 1745 2271 2270
f 1745 2270 1748
f 1748 2270 2273
f 1748 2273 1747
f 1747 2273 2272
f 1747 2272 1750
f 1750 2272 2275
f 1750 2275 1749
f 1749 2275 2274
f 1749 2274 1752
f 1752 2274 2277
f 1752 2277 1751
f 1751 2277 2276
f 1751 2276 1754
f 1754 2276 2279
f 1754 2279 1753
f 1753 2279 2278
f 1753 2278 1756
f 1756 2278 2281
f 1756 2281 1755
f 1755 2281 2280
f 1755 2280 1758
f 1758 2280 2283
f 1758 2283 1757
f 1757 2283 2282
f 1757 2282 1760
f 1760 2282 2285
f 1760 2285 1759
f 1759 2285 2284
f 1759 2284 1762
f 1762 2284 2287
f 1762 2287 1761
f 1761 2287 2286
f 1761 2286 1764
f 1764 2286 2289
f 1764 2289 1763
f 1763 2289 2288
f 1763 2288 1766
f 1766 2288 2290
f 1766 2290 1767
f 1767 2290 2292
f 1767 2292 1765
f 1765 2292 2291
f 1765 2291 1769
f 1769 2291 2294
f 1769 2294 1768
f 1768 2294 2293
f 1768 2293 1771
f 1771 2293 2296
f 1771 2296 1770
f 1770 2296 2295
f 1770 2295 1773
f 1773 2295 2298
f 1773 2298 1772
f 1772 2298 2297
f 1772 2297 1775
f 1775 2297 2300
f 1775 2300 1774
f 1774 2300 2299
f 1774 2299 1777
f 1777 2299 2302
f 1777 2302 1776
f 1776 2302 2301
f 1776 2301 1779
f 1779 2301 2304
f 1779 2304 1778
f 1778 2304 2303
f 1778 2303 1781
f 1781 2303 2306
f 1781 2306 1780
f 1780 2306 2305
f 1780 2305 1783
f 1783 2305 2308
f 1783 2308 1782
f 1782 2308 2307
f 1782 2307 1785
f 1785 2307 2310
f 1785 2310 1784
f 1784 2310 2309
f 1784 2309 1787
f 1787 2309 2312
f 1787 2312 1786
f 1786 2312 2311
f 1786 2311 1789
f 1789 2311 2314
f 1789 2314 1788
f 1788 2314 2313
f 1788 2313 1791
f 1791 2313 2316
f 1791 2316 1790
f 1790 2316 2315
f 1790 2315 1793
f 1793 2315 2318
f 1793 2318 1792
f 1792 2318 2317
f 1792 2317 1795
f 1795 2317 2320
f 1795 2320 1794
f 1794 2320 2319
f 1794 2319 1797
f 1797 2319 2322
f 1797 2322 1796
f 1796 2322 2321
f 1796 2321 1799
f 1799 2321 2324
f 1799 2324 1798
f 1798 2324 2323
f 1798 2323 1801
f 1801 2323 2326
f 1801 2326 1800
f 1800 2326 2325
f 1800 2325 1803
f 1803 2325 2328
f 1803 2328 1802
f 1802 2328 2327
f 1802 2327 1805
f 1805 2327 2330
f 1805 2330 1804
f 1804 2330 2329
f 1804 2329 1807
f 1807 2329 2332
f 1807 2332 1806
f 1806 2332 2331
f 1806 2331 1809
f 1809 2331 2334
f 1809 2334 1808
f 1808 2334 2333
f 1808 2333 1811
f 1811 2333 2336
f 1811 2336 1810
f 1810 2336 2335
f 1810 2335 1813
f 1813 2335 2338
f 1813 2338 1812
f 1812 2338 2337
f 1812 2337 1815
f 1815 2337 2340
f 1815 2340 1814
f 1814 2340 2339
f 1814 2339 1817
f 1817 2339 2342
f 1817 2342 1816
f 1816 2342 2341
f 1816 2341 1819
f 1819 2341 2344
f 1819 2344 1818
f 1818 2344 2343
f 1818 2343 1821
f 1821 2343 2346
f 1821 2346 1820
f 1820 2346 2345
f 1820 2345 1823
f 1823 2345 2348
f 1823 2348 1822
f 1822 2348 2347
f 1822 2347 1825
f 1825 2347 2350
f 1825 2350 1824
f 1824 2350 2349
f 1824 2349 1827
f 1827 2349 2352
f 1827 2352 1826
f 1826 2352 2351
f 1826 2351 1829
f 1829 2351 2354
f 1829 2354 1828
f 1828 2354 2353
f 1828 2353 1831
f 1831 2353 2356
f 1831 2356 1830
f 1830 2356 2355
f 1830 2355 1833
f 1833 2355 2358
f 1833 2358 1832
f 1832 2358 2357
f 1832 2357 1835
f 1835 2357 2360
f 1835 2360 1834
f 1834 2360 2359
f 1834 2359 1837
f 1837 2359 2362
f 1837 2362 1836
f 1836 2362 2361
f 1836 2361 1839
f 1839 2361 2364
f 1839 2364 1838
f 1838 2364 2363
f 1838 2363 1841
f 1841 2363 2366
f 1841 2366 1840
f 1840 2366 2365
f 1840 2365 1843
f 1843 2365 2368
f 1843 2368 1842
f 1842 2368 2367
f 1842 2367 1845
f 1845 2367 2370
f 1845 2370 1844
f 1844 2370 2369
f 1844 2369 1847
f 1847 2369 2372
f 1847 2372 1846
f 1846 2372 2371
f 1846 2371 1849
f 1849 2371 2374
f 1849 2374 1848
f 1848 2374 2373
f 1848 2373 1851
f 1851 2373 2376
f 1851 2376 1850
f 1850 2376 2375
f 1850 2375 1853
f 1853 2375 2377
f 1853 2377 1854
f 1854 2377 2379
f 1854 2379 1852
f 1852 2379 2378
f 1852 2378 1979
f 1979 2378 2504
f 1979 2504 1985
f 1985 2504 2510
f 1985 2510 2081
f 2081 2510 2606
f 2081 2606 2079
f 2079 2606 2604
f 2079 2604 2077
f 2077 2604 2602
f 2077 2602 2075
f 2075 2602 2600
f 2075 2600 2073
f 2073 2600 2598
f 2073 2598 2071
f 2071 2598 2596
f 2071 2596 2069
f 2069 2596 2594
f 2069 2594 2067
f 2067 2594 2592
f 2067 2592 2066
f 2066 2592 2591
f 2066 2591 2065
f 2065 2591 2590
f 2065 2590 1856
f 1856 2590 2380
f 1856 2380 1857
f 1857 2380 2382
f 1857 2382 1855
f 1855 2382 2381
f 1855 2381 2060
f 2060 2381 2585
f 2060 2585 2058
f 2058 2585 2583
f 2058 2583 2056
f 2056 2583 2581
f 2056 2581 2051
f 2051 2581 2576
f 2051 2576 2046
f 2046 2576 2571
f 2046 2571 2041
f 2041 2571 2566
f 2041 2566 2037
f 2037 2566 2562
f 2037 2562 2033
f 2033 2562 2558
f 2033 2558 2028
f 2028 2558 2553
f 2028 2553 1859
f 1859 2553 2383
f 1859 2383 1860
f 1860 2383 2385
f 1860 2385 1858
f 1858 2385 2384
f 1858 2384 2016
f 2016 2384 2541
f 2016 2541 2011
f 2011 2541 2536
f 2011 2536 2006
f 2006 2536 2531
f 2006 2531 2002
f 2002 2531 2527
f 2002 2527 1998
f 1998 2527 2523
f 1998 2523 1993
f 1993 2523 2518
f 1993 2518 1989
f 1989 2518 2514
f 1989 2514 1986
f 1986 2514 2511
f 1986 2511 1955
f 1955 2511 2480
f 1955 2480 1862
f 1862 2480 2386
f 1862 2386 1863
f 1863 2386 2388
f 1863 2388 1861
f 1861 2388 2387
f 1861 2387 1945
f 1945 2387 2470
f 1945 2470 1951
f 1951 2470 2476
f 1951 2476 1960
f 1960 2476 2485
f 1960 2485 1964
f 1964 2485 2489
f 1964 2489 1969
f 1969 2489 2494
f 1969 2494 1965
f 1965 2494 2490
f 1965 2490 1961
f 1961 2490 2486
f 1961 2486 1956
f 1956 2486 2481
f 1956 2481 1952
f 1952 2481 2477
f 1952 2477 1946
f 1946 2477 2471
f 1946 2471 1865
f 1865 2471 2389
f 1865 2389 1866
f 1866 2389 2391
f 1866 2391 1864
f 1864 2391 2390
f 1864 2390 1868
f 1868 2390 2393
f 1868 2393 1867
f 1867 2393 2392
f 1867 2392 1947
f 1947 2392 2472
f 1947 2472 1953
f 1953 2472 2478
f 1953 2478 1957
f 1957 2478 2482
f 1957 2482 1962
f 1962 2482 2487
f 1962 2487 1966
f 1966 2487 2491
f 1966 2491 1970
f 1970 2491 2495
f 1970 2495 1974
f 1974 2495 2499
f 1974 2499 1980
f 1980 2499 2505
f 1980 2505 1987
f 1987 2505 2512
f 1987 2512 1990
f 1990 2512 2515
f 1990 2515 1994
f 1994 2515 2519
f 1994 2519 1870
f 1870 2519 2394
f 1870 2394 1871
f 1871 2394 2396
f 1871 2396 1869
f 1869 2396 2395
f 1869 2395 2007
f 2007 2395 2532
f 2007 2532 2012
f 2012 2532 2537
f 2012 2537 2017
f 2017 2537 2542
f 2017 2542 2020
f 2020 2542 2545
f 2020 2545 2024
f 2024 2545 2549
f 2024 2549 2029
f 2029 2549 2554
f 2029 2554 2034
f 2034 2554 2559
f 2034 2559 2038
f 2038 2559 2563
f 2038 2563 2042
f 2042 2563 2567
f 2042 2567 2047
f 2047 2567 2572
f 2047 2572 2052
f 2052 2572 2577
f 2052 2577 2084
f 2084 2577 2609
f 2084 2609 2085
f 2085 2609 2610
f 2085 2610 2083
f 2083 2610 2608
f 2083 2608 2082
f 2082 2608 2607
f 2082 2607 2080
f 2080 2607 2605
f 2080 2605 2078
f 2078 2605 2603
f 2078 2603 2076
f 2076 2603 2601
f 2076 2601 2074
f 2074 2601 2599
f 2074 2599 2072
f 2072 2599 2597
f 2072 2597 2070
f 2070 2597 2595
f 2070 2595 2068
f 2068 2595 2593
f 2068 2593 1975
f 1975 2593 2500
f 1975 2500 1971
f 1971 2500 2496
f 1971 2496 1873
f 1873 2496 2397
f 1873 2397 1874
f 1874 2397 2399
f 1874 2399 1872
f 1872 2399 2398
f 1872 2398 1876
f 1876 2398 2401
f 1876 2401 1875
f 1875 2401 2400
f 1875 2400 1878
f 1878 2400 2403
f 1878 2403 1877
f 1877 2403 2402
f 1877 2402 1880
f 1880 2402 2405
f 1880 2405 1879
f 1879 2405 2404
f 1879 2404 1882
f 1882 2404 2407
f 1882 2407 1881
f 1881 2407 2406
f 1881 2406 1884
f 1884 2406 2409
f 1884 2409 1883
f 1883 2409 2408
f 1883 2408 1886
f 1886 2408 2411
f 1886 2411 1885
f 1885 2411 2410
f 1885 2410 1888
f 1888 2410 2413
f 1888 2413 1887
f 1887 2413 2412
f 1887 2412 1890
f 1890 2412 2415
f 1890 2415 1889
f 1889 2415 2414
f 1889 2414 1892
f 1892 2414 2417
f 1892 2417 1891
f 1891 2417 2416
f 1891 2416 1894
f 1894 2416 2419
f 1894 2419 1893
f 1893 2419 2418
f 1893 2418 1896
f 1896 2418 2421
f 1896 2421 1895
f 1895 2421 2420
f 1895 2420 1898
f 1898 2420 2423
f 1898 2423 1897
f 1897 2423 2422
f 1897 2422 1900
f 1900 2422 2425
f 1900 2425 1899
f 1899 2425 2424
f 1899 2424 1902
f 1902 2424 2427
f 1902 2427 1901
f 1901 2427 2426
f 1901 2426 1904
f 1904 2426 2429
f 1904 2429 1903
f 1903 2429 2428
f 1903 2428 1906
f 1906 2428 2431
f 1906 2431 1905
f 1905 2431 2430
f 1905 2430 1908
f 1908 2430 2433
f 1908 2433 1907
f 1907 2433 2432
f 1907 2432 1910
f 1910 2432 2435
f 1910 2435 1909
f 1909 2435 2434
f 1909 2434 1912
f 1912 2434 2437
f 1912 2437 1911
f 1911 2437 2436
f 1911 2436 1914
f 1914 2436 2439
f 1914 2439 1913
f 1913 2439 2438
f 1913 2438 1916
f 1916 2438 2441
f 1916 2441 1915
f 1915 2441 2440
f 1915 2440 1918
f 1918 2440 2443
f 1918 2443 1917
f 1917 2443 2442
f 1917 2442 1920
f 1920 2442 2445
f 1920 2445 1919
f 1919 2445 2444
f 1919 2444 1922
f 1922 2444 2447
f 1922 2447 1921
f 1921 2447 2446
f 1921 2446 1958
f 1958 2446 2483
f 1958 2483 1981
f 1981 2483 2506
f 1981 2506 1924
f 1924 2506 2448
f 1924 2448 1925
f 1925 2448 2450
f 1925 2450 1923
f 1923 2450 2449
f 1923 2449 1927
f 1927 2449 2452
f 1927 2452 1926
f 1926 2452 2451
f 1926 2451 1929
f 1929 2451 2454
f 1929 2454 1928
f 1928 2454 2453
f 1928 2453 1931
f 1931 2453 2456
f 1931 2456 1930
f 1930 2456 2455
f 1930 2455 1933
f 1933 2455 2458
f 1933 2458 1932
f 1932 2458 2457
f 1932 2457 1935
f 1935 2457 2460
f 1935 2460 1934
f 1934 2460 2459
f 1934 2459 1937
f 1937 2459 2462
f 1937 2462 1936
f 1936 2462 2461
f 1936 2461 1939
f 1939 2461 2464
f 1939 2464 1938
f 1938 2464 2463
f 1938 2463 1963
f 1963 2463 2488
f 1963 2488 1967
f 1967 2488 2492
f 1967 2492 1972
f 1972 2492 2497
f 1972 2497 1976
f 1976 2497 2501
f 1976 2501 1982
f 1982 2501 2507
f 1982 2507 1988
f 1988 2507 2513
f 1988 2513 1991
f 1991 2513 2516
f 1991 2516 1995
f 1995 2516 2520
f 1995 2520 1999
f 1999 2520 2524
f 1999 2524 2003
f 2003 2524 2528
f 2003 2528 2008
f 2008 2528 2533
f 2008 2533 2013
f 2013 2533 2538
f 2013 2538 2018
f 2018 2538 2543
f 2018 2543 2021
f 2021 2543 2546
f 2021 2546 2025
f 2025 2546 2550
f 2025 2550 2030
f 2030 2550 2555
f 2030 2555 2035
f 2035 2555 2560
f 2035 2560 2039
f 2039 2560 2564
f 2039 2564 2043
f 2043 2564 2568
f 2043 2568 2048
f 2048 2568 2573
f 2048 2573 2053
f 2053 2573 2578
f 2053 2578 2049
f 2049 2578 2574
f 2049 2574 2044
f 2044 2574 2569
f 2044 2569 2040
f 2040 2569 2565
f 2040 2565 2036
f 2036 2565 2561
f 2036 2561 2031
f 2031 2561 2556
f 2031 2556 2026
f 2026 2556 2551
f 2026 2551 2022
f 2022 2551 2547
f 2022 2547 2014
f 2014 2547 2539
f 2014 2539 2009
f 2009 2539 2534
f 2009 2534 2004
f 2004 2534 2529
f 2004 2529 2000
f 2000 2529 2525
f 2000 2525 1996
f 1996 2525 2521
f 1996 2521 1992
f 1992 2521 2517
f 1992 2517 1983
f 1983 2517 2508
f 1983 2508 1977
f 1977 2508 2502
f 1977 2502 1948
f 1948 2502 2473
f 1948 2473 1940
f 1940 2473 2465
f 1940 2465 1941
f 1941 2465 2466
f 1941 2466 1562
f 1562 2466 2086
f 1562 2086 1563
f 1563 2086 2088
f 1563 2088 1561
f 1561 2088 2087
o 
v 26.24 0 -83.13
v 26.36 0 -82.7
v 26.24 0 -82.98
v 26.91 0 -83.25
v 26.63 0 -83.13
v 26.63 0 -83.25
v 27.946 0 -82.862
v 27.58 0 -82.98
v 27.763 0 -82.922
v 28.309 0 -82.738
v 28.128 0 -82.801
v 28.67 0 -82.608
v 28.49 0 -82.674
v 29.029 0 -82.472
v 28.85 0 -82.541
v 29.386 0 -82.329
v 29.208 0 -82.401
v 29.74 0 -82.18
v 29.563 0 -82.255
v 30.448 0 -81.832
v 30.096 0 -82.011
v 31.137 0 -81.449
v 30.795 0 -81.645
v 31.807 0 -81.033
v 31.475 0 -81.245
v 32.455 0 -80.583
v 32.134 0 -80.812
v 33.08 0 -80.102
v 32.771 0 -80.346
v 33.68 0 -79.59
v 33.383 0 -79.85
v 34.424 0 -78.896
v 34.058 0 -79.25
v 35.116 0 -78.151
v 34.776 0 -78.53
v 35.754 0 -77.359
v 35.442 0 -77.761
v 36.334 0 -76.523
v 36.052 0 -76.946
v 36.854 0 -75.649
v 36.602 0 -76.091
v 37.31 0 -74.74
v 37.09 0 -75.199
v 37.654 0 -73.762
v 37.489 0 -74.253
v 37.943 0 -72.767
v 37.805 0 -73.266
v 38.175 0 -71.756
v 38.066 0 -72.263
v 38.351 0 -70.735
v 38.27 0 -71.247
v 38.47 0 -69.705
v 38.418 0 -70.221
v 38.53 0 -68.67
v 38.507 0 -69.188
v 38.467 0 -65.995
v 38.53 0 -66.35
v 38.307 0 -65.292
v 38.393 0 -65.642
v 38.1 0 -64.601
v 38.209 0 -64.945
v 37.848 0 -63.925
v 37.98 0 -64.261
v 37.553 0 -63.267
v 37.706 0 -63.593
v 37.215 0 -62.63
v 37.389 0 -62.946
v 36.824 0 -62.024
v 37.03 0 -62.32
v 36.396 0 -61.444
v 36.613 0 -61.732
v 35.945 0 -60.881
v 36.173 0 -61.16
v 35.472 0 -60.337
v 35.711 0 -60.607
v 34.978 0 -59.811
v 35.228 0 -60.071
v 34.464 0 -59.305
v 34.724 0 -59.556
v 33.726 0 -58.708
v 34.2 0 -59.06
v 32.774 0 -58.011
v 33.251 0 -58.358
v 31.814 0 -57.325
v 32.295 0 -57.667
v 30.847 0 -56.648
v 31.332 0 -56.985
v 29.874 0 -55.981
v 30.361 0 -56.313
v 28.893 0 -55.324
v 29.384 0 -55.651
v 27.18 0 -54.33
v 28.4 0 -55
v 25.547 0 -53.312
v 25.96 0 -53.54
v 20.935 0 -50.21
v 21.604 0 -50.719
v 21.23 0 -50.43
v 17.602 0 -47.003
v 18.242 0 -47.717
v 18 0 -47.44
v 14.629 0 -41.003
v 14.866 0 -41.816
v 14.73 0 -41.24
v 14.34 0 -39.75
v 14.491 0 -39.925
v 14.49 0 -39.75
v 13.79 0 -39.6
v 14.34 0 -39.6
v 13.241 0 -42.072
v 13.39 0 -41.49
v 13.314 0 -41.781
v 13.107 0 -42.658
v 13.173 0 -42.365
v 12.988 0 -43.247
v 13.046 0 -42.952
v 12.884 0 -43.839
v 12.934 0 -43.543
v 12.794 0 -44.434
v 12.837 0 -44.136
v 12.72 0 -45.03
v 12.755 0 -44.732
v 12.634 0 -45.932
v 12.67 0 -45.48
v 12.601 0 -46.837
v 12.611 0 -46.384
v 12.621 0 -47.742
v 12.604 0 -47.29
v 12.695 0 -48.645
v 12.651 0 -48.194
v 12.821 0 -49.542
v 12.751 0 -49.095
v 13 0 -50.43
v 12.904 0 -49.987
v 13.247 0 -51.284
v 13.118 0 -50.859
v 13.541 0 -52.122
v 13.389 0 -51.705
v 13.88 0 -52.944
v 13.705 0 -52.536
v 14.264 0 -53.746
v 14.067 0 -53.347
v 14.691 0 -54.525
v 14.472 0 -54.138
v 15.16 0 -55.28
v 14.92 0 -54.906
v 15.681 0 -55.986
v 15.419 0 -55.635
v 16.218 0 -56.68
v 15.948 0 -56.335
v 16.771 0 -57.362
v 16.493 0 -57.023
v 17.339 0 -58.031
v 17.053 0 -57.698
v 17.922 0 -58.687
v 17.629 0 -58.361
v 18.52 0 -59.33
v 18.219 0 -59.01
v 21.23 0 -61.78
v 19.89 0 -60.68
v 25.206 0 -65.91
v 24.834 0 -65.441
v 25.02 0 -65.68
v 26.91 0 -81.09
v 25.136 0 -53.077
v 15.028 0 -42.385
v 14.499 0 -40.163
v 13.79 0 -39.75
v 24.73 0 -52.838
v 14.52 0 -40.439
v 27.066 0 -80.517
v 24.326 0 -52.592
v 14.561 0 -40.727
v 27.21 0 -79.942
v 22.57 0 -63
v 27.342 0 -79.363
v 27.463 0 -78.782
v 23.926 0 -52.341
v 22.791 0 -63.207
v 23.53 0 -52.084
v 15.217 0 -42.945
v 23.009 0 -63.417
v 27.571 0 -78.199
v 23.137 0 -51.822
v 15.431 0 -43.497
v 23.224 0 -63.631
v 27.668 0 -77.613
v 22.748 0 -51.554
v 15.67 0 -44.038
v 23.437 0 -63.847
v 27.754 0 -77.026
v 22.363 0 -51.281
v 15.934 0 -44.567
v 23.646 0 -64.066
v 27.827 0 -76.437
v 21.981 0 -51.003
v 16.222 0 -45.084
v 23.852 0 -64.288
v 27.888 0 -75.847
v 16.533 0 -45.587
v 24.055 0 -64.513
v 27.937 0 -75.255
v 16.867 0 -46.075
v 24.254 0 -64.741
v 27.975 0 -74.663
v 17.224 0 -46.547
v 24.451 0 -64.972
v 28 0 -74.07
v 24.644 0 -65.205
v 27.987 0 -73.608
v 27.96 0 -73.148
v 18.489 0 -47.989
v 27.918 0 -72.688
v 18.741 0 -48.257
v 25.386 0 -66.144
v 27.862 0 -72.229
v 18.998 0 -48.519
v 25.562 0 -66.381
v 27.792 0 -71.773
v 19.26 0 -48.777
v 25.733 0 -66.622
v 27.707 0 -71.319
v 19.528 0 -49.029
v 25.899 0 -66.867
v 27.609 0 -70.868
v 19.8 0 -49.276
v 26.059 0 -67.115
v 27.497 0 -70.42
v 20.077 0 -49.518
v 26.215 0 -67.367
v 27.37 0 -69.976
v 20.358 0 -49.754
v 26.365 0 -67.621
v 27.231 0 -69.536
v 20.645 0 -49.985
v 27.077 0 -69.1
v 26.91 0 -68.67
v 26.782 0 -68.404
v 26.648 0 -68.14
v 26.509 0 -67.879
v 26.36 10 -82.7
v 26.24 10 -83.13
v 26.24 10 -82.98
v 26.63 10 -83.13
v 26.91 10 -83.25
v 26.63 10 -83.25
v 27.58 10 -82.98
v 27.946 10 -82.862
v 27.763 10 -82.922
v 28.309 10 -82.738
v 28.128 10 -82.801
v 28.67 10 -82.608
v 28.49 10 -82.674
v 29.029 10 -82.472
v 28.85 10 -82.541
v 29.386 10 -82.329
v 29.208 10 -82.401
v 29.74 10 -82.18
v 29.563 10 -82.255
v 30.448 10 -81.832
v 30.096 10 -82.011
v 31.137 10 -81.449
v 30.795 10 -81.645
v 31.807 10 -81.033
v 31.475 10 -81.245
v 32.455 10 -80.583
v 32.134 10 -80.812
v 33.08 10 -80.102
v 32.771 10 -80.346
v 33.68 10 -79.59
v 33.383 10 -79.85
v 34.424 10 -78.896
v 34.058 10 -79.25
v 35.116 10 -78.151
v 34.776 10 -78.53
v 35.754 10 -77.359
v 35.442 10 -77.761
v 36.334 10 -76.523
v 36.052 10 -76.946
v 36.854 10 -75.649
v 36.602 10 -76.091
v 37.31 10 -74.74
v 37.09 10 -75.199
v 37.654 10 -73.762
v 37.489 10 -74.253
v 37.943 10 -72.767
v 37.805 10 -73.266
v 38.175 10 -71.756
v 38.066 10 -72.263
v 38.351 10 -70.735
v 38.27 10 -71.247
v 38.47 10 -69.705
v 38.418 10 -70.221
v 38.53 10 -68.67
v 38.507 10 -69.188
v 38.467 10 -65.995
v 38.53 10 -66.35
v 38.307 10 -65.292
v 38.393 10 -65.642
v 38.1 10 -64.601
v 38.209 10 -64.945
v 37.848 10 -63.925
v 37.98 10 -64.261
v 37.553 10 -63.267
v 37.706 10 -63.593
v 37.215 10 -62.63
v 37.389 10 -62.946
v 36.824 10 -62.024
v 37.03 10 -62.32
v 36.396 10 -61.444
v 36.613 10 -61.732
v 35.945 10 -60.881
v 36.173 10 -61.16
v 35.472 10 -60.337
v 35.711 10 -60.607
v 34.978 10 -59.811
v 35.228 10 -60.071
v 34.464 10 -59.305
v 34.724 10 -59.556
v 33.726 10 -58.708
v 34.2 10 -59.06
v 32.774 10 -58.011
v 33.251 10 -58.358
v 31.814 10 -57.325
v 32.295 10 -57.667
v 30.847 10 -56.648
v 31.332 10 -56.985
v 29.874 10 -55.981
v 30.361 10 -56.313
v 28.893 10 -55.324
v 29.384 10 -55.651
v 27.18 10 -54.33
v 28.4 10 -55
v 25.547 10 -53.312
v 25.96 10 -53.54
v 21.604 10 -50.719
v 20.935 10 -50.21
v 21.23 10 -50.43
v 18.242 10 -47.717
v 17.602 10 -47.003
v 18 10 -47.44
v 14.866 10 -41.816
v 14.629 10 -41.003
v 14.73 10 -41.24
v 14.491 10 -39.925
v 14.34 10 -39.75
v 14.49 10 -39.75
v 13.79 10 -39.6
v 14.34 10 -39.6
v 13.39 10 -41.49
v 13.241 10 -42.072
v 13.314 10 -41.781
v 13.107 10 -42.658
v 13.173 10 -42.365
v 12.988 10 -43.247
v 13.046 10 -42.952
v 12.884 10 -43.839
v 12.934 10 -43.543
v 12.794 10 -44.434
v 12.837 10 -44.136
v 12.72 10 -45.03
v 12.755 10 -44.732
v 12.634 10 -45.932
v 12.67 10 -45.48
v 12.601 10 -46.837
v 12.611 10 -46.384
v 12.621 10 -47.742
v 12.604 10 -47.29
v 12.695 10 -48.645
v 12.651 10 -48.194
v 12.821 10 -49.542
v 12.751 10 -49.095
v 13 10 -50.43
v 12.904 10 -49.987
v 13.247 10 -51.284
v 13.118 10 -50.859
v 13.541 10 -52.122
v 13.389 10 -51.705
v 13.88 10 -52.944
v 13.705 10 -52.536
v 14.264 10 -53.746
v 14.067 10 -53.347
v 14.691 10 -54.525
v 14.472 10 -54.138
v 15.16 10 -55.28
v 14.92 10 -54.906
v 15.681 10 -55.986
v 15.419 10 -55.635
v 16.218 10 -56.68
v 15.948 10 -56.335
v 16.771 10 -57.362
v 16.493 10 -57.023
v 17.339 10 -58.031
v 17.053 10 -57.698
v 17.922 10 -58.687
v 17.629 10 -58.361
v 18.52 10 -59.33
v 18.219 10 -59.01
v 21.23 10 -61.78
v 19.89 10 -60.68
v 24.834 10 -65.441
v 25.206 10 -65.91
v 25.02 10 -65.68
v 26.91 10 -81.09
v 25.136 10 -53.077
v 15.028 10 -42.385
v 14.499 10 -40.163
v 13.79 10 -39.75
v 24.73 10 -52.838
v 14.52 10 -40.439
v 27.066 10 -80.517
v 24.326 10 -52.592
v 14.561 10 -40.727
v 27.21 10 -79.942
v 22.57 10 -63
v 27.342 10 -79.363
v 27.463 10 -78.782
v 23.926 10 -52.341
v 22.791 10 -63.207
v 23.53 10 -52.084
v 15.217 10 -42.945
v 23.009 10 -63.417
v 27.571 10 -78.199
v 23.137 10 -51.822
v 15.431 10 -43.497
v 23.224 10 -63.631
v 27.668 10 -77.613
v 22.748 10 -51.554
v 15.67 10 -44.038
v 23.437 10 -63.847
v 27.754 10 -77.026
v 22.363 10 -51.281
v 15.934 10 -44.567
v 23.646 10 -64.066
v 27.827 10 -76.437
v 21.981 10 -51.003
v 16.222 10 -45.084
v 23.852 10 -64.288
v 27.888 10 -75.847
v 16.533 10 -45.587
v 24.055 10 -64.513
v 27.937 10 -75.255
v 16.867 10 -46.075
v 24.254 10 -64.741
v 27.975 10 -74.663
v 17.224 10 -46.547
v 24.451 10 -64.972
v 28 10 -74.07
v 24.644 10 -65.205
v 27.987 10 -73.608
v 27.96 10 -73.148
v 18.489 10 -47.989
v 27.918 10 -72.688
v 18.741 10 -48.257
v 25.386 10 -66.144
v 27.862 10 -72.229
v 18.998 10 -48.519
v 25.562 10 -66.381
v 27.792 10 -71.773
v 19.26 10 -48.777
v 25.733 10 -66.622
v 27.707 10 -71.319
v 19.528 10 -49.029
v 25.899 10 -66.867
v 27.609 10 -70.868
v 19.8 10 -49.276
v 26.059 10 -67.115
v 27.497 10 -70.42
v 20.077 10 -49.518
v 26.215 10 -67.367
v 27.37 10 -69.976
v 20.358 10 -49.754
v 26.365 10 -67.621
v 27.231 10 -69.536
v 20.645 10 -49.985
v 27.077 10 -69.1
v 26.91 10 -68.67
v 26.782 10 -68.404
v 26.648 10 -68.14
v 26.509 10 -67.879
f 2611 2612 2613
f 2614 2615 2616
f 2617 2618 2619
f 2620 2617 2621
f 2622 2620 2623
f 2624 2622 2625
f 2626 2624 2627
f 2628 2626 2629
f 2630 2628 2631
f 2632 2630 2633
f 2634 2632 2635
f 2636 2634 2637
f 2638 2636 2639
f 2640 2638 2641
f 2642 2640 2643
f 2644 2642 2645
f 2646 2644 2647
f 2648 2646 2649
f 2650 2648 2651
f 2652 2650 2653
f 2654 2652 2655
f 2656 2654 2657
f 2658 2656 2659
f 2660 2658 2661
f 2662 2660 2663
f 2664 2662 2665
f 2666 2664 2667
f 2668 2666 2669
f 2670 2668 2671
f 2672 2670 2673
f 2674 2672 2675
f 2676 2674 2677
f 2678 2676 2679
f 2680 2678 2681
f 2682 2680 2683
f 2684 2682 2685
f 2686 2684 2687
f 2688 2686 2689
f 2690 2688 2691
f 2692 2690 2693
f 2694 2692 2695
f 2696 2694 2697
f 2698 2696 2699
f 2700 2698 2701
f 2702 2700 2703
f 2704 2702 2705
f 2706 2707 2708
f 2709 2710 2711
f 2712 2713 2714
f 2715 2716 2717
f 2718 2715 2719
f 2720 2721 2722
f 2723 2720 2724
f 2725 2723 2726
f 2727 2725 2728
f 2729 2727 2730
f 2731 2729 2732
f 2733 2731 2734
f 2735 2733 2736
f 2737 2735 2738
f 2739 2737 2740
f 2741 2739 2742
f 2743 2741 2744
f 2745 2743 2746
f 2747 2745 2748
f 2749 2747 2750
f 2751 2749 2752
f 2753 2751 2754
f 2755 2753 2756
f 2757 2755 2758
f 2759 2757 2760
f 2761 2759 2762
f 2763 2761 2764
f 2765 2763 2766
f 2767 2765 2768
f 2769 2767 2770
f 2771 2772 2773
f 2611 2774 2612
f 2618 2615 2614
f 2620 2618 2617
f 2624 2620 2622
f 2628 2624 2626
f 2632 2628 2630
f 2636 2632 2634
f 2640 2636 2638
f 2644 2640 2642
f 2648 2644 2646
f 2652 2648 2650
f 2656 2652 2654
f 2660 2656 2658
f 2664 2660 2662
f 2668 2664 2666
f 2672 2668 2670
f 2676 2672 2674
f 2680 2676 2678
f 2684 2680 2682
f 2688 2684 2686
f 2692 2688 2690
f 2696 2692 2694
f 2700 2696 2698
f 2775 2702 2704
f 2712 2776 2713
f 2715 2777 2716
f 2778 2715 2718
f 2723 2721 2720
f 2727 2723 2725
f 2731 2727 2729
f 2735 2731 2733
f 2739 2735 2737
f 2743 2739 2741
f 2747 2743 2745
f 2751 2747 2749
f 2755 2751 2753
f 2759 2755 2757
f 2763 2759 2761
f 2767 2763 2765
f 2615 2774 2611
f 2620 2615 2618
f 2628 2620 2624
f 2636 2628 2632
f 2644 2636 2640
f 2652 2644 2648
f 2660 2652 2656
f 2668 2660 2664
f 2676 2668 2672
f 2684 2676 2680
f 2692 2684 2688
f 2700 2692 2696
f 2779 2702 2775
f 2715 2780 2777
f 2721 2715 2778
f 2727 2721 2723
f 2735 2727 2731
f 2743 2735 2739
f 2751 2743 2747
f 2759 2751 2755
f 2767 2759 2763
f 2615 2781 2774
f 2628 2615 2620
f 2644 2628 2636
f 2660 2644 2652
f 2676 2660 2668
f 2692 2676 2684
f 2702 2692 2700
f 2782 2702 2779
f 2715 2783 2780
f 2727 2715 2721
f 2743 2727 2735
f 2759 2743 2751
f 2769 2759 2767
f 2615 2784 2781
f 2644 2615 2628
f 2676 2644 2660
f 2702 2676 2692
f 2727 2783 2715
f 2759 2727 2743
f 2785 2759 2769
f 2615 2786 2784
f 2676 2615 2644
f 2782 2676 2702
f 2727 2712 2783
f 2785 2727 2759
f 2615 2787 2786
f 2788 2676 2782
f 2727 2776 2712
f 2789 2727 2785
f 2676 2787 2615
f 2790 2676 2788
f 2727 2791 2776
f 2792 2727 2789
f 2676 2793 2787
f 2794 2676 2790
f 2727 2795 2791
f 2796 2727 2792
f 2676 2797 2793
f 2798 2676 2794
f 2727 2799 2795
f 2800 2727 2796
f 2676 2801 2797
f 2802 2676 2798
f 2727 2803 2799
f 2804 2727 2800
f 2676 2805 2801
f 2806 2676 2802
f 2727 2807 2803
f 2808 2727 2804
f 2676 2809 2805
f 2707 2676 2806
f 2727 2810 2807
f 2811 2727 2808
f 2676 2812 2809
f 2706 2676 2707
f 2727 2813 2810
f 2814 2727 2811
f 2676 2815 2812
f 2727 2816 2813
f 2817 2727 2814
f 2676 2818 2815
f 2727 2709 2816
f 2819 2727 2817
f 2676 2820 2818
f 2727 2710 2709
f 2772 2727 2819
f 2676 2821 2820
f 2727 2822 2710
f 2771 2727 2772
f 2676 2823 2821
f 2727 2824 2822
f 2825 2727 2771
f 2676 2826 2823
f 2727 2827 2824
f 2828 2727 2825
f 2676 2829 2826
f 2727 2830 2827
f 2831 2727 2828
f 2676 2832 2829
f 2727 2833 2830
f 2834 2727 2831
f 2676 2835 2832
f 2727 2836 2833
f 2837 2727 2834
f 2676 2838 2835
f 2727 2839 2836
f 2840 2727 2837
f 2676 2841 2838
f 2727 2842 2839
f 2843 2727 2840
f 2676 2844 2841
f 2727 2845 2842
f 2676 2846 2844
f 2843 2845 2727
f 2676 2847 2846
f 2843 2706 2845
f 2676 2848 2847
f 2843 2676 2706
f 2676 2849 2848
f 2850 2676 2843
f 2676 2850 2849
f 2851 2852 2853
f 2854 2855 2856
f 2857 2858 2859
f 2858 2860 2861
f 2860 2862 2863
f 2862 2864 2865
f 2864 2866 2867
f 2866 2868 2869
f 2868 2870 2871
f 2870 2872 2873
f 2872 2874 2875
f 2874 2876 2877
f 2876 2878 2879
f 2878 2880 2881
f 2880 2882 2883
f 2882 2884 2885
f 2884 2886 2887
f 2886 2888 2889
f 2888 2890 2891
f 2890 2892 2893
f 2892 2894 2895
f 2894 2896 2897
f 2896 2898 2899
f 2898 2900 2901
f 2900 2902 2903
f 2902 2904 2905
f 2904 2906 2907
f 2906 2908 2909
f 2908 2910 2911
f 2910 2912 2913
f 2912 2914 2915
f 2914 2916 2917
f 2916 2918 2919
f 2918 2920 2921
f 2920 2922 2923
f 2922 2924 2925
f 2924 2926 2927
f 2926 2928 2929
f 2928 2930 2931
f 2930 2932 2933
f 2932 2934 2935
f 2934 2936 2937
f 2936 2938 2939
f 2938 2940 2941
f 2940 2942 2943
f 2942 2944 2945
f 2946 2947 2948
f 2949 2950 2951
f 2952 2953 2954
f 2955 2956 2957
f 2956 2958 2959
f 2960 2961 2962
f 2961 2963 2964
f 2963 2965 2966
f 2965 2967 2968
f 2967 2969 2970
f 2969 2971 2972
f 2971 2973 2974
f 2973 2975 2976
f 2975 2977 2978
f 2977 2979 2980
f 2979 2981 2982
f 2981 2983 2984
f 2983 2985 2986
f 2985 2987 2988
f 2987 2989 2990
f 2989 2991 2992
f 2991 2993 2994
f 2993 2995 2996
f 2995 2997 2998
f 2997 2999 3000
f 2999 3001 3002
f 3001 3003 3004
f 3003 3005 3006
f 3005 3007 3008
f 3007 3009 3010
f 3011 3012 3013
f 3014 2852 2851
f 2854 2857 2855
f 2857 2860 2858
f 2860 2864 2862
f 2864 2868 2866
f 2868 2872 2870
f 2872 2876 2874
f 2876 2880 2878
f 2880 2884 2882
f 2884 2888 2886
f 2888 2892 2890
f 2892 2896 2894
f 2896 2900 2898
f 2900 2904 2902
f 2904 2908 2906
f 2908 2912 2910
f 2912 2916 2914
f 2916 2920 2918
f 2920 2924 2922
f 2924 2928 2926
f 2928 2932 2930
f 2932 2936 2934
f 2936 2940 2938
f 2942 3015 2944
f 3016 2953 2952
f 3017 2956 2955
f 2956 3018 2958
f 2960 2963 2961
f 2963 2967 2965
f 2967 2971 2969
f 2971 2975 2973
f 2975 2979 2977
f 2979 2983 2981
f 2983 2987 2985
f 2987 2991 2989
f 2991 2995 2993
f 2995 2999 2997
f 2999 3003 3001
f 3003 3007 3005
f 3014 2854 2852
f 2854 2860 2857
f 2860 2868 2864
f 2868 2876 2872
f 2876 2884 2880
f 2884 2892 2888
f 2892 2900 2896
f 2900 2908 2904
f 2908 2916 2912
f 2916 2924 2920
f 2924 2932 2928
f 2932 2940 2936
f 2942 3019 3015
f 3020 2956 3017
f 2956 2960 3018
f 2960 2967 2963
f 2967 2975 2971
f 2975 2983 2979
f 2983 2991 2987
f 2991 2999 2995
f 2999 3007 3003
f 3021 2854 3014
f 2854 2868 2860
f 2868 2884 2876
f 2884 2900 2892
f 2900 2916 2908
f 2916 2932 2924
f 2932 2942 2940
f 2942 3022 3019
f 3023 2956 3020
f 2956 2967 2960
f 2967 2983 2975
f 2983 2999 2991
f 2999 3009 3007
f 3024 2854 3021
f 2854 2884 2868
f 2884 2916 2900
f 2916 2942 2932
f 3023 2967 2956
f 2967 2999 2983
f 2999 3025 3009
f 3026 2854 3024
f 2854 2916 2884
f 2916 3022 2942
f 2953 2967 3023
f 2967 3025 2999
f 3027 2854 3026
f 2916 3028 3022
f 3016 2967 2953
f 2967 3029 3025
f 3027 2916 2854
f 2916 3030 3028
f 3031 2967 3016
f 2967 3032 3029
f 3033 2916 3027
f 2916 3034 3030
f 3035 2967 3031
f 2967 3036 3032
f 3037 2916 3033
f 2916 3038 3034
f 3039 2967 3035
f 2967 3040 3036
f 3041 2916 3037
f 2916 3042 3038
f 3043 2967 3039
f 2967 3044 3040
f 3045 2916 3041
f 2916 3046 3042
f 3047 2967 3043
f 2967 3048 3044
f 3049 2916 3045
f 2916 2946 3046
f 3050 2967 3047
f 2967 3051 3048
f 3052 2916 3049
f 2916 2947 2946
f 3053 2967 3050
f 2967 3054 3051
f 3055 2916 3052
f 3056 2967 3053
f 2967 3057 3054
f 3058 2916 3055
f 2950 2967 3056
f 2967 3059 3057
f 3060 2916 3058
f 2949 2967 2950
f 2967 3011 3059
f 3061 2916 3060
f 3062 2967 2949
f 2967 3012 3011
f 3063 2916 3061
f 3064 2967 3062
f 2967 3065 3012
f 3066 2916 3063
f 3067 2967 3064
f 2967 3068 3065
f 3069 2916 3066
f 3070 2967 3067
f 2967 3071 3068
f 3072 2916 3069
f 3073 2967 3070
f 2967 3074 3071
f 3075 2916 3072
f 3076 2967 3073
f 2967 3077 3074
f 3078 2916 3075
f 3079 2967 3076
f 2967 3080 3077
f 3081 2916 3078
f 3082 2967 3079
f 2967 3083 3080
f 3084 2916 3081
f 3085 2967 3082
f 3086 2916 3084
f 3085 3083 2967
f 3087 2916 3086
f 2947 3083 3085
f 3088 2916 3087
f 2916 3083 2947
f 3089 2916 3088
f 2916 3090 3083
f 3090 2916 3089
f 2613 2853 2611
f 2611 2853 2852
f 2611 2852 2615
f 2615 2852 2854
f 2615 2854 2616
f 2616 2854 2856
f 2616 2856 2614
f 2614 2856 2855
f 2614 2855 2618
f 2618 2855 2857
f 2618 2857 2619
f 2619 2857 2859
f 2619 2859 2617
f 2617 2859 2858
f 2617 2858 2621
f 2621 2858 2861
f 2621 2861 2620
f 2620 2861 2860
f 2620 2860 2623
f 2623 2860 2863
f 2623 2863 2622
f 2622 2863 2862
f 2622 2862 2625
f 2625 2862 2865
f 2625 2865 2624
f 2624 2865 2864
f 2624 2864 2627
f 2627 2864 2867
f 2627 2867 2626
f 2626 2867 2866
f 2626 2866 2629
f 2629 2866 2869
f 2629 2869 2628
f 2628 2869 2868
f 2628 2868 2631
f 2631 2868 2871
f 2631 2871 2630
f 2630 2871 2870
f 2630 2870 2633
f 2633 2870 2873
f 2633 2873 2632
f 2632 2873 2872
f 2632 2872 2635
f 2635 2872 2875
f 2635 2875 2634
f 2634 2875 2874
f 2634 2874 2637
f 2637 2874 2877
f 2637 2877 2636
f 2636 2877 2876
f 2636 2876 2639
f 2639 2876 2879
f 2639 2879 2638
f 2638 2879 2878
f 2638 2878 2641
f 2641 2878 2881
f 2641 2881 2640
f 2640 2881 2880
f 2640 2880 2643
f 2643 2880 2883
f 2643 2883 2642
f 2642 2883 2882
f 2642 2882 2645
f 2645 2882 2885
f 2645 2885 2644
f 2644 2885 2884
f 2644 2884 2647
f 2647 2884 2887
f 2647 2887 2646
f 2646 2887 2886
f 2646 2886 2649
f 2649 2886 2889
f 2649 2889 2648
f 2648 2889 2888
f 2648 2888 2651
f 2651 2888 2891
f 2651 2891 2650
f 2650 2891 2890
f 2650 2890 2653
f 2653 2890 2893
f 2653 2893 2652
f 2652 2893 2892
f 2652 2892 2655
f 2655 2892 2895
f 2655 2895 2654
f 2654 2895 2894
f 2654 2894 2657
f 2657 2894 2897
f 2657 2897 2656
f 2656 2897 2896
f 2656 2896 2659
f 2659 2896 2899
f 2659 2899 2658
f 2658 2899 2898
f 2658 2898 2661
f 2661 2898 2901
f 2661 2901 2660
f 2660 2901 2900
f 2660 2900 2663
f 2663 2900 2903
f 2663 2903 2662
f 2662 2903 2902
f 2662 2902 2665
f 2665 2902 2905
f 2665 2905 2664
f 2664 2905 2904
f 2664 2904 2667
f 2667 2904 2907
f 2667 2907 2666
f 2666 2907 2906
f 2666 2906 2669
f 2669 2906 2909
f 2669 2909 2668
f 2668 2909 2908
f 2668 2908 2671
f 2671 2908 2911
f 2671 2911 2670
f 2670 2911 2910
f 2670 2910 2673
f 2673 2910 2913
f 2673 2913 2672
f 2672 2913 2912
f 2672 2912 2675
f 2675 2912 2915
f 2675 2915 2674
f 2674 2915 2914
f 2674 2914 2677
f 2677 2914 2917
f 2677 2917 2676
f 2676 2917 2916
f 2676 2916 2679
f 2679 2916 2919
f 2679 2919 2678
f 2678 2919 2918
f 2678 2918 2681
f 2681 2918 2921
f 2681 2921 2680
f 2680 2921 2920
f 2680 2920 2683
f 2683 2920 2923
f 2683 2923 2682
f 2682 2923 2922
f 2682 2922 2685
f 2685 2922 2925
f 2685 2925 2684
f 2684 2925 2924
f 2684 2924 2687
f 2687 2924 2927
f 2687 2927 2686
f 2686 2927 2926
f 2686 2926 2689
f 2689 2926 2929
f 2689 2929 2688
f 2688 2929 2928
f 2688 2928 2691
f 2691 2928 2931
f 2691 2931 2690
f 2690 2931 2930
f 2690 2930 2693
f 2693 2930 2933
f 2693 2933 2692
f 2692 2933 2932
f 2692 2932 2695
f 2695 2932 2935
f 2695 2935 2694
f 2694 2935 2934
f 2694 2934 2697
f 2697 2934 2937
f 2697 2937 2696
f 2696 2937 2936
f 2696 2936 2699
f 2699 2936 2939
f 2699 2939 2698
f 2698 2939 2938
f 2698 2938 2701
f 2701 2938 2941
f 2701 2941 2700
f 2700 2941 2940
f 2700 2940 2703
f 2703 2940 2943
f 2703 2943 2702
f 2702 2943 2942
f 2702 2942 2705
f 2705 2942 2945
f 2705 2945 2704
f 2704 2945 2944
f 2704 2944 2775
f 2775 2944 3015
f 2775 3015 2779
f 2779 3015 3019
f 2779 3019 2782
f 2782 3019 3022
f 2782 3022 2788
f 2788 3022 3028
f 2788 3028 2790
f 2790 3028 3030
f 2790 3030 2794
f 2794 3030 3034
f 2794 3034 2798
f 2798 3034 3038
f 2798 3038 2802
f 2802 3038 3042
f 2802 3042 2806
f 2806 3042 3046
f 2806 3046 2707
f 2707 3046 2946
f 2707 2946 2708
f 2708 2946 2948
f 2708 2948 2706
f 2706 2948 2947
f 2706 2947 2845
f 2845 2947 3085
f 2845 3085 2842
f 2842 3085 3082
f 2842 3082 2839
f 2839 3082 3079
f 2839 3079 2836
f 2836 3079 3076
f 2836 3076 2833
f 2833 3076 3073
f 2833 3073 2830
f 2830 3073 3070
f 2830 3070 2827
f 2827 3070 3067
f 2827 3067 2824
f 2824 3067 3064
f 2824 3064 2822
f 2822 3064 3062
f 2822 3062 2710
f 2710 3062 2949
f 2710 2949 2711
f 2711 2949 2951
f 2711 2951 2709
f 2709 2951 2950
f 2709 2950 2816
f 2816 2950 3056
f 2816 3056 2813
f 2813 3056 3053
f 2813 3053 2810
f 2810 3053 3050
f 2810 3050 2807
f 2807 3050 3047
f 2807 3047 2803
f 2803 3047 3043
f 2803 3043 2799
f 2799 3043 3039
f 2799 3039 2795
f 2795 3039 3035
f 2795 3035 2791
f 2791 3035 3031
f 2791 3031 2776
f 2776 3031 3016
f 2776 3016 2713
f 2713 3016 2952
f 2713 2952 2714
f 2714 2952 2954
f 2714 2954 2712
f 2712 2954 2953
f 2712 2953 2783
f 2783 2953 3023
f 2783 3023 2780
f 2780 3023 3020
f 2780 3020 2777
f 2777 3020 3017
f 2777 3017 2716
f 2716 3017 2955
f 2716 2955 2717
f 2717 2955 2957
f 2717 2957 2715
f 2715 2957 2956
f 2715 2956 2719
f 2719 2956 2959
f 2719 2959 2718
f 2718 2959 2958
f 2718 2958 2778
f 2778 2958 3018
f 2778 3018 2721
f 2721 3018 2960
f 2721 2960 2722
f 2722 2960 2962
f 2722 2962 2720
f 2720 2962 2961
f 2720 2961 2724
f 2724 2961 2964
f 2724 2964 2723
f 2723 2964 2963
f 2723 2963 2726
f 2726 2963 2966
f 2726 2966 2725
f 2725 2966 2965
f 2725 2965 2728
f 2728 2965 2968
f 2728 2968 2727
f 2727 2968 2967
f 2727 2967 2730
f 2730 2967 2970
f 2730 2970 2729
f 2729 2970 2969
f 2729 2969 2732
f 2732 2969 2972
f 2732 2972 2731
f 2731 2972 2971
f 2731 2971 2734
f 2734 2971 2974
f 2734 2974 2733
f 2733 2974 2973
f 2733 2973 2736
f 2736 2973 2976
f 2736 2976 2735
f 2735 2976 2975
f 2735 2975 2738
f 2738 2975 2978
f 2738 2978 2737
f 2737 2978 2977
f 2737 2977 2740
f 2740 2977 2980
f 2740 2980 2739
f 2739 2980 2979
f 2739 2979 2742
f 2742 2979 2982
f 2742 2982 2741
f 2741 2982 2981
f 2741 2981 2744
f 2744 2981 2984
f 2744 2984 2743
f 2743 2984 2983
f 2743 2983 2746
f 2746 2983 2986
f 2746 2986 2745
f 2745 2986 2985
f 2745 2985 2748
f 2748 2985 2988
f 2748 2988 2747
f 2747 2988 2987
f 2747 2987 2750
f 2750 2987 2990
f 2750 2990 2749
f 2749 2990 2989
f 2749 2989 2752
f 2752 2989 2992
f 2752 2992 2751
f 2751 2992 2991
f 2751 2991 2754
f 2754 2991 2994
f 2754 2994 2753
f 2753 2994 2993
f 2753 2993 2756
f 2756 2993 2996
f 2756 2996 2755
f 2755 2996 2995
f 2755 2995 2758
f 2758 2995 2998
f 2758 2998 2757
f 2757 2998 2997
f 2757 2997 2760
f 2760 2997 3000
f 2760 3000 2759
f 2759 3000 2999
f 2759 2999 2762
f 2762 2999 3002
f 2762 3002 2761
f 2761 3002 3001
f 2761 3001 2764
f 2764 3001 3004
f 2764 3004 2763
f 2763 3004 3003
f 2763 3003 2766
f 2766 3003 3006
f 2766 3006 2765
f 2765 3006 3005
f 2765 3005 2768
f 2768 3005 3008
f 2768 3008 2767
f 2767 3008 3007
f 2767 3007 2770
f 2770 3007 3010
f 2770 3010 2769
f 2769 3010 3009
f 2769 3009 2785
f 2785 3009 3025
f 2785 3025 2789
f 2789 3025 3029
f 2789 3029 2792
f 2792 3029 3032
f 2792 3032 2796
f 2796 3032 3036
f 2796 3036 2800
f 2800 3036 3040
f 2800 3040 2804
f 2804 3040 3044
f 2804 3044 2808
f 2808 3044 3048
f 2808 3048 2811
f 2811 3048 3051
f 2811 3051 2814
f 2814 3051 3054
f 2814 3054 2817
f 2817 3054 3057
f 2817 3057 2819
f 2819 3057 3059
f 2819 3059 2772
f 2772 3059 3011
f 2772 3011 2773
f 2773 3011 3013
f 2773 3013 2771
f 2771 3013 3012
f 2771 3012 2825
f 2825 3012 3065
f 2825 3065 2828
f 2828 3065 3068
f 2828 3068 2831
f 2831 3068 3071
f 2831 3071 2834
f 2834 3071 3074
f 2834 3074 2837
f 2837 3074 3077
f 2837 3077 2840
f 2840 3077 3080
f 2840 3080 2843
f 2843 3080 3083
f 2843 3083 2850
f 2850 3083 3090
f 2850 3090 2849
f 2849 3090 3089
f 2849 3089 2848
f 2848 3089 3088
f 2848 3088 2847
f 2847 3088 3087
f 2847 3087 2846
f 2846 3087 3086
f 2846 3086 2844
f 2844 3086 3084
f 2844 3084 2841
f 2841 3084 3081
f 2841 3081 2838
f 2838 3081 3078
f 2838 3078 2835
f 2835 3078 3075
f 2835 3075 2832
f 2832 3075 3072
f 2832 3072 2829
f 2829 3072 3069
f 2829 3069 2826
f 2826 3069 3066
f 2826 3066 2823
f 2823 3066 3063
f 2823 3063 2821
f 2821 3063 3061
f 2821 3061 2820
f 2820 3061 3060
f 2820 3060 2818
f 2818 3060 3058
f 2818 3058 2815
f 2815 3058 3055
f 2815 3055 2812
f 2812 3055 3052
f 2812 3052 2809
f 2809 3052 3049
f 2809 3049 2805
f 2805 3049 3045
f 2805 3045 2801
f 2801 3045 3041
f 2801 3041 2797
f 2797 3041 3037
f 2797 3037 2793
f 2793 3037 3033
f 2793 3033 2787
f 2787 3033 3027
f 2787 3027 2786
f 2786 3027 3026
f 2786 3026 2784
f 2784 3026 3024
f 2784 3024 2781
f 2781 3024 3021
f 2781 3021 2774
f 2774 3021 3014
f 2774 3014 2612
f 2612 3014 2851
f 2612 2851 2613
f 2613 2851 2853
